arm,ftst_diff,centre_ns,pct_true,pct_scrambled
A,-4,-397.5,0.034427358274041774,0.0748089990241151
A,-4,-392.5,0.034427358274041774,0.06532616816190333
A,-4,-387.5,0.03825262030449086,0.06497495220404365
A,-4,-382.5,0.034427358274041774,0.06883832774050029
A,-4,-377.5,0.04972840639583812,0.07691629477127328
A,-4,-372.5,0.04207788233493994,0.06462373624618395
A,-4,-367.5,0.026776834213143603,0.07305291923481665
A,-4,-362.5,0.04972840639583812,0.07235048731909724
A,-4,-357.5,0.06502945451763445,0.07235048731909724
A,-4,-352.5,0.08415576466987988,0.07235048731909724
A,-4,-347.5,0.07267997857853263,0.07410656710839572
A,-4,-342.5,0.06120419248718537,0.06954075965621968
A,-4,-337.5,0.06885471654808355,0.08604790967562537
A,-4,-332.5,0.053553668426287206,0.08042845434987024
A,-4,-327.5,0.07267997857853263,0.08675034159134475
A,-4,-322.5,0.06885471654808355,0.07094562348765847
A,-4,-317.5,0.05737893045673629,0.08183331818130901
A,-4,-312.5,0.034427358274041774,0.0846430458441866
A,-4,-307.5,0.06885471654808355,0.09588195649569682
A,-4,-302.5,0.09180628873077806,0.08604790967562537
A,-4,-297.5,0.06502945451763445,0.09588195649569682
A,-4,-292.5,0.09563155076122715,0.08850642138064323
A,-4,-287.5,0.10328207482212533,0.10220384373717134
A,-4,-282.5,0.0803305026394308,0.10466235544218923
A,-4,-277.5,0.08798102670032898,0.10360870756861013
A,-4,-272.5,0.07650524060898171,0.10325749161075044
A,-4,-267.5,0.12240838497437075,0.11028181076794434
A,-4,-262.5,0.09563155076122715,0.11800856184085765
A,-4,-257.5,0.09180628873077806,0.10957937885222495
A,-4,-252.5,0.10328207482212533,0.12327680120875306
A,-4,-247.5,0.10710733685257441,0.13135476823952605
A,-4,-242.5,0.14535995715706526,0.13802787143886028
A,-4,-237.5,0.1377094330961671,0.13170598419738577
A,-4,-232.5,0.17978731543110704,0.130301120365947
A,-4,-227.5,0.17596205340065796,0.14645705442749296
A,-4,-222.5,0.2180399357355979,0.14540340655391384
A,-4,-217.5,0.10328207482212533,0.15593988528970476
A,-4,-212.5,0.16831152933975976,0.16226177253117927
A,-4,-207.5,0.13388417106571798,0.1531301576268272
A,-4,-202.5,0.16448626730931068,0.18473959383419974
A,-4,-197.5,0.1874378394920052,0.17631041084556706
A,-4,-192.5,0.18361257746155613,0.16998852360409256
A,-4,-187.5,0.2180399357355979,0.18403716191848038
A,-4,-182.5,0.27924412822278327,0.1973833683171488
A,-4,-177.5,0.24864203197919058,0.2047589034322024
A,-4,-172.5,0.2907199143141305,0.19351999278069212
A,-4,-167.5,0.27159360416188505,0.21213443854725603
A,-4,-162.5,0.24864203197919058,0.2258318609037841
A,-4,-157.5,0.3021957004054778,0.2426902268810495
A,-4,-152.5,0.30984622446637594,0.2268855087773632
A,-4,-147.5,0.28689465228368144,0.2728947992569833
A,-4,-142.5,0.2907199143141305,0.2630607524369118
A,-4,-137.5,0.355749368831765,0.27851425458273843
A,-4,-132.5,0.40165251319715406,0.2609534566897536
A,-4,-127.5,0.4360798714711958,0.28132398224561594
A,-4,-122.5,0.4819830158365848,0.28553857373993236
A,-4,-117.5,0.47050722974523757,0.31398706632656764
A,-4,-112.5,0.5737893045673629,0.3210113854837615
A,-4,-107.5,0.5737893045673629,0.33365515996671063
A,-4,-102.5,0.5661387805064647,0.347001366365379
A,-4,-97.5,0.5737893045673629,0.3557817653118714
A,-4,-92.5,0.6464692831458955,0.37228891533127706
A,-4,-87.5,0.6120419248718537,0.3743962110784353
A,-4,-82.5,0.6120419248718537,0.42286401326307327
A,-4,-77.5,0.757401882028919,0.4130299664430018
A,-4,-72.5,0.7306250478157754,0.3954691685500169
A,-4,-67.5,0.8836355290337389,0.43445413987244313
A,-4,-62.5,0.8377323846683499,0.46887330374269337
A,-4,-57.5,1.0136944380690076,0.44815156222897123
A,-4,-52.5,1.1475786091347258,0.48432680588851995
A,-4,-47.5,0.9983933899472114,0.5120728665594358
A,-4,-42.5,1.0175197000994567,0.5008339559079256
A,-4,-37.5,1.0175197000994567,0.49380963675073164
A,-4,-32.5,1.1437533471042767,0.5426286548932293
A,-4,-27.5,1.2738122561395455,0.5426286548932293
A,-4,-22.5,1.2699869941090964,0.5408725751039308
A,-4,-17.5,1.2432101598959528,0.5419262229775099
A,-4,-12.5,1.346492234718078,0.5443847346825279
A,-4,-7.5,1.556881646392778,0.5675649879012677
A,-4,-2.5,1.8169994644633158,0.636403315641768
A,-4,2.5,1.8169994644633158,0.6146279262544668
A,-4,7.5,1.7519700099456814,0.665203024186263
A,-4,12.5,1.9700099456812792,0.6564226252397706
A,-4,17.5,1.8361257746155613,0.6511543858718751
A,-4,22.5,1.7634457960370287,0.6757395029220539
A,-4,27.5,1.866727870859154,0.6869784135735642
A,-4,32.5,1.820824726493765,0.6760907188799136
A,-4,37.5,2.012087828016219,0.6985685401829341
A,-4,42.5,2.111544640807895,0.6880320614471431
A,-4,47.5,2.0235636141075664,0.676793150795633
A,-4,52.5,2.019738352077117,0.6666078880177018
A,-4,57.5,2.0809425445643024,0.7062952912558474
A,-4,62.5,2.2301277637518173,0.6866271976157045
A,-4,67.5,2.0962435926860987,0.6796028784585105
A,-4,72.5,2.100068854716548,0.7045392114665489
A,-4,77.5,1.7940478922806213,0.6673103199334213
A,-4,82.5,1.7137173896411906,0.6501007379982962
A,-4,87.5,1.9049804911636448,0.6803053103742299
A,-4,92.5,1.686940555428047,0.6564226252397706
A,-4,97.5,1.641037411062658,0.6311350762738726
A,-4,102.5,1.59130900466682,0.6304326443581533
A,-4,107.5,1.4382985234488563,0.5900428092042882
A,-4,112.5,1.4995027159360417,0.5724820113113035
A,-4,117.5,1.5339300742100834,0.5714283634377243
A,-4,122.5,1.4000459031443653,0.5830184900470943
A,-4,127.5,1.3044143523831382,0.5703747155641453
A,-4,132.5,1.0901996786779893,0.5380628474410534
A,-4,137.5,1.0672481064952948,0.5011851718657854
A,-4,142.5,1.0022186519776604,0.49380963675073164
A,-4,147.5,1.032820748221253,0.5408725751039308
A,-4,152.5,1.0940249407084386,0.47519519098416785
A,-4,157.5,0.9869176038558641,0.46536114416409635
A,-4,162.5,0.8071302884247572,0.4351565717881625
A,-4,167.5,0.7688776681202663,0.4070592951593869
A,-4,172.5,0.8339071226379008,0.4028447036650706
A,-4,177.5,0.891286053094637,0.4133811824008614
A,-4,182.5,0.7191492617244282,0.3842302578985067
A,-4,187.5,0.8033050263943081,0.3866887696035246
A,-4,192.5,0.6464692831458955,0.37404499512057554
A,-4,197.5,0.6388187590849973,0.35051352594397595
A,-4,202.5,0.5355366842628719,0.3484062301968178
A,-4,207.5,0.5278861602019738,0.33189908017741215
A,-4,212.5,0.5049345880192793,0.30274815567505736
A,-4,217.5,0.4666819677147885,0.293967756728565
A,-4,222.5,0.4819830158365848,0.28869951736066957
A,-4,227.5,0.39017672710580675,0.26622169605764906
A,-4,232.5,0.4360798714711958,0.27500209500414147
A,-4,237.5,0.4093030372580522,0.2602510247740343
A,-4,242.5,0.3825262030449086,0.24479752262820764
A,-4,247.5,0.4131282992885013,0.2598998088161746
A,-4,252.5,0.27159360416188505,0.22407578111448562
A,-4,257.5,0.33279779664907044,0.23707077155529438
A,-4,262.5,0.2448167699487415,0.2251294289880647
A,-4,267.5,0.2448167699487415,0.21108079067367688
A,-4,272.5,0.25246729400963963,0.19351999278069212
A,-4,277.5,0.24864203197919058,0.19422242469641154
A,-4,282.5,0.21038941167469974,0.19843701619072787
A,-4,287.5,0.1912631015224543,0.1759591948877074
A,-4,292.5,0.23716624588784332,0.1727982512669701
A,-4,297.5,0.25246729400963963,0.17069095551981195
A,-4,302.5,0.22951572182694516,0.15945204486830167
A,-4,307.5,0.16448626730931068,0.16015447678402112
A,-4,312.5,0.14918521918751435,0.16717879594121499
A,-4,317.5,0.16448626730931068,0.13802787143886028
A,-4,322.5,0.13388417106571798,0.14680827038535266
A,-4,327.5,0.14535995715706526,0.1415400310174572
A,-4,332.5,0.10710733685257441,0.12819382461878878
A,-4,337.5,0.14153469512661618,0.13205720015524547
A,-4,342.5,0.1606610052788616,0.11519883417798009
A,-4,347.5,0.08798102670032898,0.11590126609369947
A,-4,352.5,0.1568357432484125,0.11765734588299795
A,-4,357.5,0.11475786091347258,0.1204670735458755
A,-4,362.5,0.09945681279167624,0.11063302672580404
A,-4,367.5,0.14153469512661618,0.11941342567229643
A,-4,372.5,0.09563155076122715,0.1134427543886816
A,-4,377.5,0.09945681279167624,0.0983404682007147
A,-4,382.5,0.10328207482212533,0.10290627565289073
A,-4,387.5,0.07650524060898171,0.0846430458441866
A,-4,392.5,0.09563155076122715,0.10150141182145196
A,-4,397.5,0.06502945451763445,0.09236979691709987
A,-2,-397.5,0.04904992429250816,0.05908015649913525
A,-2,-392.5,0.051182529696530255,0.06240341530221162
A,-2,-387.5,0.05544774050457444,0.06683442703964677
A,-2,-382.5,0.06184555671664072,0.06517279763810857
A,-2,-377.5,0.059712951312618626,0.07108081328802211
A,-2,-372.5,0.05544774050457444,0.07421944660203866
A,-2,-367.5,0.057580345908596536,0.06849605644118494
A,-2,-362.5,0.053315135100552344,0.06941918388648392
A,-2,-357.5,0.04691731888848606,0.07052693682084271
A,-2,-352.5,0.053315135100552344,0.07754270540511501
A,-2,-347.5,0.053315135100552344,0.08252759360972957
A,-2,-342.5,0.057580345908596536,0.08271221909878937
A,-2,-337.5,0.04904992429250816,0.0788350838285336
A,-2,-332.5,0.08743682156490584,0.08289684458784916
A,-2,-327.5,0.07677379454479538,0.08141984067537078
A,-2,-322.5,0.07677379454479538,0.09083574061742045
A,-2,-317.5,0.09596724318099423,0.08862023474870288
A,-2,-312.5,0.10876287560512678,0.0884356092596431
A,-2,-307.5,0.08103900535283956,0.08898948572682248
A,-2,-302.5,0.08530421616088375,0.09415899942049683
A,-2,-297.5,0.08743682156490584,0.09951313860323095
A,-2,-292.5,0.08103900535283956,0.10985216599057963
A,-2,-287.5,0.06824337292870701,0.09711300724545358
A,-2,-282.5,0.07677379454479538,0.09766688371263296
A,-2,-277.5,0.10236505939306051,0.10634428169844345
A,-2,-272.5,0.12155850802925934,0.10726740914374246
A,-2,-267.5,0.14501716747350238,0.11502167968425395
A,-2,-262.5,0.12155850802925934,0.11428317772801477
A,-2,-257.5,0.15781279989763494,0.12369907767006445
A,-2,-252.5,0.10663027020110469,0.13145334821057594
A,-2,-247.5,0.14288456206948028,0.12148357180134686
A,-2,-242.5,0.16207801070567912,0.1344073560355327
A,-2,-237.5,0.14288456206948028,0.1419770010869844
A,-2,-232.5,0.1386193512614361,0.13680748739331008
A,-2,-227.5,0.14501716747350238,0.15010052260561552
A,-2,-222.5,0.18340406474590007,0.15490078532117027
A,-2,-217.5,0.16421061610970122,0.15434690885399088
A,-2,-212.5,0.20899532959416522,0.16062417548202398
A,-2,-207.5,0.2004649079780768,0.1657936891756983
A,-2,-202.5,0.22605617282634194,0.17724046949740577
A,-2,-197.5,0.2623104646947175,0.1918258831331298
A,-2,-192.5,0.2409844106544966,0.18130223025672132
A,-2,-187.5,0.249514832270585,0.19090275568783083
A,-2,-182.5,0.24311701605851868,0.1990262772064619
A,-2,-177.5,0.2367191998464524,0.21896583002492004
A,-2,-172.5,0.29643215115907107,0.22690472605449136
A,-2,-167.5,0.2772387025228722,0.23465899659500286
A,-2,-162.5,0.3049625727751594,0.23299736719346464
A,-2,-157.5,0.3732059457038664,0.24702890436200933
A,-2,-152.5,0.3796037619159327,0.2603219395743147
A,-2,-147.5,0.4499797402486618,0.25958343761807556
A,-2,-142.5,0.4734383996929048,0.2839540021739688
A,-2,-137.5,0.5139579023693246,0.28155387081619143
A,-2,-132.5,0.49902966454117,0.29835479032063306
A,-2,-127.5,0.5075600861572582,0.29503153151755673
A,-2,-122.5,0.6035273293382526,0.31940209607344994
A,-2,-117.5,0.5949969077221642,0.3406340273153267
A,-2,-112.5,0.6291185941865176,0.36260446051344264
A,-2,-107.5,0.6397816212066281,0.3570656958416487
A,-2,-102.5,0.5971295131261862,0.36998948007583454
A,-2,-97.5,0.6419142266106502,0.3840210172443792
A,-2,-92.5,0.748544496811755,0.3993449328363424
A,-2,-87.5,0.8615725832249258,0.38789815251463494
A,-2,-82.5,0.8658377940329701,0.4141149719611262
A,-2,-77.5,1.0129875669104944,0.4342391502686442
A,-2,-72.5,0.9575398264059201,0.4458705560794114
A,-2,-67.5,0.9724680642340747,0.4556557069995807
A,-2,-62.5,1.0918939668593122,0.4750413833508594
A,-2,-57.5,1.1004243884754006,0.48242640291325134
A,-2,-52.5,1.1345460749397538,0.5152897399658952
A,-2,-47.5,1.2347785289287923,0.5073508439363241
A,-2,-42.5,1.2155850802925936,0.5130742340971777
A,-2,-37.5,1.1857286046362843,0.5306136555578584
A,-2,-32.5,1.4139173828666483,0.5542457181575127
A,-2,-27.5,1.595188842208526,0.5642154945667417
A,-2,-22.5,1.565332366552217,0.6016944688458806
A,-2,-17.5,1.748736431298117,0.5806471630930637
A,-2,-12.5,1.682625663773432,0.5804625376040039
A,-2,-7.5,1.7210125610458298,0.5991097119990435
A,-2,-2.5,1.7679298799343157,0.6114796197660499
A,-2,2.5,1.9278752852359728,0.6044638511817776
A,-2,7.5,1.885223177155531,0.6306806706282688
A,-2,12.5,1.8041841718026914,0.6474815901327104
A,-2,17.5,1.9214774690239065,0.6364040607891226
A,-2,22.5,2.0131795013968565,0.630496045139209
A,-2,27.5,2.023842528416967,0.6447122077968135
A,-2,32.5,2.0089142905888124,0.6548666096951025
A,-2,37.5,2.390650657908767,0.6508048489357867
A,-2,42.5,2.0771576635175193,0.6256957824236543
A,-2,47.5,2.023842528416967,0.6312345470954482
A,-2,52.5,1.8830905717515087,0.6000328394443425
A,-2,57.5,1.9470687338721717,0.6321576745407472
A,-2,62.5,1.7935211447825807,0.6380656901906607
A,-2,67.5,1.755134247510183,0.6280959137814317
A,-2,72.5,1.6932886907935425,0.5998482139552826
A,-2,77.5,1.750869036702139,0.5974480825975054
A,-2,82.5,1.5546693395321065,0.5773239042899874
A,-2,87.5,1.5973214476125481,0.5948633257506681
A,-2,92.5,1.654901793521145,0.5453836946826423
A,-2,97.5,1.5376084962999297,0.552953339734094
A,-2,102.5,1.5162824422597088,0.546676073106061
A,-2,107.5,1.3328783775138087,0.5138127360534169
A,-2,112.5,1.2603697937770573,0.4912884263881216
A,-2,117.5,1.2411763451408586,0.516397492900254
A,-2,122.5,1.1132200208995329,0.47005649514624487
A,-2,127.5,1.0556396749909365,0.4981195694833341
A,-2,132.5,1.0172527777185387,0.46359460302915195
A,-2,137.5,0.8828986372651467,0.43313139733428535
A,-2,142.5,0.8914290588812351,0.4275926326624914
A,-2,147.5,0.910622507517434,0.40857620728933225
A,-2,152.5,0.8999594804973235,0.4098685857127508
A,-2,157.5,0.8466443453967712,0.4069145778877941
A,-2,162.5,0.7400140751956665,0.3770052486601069
A,-2,167.5,0.6845663346910921,0.35448093899481153
A,-2,172.5,0.6504446482267386,0.35632719388540957
A,-2,177.5,0.6845663346910921,0.35226543312609393
A,-2,182.5,0.5438143780256339,0.3284487450373801
A,-2,187.5,0.6056599347422746,0.32401773329994493
A,-2,192.5,0.4499797402486618,0.30333967852524757
A,-2,197.5,0.4393167132285513,0.28967739233482254
A,-2,202.5,0.4499797402486618,0.29244677467071956
A,-2,207.5,0.4926318483291036,0.2808153688599523
A,-2,212.5,0.49049924292508157,0.26216819446491274
A,-2,217.5,0.46277537267279434,0.2636451983773911
A,-2,222.5,0.34761468085560127,0.23207423974816568
A,-2,227.5,0.3987972105521315,0.22690472605449136
A,-2,232.5,0.341216864643535,0.23595137501842148
A,-2,237.5,0.3134929943912478,0.22672010056543154
A,-2,242.5,0.2985647565630931,0.20198028503141865
A,-2,247.5,0.2623104646947175,0.207149798725093
A,-2,252.5,0.22392356742231986,0.1995801536736413
A,-2,257.5,0.24524962146254078,0.1966261458486845
A,-2,262.5,0.2473822268665629,0.1833331106363791
A,-2,267.5,0.20259751338209891,0.1755788400958676
A,-2,272.5,0.22179096201829776,0.17170170482561184
A,-2,277.5,0.21539314580623145,0.1680091950444159
A,-2,282.5,0.22179096201829776,0.15859329510236622
A,-2,287.5,0.20473011878612102,0.1580394186351868
A,-2,292.5,0.16634322151372333,0.13846911679484825
A,-2,297.5,0.1770062485338338,0.1438232559775824
A,-2,302.5,0.15994540530165702,0.14640801282441956
A,-2,307.5,0.15568019449361284,0.14308475402134319
A,-2,312.5,0.12155850802925934,0.1270223364731408
A,-2,317.5,0.13648674585741402,0.13034559527621714
A,-2,322.5,0.11302808641317097,0.1205604443560479
A,-2,327.5,0.14501716747350238,0.11114454441399821
A,-2,332.5,0.11302808641317097,0.11428317772801477
A,-2,337.5,0.11516069181719307,0.10892903854528063
A,-2,342.5,0.09383463777697212,0.111329169903058
A,-2,347.5,0.11516069181719307,0.10966754050151983
A,-2,352.5,0.09596724318099423,0.10542115425314447
A,-2,357.5,0.08103900535283956,0.09951313860323095
A,-2,362.5,0.06184555671664072,0.09914388762511135
A,-2,367.5,0.07890639994881747,0.10560577974220427
A,-2,372.5,0.06611076752468491,0.09212811904083903
A,-2,377.5,0.07037597833272909,0.09618987980015457
A,-2,382.5,0.07677379454479538,0.09046648963930086
A,-2,387.5,0.07037597833272909,0.09212811904083903
A,-2,392.5,0.08317161075686166,0.09083574061742045
A,-2,397.5,0.06184555671664072,0.09138961708459985
A,0,-397.5,0.048060877111007275,0.06953873603004943
A,0,-392.5,0.04138575529003404,0.07571219165750775
A,0,-387.5,0.06808624257392698,0.07023761779919564
A,0,-382.5,0.05206595020359121,0.06988817691462254
A,0,-377.5,0.07342634003070556,0.07349906605521137
A,0,-372.5,0.06541619384553768,0.0719848222220612
A,0,-367.5,0.05740604766036981,0.07897363991352346
A,0,-362.5,0.06675121820973233,0.07792531725980412
A,0,-357.5,0.07342634003070556,0.07617811283693855
A,0,-352.5,0.05740604766036981,0.07617811283693855
A,0,-347.5,0.05473599893198051,0.07617811283693855
A,0,-342.5,0.06408116948134303,0.08095380492610443
A,0,-337.5,0.0974567785862092,0.08363285170783163
A,0,-332.5,0.08944663240104132,0.08316693052840081
A,0,-327.5,0.10146185167879314,0.094116078245025
A,0,-322.5,0.08811160803684667,0.0881755832072821
A,0,-317.5,0.10012682731459849,0.0936501570655942
A,0,-312.5,0.0747613643949002,0.09283479500159028
A,0,-307.5,0.08944663240104132,0.09679512502675221
A,0,-302.5,0.08410653494426273,0.09318423588616338
A,0,-297.5,0.09211668112943061,0.09749400679589842
A,0,-292.5,0.09211668112943061,0.10378394271821446
A,0,-287.5,0.09612175422201455,0.10273562006449513
A,0,-282.5,0.10279687604298779,0.10821019392280722
A,0,-277.5,0.11881716841332353,0.10914203628166887
A,0,-272.5,0.12415726587010213,0.11042331952510359
A,0,-267.5,0.14284760696882717,0.12288671107487796
A,0,-262.5,0.13350243641946466,0.12102302635715469
A,0,-257.5,0.12415726587010213,0.13138977259949036
A,0,-252.5,0.1375075095120486,0.13150625289434806
A,0,-247.5,0.1375075095120486,0.13872803117552573
A,0,-242.5,0.13617248514785396,0.14152355825211063
A,0,-237.5,0.16554302116013617,0.15049254095615383
A,0,-232.5,0.1495227287898004,0.14991013948186535
A,0,-227.5,0.16821306988852547,0.16074280690363182
A,0,-222.5,0.1855683866230559,0.16120872808306266
A,0,-217.5,0.2523196048327882,0.1713425137356829
A,0,-212.5,0.26433482411054005,0.17274027727397534
A,0,-207.5,0.24030438555503636,0.1842718264648881
A,0,-202.5,0.22561911754889527,0.18893103825919624
A,0,-197.5,0.2523196048327882,0.19487153329693915
A,0,-192.5,0.25365462919698284,0.20232627216783225
A,0,-187.5,0.2883652626660437,0.2104798928078715
A,0,-182.5,0.27768506775248647,0.22946618086967732
A,0,-177.5,0.32307589613510446,0.23237818824111994
A,0,-172.5,0.3497763834189974,0.24449213890632115
A,0,-167.5,0.33375609104866166,0.24577342214975592
A,0,-162.5,0.441893064548428,0.25788737281495716
A,0,-157.5,0.43922301582003875,0.2695354023007276
A,0,-152.5,0.5153194045791336,0.27093316583902
A,0,-147.5,0.5193244776717175,0.295743468643711
A,0,-142.5,0.513984380214939,0.3098375843214933
A,0,-137.5,0.5153194045791336,0.32171857439697904
A,0,-132.5,0.5727254522395033,0.3190395276152519
A,0,-127.5,0.5460249649556105,0.32940627385758753
A,0,-122.5,0.6141112075295374,0.3578274658028674
A,0,-117.5,0.7329283759428609,0.3722710223652227
A,0,-112.5,0.8090247647019557,0.3876464212864396
A,0,-107.5,0.8757759829116881,0.394984679862475
A,0,-102.5,0.7983445697883987,0.401274615784791
A,0,-97.5,0.9225018356585007,0.414669849693427
A,0,-92.5,1.007943394966958,0.42666732006377056
A,0,-87.5,0.9799078833188707,0.45427314994504653
A,0,-82.5,1.0493291502569921,0.48851835663321147
A,0,-77.5,1.0026032975101795,0.48001529510859914
A,0,-72.5,1.0479941258927976,0.47489016213486007
A,0,-67.5,1.1307656364728655,0.5015641496572744
A,0,-62.5,1.20953207396035,0.5205504377190802
A,0,-57.5,1.3123289500033375,0.536741198704301
A,0,-52.5,1.476536946799279,0.5550286049969606
A,0,-47.5,1.525932848274481,0.5727336098153316
A,0,-42.5,1.5673186035645152,0.5691227206747429
A,0,-37.5,1.66077030905814,0.5652788709444385
A,0,-32.5,1.6754555770642814,0.6062799347343504
A,0,-27.5,1.7475468927307922,0.6019701638246153
A,0,-22.5,1.8890594753354246,0.6206070110018481
A,0,-17.5,1.8049529403911622,0.6274793483984527
A,0,-12.5,1.7168413323543155,0.6130357918360974
A,0,-7.5,1.771577331286296,0.619092767168698
A,0,-2.5,2.1961150791001938,0.650193005895705
A,0,2.5,2.161404445631133,0.6527555723825745
A,0,7.5,2.228155663840865,0.660792712727756
A,0,12.5,2.22949068820506,0.6526390920877168
A,0,17.5,2.120018690341099,0.6478633999985509
A,0,22.5,2.1173486416127094,0.6416899443710926
A,0,27.5,2.149389226353381,0.6453008335116814
A,0,32.5,1.9891863026500236,0.6383120158202191
A,0,37.5,1.9304452306254591,0.6436701093836735
A,0,42.5,1.7916026967492158,0.6107061859389432
A,0,47.5,1.6687804552433083,0.6110556268235163
A,0,52.5,1.6340698217742473,0.5964955899663034
A,0,57.5,1.7782524531072694,0.6012712820554692
A,0,62.5,1.6888058207062278,0.5962626293765878
A,0,67.5,1.7382017221814299,0.5904386146337027
A,0,72.5,1.6527601628729724,0.5821685136988057
A,0,77.5,1.5993591883051865,0.5472244252414945
A,0,82.5,1.4404912889660237,0.5468749843569214
A,0,87.5,1.404445631132768,0.5415168907934669
A,0,92.5,1.3190040718243108,0.5267238933465385
A,0,97.5,1.2215472932381015,0.5148429032710528
A,0,102.5,1.1387757826580336,0.49970046493955117
A,0,107.5,1.0092784193311528,0.4715122335839867
A,0,112.5,0.9345170549362526,0.45450611053476186
A,0,117.5,0.9839129564114545,0.46079604645707795
A,0,122.5,0.9411921767572258,0.4469348913690111
A,0,127.5,0.9545424203991724,0.4376164677803948
A,0,132.5,0.8263800814364862,0.4174653767700119
A,0,137.5,0.7716440825045057,0.40010981283621405
A,0,142.5,0.7382684733996395,0.3828707291972738
A,0,147.5,0.770309058140311,0.374134707082946
A,0,152.5,0.6434817435418196,0.36539868496861816
A,0,157.5,0.6061010613443696,0.36318555936632174
A,0,162.5,0.5807355984246713,0.3435003895353697
A,0,167.5,0.5380148187704425,0.3063431754757621
A,0,172.5,0.48327881983846205,0.30110156220716544
A,0,177.5,0.49128896602362987,0.3054113331169005
A,0,182.5,0.5259995994926907,0.2906183356699721
A,0,187.5,0.5126493558507442,0.2900359341956835
A,0,192.5,0.4085174554435618,0.2701178037750161
A,0,197.5,0.3698017488819171,0.26475971021156164
A,0,202.5,0.40050730925839395,0.2477535871623369
A,0,207.5,0.41786262599292434,0.2460063827394713
A,0,212.5,0.3844870168880582,0.23971644681715526
A,0,217.5,0.3350911154128563,0.22923322027996187
A,0,222.5,0.30438555503637943,0.2239916070113652
A,0,227.5,0.26433482411054005,0.21082933369244464
A,0,232.5,0.26433482411054005,0.1963857771300893
A,0,237.5,0.2349642880982578,0.2006955480398244
A,0,242.5,0.21493892263533812,0.18555310970832287
A,0,247.5,0.2042587277217809,0.185087188528892
A,0,252.5,0.23229423936986848,0.17879725260657597
A,0,257.5,0.22294906882050597,0.16714922312080557
A,0,262.5,0.21360389827114346,0.152006784789304
A,0,267.5,0.2202790200921167,0.16365481427507445
A,0,272.5,0.17755824043788798,0.15620007540418135
A,0,277.5,0.17088311861691477,0.15608359510932365
A,0,282.5,0.14551765569721647,0.14000931441896045
A,0,287.5,0.14151258260463254,0.13348641790692903
A,0,292.5,0.1401775582404379,0.13872803117552573
A,0,297.5,0.1348374607836593,0.13069089083034416
A,0,302.5,0.14151258260463254,0.12812832434347463
A,0,307.5,0.1348374607836593,0.126031679036036
A,0,312.5,0.12015219277751818,0.12440095490802812
A,0,317.5,0.11481209532073962,0.11461661013998094
A,0,322.5,0.09211668112943061,0.11147164217882294
A,0,327.5,0.10012682731459849,0.1129858860119731
A,0,332.5,0.12015219277751818,0.10285210035935283
A,0,337.5,0.10546692477137708,0.10809371362794952
A,0,342.5,0.08811160803684667,0.10075545505191416
A,0,347.5,0.11614711968493424,0.10005657328276793
A,0,352.5,0.10413190040718243,0.08968982704043225
A,0,357.5,0.0801014618516788,0.10017305357762563
A,0,362.5,0.0774314131232895,0.08677781966898965
A,0,367.5,0.08277151058006808,0.09166999205301322
A,0,372.5,0.05473599893198051,0.08619541819470113
A,0,377.5,0.0747613643949002,0.08339989111811623
A,0,382.5,0.06007609638875909,0.08491413495126637
A,0,387.5,0.09345170549362525,0.08526357583583949
A,0,392.5,0.06942126693812162,0.08351637141297394
A,0,397.5,0.049395901475201925,0.0914370314632978
A,2,-397.5,0.039884524804375904,0.07233610868097122
A,2,-392.5,0.05128010331991187,0.06913539590747692
A,2,-387.5,0.04368305097622122,0.07457660762241725
A,2,-382.5,0.05887715566360252,0.07249614431964593
A,2,-377.5,0.07217199726506116,0.07201603740362178
A,2,-372.5,0.06267568183544785,0.07633699964783909
A,2,-367.5,0.07597052343690648,0.0774572491185621
A,2,-362.5,0.08546683886651979,0.07825742731193568
A,2,-357.5,0.09116462812428777,0.08369863902687599
A,2,-352.5,0.06837347109321583,0.07873753422795983
A,2,-347.5,0.05697789257767986,0.07681710656386323
A,2,-342.5,0.07027273417913849,0.08177821136277942
A,2,-337.5,0.08546683886651979,0.08417874594290013
A,2,-332.5,0.06457494492137052,0.08833967254844273
A,2,-327.5,0.10635873281166906,0.08625920924567143
A,2,-322.5,0.06457494492137052,0.09026010021253932
A,2,-317.5,0.08356757578059713,0.09666152575952792
A,2,-312.5,0.08736610195244245,0.09538124065013019
A,2,-307.5,0.09116462812428777,0.09538124065013019
A,2,-302.5,0.10825799589759173,0.10818409174410738
A,2,-297.5,0.09876168046797841,0.09666152575952792
A,2,-292.5,0.10256020663982374,0.09938213161699808
A,2,-287.5,0.14054546835827697,0.11458551729109598
A,2,-282.5,0.12914988984274103,0.11714608750989144
A,2,-277.5,0.17093367773303958,0.11538569548446959
A,2,-272.5,0.1443439945301223,0.12578801199832607
A,2,-267.5,0.1253513636708957,0.12866865349447093
A,2,-262.5,0.14054546835827697,0.12866865349447093
A,2,-257.5,0.13294841601458635,0.1313892593519411
A,2,-252.5,0.15194104687381296,0.13346972265471238
A,2,-247.5,0.15573957304565827,0.15011342907688274
A,2,-242.5,0.20701967636557014,0.1537942487664012
A,2,-237.5,0.20701967636557014,0.15219389237965406
A,2,-232.5,0.23550862265441008,0.15667489026254608
A,2,-227.5,0.23930714882625542,0.16803742060845084
A,2,-222.5,0.20701967636557014,0.17683938073556016
A,2,-217.5,0.2260123072247968,0.18084027170242806
A,2,-212.5,0.2526019904277141,0.1869216259720672
A,2,-207.5,0.29058725214616726,0.20292518983953872
A,2,-202.5,0.3000835675757806,0.20596586697435829
A,2,-197.5,0.2867887259743219,0.21460779146279294
A,2,-192.5,0.32667325077869785,0.21924882498435969
A,2,-187.5,0.3646585124971511,0.24485452717231407
A,2,-182.5,0.40644230038744966,0.25205613091267626
A,2,-177.5,0.41973714198890827,0.2558969862408695
A,2,-172.5,0.48621134999620147,0.2670994809480995
A,2,-167.5,0.44822608827774824,0.28038243895810083
A,2,-162.5,0.4976069285117375,0.2598978772077373
A,2,-157.5,0.5052039808554282,0.289824541639909
A,2,-152.5,0.5184988224568867,0.3024673570952115
A,2,-147.5,0.5811745042923345,0.31799081404665885
A,2,-142.5,0.5659803996049533,0.3221517406522015
A,2,-137.5,0.6495479753855504,0.3354346986622028
A,2,-132.5,0.7122236572209982,0.3387954470743718
A,2,-127.5,0.7426118665957608,0.371282681725339
A,2,-122.5,0.8394742839778165,0.3880864237861841
A,2,-117.5,0.9800197523360936,0.39800863338401643
A,2,-112.5,0.8945529134695738,0.424094442487995
A,2,-107.5,0.9306389121021044,0.4170528743863075
A,2,-102.5,0.9838182785079389,0.4380175430526952
A,2,-97.5,0.9230418597584137,0.4396178994394424
A,2,-92.5,1.0312998556560056,0.46682395801414395
A,2,-87.5,1.0806806958899946,0.4889088761512546
A,2,-82.5,1.230722479677885,0.4900291256219776
A,2,-77.5,1.1870394287016637,0.4978708719170387
A,2,-72.5,1.2933981615133328,0.4993111926651111
A,2,-67.5,1.3617716326065488,0.5050724756574008
A,2,-62.5,1.6504596216667933,0.5217161820795712
A,2,-57.5,1.6523588847527158,0.5658860183537926
A,2,-52.5,1.6599559370964065,0.5750080497582514
A,2,-47.5,1.7568183544784626,0.5905315067096987
A,2,-42.5,1.6314669908075667,0.5762883348676491
A,2,-37.5,1.6960419357289374,0.5823696891372883
A,2,-32.5,1.9486439261566513,0.598213217366085
A,2,-27.5,1.9429461368988832,0.6079753913252426
A,2,-22.5,1.9809313986173365,0.6287800243529555
A,2,-17.5,1.8897667704930485,0.6073352487705438
A,2,-12.5,1.9505431892425737,0.6009338232235552
A,2,-7.5,2.085390868343083,0.6191778860324727
A,2,-2.5,2.358884752715946,0.6289400599916303
A,2,2.5,2.2259363367013596,0.6242990264700636
A,2,7.5,2.3873736990047862,0.6419029467242822
A,2,12.5,2.036010028109094,0.6321407727651245
A,2,17.5,1.8232925624857554,0.5990133955594587
A,2,22.5,1.792904353110993,0.6103759259053633
A,2,27.5,1.8270910886576008,0.6183777078390991
A,2,32.5,1.6941426726430144,0.610535961544038
A,2,37.5,1.703638988072628,0.5951725402312654
A,2,42.5,1.5270075210818201,0.5876508652135538
A,2,47.5,1.5573957304565829,0.5551636305625867
A,2,52.5,1.6048773076046494,0.5373996746696933
A,2,57.5,1.7321279343614677,0.5567639869493338
A,2,62.5,1.5554964673706602,0.5410804943592117
A,2,67.5,1.4852237331915217,0.5612449848322257
A,2,72.5,1.3370812124895541,0.5193156474994505
A,2,77.5,1.2933981615133328,0.4967506224463156
A,2,82.5,1.162349008584669,0.49659058680764095
A,2,87.5,1.0768821697181494,0.47034474206498766
A,2,92.5,0.966724910734635,0.4740255617545061
A,2,97.5,0.9933145939375523,0.4642633877953485
A,2,102.5,0.8489705994074299,0.4293756185642606
A,2,107.5,0.8318772316341259,0.43001576111895945
A,2,112.5,0.9477322798754083,0.41465233980618676
A,2,117.5,0.9249411228443364,0.4023295956282337
A,2,122.5,0.8394742839778165,0.3877663525088347
A,2,127.5,0.7388133404239156,0.39112710092100367
A,2,132.5,0.7843956544860593,0.3685620758678688
A,2,137.5,0.6438501861277824,0.3573595811606388
A,2,142.5,0.6058649244093292,0.3539988327484697
A,2,147.5,0.5640811365190306,0.3291933087538889
A,2,152.5,0.5773759781204892,0.31238956669304385
A,2,157.5,0.5109017701131962,0.30742846189412765
A,2,162.5,0.5887715566360252,0.3024673570952115
A,2,167.5,0.4805135607384335,0.2751012628818353
A,2,172.5,0.5640811365190306,0.27558136979785935
A,2,177.5,0.5298944009724227,0.2807025102354503
A,2,182.5,0.4843120869102788,0.26901990861219605
A,2,187.5,0.45582314062143886,0.26693944530942476
A,2,192.5,0.36845703866899643,0.2462948479203865
A,2,197.5,0.34756514472384714,0.24437442025628991
A,2,202.5,0.29248651523208996,0.22917103458219196
A,2,207.5,0.32857251386462055,0.2120472212439975
A,2,212.5,0.28109093671655394,0.21652821912688955
A,2,217.5,0.29628504140393525,0.20516568878098473
A,2,222.5,0.22221378105295145,0.19716390684724897
A,2,227.5,0.2298108333966421,0.1941232297124294
A,2,232.5,0.24690420116994607,0.1781196658449579
A,2,237.5,0.2601990427714047,0.18068023606375336
A,2,242.5,0.21271746562333813,0.16643706422170368
A,2,247.5,0.24690420116994607,0.17731948765158434
A,2,252.5,0.20512041327964747,0.170758026465921
A,2,257.5,0.19752336093595682,0.16083581686808865
A,2,262.5,0.15384030995973563,0.16099585250676338
A,2,267.5,0.16903441464711694,0.15187382110230463
A,2,272.5,0.15573957304565827,0.1369905067055561
A,2,277.5,0.13484767910050902,0.14099139767242397
A,2,282.5,0.1899263085922662,0.1347500077641101
A,2,287.5,0.12725062675681836,0.12786847530109735
A,2,292.5,0.1443439945301223,0.12162708539278348
A,2,297.5,0.14624325761604498,0.12114697847675931
A,2,302.5,0.14054546835827697,0.11314519654302357
A,2,307.5,0.11775431132720504,0.11938658645133746
A,2,312.5,0.11015725898351439,0.11858640825796388
A,2,317.5,0.11775431132720504,0.10626366408001083
A,2,322.5,0.10256020663982374,0.10722387791205912
A,2,327.5,0.10066094355390108,0.10674377099603496
A,2,332.5,0.09876168046797841,0.09858195342362448
A,2,337.5,0.08166831269467446,0.0997022028943475
A,2,342.5,0.08356757578059713,0.10754394918940854
A,2,347.5,0.08356757578059713,0.09186045659928646
A,2,352.5,0.07597052343690648,0.08449881722024957
A,2,357.5,0.09876168046797841,0.08929988638049102
A,2,362.5,0.07027273417913849,0.09266063479266004
A,2,367.5,0.07407126035098381,0.08577910232964729
A,2,372.5,0.07027273417913849,0.08881977946446688
A,2,377.5,0.06837347109321583,0.08321853211085184
A,2,382.5,0.07976904960875181,0.07969774806000811
A,2,387.5,0.07217199726506116,0.08529899541362314
A,2,392.5,0.06267568183544785,0.07297625123567009
A,2,397.5,0.05128010331991187,0.08113806880808055
A,4,-397.5,0.06380263717566993,0.07208309268878907
A,4,-392.5,0.06805614632071459,0.07244714871246984
A,4,-387.5,0.08507018290089324,0.07499554087823511
A,4,-382.5,0.07230965546575925,0.07499554087823511
A,4,-377.5,0.08507018290089324,0.07062686859406607
A,4,-372.5,0.06380263717566993,0.07936421316240415
A,4,-367.5,0.05529561888558061,0.08737344568338071
A,4,-362.5,0.07230965546575925,0.07900015713872338
A,4,-357.5,0.11059123777116121,0.08773750170706145
A,4,-352.5,0.06380263717566993,0.09028589387282672
A,4,-347.5,0.06380263717566993,0.0804563812334464
A,4,-342.5,0.038281582305401955,0.08300477339921168
A,4,-337.5,0.11059123777116121,0.09793107037012252
A,4,-332.5,0.08507018290089324,0.09683890229908028
A,4,-327.5,0.09783071033602722,0.09647484627539953
A,4,-322.5,0.0893236920459379,0.09865918241748405
A,4,-317.5,0.08507018290089324,0.10557624686741834
A,4,-312.5,0.11484474691620587,0.10084351855956857
A,4,-307.5,0.11059123777116121,0.10776058300950286
A,4,-302.5,0.09783071033602722,0.09756701434644179
A,4,-297.5,0.11909825606125053,0.1128573673410334
A,4,-292.5,0.12335176520629519,0.11831820769624471
A,4,-287.5,0.14887282007656316,0.12268687998041373
A,4,-282.5,0.14887282007656316,0.125235272146179
A,4,-277.5,0.13611229264142918,0.1299680004540288
A,4,-272.5,0.13185878349638452,0.1423459052591744
A,4,-267.5,0.18290089323692046,0.14926296970910868
A,4,-262.5,0.1999149298170991,0.153267585969597
A,4,-257.5,0.21692896639727774,0.14635052151966269
A,4,-252.5,0.18290089323692046,0.16382521065633882
A,4,-247.5,0.25095703955763504,0.15800031427744676
A,4,-242.5,0.18290089323692046,0.16382521065633882
A,4,-237.5,0.2807316035729477,0.16200493053793508
A,4,-232.5,0.21692896639727774,0.18603262810086474
A,4,-227.5,0.20416843896214376,0.18093584376933422
A,4,-222.5,0.1999149298170991,0.2005948690480949
A,4,-217.5,0.26371756699276905,0.21042438168747518
A,4,-212.5,0.30625265844321564,0.2220741744452593
A,4,-207.5,0.276478094427903,0.20860410156907144
A,4,-202.5,0.4296044236495109,0.22717095877678983
A,4,-197.5,0.36580178647384093,0.23918480755825466
A,4,-192.5,0.47639302424500213,0.2530189364581233
A,4,-187.5,0.4636324968098682,0.2522908244107618
A,4,-182.5,0.43811144193960017,0.28287153039994506
A,4,-177.5,0.5444491705657167,0.2937932111103676
A,4,-172.5,0.49340706082518077,0.3050789478444709
A,4,-167.5,0.5146746065504041,0.3294707014310814
A,4,-162.5,0.6210123351765207,0.3232817490285086
A,4,-157.5,0.6082518077413867,0.3294707014310814
A,4,-152.5,0.6678009357720119,0.32983475745476215
A,4,-147.5,0.829434283283709,0.3666044158465182
A,4,-142.5,0.5742237345810294,0.41465981097237753
A,4,-137.5,0.8847299021692897,0.38771966522000184
A,4,-132.5,0.8039132284134411,0.4117473627829316
A,4,-127.5,0.8081667375584858,0.3833509929358328
A,4,-122.5,0.9655465759251383,0.43213450010905374
A,4,-117.5,1.0293492131008082,0.46526359826400215
A,4,-112.5,1.093151850276478,0.4590746458614295
A,4,-107.5,1.1441939600170141,0.49220374401637795
A,4,-102.5,1.1144193960017015,0.46963227054817125
A,4,-97.5,1.182475542322416,0.5082222090583312
A,4,-92.5,1.3185878349638451,0.5391669710711952
A,4,-87.5,1.3483623989791578,0.5548213800894675
A,4,-82.5,1.5567843470863463,0.5854020860786507
A,4,-77.5,1.5099957464908549,0.5650149487525286
A,4,-72.5,1.5823054019566143,0.5712039011551014
A,4,-67.5,1.6843896214376861,0.5813974698181624
A,4,-62.5,1.5652913653764355,0.5752085174155896
A,4,-57.5,1.8034878774989365,0.6068813914758152
A,4,-52.5,1.9225861335601873,0.6425588817965289
A,4,-47.5,1.7524457677584007,0.6236279685651297
A,4,-42.5,1.7184176945980436,0.630545033015064
A,4,-37.5,2.0076563164610803,0.6480197221517403
A,4,-32.5,2.1607826456826884,0.6345496492755524
A,4,-27.5,2.1139940450871966,0.6702271395962661
A,4,-22.5,2.224585282858358,0.6465634980570172
A,4,-17.5,2.0544449170565717,0.6633100751463318
A,4,-12.5,1.8928115695448746,0.6487478341991016
A,4,-7.5,1.9566142067205443,0.6090657276178996
A,4,-2.5,2.1437686091025094,0.6494759462464633
A,4,2.5,1.871544023819651,0.6269044727782566
A,4,7.5,1.9098256061250534,0.6589414028621629
A,4,12.5,1.8843045512547851,0.601056495096923
A,4,17.5,1.7439387494683114,0.5988721589548386
A,4,22.5,1.63334751169715,0.608701671594219
A,4,27.5,1.709910676307954,0.6203514643520031
A,4,32.5,1.535516801361123,0.608701671594219
A,4,37.5,1.4547001276052745,0.5854020860786507
A,4,42.5,1.5312632922160783,0.537710746976472
A,4,47.5,1.4547001276052745,0.5256968981950072
A,4,52.5,1.2505316886431306,0.5220563379581996
A,4,57.5,1.4376860910250957,0.5588259963499558
A,4,62.5,1.2888132709485325,0.5056738168925659
A,4,67.5,1.1271799234368354,0.4962083602768662
A,4,72.5,1.0718843045512547,0.49511619220582403
A,4,77.5,1.0080816673755848,0.4601668139324717
A,4,82.5,0.9612930667800936,0.46599171031136377
A,4,87.5,0.9655465759251383,0.4354110043221805
A,4,92.5,0.9783071033602722,0.4223049874696734
A,4,97.5,1.0080816673755848,0.4255814916828002
A,4,102.5,0.931518502764781,0.41830037120918506
A,4,107.5,0.7613781369629945,0.3844431610068751
A,4,112.5,0.7698851552530838,0.3931805055752132
A,4,117.5,0.6678009357720119,0.39063211340944787
A,4,122.5,0.7528711186729051,0.36696847187019893
A,4,127.5,0.7571246278179498,0.3596873513965839
A,4,132.5,0.5614632071458954,0.3487656706861613
A,4,137.5,0.6210123351765207,0.30871950808127846
A,4,142.5,0.5572096980008507,0.3130881803654475
A,4,147.5,0.5019140791152701,0.31090384422336304
A,4,152.5,0.5146746065504041,0.3014383876076634
A,4,157.5,0.46788600595491275,0.2821434183525835
A,4,162.5,0.47639302424500213,0.2690374015000764
A,4,167.5,0.4636324968098682,0.2795950261868183
A,4,172.5,0.39557635048915357,0.27486229787896843
A,4,177.5,0.37430880476393025,0.2657608972869496
A,4,182.5,0.4083368779242875,0.24500970393714672
A,4,187.5,0.37005529561888556,0.24464564791346596
A,4,192.5,0.31475967673330496,0.24937837622131576
A,4,197.5,0.30625265844321564,0.2158852220426865
A,4,202.5,0.27222458528285837,0.21770550216109025
A,4,207.5,0.31901318587834965,0.19149346845607607
A,4,212.5,0.276478094427903,0.18530451605350323
A,4,217.5,0.25095703955763504,0.19768242085864884
A,4,222.5,0.2679710761378137,0.18384829195878022
A,4,227.5,0.23819651212250106,0.18093584376933422
A,4,232.5,0.24670353041259038,0.17583905943780367
A,4,237.5,0.24670353041259038,0.1678298269168271
A,4,242.5,0.20842194810718842,0.15181136187487398
A,4,247.5,0.14887282007656316,0.16018465041953128
A,4,252.5,0.1786473840918758,0.14270996128285515
A,4,257.5,0.18290089323692046,0.14489429742493967
A,4,262.5,0.15312632922160782,0.1321523365961133
A,4,267.5,0.15737983836665248,0.14198184923549365
A,4,272.5,0.15312632922160782,0.12741960828826354
A,4,277.5,0.18290089323692046,0.12596338419354053
A,4,282.5,0.12760527435133986,0.12123065588569072
A,4,287.5,0.13185878349638452,0.11067303119894888
A,4,292.5,0.11059123777116121,0.1121292552936719
A,4,297.5,0.12335176520629519,0.11067303119894888
A,4,302.5,0.04678860059549128,0.11249331131735266
A,4,307.5,0.10633772862611655,0.09902323844116478
A,4,312.5,0.12760527435133986,0.1114011432463104
A,4,317.5,0.08081667375584858,0.10521219084373759
A,4,322.5,0.12335176520629519,0.09174211796754973
A,4,327.5,0.09357720119098256,0.1128573673410334
A,4,332.5,0.06380263717566993,0.08882966977810372
A,4,337.5,0.08081667375584858,0.10011540651220706
A,4,342.5,0.06380263717566993,0.08482505351761543
A,4,347.5,0.07230965546575925,0.08992183784914598
A,4,352.5,0.08081667375584858,0.08591722158865768
A,4,357.5,0.07230965546575925,0.09538267820435725
A,4,362.5,0.07230965546575925,0.07281120473615058
A,4,367.5,0.038281582305401955,0.08446099749393468
A,4,372.5,0.04253509145044662,0.06480197221517402
A,4,377.5,0.05529561888558061,0.07463148485455434
A,4,382.5,0.05529561888558061,0.08191260532816941
A,4,387.5,0.059549128030625266,0.07390337280719285
A,4,392.5,0.05104210974053594,0.07171903666510833
A,4,397.5,0.059549128030625266,0.08191260532816941
C,-4,-397.5,0.05402120332230401,0.12299339040988505
C,-4,-392.5,0.08440813019110001,0.10201216498702231
C,-4,-387.5,0.064150178945236,0.11141754190071941
C,-4,-382.5,0.07427915456816801,0.10418263658249088
C,-4,-377.5,0.10128975622932,0.11648197562347938
C,-4,-372.5,0.10466608143696401,0.11720546615530224
C,-4,-367.5,0.08103180498345601,0.11358801349618797
C,-4,-362.5,0.05402120332230401,0.10780008924160513
C,-4,-357.5,0.10804240664460801,0.12841956939855645
C,-4,-352.5,0.10466608143696401,0.10888532503933941
C,-4,-347.5,0.077655479775812,0.11069405136889654
C,-4,-342.5,0.111418731852252,0.13384574838722785
C,-4,-337.5,0.10128975622932,0.14433636109865924
C,-4,-332.5,0.08778445539874401,0.12154640934623936
C,-4,-327.5,0.12154770747518401,0.13673971051451927
C,-4,-322.5,0.10466608143696401,0.12878131466446788
C,-4,-317.5,0.111418731852252,0.15048603061915347
C,-4,-312.5,0.08440813019110001,0.1479538137577735
C,-4,-307.5,0.10466608143696401,0.14325112530092496
C,-4,-302.5,0.15868728475926802,0.14831555902368493
C,-4,-297.5,0.138429333513404,0.1750847087011305
C,-4,-292.5,0.16206360996691202,0.15012428535324204
C,-4,-287.5,0.097913431021676,0.14831555902368493
C,-4,-282.5,0.11817138226754001,0.19606593412399323
C,-4,-277.5,0.124924032682828,0.1714672560420162
C,-4,-272.5,0.16543993517455602,0.1834048498170933
C,-4,-267.5,0.15193463434398,0.18919277407167612
C,-4,-262.5,0.192450536835708,0.1790639066261562
C,-4,-257.5,0.195826862043352,0.20474782050586748
C,-4,-252.5,0.138429333513404,0.18774579300803043
C,-4,-247.5,0.17219258558984402,0.18810753827394186
C,-4,-242.5,0.189074211628064,0.20330083944222177
C,-4,-237.5,0.24647174015801201,0.23802838496971873
C,-4,-232.5,0.18569788642042,0.2264525364605531
C,-4,-227.5,0.229590114119792,0.19859815098537323
C,-4,-222.5,0.25322439057330004,0.26226531778578427
C,-4,-217.5,0.276858667026808,0.2383901302356302
C,-4,-212.5,0.229590114119792,0.2459867808197701
C,-4,-207.5,0.32075089472618,0.2521364503402644
C,-4,-202.5,0.276858667026808,0.25864786512667004
C,-4,-197.5,0.357890472010264,0.26262706305169575
C,-4,-192.5,0.28698764264974,0.2897579579950528
C,-4,-187.5,0.37139577284084,0.2879492316654956
C,-4,-182.5,0.327503545141468,0.29771635384510414
C,-4,-177.5,0.415288000540212,0.3208680508634354
C,-4,-172.5,0.41866432574785606,0.29482239171781277
C,-4,-167.5,0.33425619555675606,0.28686399586776135
C,-4,-162.5,0.43892227699372005,0.34836069107270384
C,-4,-157.5,0.5300830576001081,0.3440197478817668
C,-4,-152.5,0.449051252616652,0.32810295618166396
C,-4,-147.5,0.5435883584306841,0.34148753102038676
C,-4,-142.5,0.452427577824296,0.33750833309536105
C,-4,-137.5,0.6246201634141401,0.36283050170916087
C,-4,-132.5,0.577351610507124,0.3899613966525179
C,-4,-127.5,0.47943817948544803,0.3548721058591095
C,-4,-122.5,0.665136065905868,0.4185392726595206
C,-4,-117.5,0.6381254642447161,0.4424144602096748
C,-4,-112.5,0.6381254642447161,0.38598219872749223
C,-4,-107.5,0.6111148625835641,0.37259762388876944
C,-4,-102.5,0.830576001080424,0.4514580918574604
C,-4,-97.5,0.7394152204740361,0.4684601193552975
C,-4,-92.5,0.7596731717199,0.4507346013256376
C,-4,-87.5,0.8508339523262881,0.47641851520534884
C,-4,-82.5,0.7360388952663921,0.4319238474982434
C,-4,-77.5,0.8947261800256601,0.47099233621667747
C,-4,-72.5,0.9217367816868121,0.4890795995122488
C,-4,-67.5,0.898102505233304,0.47460978887579175
C,-4,-62.5,1.033155513539064,0.5176574755192516
C,-4,-57.5,1.070295090823148,0.5592581810990656
C,-4,-52.5,0.9757579850091161,0.5162104944556059
C,-4,-47.5,0.817070700249848,0.488356108980426
C,-4,-42.5,1.228982375582416,0.5704722843423198
C,-4,-37.5,1.2391113512053482,0.5650461053536484
C,-4,-32.5,1.0432844891619961,0.5585346905672428
C,-4,-27.5,1.2188533999594842,0.5617903979604456
C,-4,-22.5,1.066918765615504,0.5256158713693029
C,-4,-17.5,1.306637855358228,0.5874743118401569
C,-4,-12.5,1.4383145384563443,0.5806011517878398
C,-4,-7.5,1.2762509284894321,0.5451501157285199
C,-4,-2.5,1.33364845701938,0.5925387455629167
C,-4,2.5,1.512593693024512,0.625819310026768
C,-4,7.5,1.3505300830576001,0.5679400674809398
C,-4,12.5,1.2661219528665,0.5683018127468513
C,-4,17.5,1.461948814909852,0.6102642635925767
C,-4,22.5,1.5058410426092241,0.6504179881087452
C,-4,27.5,1.3741643595111082,0.5943474718924739
C,-4,32.5,1.4045512863799041,0.6428213375246051
C,-4,37.5,1.293132554527652,0.6189461499744511
C,-4,42.5,1.4383145384563443,0.6106260088584882
C,-4,47.5,1.4214329124181242,0.6319689795472623
C,-4,52.5,1.4754541157404282,0.5983266698174997
C,-4,57.5,1.6543993517455602,0.6080937919971081
C,-4,62.5,1.7658180835978123,0.6695904872020507
C,-4,67.5,1.2863799041123642,0.5957944529561197
C,-4,72.5,1.28300357890472,0.5903682739674483
C,-4,77.5,1.5227226686474442,0.6583763839587964
C,-4,82.5,1.431561888041056,0.629075017419971
C,-4,87.5,1.31676683098116,0.579154170724194
C,-4,92.5,1.391045985549328,0.6095407730607539
C,-4,97.5,1.191842798298332,0.5560024737058628
C,-4,102.5,1.41805658721048,0.6080937919971081
C,-4,107.5,1.2458640016206362,0.5787924254582826
C,-4,112.5,1.225606050374772,0.5107843154669344
C,-4,117.5,1.360659058680532,0.5650461053536484
C,-4,122.5,1.310014180565872,0.6203931310380967
C,-4,127.5,1.070295090823148,0.5462353515262542
C,-4,132.5,0.9825106354244041,0.5353829935489114
C,-4,137.5,1.191842798298332,0.5585346905672428
C,-4,142.5,1.1682085218448242,0.5552789831740399
C,-4,147.5,0.9960159362549801,0.5267011071670371
C,-4,152.5,1.04666081436964,0.5248923808374801
C,-4,157.5,0.9892632858396921,0.510422570201023
C,-4,162.5,1.1209399689378081,0.5259776166352144
C,-4,167.5,0.9723816598014721,0.4981232311600345
C,-4,172.5,0.9149841312715241,0.44494667707105473
C,-4,177.5,0.8271996758727801,0.4735245530780575
C,-4,182.5,0.9386184077250321,0.47207757201441175
C,-4,187.5,0.7731784725504761,0.426497668509572
C,-4,192.5,0.671888716321156,0.4279446495732177
C,-4,197.5,0.817070700249848,0.44928762026199187
C,-4,202.5,0.729286244851104,0.4384352622846491
C,-4,207.5,0.665136065905868,0.41166611260720354
C,-4,212.5,0.7022756431899521,0.38562045346158075
C,-4,217.5,0.587480586130056,0.39647281143892366
C,-4,222.5,0.5942332365453441,0.37078889755921235
C,-4,227.5,0.5841042609224121,0.39321710404572074
C,-4,232.5,0.65838341549058,0.35957479431595807
C,-4,237.5,0.60773853737592,0.3617452659114266
C,-4,242.5,0.52333040718482,0.3505311626681724
C,-4,247.5,0.449051252616652,0.3400405499567411
C,-4,252.5,0.499696130731312,0.3031425328337755
C,-4,257.5,0.526706732392464,0.33172040884077825
C,-4,262.5,0.47268552907016004,0.3190593245338783
C,-4,267.5,0.43216962657843205,0.30278078756786414
C,-4,272.5,0.38827739887906,0.30929220235426974
C,-4,277.5,0.32075089472618,0.2879492316654956
C,-4,282.5,0.32075089472618,0.2930136653882556
C,-4,287.5,0.32412721993382404,0.2752881473585957
C,-4,292.5,0.33425619555675606,0.2752881473585957
C,-4,297.5,0.32412721993382404,0.24128409236292156
C,-4,302.5,0.28698764264974,0.2514129598084415
C,-4,307.5,0.32412721993382404,0.2347726775765159
C,-4,312.5,0.256600715780944,0.23441093231060448
C,-4,317.5,0.263353366196232,0.241645837628833
C,-4,322.5,0.23971908974272402,0.23549616810833873
C,-4,327.5,0.21270848808157203,0.22609079119464165
C,-4,332.5,0.23971908974272402,0.22717602699237593
C,-4,337.5,0.20933216287392803,0.22319682906735025
C,-4,342.5,0.263353366196232,0.20728003736724745
C,-4,347.5,0.195826862043352,0.21306796162183028
C,-4,352.5,0.182321561212776,0.18919277407167612
C,-4,357.5,0.178945236005132,0.19968338678310749
C,-4,362.5,0.20257951245864,0.19136324566714472
C,-4,367.5,0.18569788642042,0.18666055721029615
C,-4,372.5,0.091160780606388,0.15772093593738204
C,-4,377.5,0.16206360996691202,0.19208673619896754
C,-4,382.5,0.097913431021676,0.1790639066261562
C,-4,387.5,0.14518198392869203,0.17074376551019338
C,-4,392.5,0.10466608143696401,0.15084777588506493
C,-4,397.5,0.124924032682828,0.15555046434191347
C,-2,-397.5,0.0779787897691828,0.0990007215733173
C,-2,-392.5,0.06683896265929953,0.09012479481157162
C,-2,-387.5,0.06461099723732287,0.1021869516929183
C,-2,-382.5,0.07352285892522949,0.09672484291645943
C,-2,-377.5,0.06683896265929953,0.09945589730468886
C,-2,-372.5,0.08020675519115943,0.10400765461840462
C,-2,-367.5,0.07352285892522949,0.10286971528997568
C,-2,-362.5,0.06461099723732287,0.11789051442523762
C,-2,-357.5,0.07575082434720613,0.12244227173895335
C,-2,-352.5,0.06906692808127618,0.11129046632034978
C,-2,-347.5,0.08466268603511273,0.12084915667915284
C,-2,-342.5,0.1180821673647625,0.12562850185855437
C,-2,-337.5,0.10025844398894929,0.13996653739675893
C,-2,-332.5,0.11585420194278584,0.11720775082818026
C,-2,-327.5,0.09134658230104269,0.14133206459087366
C,-2,-322.5,0.09803047856697263,0.1304078470379559
C,-2,-317.5,0.1559575795383656,0.13313890142618534
C,-2,-312.5,0.12031013278673915,0.1499804034869336
C,-2,-307.5,0.1359058907405757,0.14247000391930262
C,-2,-302.5,0.140361821584529,0.14793211269576148
C,-2,-297.5,0.1537296141163889,0.17592542017511326
C,-2,-292.5,0.12922199447464575,0.15612527586044983
C,-2,-287.5,0.11139827109883255,0.15384939720359195
C,-2,-282.5,0.16486944122627217,0.16727708127905336
C,-2,-277.5,0.1760092683361554,0.1870772255937168
C,-2,-272.5,0.14481775242848233,0.1788840624290285
C,-2,-267.5,0.14927368327243562,0.19481521302703358
C,-2,-262.5,0.21834061135371177,0.17410471724962698
C,-2,-257.5,0.20497281882185187,0.2014152611319214
C,-2,-252.5,0.19383299171196863,0.2203050539838417
C,-2,-247.5,0.2072007842438285,0.1980014431466346
C,-2,-242.5,0.19606095713394525,0.20983601216229553
C,-2,-237.5,0.26512788521522146,0.2332775623279316
C,-2,-232.5,0.26958381605917475,0.21074636362503868
C,-2,-227.5,0.26067195437126817,0.21416018161032546
C,-2,-222.5,0.2718117814811514,0.26149845767296914
C,-2,-217.5,0.2718117814811514,0.2635467484641412
C,-2,-212.5,0.26512788521522146,0.23122927153675948
C,-2,-207.5,0.3074592282327778,0.2630915727327697
C,-2,-202.5,0.2628999197932448,0.2585398154190539
C,-2,-197.5,0.3809820871580073,0.2822089534503757
C,-2,-192.5,0.3520185366723108,0.28311930491311893
C,-2,-187.5,0.33196684787452096,0.27082956016608645
C,-2,-182.5,0.3921219142678905,0.309747085198356
C,-2,-177.5,0.45673291150521345,0.3388783320061367
C,-2,-172.5,0.4121736030656804,0.31225055172089966
C,-2,-167.5,0.43668122270742354,0.29267799527192195
C,-2,-162.5,0.4923803582568399,0.35458189473845597
C,-2,-157.5,0.5057481507886997,0.3370576290806504
C,-2,-152.5,0.5369396666963728,0.35845088845511436
C,-2,-147.5,0.5636752517600927,0.36937510600803214
C,-2,-142.5,0.6216023527314856,0.3645957608286306
C,-2,-137.5,0.6550218340611353,0.38052691142663575
C,-2,-132.5,0.657249799483112,0.3850786687403514
C,-2,-127.5,0.6728455574369485,0.36687163948548845
C,-2,-122.5,0.7330006238303182,0.41261680048833166
C,-2,-117.5,0.7775599322698511,0.4353755870569103
C,-2,-112.5,0.6594777649050887,0.41398232768244636
C,-2,-107.5,0.6617057303270654,0.4060167523834438
C,-2,-102.5,0.8310311023972907,0.46132060374509
C,-2,-97.5,0.9134658230104269,0.48021039659701037
C,-2,-92.5,0.8354870332412442,0.42058237578733415
C,-2,-87.5,0.8911861687906604,0.4713344698352646
C,-2,-82.5,0.8755904108368238,0.43446523559416717
C,-2,-77.5,1.0048124053114695,0.47975522086563877
C,-2,-72.5,0.9981285090455396,0.4909070262842424
C,-2,-67.5,1.0092683361554229,0.48521732964209763
C,-2,-62.5,1.0449157829070495,0.5193555094949657
C,-2,-57.5,1.2075572587113448,0.5423418839292302
C,-2,-52.5,1.0471437483290258,0.4945484321352149
C,-2,-47.5,1.0827911950806524,0.5102519948675343
C,-2,-42.5,1.3768826307815702,0.5698800156772105
C,-2,-37.5,1.2810801176365743,0.5653282583634947
C,-2,-32.5,1.167453881115765,0.5332383693017987
C,-2,-27.5,1.345691114873897,0.5562247437360631
C,-2,-22.5,1.2610284288387845,0.5441625868547164
C,-2,-17.5,1.3055877372783176,0.5776180031105271
C,-2,-12.5,1.4125300775331968,0.5719283064683824
C,-2,-7.5,1.3612868728277339,0.5694248399458387
C,-2,-2.5,1.4459495588628464,0.5673765491546666
C,-2,2.5,1.5395241065858658,0.6081147771124226
C,-2,7.5,1.3300953569200606,0.5255003818684819
C,-2,12.5,1.39693431957936,0.5309624906449408
C,-2,17.5,1.4660012476606363,0.6047009591271357
C,-2,22.5,1.4927368327243562,0.5958250323653901
C,-2,27.5,1.3434631494519205,0.5826249361556144
C,-2,32.5,1.577399518759469,0.5744317729909261
C,-2,37.5,1.461545316816683,0.5632799675723225
C,-2,42.5,1.512788521522146,0.6199493461280835
C,-2,47.5,1.4080741466892432,0.5851284026781581
C,-2,52.5,1.2298369129311113,0.5519005742880332
C,-2,57.5,1.537296141163889,0.5960526202310759
C,-2,62.5,1.5150164869441227,0.6179010553369114
C,-2,67.5,1.2855360484805276,0.5521281621537191
C,-2,72.5,1.2142411549772747,0.5357418358243423
C,-2,77.5,1.441493628018893,0.5853559905438439
C,-2,82.5,1.3947063541573834,0.5830801118869862
C,-2,87.5,1.301131806434364,0.5355142479586567
C,-2,92.5,1.301131806434364,0.5480315805713749
C,-2,97.5,1.263256394260761,0.5330107814361129
C,-2,102.5,1.3122716335442475,0.5726110700654399
C,-2,107.5,1.2521165671508778,0.5566799194674348
C,-2,112.5,1.129578468942162,0.5059278254195042
C,-2,117.5,1.1919615007575082,0.5557695680046916
C,-2,122.5,1.2342928437750647,0.5559971558703773
C,-2,127.5,1.102842883878442,0.5059278254195042
C,-2,132.5,0.9847607165136798,0.47952763299995305
C,-2,137.5,1.109526780144372,0.5293693755851404
C,-2,142.5,1.0114963015773994,0.5050174739567611
C,-2,147.5,0.9513412351840299,0.4765689907460378
C,-2,152.5,1.033775955797166,0.47429311208917996
C,-2,157.5,0.8778183762588005,0.4540377920431448
C,-2,162.5,0.9780768202477497,0.46359648240194784
C,-2,167.5,0.8510827911950807,0.4419756351617982
C,-2,172.5,0.7575082434720614,0.43423764772848145
C,-2,177.5,0.8755904108368238,0.44584462887845655
C,-2,182.5,0.8087514481775243,0.4396997565049403
C,-2,187.5,0.7040370733446216,0.3932718319050397
C,-2,192.5,0.6750735228589253,0.37779585703840624
C,-2,197.5,0.7374565546742715,0.40715469171187274
C,-2,202.5,0.6617057303270654,0.39668564989032656
C,-2,207.5,0.6260582835754389,0.3732440997246905
C,-2,212.5,0.6037786293556724,0.37256133612763315
C,-2,217.5,0.6149184564655557,0.3509404888874834
C,-2,222.5,0.5369396666963728,0.3670992273511743
C,-2,227.5,0.5592193209161394,0.3345541625581067
C,-2,232.5,0.4834684965689333,0.3377403926777077
C,-2,237.5,0.47232866945905,0.3243127086022463
C,-2,242.5,0.44782104981730686,0.3500301374247402
C,-2,247.5,0.4121736030656804,0.29267799527192195
C,-2,252.5,0.3520185366723108,0.27697443253960263
C,-2,257.5,0.44336511897335357,0.31702989690030114
C,-2,262.5,0.42554139559754034,0.27583649321117376
C,-2,267.5,0.36315836378219407,0.2655950392553133
C,-2,272.5,0.3542465020942875,0.2651398635239417
C,-2,277.5,0.3074592282327778,0.24078796189556254
C,-2,282.5,0.29631940112289457,0.25262253091122344
C,-2,287.5,0.30300329738882453,0.24761559786613616
C,-2,292.5,0.2718117814811514,0.2382844953730189
C,-2,297.5,0.3052312628108012,0.2346430895220463
C,-2,302.5,0.2562160235273149,0.23737414391027575
C,-2,307.5,0.23839230015150165,0.21416018161032546
C,-2,312.5,0.24284823099545494,0.21256706655052496
C,-2,317.5,0.2718117814811514,0.214615357341697
C,-2,322.5,0.18714909544603867,0.20756013350543764
C,-2,327.5,0.18269316460208537,0.19754626741526304
C,-2,332.5,0.20274485339987522,0.19367727369860466
C,-2,337.5,0.17378130291417876,0.18798757705645996
C,-2,342.5,0.15150164869441227,0.18207029254862953
C,-2,347.5,0.16709740664824882,0.17592542017511326
C,-2,352.5,0.1537296141163889,0.17706335950354218
C,-2,357.5,0.18714909544603867,0.1752426565780559
C,-2,362.5,0.13813385616255236,0.16386326329376655
C,-2,367.5,0.13813385616255236,0.15521492439770665
C,-2,372.5,0.1359058907405757,0.15043557921830514
C,-2,377.5,0.14258978700650565,0.16113220890553712
C,-2,382.5,0.15150164869441227,0.1511183428153625
C,-2,387.5,0.11139827109883255,0.14224241605361682
C,-2,392.5,0.1180821673647625,0.14474588257616047
C,-2,397.5,0.12031013278673915,0.1497528156212478
C,0,-397.5,0.0703718512594962,0.10140428108080352
C,0,-392.5,0.07197121151539385,0.10156272526999227
C,0,-387.5,0.07516993202718912,0.10552382999971116
C,0,-382.5,0.06557377049180328,0.10441472067538986
C,0,-377.5,0.07836865253898441,0.10552382999971116
C,0,-372.5,0.06557377049180328,0.11455514878347023
C,0,-367.5,0.0975609756097561,0.10663293932403244
C,0,-362.5,0.09596161535385846,0.1213682489185867
C,0,-357.5,0.07676929228308677,0.11883314189156662
C,0,-352.5,0.09916033586565373,0.11297070689158266
C,0,-347.5,0.08476609356257497,0.1128122627023939
C,0,-342.5,0.11515393842463015,0.12865668162126948
C,0,-337.5,0.10875649740103958,0.13943088648610485
C,0,-332.5,0.09116353458616554,0.13356845148612087
C,0,-327.5,0.11035585765693723,0.13784644459421727
C,0,-322.5,0.11195521791283486,0.13626200270232972
C,0,-317.5,0.11675329868052779,0.15226486581039403
C,0,-312.5,0.13434626149540185,0.15796885662118923
C,0,-307.5,0.12315073970411836,0.14719465175635385
C,0,-302.5,0.15033986405437824,0.1551168612157916
C,0,-297.5,0.1439424230307877,0.1719119452697997
C,0,-292.5,0.1407437025189924,0.1644650683779282
C,0,-287.5,0.15833666533386645,0.159394854323888
C,0,-282.5,0.1759296281487405,0.17856660121572743
C,0,-277.5,0.17752898840463815,0.18775636418867528
C,0,-272.5,0.20151939224310275,0.17682371513465112
C,0,-267.5,0.1679328268692523,0.1964707945940568
C,0,-262.5,0.2031187524990004,0.18823169675624155
C,0,-257.5,0.24310275889644142,0.20566055756700463
C,0,-252.5,0.227109156337465,0.2061358901345709
C,0,-247.5,0.24950019992003197,0.21120610418861108
C,0,-242.5,0.2686925229908037,0.22277252999939026
C,0,-237.5,0.2590963614554178,0.2512924840533662
C,0,-232.5,0.2734906037584966,0.2115229925669886
C,0,-227.5,0.29108356657337064,0.2137412112156311
C,0,-222.5,0.3358656537385046,0.26000691445874774
C,0,-217.5,0.3166733306677329,0.2562042539182176
C,0,-212.5,0.3838464614154338,0.27284089378303694
C,0,-207.5,0.35665733706517394,0.2793371055397759
C,0,-202.5,0.3598560575769692,0.26206668891820156
C,0,-197.5,0.34226309476209515,0.2837735428370611
C,0,-192.5,0.4174330267892843,0.2951815244586515
C,0,-187.5,0.3982407037185126,0.28646709405327
C,0,-182.5,0.44302279088364654,0.3137194945937359
C,0,-177.5,0.47820871651339464,0.3422394486477119
C,0,-172.5,0.49900039984006395,0.3172052667558885
C,0,-167.5,0.4494202319072371,0.3141948271613021
C,0,-162.5,0.5469812075169932,0.351904544188226
C,0,-157.5,0.583766493402639,0.35158765580984846
C,0,-152.5,0.5917632946821272,0.3530136535125472
C,0,-147.5,0.6445421831267493,0.3720269562151979
C,0,-142.5,0.6429428228708517,0.36965029337736655
C,0,-137.5,0.6717313074770092,0.39896246837728633
C,0,-132.5,0.6957217113154738,0.3986455799989088
C,0,-127.5,0.7325069972011196,0.3897727054043385
C,0,-122.5,0.7676929228308677,0.4195602129718245
C,0,-117.5,0.8844462215113955,0.46249858824197726
C,0,-112.5,0.8540583766493403,0.4201939897285796
C,0,-107.5,0.8748500599760097,0.4062509010799691
C,0,-102.5,0.9052379048380648,0.4819872235121942
C,0,-97.5,0.9676129548180729,0.48293788864732673
C,0,-92.5,0.9564174330267893,0.4712130186473588
C,0,-87.5,0.9964014394242304,0.4713714628365476
C,0,-82.5,0.9628148740503798,0.4602803695933347
C,0,-77.5,1.117952818872451,0.49165231905270823
C,0,-72.5,1.0203918432626948,0.5122500636472465
C,0,-67.5,1.1147540983606559,0.4742234582419452
C,0,-62.5,1.1515393842463015,0.519063163782363
C,0,-57.5,1.319472211115554,0.5474246736471503
C,0,-52.5,1.1915233906437426,0.49577186797161593
C,0,-47.5,1.2506997201119552,0.514468282295889
C,0,-42.5,1.4314274290283888,0.556614436620098
C,0,-37.5,1.4106357457017193,0.5458402317552626
C,0,-32.5,1.3242702918832467,0.5360166920255599
C,0,-27.5,1.319472211115554,0.5428297921606763
C,0,-22.5,1.297081167532987,0.546949341079584
C,0,-17.5,1.4810075969612155,0.5513857783768691
C,0,-12.5,1.4202319072371052,0.5561391040525319
C,0,-7.5,1.397840863654538,0.5732510764849174
C,0,-2.5,1.524190323870452,0.5943241536470218
C,0,2.5,1.576969212315074,0.5978099258091745
C,0,7.5,1.4266293482606958,0.5518611109444355
C,0,12.5,1.3354658136745303,0.5356998036471823
C,0,17.5,1.572171131547381,0.6011372537821383
C,0,22.5,1.5865653738504597,0.590996825674058
C,0,27.5,1.4890043982407037,0.5513857783768691
C,0,32.5,1.4426229508196722,0.5800641766200338
C,0,37.5,1.3610555777688926,0.5567728808092868
C,0,42.5,1.5593762495002,0.5673886414849334
C,0,47.5,1.3930427828868452,0.5597833204038732
C,0,52.5,1.3658536585365855,0.5391855758093349
C,0,57.5,1.4362255097960817,0.5670717531065559
C,0,62.5,1.429828068772491,0.5829161720254314
C,0,67.5,1.3018792483006798,0.5247671545931581
C,0,72.5,1.2634946021591364,0.5192216079715518
C,0,77.5,1.287485005997601,0.5672301972957446
C,0,82.5,1.2906837265093962,0.5299958128363871
C,0,87.5,1.194722111155538,0.5252424871607244
C,0,92.5,1.197920831667333,0.5192216079715518
C,0,97.5,1.172331067572971,0.488641879458122
C,0,102.5,1.1659336265493803,0.5363335804039373
C,0,107.5,1.1755297880847662,0.5051200751337526
C,0,112.5,1.0939624150339864,0.4846807747284031
C,0,117.5,1.1243502598960418,0.4907016539175757
C,0,122.5,1.1163534586165533,0.533323140809351
C,0,127.5,0.9820071971211516,0.45410104621497327
C,0,132.5,0.9052379048380648,0.4488723879717443
C,0,137.5,0.9244302279088364,0.4870574375662343
C,0,142.5,0.8988404638144742,0.4468126135122905
C,0,147.5,0.9052379048380648,0.44982305310687687
C,0,152.5,0.8860455817672931,0.4342955225663788
C,0,157.5,0.7676929228308677,0.42843308756639487
C,0,162.5,0.850859656137545,0.4287499759447724
C,0,167.5,0.6765293882447021,0.4057755685124029
C,0,172.5,0.7740903638544582,0.38010760986382447
C,0,177.5,0.6701319472211116,0.4157575524312944
C,0,182.5,0.6925229908036785,0.3976949148637763
C,0,187.5,0.6381447421031587,0.3720269562151979
C,0,192.5,0.6301479408236705,0.3647385235125151
C,0,197.5,0.583766493402639,0.36141119553955126
C,0,202.5,0.6141543382646941,0.353805874458491
C,0,207.5,0.534186325469812,0.3333665740531415
C,0,212.5,0.5501799280287885,0.33241590891800904
C,0,217.5,0.4750099960015994,0.32306770175587246
C,0,222.5,0.5037984806077569,0.3200572621612861
C,0,227.5,0.44302279088364654,0.29565685702621775
C,0,232.5,0.4062375049980008,0.29470619189108527
C,0,237.5,0.4414234306277489,0.305163508377543
C,0,242.5,0.3790483806477409,0.29739974310729406
C,0,247.5,0.3454618152738904,0.2577886958101052
C,0,252.5,0.36465413834466215,0.26491868432359916
C,0,257.5,0.3790483806477409,0.27680199851275583
C,0,262.5,0.3550579768092763,0.2562042539182176
C,0,267.5,0.27828868452618954,0.25461981202633005
C,0,272.5,0.3358656537385046,0.24257805364798465
C,0,277.5,0.31187524990004,0.2310116278372055
C,0,282.5,0.27189124350259897,0.23798317216151074
C,0,287.5,0.2574970011995202,0.21326587864806487
C,0,292.5,0.23670531787285087,0.21659320662102874
C,0,297.5,0.2814874050379848,0.21516720891832997
C,0,302.5,0.2574970011995202,0.21057232743185605
C,0,307.5,0.21111555377848862,0.18728103162110898
C,0,312.5,0.17912834866053579,0.18347837108057885
C,0,317.5,0.19832067173130746,0.2115229925669886
C,0,322.5,0.21111555377848862,0.1861719222967877
C,0,327.5,0.16633346661335466,0.18189392918869132
C,0,332.5,0.1679328268692523,0.16288062648604062
C,0,337.5,0.16153538584566174,0.17587304999951858
C,0,342.5,0.1679328268692523,0.17840815702653867
C,0,347.5,0.1519392243102759,0.1584441891887555
C,0,352.5,0.15673730507796882,0.1456102098644663
C,0,357.5,0.15033986405437824,0.14862064945905265
C,0,362.5,0.1519392243102759,0.15654285891849043
C,0,367.5,0.15673730507796882,0.14465954472933376
C,0,372.5,0.10395841663334666,0.13816333297259478
C,0,377.5,0.1327469012395042,0.14671931918878758
C,0,382.5,0.10555777688924431,0.14180754932393616
C,0,387.5,0.13594562175129948,0.13832177716178354
C,0,392.5,0.0863654538184726,0.1210513605402092
C,0,397.5,0.07996801279488205,0.13150867702666705
C,2,-397.5,0.07800441471793935,0.11198941386572102
C,2,-392.5,0.07800441471793935,0.10756877910786361
C,2,-387.5,0.11949612467429006,0.11624632141032444
C,2,-382.5,0.07302540952317728,0.10986096009341931
C,2,-377.5,0.08298341991270144,0.12279540994048356
C,2,-372.5,0.10787844588651188,0.12656113584532505
C,2,-367.5,0.09128176190397158,0.11788359354286423
C,2,-362.5,0.08796242510746353,0.1226316827272296
C,2,-357.5,0.09958010389524174,0.14293385717072288
C,2,-352.5,0.09626076709873367,0.12230422830072164
C,2,-347.5,0.09128176190397158,0.11853850239588012
C,2,-342.5,0.11783645627603606,0.14702703750207233
C,2,-337.5,0.12281546147079814,0.15455848931175534
C,2,-332.5,0.13111380346206827,0.1426064027442149
C,2,-327.5,0.13609280865683038,0.14931921848762802
C,2,-322.5,0.13277347186032232,0.14768194635508824
C,2,-317.5,0.14273148224984647,0.16585566702627982
C,2,-312.5,0.13277347186032232,0.15537712537802523
C,2,-307.5,0.1443911506481005,0.1627448499744542
C,2,-302.5,0.17094584502016497,0.16290857718770818
C,2,-297.5,0.16928617662191092,0.20040210902286917
C,2,-292.5,0.18256352380794316,0.1815734794986617
C,2,-287.5,0.21741656017127778,0.17305966440945483
C,2,-282.5,0.22737457056080196,0.19778247361080553
C,2,-277.5,0.1991602077904835,0.20056583623612315
C,2,-272.5,0.23401324415381805,0.18861374966858277
C,2,-267.5,0.21575689177302376,0.21235419559040958
C,2,-262.5,0.18754252900270524,0.19761874639755153
C,2,-257.5,0.23567291255207212,0.2077698336192982
C,2,-252.5,0.3003999800839792,0.22152291953263237
C,2,-247.5,0.27218561731366075,0.20367665328794873
C,2,-242.5,0.287122632897947,0.23576718708572847
C,2,-237.5,0.346870695235092,0.26589299432446045
C,2,-232.5,0.2638872753223906,0.24919281857255465
C,2,-227.5,0.2970806432874712,0.2354397326592205
C,2,-222.5,0.3750850580054105,0.2721146284281116
C,2,-217.5,0.4132574311652532,0.28603144155469973
C,2,-212.5,0.40329942077572906,0.284066714995652
C,2,-207.5,0.36014804242112425,0.3099356146897805
C,2,-202.5,0.3916817419879508,0.2788274441715247
C,2,-197.5,0.4746651619006522,0.3148474310873999
C,2,-192.5,0.49126184588319255,0.3189406114187493
C,2,-187.5,0.41989610475826933,0.30224043566684355
C,2,-182.5,0.5144972034587489,0.33351233339835334
C,2,-177.5,0.5543292450168457,0.3754264999913718
C,2,-172.5,0.5609679186098617,0.3281093353609721
C,2,-167.5,0.5642872554063698,0.320905337977797
C,2,-162.5,0.6456110069208172,0.39556494722161106
C,2,-157.5,0.5875226129819262,0.373461773432324
C,2,-152.5,0.7319137636300268,0.3765725904841496
C,2,-147.5,0.6788043748858978,0.3957286744348651
C,2,-142.5,0.7119977428509784,0.3878697681986741
C,2,-137.5,0.8447712147113007,0.40833566985542136
C,2,-132.5,0.7833634839759016,0.4122651229735168
C,2,-127.5,0.8115778467462201,0.3901619491842298
C,2,-122.5,0.8763049142781273,0.43011138921820047
C,2,-117.5,0.9991203757489254,0.4702245564654251
C,2,-112.5,0.9294143030222561,0.43174866135074014
C,2,-107.5,0.8746452458798731,0.4405899308664551
C,2,-102.5,1.1285745108127396,0.48807082271010865
C,2,-97.5,1.0970408112459131,0.49085418533542635
C,2,-92.5,1.0306540753157518,0.4736628279437586
C,2,-87.5,1.1368728528040097,0.4754638272895524
C,2,-82.5,1.0505700960948003,0.4613832869497103
C,2,-77.5,1.1435115263970257,0.5042798168222525
C,2,-72.5,1.1269148424144857,0.5031337263294747
C,2,-67.5,1.1800242311586144,0.49461991124026783
C,2,-62.5,1.2845833402486182,0.5185240843753486
C,2,-57.5,1.4057391333211624,0.5687883388443199
C,2,-52.5,1.2596883142748079,0.5029699991162208
C,2,-47.5,1.2314739515044895,0.48397764237875923
C,2,-42.5,1.4555291852687833,0.5741913368817011
C,2,-37.5,1.382503775745606,0.537680168326064
C,2,-32.5,1.3327137237979851,0.5470126194815408
C,2,-27.5,1.382503775745606,0.5443929840694772
C,2,-22.5,1.3127977030189368,0.537680168326064
C,2,-17.5,1.4754452060478316,0.5791031532793205
C,2,-12.5,1.4156971437106864,0.5723903375359074
C,2,-7.5,1.4024197965246545,0.5486498916140806
C,2,-2.5,1.5102982424111662,0.5663324306455102
C,2,2.5,1.6795844190330773,0.5930199664059087
C,2,7.5,1.4190164805071948,0.5126299046982055
C,2,12.5,1.3476507393822714,0.5280202627440793
C,2,17.5,1.565067299553549,0.5723903375359074
C,2,22.5,1.5351932683849767,0.5643677040864624
C,2,27.5,1.324415381806715,0.5489773460405886
C,2,32.5,1.4588485220652914,0.5632216135936846
C,2,37.5,1.266326987867824,0.5314585342224128
C,2,42.5,1.430634159294973,0.5840149696769398
C,2,47.5,1.3376927289927474,0.5512695270261442
C,2,52.5,1.3410120657892552,0.515413267323523
C,2,57.5,1.374205433754336,0.5317859886489209
C,2,62.5,1.385823112542114,0.5594558876888431
C,2,67.5,1.146830863193534,0.5147583584705071
C,2,72.5,1.0920618060511509,0.48987182205590246
C,2,77.5,1.263007651071316,0.545866528988763
C,2,82.5,1.2812640034521103,0.5214711742139203
C,2,87.5,1.208238593928933,0.5029699991162208
C,2,92.5,1.098700479644167,0.5096828148596337
C,2,97.5,1.0040993809436876,0.48741591385709276
C,2,102.5,1.0787844588651188,0.48987182205590246
C,2,107.5,1.0588684380860702,0.4730079190907427
C,2,112.5,0.9825236917663851,0.47333537351725063
C,2,117.5,0.9742253497751149,0.4962571833728076
C,2,122.5,1.0356330805105138,0.5028062719029667
C,2,127.5,0.8763049142781273,0.4309300252844704
C,2,132.5,0.7949811627636798,0.4163583033048663
C,2,137.5,0.8929015982606675,0.4644941040015358
C,2,142.5,0.8348132043217765,0.4296202075784385
C,2,147.5,0.750170116010821,0.41439357674581856
C,2,152.5,0.741871774019551,0.4148847583855805
C,2,157.5,0.7734054735863775,0.39343649344930937
C,2,162.5,0.7651071315951073,0.3976934009939128
C,2,167.5,0.6489303437173253,0.36740386654192686
C,2,172.5,0.6074386337609746,0.36740386654192686
C,2,177.5,0.6422916701243091,0.3785373170431974
C,2,182.5,0.6389723333278011,0.3899982219709758
C,2,187.5,0.6107579705574826,0.3412075124212903
C,2,192.5,0.5427115662290675,0.3164847032199396
C,2,197.5,0.5642872554063698,0.35332332620208473
C,2,202.5,0.5061988614674788,0.33138387962605165
C,2,207.5,0.5244552138482731,0.3179582481392255
C,2,212.5,0.47798449869716025,0.31550233994041577
C,2,217.5,0.4165767679617612,0.2925805300848589
C,2,222.5,0.49790051947620867,0.31664843043319363
C,2,227.5,0.40163975237747496,0.2886510769667634
C,2,232.5,0.38172373159842665,0.2703136290823179
C,2,237.5,0.4115977627669991,0.2771901720389849
C,2,242.5,0.36678671601414037,0.27326071892088943
C,2,247.5,0.346870695235092,0.24149763954961767
C,2,252.5,0.3286143428542977,0.2577066336617615
C,2,257.5,0.3103579904735034,0.26147235956660303
C,2,262.5,0.2921016380927091,0.24264373004239553
C,2,267.5,0.27384528571191474,0.23052791626160116
C,2,272.5,0.2788242909066768,0.22594355429048976
C,2,277.5,0.24729059133985032,0.21873955690731473
C,2,282.5,0.27384528571191474,0.21792092084104486
C,2,287.5,0.21907622856953182,0.2026942900084249
C,2,292.5,0.1842231922061972,0.1994197457433453
C,2,297.5,0.23401324415381805,0.19041474901437652
C,2,302.5,0.2024795445869915,0.20253056279517093
C,2,307.5,0.15268949263937065,0.19188829393366233
C,2,312.5,0.17426518181667303,0.17305966440945483
C,2,317.5,0.17758451861318109,0.19156083950715438
C,2,322.5,0.1842231922061972,0.17567929982151848
C,2,327.5,0.19418120259572139,0.17453320932874064
C,2,332.5,0.18090385540968915,0.16405466768048604
C,2,337.5,0.17592485021492707,0.15930657849612068
C,2,342.5,0.14771048744460857,0.17404202768897872
C,2,347.5,0.15268949263937065,0.1524300355394536
C,2,352.5,0.12945413506381423,0.15046530898040586
C,2,357.5,0.16430717142714885,0.15226630832619964
C,2,362.5,0.17094584502016497,0.1463721286490564
C,2,367.5,0.13609280865683038,0.13884067683937343
C,2,372.5,0.1211557930725441,0.1278709535513569
C,2,377.5,0.10787844588651188,0.14457112930326266
C,2,382.5,0.12447512986905217,0.13572985978754784
C,2,387.5,0.10953811428476591,0.13736713192008762
C,2,392.5,0.10123977229349575,0.12721604469834097
C,2,397.5,0.1261347982673062,0.12656113584532505
C,4,-397.5,0.08863283846665189,0.11357614181073773
C,4,-392.5,0.053179703079991134,0.11051832260814096
C,4,-387.5,0.07533791269665412,0.11881811758661794
C,4,-382.5,0.07533791269665412,0.11444980444005108
C,4,-377.5,0.06204298692665633,0.11051832260814096
C,4,-372.5,0.0842011965433193,0.12274959941852807
C,4,-367.5,0.0930644803899845,0.1092078286641709
C,4,-362.5,0.09749612231331709,0.12100227415990135
C,4,-357.5,0.13294925769997784,0.154638285388466
C,4,-352.5,0.12408597385331266,0.13498087622891522
C,4,-347.5,0.13294925769997784,0.1306125630823484
C,4,-342.5,0.09749612231331709,0.14983314092724248
C,4,-337.5,0.1462441834699756,0.1415333459487655
C,4,-332.5,0.11965433192998005,0.1441543338367056
C,4,-327.5,0.163970751163306,0.16949055008679323
C,4,-322.5,0.10635940615998227,0.16599589956953978
C,4,-317.5,0.15953910923997341,0.16643273088419644
C,4,-312.5,0.186128960779969,0.16818005614282316
C,4,-307.5,0.15067582539330823,0.16992738140144992
C,4,-302.5,0.20385552847329938,0.16992738140144992
C,4,-297.5,0.22601373808996233,0.20006874211276107
C,4,-292.5,0.163970751163306,0.16818005614282316
C,4,-287.5,0.1728340350099712,0.1782271763799269
C,4,-282.5,0.21715045424329713,0.19788458553947766
C,4,-277.5,0.20385552847329938,0.20356339263001458
C,4,-272.5,0.1728340350099712,0.21666833206971503
C,4,-267.5,0.2924883669399512,0.20924219972055147
C,4,-262.5,0.2614668734766231,0.20006874211276107
C,4,-257.5,0.29692000886328385,0.2310837654533856
C,4,-252.5,0.27033015732328824,0.2380730664878926
C,4,-247.5,0.31907821847994683,0.22889960888010216
C,4,-242.5,0.30578329270994903,0.24768335541033956
C,4,-237.5,0.3988477730999336,0.2852508484708144
C,4,-232.5,0.30578329270994903,0.26690393325523365
C,4,-227.5,0.30135165078661647,0.2612251261646968
C,4,-222.5,0.3855528473299358,0.2957348000225748
C,4,-217.5,0.5185021050299136,0.2957348000225748
C,4,-212.5,0.41657434079326394,0.283066691897531
C,4,-207.5,0.3855528473299358,0.31277122129418544
C,4,-202.5,0.5450919565699092,0.2804457040095909
C,4,-197.5,0.491912253489918,0.32238151021663247
C,4,-192.5,0.45202747617992467,0.32937081125113943
C,4,-187.5,0.5583868823399069,0.3267498233631993
C,4,-182.5,0.5716818081099047,0.37086978614352434
C,4,-177.5,0.6381564369598937,0.3822274003245981
C,4,-172.5,0.5761134500332373,0.3643173164236741
C,4,-167.5,0.6337247950365611,0.3582016780184805
C,4,-162.5,0.7267892754265456,0.3870325447858216
C,4,-157.5,0.7223576335032129,0.43071567625149004
C,4,-152.5,0.8420119654331929,0.39533233976429866
C,4,-147.5,0.8597385331265233,0.4018848094841489
C,4,-142.5,0.7711056946598716,0.394895508449642
C,4,-137.5,0.9262131619765123,0.42634736310492316
C,4,-132.5,0.8907600265898515,0.4407627964885937
C,4,-127.5,0.8641701750498559,0.41630024286781947
C,4,-122.5,0.9217815200531797,0.4691568319412782
C,4,-117.5,1.1300686904498116,0.4848827592689188
C,4,-112.5,0.8818967427431863,0.45343090461363755
C,4,-107.5,1.1212054066031465,0.43814180860065366
C,4,-102.5,1.0635940615998227,0.49492987950602246
C,4,-97.5,1.1433636162198093,0.5215765897000803
C,4,-92.5,1.0857522712164855,0.4809512774370086
C,4,-87.5,1.125637048526479,0.5132767947216031
C,4,-82.5,1.2231331708397961,0.5032296744844995
C,4,-77.5,1.214269886993131,0.5469128059501679
C,4,-72.5,1.169953467759805,0.5499706251527647
C,4,-67.5,1.2896077996897852,0.5373025170277208
C,4,-62.5,1.409262131619765,0.5442918180622277
C,4,-57.5,1.3516507866164413,0.5421076614889444
C,4,-52.5,1.2452913804564592,0.5032296744844995
C,4,-47.5,1.2408597385331266,0.5202660957561102
C,4,-42.5,1.4668734766230889,0.575743672717509
C,4,-37.5,1.5953910923997343,0.5879749495278961
C,4,-32.5,1.3516507866164413,0.5390498422863476
C,4,-27.5,1.3605140704631065,0.5477864685794813
C,4,-22.5,1.52005317970308,0.5237607462733636
C,4,-17.5,1.5820961666297362,0.5936537566184329
C,4,-12.5,1.5067582539330822,0.566133383795062
C,4,-7.5,1.3472191446931088,0.5434181554329143
C,4,-2.5,1.511189895856415,0.5565230948726149
C,4,2.5,1.5599379570130734,0.5975852384503431
C,4,7.5,1.3294925769997783,0.532934203881154
C,4,12.5,1.2585863062264568,0.524634408902677
C,4,17.5,1.52005317970308,0.629473924420281
C,4,22.5,1.6264125858630623,0.6089428526314169
C,4,27.5,1.4048304896964325,0.5333710351958106
C,4,32.5,1.3915355639264346,0.5626387332778084
C,4,37.5,1.4535785508530912,0.5421076614889444
C,4,42.5,1.2630179481497896,0.5412339988596309
C,4,47.5,1.3738089962331044,0.5504074564674213
C,4,52.5,1.2098382450697984,0.5377393483423775
C,4,57.5,1.4048304896964325,0.5198292644414534
C,4,62.5,1.169953467759805,0.5792383232347624
C,4,67.5,1.1965433192998005,0.5255080715319904
C,4,72.5,1.1433636162198093,0.47439880771715837
C,4,77.5,1.147795258143142,0.5241975775880203
C,4,82.5,1.2098382450697984,0.5407971675449743
C,4,87.5,0.9439397296698426,0.4586728803895177
C,4,92.5,0.9262131619765123,0.5058506623724396
C,4,97.5,0.9882561489031686,0.46085703696280117
C,4,102.5,0.9350764458231775,0.4813881087516653
C,4,107.5,0.9395080877465101,0.4551782298722643
C,4,112.5,0.8686018169731885,0.45474139855760753
C,4,117.5,0.8774651008198537,0.4695936632559348
C,4,122.5,0.983824506979836,0.49842453002327597
C,4,127.5,0.7799689785065367,0.41848439944110294
C,4,132.5,0.8375803235098604,0.3813537376952848
C,4,137.5,0.9217815200531797,0.44425744700584724
C,4,142.5,0.8553068912031907,0.44338378437653386
C,4,147.5,0.7622424108132063,0.3874693761004784
C,4,152.5,0.6603146465765566,0.38790620741513504
C,4,157.5,0.6824728561932195,0.4053794600014024
C,4,162.5,0.7267892754265456,0.3979533276522388
C,4,167.5,0.5229337469532462,0.3647541477383308
C,4,172.5,0.5450919565699092,0.35776484670382386
C,4,177.5,0.6027033015732329,0.3516492082986303
C,4,182.5,0.5849767338799025,0.3665014729969575
C,4,187.5,0.5450919565699092,0.3372337749149597
C,4,192.5,0.46089076002658985,0.31976052232869234
C,4,197.5,0.5495235984932417,0.335486449656333
C,4,202.5,0.536228672723244,0.309276570776932
C,4,207.5,0.3589629957899402,0.2913664868760079
C,4,212.5,0.3323731442499446,0.30490825763036516
C,4,217.5,0.31907821847994683,0.2839403545268443
C,4,222.5,0.42100598271659645,0.2835035232121877
C,4,227.5,0.34123642809660976,0.27520372823371064
C,4,232.5,0.30578329270994903,0.2507411746129364
C,4,237.5,0.42986926656326163,0.2363257412292658
C,4,242.5,0.35453135386660756,0.274766896919054
C,4,247.5,0.29692000886328385,0.22453129573353536
C,4,252.5,0.27033015732328824,0.23239425939735567
C,4,257.5,0.327941502326612,0.23326792202666907
C,4,262.5,0.2924883669399512,0.21448417549643162
C,4,267.5,0.31907821847994683,0.22234713916025195
C,4,272.5,0.2393086638599601,0.20967903103520807
C,4,277.5,0.15953910923997341,0.19832141685413432
C,4,282.5,0.2526035896299579,0.2074948744619247
C,4,287.5,0.19056060270330158,0.17516935717733012
C,4,292.5,0.1994238865499668,0.2136105128671183
C,4,297.5,0.15953910923997341,0.19089528450497073
C,4,302.5,0.186128960779969,0.18652697135840388
C,4,307.5,0.15510746731664082,0.1537646227591526
C,4,312.5,0.1728340350099712,0.16381174299625634
C,4,317.5,0.23044538001329493,0.1804113329532103
C,4,322.5,0.1816973188566364,0.16949055008679323
C,4,327.5,0.14181254154664302,0.14939630961258576
C,4,332.5,0.13738089962331043,0.15507511670312266
C,4,337.5,0.17726567693330378,0.14808581566861573
C,4,342.5,0.1994238865499668,0.15594877933243603
C,4,347.5,0.1816973188566364,0.1406596833194521
C,4,352.5,0.12851761577664525,0.15070680355655583
C,4,357.5,0.11965433192998005,0.13716503280219863
C,4,362.5,0.0930644803899845,0.15944342984968954
C,4,367.5,0.09749612231331709,0.1275547438797516
C,4,372.5,0.11079104808331486,0.13978602069013876
C,4,377.5,0.11522269000664746,0.13585453885822857
C,4,382.5,0.09749612231331709,0.12449692467715481
C,4,387.5,0.10192776423664969,0.12580741862112488
C,4,392.5,0.0842011965433193,0.12318643073318478
C,4,397.5,0.11965433192998005,0.11925494890127461
D,-5,-397.5,0.19741837509491267,0.23003392938916198
D,-5,-392.5,0.09111617312072894,0.16142731886958733
D,-5,-387.5,0.2733485193621868,0.18160573372828576
D,-5,-382.5,0.1366742596810934,0.1775700507565461
D,-5,-377.5,0.19741837509491267,0.21389119750220323
D,-5,-372.5,0.25816249050873197,0.1937127826435048
D,-5,-367.5,0.2885345482156416,0.25021234424786043
D,-5,-362.5,0.15186028853454822,0.16949868481306674
D,-5,-357.5,0.1366742596810934,0.18967709967176513
D,-5,-352.5,0.16704631738800305,0.21187335601633342
D,-5,-347.5,0.19741837509491267,0.21792688047394296
D,-5,-342.5,0.18223234624145787,0.19976630710111437
D,-5,-337.5,0.19741837509491267,0.15335595292610799
D,-5,-332.5,0.16704631738800305,0.20380199007285404
D,-5,-327.5,0.21260440394836752,0.19774846561524453
D,-5,-322.5,0.1366742596810934,0.2199447219598128
D,-5,-317.5,0.22779043280182232,0.2219625634456826
D,-5,-312.5,0.3340926347760061,0.23608745384677152
D,-5,-307.5,0.19741837509491267,0.2522301857337303
D,-5,-302.5,0.15186028853454822,0.2159090389880731
D,-5,-297.5,0.21260440394836752,0.27039075910655885
D,-5,-292.5,0.25816249050873197,0.25021234424786043
D,-5,-287.5,0.30372057706909644,0.2461766612761207
D,-5,-282.5,0.30372057706909644,0.2582837101913398
D,-5,-277.5,0.2885345482156416,0.280479966535908
D,-5,-272.5,0.25816249050873197,0.23003392938916198
D,-5,-267.5,0.10630220197418376,0.2663550761348192
D,-5,-262.5,0.2885345482156416,0.27039075910655885
D,-5,-257.5,0.3340926347760061,0.30267622288047635
D,-5,-252.5,0.25816249050873197,0.2784621250500382
D,-5,-247.5,0.16704631738800305,0.2986405399087366
D,-5,-242.5,0.31890660592255127,0.32890816219678426
D,-5,-237.5,0.25816249050873197,0.32285463773917467
D,-5,-232.5,0.3340926347760061,0.2925870154511271
D,-5,-227.5,0.3492786636294609,0.29460485693699695
D,-5,-222.5,0.22779043280182232,0.31881895476743505
D,-5,-217.5,0.21260440394836752,0.30065838139460643
D,-5,-212.5,0.31890660592255127,0.3147832717956954
D,-5,-207.5,0.25816249050873197,0.36119362597070176
D,-5,-202.5,0.3492786636294609,0.32285463773917467
D,-5,-197.5,0.3796507213363705,0.3369795281402636
D,-5,-192.5,0.45558086560364464,0.3652293089424414
D,-5,-187.5,0.5466970387243736,0.39146124825874934
D,-5,-182.5,0.3492786636294609,0.39549693123048907
D,-5,-177.5,0.5011389521640092,0.4499786513489748
D,-5,-172.5,0.4859529233105543,0.421728870546797
D,-5,-167.5,0.39483675018982534,0.4439251268913652
D,-5,-162.5,0.6226271829916477,0.4943711640381113
D,-5,-157.5,0.3492786636294609,0.41567534608918744
D,-5,-152.5,0.5315110098709187,0.40962182163157795
D,-5,-147.5,0.5618830675778284,0.4398894439196256
D,-5,-142.5,0.5315110098709187,0.41365750460331757
D,-5,-137.5,0.4707668944570994,0.4116396631174478
D,-5,-132.5,0.5466970387243736,0.4883176395805018
D,-5,-127.5,0.5770690964312832,0.47015706620767317
D,-5,-122.5,0.5163249810174639,0.4560321758065843
D,-5,-117.5,0.5770690964312832,0.5266566278120288
D,-5,-112.5,0.6529992406985573,0.5649956160435559
D,-5,-107.5,0.6681852695520122,0.5448172011848574
D,-5,-102.5,0.6074411541381929,0.5084960544392002
D,-5,-97.5,0.759301442672741,0.5972810798174732
D,-5,-92.5,0.7137433561123766,0.5165674203826796
D,-5,-87.5,0.8048595292331056,0.5649956160435559
D,-5,-82.5,0.6226271829916477,0.5831561894163844
D,-5,-77.5,0.6681852695520122,0.5892097138739939
D,-5,-72.5,0.6378132118451025,0.6275487021055208
D,-5,-67.5,0.6985573272589218,0.6013167627892129
D,-5,-62.5,0.7441154138192863,0.5992989213033431
D,-5,-57.5,0.8352315869400152,0.6235130191337812
D,-5,-52.5,0.7896735003796507,0.5569242501000764
D,-5,-47.5,0.7744874715261959,0.587191872388124
D,-5,-42.5,0.9415337889141988,0.6537806414218288
D,-5,-37.5,0.8959757023538345,0.6820304222240066
D,-5,-32.5,0.8807896735003796,0.5649956160435559
D,-5,-27.5,0.9870918754745633,0.6214951776479114
D,-5,-22.5,1.1085801063022018,0.5952632383316034
D,-5,-17.5,0.8504176157934701,0.690101788167486
D,-5,-12.5,1.1693242217160214,0.6214951776479114
D,-5,-7.5,1.1237661351556567,0.6981731541109654
D,-5,-2.5,1.3971146545178437,0.6557984829076986
D,-5,2.5,1.2604403948367502,0.690101788167486
D,-5,7.5,1.1237661351556567,0.690101788167486
D,-5,12.5,1.3971146545178437,0.7304586178848828
D,-5,17.5,1.3819286256643886,0.7163337274837939
D,-5,22.5,1.366742596810934,0.6800125807381369
D,-5,27.5,1.3363705391040244,0.6840482637098765
D,-5,32.5,1.1085801063022018,0.7445835082859716
D,-5,37.5,1.2604403948367502,0.7385299838283622
D,-5,42.5,1.4274867122247532,0.7365121423424924
D,-5,47.5,1.4882308276385725,0.7385299838283622
D,-5,52.5,1.2452543659832953,0.7324764593707526
D,-5,57.5,1.4123006833712985,0.7122980445120541
D,-5,62.5,1.4123006833712985,0.7385299838283622
D,-5,67.5,1.442672741078208,0.7062445200544447
D,-5,72.5,1.5945330296127564,0.6759768977663971
D,-5,77.5,1.2604403948367502,0.6356200680490003
D,-5,82.5,1.6400911161731209,0.7122980445120541
D,-5,87.5,1.2452543659832953,0.7284407763990131
D,-5,92.5,1.457858769931663,0.6981731541109654
D,-5,97.5,1.0478359908883828,0.625530860619651
D,-5,102.5,1.4882308276385725,0.6941374711392257
D,-5,107.5,1.366742596810934,0.6618520073653082
D,-5,112.5,1.184510250569476,0.6073702872468225
D,-5,117.5,1.4882308276385725,0.6739590562805272
D,-5,122.5,1.275626423690205,0.6557984829076986
D,-5,127.5,1.0022779043280183,0.5972810798174732
D,-5,132.5,0.9415337889141988,0.6194773361620416
D,-5,137.5,1.1389521640091116,0.6174594946761716
D,-5,142.5,1.0478359908883828,0.6477271169642194
D,-5,147.5,0.9567198177676537,0.560959933071816
D,-5,152.5,0.9870918754745633,0.5589420915859462
D,-5,157.5,0.7896735003796507,0.5468350426707272
D,-5,162.5,0.8200455580865604,0.5649956160435559
D,-5,167.5,0.683371298405467,0.536745835241378
D,-5,172.5,0.8200455580865604,0.5306923107837684
D,-5,177.5,1.0782080485952923,0.5327101522696384
D,-5,182.5,0.7896735003796507,0.5569242501000764
D,-5,187.5,0.759301442672741,0.548852884156597
D,-5,192.5,0.6529992406985573,0.48024627363702244
D,-5,197.5,0.7289293849658315,0.5226209448402891
D,-5,202.5,0.6074411541381929,0.5044603714674606
D,-5,207.5,0.7289293849658315,0.48226411512289225
D,-5,212.5,0.5466970387243736,0.49638900552398113
D,-5,217.5,0.5466970387243736,0.4176931875750573
D,-5,222.5,0.6226271829916477,0.48226411512289225
D,-5,227.5,0.7137433561123766,0.4176931875750573
D,-5,232.5,0.5770690964312832,0.47015706620767317
D,-5,237.5,0.5466970387243736,0.45805001729245415
D,-5,242.5,0.6074411541381929,0.41365750460331757
D,-5,247.5,0.6378132118451025,0.37733635785766045
D,-5,252.5,0.4100227790432802,0.37128283340005097
D,-5,257.5,0.39483675018982534,0.37733635785766045
D,-5,262.5,0.45558086560364464,0.41567534608918744
D,-5,267.5,0.36446469248291574,0.3813720408294001
D,-5,272.5,0.39483675018982534,0.45199649283484467
D,-5,277.5,0.25816249050873197,0.4197110290609271
D,-5,282.5,0.21260440394836752,0.3551401015130922
D,-5,287.5,0.30372057706909644,0.3087297473380858
D,-5,292.5,0.42520880789673504,0.3410152111120033
D,-5,297.5,0.4859529233105543,0.3470687355696129
D,-5,302.5,0.39483675018982534,0.3551401015130922
D,-5,307.5,0.45558086560364464,0.38540772380113986
D,-5,312.5,0.3796507213363705,0.3369795281402636
D,-5,317.5,0.5315110098709187,0.3470687355696129
D,-5,322.5,0.31890660592255127,0.29460485693699695
D,-5,327.5,0.2885345482156416,0.3107475888239557
D,-5,332.5,0.16704631738800305,0.27644428356416834
D,-5,337.5,0.2733485193621868,0.27039075910655885
D,-5,342.5,0.31890660592255127,0.23003392938916198
D,-5,347.5,0.3340926347760061,0.29460485693699695
D,-5,352.5,0.30372057706909644,0.3147832717956954
D,-5,357.5,0.31890660592255127,0.32083679625330486
D,-5,362.5,0.36446469248291574,0.2724086005924287
D,-5,367.5,0.19741837509491267,0.29460485693699695
D,-5,372.5,0.31890660592255127,0.2724086005924287
D,-5,377.5,0.3340926347760061,0.2724086005924287
D,-5,382.5,0.2885345482156416,0.28249780802177793
D,-5,387.5,0.19741837509491267,0.30267622288047635
D,-5,392.5,0.21260440394836752,0.2461766612761207
D,-5,397.5,0.21260440394836752,0.23003392938916198
D,-3,-397.5,0.2178738797993916,0.2374739152913443
D,-3,-392.5,0.1315464934637836,0.19393703082126448
D,-3,-387.5,0.1767656005919592,0.21994607868650695
D,-3,-382.5,0.1438789772260133,0.20128741391361563
D,-3,-377.5,0.17265477267121598,0.2397355716274523
D,-3,-372.5,0.2302063635616213,0.23917015754342533
D,-3,-367.5,0.33297706158020224,0.26461379132464075
D,-3,-362.5,0.1849872564334457,0.221642320938588
D,-3,-357.5,0.30009043821425635,0.25160926739201955
D,-3,-352.5,0.2178738797993916,0.20750696883791273
D,-3,-347.5,0.20143056811641863,0.2459551265517494
D,-3,-342.5,0.18909808435418893,0.2284272899469121
D,-3,-337.5,0.26720381484831046,0.26461379132464075
D,-3,-332.5,0.16854394475047274,0.23238518853510115
D,-3,-327.5,0.1849872564334457,0.22899270403093913
D,-3,-322.5,0.2302063635616213,0.2267310476948311
D,-3,-317.5,0.3042012661349996,0.2685716899128298
D,-3,-312.5,0.29186878237276986,0.2589596504843707
D,-3,-307.5,0.40286113623283726,0.3075852617106935
D,-3,-302.5,0.2877579544520266,0.2555671659802086
D,-3,-297.5,0.328866233659459,0.29175366735793723
D,-3,-292.5,0.312422921976486,0.2623521349885327
D,-3,-287.5,0.27131464276905365,0.2928844955259913
D,-3,-282.5,0.27131464276905365,0.2951461518620993
D,-3,-277.5,0.3699745128668914,0.2877957687697482
D,-3,-272.5,0.258982159006824,0.2719641744169919
D,-3,-267.5,0.2260955356408781,0.2747912448371269
D,-3,-262.5,0.2877579544520266,0.25726340823228966
D,-3,-257.5,0.37819616870837786,0.2996694645343154
D,-3,-252.5,0.312422921976486,0.3053236053745855
D,-3,-247.5,0.44808024336101293,0.3143702307190177
D,-3,-242.5,0.3823069966291211,0.3205897856433148
D,-3,-237.5,0.3823069966291211,0.3533838025168814
D,-3,-232.5,0.32064457781797256,0.3075852617106935
D,-3,-227.5,0.4604127271232426,0.3160664729710987
D,-3,-222.5,0.3494203732631752,0.33755220816412507
D,-3,-217.5,0.3946394803913508,0.36412667011339456
D,-3,-212.5,0.2795362986105402,0.3358559659120441
D,-3,-207.5,0.3905286524706076,0.3415101067523142
D,-3,-202.5,0.3042012661349996,0.33189806732385496
D,-3,-197.5,0.30831209405574284,0.37543495179393477
D,-3,-192.5,0.49329935048918855,0.37543495179393477
D,-3,-187.5,0.5344076296966209,0.4048364841633393
D,-3,-182.5,0.40286113623283726,0.41105603908763644
D,-3,-177.5,0.5590725972210804,0.45911623622993225
D,-3,-172.5,0.517964318013648,0.41162145317166343
D,-3,-167.5,0.5138534900929047,0.39805151515501513
D,-3,-162.5,0.4768560388062156,0.4133176954237444
D,-3,-157.5,0.5672942530625668,0.42971470386052774
D,-3,-152.5,0.5426292855381073,0.4133176954237444
D,-3,-147.5,0.517964318013648,0.4387613292049599
D,-3,-142.5,0.485077694647702,0.4608124784820133
D,-3,-137.5,0.5837375647455397,0.4675974474903374
D,-3,-132.5,0.5796267368247965,0.46646661932228345
D,-3,-127.5,0.5919592205870262,0.4630741348181214
D,-3,-122.5,0.6001808764285127,0.5230080277249843
D,-3,-117.5,0.7646139932582422,0.5371433798256596
D,-3,-112.5,0.6536216393981749,0.504349362952093
D,-3,-107.5,0.6289566718737154,0.48286362775906666
D,-3,-102.5,0.7481706815752692,0.47720948691879655
D,-3,-97.5,0.6947299186056072,0.5252696840610924
D,-3,-92.5,0.7070624023678368,0.5111343319604172
D,-3,-87.5,0.7029515744470937,0.5671103262790913
D,-3,-82.5,0.6988407465263504,0.5314892389853895
D,-3,-77.5,0.846830551673107,0.5348817234895515
D,-3,-72.5,0.7728356490997287,0.5343163094055245
D,-3,-67.5,0.9043821425635123,0.5416666924978758
D,-3,-62.5,0.9290471100879718,0.6196938360936032
D,-3,-57.5,0.9989311847406068,0.5987735149846038
D,-3,-52.5,0.9783770451368906,0.6394833290345484
D,-3,-47.5,0.9948203568198635,0.6541840952192508
D,-3,-42.5,0.9824878730576337,0.5772877797915774
D,-3,-37.5,0.9948203568198635,0.6558803374713318
D,-3,-32.5,0.8714955191975664,0.5919885459762797
D,-3,-27.5,1.1386993340458769,0.6100817966651441
D,-3,-22.5,0.9496012496916879,0.6163013515894411
D,-3,-17.5,1.089369398996958,0.6349600163623325
D,-3,-12.5,1.126366850283647,0.611778038917225
D,-3,-7.5,1.2579133437474308,0.612343453001252
D,-3,-2.5,1.3935706651319575,0.7565240444281396
D,-3,2.5,1.5004521910712818,0.7616127711843828
D,-3,7.5,1.1386993340458769,0.6751044163282501
D,-3,12.5,1.3853490092904712,0.6835856275886554
D,-3,17.5,1.401792320973444,0.6394833290345484
D,-3,22.5,1.3195757625585791,0.6609690642275748
D,-3,27.5,1.1551426457288496,0.6213900783456842
D,-3,32.5,1.1386993340458769,0.6524878529671697
D,-3,37.5,1.364794869686755,0.5829419206318475
D,-3,42.5,1.2373592041437145,0.6417449853706566
D,-3,47.5,1.1551426457288496,0.6609690642275748
D,-3,52.5,1.1715859574118228,0.6338291881942785
D,-3,57.5,1.4675655677053359,0.6920668388490605
D,-3,62.5,1.4264572884979034,0.7333420669830322
D,-3,67.5,1.229137548302228,0.6587074078914669
D,-3,72.5,1.2743566554304036,0.6756698304122771
D,-3,77.5,1.1880292690947958,0.6016005854047388
D,-3,82.5,1.2085834086985119,0.6700156895720071
D,-3,87.5,1.0523719477102689,0.5823765065478205
D,-3,92.5,1.0852585710762146,0.6406141572026026
D,-3,97.5,1.1140343665214174,0.5959464445644688
D,-3,102.5,1.056482775631012,0.6179975938415221
D,-3,107.5,0.9084929704842556,0.5970772727325226
D,-3,112.5,1.0605936035517554,0.5982081009005767
D,-3,117.5,1.2168050645399984,0.6570111656393858
D,-3,122.5,1.1880292690947958,0.6434412276227376
D,-3,127.5,1.0729260873139852,0.5835073347158745
D,-3,132.5,0.9372687659294582,0.5942502023123877
D,-3,137.5,0.8550522075145934,0.5852035769679554
D,-3,142.5,0.8714955191975664,0.5902923037241986
D,-3,147.5,0.7070624023678368,0.5348817234895515
D,-3,152.5,0.7358381978130395,0.5750261234554694
D,-3,157.5,0.7851681328619584,0.5314892389853895
D,-3,162.5,0.7193948861300665,0.5490170755902268
D,-3,167.5,0.7522815094960125,0.5145268164645793
D,-3,172.5,0.7810573049412152,0.5213117854729035
D,-3,177.5,0.830387239990134,0.5699373966992263
D,-3,182.5,0.8509413795938501,0.5885960614721175
D,-3,187.5,0.6906190906848639,0.5094380897083362
D,-3,192.5,0.8180547562279042,0.5173538868847143
D,-3,197.5,0.674175779001891,0.4868215263472558
D,-3,202.5,0.5837375647455397,0.49812980802779594
D,-3,207.5,0.5714050809833101,0.45911623622993225
D,-3,212.5,0.5631834251418235,0.4749478305826886
D,-3,217.5,0.5837375647455397,0.4489387827174461
D,-3,222.5,0.5508509413795939,0.45628916580979717
D,-3,227.5,0.49329935048918855,0.43197636019663577
D,-3,232.5,0.4645235550439859,0.4161447658438795
D,-3,237.5,0.5919592205870262,0.4777749010028236
D,-3,242.5,0.6330674997944586,0.43536884470079784
D,-3,247.5,0.5508509413795939,0.46137789256604034
D,-3,252.5,0.43985858751952644,0.4291492897765008
D,-3,257.5,0.37819616870837786,0.42292973485220353
D,-3,262.5,0.4686343829647291,0.43028011794455473
D,-3,267.5,0.4521910712817562,0.3856124053064209
D,-3,272.5,0.4234152758365535,0.37260788137379974
D,-3,277.5,0.41930444791581023,0.3652574982814486
D,-3,282.5,0.45630189920249936,0.35790711518909746
D,-3,287.5,0.44808024336101293,0.3449025912564762
D,-3,292.5,0.3576420291046617,0.3731732954578267
D,-3,297.5,0.49329935048918855,0.41784100809596053
D,-3,302.5,0.41930444791581023,0.3776966081300428
D,-3,307.5,0.4686343829647291,0.3612995996932595
D,-3,312.5,0.3535312011839184,0.3482950757606383
D,-3,317.5,0.36175285702540494,0.37260788137379974
D,-3,322.5,0.2877579544520266,0.3550800447689624
D,-3,327.5,0.36175285702540494,0.334159723659963
D,-3,332.5,0.25487133108608073,0.3239822701474768
D,-3,337.5,0.3370878895009455,0.3256785123995578
D,-3,342.5,0.258982159006824,0.3369867940800981
D,-3,347.5,0.34530954534243197,0.3047581912905585
D,-3,352.5,0.2877579544520266,0.3013657067863964
D,-3,357.5,0.27542547068979695,0.3612995996932595
D,-3,362.5,0.34530954534243197,0.31097774621485563
D,-3,367.5,0.2384280194031078,0.33529055182801704
D,-3,372.5,0.18909808435418893,0.28496869834961314
D,-3,377.5,0.3042012661349996,0.32624392648358486
D,-3,382.5,0.29186878237276986,0.2934499096100183
D,-3,387.5,0.26720381484831046,0.3075852617106935
D,-3,392.5,0.242538847323851,0.28327245609753204
D,-3,397.5,0.18909808435418893,0.2928844955259913
D,-1,-397.5,0.2091312235436404,0.22317918715010052
D,-1,-392.5,0.14865954444668414,0.17950621832411784
D,-1,-387.5,0.15117919774239066,0.20082688027066053
D,-1,-382.5,0.18141503729086877,0.19979523533776333
D,-1,-377.5,0.19401330376940135,0.21355050110972637
D,-1,-372.5,0.22676879661358595,0.22352306879439962
D,-1,-367.5,0.2796815158234227,0.24553149402954047
D,-1,-362.5,0.1864543438822818,0.19635641889477254
D,-1,-357.5,0.2696029026405966,0.2362466896334654
D,-1,-352.5,0.18141503729086877,0.2032340517807541
D,-1,-347.5,0.21920983672646643,0.23659057127776448
D,-1,-342.5,0.236847409796412,0.23005682003608205
D,-1,-337.5,0.2620439427534771,0.24002938772075524
D,-1,-332.5,0.15369885103809716,0.22111589728430606
D,-1,-327.5,0.22424914331787946,0.22558635866019405
D,-1,-322.5,0.19653295706510784,0.207360631512343
D,-1,-317.5,0.2141705301350534,0.2334956364790728
D,-1,-312.5,0.27464220923200966,0.2668521559760832
D,-1,-307.5,0.3653497278774441,0.28679729134542964
D,-1,-302.5,0.24188671638782502,0.25756735158000815
D,-1,-297.5,0.3124370086676073,0.29126775272131766
D,-1,-292.5,0.2570046361620641,0.252753008559821
D,-1,-287.5,0.3124370086676073,0.2654766293988869
D,-1,-282.5,0.2973190888933683,0.265820511043186
D,-1,-277.5,0.3073977020761943,0.2733859072177657
D,-1,-272.5,0.24692602297923805,0.270634854063373
D,-1,-267.5,0.25196532957065104,0.27029097241907396
D,-1,-262.5,0.28472082241483576,0.2881728179226259
D,-1,-257.5,0.3124370086676073,0.30708630835907513
D,-1,-252.5,0.3477121548074985,0.3180905209766456
D,-1,-247.5,0.34267284821608546,0.3232487456411317
D,-1,-242.5,0.35527111469461803,0.32875085194991693
D,-1,-237.5,0.34015319492037893,0.3810208618833765
D,-1,-232.5,0.3048780487804878,0.3191221659095428
D,-1,-227.5,0.36786938117315054,0.3548858569166467
D,-1,-222.5,0.4132231404958678,0.3342529582587022
D,-1,-217.5,0.3779479943559766,0.35351033033945045
D,-1,-212.5,0.36283007458173755,0.35454197527234765
D,-1,-207.5,0.39558556742592216,0.3387234196345902
D,-1,-202.5,0.4308607135658133,0.3390673012788892
D,-1,-197.5,0.39558556742592216,0.36554618788991805
D,-1,-192.5,0.46361620640999796,0.3796453353061802
D,-1,-187.5,0.4434589800443459,0.3813647435276756
D,-1,-182.5,0.39810522072162874,0.4185039611119758
D,-1,-177.5,0.5366861519854869,0.44773390087739734
D,-1,-172.5,0.5240878855069542,0.42847652879664905
D,-1,-167.5,0.5114896190284217,0.4315714635953407
D,-1,-162.5,0.5114896190284217,0.4219427775549666
D,-1,-157.5,0.5291271920983672,0.44154403128001396
D,-1,-152.5,0.48629308607135663,0.44120014963571486
D,-1,-147.5,0.6248740173352146,0.45220436225328536
D,-1,-142.5,0.582039911308204,0.4556431786962761
D,-1,-137.5,0.6374722838137472,0.4449828477230047
D,-1,-132.5,0.6828260431364644,0.49106298805908094
D,-1,-127.5,0.5845595646039106,0.5268266790661849
D,-1,-122.5,0.6425115904051603,0.5536494473215129
D,-1,-117.5,0.7861318282604314,0.5447085245697368
D,-1,-112.5,0.7105422293892361,0.5347359568850636
D,-1,-107.5,0.7558959887119532,0.5574321454088027
D,-1,-102.5,0.715581535980649,0.5096325968512311
D,-1,-97.5,0.7558959887119532,0.531984903730671
D,-1,-92.5,0.690385003023584,0.5151347031600163
D,-1,-87.5,0.7710139084861922,0.5777211624224481
D,-1,-82.5,0.8289659342874421,0.5557127371873073
D,-1,-77.5,0.8743196936101592,0.5931958364159067
D,-1,-72.5,0.8516428139488006,0.5639658966504851
D,-1,-67.5,0.9524289457770612,0.6196747230269354
D,-1,-62.5,1.02549889135255,0.6540628874568432
D,-1,-57.5,1.2169925418262446,0.6630038102086191
D,-1,-52.5,1.0431364644224954,0.6258645926243188
D,-1,-47.5,1.07589195726668,0.6323983438660014
D,-1,-42.5,1.1262850231808104,0.6234574211142253
D,-1,-37.5,1.0910098770409191,0.6282717641344124
D,-1,-32.5,1.0658133440838542,0.6231135394699263
D,-1,-27.5,1.1665994759121145,0.6440903197721699
D,-1,-22.5,1.1665994759121145,0.6358371603089921
D,-1,-17.5,1.0431364644224954,0.6437464381278708
D,-1,-12.5,1.2195121951219512,0.6427147931949736
D,-1,-7.5,1.262346301148962,0.631022817288805
D,-1,-2.5,1.627696029026406,0.7510375111491826
D,-1,2.5,1.544547470268091,0.7224953346723593
D,-1,7.5,1.3253376335416245,0.6705692063831988
D,-1,12.5,1.380770006047168,0.7046134891688073
D,-1,17.5,1.3177786736545052,0.6550945323897404
D,-1,22.5,1.3152590203587986,0.6970480929942277
D,-1,27.5,1.3404555533158637,0.6674742715845071
D,-1,32.5,1.411005845595646,0.6633476918529181
D,-1,37.5,1.3026607538802661,0.6777907209134794
D,-1,42.5,1.297621447288853,0.6688497981617033
D,-1,47.5,1.3984075791171133,0.6516557159467495
D,-1,52.5,1.2648659544446683,0.6826050639336664
D,-1,57.5,1.4689578713968958,0.6843244721551619
D,-1,62.5,1.2875428341060269,0.7321240207127334
D,-1,67.5,1.2522676879661359,0.6764151943362832
D,-1,72.5,1.2951017939931464,0.6633476918529181
D,-1,77.5,1.1540012094335819,0.6468413729265626
D,-1,82.5,1.1766780890949406,0.6740080228261895
D,-1,87.5,1.0985688369280386,0.6138287350738512
D,-1,92.5,1.02549889135255,0.6320544622217023
D,-1,97.5,1.0834509171537996,0.6182991964497392
D,-1,102.5,1.0910098770409191,0.630678935644506
D,-1,107.5,1.0431364644224954,0.6014489958790844
D,-1,112.5,0.9272324128199959,0.626552355912917
D,-1,117.5,1.045656117718202,0.6213941312484308
D,-1,122.5,0.9851844386212456,0.6368688052418894
D,-1,127.5,0.8743196936101592,0.5976662977917946
D,-1,132.5,0.7432977222334207,0.585974321885626
D,-1,137.5,0.8163676678089096,0.5880376117514204
D,-1,142.5,0.818887321104616,0.5667169498048776
D,-1,147.5,0.8062890546260835,0.5333604303078673
D,-1,152.5,0.7407780689377141,0.5508983941671203
D,-1,157.5,0.7130618826849425,0.5481473410127277
D,-1,162.5,0.6752670832493449,0.5295777322205775
D,-1,167.5,0.6551098568836928,0.5158224664486145
D,-1,172.5,0.715581535980649,0.5285460872876803
D,-1,177.5,0.8012497480346704,0.5474595777241295
D,-1,182.5,0.7105422293892361,0.5402380631938489
D,-1,187.5,0.6475508969965732,0.5299216138648766
D,-1,192.5,0.6374722838137472,0.5103203601398292
D,-1,197.5,0.6122757508566821,0.4745566691327253
D,-1,202.5,0.6097560975609756,0.4752444324213234
D,-1,207.5,0.4308607135658133,0.46389633815945397
D,-1,212.5,0.5291271920983672,0.48865581654898743
D,-1,217.5,0.5845595646039106,0.43810521483702325
D,-1,222.5,0.47117516629711753,0.4377613331927241
D,-1,227.5,0.45857689981858496,0.4160967896018823
D,-1,232.5,0.5064503124370087,0.44429508443440663
D,-1,237.5,0.5744809514210845,0.45736258691777143
D,-1,242.5,0.5669219915339649,0.4346663983940324
D,-1,247.5,0.43590002015722634,0.42228665919926567
D,-1,252.5,0.4812537794799436,0.41403349973608783
D,-1,257.5,0.4056641806087482,0.38480355997066634
D,-1,262.5,0.4081838339044548,0.38411579668206824
D,-1,267.5,0.36786938117315054,0.3810208618833765
D,-1,272.5,0.360310421286031,0.36829724104431066
D,-1,277.5,0.37038903446885707,0.3614196081583292
D,-1,282.5,0.3779479943559766,0.3579807917153384
D,-1,287.5,0.36283007458173755,0.3321896683929077
D,-1,292.5,0.28976012900624876,0.3490398689635624
D,-1,297.5,0.3880266075388027,0.3590124366482357
D,-1,302.5,0.36283007458173755,0.33115802346001044
D,-1,307.5,0.4056641806087482,0.3407867095003846
D,-1,312.5,0.33763354162467246,0.32428039057402896
D,-1,317.5,0.29479943559766175,0.3249681538626271
D,-1,322.5,0.30235839548478133,0.315339467822253
D,-1,327.5,0.31495666196331384,0.3122445330235613
D,-1,332.5,0.3275549284418464,0.3012403204059908
D,-1,337.5,0.34015319492037893,0.32875085194991693
D,-1,342.5,0.30235839548478133,0.28610952805683143
D,-1,347.5,0.2620439427534771,0.2916116343656167
D,-1,352.5,0.24440636968353155,0.279575776815149
D,-1,357.5,0.3124370086676073,0.3077740716476733
D,-1,362.5,0.26708324934489014,0.2991770305401964
D,-1,367.5,0.23180810320499898,0.2782002502379527
D,-1,372.5,0.2796815158234227,0.2809513033923453
D,-1,377.5,0.2696029026405966,0.2922993976542148
D,-1,382.5,0.27464220923200966,0.26925932748617676
D,-1,387.5,0.25196532957065104,0.274761433794962
D,-1,392.5,0.19401330376940135,0.2520652452712229
D,-1,397.5,0.22676879661358595,0.24965807376112936
D,1,-397.5,0.23269870051375036,0.18181316412597978
D,1,-392.5,0.1390148080991236,0.1639883441136288
D,1,-387.5,0.14808099123602297,0.17587155745519611
D,1,-382.5,0.15714717437292233,0.177852093012124
D,1,-377.5,0.24478694469628287,0.2210277681531519
D,1,-372.5,0.2538531278331822,0.18894309213092017
D,1,-367.5,0.25687518887881533,0.2261771606011644
D,1,-362.5,0.20247809005741915,0.18854698501953462
D,1,-357.5,0.2357207615593835,0.2234044108214654
D,1,-352.5,0.1813236627379873,0.19369637746754714
D,1,-347.5,0.2357207615593835,0.19924187702694518
D,1,-342.5,0.24176488365064974,0.20082630547248748
D,1,-337.5,0.2538531278331822,0.2214238752645375
D,1,-332.5,0.1934119069205198,0.21548226859375383
D,1,-327.5,0.19643396796615292,0.2194433397076096
D,1,-322.5,0.22665457842248413,0.2257810534897788
D,1,-317.5,0.16923541855545482,0.22459273215562212
D,1,-312.5,0.223632517376851,0.24875526595014227
D,1,-307.5,0.2931399214264128,0.25469687262092594
D,1,-302.5,0.17830160169235418,0.25588519395508263
D,1,-297.5,0.299184043517679,0.26063847929170963
D,1,-292.5,0.28407373828951343,0.2539046583981548
D,1,-287.5,0.28407373828951343,0.2503396943956846
D,1,-282.5,0.2598972499244485,0.26261901484863753
D,1,-277.5,0.3324267150196434,0.26063847929170963
D,1,-272.5,0.28105167724388036,0.2642034432941798
D,1,-267.5,0.28407373828951343,0.28915819131147114
D,1,-262.5,0.271985494106981,0.2614306935144807
D,1,-257.5,0.3535811423390752,0.2970803335391826
D,1,-252.5,0.3263825929283772,0.31609347488569034
D,1,-247.5,0.3596252644303415,0.32005454599954614
D,1,-242.5,0.34149289815654277,0.3362949375663548
D,1,-237.5,0.36566938652160774,0.35174311491039223
D,1,-232.5,0.3203384708371109,0.3442170797940663
D,1,-227.5,0.3898458748866727,0.36243800691780287
D,1,-222.5,0.4623753399818676,0.35966525713810377
D,1,-217.5,0.4140223632517377,0.34857425801930764
D,1,-212.5,0.36869144756724087,0.34857425801930764
D,1,-207.5,0.4653974010275007,0.3905616118261788
D,1,-202.5,0.3626473254759746,0.36560686380888746
D,1,-197.5,0.42913266847990333,0.38897718338063647
D,1,-192.5,0.45330915684496825,0.40442536072467394
D,1,-187.5,0.423088546388637,0.4218540736256394
D,1,-182.5,0.4623753399818676,0.43928278652660474
D,1,-177.5,0.519794499848897,0.47295189099437884
D,1,-172.5,0.5741915986702931,0.44918546431124423
D,1,-167.5,0.5681474765790269,0.4777051763310058
D,1,-162.5,0.6134783922635236,0.45710760653895577
D,1,-157.5,0.61952251435479,0.4713674625488365
D,1,-152.5,0.5137503777576307,0.4697830341032942
D,1,-147.5,0.6497431248111212,0.49790663901167015
D,1,-142.5,0.595346025989725,0.49315335367504326
D,1,-137.5,0.5772136597159263,0.5129587092443221
D,1,-132.5,0.6527651858567544,0.5470239208234817
D,1,-127.5,0.7645814445451797,0.5640565266130615
D,1,-122.5,0.7494711393170141,0.5291991008111308
D,1,-117.5,0.8340888485947415,0.5688098119496884
D,1,-112.5,0.7857358718646117,0.5371212430388422
D,1,-107.5,0.8431550317316411,0.5886151675189673
D,1,-102.5,0.8703535811423391,0.5866346319620394
D,1,-97.5,0.894530069507404,0.5759397399546288
D,1,-92.5,0.8794197642792384,0.5814852395140269
D,1,-87.5,0.8310667875491085,0.5965373097466787
D,1,-82.5,0.9579933514656996,0.6115893799793307
D,1,-77.5,0.9307948020550014,0.6250570217664403
D,1,-72.5,0.9882139619220308,0.6012905950833058
D,1,-67.5,1.0305228165608944,0.6262453431005971
D,1,-62.5,1.115140525838622,0.6452584844471048
D,1,-57.5,1.1695376246600182,0.6587261262342143
D,1,-52.5,1.1786038077969174,0.657141697788672
D,1,-47.5,1.214868540344515,0.664667732904998
D,1,-42.5,1.1755817467512844,0.6298103071030672
D,1,-37.5,1.3599274705349047,0.6599144475683711
D,1,-32.5,1.1816258688425505,0.6603105546797566
D,1,-27.5,1.3841039588999697,0.6892263738109038
D,1,-22.5,1.3569054094892719,0.672193768021324
D,1,-17.5,1.3266847990329405,0.6436740560015625
D,1,-12.5,1.341795104261106,0.6603105546797566
D,1,-7.5,1.236022967663947,0.7371553342885585
D,1,-2.5,1.4052583862194017,0.7205188356103644
D,1,2.5,1.4989422786340283,0.7129928004940385
D,1,7.5,1.4928981565427621,0.6813042315831922
D,1,12.5,1.5593834995466909,0.682492552917349
D,1,17.5,1.3478392263523722,0.6777392675807221
D,1,22.5,1.4173466304019342,0.7094278364915682
D,1,27.5,1.2904200664853431,0.6575378049000575
D,1,32.5,1.338773043215473,0.7026940155980135
D,1,37.5,1.3327289211242066,0.6622910902366846
D,1,42.5,1.3720157147174374,0.6975446231500009
D,1,47.5,1.266243578120278,0.6745704106896375
D,1,52.5,1.2813538833484437,0.674966517801023
D,1,57.5,1.2783318223028104,0.6955640875930731
D,1,62.5,1.2571773949833787,0.710616157825725
D,1,67.5,1.2541553339377456,0.6844730884742769
D,1,72.5,1.2299788455726806,0.6595183404569855
D,1,77.5,1.166515563614385,0.6405051991104778
D,1,82.5,1.1090964037473556,0.6666482684619259
D,1,87.5,1.0123904502870957,0.6238687004322836
D,1,92.5,0.9791477787851315,0.6302064142144528
D,1,97.5,0.9821698398307646,0.6004983808605345
D,1,102.5,1.0577213659715927,0.6353558066624653
D,1,107.5,0.967059534602599,0.6139660226476442
D,1,112.5,0.9549712904200665,0.6072322017540893
D,1,117.5,0.9307948020550014,0.6218881648753557
D,1,122.5,1.0214566334239952,0.6115893799793307
D,1,127.5,0.942883046237534,0.5802969181798702
D,1,132.5,0.8794197642792384,0.5846540964051116
D,1,137.5,0.7706255666364461,0.532764064813601
D,1,142.5,0.7736476276820792,0.5585110270536634
D,1,147.5,0.6557872469023874,0.5236536012517327
D,1,152.5,0.7313387730432155,0.5303874221452876
D,1,157.5,0.6346328195829556,0.5371212430388422
D,1,162.5,0.7071622846781505,0.5014716030141403
D,1,167.5,0.6285886974916893,0.49473778212058545
D,1,172.5,0.6165004533091568,0.5295952079225162
D,1,177.5,0.7343608340888486,0.4891922825611875
D,1,182.5,0.546993049259595,0.4899844967839586
D,1,187.5,0.595346025989725,0.4590881420958836
D,1,192.5,0.6104563312178907,0.49592610345474225
D,1,197.5,0.5016621335750983,0.43532171541274894
D,1,202.5,0.57116953762466,0.46304921320973935
D,1,207.5,0.4623753399818676,0.42621125185088077
D,1,212.5,0.4865518283469326,0.4468088216429308
D,1,217.5,0.48957388939256574,0.4349256083013634
D,1,222.5,0.3989120580235721,0.41274361006377114
D,1,227.5,0.4502870957993351,0.411951395841
D,1,232.5,0.447265034753702,0.38224336248708174
D,1,237.5,0.4502870957993351,0.4305684300761221
D,1,242.5,0.4684194620731339,0.39769153983111927
D,1,247.5,0.38380175279540646,0.366002970920273
D,1,252.5,0.40797824116047143,0.37313289892521345
D,1,257.5,0.41100030220610456,0.36045747136087497
D,1,262.5,0.33847083711090964,0.33669104467774036
D,1,267.5,0.371713508612874,0.3303533308955711
D,1,272.5,0.2629193109700816,0.33391829489804126
D,1,277.5,0.3173164097914778,0.30302194020996637
D,1,282.5,0.31127228770021154,0.3153012606629192
D,1,287.5,0.33847083711090964,0.30381415443273746
D,1,292.5,0.33847083711090964,0.3085674397693644
D,1,297.5,0.29616198247204595,0.3390676873460538
D,1,302.5,0.28407373828951343,0.31332072510599135
D,1,307.5,0.24780900574191597,0.2883659770887
D,1,312.5,0.271985494106981,0.2950997979822548
D,1,317.5,0.30522816560894533,0.29906086909611057
D,1,322.5,0.28105167724388036,0.2645995504055654
D,1,327.5,0.2901178603807797,0.26063847929170963
D,1,332.5,0.21758839528558477,0.27331390685604806
D,1,337.5,0.25083106678754913,0.2523202299526125
D,1,342.5,0.18736778482925354,0.24598251617044326
D,1,347.5,0.2538531278331822,0.25628130106646824
D,1,352.5,0.21456633423995167,0.2539046583981548
D,1,357.5,0.2387428226050166,0.2649956575169509
D,1,362.5,0.20247809005741915,0.23806037394273172
D,1,367.5,0.1903898458748867,0.249943587284299
D,1,372.5,0.23269870051375036,0.22657326771254999
D,1,377.5,0.2538531278331822,0.24558640905905765
D,1,382.5,0.24780900574191597,0.2230083037100798
D,1,387.5,0.19643396796615292,0.2261771606011644
D,1,392.5,0.17830160169235418,0.22736548193532113
D,1,397.5,0.17527954064672108,0.22261219659869422
D,3,-397.5,0.252298481932863,0.20831544549554776
D,3,-392.5,0.1667735728030789,0.2048910820079497
D,3,-387.5,0.1753260637160573,0.20089599127241864
D,3,-382.5,0.1881548000855249,0.1980423550327536
D,3,-377.5,0.1539448364336113,0.21858853595834188
D,3,-372.5,0.2779559546717982,0.23856398963599712
D,3,-367.5,0.28223220012828737,0.29221235094169984
D,3,-362.5,0.22236476373743852,0.22657871742940394
D,3,-357.5,0.26512721830233055,0.25682726156985336
D,3,-352.5,0.19243104554201412,0.21116908173521276
D,3,-347.5,0.26940346375881974,0.2351396261483991
D,3,-342.5,0.23946974556339531,0.226007990181471
D,3,-337.5,0.252298481932863,0.25454435257812136
D,3,-332.5,0.22236476373743852,0.228861626421136
D,3,-327.5,0.23946974556339531,0.2636759885450495
D,3,-322.5,0.21808851828094933,0.2476956256029253
D,3,-317.5,0.2565747273893521,0.2351396261483991
D,3,-312.5,0.3078896728672226,0.28022707873510666
D,3,-307.5,0.423348300192431,0.305339077644159
D,3,-302.5,0.22664100919392774,0.29335380543756584
D,3,-297.5,0.3207184092366902,0.2887879874541018
D,3,-292.5,0.26085097284584136,0.27509053350370966
D,3,-287.5,0.359204618345093,0.2893587147020348
D,3,-282.5,0.3506521274321146,0.27509053350370966
D,3,-277.5,0.41907205473594183,0.2733783517599106
D,3,-272.5,0.26940346375881974,0.2728076245119776
D,3,-267.5,0.2309172546504169,0.2979196234210299
D,3,-262.5,0.3506521274321146,0.2853636239665037
D,3,-257.5,0.401967072909985,0.27623198799957566
D,3,-252.5,0.3677571092580714,0.3487143484870676
D,3,-247.5,0.48321573658327993,0.3538508937184646
D,3,-242.5,0.401967072909985,0.3612703479415938
D,3,-237.5,0.4490057729313663,0.3995090735531053
D,3,-232.5,0.3720333547145606,0.3196072588424842
D,3,-227.5,0.44472952747487704,0.3538508937184646
D,3,-222.5,0.4618345093008338,0.36811907491678986
D,3,-217.5,0.49176822749625826,0.39151889208204316
D,3,-212.5,0.3720333547145606,0.3612703479415938
D,3,-207.5,0.504596963865726,0.35898743894986174
D,3,-202.5,0.423348300192431,0.3789628926275169
D,3,-197.5,0.41479580927945264,0.3858116196027131
D,3,-192.5,0.44472952747487704,0.4126358002555644
D,3,-187.5,0.5302544366046611,0.4366063446687507
D,3,-182.5,0.5345306820611504,0.44174288990014776
D,3,-177.5,0.6927517639512508,0.450303798619143
D,3,-172.5,0.5858456275390208,0.4177723454869615
D,3,-167.5,0.5815693820825315,0.48397670624719036
D,3,-162.5,0.6457130639298696,0.44345507164394676
D,3,-157.5,0.7440667094291212,0.4657134343133341
D,3,-152.5,0.5815693820825315,0.45258670761087494
D,3,-147.5,0.6670942912123156,0.4925376149661855
D,3,-142.5,0.7013042548642292,0.48112307000752536
D,3,-137.5,0.654265554842848,0.48568888799098936
D,3,-132.5,0.7868291639940134,0.5016692509331135
D,3,-127.5,0.7740004276245456,0.5147959776355728
D,3,-122.5,0.8509728458413514,0.5969807013379258
D,3,-117.5,0.9364977549711353,0.5735808841726725
D,3,-112.5,0.8167628821894377,0.5393372492966921
D,3,-107.5,1.009193927731452,0.5399079765446251
D,3,-102.5,0.8980115458627326,0.5501810670074193
D,3,-97.5,0.9108402822322001,0.5615956119660794
D,3,-92.5,0.8809065640367757,0.5541761577429503
D,3,-87.5,0.9920889459054949,0.609536700792452
D,3,-82.5,1.0733376095787899,0.5741516114206056
D,3,-77.5,1.0519563822963438,0.5964099740899929
D,3,-72.5,1.1246525550566604,0.5952685195941267
D,3,-67.5,1.034851400470387,0.6169561550155811
D,3,-62.5,1.28714988240325,0.6472046991560305
D,3,-57.5,1.2999786187727176,0.680306879536145
D,3,-52.5,1.1973487278169765,0.6597606986105566
D,3,-47.5,1.2272824460124012,0.6854434247675419
D,3,-42.5,1.2529399187513364,0.6375023359411693
D,3,-37.5,1.2614924096643148,0.5958392468420598
D,3,-32.5,1.0690613641223008,0.5935563378503278
D,3,-27.5,1.3384648278811204,0.6609021531064226
D,3,-22.5,1.1930724823604875,0.5935563378503278
D,3,-17.5,1.3384648278811204,0.5804296111478686
D,3,-12.5,1.3042548642292067,0.6312243362139064
D,3,-7.5,1.2016249732734658,0.6215219729990451
D,3,-2.5,1.5308958734231346,0.7419454223129098
D,3,2.5,1.4624759461193073,0.7339552408418476
D,3,7.5,1.1716912550780416,0.6586192441146907
D,3,12.5,1.2272824460124012,0.6643265165940206
D,3,17.5,1.39405601881548,0.6523412443874276
D,3,22.5,1.3384648278811204,0.6460632446601645
D,3,27.5,1.0818901004917683,0.6306536089659733
D,3,32.5,1.1289288005131495,0.6660386983378197
D,3,37.5,1.0818901004917683,0.6215219729990451
D,3,42.5,1.077613855035279,0.616385427767648
D,3,47.5,1.1161000641436818,0.5849954291313327
D,3,52.5,1.1289288005131495,0.615243973271782
D,3,57.5,1.4197134915544152,0.7145505144121254
D,3,62.5,1.2016249732734658,0.6922921517427381
D,3,67.5,1.1759675005345307,0.6289414272221743
D,3,72.5,1.0305751550138977,0.6232341547428442
D,3,77.5,0.9407740004276246,0.6380730631891023
D,3,82.5,0.9236690186016676,0.6112488825362511
D,3,87.5,0.8509728458413514,0.5787174294040696
D,3,92.5,0.8851828094932649,0.5941270650982607
D,3,97.5,0.8937353004062433,0.5507517942553523
D,3,102.5,0.7355142185161428,0.5741516114206056
D,3,107.5,0.8167628821894377,0.5615956119660794
D,3,112.5,0.6713705366688048,0.5536054304950172
D,3,117.5,0.9151165276886893,0.6312243362139064
D,3,122.5,0.9193927731451785,0.6420681539246333
D,3,127.5,0.7355142185161428,0.5821417928916677
D,3,132.5,0.7740004276245456,0.5564590667346823
D,3,137.5,0.6799230275817832,0.5216447046107688
D,3,142.5,0.7312379730596537,0.5210739773628358
D,3,147.5,0.6157793457344451,0.5045228871727787
D,3,152.5,0.6841992730382723,0.5147959776355728
D,3,157.5,0.5858456275390208,0.5193617956190368
D,3,162.5,0.5815693820825315,0.47142070679266423
D,3,167.5,0.5687406457130639,0.49767416019758254
D,3,172.5,0.5473594184306179,0.48568888799098936
D,3,177.5,0.7825529185375241,0.5279227043380319
D,3,182.5,0.5644644002565747,0.5085179779083097
D,3,187.5,0.5559119093435964,0.5222154318587019
D,3,192.5,0.5388069275176395,0.4668548888092002
D,3,197.5,0.5131494547787042,0.4451672533877459
D,3,202.5,0.675646782125294,0.46057688908193706
D,3,207.5,0.38058584562753905,0.43204052668528664
D,3,212.5,0.5473594184306179,0.4348941629249517
D,3,217.5,0.5003207184092368,0.4463087078836118
D,3,222.5,0.4062433183664742,0.4069285277762344
D,3,227.5,0.4532820183878555,0.4069285277762344
D,3,232.5,0.3934145819970067,0.4679963433050661
D,3,237.5,0.43617703656189866,0.4211967089745595
D,3,242.5,0.43190079110540947,0.45087452586707594
D,3,247.5,0.504596963865726,0.42005525447869346
D,3,252.5,0.3677571092580714,0.4012212552969043
D,3,257.5,0.41479580927945264,0.3949432555696412
D,3,262.5,0.27367970921530893,0.376109256387852
D,3,267.5,0.3763096001710498,0.3880945285944451
D,3,272.5,0.3335471456061578,0.34643143949533556
D,3,277.5,0.38058584562753905,0.3184658043466182
D,3,282.5,0.3292709001496686,0.34586071224740256
D,3,287.5,0.3549283728886038,0.3498558029829336
D,3,292.5,0.3720333547145606,0.3509972574787996
D,3,297.5,0.41479580927945264,0.37953361987545
D,3,302.5,0.31216591832371177,0.3498558029829336
D,3,307.5,0.34209963651913616,0.3549923482143307
D,3,312.5,0.295060936497755,0.3304510765532113
D,3,317.5,0.3549283728886038,0.33672907628047444
D,3,322.5,0.24802223647637373,0.32303162233008226
D,3,327.5,0.31216591832371177,0.307621986635891
D,3,332.5,0.29078469104126575,0.2859343512144367
D,3,337.5,0.22664100919392774,0.3310218038011443
D,3,342.5,0.28650844558477656,0.2882172602061688
D,3,347.5,0.27367970921530893,0.31332925911522114
D,3,352.5,0.19670729099850334,0.2705247155202456
D,3,357.5,0.28650844558477656,0.29107089644583384
D,3,362.5,0.3036134274107334,0.2887879874541018
D,3,367.5,0.2565747273893521,0.308763441131757
D,3,372.5,0.2779559546717982,0.2768027152475086
D,3,377.5,0.3036134274107334,0.27623198799957566
D,3,382.5,0.31216591832371177,0.2819392604789057
D,3,387.5,0.26512721830233055,0.2870758057103028
D,3,392.5,0.22236476373743852,0.24883708009879127
D,3,397.5,0.24802223647637373,0.2842221694706378
