{
 "version": 1,
 "kind": "hits6",
 "det": "mx17_3",
 "run": "mx17_det3_saturday_scan_6-27-26",
 "subrun": "long_run_resist_490V_drift_1000V",
 "trained": "2026-07-12",
 "drift_hv": 1000,
 "gas": "Ar/iso 95/5 +~1% H2O +~1% air",
 "sample_ns": 60.0,
 "n_quality": 15222,
 "train_split": "even eids",
 "planes": {
  "x": {
   "feats": [
    "tot_lead",
    "q_frac",
    "n_raw",
    "a_asym",
    "a_lead",
    "t_delay"
   ],
   "mu": [
    764.9606299212599,
    0.32744080353361343,
    7.405118110236221,
    0.32376813193986864,
    3445.4802156823825,
    -69.48212919460506
   ],
   "sd": [
    213.34152139049215,
    0.12059187737799662,
    2.7997562790839985,
    0.25554495469492944,
    2458.7323304203633,
    111.56609479805746
   ],
   "w": [
    -0.026105298706230996,
    0.001209804138120385,
    0.0599819608203867,
    -0.0007825699812622361,
    -0.01374554832073199,
    -0.0010218126028469143,
    0.13396053417825435
   ],
   "calib_s": [
    0.024158535652789997,
    0.035040480015942135,
    0.0432598182620912,
    0.05052201450655927,
    0.05851123503038212,
    0.06618261803209564,
    0.07481605047860351,
    0.0833885578709177,
    0.09234147284510619,
    0.10134417166228543,
    0.11073737746837112,
    0.12084587765997015,
    0.1304157217850642,
    0.14110469297837572,
    0.15076087451518244,
    0.16114831689373688,
    0.17171311138892595,
    0.18259771425885746,
    0.1935744909988555,
    0.20600591804530305,
    0.21790029220154788,
    0.23321646611920657,
    0.2535507812715577,
    0.28148778168009775
   ],
   "calib_t": [
    0.026267923078107772,
    0.026403613226508763,
    0.034956828331387475,
    0.038411753876071514,
    0.04675387925282802,
    0.05645538041731829,
    0.0706435726105326,
    0.08142471671747098,
    0.0841549563159536,
    0.0952994200680347,
    0.10908000653698911,
    0.1127077096230569,
    0.12761042313207627,
    0.13663588901513893,
    0.14493266077046396,
    0.16083819524468684,
    0.17176490050898757,
    0.18487212179164092,
    0.19537450298902298,
    0.21319547644225814,
    0.22813641788601163,
    0.2429800672312692,
    0.27004707456829735,
    0.300605642155934
   ],
   "wg": [
    1.2421215424240368,
    0.010225917925169385
   ],
   "holdout": {
    "bias": -0.3635046149377805,
    "s68": 1.7400734170444656,
    "cov": 0.9997368074746678,
    "n": 5708,
    "sign_acc": 0.9501813784764208
   },
   "v_sig": 34.727917363270265,
   "t_sat_ns": 679.3868103027344
  },
  "y": {
   "feats": [
    "tot_lead",
    "q_frac",
    "n_raw",
    "a_asym",
    "a_lead",
    "t_delay"
   ],
   "mu": [
    652.7430145611963,
    0.3055778010740701,
    8.24793388429752,
    0.2742148390854755,
    3445.7227119727036,
    -71.13419385127128
   ],
   "sd": [
    175.3478369051746,
    0.09620169331797278,
    2.5380071676175198,
    0.2087504090511078,
    2376.1324084351268,
    114.81498548591252
   ],
   "w": [
    -0.031055057361674104,
    -0.013041231637008523,
    0.045474165257404504,
    -0.0003500170892092729,
    -0.006480142792298388,
    -0.00491006280175535,
    0.12577604639211934
   ],
   "calib_s": [
    0.013272072829613929,
    0.029543847435532136,
    0.04024454502528056,
    0.04939229558710942,
    0.05767206674881345,
    0.06515781684661089,
    0.07257505734177186,
    0.08062706177760783,
    0.08915980892491945,
    0.09706266749222722,
    0.10612354928011786,
    0.11521027457068511,
    0.12301197781454073,
    0.1328321631658847,
    0.14176648596464353,
    0.1515314764387069,
    0.1608773396106029,
    0.17149419994653398,
    0.18284474492587666,
    0.19349619931318407,
    0.2060354527807352,
    0.22079352060116486,
    0.23804846164705581,
    0.26429739345715647
   ],
   "calib_t": [
    0.019632998441022495,
    0.024312745733001424,
    0.030839267585058668,
    0.038347828990283425,
    0.04232642933458864,
    0.051394614869808036,
    0.059117689463835034,
    0.07000277862473317,
    0.08129377927803728,
    0.08666354989820287,
    0.09963497545504207,
    0.1092264540965936,
    0.11455654157704974,
    0.12832876126703183,
    0.13240369778435462,
    0.14756199693050087,
    0.1603903474940054,
    0.17008816215647848,
    0.1889500840627033,
    0.19678782287886243,
    0.21469384552861662,
    0.23414481504846307,
    0.25785148459331486,
    0.2889349487561189
   ],
   "wg": [
    2.1667675414687344,
    0.011053438150076323
   ],
   "holdout": {
    "bias": -0.34312060441685777,
    "s68": 1.7595070683172978,
    "cov": 0.9998684037373339,
    "n": 5457,
    "sign_acc": 0.9609589041095891
   },
   "v_sig": 35.28894472411665,
   "t_sat_ns": 709.23046875
  }
 }
}