{
 "version": 1,
 "kind": "hits6",
 "det": "mx17_2",
 "run": "mx17_det2_det3_overnight_6-22-26",
 "subrun": "longer_run",
 "trained": "2026-07-12",
 "drift_hv": 1000,
 "gas": "Ar/iso 95/5 +~1% H2O (det2 line)",
 "sample_ns": 60.0,
 "n_quality": 10550,
 "train_split": "even eids",
 "planes": {
  "x": {
   "feats": [
    "tot_lead",
    "q_frac",
    "n_raw",
    "a_asym",
    "a_lead",
    "t_delay"
   ],
   "mu": [
    774.0612362796072,
    0.3217353877645257,
    7.8894665896399,
    0.35900564486479314,
    4351.844889217136,
    -55.469392007746585
   ],
   "sd": [
    216.19223198840564,
    0.13395789882172293,
    3.0756729147895476,
    0.28501642073499406,
    3207.468101792634,
    125.15240362137928
   ],
   "w": [
    -0.02923012054998679,
    -0.0014193184644003334,
    0.04994294623507407,
    -0.0014946661548424164,
    -0.004856114267298201,
    0.0015762570236294586,
    0.13494704809043098
   ],
   "calib_s": [
    0.025543692047670756,
    0.03867183676357006,
    0.047234014499445476,
    0.05635829897242487,
    0.06478611967960506,
    0.07405324593277697,
    0.08364750202926716,
    0.09320286223187099,
    0.10215808855641853,
    0.11094738064998216,
    0.11965046102094964,
    0.12840856485695337,
    0.13698457723190843,
    0.14623994826209225,
    0.15473509795549195,
    0.16304718764525794,
    0.17175658387872367,
    0.18069075632974657,
    0.19113136084474047,
    0.20184155551206243,
    0.2123258636226329,
    0.22367557291076193,
    0.2381845397800179,
    0.25877393075095223
   ],
   "calib_t": [
    0.026298872628073067,
    0.030185316612720045,
    0.04065326849839507,
    0.0451590216929921,
    0.05165468363889461,
    0.06709282531926564,
    0.07382821303924214,
    0.08547316957214361,
    0.09426637488827687,
    0.10648948974281716,
    0.11337911996568668,
    0.12163777744948671,
    0.1329685738723243,
    0.14053497183736613,
    0.15257358125642223,
    0.16481761567870312,
    0.169582681103847,
    0.1889261690324301,
    0.19806412498489087,
    0.21189361623924438,
    0.2285542441207118,
    0.24029950036108325,
    0.26267212250992056,
    0.2877571210116806
   ],
   "wg": [
    1.086726414657499,
    0.008696090597766363
   ],
   "holdout": {
    "bias": -0.49820514319489284,
    "s68": 1.9428638612944908,
    "cov": 0.991145440844009,
    "n": 3937,
    "sign_acc": 0.9192256341789052
   },
   "v_sig": 41.4767635765334,
   "t_sat_ns": 711.4893798828125
  },
  "y": {
   "feats": [
    "tot_lead",
    "q_frac",
    "n_raw",
    "a_asym",
    "a_lead",
    "t_delay"
   ],
   "mu": [
    635.6289368200038,
    0.2962149571455516,
    8.701660622256156,
    0.2892334461475386,
    4020.4480737554,
    -64.72765976100688
   ],
   "sd": [
    177.3747081940502,
    0.10215929311405228,
    2.7031223966859357,
    0.23931477360839193,
    2554.2108427593853,
    133.5752535244969
   ],
   "w": [
    -0.029772713923327494,
    -0.0024210265550932697,
    0.043623633775168626,
    0.0044728499467521715,
    -0.007325575969674029,
    -0.004344045500295249,
    0.11506382978770568
   ],
   "calib_s": [
    0.023876294182514093,
    0.03627502166005421,
    0.04589611903000502,
    0.054248276860679095,
    0.06101265343039948,
    0.06782468427290475,
    0.07384438427642359,
    0.07989744893005196,
    0.08665305787987626,
    0.0925685691803845,
    0.09985875451404383,
    0.10580161629312569,
    0.11230846234264241,
    0.11916341650643388,
    0.12736236144003418,
    0.13513192803394578,
    0.1431136425969128,
    0.15062893903161773,
    0.15878397338891842,
    0.1686830679615544,
    0.17866183049457018,
    0.19128883325056747,
    0.2067977187660747,
    0.22814592067743908
   ],
   "calib_t": [
    0.03255952685133956,
    0.03307834562920208,
    0.03704549954283026,
    0.039017836396564046,
    0.05126368707943482,
    0.053992550466224115,
    0.06466969404273415,
    0.06750118872903851,
    0.07409958267108346,
    0.07873598448399384,
    0.09421905634295488,
    0.09587005405182226,
    0.10698716901764416,
    0.11265700378187699,
    0.1261184442762204,
    0.1261184442762204,
    0.1331833241679257,
    0.14399803033429162,
    0.1571244129701255,
    0.1706215884570718,
    0.17999883448363097,
    0.19971944810030084,
    0.22361121627080863,
    0.25852818066920946
   ],
   "wg": [
    1.9356820728507325,
    0.009700329243958966
   ],
   "holdout": {
    "bias": -0.8767479055154084,
    "s68": 2.190247077419585,
    "cov": 1.0,
    "n": 3669,
    "sign_acc": 0.9347026364193746
   },
   "v_sig": 35.995445739503104,
   "t_sat_ns": 755.66748046875
  }
 }
}