{
 "version": 1,
 "kind": "hits6",
 "det": "mx17_6",
 "run": "mx17_det6_det7_overnight_6-26-26",
 "subrun": "long_run",
 "trained": "2026-07-12",
 "drift_hv": 700,
 "gas": "Ar/iso 95/5 (~1.2% H2O, high O2)",
 "sample_ns": 60.0,
 "n_quality": 15091,
 "train_split": "even eids",
 "planes": {
  "x": {
   "feats": [
    "tot_lead",
    "q_frac",
    "n_raw",
    "a_asym",
    "a_lead",
    "t_delay"
   ],
   "mu": [
    905.4297485438273,
    0.39087361395952797,
    6.844722261684899,
    0.4711959074719641,
    6698.010317794165,
    -59.46422519025384
   ],
   "sd": [
    285.5001555657219,
    0.18312406899271577,
    3.029646604770512,
    0.32604491690099396,
    15184.19509076539,
    258.54361230894756
   ],
   "w": [
    -0.03263525512138444,
    -0.001778936011619256,
    0.050496717871102374,
    0.0002772625135911615,
    -0.002085060299076749,
    -0.0013181513808174581,
    0.1326586595105724
   ],
   "calib_s": [
    0.023777781698351597,
    0.03922090565804552,
    0.05017200816111619,
    0.059562821816322664,
    0.06829150646327106,
    0.07583179835134088,
    0.08418098552591533,
    0.09193481972234499,
    0.09931264753234986,
    0.10668904315138211,
    0.11469215322707876,
    0.12329528118394448,
    0.13143305084361756,
    0.13970759300942986,
    0.1480206564440233,
    0.15733541003809226,
    0.1654667142189982,
    0.17481978056497338,
    0.1844139518409652,
    0.19526590446333303,
    0.20835711993026973,
    0.22134406778295737,
    0.2376893544834987,
    0.2621417123970319
   ],
   "calib_t": [
    0.032340112725399675,
    0.03827163733243324,
    0.04000967982569903,
    0.04269388735464498,
    0.04785576516807039,
    0.0585156796314171,
    0.07068916386238616,
    0.07255476560827306,
    0.0820762638251112,
    0.08830587338106574,
    0.10276625016896304,
    0.10970498498454305,
    0.11829873074304334,
    0.12319270701987335,
    0.136568062864494,
    0.14799509430499763,
    0.15964441557236705,
    0.17338170985952558,
    0.18504412993475655,
    0.198642069774719,
    0.21052284097463506,
    0.23132066526713158,
    0.2582276288125276,
    0.2838758246509686
   ],
   "wg": [
    0.9692782287769905,
    0.004319143550761081
   ],
   "holdout": {
    "bias": -0.8646595892884577,
    "s68": 2.587160719792872,
    "cov": 0.9347653142402546,
    "n": 5247,
    "sign_acc": 0.9162951956414066
   },
   "v_sig": 27.608729326374696,
   "t_sat_ns": 984.4874267578125
  },
  "y": {
   "feats": [
    "tot_lead",
    "q_frac",
    "n_raw",
    "a_asym",
    "a_lead",
    "t_delay"
   ],
   "mu": [
    784.2369934465695,
    0.36125239693850725,
    7.763140296910525,
    0.41988843616765764,
    6489.257238776062,
    -25.891734398350415
   ],
   "sd": [
    266.481433047602,
    0.16259646940400238,
    3.021644567479745,
    0.32605223293761076,
    5955.8819186393075,
    486.478192815512
   ],
   "w": [
    -0.029138542164743538,
    -0.011490381144687329,
    0.03180376471673987,
    -0.00011623983806927432,
    -0.0010183373935020016,
    -0.0018856300134401935,
    0.11440345054119491
   ],
   "calib_s": [
    0.02286222442927517,
    0.03965392721906215,
    0.05185529456133313,
    0.06079684732445728,
    0.06919513078113965,
    0.07609052176668624,
    0.08203837713963041,
    0.08791912175633783,
    0.0932360949915042,
    0.0988300950965901,
    0.10486034699659415,
    0.11027157743085501,
    0.11578611939949915,
    0.12209252479338703,
    0.12785255774327467,
    0.13365328750701272,
    0.14101201117285803,
    0.14794036341895575,
    0.15497539757414094,
    0.16211499903311677,
    0.16925661846251477,
    0.17763374591670272,
    0.1892857741307723,
    0.2055222078169036
   ],
   "calib_t": [
    0.04153760781564745,
    0.048361370692006245,
    0.052763130636563106,
    0.052763130636563106,
    0.055730363057335176,
    0.055730363057335176,
    0.055730363057335176,
    0.05731002402087877,
    0.06501363210660192,
    0.07367397689221138,
    0.07685534977759689,
    0.082819475290228,
    0.09480578584517196,
    0.1039309690945203,
    0.1120090642637903,
    0.1120090642637903,
    0.12549337947065117,
    0.13624997801928496,
    0.15599904761006833,
    0.16168373968418373,
    0.17586859670633045,
    0.19250966253191074,
    0.21026427859114277,
    0.23656095783672534
   ],
   "wg": [
    1.2358730819488928,
    0.0023481196883772945
   ],
   "holdout": {
    "bias": -1.3128248832939295,
    "s68": 2.906265792830868,
    "cov": 0.99058605144524,
    "n": 5157,
    "sign_acc": 0.8490143369175627
   },
   "v_sig": 19.45222241727838,
   "t_sat_ns": 1061.1184997558594
  }
 }
}