{
 "version": 1,
 "kind": "hits6",
 "det": "mx17_7",
 "run": "mx17_det6_det7_overnight_6-26-26",
 "subrun": "long_run",
 "trained": "2026-07-12",
 "drift_hv": 700,
 "gas": "Ar/iso 95/5 (~0.7% H2O, high O2)",
 "sample_ns": 60.0,
 "n_quality": 10631,
 "train_split": "even eids",
 "planes": {
  "x": {
   "feats": [
    "tot_lead",
    "q_frac",
    "n_raw",
    "a_asym",
    "a_lead",
    "t_delay"
   ],
   "mu": [
    846.1445051608986,
    0.3912986685832055,
    6.7775753895972475,
    0.4698640063689574,
    6305.954116299384,
    -36.97558298054988
   ],
   "sd": [
    229.61785206933195,
    0.1872727781816144,
    3.401386533275639,
    0.35927618753784973,
    3973.1118293924746,
    212.5726002762742
   ],
   "w": [
    -0.05245674024620829,
    0.0004345826678399285,
    0.03588620011051819,
    0.011034335944085687,
    0.003753748958437982,
    -0.0049915796038675145,
    0.14054929449231174
   ],
   "calib_s": [
    0.030846556689380765,
    0.05067236884776319,
    0.06153773028295938,
    0.07066739948829845,
    0.08016258393560867,
    0.08919885617565121,
    0.09673920114918937,
    0.1056455249354992,
    0.11378570414737588,
    0.12184747729590754,
    0.13005939256014443,
    0.1373383836845535,
    0.14426320514426383,
    0.15146892838249923,
    0.1595709450310207,
    0.1672937796297474,
    0.17488857630585775,
    0.18251577900087335,
    0.19072241691775252,
    0.1989610411594981,
    0.20734929790391768,
    0.21834621971031776,
    0.2316573056739162,
    0.2522750413260648
   ],
   "calib_t": [
    0.03198959748470844,
    0.035084418045730245,
    0.035084418045730245,
    0.046406827761884734,
    0.057981881012216775,
    0.057981881012216775,
    0.07744480988039966,
    0.08405452078412959,
    0.0928846613676777,
    0.1070241135585618,
    0.11133413956103055,
    0.13168902594558476,
    0.13473733791880144,
    0.16440915861803834,
    0.16440915861803834,
    0.1695730048198788,
    0.17456879796950475,
    0.18834041149670439,
    0.18834041149670439,
    0.20120349841173904,
    0.20214757163960057,
    0.22229576130994977,
    0.2532554856783704,
    0.2674105251333005
   ],
   "wg": [
    0.5057782987439065,
    0.0015468112350434313
   ],
   "holdout": {
    "bias": -0.7869428246707084,
    "s68": 3.1496508501646128,
    "cov": 0.9265283230510376,
    "n": 3782,
    "sign_acc": 0.8502124645892352
   },
   "v_sig": 30.289704792762695,
   "t_sat_ns": 672.0718994140625
  },
  "y": {
   "feats": [
    "tot_lead",
    "q_frac",
    "n_raw",
    "a_asym",
    "a_lead",
    "t_delay"
   ],
   "mu": [
    740.1895184683814,
    0.29362870689590753,
    9.668922838909301,
    0.3032693468044827,
    6893.51878196703,
    -51.81646325703032
   ],
   "sd": [
    222.15598271472828,
    0.11806843671454309,
    3.4233659634161757,
    0.2862164346488039,
    4942.678366745289,
    556.3496343462305
   ],
   "w": [
    -0.031869137987995864,
    -0.020690906319796875,
    0.020052138850178116,
    0.012400400016835997,
    0.008426651559158081,
    -6.0003567036147354e-05,
    0.11416334509308733
   ],
   "calib_s": [
    0.03001347710612408,
    0.05075509510518948,
    0.061610695606837,
    0.06954017639469884,
    0.07651519253758408,
    0.08263615744477935,
    0.08737103169872559,
    0.09209189409587082,
    0.09682475392219936,
    0.10192671591256847,
    0.10640913987279704,
    0.1112174285652916,
    0.11653907238769744,
    0.12146014038913645,
    0.12630594069615386,
    0.13162185164827198,
    0.13795512582440456,
    0.1434875859877683,
    0.14972651268689893,
    0.1558173541850621,
    0.16247716485280173,
    0.17043767108502436,
    0.1803261659681713,
    0.19419513920827688
   ],
   "calib_t": [
    0.04229753358336754,
    0.04229753358336754,
    0.04229753358336754,
    0.04229753358336754,
    0.04957623008369943,
    0.04957623008369943,
    0.05083366684976537,
    0.06376807096328418,
    0.06893993105945367,
    0.07625283922093846,
    0.08354414815688768,
    0.08960278059043497,
    0.10157637887652533,
    0.10967593863942829,
    0.11839139477233736,
    0.12132851058630151,
    0.14063081910393826,
    0.14611474353949938,
    0.1611916155589358,
    0.1648084525775757,
    0.1755649148874376,
    0.19723978332962694,
    0.21075679034446082,
    0.22414883184172005
   ],
   "wg": [
    0.45808768386942117,
    0.00038134442450298196
   ],
   "holdout": {
    "bias": -1.3313607401853171,
    "s68": 2.9308436801667725,
    "cov": 0.9792484576556366,
    "n": 3690,
    "sign_acc": 0.7924351359799937
   },
   "v_sig": 32.2283830857934,
   "t_sat_ns": 823.6836242675781
  }
 }
}