{
  "run": "mx17_det2_det3_overnight_6-22-26",
  "subrun": "longer_run",
  "det": "mx17_2",
  "veto": 50,
  "n_events_dualplane": 23894,
  "v_drift_um_ns": 34.3,
  "sampling_ns": 60.0,
  "single_strip_sigma_ns": 40.54378653122775,
  "single_strip_sigma_ns_x": 38.351208699812645,
  "single_strip_sigma_ns_y": 43.00735346460817,
  "single_strip_sigma_mm": 1.3906518780211117,
  "perstrip_walk_ns_per_relamp": -2.0477182228886726,
  "lead_bias_ns": -2.16363525390625,
  "lead_dt_sigma68_ns": 52.04479431152343,
  "lead_singleplane_ns": 36.80122698313727,
  "lead_singleplane_mm": 1.2622820855216081,
  "lead_singleplane_walkcorr_ns": 33.96937637874702,
  "interplane_walk_ns_per_asym": -95.66588821944657,
  "med_singleplane_ns": 74.53778308639237,
  "abs_t0_sigma68_ns": 37.60625946044922,
  "abs_t0_sigma68_uncorr_ns": 43.62208587646482,
  "abs_t0_mm": 1.2898946994934084,
  "ftst_slope_corr_ns": 0.39519690461939416,
  "ftst_slope_uncorr_ns": -9.604803095377997,
  "ftst_quant_ns": 2.886751345948129,
  "scint_ns": 5.0,
  "geometry_term_ns": 5.154329229774012,
  "note": "Absolute timing available (scintillator-coincidence trigger + applied ftst phase correction). Detector-dominated budget; plane-to-plane number is the pure detector term."
}