{
  "run": "mx17_det3_saturday_scan_6-27-26",
  "subrun": "long_run_resist_490V_drift_1000V",
  "det": "mx17_3",
  "veto": 50,
  "n_events_dualplane": 28404,
  "v_drift_um_ns": 34.3,
  "sampling_ns": 60.0,
  "single_strip_sigma_ns": 38.88278034168049,
  "single_strip_sigma_ns_x": 39.21029624996875,
  "single_strip_sigma_ns_y": 38.61613660137447,
  "single_strip_sigma_mm": 1.3336793657196406,
  "perstrip_walk_ns_per_relamp": 3.2609047664674007,
  "lead_bias_ns": -1.3474884033203125,
  "lead_dt_sigma68_ns": 46.74590515136719,
  "lead_singleplane_ns": 33.054346525234905,
  "lead_singleplane_mm": 1.133764085815557,
  "lead_singleplane_walkcorr_ns": 29.014070994634846,
  "interplane_walk_ns_per_asym": -104.55277252197266,
  "med_singleplane_ns": 70.25619283092071,
  "abs_t0_sigma68_ns": 37.7104211425781,
  "abs_t0_sigma68_uncorr_ns": 41.25291625976563,
  "abs_t0_mm": 1.2934674451904287,
  "ftst_slope_corr_ns": -0.21598850443545764,
  "ftst_slope_uncorr_ns": -10.21598850443602,
  "ftst_quant_ns": 2.886751345948129,
  "scint_ns": 5.0,
  "geometry_term_ns": 17.20908786679176,
  "note": "Absolute timing available (scintillator-coincidence trigger + applied ftst phase correction). Detector-dominated budget; plane-to-plane number is the pure detector term."
}