{
 "Ax": {
  "det": "A",
  "plane": "x",
  "n": 241,
  "n_fid": 180,
  "R": 234.6,
  "v_nom": 40.46,
  "fiducial": [
   70.0,
   330.0
  ],
  "u0_mm": 190.41562765577575,
  "slope": -0.0027523988362932474,
  "scale_sR": 0.6457127669943958,
  "v_true_umns": 62.65943941038905,
  "sigma_tan": 0.22030840756090175,
  "sigma_deg": 12.424272121057074,
  "align_resid_mm": 7.465627655775734,
  "mech_expected_u0": 182.95000000000002,
  "dist_pos": [
   23.593204498291016,
   55.21614456176758,
   122.35553741455078,
   151.34912109375,
   182.13641357421875,
   218.09536743164062,
   246.90457153320312,
   277.9048767089844,
   313.01873779296875,
   350.4654541015625,
   378.6141052246094
  ],
  "dist_dtan": [
   -0.6300086330291393,
   -0.4517038766089075,
   0.07091181523622409,
   0.04016606966472627,
   0.0653325854915421,
   -0.07108966148666623,
   -0.049615731038684774,
   -0.00024152537437213684,
   0.05476802714095674,
   0.3054520462235881,
   0.7807338374354431
  ],
  "res_raw": 0.33902818677929947,
  "res_cor": 0.31208357579368573
 },
 "Ay": {
  "det": "A",
  "plane": "y",
  "n": 245,
  "n_fid": 200,
  "R": 234.6,
  "v_nom": 40.46,
  "fiducial": [
   70.0,
   330.0
  ],
  "u0_mm": 172.1459953092232,
  "slope": -0.002163782340655228,
  "scale_sR": 0.5076233371177165,
  "v_true_umns": 79.70476737679505,
  "sigma_tan": 0.27877146648302575,
  "sigma_deg": 15.576953230929762,
  "align_resid_mm": -27.154004690776816,
  "mech_expected_u0": 199.3,
  "dist_pos": [
   32.82579803466797,
   59.6348876953125,
   103.59883880615234,
   126.36405944824219,
   152.3365936279297,
   186.6513671875,
   215.81793212890625,
   239.14453125
  ],
  "dist_dtan": [
   -0.41692926119823953,
   -0.04597435542881384,
   0.0018780634813648223,
   0.022983168643496033,
   0.1078518998961687,
   -0.08390356884182082,
   -0.11414132414205169,
   0.023434750849418012
  ],
  "res_raw": 0.30709084208952286,
  "res_cor": 0.3040203194759149
 },
 "Bx": {
  "det": "B",
  "plane": "x",
  "n": 313,
  "n_fid": 239,
  "R": 234.1,
  "v_nom": 44.06,
  "fiducial": [
   70.0,
   330.0
  ],
  "u0_mm": 191.91649456461812,
  "slope": -0.0015002499794311128,
  "scale_sR": 0.3512085201848235,
  "v_true_umns": 125.45253736103392,
  "sigma_tan": 0.1832788412677099,
  "sigma_deg": 10.385837147911161,
  "align_resid_mm": 8.366494564618108,
  "mech_expected_u0": 183.55,
  "dist_pos": [
   18.837724685668945,
   59.639434814453125,
   88.69332122802734,
   121.54541015625,
   152.3708953857422,
   185.64761352539062,
   221.9029083251953,
   240.75595092773438,
   275.1610107421875,
   305.7779235839844,
   336.1817321777344,
   370.3569641113281
  ],
  "dist_dtan": [
   -0.1060984874870523,
   -0.35615910609425183,
   -0.02443446024182,
   0.02852599127598332,
   0.0035492696209475927,
   0.07898634183663164,
   -0.056779101398318085,
   -0.04516328382003333,
   0.00823528261152208,
   0.04827963262275746,
   0.11272111712960657,
   0.14145243311931976
  ],
  "res_raw": 0.20874309103222716,
  "res_cor": 0.19959121953218867
 },
 "By": {
  "det": "B",
  "plane": "y",
  "n": 296,
  "n_fid": 228,
  "R": 234.1,
  "v_nom": 44.06,
  "fiducial": [
   70.0,
   330.0
  ],
  "u0_mm": 158.76026506802106,
  "slope": -0.001956433703375104,
  "scale_sR": 0.45800112996011183,
  "v_true_umns": 96.20063601990955,
  "sigma_tan": 0.20752705586451847,
  "sigma_deg": 11.724007158890297,
  "align_resid_mm": -40.539734931978956,
  "mech_expected_u0": 199.3,
  "dist_pos": [
   35.652191162109375,
   70.44427490234375,
   103.05166625976562,
   127.3744125366211,
   152.60751342773438,
   182.47877502441406,
   212.30027770996094,
   239.7779083251953,
   365.0553894042969
  ],
  "dist_dtan": [
   -0.11550597673745247,
   -0.1794792204359239,
   -0.01328622759889228,
   0.008218365380701476,
   0.09351608063539602,
   -0.030753661201908422,
   0.0039527061083756004,
   -0.000765925853353222,
   0.2256925336280935
  ],
  "res_raw": 0.23437641436940027,
  "res_cor": 0.23763252766299475
 },
 "Cx": {
  "det": "C",
  "plane": "x",
  "n": 450,
  "n_fid": 373,
  "R": 234.6,
  "v_nom": 44.06,
  "fiducial": [
   70.0,
   330.0
  ],
  "u0_mm": 171.81956558892549,
  "slope": -0.0028795812636329115,
  "scale_sR": 0.675549764448281,
  "v_true_umns": 65.22095383451675,
  "sigma_tan": 0.17502212742488132,
  "sigma_deg": 9.92747563719731,
  "align_resid_mm": -10.180434411074515,
  "mech_expected_u0": 182.0,
  "dist_pos": [
   38.440528869628906,
   65.5357666015625,
   97.39879608154297,
   132.52212524414062,
   157.15228271484375,
   196.14376831054688,
   221.21307373046875,
   250.44647216796875,
   276.0572509765625,
   307.1101379394531,
   335.51708984375,
   382.9864501953125
  ],
  "dist_dtan": [
   -0.6322774407044792,
   -0.028062888750863435,
   0.004193945700678464,
   0.021968662200148037,
   0.0633064176468707,
   -0.03402476853126346,
   -0.04666076961335741,
   -0.018282427062846246,
   0.0072348801435810906,
   0.2800982732660724,
   0.629109738581863,
   0.7822445318205371
  ],
  "res_raw": 0.26035164344073614,
  "res_cor": 0.25490691891769957
 },
 "Cy": {
  "det": "C",
  "plane": "y",
  "n": 608,
  "n_fid": 516,
  "R": 234.6,
  "v_nom": 44.06,
  "fiducial": [
   70.0,
   330.0
  ],
  "u0_mm": 161.44032875081615,
  "slope": -0.0024238104978940925,
  "scale_sR": 0.5686259428059541,
  "v_true_umns": 77.4850331002848,
  "sigma_tan": 0.19188094426846158,
  "sigma_deg": 10.861946327586832,
  "align_resid_mm": -37.85967124918386,
  "mech_expected_u0": 199.3,
  "dist_pos": [
   40.100120544433594,
   70.2668228149414,
   97.42371368408203,
   121.60701751708984,
   151.8690185546875,
   184.10922241210938,
   207.06253051757812,
   236.2889404296875,
   262.4949645996094,
   285.6913757324219,
   318.19244384765625,
   344.3227844238281
  ],
  "dist_dtan": [
   -0.42092500963624113,
   -0.07163572594599887,
   0.002796695524073828,
   0.030645287759768408,
   0.08087201228726373,
   -0.07670537878219416,
   -0.06518125784051759,
   -0.02618835823533122,
   0.03714748106646837,
   0.05471653564610121,
   0.3111135878888005,
   0.5512102053473186
  ],
  "res_raw": 0.23790567796631268,
  "res_cor": 0.2365014416207446
 },
 "Dx": {
  "det": "D",
  "plane": "x",
  "n": 168,
  "n_fid": 130,
  "R": 234.1,
  "v_nom": 44.06,
  "fiducial": [
   70.0,
   330.0
  ],
  "u0_mm": 184.2059257209237,
  "slope": -0.0026585283609556975,
  "scale_sR": 0.6223614892997288,
  "v_true_umns": 70.79486883029286,
  "sigma_tan": 0.19585898033041285,
  "sigma_deg": 11.081614408636835,
  "align_resid_mm": 0.4059257209236762,
  "mech_expected_u0": 183.8,
  "dist_pos": [
   119.59492492675781,
   205.80401611328125,
   223.567626953125,
   252.40426635742188,
   283.0481262207031,
   394.39703369140625
  ],
  "dist_dtan": [
   0.02249425201403285,
   -0.05634597792291701,
   -0.06771775151568696,
   -0.002184018534601706,
   0.019616909702256158,
   0.6944403605195105
  ],
  "res_raw": 0.31009319955419057,
  "res_cor": 0.2820999805885681
 },
 "Dy": {
  "det": "D",
  "plane": "y",
  "n": 113,
  "n_fid": 44,
  "R": 234.1,
  "v_nom": 44.06,
  "fiducial": [
   70.0,
   330.0
  ]
 }
}