{
 "Ax": {
  "det": "A",
  "plane": "x",
  "n": 273,
  "R": 234.6,
  "v_nom": 40.46,
  "scale_raw": NaN,
  "scale_reg": 0.09659760748298196,
  "v_reg": 418.8509534993196,
  "u0_reg": 260.2726001970683,
  "sig_raw_deg": NaN,
  "sig_reg_deg": 8.292564943918492,
  "bench_sig": 1.7400734170444656
 },
 "Ay": {
  "det": "A",
  "plane": "y",
  "n": 273,
  "R": 234.6,
  "v_nom": 40.46,
  "scale_raw": NaN,
  "scale_reg": 0.03314735425613175,
  "v_reg": 1220.610238976027,
  "u0_reg": 299.1405573930831,
  "sig_raw_deg": NaN,
  "sig_reg_deg": 7.58716101198717,
  "bench_sig": 1.7595070683172978
 },
 "Bx": {
  "det": "B",
  "plane": "x",
  "n": 318,
  "R": 234.1,
  "v_nom": 44.06,
  "scale_raw": NaN,
  "scale_reg": 0.042810414461321875,
  "v_reg": 1029.1888213277425,
  "u0_reg": 724.0219730210963,
  "sig_raw_deg": NaN,
  "sig_reg_deg": 7.731207712677386,
  "bench_sig": 1.9428638612944908
 },
 "By": {
  "det": "B",
  "plane": "y",
  "n": 286,
  "R": 234.1,
  "v_nom": 44.06,
  "scale_raw": 0.4576121212294971,
  "scale_reg": 0.051011639777579956,
  "v_reg": 863.7244399927082,
  "u0_reg": 479.32737300655486,
  "sig_raw_deg": 16.213373358051573,
  "sig_reg_deg": 6.47556550949535,
  "bench_sig": 2.190247077419585
 },
 "Cx": {
  "det": "C",
  "plane": "x",
  "n": 453,
  "R": 234.6,
  "v_nom": 44.06,
  "scale_raw": 0.4029492367013361,
  "scale_reg": 0.07497926862575745,
  "v_reg": 587.6290981166516,
  "u0_reg": 431.36487940830375,
  "sig_raw_deg": 21.18608259190369,
  "sig_reg_deg": 7.319564212383157,
  "bench_sig": 2.587160719792872
 },
 "Cy": {
  "det": "C",
  "plane": "y",
  "n": 621,
  "R": 234.6,
  "v_nom": 44.06,
  "scale_raw": 0.5867979193552119,
  "scale_reg": 0.0023898251748905434,
  "v_reg": 18436.49504697263,
  "u0_reg": 5628.433103037235,
  "sig_raw_deg": 19.77165325005745,
  "sig_reg_deg": 6.225531915977134,
  "bench_sig": 2.906265792830868
 },
 "Dx": {
  "det": "D",
  "plane": "x",
  "n": 138,
  "R": 234.1,
  "v_nom": 44.06,
  "scale_raw": NaN,
  "scale_reg": 0.0418059466005171,
  "v_reg": 1053.9170520649095,
  "u0_reg": 767.5579615458204,
  "sig_raw_deg": NaN,
  "sig_reg_deg": 4.7148711906668845,
  "bench_sig": 3.1496508501646128
 },
 "Dy": {
  "det": "D",
  "plane": "y",
  "n": 64,
  "R": 234.1,
  "v_nom": 44.06,
  "scale_raw": NaN,
  "scale_reg": NaN,
  "v_reg": NaN,
  "u0_reg": NaN,
  "sig_raw_deg": NaN,
  "sig_reg_deg": NaN,
  "bench_sig": 2.9308436801667725
 }
}