{
  "run": "run224478",
  "unit": "mV per ADC count",
  "factors": {
    "LIQA": {
      "1": 0.03057517670094967
    },
    "LIQB": {
      "1": 0.030569007620215416
    },
    "LIQC": {
      "1": 0.030562840402126312
    },
    "LIQD": {
      "1": 0.030621526762843132
    },
    "PSSA": {
      "1": 0.03064010478556156,
      "2": 0.030773919075727463
    },
    "PSSB": {
      "1": 0.03074893355369568,
      "2": 0.030674224719405174
    },
    "PSSC": {
      "1": 0.03075205534696579,
      "2": 0.030742695555090904
    },
    "PSSD": {
      "1": 0.030733339488506317,
      "2": 0.030739575624465942
    },
    "WALA": {
      "1": 0.030547434464097023,
      "2": 0.030655095353722572,
      "3": 0.030578263103961945,
      "4": 0.030672898516058922,
      "5": 0.030544355511665344,
      "6": 0.030673736706376076,
      "7": 0.03059987910091877,
      "8": 0.03069615177810192
    },
    "WALB": {
      "1": 0.03057517670094967,
      "2": 0.030780170112848282,
      "3": 0.030388126149773598,
      "4": 0.030671119689941406,
      "5": 0.030479831621050835,
      "6": 0.03060915321111679,
      "7": 0.030596788972616196,
      "8": 0.030668016523122787
    },
    "WALC": {
      "1": 0.030789554119110107,
      "2": 0.030547434464097023,
      "3": 0.030739575624465942,
      "4": 0.030584435909986496,
      "5": 0.030720876529812813,
      "6": 0.03057517670094967,
      "7": 0.0307551771402359,
      "8": 0.030606061220169067
    },
    "WALD": {
      "1": 0.03068043664097786,
      "2": 0.030702197924256325,
      "3": 0.03073645755648613,
      "4": 0.030702197924256325,
      "5": 0.030596788972616196,
      "6": 0.03060915321111679,
      "7": 0.030556676909327507,
      "8": 0.03072710707783699
    }
  }
}