arm,tof,off,u,v,n_b,res,delta_b,eventId,t_dream_ns,bunch
0,150583.63657122897,224777.21991539001,74193.58334416104,74211.09723635376,3,25.415532699640607,74186.81600603648,10,441276430.0,972
1,4626966.986253041,4700613.386198044,73646.39994500298,74184.54740127176,3,-14.409219923356432,74186.81600603648,11,445752290.0,972
3,13246911.379633132,13319557.490532875,72646.11089974269,74186.81600603648,3,-11.006312776284176,74186.81600603648,12,454371280.0,972
0,7115272.958940132,7154972.38898468,39699.430044548586,40526.98426200636,1,,40526.98426200636,34,1449142040.0,973
2,43609858.69678751,43677094.48609543,67235.78930792212,72307.90989915282,1,,72307.90989915282,67,3487453960.0,975
1,21469551.833461434,21599732.30099678,130180.46753534675,132677.5211648047,3,36.902765329927206,132653.2540774271,89,4466277810.0,976
2,45964104.56458853,46091411.88340759,127307.31881906092,132653.2540774271,3,0.5021342635154724,132653.2540774271,90,4490769620.0,976
1,68426852.80547929,68551522.28387451,124669.47839522362,132627.98272152245,3,-37.40489959344268,132653.2540774271,91,4513229850.0,976
1,26547114.219733782,26625947.192941666,78832.97320788354,81920.58157662302,1,,81920.58157662302,102,5472317510.0,977
2,52974997.385506235,53009163.354450226,34165.96894399077,40327.31830601394,1,,40327.31830601394,147,7500476390.0,979
2,19104363.451025687,19139561.994089127,35198.54306343943,37420.509337533265,2,-11.2037543207407,37426.111214693636,169,8467502050.0,980
0,26354566.892089546,26388933.39136505,34366.49927550554,37431.713091854006,2,11.2037543207407,37426.111214693636,170,8474751460.0,980
0,24619866.218996994,24662955.049671173,43088.8306741789,45952.287106610835,3,48.24269514903426,45919.814309082925,197,9473886610.0,981
2,39975462.89272801,40016733.291181564,41270.398453556,45919.814309082925,3,-0.4665011428296566,45919.814309082925,198,9489240470.0,981
1,68187765.50135322,68225723.0790062,37957.57765297592,45888.274513840675,3,-47.776194006204605,45919.814309082925,199,9517449610.0,981
3,20105512.343703203,20136781.346309662,31269.002606458962,33607.40924668312,3,3.8430400043725967,33607.40924668312,227,10470272750.0,982
1,20916894.17837915,20948057.02628708,31162.847907930613,33595.62372599542,3,-13.83524102717638,33607.40924668312,228,10471084030.0,982
0,28790612.137340657,28820875.103725433,30262.966384775937,33611.508687362075,3,9.992201022803783,33607.40924668312,229,10478956890.0,982
0,5567196.233869204,5595855.242534637,28659.008665433154,29306.511122379452,2,25.266163785010576,29293.878040486947,250,11456593140.0,983
3,18804930.655524094,18832024.760261536,27094.104737441987,29281.24495859444,2,-25.266163785010576,29293.878040486947,251,11469829380.0,983
2,41910094.14748095,41974140.190093994,64046.04261304438,68920.46912710369,4,24.821742326021194,68904.84674068913,294,13494745350.0,985
3,62947265.32600192,63008858.18074036,61592.85473843664,68914.04609660059,4,18.398711822926998,68904.84674068913,295,13515780180.0,985
1,76329118.87484744,76389136.93108368,60018.05623623729,68895.64738477767,4,-18.398711822926998,68904.84674068913,296,13529160530.0,985
1,77322982.80821711,77382881.63941956,59898.831202447414,68892.01542723179,4,-22.0306693688035,68904.84674068913,297,13530154280.0,985
2,13902100.048425797,13930013.770992279,27913.72256648168,29530.630532344803,2,21.754749519750476,29519.753157584928,347,15468552630.0,987
1,32158187.90748137,32183956.569194794,25768.66171342507,29508.875782825053,2,-21.754749519750476,29519.753157584928,348,15486806670.0,987
2,2174122.3157215314,2203790.5194969177,29668.203775386326,29921.068858992774,4,23.59735669242218,29899.60655745119,368,16457717690.0,988
1,10565982.991795316,10594655.838348389,28672.846553072333,29901.741612602025,4,4.270110301673412,29899.60655745119,369,16466108600.0,988
1,24177827.9369609,24204913.364063263,27085.4271023646,29897.471502300352,4,-4.270110301673412,29899.60655745119,370,16479718930.0,988
1,75805596.1228168,75826638.47964859,21042.356831789017,29859.058754593134,4,-42.682858008891344,29899.60655745119,371,16531340930.0,988
0,29071831.26185257,29092877.965446472,21046.70359390229,24427.953576695174,1,,24427.953576695174,412,18486386540.0,990
3,5259668.151974869,5283535.241661072,23867.089686202817,24478.824553820305,4,21.381011347286403,24467.447205176577,441,19463433600.0,991
2,6087821.436093245,6111590.83228302,23769.396189775318,24477.450867880136,4,20.007325407117605,24467.447205176577,442,19464261660.0,991
3,28451913.463824056,28473061.758003235,21148.294179178774,24457.443542473018,4,-20.007325407117605,24467.447205176577,443,19486623250.0,991
1,46778315.43870714,46797304.18186569,18988.74315854907,24429.376631118357,4,-48.07423676177859,24467.447205176577,444,19504947590.0,991
0,4364217.819569578,4376114.284889221,11896.465319642797,12404.05327632837,4,36.294733012095094,12373.832104748115,463,20463435440.0,992
3,21693545.217413493,21703402.01750946,9856.800095967948,12379.905666179955,4,12.147122863680124,12373.832104748115,464,20480762820.0,992
2,32533560.415351283,32542144.30147171,8583.8861204274,12367.758543316275,4,-12.147122863680124,12373.832104748115,465,20491601620.0,992
1,41320824.90719662,41328367.51504898,7542.607852362096,12348.498380824924,4,-31.40728535503149,12373.832104748115,466,20500387890.0,992
1,15952564.92644257,16005427.13734436,52862.21090179123,54717.60175753757,1,,54717.60175753757,516,22476816530.0,994
1,29483029.885229744,29463133.719341278,-19896.16588846594,-16467.090733408928,3,-0.9818829335272312,-16467.090733408928,543,23491177430.0,995
2,60039144.01626428,60015691.02772522,-23452.98853906244,-16470.031296245754,3,-5.392727188766003,-16467.090733408928,544,23521730150.0,995
3,63796673.190887526,63772791.02126312,-23882.16962440312,-16462.186404705048,3,6.374610122293234,-16467.090733408928,545,23525487270.0,995
2,40093954.93387784,40098893.64575577,4938.711877927184,9601.909156732261,1,,9601.909156732261,560,24502656720.0,996
0,9079946.12088303,9112975.261108398,33029.14022536762,34085.199177706614,1,,34085.199177706614,581,25472503870.0,997
3,28744280.077007975,28770890.836688995,26610.759681019932,29953.913252610713,2,11.953076601028442,29947.9367143102,604,26493063220.0,998
1,31927955.362026833,31954183.885730743,26228.52370391041,29941.960176009685,2,-11.953076601028442,29947.9367143102,605,26496246530.0,998
2,501143.10777368327,523221.7264328003,22078.618659117026,22136.904981339874,3,20.84075898543233,22127.219202905893,633,27465675770.0,999
3,23802348.81701479,23821707.662570953,19358.845556162298,22127.219202905893,3,6.312091334461002,22127.219202905893,634,27488974380.0,999
0,50978197.1675879,50994372.96879578,16175.801207877696,22104.90924180299,3,-27.152850319893332,22127.219202905893,635,27516147190.0,999
3,21313112.772978075,21325215.215278625,12102.44230055064,14581.301012538373,1,,14581.301012538373,662,28487378180.0,1000
1,5388965.132933022,5416606.251243591,27641.118310568854,28267.891288812272,2,-11.931826879270375,28273.857202251907,686,29472357760.0,1001
0,60557055.88739403,60578292.51662445,21236.62923041731,28279.823115691543,2,11.931826879270375,28273.857202251907,687,29527519740.0,1001
1,59998199.293628246,60103605.44094849,105406.14732024074,112384.34241575748,1,,112384.34241575748,706,30527919500.0,1002
1,32313870.63763033,32367608.82357788,53738.18594755232,57496.506968107074,2,-15.424199264496565,57504.21906773932,726,31501190670.0,1003
0,36095424.899265245,36148738.68915558,53313.78989033401,57511.93116737157,2,15.424199264496565,57504.21906773932,727,31504971820.0,1003
0,23930237.073712323,23945568.35357666,15331.279864337295,18114.52777757868,2,25.3797229193151,18101.837916119024,780,33494538220.0,1005
3,37973651.025157616,37987323.58157349,13672.556415870786,18089.148054659367,2,-25.3797229193151,18101.837916119024,781,33508580050.0,1005
0,5929206.110989848,6000028.465164185,70822.35417433642,71511.96082072146,1,,71511.96082072146,809,34477437850.0,1006
2,46693831.98690644,46721911.50756836,28079.52066192031,33510.328139446676,2,-10.115726463496685,33515.386002678424,822,35519130400.0,1007
0,53696419.03494923,53723694.22325134,27275.188302114606,33520.44386591017,2,10.115726463496685,33515.386002678424,823,35526132220.0,1007
2,71181946.1888909,71216945.47420502,34999.2853141129,43278.22557619214,1,,43278.22557619214,859,36544498990.0,1008
1,79256276.31421334,79262346.74845123,6070.434237897396,15288.473532006145,1,,15288.473532006145,886,37553471620.0,1009
2,3269125.6635089708,3294623.6876831055,25498.024174134713,25878.245529780164,5,26.68986432440579,25854.361396946013,908,38478374870.0,1010
2,34497060.57272169,34518907.41914368,21846.84642198682,25859.087151415646,5,7.531485959887505,25854.361396946013,909,38509599320.0,1010
3,35815971.67440599,35837660.39682007,21688.72241407633,25854.361396946013,5,0.44285425543785095,25854.361396946013,910,38510918080.0,1010
3,46720477.49397513,46740892.337379456,20414.843404322863,25848.749933965504,5,-7.9743402153253555,25854.361396946013,911,38521821370.0,1010
3,67601859.16256317,67619841.15749359,17981.994930416346,25844.546933799982,5,-12.177340380847454,25854.361396946013,912,38542700430.0,1010
2,34977733.18530002,35025459.103401184,47725.91810116172,51794.06429620832,1,,51794.06429620832,943,39510983140.0,1011
3,31325414.8986823,31379868.571914673,54453.67323237285,58097.03018615767,1,,58097.03018615767,963,40508275980.0,1012
1,22302652.83796859,22285803.22518158,-16849.61278701201,-14255.663893826306,1,,-14255.663893826306,989,41500088060.0,1013
3,30446310.83808524,30460844.218055725,14533.379970483482,18074.491194956005,1,,18074.491194956005,1006,42509113530.0,1014
2,7426514.914083167,7455041.227714539,28526.313631371595,29390.067386657,4,32.54653503000736,29362.54625543952,1029,43486961830.0,1015
1,38733320.2764931,38758164.53935242,24844.26285931468,29349.209153845906,4,-18.36250540614128,29362.54625543952,1030,43518265120.0,1015
0,44372137.72330412,44396344.516181946,24206.792877823114,29367.571659252048,4,10.050807625055313,29362.54625543952,1031,43523903330.0,1015
0,52922076.666790664,52945278.99331665,23202.326525986195,29357.520851626992,4,-10.050807625055313,29362.54625543952,1032,43532452310.0,1015
3,10439026.354049906,10522161.21157074,83134.85752083361,84348.98666743189,2,10.01966754347086,84343.97683366016,1053,44490918520.0,1016
3,17137509.787448704,17219855.54651642,82345.75906771421,84338.96699988842,2,-10.01966754347086,84343.97683366016,1054,44497616250.0,1016
0,54136945.03106651,54183160.864990234,46215.833923727274,52512.3256309703,2,18.46063692122698,52503.095312509686,1072,45535501050.0,1017
0,78038836.18071726,78082253.6029129,43417.42219564319,52493.86499404907,2,-18.46063692122698,52503.095312509686,1073,45559400270.0,1017
0,8065449.554409934,8080574.379150391,15124.824740456417,16062.890902213752,5,29.743614142760634,16045.384916126728,1098,46490343580.0,1018
0,24950077.57102357,24963224.47945404,13146.908430472016,16048.770669482648,5,15.623381411656737,16045.384916126728,1099,46507226320.0,1018
1,26390545.298730932,26403496.810043335,12951.511312402785,16020.909660015255,5,-26.168132789433002,16045.384916126728,1100,46508666600.0,1018
0,29905110.878218718,29917678.097114563,12567.218895845115,16045.384916126728,5,10.544751377776265,16045.384916126728,1101,46512180800.0,1018
2,57768575.128346056,57777859.74233246,9284.61398640275,16003.48875900358,5,-43.5890338011086,16045.384916126728,1102,46540041130.0,1018
3,1940346.7648916063,1958511.3606185913,18164.59572698502,18390.2711378769,3,45.89575231028721,18377.159847838804,1124,47485098750.0,1019
3,8496817.529023651,8514206.451705933,17388.922682281584,18377.159847838804,3,26.228817253140733,18377.159847838804,1125,47491654480.0,1019
3,74687639.11361872,74697264.02855682,9624.914938107133,18311.590923294425,3,-72.12456956342794,18377.159847838804,1126,47557837890.0,1019
2,23629576.4385859,23648826.09326935,19249.654683448374,21997.933737721294,4,32.625324968248606,21980.934767372906,1160,48507694350.0,1020
0,35934733.46689859,35952550.57624054,17817.109341949224,21996.561121992767,4,31.252709239721298,21980.934767372906,1161,48519998140.0,1020
2,53990108.5483902,54005794.44316864,15685.894778437912,21965.308412753046,4,-31.252709239721298,21980.934767372906,1162,48538051480.0,1020
2,57665147.43554538,57680404.875953674,15257.440408296883,21964.28584290296,4,-32.275279089808464,21980.934767372906,1163,48541726110.0,1020
1,25575731.503505513,25643087.85960388,67356.35609836876,70330.98610799015,1,,70330.98610799015,1185,49510565120.0,1021
3,25387643.829436146,25367821.21485138,-19822.61458476633,-16869.860439758748,3,14.617330055683851,-16879.18565119803,1229,51512208480.0,1023
1,54513336.1778204,54490106.13939667,-23230.038423731923,-16889.769888430834,3,-15.24684295244515,-16879.18565119803,1230,51541330920.0,1023
2,66033754.15700713,66009194.80053711,-24559.356470018625,-16879.18565119803,3,0.6295128967612982,-16879.18565119803,1231,51552850070.0,1023
1,58434803.259802446,58432507.5864563,-2295.673346146941,4500.688249960542,1,,4500.688249960542,1251,52546139600.0,1024
2,15042075.277167846,15053373.104049683,11297.8268818371,13047.321652701125,1,,13047.321652701125,1269,53503610620.0,1025
1,23057567.22814012,23088060.60029602,30493.372155901045,33175.1226824224,1,,33175.1226824224,1296,54512541560.0,1026
3,28965895.878029495,28988867.594291687,22971.716262191534,26340.645245611668,2,23.17286028712988,26329.058815468103,1341,56520262210.0,1028
2,43370477.70587471,43391750.89929199,21273.193417280912,26317.472385324538,2,-23.17286028712988,26329.058815468103,1342,56534665170.0,1028
2,7641551.412722961,7649965.509628296,8414.096905334853,9302.860855223611,5,-14.758138421922922,9316.921118866652,1364,57499818380.0,1029
3,10354664.301882146,10362771.06401062,8106.762128474191,9311.079399622977,5,-6.539594022557139,9316.921118866652,1365,57502531200.0,1029
0,20991116.984500512,20997994.43170929,6877.44720877707,9318.85563961789,5,4.855380373075604,9316.921118866652,1366,57513166480.0,1029
3,22930834.193474654,22937484.10397339,6649.910498734564,9316.921118866652,5,2.222984842956066,9316.921118866652,1367,57515105980.0,1029
2,35909433.193601,35914575.00128174,5141.8076807409525,9318.316868424416,5,4.316609179601073,9316.921118866652,1368,57528083140.0,1029
3,32847072.745646212,32884777.40336609,37704.65771987662,41524.99374052882,1,,41524.99374052882,1400,58525951840.0,1030
3,41121414.74151024,41166913.5546875,45498.813177257776,50281.510958991945,2,11.400601550936699,50275.81065821648,1418,59535135350.0,1031
3,56407562.635341465,56451272.16585541,43709.53051394224,50270.11035744101,2,-11.400601550936699,50275.81065821648,1419,59550419790.0,1031
2,45602614.988723695,45573912.06430054,-28702.92442315817,-23399.03283968568,3,8.051555026322603,-23399.143439374864,1439,60540495670.0,1032
0,64124530.70572,64093673.447021484,-30857.258698515594,-23399.143439374864,3,7.885655492544174,-23399.143439374864,1440,60559015530.0,1032
2,66627514.37481625,66596350.12033081,-31164.254485435784,-23415.025350049138,3,-15.937210518866777,-23399.143439374864,1441,60561518220.0,1032
3,51335085.20395882,51351198.24494934,16113.040990523994,22083.65750928223,1,,22083.65750928223,1495,62547993470.0,1034
2,50929714.14946857,50933702.83338928,3988.683920711279,9912.1530527547,1,,9912.1530527547,1523,63548456310.0,1035
2,7820971.866050868,7885310.302139282,64338.43608841393,65248.06784670614,3,6.656789222732186,65248.06784670614,1546,64506312090.0,1036
3,10845213.121061716,10909204.19998169,63991.078919973224,65252.450326152146,3,13.230508391745389,65248.06784670614,1547,64509336000.0,1036
1,17910659.339795236,17973806.58114624,63147.24135100469,65230.371788814664,3,-19.887297614477575,65248.06784670614,1548,64516400640.0,1036
0,23090192.075831905,23102039.30882263,11847.232990726829,14532.77800699696,1,,14532.77800699696,1584,65522471190.0,1037
3,31533136.793966167,31542578.47215271,9441.678186543286,13109.194597244263,4,10.12001484632492,13104.1345898211,1598,66531840240.0,1038
2,32234029.60257256,32243394.740325928,9365.137753367424,13114.17272324115,4,15.098140843212605,13104.1345898211,1599,66532541060.0,1038
1,58290528.21691947,58296836.00639343,6307.789473965764,13087.37090986222,4,-21.823687382042408,13104.1345898211,1600,66558594640.0,1038
0,70822527.34435421,70827389.2815094,4861.93715518713,13099.074582397938,4,-10.12001484632492,13104.1345898211,1601,66571125260.0,1038
0,18922894.353897706,18955783.808639526,32889.45474182069,35090.31493642554,2,29.77831905707717,35075.425776897,1632,67520143700.0,1039
2,46521187.0567524,46550836.86566162,29649.808909222484,35060.53661736846,2,-29.77831905707717,35075.425776897,1633,67547738900.0,1039
2,1739192.008956626,1755637.4711761475,16445.462219521403,16647.741976079764,5,55.636860550614074,16608.467667914927,1655,68503878840.0,1040
2,15863112.915565317,15877902.270462036,14789.354896718636,16634.341880498454,5,42.236764969304204,16608.467667914927,1656,68518001180.0,1040
0,50987787.01006284,50998465.254333496,10678.244270652533,16608.467667914927,5,3.4254460940137506,16608.467667914927,1657,68553121930.0,1040
3,73555956.90756491,73563975.09355164,8018.185986727476,16573.239701360464,5,-48.165072846226394,16608.467667914927,1658,68575687560.0,1040
3,77275407.19815339,77282995.28985596,7588.091702565551,16575.742563143373,5,-45.662211063317955,16608.467667914927,1659,68579406600.0,1040
1,16379297.797179103,16436859.670211792,57561.873032689095,59466.89579840377,4,-57.439858835190535,59509.77214048058,1684,69519438430.0,1041
2,37155195.24287775,37210369.05178833,55173.80891057849,59495.208623722196,4,-29.12703351676464,59509.77214048058,1685,69540212050.0,1041
3,68841482.73548524,68893000.34255981,51517.607074573636,59524.33565723896,4,29.12703351676464,59509.77214048058,1686,69571894850.0,1041
3,77835580.48467231,77886062.45472717,50481.97005486488,59534.77284543216,4,39.56422170996666,59509.77214048058,1687,69580887960.0,1041
1,253294.18136793497,210989.99070739746,-42304.19066053751,-42274.730839493655,3,29.837046329892473,-42274.99507650733,1707,70504176780.0,1042
3,15561783.41827252,15517698.48286438,-44084.9354081396,-42274.99507650733,3,29.440690809380612,-42274.99507650733,1708,70519483570.0,1042
2,79308227.2966559,79256669.07441711,-51558.22223877907,-42334.140695139766,3,-59.277737139273086,-42274.99507650733,1709,70583222880.0,1042
1,24250102.667866737,24251202.741867065,1100.0740003287792,3920.5244387574494,1,,3920.5244387574494,1727,71529022450.0,1043
0,54016687.82958498,54019428.533462524,2740.703877545893,9023.208861462772,1,,9023.208861462772,1752,72559682180.0,1044
1,27388289.290737614,27347537.00631714,-40752.284420475364,-37566.841719638556,4,9.497006814926863,-37571.59022304602,1783,73533875380.0,1045
0,29404075.563418403,29363096.273513794,-40979.28990460932,-37559.3976695016,4,16.941056951880455,-37571.59022304602,1784,73535890950.0,1045
3,41377521.34615336,41335132.52272034,-42388.82343302667,-37576.33872645348,4,-9.497006814926863,-37571.59022304602,1785,73547863050.0,1045
2,49594031.74746519,49550678.775146484,-43352.9723187089,-37584.85205540806,4,-18.01033576950431,-37571.59022304602,1786,73556078640.0,1045
1,36217673.97335932,36196996.376586914,-20677.596772402525,-16465.237103819847,1,,-16465.237103819847,1795,74543581160.0,1046
0,12172789.670615219,12206548.697601318,33759.02698609978,35174.804495729506,4,23.96863979846239,35160.85692346934,1828,75520432010.0,1047
0,13611283.244594054,13644871.038574219,33587.79398016445,35170.87799100764,4,20.042135076597333,35160.85692346934,1829,75521870340.0,1047
1,20397407.03460206,20430174.90699768,32767.87239561975,35140.22835639492,4,-30.649634612724185,35160.85692346934,1830,75528655680.0,1047
0,71145248.54358953,71172124.70736694,26876.163777410984,35150.83585593104,4,-20.042135076597333,35160.85692346934,1831,75579397900.0,1047
2,507537.0591565884,528336.8864593506,20799.82730276219,20858.857284639904,1,,20858.857284639904,1858,76509702170.0,1048
0,5639561.651064869,5690409.652053833,50848.00098896399,51503.92003182974,3,27.705935505218804,51492.46798090264,1877,77515765600.0,1049
0,14363191.27239454,14413013.20439148,49821.931996939704,51492.46798090264,3,10.527859114576131,51492.46798090264,1878,77524488250.0,1049
3,42772746.74060112,42819231.941986084,46485.201384961605,51459.960211746395,3,-38.233794619794935,51492.46798090264,1879,77552894620.0,1049
2,31963455.40339092,31908036.073760986,-55419.329629935324,-51701.76426367834,1,,-51701.76426367834,1894,78542926680.0,1050
1,19066193.9600304,19065869.228134155,-324.73189624398947,1892.7950087040663,3,4.132081091403961,1892.235681772232,1925,79530888750.0,1051
1,23393311.898778304,23392476.189056396,-835.7097219079733,1885.0901734530926,3,-7.425171785056591,1892.235681772232,1926,79535215380.0,1051
1,77298387.26711497,77291289.17919922,-7098.087915748358,1892.235681772232,3,3.29309069365263,1892.235681772232,1927,79589114480.0,1051
1,34383211.11809911,34372852.0050354,-10359.113063707948,-6360.113793440163,3,19.904080238193274,-6371.646138124168,1954,80547091000.0,1052
3,52455218.32498565,52442745.78329468,-12472.541690975428,-6371.646138124168,3,2.605563212186098,-6371.646138124168,1955,80565160990.0,1052
2,67053185.18573888,67038998.05860901,-14187.127129867673,-6388.389609232545,3,-22.50964345037937,-6371.646138124168,1956,80579757320.0,1052
3,10717100.700165644,10713796.519134521,-3304.1810311228037,-2057.7099632490426,3,0.03779551945626736,-2057.7099632490426,1974,81524281180.0,1053
0,19949340.883553777,19944977.363327026,-4363.520226750523,-2043.2773802764714,3,21.686669978313148,-2057.7099632490426,1975,81533512410.0,1053
1,26342699.374648847,26337563.32296753,-5136.051681317389,-2072.2181372605264,3,-21.724465497769415,-2057.7099632490426,1976,81539905030.0,1053
3,65221202.1205679,65201420.68054199,-19781.440025910735,-12195.774487286806,1,,-12195.774487286806,2003,82579660440.0,1054
1,2349934.024761188,2349115.8868255615,-818.1379356263205,-544.8247649073601,2,-25.09440417587757,-532.2775628194213,2024,83517659210.0,1055
0,69858721.2165142,69850076.44587708,-8644.770637124777,-519.7303607314825,2,25.09440417587757,-532.2775628194213,2025,83585160530.0,1055
1,30808945.55191021,30825754.48248291,16808.930572699755,20392.218659333885,4,6.1537114307284355,20386.666747052222,2047,84547041170.0,1056
1,35650987.88346114,35667228.70175171,16240.818290568888,20387.26854620129,4,1.2035982981324196,20386.666747052222,2048,84551882670.0,1056
0,73120127.5015814,73132009.20271301,11881.701131612062,20386.064947903156,4,-1.2035982981324196,20386.666747052222,2049,84589347650.0,1056
0,76358780.40058127,76370281.95899963,11501.558418363333,20382.599402323365,4,-4.669143877923489,20386.666747052222,2050,84592585940.0,1056
1,723320.4265219611,763514.864364624,40194.43784266291,40278.56488501199,2,-26.95358311466407,40292.04167656932,2078,85517871140.0,1057
2,51815083.758599594,51849362.833480835,34279.074881240726,40305.518468126655,2,26.95358311466407,40292.04167656932,2079,85568957260.0,1057
2,47022408.53117573,46967660.80519104,-54747.72598469257,-49278.70283975452,2,0.3769507482647896,-49278.891315128654,2099,86565028830.0,1058
3,69778984.48723045,69721589.64108276,-57394.84614768624,-49279.07979050279,2,-0.3769507482647896,-49278.891315128654,2100,86587782880.0,1058
0,51570693.790174484,51569049.07714844,-1644.713026046753,4353.306359797716,3,32.542972303926945,4337.761635094881,2123,87570433780.0,1059
0,68820813.79445569,68817147.23144531,-3666.563010379672,4337.761635094881,3,9.22588524967432,4337.761635094881,2124,87587681970.0,1059
1,79313392.28252864,79308471.36540222,-4920.91712641716,4303.765139892697,3,-41.768857553601265,4337.761635094881,2125,87598173350.0,1059
0,68464974.54577318,68445443.4697113,-19531.076061874628,-11568.137920156121,1,,-11568.137920156121,2146,88588210570.0,1060
2,2935565.6511897137,2943562.812194824,7997.16100511048,8338.587082407437,1,,8338.587082407437,2169,89523554630.0,1061
0,18746332.36282751,18744730.91394043,-1601.4488870799541,578.8759575523436,3,24.73812318779528,565.2012972123921,2185,90540259260.0,1062
2,30489139.28229262,30486158.39112854,-2980.8911640793085,565.2012972123921,3,4.226132677868009,565.2012972123921,2186,90552000750.0,1062
1,76718092.00882134,76709712.25184631,-8379.756975024939,543.0743715167046,3,-28.96425586566329,565.2012972123921,2187,90598224550.0,1062
0,59090351.75934804,59109208.59286499,18856.833516947925,25729.4398233667,1,,25729.4398233667,2241,92582405620.0,1064
0,19562824.861272868,19593003.274627686,30178.413354817778,32453.701781947166,2,24.283159848302603,32441.560202023014,2257,93543789510.0,1065
3,42222203.93652329,42249722.62815857,27518.691635280848,32429.418622098863,2,-24.283159848302603,32441.560202023014,2258,93566446350.0,1065
2,52274088.62701896,52352008.89637756,77920.26935860515,84000.09830638021,1,,84000.09830638021,2279,94577485860.0,1066
0,52401368.218002565,52403439.10223389,2070.8842313215137,8165.51665366441,1,,8165.51665366441,2338,96579345070.0,1068
2,27072310.098077774,27057129.260543823,-15180.837533950806,-12032.145343605429,2,39.96716974303126,-12052.128928476945,2426,100557570920.0,1072
0,75633259.47549346,75612390.70497131,-20868.770522147417,-12072.11251334846,2,-39.96716974303126,-12052.128928476945,2427,100606126440.0,1072
2,4738780.011268366,4766074.754470825,27294.743202459067,27845.895267399028,2,18.36876461096108,27836.710885093547,2474,102537028390.0,1074
3,73826855.93965554,73846096.90505981,19240.96540427208,27827.526502788067,2,-18.36876461096108,27836.710885093547,2475,102606108780.0,1074
3,8546251.080233905,8590594.397109985,44343.31687607989,45337.30349693261,4,35.07343597896397,45306.88801513426,2498,103541800340.0,1075
1,19638987.936308235,19682015.33557129,43027.39926305413,45311.54596931487,4,9.31590836122632,45306.88801513426,2499,103552891820.0,1075
2,33410285.623743795,33451702.0123291,41416.388585306704,45302.23006095365,4,-9.31590836122632,45306.88801513426,2500,103566661580.0,1075
1,40320638.1693836,40361245.219192505,40607.04980890453,45296.61187633872,4,-14.934092976152897,45306.88801513426,2501,103573571160.0,1075
0,72463877.04707232,72515232.1894226,51355.142350286245,59783.17981415987,1,,59783.17981415987,2524,104606638680.0,1076
1,12637431.21930509,12612204.994293213,-25226.225011877716,-23756.406557446346,1,,-23756.406557446346,2548,105547717560.0,1077
2,64809963.23378345,64802549.56994629,-7413.66383716464,124.17184629291296,2,0.7127864733338356,123.81545305624604,2573,106600765480.0,1078
0,74503119.71621943,74494577.96014404,-8541.756075382233,123.45905981957912,2,-0.7127864733338356,123.81545305624604,2574,106610457560.0,1078
0,15679761.361684086,15679439.338729858,-322.0229542274028,1501.6390076503158,2,77.46229138225317,1462.9078619591892,2602,107552555470.0,1079
3,78307429.3924143,78299745.88713074,-7683.505283564329,1424.1767162680626,2,-77.46229138225317,1462.9078619591892,2603,107615176110.0,1079
1,24877984.207774494,24856888.48805237,-21095.71972212568,-18202.24242732674,4,13.254703298211098,-18213.893904749304,2629,108562678330.0,1080
2,46846622.387966774,46822961.51925659,-23660.868710182607,-18212.290678873658,4,3.206451751291752,-18213.893904749304,2630,108584644520.0,1080
2,56572454.99055566,56547659.73548889,-24795.255066767335,-18215.49713062495,4,-3.206451751291752,-18213.893904749304,2631,108594369270.0,1080
2,69080804.1317124,69054553.13658142,-26250.995130985975,-18216.431856393814,4,-4.141177520155907,-18213.893904749304,2632,108606876230.0,1080
3,64557417.509120435,64537403.68371582,-20013.82540461421,-12505.362491644919,3,5.098696853965521,-12507.404600977898,2661,109603215330.0,1081
3,66012841.07761221,65992655.934524536,-20185.143087670207,-12507.404600977898,3,2.0355328544974327,-12507.404600977898,2662,109604670590.0,1081
3,66374367.31386027,66354134.00965881,-20233.304201453924,-12513.517776019871,3,-7.134229708462954,-12507.404600977898,2663,109605032070.0,1081
1,42737332.628831,42708724.57646179,-28608.052369207144,-23637.4124423936,2,0.1724475547671318,-23637.498666170985,2701,111583161290.0,1083
0,76131158.92781036,76098666.77584839,-32492.15196196735,-23637.584889948368,2,-0.1724475547671318,-23637.498666170985,2702,111616551410.0,1083
0,15722828.177562628,15749230.535766602,26402.35820397362,28231.02912690118,2,77.46887773647904,28192.29468803294,2758,113558024280.0,1085
1,76824916.90244666,76844135.20689392,19218.30444726348,28153.5602491647,2,-77.46887773647904,28192.29468803294,2759,113619119510.0,1085
3,8613443.454442423,8636862.402069092,23418.94762666896,24420.749173663557,2,48.17340907454491,24396.662469126284,2781,114551862100.0,1086
3,44697926.37012878,44717100.2756958,19173.905567020178,24372.57576458901,2,-48.17340907454491,24396.662469126284,2782,114587942530.0,1086
3,24652884.601400364,24616897.70539856,-35986.89600180462,-33119.599308885634,1,,-33119.599308885634,2808,115568716670.0,1087
3,39185487.08735806,39184636.50328064,-850.5840774178505,3706.9522657990456,2,48.145478174090385,3682.8795267120004,2838,116584163800.0,1088
1,79941368.41805214,79935729.50471497,-5638.913337171078,3658.806787624955,2,-48.145478174090385,3682.8795267120004,2839,116624915110.0,1088
2,66024735.441162795,66004644.063583374,-20091.377579420805,-12412.255698055029,1,,-12412.255698055029,2867,117611862240.0,1089
0,6584058.92822952,6555692.8226623535,-28366.10556716658,-27600.335123011842,2,39.98130174539983,-27620.325773884542,2891,118553325310.0,1090
0,72002139.16437742,71966124.51371765,-36014.65065976977,-27640.316424757242,2,-39.98130174539983,-27620.325773884542,2892,118618736090.0,1090
1,67000802.66588059,66964791.596847534,-36011.0690330565,-28218.423952654004,2,-14.17288713157177,-28211.33750908822,2915,119614598940.0,1091
0,78232034.96188372,78194731.79769897,-37303.16418474913,-28204.251065522432,2,14.17288713157177,-28211.33750908822,2916,119625828940.0,1091
0,43223225.16052765,43199208.3742218,-24016.786305844784,-18989.63380162418,3,31.810310039669275,-19020.832500182092,2944,120591739680.0,1092
1,61201021.57814233,61174882.65420532,-26138.923937007785,-19020.832500182092,3,-14.98773779720068,-19020.832500182092,2945,120609715450.0,1092
2,61622199.54470979,61596010.41171265,-26189.13299714029,-19022.055723145604,3,-16.822572242468596,-19020.832500182092,2946,120610136580.0,1092
2,16315112.748831194,16387319.506698608,72206.7578674145,74104.31547925994,2,-38.84952650591731,74123.7402425129,2960,121565809010.0,1093
2,59963778.13213009,60030947.10545349,67168.97332340479,74143.16500576586,2,38.84952650591731,74123.7402425129,2961,121609452870.0,1093
2,77295192.87729126,77295794.69474792,601.8174566626549,9591.769525110722,1,,9591.769525110722,2983,122627756100.0,1094
0,20218607.28214617,20238614.695892334,20007.41374616325,22358.974090233445,2,20.38534764572978,22348.78141641058,3005,123571615050.0,1095
3,26123422.998133317,26142723.256652832,19300.258519515395,22338.588742587715,2,-20.38534764572978,22348.78141641058,3006,123577519190.0,1095
3,15523733.021446846,15543855.297195435,20122.275748588145,21927.790562527254,1,,21927.790562527254,3058,125568892910.0,1097
0,36547152.92865443,36576013.2618866,28860.333232164383,33111.01352464408,1,,33111.01352464408,3082,126590881550.0,1098
1,40152393.20726815,40192406.0836792,40012.87641105056,44682.87045505643,1,,44682.87045505643,3105,127595432060.0,1099
3,2849901.2172593856,2833302.028503418,-16599.188755967654,-16267.726029900368,2,-43.40629602735862,-16246.022881886689,3199,131561679100.0,1103
3,52513889.6386739,52491557.59951782,-22332.039156079292,-16224.31973387301,2,43.40629602735862,-16246.022881886689,3200,131611337620.0,1103
2,75436894.93702638,75400841.82891846,-36053.10810792446,-27279.28861887753,1,,-27279.28861887753,3219,132635154500.0,1104
1,46375250.84128943,46313141.12911987,-62109.71216955781,-56715.957827195525,1,,-56715.957827195525,3241,133606938790.0,1105
3,57221460.13263181,57221771.66656494,311.5339331328869,6966.775542996824,2,-0.9401657953858376,6967.245625894517,3264,134618678920.0,1106
0,65996333.04879725,65995624.946014404,-708.1027828454971,6967.71570879221,2,0.9401657953858376,6967.245625894517,3265,134627452820.0,1106
3,70068047.96536157,70098125.17248535,30077.20712378621,38226.59351238608,1,,38226.59351238608,3300,135632490720.0,1107
0,458223.9927243687,457602.03649902344,-621.9562253452605,-568.661685570376,2,36.89547109301202,-587.109421116882,3318,136563793140.0,1108
2,23185633.230485246,23182331.02786255,-3302.2026226967573,-605.557156663388,2,-36.89547109301202,-587.109421116882,3319,136586517990.0,1108
2,58858193.26181268,58800457.43984985,-57735.821962825954,-50890.21725491434,3,12.459770329296589,-50898.82173244655,3344,137623070660.0,1109
3,72001120.49977016,71941847.46228027,-59273.03748989105,-50898.82173244655,3,-0.4469459690153599,-50898.82173244655,3345,137636212120.0,1109
2,73006639.80533165,72947242.10858154,-59397.69675010443,-50906.53231804073,3,-12.012824360281229,-50898.82173244655,3346,137637217520.0,1109
3,10373513.554059751,10351068.062774658,-22445.49128509313,-21238.981718832627,3,26.45704379118979,-21259.228826627135,3381,138575451430.0,1110
3,37991871.37245662,37966181.01296997,-25690.35948664695,-21271.648698620498,3,-22.543425890617073,-21259.228826627135,3382,138603066690.0,1110
0,44590301.26202218,44563855.88052368,-26445.381498500705,-21259.228826627135,3,-3.913617900572717,-21259.228826627135,3383,138609664400.0,1110
0,3812922.604319063,3790017.2591552734,-22905.345163789578,-22461.876557559706,2,66.90196815039963,-22495.327541634906,3406,139569790650.0,1111
2,55373461.818321235,55344492.73284912,-28969.085472114384,-22528.778525710106,2,-66.90196815039963,-22495.327541634906,3407,139621345400.0,1111
2,35027739.6983154,35007079.53881836,-20660.15949703753,-16586.19720737636,2,10.51076839864254,-16591.452591575682,3435,140601861080.0,1112
0,59422927.64530753,59399419.65020752,-23507.99510001391,-16596.707975775003,2,-10.51076839864254,-16591.452591575682,3436,140626253550.0,1112
3,30308263.52528154,30263722.98651123,-44540.53877031058,-41015.483379054815,1,,-41015.483379054815,3455,141598031060.0,1113
2,16992932.072221845,16971064.474243164,-21867.597978681326,-19891.205409556627,3,6.20420440658927,-19891.205409556627,3512,143586503870.0,1115
3,25684853.675644767,25661978.195343018,-22875.48030174896,-19888.15864779055,3,10.774347055703402,-19891.205409556627,3513,143595194830.0,1115
2,42104414.45970723,42079610.771850586,-24803.687856644392,-19906.660580135882,3,-16.97855146229267,-19891.205409556627,3514,143611612550.0,1115
3,25775538.92462146,25800187.883270264,24648.958648804575,27646.827608633786,3,44.833458330482244,27622.94363245368,3532,144596202370.0,1116
3,47002328.60849249,47024484.8644104,22156.25591790676,27622.94363245368,3,9.007494060322642,27622.94363245368,3533,144617426780.0,1116
2,79726362.2990139,79744670.6302185,18308.331204608083,27581.04466815293,3,-53.84095239080489,27622.94363245368,3534,144650147140.0,1116
1,9775423.469444675,9699993.549560547,-75429.9198841285,-74292.97222713009,3,54.98251121863723,-74325.15602450073,3560,145581063580.0,1117
0,55543105.05992615,55462319.86630249,-80785.193623662,-74325.15602450073,3,6.706815162673593,-74325.15602450073,3561,145626826150.0,1117
1,77472824.47016144,77389443.10488892,-83381.36527252197,-74370.75345219672,3,-61.68932638131082,-74325.15602450073,3562,145648753390.0,1117
1,2267559.892815997,2248850.116760254,-18709.776055742987,-18446.043551948853,5,15.590010719373822,-18446.105953311548,3601,147575343120.0,1119
1,13369972.127394304,13349971.003540039,-20001.123854264617,-18446.105953311548,5,15.496408675331622,-18446.105953311548,3602,147586444300.0,1119
0,34182449.31328528,34160030.19049072,-22419.122794553638,-18443.47347576171,5,18.160086906515062,-18446.105953311548,3603,147607254470.0,1119
1,39469079.72403656,39446012.042785645,-23067.68125091493,-18477.161172024906,5,-31.086419394705445,-18446.105953311548,3604,147612540480.0,1119
2,68307921.7988079,68281488.49456787,-26433.30424003303,-18488.632391661406,5,-42.557639031205326,-18446.105953311548,3605,147641376110.0,1119
2,67232829.73564067,67228962.53405762,-3867.201583057642,3952.4298099279404,1,,3952.4298099279404,3634,148641190860.0,1120
1,30559009.860886127,30520361.899597168,-38647.96128895879,-35093.742408297956,3,54.64305431768298,-35137.95685444027,4125,169623302980.0,1141
2,60537381.146767005,60495202.284332275,-42178.862434729934,-35137.95685444027,3,-11.678614895790815,-35137.95685444027,4126,169653277980.0,1141
2,69391924.70244434,69348695.13967896,-43229.56276538968,-35158.814070791006,3,-42.964439421892166,-35137.95685444027,4127,169662131520.0,1141
2,42119770.182335824,42106930.5776062,-12839.604729622602,-7940.791479043663,1,,-7940.791479043663,4150,170635767900.0,1142
0,70988050.25872386,70988678.90289307,628.6441692113876,8885.033027336001,1,,8885.033027336001,4180,171665576220.0,1143
0,11129146.52372953,11148523.70288086,19377.179151330143,20671.573926564306,4,-9.284776169806719,20676.21631464921,4200,172606656020.0,1144
3,11770004.383377222,11789300.290740967,19295.907363744453,20664.83822882548,4,-16.020473908632994,20676.21631464921,4201,172607296800.0,1144
2,46145253.40997509,46160567.2645874,15313.854612313211,20680.858702734113,4,9.284776169806719,20676.21631464921,4202,172641668250.0,1144
3,78602304.183068,78613864.45159912,11560.268531113863,20702.24645718932,4,30.672530625015497,20676.21631464921,4203,172674121720.0,1144
2,11727438.886794608,11698481.027862549,-28957.85893205926,-27593.87872121483,2,-17.359127536416054,-27585.199157446623,4231,173608107310.0,1145
2,45314769.12963193,45281922.1968689,-32846.932763032615,-27576.519593678415,2,17.359127536416054,-27585.199157446623,4232,173641690930.0,1145
0,67076869.25162247,67028072.64718628,-48796.604436188936,-40995.11229901016,1,,-40995.11229901016,4254,174664339550.0,1146
3,21032629.45371364,20999562.29989624,-33067.153817400336,-30620.917206507176,3,-3.807125821709633,-30620.917206507176,4284,175619156060.0,1147
0,38610275.892874,38575178.71017456,-35097.18269944191,-30606.54729630798,3,17.747739477083087,-30620.917206507176,4285,175636731770.0,1147
3,51214385.85276748,51177801.60153198,-36584.25123549998,-30627.672865062952,3,-13.940613655373454,-30620.917206507176,4286,175649334460.0,1147
2,27982945.13740073,27954657.506774902,-28287.6306258291,-25033.025440759957,4,64.69183797389269,-25089.81166074425,4307,176627014570.0,1148
3,61783185.249550596,61750917.54251099,-32267.70703960955,-25081.90604275465,4,15.81123597919941,-25089.81166074425,4308,176660811010.0,1148
1,67972989.96415609,67939984.58590698,-33005.37824910879,-25099.661231264472,4,-17.755188509821892,-25089.81166074425,4309,176667000110.0,1148
0,75558099.83378771,75524214.20007324,-33885.63371446729,-25097.71727873385,4,-15.81123597919941,-25089.81166074425,4310,176674584380.0,1148
1,38183209.4097364,38143853.55075073,-39355.85898566991,-34914.89429388195,5,43.65021022409201,-34956.97723007202,4339,177638096190.0,1149
2,57807532.52337824,57765869.06402588,-41663.459352359176,-34940.05357205868,5,18.490932047367096,-34956.97723007202,4340,177657718310.0,1149
2,66763663.41989634,66720941.378479004,-42722.041417337954,-34956.97723007202,5,-6.894554972648621,-34956.97723007202,4341,177666673430.0,1149
2,70342197.46730156,70299052.32513428,-43145.142167285085,-34963.870343238115,5,-15.354942172765732,-34956.97723007202,4342,177670251560.0,1149
0,78599710.14716172,78555608.35916138,-44101.78800034523,-34960.11177814007,5,-11.596377074718475,-34956.97723007202,4343,177678508160.0,1149
2,30905145.27987227,30866514.497283936,-38630.78258833289,-35036.30582474172,3,38.687357909977436,-35073.13088404387,4359,178631731150.0,1150
1,55136661.37659765,55095175.48025513,-41485.896342523396,-35073.13088404387,3,-16.55023104324937,-35073.13088404387,4360,178655959940.0,1150
1,59570437.172249034,59528431.873291016,-42005.29895801842,-35076.855481259525,3,-22.137126866728067,-35073.13088404387,4361,178660393220.0,1150
3,79439638.49254851,79410322.42114258,-29316.071405932307,-20076.70585422218,1,,-20076.70585422218,4388,179681145570.0,1151
1,30283672.199277967,30293410.051940918,9737.852662950754,13260.047917194664,3,75.55143544822931,13187.194929301739,4408,180632961470.0,1152
2,73756289.74749885,73760898.58865356,4608.841154709458,13187.194929301739,3,-33.728046391159296,13187.194929301739,4409,180676429190.0,1152
2,77055811.33319023,77060031.0208435,4219.687653273344,13181.798034191132,3,-41.82338905707002,13187.194929301739,4410,180679728340.0,1152
2,17183285.511478532,17193809.937805176,10524.426326643676,12522.958284147084,2,-2.826683972030878,12524.3716261331,4442,181620786170.0,1153
2,22719847.145603318,22729730.45916748,9883.313564162701,12525.784968119115,2,2.826683972030878,12524.3716261331,4443,181626322120.0,1153
2,32554611.01718267,32503812.87033081,-50798.14685185999,-47011.826102051884,3,12.409894298762083,-47017.64940344542,4493,183637908130.0,1155
2,33987885.90879174,33936915.239105225,-50970.66968651861,-47017.64940344542,3,3.674942208454013,-47017.64940344542,4494,183639341240.0,1155
0,52680893.67664455,52627735.7109375,-53157.965707048774,-47030.82258925587,3,-16.084836507216096,-47017.64940344542,4495,183658032160.0,1155
3,27784173.261979982,27755878.516815186,-28294.74516479671,-25063.258488990366,4,18.455177575349808,-25078.822468917817,4539,185634989710.0,1157
2,51716341.984029904,51685251.09350586,-31090.890524044633,-25075.931271269917,4,5.7823952957987785,-25078.822468917817,4540,185658919210.0,1157
3,65843955.68272057,65811215.87307739,-32739.80964317918,-25081.713666565716,4,-5.7823952957987785,-25078.822468917817,4541,185673045250.0,1157
1,68988380.7094463,68955269.131073,-33111.57837329805,-25087.764565855265,4,-11.833294585347176,-25078.822468917817,4542,185676189320.0,1157
3,2672616.9785730448,2653864.3315734863,-18752.646999558434,-18441.803625729866,2,-10.523310449905694,-18436.541970504913,4566,186610808860.0,1158
1,26895704.79130964,26874145.359191895,-21559.43211774528,-18431.28031527996,2,10.523310449905694,-18436.541970504913,4567,186635029270.0,1158
1,1218011.9537604009,1175854.5195007324,-42157.43425966846,-42015.771257410524,4,-46.291606242535636,-41991.60865853669,4584,187610220140.0,1159
2,1696072.9765093685,1653861.9741210938,-42211.00238827476,-42013.737665905384,4,-44.25801473739557,-41991.60865853669,4585,187610698150.0,1159
0,64414989.4132881,64365528.03607178,-49461.37721632421,-41969.47965116799,4,44.25801473739557,-41991.60865853669,4586,187673410150.0,1159
0,65492855.9856193,65443272.29708862,-49583.68853067607,-41966.42781601101,4,47.309849894372746,-41991.60865853669,4587,187674487900.0,1159
3,6657902.257658485,6609471.75869751,-48430.49896097556,-47656.14003974479,3,-8.806056997738779,-47655.25651524216,4613,188616570220.0,1160
3,24890068.97833686,24839534.684051514,-50534.29428534582,-47639.41145025194,3,16.28682724153623,-47655.25651524216,4614,188634800380.0,1160
1,41276833.46572313,41224377.435180664,-52456.030542463064,-47655.25651524216,3,-7.480770243797451,-47655.25651524216,4615,188651185310.0,1160
2,10655259.932857838,10634642.765014648,-20617.16784318909,-19377.889273494482,1,,-19377.889273494482,4641,189621461670.0,1161
3,28335366.38038952,28324062.630584717,-11303.749804802239,-8008.15565309301,1,,-8008.15565309301,4665,190640088610.0,1162
0,4524067.48827083,4527957.608642578,3890.120371747762,4416.299922635779,3,-19.269689554348588,4434.705604687333,4685,191617191660.0,1163
0,27759056.028938845,27760263.89718628,1207.8682474344969,4436.433619692922,3,10.930856031365693,4434.705604687333,4686,191640424090.0,1163
1,65668525.04028585,65665322.05368042,-3202.9866054281592,4434.705604687333,3,8.338833522982895,4434.705604687333,4687,191678329350.0,1163
1,30682475.780945763,30587930.768981934,-94545.0119638294,-90976.43316423893,1,,-90976.43316423893,4707,192644214030.0,1164
3,26663961.07149417,26619102.619873047,-44858.45162112266,-41757.2531757243,2,-14.40835690870881,-41750.04899726994,4738,193641059470.0,1165
2,62902958.5534718,62853899.67047119,-49058.88300061226,-41742.84481881559,2,14.40835690870881,-41750.04899726994,4739,193677294460.0,1165
3,36692889.33400781,36652103.4737854,-40785.860222406685,-36518.2298034057,1,,-36518.2298034057,4766,194651988990.0,1166
3,9562469.858343795,9542194.279083252,-20275.57926054299,-19163.399544281885,1,,-19163.399544281885,4801,195625744170.0,1167
3,1182804.8575039792,1137397.4023742676,-45407.455129711656,-45269.88695012033,1,,-45269.88695012033,4834,197619168100.0,1169
3,11629382.38425913,11571786.07800293,-57596.30625620112,-56243.73067771457,1,,-56243.73067771457,4852,198630506690.0,1170
3,8278739.894062139,8247684.100402832,-31055.793659307063,-30092.92039300967,2,-4.677739658392966,-30090.581523180474,4875,199628071100.0,1171
2,22421874.8551732,22389178.797302246,-32696.057870954275,-30088.242653351277,2,4.677739658392966,-30090.581523180474,4876,199642212670.0,1171
0,61446047.463841595,61450857.213256836,4809.749415241182,11956.339014582336,2,7.164602838456631,11952.756713163108,4890,200682144910.0,1172
3,73029390.17550097,73032845.53945923,3455.3639582544565,11949.17441174388,2,-7.164602838456631,11952.756713163108,4891,200693726960.0,1172
0,32570347.527669404,32472883.353881836,-97464.17378756776,-93676.02277549356,1,,-93676.02277549356,4911,201654146960.0,1173
1,38408710.01066389,38365516.79360962,-43193.21705427021,-38726.025122232735,2,-24.790775559842587,-38713.629734452814,4942,202660834970.0,1174
3,67521306.20515671,67474751.78765869,-46554.41749802232,-38701.23434667289,2,24.790775559842587,-38713.629734452814,4943,202689944360.0,1174
0,76140517.40577826,76089812.72775269,-50704.67802557349,-41849.0224994719,1,,-41849.0224994719,4990,204700304270.0,1176
0,6105730.420919936,6070505.859588623,-35224.5613313131,-34514.42371752765,5,1.2623628126457334,-34514.42371752765,5014,205631180800.0,1177
3,18706905.040207785,18670208.766479492,-36696.273728292435,-34520.53454710543,5,-7.903881554026157,-34514.42371752765,5015,205643780570.0,1177
2,20445892.274705146,20408989.507507324,-36902.76719782129,-34524.77207672596,5,-12.141411174554378,-34514.42371752765,5016,205645519360.0,1177
3,38251374.43506931,38212414.704711914,-38959.73035739362,-34510.83761357516,5,6.641518741380423,-34514.42371752765,5017,205663322880.0,1177
1,65548481.833460696,65506369.36508179,-42112.46837890893,-34488.738003097475,5,28.74112921906635,-34514.42371752765,5018,205690616980.0,1177
1,4108436.3028197,4071478.8572998047,-36957.44551989529,-36479.60667812824,3,-14.045690353959799,-36478.5793852061,5073,207631013350.0,1179
0,49044336.33198768,49002179.60241699,-42156.72957068682,-36452.54259034246,3,26.550441324710846,-36478.5793852061,5074,207675944290.0,1179
1,70424445.18441571,70379775.76724243,-44669.41717328131,-36478.5793852061,3,-12.504750970751047,-36478.5793852061,5075,207697322000.0,1179
0,11429339.857379772,11425024.129180908,-4315.728198863566,-2986.418914973736,3,11.312933452427387,-2989.033166665584,5098,208639235240.0,1180
1,22270733.072792746,22265136.40585327,-5596.666939474642,-3006.4305301867425,3,-18.704489367082715,-2989.033166665584,5099,208650075410.0,1180
0,23237142.929811925,23231451.260253906,-5691.669558018446,-2989.033166665584,3,7.391555914655328,-2989.033166665584,5100,208651041730.0,1180
1,6868083.286889704,6873544.443359375,5461.156469671056,6259.960861676373,3,33.10670101363212,6246.14214591682,5126,209635618090.0,1181
2,24856573.511230804,24859928.666290283,3355.155059479177,6246.14214591682,3,12.378627374302596,6246.14214591682,5127,209653604570.0,1181
1,53974093.61927512,53974023.63446045,-69.98481467366219,6207.566175408661,3,-45.485328387934715,6246.14214591682,5128,209682718820.0,1181
2,30717255.91637985,30661983.943572998,-55271.97280685231,-51699.34884301573,1,,-51699.34884301573,5162,210660323090.0,1182
2,27099586.680247065,27072683.432678223,-26903.247568842024,-23751.382928084582,3,-13.424038551747799,-23751.382928084582,5186,211657612060.0,1183
1,42668917.57524574,42640200.53604126,-28717.039204478264,-23754.356409661472,3,-17.88426091708243,-23751.382928084582,5187,211673179660.0,1183
0,64384004.772204086,64352794.91699219,-31209.855211898685,-23721.561369404197,3,31.308299468830228,-23751.382928084582,5188,211694892370.0,1183
1,41353623.48916762,41318911.97393799,-34711.51522963494,-29901.81000495702,1,,-29901.81000495702,5217,212672731790.0,1184
2,39076852.4761859,39034700.36489868,-42152.11128722131,-37607.20988171548,2,-10.752976775169373,-37601.83339332789,5239,213671353760.0,1185
0,61507741.15671116,61462990.93481445,-44750.22189670801,-37596.45690494031,2,10.752976775169373,-37601.83339332789,5240,213693782170.0,1185
0,4428956.366186413,4446898.973449707,17942.60726329405,18457.72474942915,2,5.6908931117504835,18454.879302873276,5263,214637634080.0,1186
3,60410064.97412044,60421490.91012573,11425.936005294323,18452.0338563174,2,-5.6908931117504835,18454.879302873276,5264,214693608970.0,1186
3,3105227.761995559,3064562.1666259766,-40665.59536958253,-40304.43644490931,3,-26.689327565021813,-40279.465757109225,5294,215637232170.0,1187
3,45525330.675416574,45479756.306762695,-45574.36865387857,-40279.465757109225,3,10.76670413510874,-40279.465757109225,5295,215679647590.0,1187
0,78029084.58227757,77979733.24517822,-49351.33709934354,-40276.028477579355,3,15.922623429913074,-40279.465757109225,5296,215712147740.0,1187
2,69415181.15847474,69381007.44070435,-34173.71777039766,-26100.264193162322,1,,-26100.264193162322,5310,216704421370.0,1188
2,43779050.11220007,43770264.02307129,-8786.089128777385,-3694.290435217321,2,-15.797827772796154,-3686.391521330923,5332,217679720780.0,1189
0,67524749.66869456,67513217.59243774,-11532.076256811619,-3678.4926074445248,2,15.797827772796154,-3686.391521330923,5333,217703463860.0,1189
2,31793570.091800667,31798748.051849365,5177.960048697889,8875.766607820988,2,12.909662537276745,8869.31177655235,5357,218668645410.0,1190
0,51914806.10433428,51917630.91931152,2824.8149772435427,8862.856945283711,2,-12.909662537276745,8869.31177655235,5358,218688764400.0,1190
3,43002955.67994079,43012400.336639404,9444.656698614359,14446.190377146006,3,-13.109111953526735,14455.838456071913,5385,219680808580.0,1191
3,51921745.86044487,51930162.84979248,8416.989347606897,14455.838456071913,3,1.3630064353346825,14455.838456071913,5386,219689726390.0,1191
2,69121397.79674396,69127821.27267456,6423.475930601358,14462.760522127151,3,11.746105518192053,14455.838456071913,5387,219706924140.0,1191
0,695694.5727076362,633812.1542053223,-61882.4185023139,-61801.50453302148,2,-7.1895018729846925,-61797.909782084986,5408,220639350040.0,1192
1,40559161.52583345,40492649.90686035,-66511.6189730987,-61794.31503114849,2,7.1895018729846925,-61797.909782084986,5409,220679209090.0,1192
1,238105.18297406193,192734.97451782227,-45370.20845623966,-45342.5152181157,2,-5.429844713129569,-45339.80029575914,5435,221639769330.0,1193
3,6915630.840856498,6869489.42098999,-46141.41986650787,-45337.08537340257,2,5.429844713129569,-45339.80029575914,5436,221646446120.0,1193
1,11155399.612390358,11126977.323791504,-28422.288598854095,-27124.84041240625,2,-27.548532081767917,-27111.066146365367,5469,222651544800.0,1194
0,49316727.298926786,49283894.139160156,-32833.15976662934,-27097.291880324483,2,27.548532081767917,-27111.066146365367,5470,222689701920.0,1194
1,2584818.0395474094,2561477.139312744,-23340.900234665256,-23040.26846940024,2,-24.723738736938685,-23027.90660003177,5501,223643889800.0,1195
2,34130294.30788026,34103309.17980957,-26985.128070689738,-23015.5447306633,2,24.723738736938685,-23027.90660003177,5502,223675431800.0,1195
3,12912563.374518324,12857150.65447998,-55412.72003834322,-53910.901859274134,2,-5.601541927084327,-53908.10108831059,5534,224655070730.0,1196
3,23485741.209434535,23429104.359069824,-56636.850364711136,-53905.30031734705,2,5.601541927084327,-53908.10108831059,5535,224665642740.0,1196
3,12380105.687649319,12368513.58493042,-11592.102718899027,-10152.212958728895,2,1.1646565962582827,-10152.795287027024,5561,225655469340.0,1197
0,54232021.67780486,54215560.750427246,-16460.9273776114,-10153.377615325153,2,-1.1646565962582827,-10152.795287027024,5562,225697316610.0,1197
3,23101268.199032117,23094282.738952637,-6985.460079479963,-4298.626835405827,4,-12.370916925370693,-4292.441376943141,5585,226667093680.0,1198
2,34090978.951270014,34082714.22583008,-8264.725439935923,-4299.7147409543395,4,-13.458822473883629,-4292.441376943141,5586,226678082170.0,1198
3,58159636.68944032,58148586.075653076,-11050.61378724128,-4286.255918480456,4,12.370916925370693,-4292.441376943141,5587,226702148170.0,1198
1,76725101.98440892,76711897.22647095,-13204.757937967777,-4281.111284002662,4,17.515551403164864,-4292.441376943141,5588,226720711580.0,1198
1,58097963.137389585,58114502.314331055,16539.17694146931,23296.36176031083,1,,23296.36176031083,5613,227703052280.0,1199
2,12974838.383802693,12990128.678161621,15290.294358927757,16799.355541445315,4,-2.561477828770876,16800.705260282382,5635,228658862020.0,1200
1,15614738.804756328,15629724.622375488,14985.817619159818,16801.917019274086,4,2.423517983406782,16800.705260282382,5636,228661501630.0,1200
0,48217435.99855268,48228641.03393555,11205.03538286686,16813.048279330134,4,13.554778039455414,16800.705260282382,5637,228694100720.0,1200
2,68609522.71585673,68618342.45928955,8819.743432819843,16799.49350129068,4,-2.423517983406782,16800.705260282382,5638,228714490530.0,1200
1,56532035.206955306,56564736.34713745,32701.14018214494,39276.197024933994,1,,39276.197024933994,5688,230704390560.0,1202
0,16234992.353244431,16200312.970367432,-34679.382876999676,-32791.143807346,3,-7.8443558271974325,-32785.603359147906,5709,231665034260.0,1203
3,53136127.580978446,53097166.49554443,-38961.085434012115,-32780.9955438897,3,7.378039357252419,-32785.603359147906,5710,231701931310.0,1203
3,56206402.93531923,56167080.14834595,-39322.786973282695,-32785.603359147906,3,0.4663164699450135,-32785.603359147906,5711,231705001240.0,1203
0,16053215.642078377,16137813.980560303,84598.33848192543,86465.43569450267,2,21.753920828923583,86454.5587340882,5773,233666742420.0,1205
2,25906060.888400428,25989491.520629883,83430.63222945482,86443.68177367374,2,-21.753920828923583,86454.5587340882,5774,233676594150.0,1205
3,60516724.12013517,60519695.3263855,2971.2062503248453,10009.70927914232,1,,10009.70927914232,5790,234712133900.0,1206
2,16805508.643220425,16895515.848846436,90007.2056260109,91961.79958670214,4,-8.49466722086072,91966.04692031257,5837,236670365140.0,1208
3,50823760.24496591,50909804.723602295,86044.47863638401,91955.6246149689,4,-14.669638954102993,91966.04692031257,5838,236704379610.0,1208
0,62352775.092840716,62437493.33895874,84718.24611802399,91970.294253923,4,8.49466722086072,91966.04692031257,5839,236715907360.0,1208
0,75713784.5978795,75796952.2001648,83167.60228529572,91973.62590874732,4,11.826322045177221,91966.04692031257,5840,236729266890.0,1208
0,3373447.204318993,3387553.2017211914,14105.997402198613,14498.3520563934,3,-14.501392418518662,14511.272499836981,5856,237657914340.0,1209
2,44243070.0921054,44252435.59725952,9365.505154117942,14511.272499836981,3,4.87927274685353,14511.272499836981,5857,237698779440.0,1209
1,68170232.42374843,68176818.20050049,6585.776752054691,14514.434397786856,3,9.622119671665132,14511.272499836981,5858,237722703950.0,1209
1,174222.57220350666,168452.49053955078,-5770.081663955876,-5749.818404171558,2,-21.048353612364735,-5739.294227365375,5882,238655616520.0,1210
0,15549397.897365047,15541860.627502441,-7537.269862605259,-5728.770050559193,2,21.048353612364735,-5739.294227365375,5883,238670990010.0,1210
0,62843101.45564655,62824838.9503479,-18262.505298651755,-10953.428900897503,1,,-10953.428900897503,5904,239719202730.0,1211
1,34869364.99681791,34851828.290252686,-17536.706565223634,-13481.164321132004,3,-39.77639554813504,-13448.474521107972,5946,241693055270.0,1213
0,53111336.84441151,53091711.16333008,-19625.681081429124,-13448.474521107972,3,9.258304487913847,-13448.474521107972,5947,241711295250.0,1213
0,72033422.68936366,72011610.41531372,-21812.274049937725,-13434.301330059767,3,30.518091060221195,-13448.474521107972,5948,241730215250.0,1213
3,12716007.728109643,12715138.512390137,-869.2157195061445,609.7417126763612,1,,609.7417126763612,5965,242671802640.0,1214
2,15023826.934720136,15051318.17175293,27491.237032793462,29238.60939839855,1,,29238.60939839855,5990,243675069090.0,1215
2,26449830.363663234,26549152.70336914,99322.33970590681,102398.63330627978,6,-5.427643582224846,102401.34712807089,6021,244687561500.0,1216
1,29673151.161758304,29772095.541259766,98944.37950146198,102395.56704280898,6,-8.493907053023577,102401.34712807089,6022,244690784460.0,1216
1,33153115.477312617,33251657.012695312,98541.5353826955,102397.46623643115,6,-6.594713430851698,102401.34712807089,6023,244694264040.0,1216
3,42164726.17722258,42262229.03161621,97502.85439363122,102406.89632951468,6,8.263023234903812,102401.34712807089,6024,244703274660.0,1216
2,52529939.368700534,52626233.84353638,96294.47483584285,102404.060949862,6,5.427643582224846,102401.34712807089,6025,244713638720.0,1216
1,62549272.93867703,62644410.49700928,95137.55833224952,102412.46049243957,6,13.827186159789562,102401.34712807089,6026,244723656950.0,1216
2,75557298.97981676,75563045.11254883,5746.132732063532,14533.956023082137,1,,14533.956023082137,6048,245737635960.0,1217
2,7197428.210897468,7232335.172210693,34906.96131322533,35744.07074039057,5,-35.10700289532542,35774.37036768347,6074,246670216200.0,1218
3,17391920.424029134,17425650.893066406,33730.469037272036,35753.26664175838,5,-25.911101527512074,35774.37036768347,6075,246680409570.0,1218
2,52175169.648185484,52204875.69454956,29706.046364076436,35774.37036768347,5,5.74448736011982,35774.37036768347,6076,246715188980.0,1218
0,55771689.183704145,55800986.54534912,29297.36164497584,35783.98511888832,5,20.166614167392254,35774.37036768347,6077,246718785110.0,1218
3,67451335.02570845,67479274.35876465,27939.33305619657,35784.378087610006,5,20.559582889080048,35774.37036768347,6078,246730463460.0,1218
1,26925086.046524942,26948542.065246582,23456.01872164011,26587.587762180716,1,,26587.587762180716,6103,247690903730.0,1219
1,3387604.744500786,3349447.8606567383,-38156.883844047785,-37762.88257247722,1,,-37762.88257247722,6120,248668228880.0,1220
0,13922404.108574327,13942015.837127686,19611.728553358465,21230.998018309474,5,13.100062597543001,21225.13211043179,6150,249679698770.0,1221
2,40787006.06707853,40803472.80050659,16466.73342806101,21210.537226326764,5,-16.899346627295017,21225.13211043179,6151,249706560370.0,1221
3,46340687.83297289,46356523.230651855,15835.39767896384,21225.13211043179,5,4.929692197591066,21225.13211043179,6152,249712113450.0,1221
1,48245833.7390108,48261433.08706665,15599.34805584699,21210.66380099207,5,-16.77277196198702,21225.13211043179,6153,249714018370.0,1221
1,79413683.74404863,79425677.13824463,11993.394196003675,21229.741035476327,5,11.843079764395952,21225.13211043179,6154,249745182780.0,1221
0,3617179.528699667,3599162.984741211,-18016.543958456255,-17595.84159165295,3,-10.915727049577981,-17595.84159165295,6182,250670291240.0,1222
1,18153512.619998615,18133795.588165283,-19717.031833332032,-17605.655921675265,3,-25.63722208305262,-17595.84159165295,6183,250684825950.0,1222
0,78890281.8712462,78863542.20376587,-26739.66748033464,-17564.195807531476,3,36.5529491326306,-17595.84159165295,6184,250745556020.0,1222
2,5801667.908764421,5789463.761688232,-12204.147076188587,-11529.373982605524,2,-30.505120356567204,-11514.12142242724,6205,251673347810.0,1223
0,60212686.06810759,60194184.057891846,-18502.010215744376,-11498.868862248957,2,30.505120356567204,-11514.12142242724,6206,251727752820.0,1223
2,53543683.03551862,53522757.82022095,-20925.215297669172,-14697.723960377276,2,-18.01754453033209,-14688.71518811211,6230,252721985760.0,1224
3,74628415.05173846,74605055.55749512,-23359.494243338704,-14679.706415846944,2,18.01754453033209,-14688.71518811211,6231,252743068170.0,1224
0,2606571.3050109,2587145.421813965,-19425.883196935058,-19122.721380232368,4,8.766859858762473,-19127.10481016175,6259,253671929190.0,1225
2,6653781.430923518,6633873.873077393,-19907.557846125215,-19133.67820482701,4,-10.956824594642967,-19127.10481016175,6260,253675975940.0,1225
2,15336872.911168197,15315957.641204834,-20915.269963363186,-19131.48824009113,4,-8.766859858762473,-19127.10481016175,6261,253684658070.0,1225
0,37596463.84942624,37572979.12310791,-23484.726318329573,-19112.004091136158,4,19.484148954972625,-19127.10481016175,6262,253706915210.0,1225
1,9493775.524703173,9481902.966339111,-11872.558364061639,-10768.368261951953,1,,-10768.368261951953,6287,254679724290.0,1226
2,8929540.714128595,8972784.132629395,43243.418500799686,44281.98429027572,2,-17.76344494894147,44290.86601275019,6308,255680078610.0,1227
3,59951775.5199778,59989102.47201538,37326.95203758031,44299.747735224664,2,17.76344494894147,44290.86601275019,6309,255731095200.0,1227
1,9618632.020212695,9641714.413787842,23082.393575146794,24201.105329487473,2,-37.754080314189196,24219.982369644567,6330,256681725930.0,1228
1,51069064.533816785,51087363.71670532,18299.182888537645,24238.859409801662,2,37.754080314189196,24219.982369644567,6331,256723171800.0,1228
3,35252412.73577659,35295786.02316284,43373.287386253476,47473.3806649521,2,0.02496200054883957,47473.368183951825,6351,257708288380.0,1229
0,38824089.15391062,38867047.00628662,42957.85237599909,47473.35570295155,2,-0.02496200054883957,47473.368183951825,6352,257711859660.0,1229
3,27720098.523340203,27752942.068603516,32843.54526331276,36067.57961501181,1,,36067.57961501181,6372,258701716970.0,1230
0,9264098.507787634,9219704.580352783,-44393.927434850484,-43316.450318329036,3,1.2341057509183884,-43316.450318329036,6405,259684165860.0,1231
1,45961439.07314743,45912769.190704346,-48669.88244308531,-43324.25719934702,3,-10.476215776056051,-43316.450318329036,6406,259720859120.0,1231
1,72226910.93225846,72175199.34390259,-51711.588355869055,-43311.11164881289,3,9.242110025137663,-43316.450318329036,6407,259747121690.0,1231
1,2216496.081984954,2186926.4590759277,-29569.62290902622,-29311.82947071269,4,-25.562326278537512,-29297.058228140697,6438,260678001350.0,1232
1,21257765.347313672,21225985.076568604,-31780.27074506879,-29307.84931184724,4,-21.5821674130857,-29297.058228140697,6439,260697040510.0,1232
1,66365199.895754084,66328194.90841675,-37004.987337335944,-29286.267144434154,4,21.5821674130857,-29297.058228140697,6440,260742142960.0,1232
3,78229666.95237356,78191301.73764038,-38365.214733183384,-29266.577029421926,4,41.27228242531419,-29297.058228140697,6441,260754006130.0,1232
3,58998378.711133555,58988684.55813599,-9694.15299756825,-2832.243776753545,2,-5.187559597194195,-2829.6499969549477,6460,261735645860.0,1233
0,59310888.20659484,59301162.89419556,-9725.312399283051,-2827.0562171563506,2,5.187559597194195,-2829.6499969549477,6461,261735958340.0,1233
0,21870017.5984013,21857448.508636475,-12569.089764826,-10025.459266897291,2,29.20264906063676,-10040.06059142761,6492,262699420620.0,1234
2,57117808.68516926,57101110.837005615,-16697.84816364199,-10054.661915957928,2,-29.20264906063676,-10040.06059142761,6493,262734664470.0,1234
0,33402874.44537055,33380727.571380615,-22146.873989935964,-18261.894484300166,1,,-18261.894484300166,6520,263711813290.0,1235
0,1989266.5367616261,1959429.1206970215,-29837.41606460465,-29606.05095441919,3,104.00796074885875,-29699.135379195213,6547,264681297250.0,1236
0,56425511.08598216,56389249.28323364,-36261.8027485162,-29699.135379195213,3,-35.618676415178925,-29699.135379195213,6548,264735727360.0,1236
2,58392561.24110478,58356048.81008911,-36512.4310156703,-29720.98245114088,3,-68.38928433367983,-29699.135379195213,6549,264737694170.0,1236
0,60003102.81040823,59996188.6065979,-6914.203810326755,64.56159725040197,1,,64.56159725040197,6566,265740183680.0,1237
0,26129057.585184522,26150086.97796631,21029.39278178662,24068.378345321864,3,13.759934026747942,24060.2427110672,6587,266707259720.0,1238
1,45167059.85244909,45185855.612976074,18795.76052698493,24048.994111523032,3,-15.31641667149961,24060.2427110672,6588,266726295590.0,1238
0,69937137.64610472,69953063.72817993,15926.082075208426,24060.2427110672,3,1.556482644751668,24060.2427110672,6589,266751062930.0,1238
1,15827706.245516337,15802592.878234863,-25113.367281474173,-23272.498332137242,2,2.49877037294209,-23273.747717323713,6648,268698659790.0,1240
2,32652846.03847466,32625773.29522705,-27072.743247609586,-23274.997102510184,2,-2.49877037294209,-23273.747717323713,6649,268715483060.0,1240
2,25595039.23065171,25559000.233947754,-36038.996703956276,-33062.12107549235,1,,-33062.12107549235,7178,289727346990.0,1261
0,6631883.01701216,6582071.464172363,-49811.55283979699,-49040.22013167944,3,83.69695466104895,-49112.18234270066,7197,290709285370.0,1262
0,46621943.17187924,46567408.54321289,-54534.628666348755,-49112.18234270066,3,-24.246361870784312,-49112.18234270066,7198,290749270920.0,1262
1,47285970.33680239,47231335.0078125,-54635.3289898932,-49135.651829980314,3,-59.450592790264636,-49112.18234270066,7199,290749934850.0,1262
2,4027464.3366070497,3989655.7880249023,-37808.54858214734,-37340.1273259772,3,48.10968434903771,-37384.08123164624,7226,291707544350.0,1263
2,53137748.66728222,53094184.30761719,-43564.3596650362,-37384.08123164624,3,-17.82117415452376,-37384.08123164624,7227,291756649140.0,1263
1,66688660.89145242,66643512.15777588,-45148.73367653787,-37392.39278900623,3,-30.288510194513947,-37384.08123164624,7228,291770198540.0,1263
2,16482964.214228738,16449294.028137207,-33670.18609153107,-31753.106222577393,1,,-31753.106222577393,7270,293721791610.0,1265
2,28159591.72125843,28138767.955078125,-20823.766180306673,-17548.615806553513,1,,-17548.615806553513,7293,294734397580.0,1266
1,30571931.47297166,30487179.73602295,-84751.73694870993,-81196.0151974447,2,-2.6317875497043133,-81194.69930366985,7318,295737641190.0,1267
2,38734674.76189841,38648976.2746582,-85698.48724021018,-81193.383409895,2,2.6317875497043133,-81194.69930366985,7319,295745803030.0,1267
3,12626100.672200732,12619497.389404297,-6603.282796435058,-5134.782161023468,2,107.10647391155362,-5188.335397979245,7354,296720626870.0,1268
3,79165452.47528304,79151003.11077881,-14449.364504233003,-5241.888634935021,2,-107.10647391155362,-5188.335397979245,7355,296787158730.0,1268
3,17311657.467654444,17263374.930725098,-48282.53692934662,-46269.074447833,2,22.090783178806305,-46280.119839422405,7376,297726169030.0,1269
0,48919277.447644934,48867296.640625,-51980.80701993406,-46291.16523101181,2,-22.090783178806305,-46280.119839422405,7377,297757773120.0,1269
0,46719944.32800351,46663406.640686035,-56537.68731747568,-51103.84279862791,1,,-51103.84279862791,7394,298756468500.0,1270
1,13673409.807553902,13624009.437438965,-49400.370114937425,-47810.060365954414,3,9.82143897563219,-47818.81277112663,7437,300725164770.0,1272
3,29840922.869189188,29789633.355895996,-51289.51329319179,-47818.81277112663,3,-3.3071687826886773,-47818.81277112663,7438,300741330480.0,1272
3,31184264.09449354,31132816.20349121,-51447.891002327204,-47820.950838733464,3,-6.514270192943513,-47818.81277112663,7439,300742673670.0,1272
3,24898301.306275584,24846139.83795166,-52161.46832392365,-49265.62801358849,3,70.34620102867484,-49329.829904951155,7465,301737306210.0,1273
3,64660388.399825096,64603538.13079834,-56850.26902675629,-49329.829904951155,3,-25.956636015325785,-49329.829904951155,7466,301777063820.0,1273
0,77487264.2457864,77428909.83599854,-58354.40978786349,-49342.11852428317,3,-44.389565013349056,-49329.829904951155,7467,301789889260.0,1273
0,23624168.019356724,23596176.842895508,-27991.176461216062,-25243.5264425613,2,55.6679491661489,-25271.360417144373,7484,302736939650.0,1274
0,63903654.00106031,63870922.380859375,-32731.620200932026,-25299.194391727448,2,-55.6679491661489,-25271.360417144373,7485,302777214610.0,1274
3,20076209.271633603,20066641.66748047,-9567.604153133929,-7232.605657760054,5,28.815180586650968,-7232.605657760054,7503,303734353410.0,1275
0,25125102.067387834,25114954.785339355,-10147.282048478723,-7225.063280496746,5,38.61609554849565,-7232.605657760054,7504,303739401750.0,1275
0,30321091.7560395,30310337.120056152,-10754.635983347893,-7228.08858236298,5,35.5907936822623,-7232.605657760054,7505,303744597160.0,1275
1,54902070.84253378,54888386.24255371,-13684.599980071187,-7299.118982352316,5,-68.77186229079962,-7232.605657760054,7506,303769175340.0,1275
0,66525986.52651757,66510954.35266113,-15032.173856437206,-7294.75309433043,5,-64.40597426891327,-7232.605657760054,7507,303780797970.0,1275
3,30456668.691413745,30412980.709777832,-43687.98163591325,-40145.66572326422,2,67.48281492292881,-40179.40713072568,7538,304745623150.0,1276
3,66095601.46836582,66047700.95574951,-47900.51261630654,-40213.148538187146,2,-67.48281492292881,-40179.40713072568,7539,304781258060.0,1276
3,12667919.729195613,12597909.833496094,-70009.89569951966,-68536.53122582845,3,67.27254120074213,-68581.49647272378,7564,305728708290.0,1277
2,40448847.88840778,40375561.91821289,-73285.9701948911,-68581.49647272378,3,-0.17532914225012064,-68581.49647272378,7565,305756486090.0,1277
1,73455285.63644832,73378116.18041992,-77169.45602840185,-68626.11106133461,3,-67.097212058492,-68581.49647272378,7566,305789488820.0,1277
1,73609922.95271558,73545917.77484131,-64005.1778742671,-55443.84754472971,1,,-55443.84754472971,7585,306790513920.0,1278
2,6455480.513892721,6408087.524719238,-47392.9891734831,-46642.17326581292,3,38.72951033525169,-46676.85816761851,7606,307724279110.0,1279
1,38147810.578645155,38096688.783691406,-51121.794953748584,-46684.94738467783,3,-25.431667962111533,-46676.85816761851,7607,307755967880.0,1279
0,54076630.30782732,54023663.972961426,-52966.334865897894,-46676.85816761851,3,-13.297842373140156,-46676.85816761851,7608,307771894940.0,1279
2,3491753.9633849813,3437717.723510742,-54036.23987423908,-53630.12534632161,4,61.83671884611249,-53666.72487950139,7628,308722185990.0,1280
3,18372996.88164447,18317218.49053955,-55778.39110491797,-53641.48769383505,4,50.47437133267522,-53666.72487950139,7629,308737065570.0,1280
2,57112676.77836621,57052342.22692871,-60334.55143749714,-53691.962065167725,4,-50.47437133267522,-53666.72487950139,7630,308775800900.0,1280
3,58273891.89803991,58213416.04425049,-60475.853789418936,-53698.20726957172,4,-56.719575736671686,-53666.72487950139,7631,308776961980.0,1280
2,34368085.75939169,34289607.64916992,-78478.11022176594,-74480.87013269961,1,,-74480.87013269961,7652,309753947310.0,1281
1,71064960.21106549,70993596.67840576,-71363.53265972435,-63098.198655605316,1,,-63098.198655605316,7679,310791510840.0,1282
3,580412.1007984485,522528.1354370117,-57883.96536143683,-57816.459520880715,5,116.40491497830953,-57925.388912290335,7698,311721950710.0,1283
0,1301151.0473232898,1243194.2979125977,-57956.74941069214,-57805.416771315504,5,127.44766454352066,-57925.388912290335,7699,311722671380.0,1283
1,60585110.495395824,60520138.6496582,-64971.84573762119,-57925.388912290335,5,-46.98917213612003,-57925.388912290335,7700,311781948640.0,1283
3,72160440.10421571,72094107.01855469,-66333.08566102386,-57940.339959427714,5,-69.4157428421895,-57925.388912290335,7701,311793522670.0,1283
3,74579265.75828639,74512644.13989258,-66621.6183938086,-57947.546960517764,5,-76.62274393223925,-57925.388912290335,7702,311795941220.0,1283
3,43711256.31840315,43689708.667907715,-21547.650495432317,-16463.7366771698,3,47.92514942586422,-16496.684814721346,7735,312765992570.0,1284
0,70909857.83239383,70885113.85302734,-24743.979366481304,-16496.684814721346,3,-1.4970569014549255,-16496.684814721346,7736,312793188120.0,1284
1,71429695.47940159,71404861.08538818,-24834.394013404846,-16526.638838469982,3,-46.428092524409294,-16496.684814721346,7737,312793707870.0,1284
2,561606.9851009423,440674.87518310547,-120932.10991783685,-120866.79123902356,4,48.81820746476296,-120895.794560018,7762,313723709660.0,1285
1,9123246.364714209,9001309.289978027,-121937.07473618165,-120875.97967354767,4,39.62977294065058,-120895.794560018,7763,313732270340.0,1285
3,36611406.69635704,36486232.93347168,-125173.76288536191,-120915.60944648832,4,-39.62977294065058,-120895.794560018,7764,313759755410.0,1285
0,42990898.19574985,42864978.966796875,-125919.22895297408,-120919.09764114767,4,-43.117967600002885,-120895.794560018,7765,313766134190.0,1285
2,57134353.46096404,57062332.121398926,-72021.33956511319,-65376.22904845327,1,,-65376.22904845327,7780,314781138740.0,1286
1,6550831.097798819,6514181.542541504,-36649.555257314816,-35887.649433867075,1,,-35887.649433867075,7796,315731491650.0,1287
2,17342865.45340561,17293084.173706055,-49781.27969955653,-47764.18751889095,2,-28.747085507959127,-47749.81397613697,7812,316743214180.0,1288
0,66485860.713030644,66430392.51873779,-55468.19429285079,-47735.44043338299,2,28.747085507959127,-47749.81397613697,7813,316792351750.0,1288
3,76632972.48948437,76560490.89379883,-72481.59568554163,-63568.66431298852,1,,-63568.66431298852,7838,317803371200.0,1289
1,18851986.275123037,18778150.778198242,-73835.49692479521,-71642.88381782547,3,36.870995707809925,-71649.42720136791,7866,318746500890.0,1290
2,36641487.13980653,36565576.06060791,-75911.07919862121,-71649.42720136791,3,27.0559203941375,-71649.42720136791,7867,318764288410.0,1290
1,74259702.75465456,74179355.76812744,-80346.9865271151,-71710.08242569864,3,-63.92691610194743,-71649.42720136791,7868,318801902390.0,1290
0,74124105.76651365,74032344.93804932,-91760.82846432924,-83139.69520685077,1,,-83139.69520685077,7887,319802631620.0,1291
2,6542181.653847225,6481155.193054199,-61026.46079302579,-60265.56095822528,1,,-60265.56095822528,7919,320735926360.0,1292
2,39486429.2908984,39445991.80328369,-40437.48761470616,-35844.94966421276,4,-4.793719947338104,-35842.552804239094,7941,321769812670.0,1293
2,40796789.92408708,40756204.826416016,-40585.097671061754,-35840.155944265425,4,4.793719947338104,-35842.552804239094,7942,321771122890.0,1293
1,42067987.74806931,42027248.058166504,-40739.68990280479,-35846.89929845184,4,-6.743354186415672,-35842.552804239094,7943,321772393940.0,1293
3,52408968.233486295,52367032.99908447,-41935.23440182209,-35839.718046434224,4,5.231617778539658,-35842.552804239094,7944,321782733780.0,1293
0,17129696.65191771,17029717.369750977,-99979.28216673434,-97986.98295490071,2,5.177493616938591,-97989.57170170918,7963,322748307590.0,1294
3,21050436.962516475,20949996.49432373,-100440.468192745,-97992.16044851765,2,-5.177493616938591,-97989.57170170918,7964,322752227890.0,1294
3,10380187.030737797,10296447.626281738,-83739.40445605852,-82532.11871946603,1,,-82532.11871946603,7993,323742447710.0,1295
0,3724973.8769371733,3650167.5900878906,-74806.28684928268,-74373.04727301234,2,-19.678863196168095,-74363.20784141426,8014,324736642820.0,1296
0,30619038.965442367,30541124.396362305,-77914.56908006221,-74353.36840981618,2,19.678863196168095,-74363.20784141426,8015,324763533920.0,1296
1,77759368.68814015,77677579.7189331,-81788.96920704842,-72745.03036224842,1,,-72745.03036224842,8039,325811558900.0,1297
2,68555430.62901631,68479727.1593628,-75703.46965351701,-67730.01085944474,1,,-67730.01085944474,8061,326803223160.0,1298
3,40180932.23973786,40092770.56176758,-88161.67797028273,-83488.36464438587,3,-22.959804452955723,-83467.72052848339,8088,327775739430.0,1299
2,75690362.51683216,75598091.49682617,-92271.0200059861,-83467.72052848339,3,8.006369400769472,-83467.72052848339,8089,327811244940.0,1299
3,76790940.03011581,76698545.63690186,-92394.39321395755,-83463.08915138245,3,14.95343505218625,-83467.72052848339,8090,327812345400.0,1299
3,49004445.209544316,48947899.922302246,-56545.28724206984,-50845.73986822367,2,-1.0222895666956902,-50845.22872344032,8111,328785447040.0,1300
1,52655679.40991875,52598710.48181152,-56968.928107224405,-50844.71757865697,2,1.0222895666956902,-50845.22872344032,8112,328789097870.0,1300
0,49001864.305894926,48925350.10046387,-76514.205431059,-70814.95823370665,2,16.915150694549084,-70823.41580905393,8628,349804214430.0,1321
2,71973700.69037738,71894497.79034424,-79202.90003314614,-70831.8733844012,2,-16.915150694549084,-70823.41580905393,8629,349827183700.0,1321
0,3776774.1078532794,3716475.36138916,-60298.74646411929,-59859.48217174737,4,48.626356792170554,-59898.15597971156,8649,350759855700.0,1322
3,33883434.138257094,33819605.06298828,-63829.07526881248,-59888.20343088359,4,19.905097655951977,-59898.15597971156,8650,350789958990.0,1322
2,72880692.05218315,72812307.42779541,-68384.62438774109,-59908.10852853954,4,-19.905097655951977,-59898.15597971156,8651,350828951900.0,1322
2,79453573.53079301,79384422.43145752,-69151.09933549166,-59910.11304488778,4,-21.909614004194736,-59898.15597971156,8652,350835524050.0,1322
2,15250424.18970326,15195764.515197754,-54659.67450550571,-52885.947351390496,2,-17.064638378098607,-52877.41503220145,8677,351772231260.0,1323
0,17975489.559262853,17920530.00592041,-54959.55334244296,-52868.8827130124,2,17.064638378098607,-52877.41503220145,8678,351774956040.0,1323
1,20461036.545739572,20383945.57659912,-77090.9691404514,-74711.21263853088,2,-54.42578827217221,-74683.9997443948,8714,353779188080.0,1325
0,64679019.53688085,64596840.14398193,-82179.3928989172,-74656.78685025871,2,54.42578827217221,-74683.9997443948,8715,353823401210.0,1325
1,4487005.467763981,4440977.01361084,-46028.45415314101,-45506.585165116005,4,7.90157060790807,-45511.998296197504,8745,354764092340.0,1326
2,44454089.49559721,44403404.214660645,-50685.280936568975,-45514.97061149031,4,-5.460754819214344,-45511.998296197504,8746,354804054980.0,1326
3,53863033.2387578,53811254.11810303,-51779.12065476924,-45514.48673572391,4,-4.9768790528178215,-45511.998296197504,8747,354813462880.0,1326
0,68471599.55538471,68418126.33685303,-53473.21853168309,-45509.509856671095,4,4.9768790528178215,-45511.998296197504,8748,354828069830.0,1326
1,76090018.90748812,76085799.69067383,-4219.216814294457,4630.5653959959745,1,,4630.5653959959745,8772,355836651930.0,1327
3,44292364.74711762,44195775.58190918,-96589.165208444,-91437.66456199437,2,4.218654915690422,-91439.77388945222,8800,356805696090.0,1328
1,54166994.87578307,54069253.005859375,-97741.86992369592,-91441.88321691006,2,-4.218654915690422,-91439.77388945222,8801,356815569620.0,1328
0,12548295.416200519,12488489.049438477,-59806.366762042046,-58346.91540247947,3,-5.707198180258274,-58346.91540247947,8835,357774819820.0,1329
2,46733919.76196684,46670127.03302002,-63792.7289468199,-58357.25899077952,3,-21.22258063033223,-58346.91540247947,8836,357809001640.0,1329
0,79040293.09862456,78972775.0222168,-67518.07640776038,-58325.157417818904,3,26.929778810590506,-58346.91540247947,8837,357841304460.0,1329
1,16300026.931504384,16238083.559997559,-61943.37150682509,-60047.56847724505,2,-17.954915473237634,-60038.59101950843,8858,358779428780.0,1330
1,43858527.48462287,43793396.82861328,-65130.656009592116,-60029.61356177181,2,17.954915473237634,-60038.59101950843,8859,358806984240.0,1330
3,25828968.389382973,25761103.124084473,-67865.26529850066,-64861.18213168904,4,-28.159293171018362,-64834.64966470748,8887,359789849340.0,1331
3,59874221.90709992,59802421.85491943,-71800.05218048394,-64836.27649089694,4,-3.2536523789167404,-64834.64966470748,8888,359823890840.0,1331
0,64053783.03636587,63981509.601379395,-72273.43498647213,-64823.54815826565,4,12.728332631289959,-64834.64966470748,8889,359828069950.0,1331
2,76112960.86739638,76039275.39404297,-73685.47335341573,-64833.02283851802,4,3.2536523789167404,-64834.64966470748,8890,359840127780.0,1331
1,29877385.00669232,29819654.00036621,-57731.00632610917,-54256.065011616796,2,-26.217417296022177,-54242.956302968785,8913,360794765210.0,1332
2,51574816.82185835,51514588.4753418,-60228.34651654959,-54229.847594320774,2,26.217417296022177,-54242.956302968785,8914,360816460260.0,1332
2,20269203.180148296,20203145.386535645,-66057.79361265153,-63700.348624520004,3,-10.08957721106708,-63700.348624520004,8933,361786064060.0,1333
2,22205349.15763922,22139065.077819824,-66284.07981939614,-63701.44800027087,3,-11.73864083737135,-63700.348624520004,8934,361787999990.0,1333
0,29175010.289243676,29107937.96875,-67072.32049367577,-63679.070094347,3,21.82821804843843,-63700.348624520004,8935,361794968900.0,1333
1,15876450.44892146,15834585.142456055,-41865.30646540597,-40018.76823657192,3,-31.98150879703462,-39994.37294665724,8955,362782551750.0,1334
1,54620835.99782936,54574488.853393555,-46347.14443580806,-39994.37294665724,3,4.61142607498914,-39994.37294665724,8956,362821291860.0,1334
1,75298425.67357291,75249688.75848389,-48736.91508902609,-39979.200508892536,3,27.37008272204548,-39994.37294665724,8957,362841967170.0,1334
0,955992.479294771,897415.3952636719,-58577.084031099104,-58465.895660299575,4,-32.57597221783362,-58435.986533839256,9033,365770327450.0,1337
2,53293668.463296846,53229036.730651855,-64631.73264499009,-58433.31968808174,4,5.333691515028477,-58435.986533839256,9034,365822659350.0,1337
1,60419474.63604301,60354008.79040527,-65465.845637738705,-58438.65337959677,4,-5.333691515028477,-58435.986533839256,9035,365829784360.0,1337
1,67233882.10911366,67167632.5079956,-66249.60111805797,-58429.84732694924,4,8.806052647531033,-58435.986533839256,9036,365836598020.0,1337
1,72692807.20461623,72644793.81384277,-48013.39077346027,-39558.727188780904,1,,-39558.727188780904,9055,366842935580.0,1338
3,18548057.025382705,18497844.319458008,-50212.70592469722,-48055.44183861464,3,32.431265115737915,-48078.15178655088,9076,367789704520.0,1339
3,49702497.329589084,49648638.44226074,-53858.8873283416,-48078.15178655088,3,-1.6336567886173725,-48078.15178655088,9077,367820855480.0,1339
3,70660932.78948474,70604616.85217285,-56315.93731188774,-48097.59442090988,3,-30.797608327120543,-48078.15178655088,9078,367841811570.0,1339
1,56736499.50861825,56685829.42462158,-50670.08399666846,-44071.24657706171,1,,-44071.24657706171,9092,368828756150.0,1340
0,765815.1557986516,704919.7164306641,-60895.439367987565,-60806.36990211718,2,4.891815396025777,-60808.81580981519,9120,369773687280.0,1341
0,30694261.57804502,30629880.366760254,-64381.211284767836,-60811.2617175132,2,-4.891815396025777,-60808.81580981519,9121,369803612400.0,1341
1,15031780.643371645,14971384.199035645,-60396.44433600083,-58648.146900454536,3,-52.33292959071696,-58606.73220638931,9144,370788818030.0,1342
3,35280946.52922845,35218236.3850708,-62710.14415764809,-58606.73220638931,3,9.789111507125199,-58606.73220638931,9145,370809064990.0,1342
0,79301390.18647149,79233582.00439453,-67808.1820769608,-58584.89573533833,3,42.54381808359176,-58606.73220638931,9146,370853080570.0,1342
0,71815490.56964321,71761652.06622314,-53838.503420069814,-45485.877675041556,1,,-45485.877675041556,9170,371846506090.0,1343
0,29805351.35741754,29797465.948364258,-7885.40905328095,-4418.845737863332,3,-17.375236872583628,-4411.003742799163,9183,372805411010.0,1344
1,70791392.24400797,70778747.72406006,-12644.51994791627,-4411.003742799163,3,-5.612244276329875,-4411.003742799163,9184,372846392510.0,1344
0,74049204.73719579,74036200.37817383,-13004.359021961689,-4391.937259182334,3,22.987481148913503,-4411.003742799163,9185,372849649980.0,1344
2,1106741.478896932,1069721.8701171875,-37019.60877974448,-36890.88728391682,3,87.00159587035887,-36963.7471005097,9264,375779352030.0,1347
0,64734955.95017873,64690463.09124756,-44492.858931168914,-36963.7471005097,3,-22.288129018968903,-36963.7471005097,9265,375842973110.0,1347
1,69004938.12671211,68959920.35650635,-45017.77020576596,-36992.03065906465,3,-64.71346685138997,-36963.7471005097,9266,375847242590.0,1347
2,46381439.41509292,46329901.03930664,-51538.37578628212,-46143.90167105943,2,-10.132899671792984,-46138.83522122353,9290,376825527860.0,1348
2,61848765.882907,61795438.685668945,-53327.19723805785,-46133.76877138764,2,10.132899671792984,-46138.83522122353,9291,376840993480.0,1348
2,43199851.81502098,43138304.4052124,-61547.40980857611,-56522.97578202933,2,-21.03598304092884,-56512.457790508866,9316,377823215560.0,1349
0,62387600.28101485,62323842.24267578,-63758.038339070976,-56501.9397989884,2,21.03598304092884,-56512.457790508866,9317,377842401200.0,1349
2,16871037.891629428,16798486.88623047,-72551.00539895892,-70588.78994486853,4,0.3053927682340145,-70588.94264125265,9345,378797782820.0,1350
2,17781155.86046777,17708492.04046631,-72663.82000146061,-70595.7516914308,4,-6.96174656227231,-70588.94264125265,9346,378798692830.0,1350
1,64045663.749569,63967625.71173096,-78038.03783804178,-70589.09533763677,4,-0.3053927682340145,-70588.94264125265,9347,378844952210.0,1350
2,79116206.89462578,79036425.47070312,-79781.42392265797,-70579.67564640939,4,9.419691227376461,-70588.94264125265,9348,378860021090.0,1350
1,14816816.735317914,14775264.20098877,-41552.534329144284,-39829.23864542693,2,-59.372591592371464,-39799.55234963074,9382,379796606900.0,1351
0,79581595.11205158,79532569.36993408,-49025.742117494345,-39769.86605383456,2,59.372591592371464,-39799.55234963074,9383,379861364550.0,1351
1,47430075.30408594,47327385.37414551,-102689.92994043231,-97173.4924012497,1,,-97173.4924012497,9436,381830960830.0,1353
0,6858617.645717315,6797389.821044922,-61227.8246723935,-60430.12119827513,1,,-60430.12119827513,9456,382791262060.0,1354
2,33144571.358164046,33070668.822875977,-73902.5352880694,-70047.5981729962,3,-19.425813894718885,-70039.99778993428,9505,384819263130.0,1356
2,42884964.76981692,42809936.96148682,-75027.80833010375,-70039.99778993428,3,-8.025239301845431,-70039.99778993428,9506,384829002450.0,1356
2,79181909.44040582,79102683.70355225,-79225.73685356975,-70016.34692826867,3,27.451053196564317,-70039.99778993428,9507,384865295390.0,1356
1,9169316.085604422,9111502.993652344,-57813.091952078044,-56746.638670293614,2,-24.047378284856677,-56734.614981151186,9528,385796142190.0,1357
1,44541457.72279893,44479554.65966797,-61903.06313095987,-56722.59129200876,2,24.047378284856677,-56734.614981151186,9529,385831510430.0,1357
3,73619505.01588124,73574598.01409912,-44907.001782119274,-36344.55699403584,1,,-36344.55699403584,9560,386861501070.0,1358
2,9235920.068986855,9218245.119018555,-17674.94996830076,-16600.750194195658,4,-5.008656695485115,-16597.420339525677,9589,387798016520.0,1359
1,14807646.781422805,14789325.453125,-18321.32829780504,-16599.09914155118,4,-3.3576040510088205,-16597.420339525677,9590,387803587630.0,1359
1,19267418.379901804,19248581.707702637,-18836.67219916731,-16595.741537500173,4,3.3576040510088205,-16597.420339525677,9591,387808046910.0,1359
0,37714149.43914395,37693193.490600586,-20955.94854336232,-16569.538688629866,4,29.560452921316028,-16597.420339525677,9592,387826491620.0,1359
3,10423136.692374775,10409288.812133789,-13847.880240986124,-12635.599169172347,6,1.6007191240787506,-12636.399528734386,9614,388800149860.0,1360
0,38757297.470550016,38740157.950927734,-17139.519622281194,-12631.784618422389,6,5.415269874036312,-12636.399528734386,9615,388828480880.0,1360
3,49608498.335120216,49590090.17529297,-18408.159827247262,-12638.357002265751,6,-2.75783309340477,-12636.399528734386,9616,388839330870.0,1360
3,67048932.75904618,67028497.316223145,-20435.442823037505,-12637.199888296425,6,-1.6007191240787506,-12636.399528734386,9617,388856769370.0,1360
0,76166880.82258463,76145398.76898193,-21482.053602695465,-12623.331833466887,6,13.868054829537868,-12636.399528734386,9618,388865886320.0,1360
1,78060628.89593267,78038908.68603516,-21720.209897518158,-12641.232459396124,6,-5.633290223777294,-12636.399528734386,9619,388867779840.0,1360
3,15331568.02317364,15274857.36102295,-56710.66215069033,-54927.49742165767,2,-23.121666749939322,-54915.9365882827,9651,390806827330.0,1362
1,58841493.736742824,58779745.69854736,-61748.038195461035,-54904.37575490773,2,23.121666749939322,-54915.9365882827,9652,390850332450.0,1362
2,1498940.565704263,1455995.4981079102,-42945.06759635289,-42770.730702459114,3,-40.694763287203386,-42740.83847604692,9679,391793853660.0,1363
0,67497183.71067634,67446614.09973145,-50569.61094489694,-42719.2334022969,3,36.551186956116,-42740.83847604692,9680,391859844630.0,1363
2,69361112.17906457,69310304.17559814,-50808.003466427326,-42740.83847604692,3,4.143576331087388,-42740.83847604692,9681,391861708330.0,1363
0,34498628.905081704,34448966.03894043,-49662.86614127457,-45650.443004220724,2,9.653049871325493,-45655.26952915639,9705,392827753000.0,1364
3,50499034.32138638,50447500.84716797,-51533.474218413234,-45660.09605409205,2,-9.653049871325493,-45655.26952915639,9706,392843751620.0,1364
0,24256349.98761992,24259143.061401367,2793.0737814456224,5614.250825282186,4,-7.472850251942873,5617.987250408158,9753,394819317910.0,1366
3,32557697.186832987,32559518.862121582,1821.6752885952592,5608.354980740696,4,-13.368694793432951,5617.987250408158,9754,394827618330.0,1366
3,57626915.23596853,57625835.384643555,-1079.8513249754906,5622.547447048128,4,8.296621765941381,5617.987250408158,9755,394852684780.0,1366
3,60713398.60503273,60711958.95111084,-1439.6539218872786,5621.723675534129,4,7.472850251942873,5617.987250408158,9756,394855770920.0,1366
2,3400012.2073949706,3362510.3927001953,-37501.81469477527,-37106.370351617225,4,-19.4016151772812,-37096.669544028584,9777,395799359360.0,1367
1,7384335.720426064,7346369.1787109375,-37966.541715126485,-37107.6936844429,4,-20.724948002956808,-37096.669544028584,9778,395803343240.0,1367
3,35363850.22863536,35322650.20568848,-41200.02294688672,-37086.96873643994,4,19.4016151772812,-37096.669544028584,9779,395831319670.0,1367
1,70943176.01797548,70897850.76867676,-45325.24929872155,-37074.07961733639,4,32.29073428083211,-37096.669544028584,9780,395866895060.0,1367
2,23887121.459326446,23858215.4375,-28906.021826446056,-26127.7885498479,1,,-26127.7885498479,9796,396820769560.0,1368
2,21573869.335012354,21575181.94897461,1312.6139622554183,3821.8004204705358,1,,3821.8004204705358,9821,397819368900.0,1369
2,4653722.56149804,4612130.699279785,-41591.86221825518,-41050.602908195,3,-31.13377642724663,-41022.408465862274,9865,399804224290.0,1371
1,49531234.98035182,49484451.75531006,-46783.225041761994,-41022.408465862274,3,11.15788707183674,-41022.408465862274,9866,399849096850.0,1371
2,59159727.69473922,59111830.489746094,-47897.20499312878,-41016.529797673225,3,19.97588935540989,-41022.408465862274,9867,399858724280.0,1371
1,25206135.014495447,25160037.55065918,-46097.46383626759,-43165.82039019838,1,,-43165.82039019838,9886,400825670820.0,1372
3,33952037.040969975,33908445.51763916,-43591.52333081514,-39642.6725127697,1,,-39642.6725127697,9915,401835264540.0,1373
0,42191911.363136664,42148809.95001221,-43101.413124457,-38194.20936816186,2,-5.192127607762814,-38191.613304357976,9945,402844395270.0,1374
2,59674266.40449387,59629136.86773682,-45129.536757051945,-38189.017240554094,2,5.192127607762814,-38191.613304357976,9946,402861875690.0,1374
0,21031533.576715067,20989373.074645996,-42160.502069070935,-39714.392916060984,1,,-39714.392916060984,9969,403824099930.0,1375
1,42542510.54650305,42523608.85784912,-18901.68865393102,-13953.70784880966,3,-3.32645396143198,-13953.347150474787,10007,405847447180.0,1377
3,72993353.76149938,72970916.72668457,-22437.034814804792,-13947.415639221668,3,6.111860420554876,-13953.347150474787,10008,405877894650.0,1377
1,77507250.65608357,77484282.69311523,-22967.962968334556,-13953.347150474787,3,-2.785406459122896,-13953.347150474787,10009,405882408040.0,1377
1,60154020.325251706,60151171.144104004,-2849.1811477020383,4147.136984363198,1,,4147.136984363198,10023,406865995110.0,1378
1,39169202.052958935,39094345.445617676,-74856.60734125972,-70300.9650573358,4,12.591928668320179,-70307.26102166995,10051,407845854350.0,1379
0,61675303.927453324,61597835.615112305,-77468.31234101951,-70295.05866927654,4,18.49831672757864,-70307.26102166995,10052,407868357960.0,1379
2,67174582.74894473,67096456.33508301,-78126.41386172175,-70313.55698600411,4,-12.591928668320179,-70307.26102166995,10053,407873856610.0,1379
1,70099561.94409856,70021080.76153564,-78481.18256291747,-70328.13088610768,4,-27.16582877188921,-70307.26102166995,10054,407876781250.0,1379
2,21097728.62880847,21079733.908691406,-17994.72011706233,-15540.912033196539,1,,-15540.912033196539,10073,408828687980.0,1380
3,39878047.974581346,39840324.357910156,-37723.616671189666,-33085.53082742542,1,,-33085.53082742542,10094,409848332080.0,1381
3,29884166.909857415,29841594.553588867,-42572.356268547475,-39096.62617299333,3,-18.930844634771347,-39081.45598936826,10156,412841001190.0,1384
3,48420588.95595326,48375875.85900879,-44713.096944473684,-39081.45598936826,3,3.824430802837014,-39081.45598936826,10157,412859535570.0,1384
2,61346345.96590793,61300137.037597656,-46208.92831027508,-39073.93466734886,3,15.106413831934333,-39081.45598936826,10158,412872459900.0,1384
2,5404359.497670826,5385685.204589844,-18674.29308098182,-18045.729634327814,1,,-18045.729634327814,10188,413817414480.0,1385
1,61332561.863100156,61311173.60308838,-21388.26001177728,-14254.86955294013,2,-13.538525715470314,-14248.100290082395,10212,414874251580.0,1386
3,69812809.4826313,69790448.45117188,-22361.03145942092,-14241.33102722466,2,13.538525715470314,-14248.100290082395,10213,414882730900.0,1386
0,78252551.00749221,78270621.62701416,18070.619521945715,27171.918795600533,1,,27171.918795600533,10229,415892097600.0,1387
1,23469987.950427875,23405051.708374023,-64936.242053851485,-62206.5242167227,2,-20.154102373868227,-62196.44716553576,10252,416838195020.0,1388
1,58202252.4658573,58133296.78137207,-68955.68448522687,-62186.37011434883,2,20.154102373868227,-62196.44716553576,10253,416872923450.0,1388
0,7362806.860906548,7339089.938049316,-23716.92285723146,-22860.578778061084,3,-17.081249396316707,-22852.60961048305,10267,417822950430.0,1389
1,44983964.1775112,44955879.62957764,-28084.54793356359,-22852.60961048305,3,-5.127498029265553,-22852.60961048305,10268,417860567420.0,1389
0,59449021.31980708,59419272.61236572,-29748.70744135976,-22834.385446846485,3,22.20874742558226,-22852.60961048305,10269,417875030890.0,1389
1,72031612.29408011,72002047.87927246,-29564.414807647467,-21186.652648940682,1,,-21186.652648940682,10302,418888511990.0,1390
2,5673425.103232827,5672893.520629883,-531.5826029442251,128.27498772088438,2,-41.16908685024828,148.85953114600852,10318,419823048740.0,1391
2,69425379.27788809,69417474.08227539,-7905.195612698793,169.44407457113266,2,41.16908685024828,148.85953114600852,10319,419886793660.0,1391
0,8046871.166035894,8011771.149230957,-35100.01680493727,-34164.11143500637,2,9.394339512102306,-34168.808604762424,10354,420826320960.0,1392
2,14357080.882592622,14321237.551513672,-35843.331078950316,-34173.505774518475,2,-9.394339512102306,-34168.808604762424,10355,420832630460.0,1392
0,22470756.682939276,22520422.325805664,49665.64286638796,52279.14337012917,2,-21.79413765668869,52290.04043895751,10388,421841696970.0,1393
0,64411289.549147405,64456099.01940918,44809.47026177496,52300.93750778586,2,21.79413765668869,52290.04043895751,10389,421883632870.0,1393
1,37480722.708841026,37511186.387023926,30463.678182899952,34822.93893509358,2,-18.579444974660873,34832.22865758091,10466,424859555900.0,1396
1,65562040.66098808,65589256.87200928,27216.211021199822,34841.51838006824,2,18.579444974660873,34832.22865758091,10467,424887634120.0,1396
2,25789912.437745087,25809298.707458496,19386.269713409245,22385.810409724712,4,-45.628182262182236,22416.57175778225,10489,425848801360.0,1397
2,36089249.588118255,36107453.86999512,18204.28187686205,22401.704923577607,4,-29.73366840928793,22416.57175778225,10490,425859099570.0,1397
0,65811329.246200874,65826125.61883545,14796.372634574771,22450.673936650157,4,48.9690130725503,22416.57175778225,10491,425888818400.0,1397
2,66127253.54366451,66141993.93682861,14740.393164105713,22431.438591986895,4,29.73366840928793,22416.57175778225,10492,425889134270.0,1397
0,17226198.44475425,17252716.247802734,26517.803048484027,28521.326069455594,4,-1.156153354793787,28521.90414613299,10516,426841198030.0,1398
3,19624578.61725767,19650813.47796631,26234.860708639026,28517.331513941288,4,-5.150708869099617,28521.90414613299,10517,426843596140.0,1398
3,38857417.97290996,38881421.07543945,24003.102529495955,28522.482222810388,4,1.156153354793787,28521.90414613299,10518,426862826850.0,1398
0,45749162.15196486,45772374.38128662,23212.22932176292,28533.165328368545,4,11.839258912950754,28521.90414613299,10519,426869717840.0,1398
0,56009172.911613494,55946842.30200195,-62330.60961154103,-55816.36517892033,1,,-55816.36517892033,10544,427880822620.0,1399
0,13450263.937546272,13436431.279541016,-13832.658005256206,-12268.30162544176,5,-2.403004450723529,-12266.531933818012,10574,428839146240.0,1400
3,14828443.854893636,14814453.941589355,-13989.91330428049,-12265.26530816406,5,2.1514714658260345,-12266.531933818012,10575,428840524270.0,1400
2,27204748.673338722,27189318.045715332,-15430.627623390406,-12266.531933818012,5,0.2515329848974943,-12266.531933818012,10576,428852899200.0,1400
1,29313385.170829386,29297696.81866455,-15688.352164834738,-12279.007833834738,5,-13.109212843701243,-12266.531933818012,10577,428855007590.0,1400
0,37158726.1543275,37142155.04711914,-16571.10720835626,-12249.296826399863,5,18.119953230023384,-12266.531933818012,10578,428862852090.0,1400
2,42432694.91578001,42432603.59527588,-91.32050412893295,4843.888002738357,1,,4843.888002738357,10633,430869905290.0,1402
0,70692664.64672384,70657699.79882812,-34964.84789571166,-26742.814375802875,1,,-26742.814375802875,10668,432899934220.0,1404
1,30753805.345173117,30743822.76312256,-9982.58205055818,-6405.707141730934,2,-39.95631471648812,-6385.72898437269,10704,433860889460.0,1405
0,79114172.5376403,79098605.27514648,-15567.262493818998,-6365.750827014446,2,39.95631471648812,-6385.72898437269,10705,433909244500.0,1405
2,36450241.75401281,36474404.44281006,24162.68879725039,28402.097666732967,4,-15.761516623198986,28415.272017784417,10729,434867532410.0,1406
0,42092277.33338256,42115794.40258789,23517.069205328822,28412.684852212667,4,-5.174331143498421,28415.272017784417,10730,434873173830.0,1406
1,72321647.08659974,72341653.45062256,20006.364022821188,28417.859183356166,4,5.174331143498421,28415.272017784417,10731,434903399850.0,1406
3,72540667.65632008,72560652.28442383,19984.628103747964,28421.596833214164,4,8.911981001496315,28415.272017784417,10732,434903618850.0,1406
2,38889506.294250995,38919071.4208374,29565.126586407423,34088.2383678332,2,-25.153303734958172,34100.815019700676,10772,436871875750.0,1408
0,69513329.84579,69539358.36853027,26028.522740274668,34113.391671568155,2,25.153303734958172,34100.815019700676,10773,436902496200.0,1408
1,5271301.956015515,5230740.941162109,-40561.014853405766,-39947.92689594161,3,-32.4313907912001,-39933.09542236477,10798,437839111610.0,1409
2,18325905.95555707,18283841.43371582,-42064.52184125036,-39933.09542236477,3,-10.18418042594567,-39933.09542236477,10799,437852164780.0,1409
2,76134716.51528634,76085963.63885498,-48752.87643136084,-39897.895587936044,3,42.61557121714577,-39933.09542236477,10800,437909967210.0,1409
1,33417011.379802138,33375377.421936035,-41633.95786610246,-37747.33413967863,2,-8.196712885051966,-37743.2357832361,10831,438868139550.0,1410
1,45032912.34345862,44989935.57470703,-42976.768751591444,-37739.137426793575,2,8.196712885051966,-37743.2357832361,10832,438879754170.0,1410
3,690896.9461079431,685032.1119384766,-5864.834169466514,-5784.4781964940485,1,,-5784.4781964940485,10854,439836282520.0,1411
0,9782686.231513388,9765395.981384277,-17290.25012911111,-16152.457763915882,2,-15.6988166552037,-16144.60835558828,10883,440846270150.0,1412
2,60052259.56980342,60029138.328186035,-23121.241617381573,-16136.758947260678,2,15.6988166552037,-16144.60835558828,10884,440896534160.0,1412
3,13142040.323844843,13126502.581054688,-15537.742790155113,-14009.234894707799,1,,-14009.234894707799,10909,441850486780.0,1413
0,21323080.39531772,21293591.313659668,-29489.081658050418,-27009.063644383103,2,-21.67165556922555,-26998.22781659849,10929,442859561130.0,1414
0,58345177.52420975,58311404.19470215,-33773.32950760424,-26987.391988813877,2,21.67165556922555,-26998.22781659849,10930,442896579140.0,1414
0,40645509.12987818,40647466.784973145,1957.6550949662924,6685.001845434308,2,-0.04879346489906311,6685.026242166758,10953,443879764470.0,1415
1,71212521.48107517,71210924.03533936,-1597.4457358121872,6685.050638899207,2,0.04879346489906311,6685.026242166758,10954,443910328090.0,1415
1,65678357.31011103,65657511.79650879,-20845.513602241874,-13206.677832856774,2,-4.784398749470711,-13204.285633482039,10975,444905688010.0,1416
1,74777612.38273302,74755713.34881592,-21899.033917099237,-13201.893434107304,2,4.784398749470711,-13204.285633482039,10976,444914786260.0,1416
0,26191466.492612354,26165582.7321167,-25883.76049565524,-22837.51635541767,3,-7.558738209307194,-22831.04055300355,11003,445867024240.0,1417
0,48095680.99872327,48067256.10620117,-28424.892522096634,-22831.04055300355,3,2.1549654118716717,-22831.04055300355,11004,445888926030.0,1417
2,76554347.24356109,76522614.58215332,-31732.661407768726,-22828.874681413174,3,5.403772797435522,-22831.04055300355,11005,445917381540.0,1417
3,28043274.96957621,28030805.021972656,-12469.947603553534,-9208.325652249157,2,5.626636251807213,-9211.138970375061,11032,446869796690.0,1418
1,31672073.328943722,31659175.70098877,-12897.627954952419,-9213.952288500965,2,-5.626636251807213,-9211.138970375061,11033,446873425080.0,1418
1,3709669.6744849537,3698983.0708007812,-10686.6036841725,-10255.144089830574,2,-70.36571937566623,-10219.96123014274,11057,447846323060.0,1419
2,70802745.4580485,70784325.84301758,-18419.615030914545,-10184.778370454907,2,70.36571937566623,-10219.96123014274,11058,447913408760.0,1419
3,12475960.402146244,12463536.680541992,-12423.721604252234,-10972.68329451792,1,,-10972.68329451792,11072,448855983870.0,1420
1,18253218.561828002,18262082.290039062,8863.728211060166,10986.700595982373,1,,10986.700595982373,11095,449862640000.0,1421
1,44718164.32099192,44696719.572509766,-21444.74848215282,-16243.724474444985,2,-22.594642713665962,-16232.427153088152,11121,450890015020.0,1422
2,78599161.92020893,78573799.17791748,-25362.7422914505,-16221.12983173132,2,22.594642713665962,-16232.427153088152,11122,450923892280.0,1422
1,32668392.142998226,32677638.098632812,9245.955634586513,13045.509896457195,5,-30.548263400793076,13075.314543128014,11141,451878846260.0,1423
2,34237030.72050263,34246099.74658203,9069.026079401374,13051.023583851755,5,-25.034576006233692,13075.314543128014,11142,451880414730.0,1423
0,48172349.16633007,48179825.54986572,7476.383535653353,13079.152529552579,5,15.983466062694788,13075.314543128014,11143,451894348530.0,1423
3,68511468.80110161,68516577.25714111,5108.456039503217,13076.801776587963,5,13.632713098078966,13075.314543128014,11144,451914685390.0,1423
1,76570264.67273071,76574434.34924316,4169.67651244998,13075.314543128014,5,11.401862908154726,13075.314543128014,11145,451922743290.0,1423
2,9933643.715820463,9959621.266357422,25977.5505369585,27132.90027535893,1,,27132.90027535893,11174,452857040460.0,1424
3,52916119.2707037,52870749.01373291,-45370.25697079301,-39215.75553048402,2,-23.46485184878111,-39204.02310455963,11199,453900854170.0,1425
0,70969909.45843333,70922462.88879395,-47446.56963938475,-39192.29067863524,2,23.46485184878111,-39204.02310455963,11200,453918905980.0,1425
3,29497432.215405464,29542607.692077637,45175.47667217255,48606.22691533342,4,-9.43810323998332,48610.94596695341,11224,454878389090.0,1426
1,40797642.97358362,40841497.52581787,43854.55223425478,48599.593176461756,4,-16.07184211164713,48610.94596695341,11225,454889688040.0,1426
1,53063478.193275526,53105922.21801758,42444.02474205196,48615.6650185734,4,9.43810323998332,48610.94596695341,11226,454901952530.0,1426
3,79691516.8550341,79730880.4407959,39363.58576180041,48632.24646528065,4,26.019549947232008,48610.94596695341,11227,454928577630.0,1426
0,76048773.40960956,76043886.40509033,-4887.004519224167,3957.980561569333,1,,3957.980561569333,11275,456926726300.0,1428
2,28084037.306655083,28087642.26977539,3604.9631203077734,6871.326006241143,3,-15.446338456124067,6879.619441047311,11294,457879625050.0,1429
0,41387811.19184456,41389891.43560791,2080.2437633499503,6893.925248347223,3,18.452524702996016,6879.619441047311,11295,457892927370.0,1429
1,57993668.45540574,57993803.02020264,134.56479689478874,6879.619441047311,3,-3.0061862468719482,6879.619441047311,11296,457909531370.0,1429
2,6443378.564273587,6430763.792419434,-12614.771854153834,-11865.363484817557,4,-15.030645730905235,-11856.780300684273,11321,458858879370.0,1430
2,10913162.495852254,10900029.993713379,-13132.502138875425,-11863.227762281895,4,-12.894923195242882,-11856.780300684273,11322,458863348660.0,1430
1,61775404.41380881,61756369.18493652,-19035.228872284293,-11850.332839086652,4,12.894923195242882,-11856.780300684273,11323,458914205270.0,1430
3,73814265.98804763,73793845.08569336,-20420.90235427022,-11835.805552020669,4,27.4222102612257,-11856.780300684273,11324,458926242810.0,1430
3,21588257.978471808,21579059.614746094,-9198.363725714386,-6687.50377125293,3,-13.024591237306595,-6675.345436483622,11342,459874885300.0,1431
3,58834349.48017448,58820831.303222656,-13518.176951825619,-6675.345436483622,3,5.212910916656256,-6675.345436483622,11343,459912127270.0,1431
2,69951581.56456849,69936772.11108398,-14809.453484505415,-6673.6129235476255,3,7.811680320650339,-6675.345436483622,11344,459923243270.0,1431
0,12478760.350865792,12527648.442932129,48888.09206633642,50339.45602898486,4,7.48064755089581,50335.71570520941,11397,461867613460.0,1433
2,18909053.272096895,18957184.205810547,48130.93371365219,50330.184097126126,4,-9.271931858733296,50335.71570520941,11398,461874043030.0,1433
1,35718917.07959926,35765094.70410156,46177.624502301216,50331.975381433964,4,-7.48064755089581,50335.71570520941,11399,461890851030.0,1433
0,79107038.85043745,79148203.69012451,41164.83968706429,50365.52165795863,4,33.54627652466297,50335.71570520941,11400,461934234370.0,1433
2,73403248.94080067,73348238.49291992,-55010.447880744934,-46473.1551322341,1,,-46473.1551322341,11427,462929398680.0,1434
1,71329413.28867619,71324066.03082275,-5347.25785343349,2948.8338266015053,1,,2948.8338266015053,11448,463928180850.0,1435
2,4674098.115607416,4687091.124572754,12993.008965337649,13536.638089716434,2,-31.16925971210003,13552.222719572484,11473,464862444850.0,1436
1,71386890.89111623,71392155.92175293,5265.030636698008,13567.807349428535,2,31.16925971210003,13552.222719572484,11474,464929150270.0,1436
0,34332536.872888744,34349125.519836426,16588.646947681904,20581.75246157497,1,,20581.75246157497,11502,465892991220.0,1437
3,79859230.2249612,79856653.296875,-2576.928086206317,6711.238812938333,1,,6711.238812938333,11528,466939428480.0,1438
1,39195579.69720051,39183704.28826904,-11875.408931463957,-7316.698749676347,1,,-7316.698749676347,11554,467899627460.0,1439
3,17641570.92705632,17628079.37261963,-13491.554436691105,-11439.72079551965,3,-12.366215858608484,-11432.976502895355,11584,468878964090.0,1440
2,51035560.32736501,51018191.57110596,-17368.756259053946,-11432.976502895355,3,-2.2497769221663475,-11432.976502895355,11585,468912354380.0,1440
0,51261944.20804585,51244560.36566162,-17383.84238422662,-11421.732656426728,3,14.615992780774832,-11432.976502895355,11586,468912580750.0,1440
3,20399303.476910412,20396739.127075195,-2564.349835216999,-191.7733054123819,1,,-191.7733054123819,11604,469882588270.0,1441
0,57894324.65074169,57899901.6730957,5577.022354014218,12310.522643893957,1,,12310.522643893957,11619,470920993730.0,1442
0,52778743.12079087,52784497.463134766,5754.342343896627,11892.866011761129,2,-15.743974640965462,11900.737999081612,11646,471916723820.0,1443
0,65077632.33678852,65081971.97937012,4339.642581596971,11908.609986402094,2,15.743974640965462,11900.737999081612,11647,471929021360.0,1443
3,51520171.81995792,51569744.13745117,49572.317493252456,55564.46083333343,2,-22.031286127865314,55575.476476397365,11665,472916419350.0,1444
0,68494773.67034525,68542393.75848389,47620.08813863993,55586.4921194613,2,22.031286127865314,55575.476476397365,11666,472933392090.0,1444
2,19002544.692229435,19020043.275634766,17498.583405330777,19708.707471299917,3,-21.299531999975443,19720.83334441483,11685,473884853750.0,1445
1,60352141.643233284,60364843.115600586,12701.472367301583,19720.83334441483,3,-3.11072232760489,19720.83334441483,11686,473926198770.0,1445
3,72398570.23719257,72409888.97601318,11318.73882061243,19739.180662184954,3,24.410254327580333,19720.83334441483,11687,473938243880.0,1445
3,29451159.813181415,29461376.110595703,10216.297414287925,13641.66586509347,2,-28.621489331126213,13655.976609759033,11708,474896162420.0,1446
3,69155717.69810154,69161344.70922852,5627.0111269801855,13670.287354424596,2,28.621489331126213,13655.976609759033,11709,474935862600.0,1446
1,27743006.459198046,27706523.64453125,-36482.814666796476,-33256.115967705846,2,-25.247057005763054,-33243.492439202964,11735,475895320920.0,1447
2,48988749.11525909,48949820.52453613,-38928.59072295576,-33230.86891070008,2,25.247057005763054,-33243.492439202964,11736,475916564330.0,1447
1,5806954.059863109,5820559.018188477,13604.958325367421,14280.346233963035,3,-45.05545997340232,14319.18243894726,11778,477875176570.0,1449
0,59000968.822157666,59008425.79412842,7456.971970751882,14319.18243894726,3,13.198847502935678,14319.18243894726,11779,477928364720.0,1449
0,79520693.71160513,79525776.53973389,5082.828128755093,14331.620948925614,3,31.856612470466644,14319.18243894726,11780,477948882180.0,1449
2,25178991.79130612,25235312.053588867,56320.262282747775,59248.74878895655,3,-12.697434678673744,59252.657540299,11804,478895461780.0,1450
1,52277405.329073906,52330577.77191162,53172.44283771515,59252.657540299,3,-6.834307665005326,59252.657540299,11805,478922557190.0,1450
2,76670424.94715327,76720777.89471436,50352.947561085224,59270.234906971455,3,19.53174234367907,59252.657540299,11806,478946947520.0,1450
1,5793202.008786216,5894555.002990723,101352.99420450628,102026.78265684284,1,,102026.78265684284,11836,479877077290.0,1451
1,64908563.14147921,64914299.19451904,5736.053039833903,13285.35655733198,1,,13285.35655733198,11876,481937906920.0,1453
3,5815119.769998586,5837436.265319824,22316.495321238413,22992.83295697719,5,-125.876648157835,23113.8923862651,11909,482879687040.0,1454
0,28215802.110851422,28235576.995788574,19774.884937152267,23056.57295819372,5,-62.13664694130421,23113.8923862651,11910,482902085300.0,1454
0,54585021.30998773,54601786.59637451,16765.28638678044,23113.8923862651,5,23.842495165765285,23113.8923862651,11911,482928451650.0,1454
0,56429856.4196796,56446416.773742676,16560.35406307876,23123.526824004948,5,38.29415177553892,23113.8923862651,11912,482930296290.0,1454
1,78537673.76772639,78551679.06378174,14005.296055346727,23139.757028371096,5,54.52435614168644,23113.8923862651,11913,482952401670.0,1454
1,6507994.839129325,6522228.866882324,14234.027752999216,14990.951430754736,2,-38.07653637044132,15009.989698939957,11937,483881274190.0,1455
0,57754854.261107944,57763166.010131836,8311.749023891985,15029.027967125177,2,38.07653637044132,15009.989698939957,11938,483932515400.0,1455
3,30936596.97143133,30951885.15838623,15288.186954900622,18886.321762271225,1,,18886.321762271225,11975,485907530700.0,1457
2,4031831.850057479,4051550.746826172,19718.89676869288,20187.82599612372,2,7.662124746013433,20183.994933750713,12000,486881514400.0,1458
1,21034316.488557532,21052050.219604492,17733.731046959758,20180.163871377707,2,-7.662124746013433,20183.994933750713,12001,486898514990.0,1458
0,2067673.1714957636,2097357.3736572266,29684.202161462978,29924.686491898494,3,-4.950337667716667,29928.377546951175,12028,487880467670.0,1459
3,45449124.05733105,45473766.39532471,24642.33799365908,29928.377546951175,3,0.586244911304675,29928.377546951175,12029,487923844310.0,1459
2,63639970.40228817,63662499.540771484,22529.138483315706,29930.896112181246,3,4.364092756411992,29928.377546951175,12030,487942033140.0,1459
2,18683788.344087385,18755426.981933594,71638.63784620911,73811.68839978054,4,-9.471001606434584,73820.83748278767,12052,488898016150.0,1460
3,50345845.31739,50413818.40179443,67973.08440443128,73828.6456547603,4,8.130090571939945,73820.83748278767,12053,488929674710.0,1460
2,72036370.06987604,72101812.91375732,65442.84388127923,73821.15940138698,4,0.6438371986150742,73820.83748278767,12054,488951362820.0,1460
1,75369630.64689419,75434685.16625977,65054.51936557889,73820.51556418836,4,-0.6438371986150742,73820.83748278767,12055,488954695710.0,1460
0,4942803.303364599,5030359.9052734375,87556.60190883838,88131.48325820733,3,-8.15238296892494,88131.48325820733,12080,489885270420.0,1461
2,39219318.8969384,39302877.40496826,83558.50802986324,88119.97924063355,3,-25.408409329596907,88131.48325820733,12081,489919543120.0,1461
0,71247124.10617092,71326996.87731934,79872.77114841342,88159.29204171896,3,33.56079229852185,88131.48325820733,12082,489951567410.0,1461
1,1661759.8487077109,1647145.9671020508,-14613.881605660077,-14420.607731398894,3,-22.368757172254845,-14404.30129750073,12113,490882827430.0,1462
0,18175464.14778755,18158958.042114258,-16506.10567329079,-14392.176650952548,3,20.277863497263752,-14404.30129750073,12114,490899339330.0,1462
3,24073070.802971818,24055866.64123535,-17204.16173646599,-14404.30129750073,3,2.0908936749910936,-14404.30129750073,12115,490905236270.0,1462
2,21878294.95304132,21897624.57952881,19329.62648748979,21874.219697568566,1,,21874.219697568566,12132,491903943250.0,1463
3,49926242.57909915,49940217.71411133,13975.135012179613,19781.89363501966,1,,19781.89363501966,12161,492932848410.0,1464
3,49580068.06436471,49618536.22167969,38468.15731497854,44234.65350778401,1,,44234.65350778401,12209,494934275370.0,1466
2,7344306.617362561,7381345.618835449,37039.001472888514,37893.193849003874,3,2.3006412154063582,37893.193849003874,12265,496893844710.0,1468
2,55391995.89949696,55423449.7958374,31453.896340444684,37896.35892544687,3,7.048255879897624,37893.193849003874,12266,496941887070.0,1468
1,66288616.16387976,66318791.77838135,30175.614501588047,37885.42749013007,3,-9.348897095303982,37893.193849003874,12267,496952782470.0,1468
3,47198109.10620944,47270353.697387695,72244.5911782533,77734.04948467016,2,1.5194171667099,77733.2897760868,12325,498935540430.0,1470
1,71850936.65524694,71920312.43695068,69375.78170374036,77732.53006750345,2,-1.5194171667099,77733.2897760868,12326,498960190520.0,1470
3,14585979.393424414,14583019.658447266,-2959.7349771484733,-1263.2872326355428,1,,-1263.2872326355428,12353,499903820300.0,1471
0,14966533.278083472,14986164.195983887,19630.917900415137,21371.626627469435,1,,21371.626627469435,12373,500905043880.0,1472
2,20108567.47208968,20122515.136657715,13947.66456803307,16286.426540285349,1,,16286.426540285349,12399,501911074420.0,1473
0,60760503.946850985,60776507.23309326,16003.28624227643,23070.142508544028,2,-23.29904105514288,23081.7920290716,12418,502952569030.0,1474
0,78499269.33819076,78513232.78546143,13963.447270661592,23093.44154959917,2,23.29904105514288,23081.7920290716,12419,502970305850.0,1474
1,16881758.533303466,16893257.67767334,11499.14436987415,13462.606706872582,3,-32.12398485094309,13491.613073661923,12481,504910439310.0,1476
2,34638900.25676948,34648363.13220215,9462.875432670116,13491.613073661923,3,11.38556533306837,13491.613073661923,12482,504928194510.0,1476
1,65027146.58155085,65033081.33428955,5934.752738699317,13497.848309785128,3,20.738419517874718,13491.613073661923,12483,504958579390.0,1476
1,3954491.0251367986,4022868.529724121,68377.50458732247,68837.43855537055,3,-6.282186035532504,68843.1411452964,12509,505898458150.0,1477
2,24773534.710478194,24839497.68170166,65962.9712234661,68844.30033751577,3,4.010487182298675,68843.1411452964,12510,505919274890.0,1477
2,31885975.2253149,31951109.812561035,65134.58724613488,68843.1411452964,3,2.271698853233829,68843.1411452964,12511,505926386540.0,1477
1,30673356.24148,30754520.320617676,81164.07913767546,84731.59727334231,2,-25.002017468214035,84744.09828207642,12542,506926113290.0,1478
0,52213481.81385468,52292165.63317871,78683.81932403147,84756.59929081053,2,25.002017468214035,84744.09828207642,12543,506947651050.0,1478
0,17578660.80952599,17656793.983825684,78133.1742996946,80177.69107004628,4,10.10241749510169,80172.63986129873,12573,507913979800.0,1479
3,21322851.768395867,21400534.04852295,77682.28012708202,80162.27154989913,4,-15.419520147144794,80172.63986129873,12574,507917723560.0,1479
0,44863109.00519116,44938058.71179199,74949.70660082996,80167.58865255117,4,-10.10241749510169,80172.63986129873,12575,507941261210.0,1479
0,66895042.55234325,66967441.40588379,72398.85354053974,80179.19800668955,4,11.609354138374329,80172.63986129873,12576,507963290710.0,1479
3,14023691.882616125,14024683.435119629,991.552503503859,2622.6024194750935,4,-10.284620402380824,2627.744729676284,12599,508911275880.0,1480
1,14844511.796777222,14845399.064819336,887.268042113632,2613.7848482038826,4,-19.102191673591733,2627.744729676284,12600,508912096600.0,1480
0,19318419.21938183,19318805.244018555,386.02463672310114,2632.8870398774743,4,10.284620402380824,2627.744729676284,12601,508916570030.0,1480
3,73688152.09675503,73682215.76019287,-5936.336562156677,2634.0923442691565,4,11.489924794062972,2627.744729676284,12602,508970933730.0,1480
2,11061414.91052695,11106701.386291504,45286.475764553994,46572.992896515876,4,-6.582909099757671,46576.284351065755,12618,509909229260.0,1481
1,12018996.746471018,12064166.287780762,45169.54130974412,46567.43166540004,4,-12.144140215590596,46576.284351065755,12619,509910186730.0,1481
2,16075744.829874786,16120454.688171387,44709.8582966011,46579.575805615634,4,6.582909099757671,46576.284351065755,12620,509914243040.0,1481
2,18355105.473374657,18399552.552001953,44447.07862729579,46581.90114697069,4,8.908250454813242,46576.284351065755,12621,509916522150.0,1481
0,5793206.308244655,5821455.873535156,28249.56529050134,28923.354242893867,4,-1.288744886405766,28923.99861533707,12643,510904828420.0,1482
3,27190469.738864854,27216231.946899414,25762.208034560084,28924.642987780273,4,1.288744886405766,28923.99861533707,12644,510926223310.0,1482
2,31344303.7542928,31369579.8303833,25276.07609049976,28921.629945542663,4,-3.013042237609625,28923.99861533707,12645,510930376680.0,1482
2,72277668.25299525,72298191.88653564,20523.633540391922,28930.013666063547,4,6.65942316967994,28923.99861533707,12646,510971305510.0,1482
0,13392101.117353346,13417681.979858398,25580.86250505224,27138.454156735912,2,-1.7184762712568045,27139.31339487154,12695,512914218130.0,1484
3,40647634.28298143,40670046.861694336,22412.578712902963,27140.17263300717,2,1.7184762712568045,27139.31339487154,12696,512941470640.0,1484
2,72543252.23704651,72572401.35308838,29149.116041868925,37586.385375499725,2,-7.190420106053352,37589.98058555275,12752,515976150370.0,1487
3,78927873.62706064,78956287.35900879,28413.731948152184,37593.57579560578,2,7.190420106053352,37589.98058555275,12753,515982534290.0,1487
1,59631541.54409774,59694446.25085449,62904.70675675571,69840.25708393753,2,-0.4737522006034851,69840.49396003783,12779,516964160620.0,1488
1,70907082.45680207,70968676.21588135,61593.759079277515,69840.73083613813,2,0.4737522006034851,69840.49396003783,12780,516975434910.0,1488
3,66952248.9187967,67012467.27026367,60218.351466968656,68005.34941922873,1,,68005.34941922873,12798,517972429930.0,1489
2,38255337.013222635,38276987.47723389,21650.464011251926,26099.817629627883,1,,26099.817629627883,12879,520946317390.0,1492
1,56761739.23192944,56777043.84539795,15304.613468512893,21906.38643810898,3,-3.481336608529091,21909.00134716928,12927,522966550060.0,1494
1,65558711.19305815,65572997.00714111,14285.814082965255,21910.73420226574,3,3.040309626609087,21909.00134716928,12928,522975346060.0,1494
1,69062451.77941486,69076328.35198975,13876.5725748837,21909.00134716928,3,0.4410269819200039,21909.00134716928,12929,522978849410.0,1494
2,35425745.61635282,35433957.77075195,8212.154399134219,12332.407460480928,2,-33.61827875673771,12349.216599859297,12944,523946104350.0,1495
0,76133259.81491596,76136771.02923584,3511.214319884777,12366.025739237666,2,33.61827875673771,12349.216599859297,12945,523986807380.0,1495
0,14122917.561290849,14210177.375671387,87259.81438053772,88902.40491193533,3,-5.988322975113988,88903.92043132707,12966,524925718810.0,1496
2,24066829.644843966,24152934.430725098,86104.78588113189,88903.92043132707,3,-3.7150438874959946,88903.92043132707,12967,524935661620.0,1496
2,57790393.42079931,57872584.87445068,82191.45365137607,88912.86603849381,3,9.703366862609982,88903.92043132707,12968,524969381450.0,1496
1,32874948.70954583,32964141.647521973,89192.93797614425,93016.51615934074,2,-40.86021484434605,93036.94626676291,12996,525945396220.0,1497
0,79080195.8177263,79164055.63415527,83859.81642897427,93057.37637418509,2,40.86021484434605,93036.94626676291,12997,525991596380.0,1497
3,33364581.139925532,33603088.08972168,238506.94979614764,242387.47553218156,1,,242387.47553218156,13019,526947013300.0,1498
1,15817857.65318799,15899979.49810791,82121.84491991997,83961.56841156818,5,17.213457563892007,83955.18356882036,13046,527930420580.0,1499
0,26723115.95249445,26803981.434570312,80865.48207586259,83973.56063275412,5,29.20567874982953,83955.18356882036,13047,527941324640.0,1499
3,37636167.14342173,37715723.32977295,79556.18635121733,83933.52633918822,5,-24.849651006050408,83955.18356882036,13048,527952236440.0,1499
0,42846083.69505017,42925055.59020996,78971.89515978843,83955.18356882036,5,7.636193442158401,83955.18356882036,13049,527957445800.0,1499
0,60397734.656096384,60474642.13909912,76907.48300273716,83932.14675463736,5,-26.229235556907952,83955.18356882036,13050,527974995480.0,1499
1,27430780.68143013,27439699.78076172,8919.099331587553,12109.484067644924,2,0.9536457620561123,12109.007244763896,13073,528942959740.0,1500
1,75502516.75103849,75505843.82971191,3327.0786734223366,12108.530421882868,2,-0.9536457620561123,12109.007244763896,13074,528991026140.0,1500
3,29672276.263270784,29711859.55053711,39583.287266325206,43034.37305108085,2,-12.550259720534086,43040.64818094112,13128,530947154380.0,1502
0,50276720.4433434,50313919.84509277,37199.40174937248,43046.92331080139,2,12.550259720534086,43040.64818094112,13129,530967756550.0,1502
2,7678577.716668215,7789104.328186035,110526.61151782051,111419.68187649548,5,38.9979065656662,111387.110355407,13159,531926173030.0,1503
0,12893858.307746185,13003786.560119629,109928.25237344392,111427.89502713457,5,47.21105720475316,111387.110355407,13160,531931387740.0,1503
1,23540330.66350834,23648979.874694824,108649.2111864835,111387.110355407,5,-9.859375067055225,111387.110355407,13161,531942032990.0,1503
1,37964054.29564878,38071013.07775879,106958.78211000562,111374.25758445263,5,-29.138531498610973,111387.110355407,13162,531956455100.0,1503
2,43127576.01144013,43233925.58538818,106349.5739480555,111365.60181134939,5,-37.794304601848125,111387.110355407,13163,531961618040.0,1503
1,13561506.794575822,13567725.683898926,6218.889323104173,7796.183997208253,2,-9.435652861371636,7800.901823638938,13183,532932876820.0,1504
3,30998722.582642656,31002922.84185791,4200.259215254337,7805.619650069624,2,9.435652861371636,7800.901823638938,13184,532950312110.0,1504
0,27909572.786833413,28031235.009521484,121662.22268807143,124908.29417408258,4,8.315396316349506,124904.1364759244,13207,533948224840.0,1505
2,55754038.45758051,55872446.755737305,118408.29815679789,124892.86873225123,4,-15.425441831350327,124904.1364759244,13208,533976066200.0,1505
0,77190879.59911634,77306822.6182251,115943.01910875738,124920.83883966506,4,20.860061898827553,124904.1364759244,13209,533997500690.0,1505
3,77815499.78109413,77931349.29260254,115849.51150840521,124899.97877776623,4,-8.315396316349506,124904.1364759244,13210,533998125220.0,1505
0,59137486.179208964,59150660.88757324,13174.708364278078,20052.79672151804,2,20.799757793545723,20042.396842621267,13236,534980370690.0,1506
1,67725780.128467,67737935.1605835,12155.032116502523,20031.996963724494,2,-20.799757793545723,20042.396842621267,13237,534988958010.0,1506
3,45337456.23089154,45448128.064453125,110671.83356158435,115944.885393776,2,15.430262953042984,115937.17026229948,13254,535967577350.0,1507
1,65174383.21073164,65282732.44567871,108349.23494707048,115929.45513082296,2,-15.430262953042984,115937.17026229948,13255,535987412060.0,1507
3,20424214.112402793,20598962.287475586,174748.17507279292,177123.64887745678,2,40.47073372453451,177103.41351059452,13275,536943695430.0,1508
2,50453387.29263575,50624602.40167236,171215.10903661698,177083.17814373225,2,-40.47073372453451,177103.41351059452,13276,536973721230.0,1508
2,4532570.31131979,4655522.411499023,122952.10017923359,123479.26866577007,3,19.073947824072093,123477.40879705641,13296,537928846260.0,1509
1,5420400.704737339,5543247.684387207,122846.97964986786,123477.40879705641,3,16.284144753590226,123477.40879705641,13297,537929733990.0,1509
3,30072931.129728384,30192876.425720215,119945.29599183053,123442.98063883558,3,-35.35809257766232,123477.40879705641,13298,537954383750.0,1509
1,24357881.447081912,24474030.626220703,116149.17913879082,118982.16497590393,1,,118982.16497590393,13317,538949661180.0,1510
3,17708326.717643507,17776145.959594727,67819.24195121974,69878.83974091336,3,-8.657801736146212,69885.92175731063,13333,539943974670.0,1511
2,61277041.843970194,61339803.984191895,62762.14022170007,69889.07332798839,3,6.692578876391053,69885.92175731063,13334,539987538560.0,1511
2,67560462.34456977,67622490.52905273,62028.18448296189,69885.92175731063,3,1.9652228597551584,69885.92175731063,13335,539993821280.0,1511
2,35011452.02172748,35103739.52282715,92287.50109966844,96359.56902273,1,,96359.56902273,13362,540962282790.0,1512
0,2382881.5886503854,2409149.364379883,26267.77572949743,26544.920924034435,2,20.426429719198495,26534.707709174836,13393,541930585100.0,1513
1,25121205.56863098,25144808.297546387,23602.728915408254,26524.494494315237,2,-20.426429719198495,26534.707709174836,13394,541953320880.0,1513
3,49890267.18798184,49952203.60021973,61936.412237890065,67738.98668018728,3,17.481642816215754,67734.2324327454,13464,544981087630.0,1516
3,64368658.78865335,64428906.51208496,60247.72343160957,67734.2324327454,3,10.35027165338397,67734.2324327454,13465,544995564410.0,1516
1,76738937.12656978,76797720.6484375,58783.52186772227,67708.77764199674,3,-27.831914469599724,67734.2324327454,13466,545007933290.0,1516
2,977921.1541807991,1025480.0205078125,47558.866327013355,47672.60515054886,1,,47672.60515054886,13490,545933130840.0,1517
3,17057915.773605287,17161496.243896484,103580.4702911973,105564.42090292275,1,,105564.42090292275,13510,546950188240.0,1518
1,10410316.12156317,10424207.761108398,13891.639545228332,15102.429498219863,2,43.918113896623254,15080.470441271551,13531,547944467190.0,1519
2,52043820.62568614,52052826.08984375,9005.464157611132,15058.51138432324,2,-43.918113896623254,15080.470441271551,13532,547986096030.0,1519
2,5359631.827026633,5467628.434204102,107996.60717746895,108619.96849446557,3,-19.736067155376077,108629.89548946172,13553,548940407050.0,1520
2,34480053.75395103,34584673.38671875,104619.63276772201,108629.89548946172,3,-4.845574661158025,108629.89548946172,13554,548969524250.0,1520
2,58168373.12181558,58270257.26147461,101884.13965903223,108649.51363378018,3,24.581641816534102,108629.89548946172,13555,548993209960.0,1520
2,34730767.673766635,34743258.4017334,12490.72796676308,16530.150407731533,4,8.925772681832314,16525.054368712008,13570,549970658150.0,1521
1,37070206.23608438,37082415.94580078,12209.709716401994,16521.2246350497,4,-7.659467324614525,16525.054368712008,13571,549972997320.0,1521
2,44165886.071992904,44177278.165771484,11392.093778580427,16528.884102374315,4,7.659467324614525,16525.054368712008,13572,549980092220.0,1521
1,65303884.10343979,65312805.619628906,8921.51618911326,16516.798199802637,4,-12.085902571678162,16525.054368712008,13573,550001227860.0,1521
1,41561775.63701761,41567054.46582031,5278.828802704811,10112.743525572121,2,-27.40530266612768,10126.446176905185,13619,551979304610.0,1523
0,79489497.54069135,79490392.52502441,894.9843330681324,10140.148828238249,2,27.40530266612768,10126.446176905185,13620,552017228150.0,1523
2,40130025.53930783,40212289.896606445,82264.3572986126,86931.74983202666,2,-15.318140402436256,86939.40890222788,13645,552978858080.0,1524
0,66587176.498892896,66666379.029296875,79202.53040397912,86947.0679724291,2,15.318140402436256,86939.40890222788,13646,553005312310.0,1524
1,10448888.701568257,10433548.209960938,-15340.491607319564,-14125.215403212234,2,0.558011194691062,-14125.49440880958,13678,553950076510.0,1525
2,15173793.640775472,15157903.052856445,-15890.587919026613,-14125.773414406925,2,-0.558011194691062,-14125.49440880958,13679,553954800890.0,1525
0,37974496.87380123,38091043.29980469,116546.42600345612,120963.11602014303,3,0.13435782492160797,120963.11602014303,13694,554978614490.0,1526
0,40382085.90709989,40498360.48083496,116274.57373507321,120971.28258869052,3,12.384210646152496,120963.11602014303,13695,554981021820.0,1526
2,65377346.54279061,65490697.39733887,113350.85454826057,120954.6807359457,3,-12.518568471074104,120963.11602014303,13696,555006014290.0,1526
0,4229176.329852705,4293520.703613281,64344.37376057636,64836.2554815365,4,-3.9721963359043,64838.24157970445,13711,555945872230.0,1527
0,14476339.61226385,14539496.144042969,63156.53177911788,64840.227677872404,4,3.9721963359043,64838.24157970445,13712,555956118260.0,1527
0,24193280.133515023,24255314.407592773,62034.27407775074,64848.11567232758,4,11.860190791077912,64838.24157970445,13713,555965834130.0,1527
1,67020753.42866787,67077786.37890625,57032.950238376856,64827.91572700441,4,-12.31195086799562,64838.24157970445,13714,556008656830.0,1527
3,60173383.91155494,60176510.9017334,3126.9901784583926,10125.560426160693,2,14.46952299773693,10118.325664661825,13732,557002746960.0,1528
3,78498972.19865042,78499953.32983398,981.1311835646629,10111.090903162956,2,-14.46952299773693,10118.325664661825,13733,557021070500.0,1528
1,6014543.332890354,6085995.575683594,71452.24279323965,72151.77473388892,3,10.235704551450908,72144.4610401243,13756,557949484270.0,1529
3,36667918.475454256,36735792.36633301,67873.89087875187,72138.61701855063,3,-9.500868455972522,72144.4610401243,13757,557980134230.0,1529
0,43955191.39035584,44022223.56628418,67032.17592833936,72144.4610401243,3,-0.7348360954783857,72144.4610401243,13758,557987420700.0,1529
3,19785158.48612075,19836306.19885254,51147.7127317898,53448.86005849764,2,15.033498458564281,53441.343309268355,13777,558964213040.0,1530
3,27996124.792342722,28046302.48083496,50177.68849223852,53433.82656003907,2,-15.033498458564281,53441.343309268355,13778,558972423080.0,1530
1,13021771.766192947,13108425.85546875,86654.08927580342,88168.60912712477,2,-11.330738114193082,88174.27449618187,13808,560959414760.0,1532
2,36692017.415803954,36775929.826660156,83912.41085620224,88179.93986523896,2,11.330738114193082,88174.27449618187,13809,560983082390.0,1532
1,5960796.039366637,6066371.17565918,105575.13629254233,106268.41706058197,4,33.655378764495254,106247.86279969662,13834,561953355150.0,1533
0,34349364.12349929,34451630.02478027,102265.90128098428,106260.96391757578,4,26.202235758304596,106247.86279969662,13835,561981740560.0,1533
3,47488908.58387209,47589620.06530762,100711.48143552989,106234.76168181747,4,-26.202235758304596,106247.86279969662,13836,561994878620.0,1533
3,74776020.37200125,74873544.77905273,97524.40705148876,106221.36237290502,4,-39.60154467076063,106247.86279969662,13837,562022162690.0,1533
3,18628412.575748853,18744441.588745117,116029.0129962638,118195.62297462672,4,9.427798360586166,118186.54358636774,13861,562966996570.0,1534
3,33252044.272360116,33366363.727416992,114319.45505687594,118186.89199646935,4,0.6968202032148838,118186.54358636774,13862,562981618570.0,1534
3,47483394.39832291,47596057.954589844,112663.55626693368,118186.19517626613,4,-0.6968202032148838,118186.54358636774,13863,562995848340.0,1534
1,52016284.057317436,52128413.81994629,112129.76262885332,118179.60716700554,4,-7.284829463809729,118186.54358636774,13864,563000380720.0,1534
0,6546878.373757031,6601759.6552734375,54881.281516406685,55642.727611398324,3,-4.04790806863457,55642.727611398324,13898,563955914130.0,1535
0,14455726.172796119,14509687.545654297,53961.37285817787,55642.67127494328,3,-4.1324127512052655,55642.727611398324,13899,563963822100.0,1535
0,59675166.52569267,59723876.78125,48710.25555732846,55650.87976399064,3,8.180320819839835,55642.727611398324,13900,564009036530.0,1535
1,22283605.39685349,22297326.357421875,13720.960568383336,16312.694115746766,3,-24.313260313123465,16334.948848992586,13925,564972505990.0,1536
0,43463759.64905375,43475043.58666992,11283.937616169453,16339.065903127193,3,15.244420757517219,16334.948848992586,13926,564993683820.0,1536
2,71112912.3351132,71120976.37280273,8064.03768953681,16334.948848992586,3,9.068839555606246,16334.948848992586,13927,565021329900.0,1536
2,10146765.982855972,10245194.739257812,98428.7564018406,99608.89369680174,3,23.6086605489254,99587.77413514629,13943,565961364340.0,1537
3,23052369.397117134,23149276.025268555,96906.6281514205,99587.77413514629,3,-8.07068193424493,99587.77413514629,13944,565974268490.0,1537
3,29741286.72736246,29837410.411132812,96123.68377035111,99582.79593735933,3,-15.537978614680469,99587.77413514629,13945,565980956660.0,1537
2,26399083.97089927,26431068.36706543,31984.396166160703,35054.78761891648,3,13.572773637250066,35054.78761891648,13973,566978533550.0,1538
0,31638625.933366127,31670010.469848633,31384.5364825055,35064.32199134305,3,27.87433227710426,35054.78761891648,13974,566983772520.0,1538
3,57168455.50927672,57196824.54016113,28369.03088441491,35018.10769921541,3,-41.447105914354324,35054.78761891648,13975,567009299470.0,1538
3,4568877.698369367,4629646.3486328125,60768.65026344545,61300.041543886065,3,8.54740792978555,61298.25689385831,14022,568958650640.0,1540
1,9868361.15788293,9928498.132324219,60136.97444128804,61284.731378054246,3,-14.417840817943215,61298.25689385831,14023,568963949520.0,1540
3,67570711.57685426,67624150.90441895,53439.32756468654,61298.25689385831,3,5.870432888157666,61298.25689385831,14024,569021645480.0,1540
2,26228418.290282436,26253391.115356445,24972.825074009597,28023.36695745215,2,9.92018449679017,28018.406865203753,14048,569981239830.0,1541
1,46797841.054217964,46820411.59655762,22570.542339652777,28013.446772955358,2,-9.92018449679017,28018.406865203753,14049,570001806960.0,1541
2,38324072.10060141,38397054.56506348,72982.4644620642,77439.8124345243,3,-6.18822568282485,77444.24097438902,14081,570994311000.0,1542
2,41961287.819556,42033855.19921875,72567.37966275215,77447.76034602523,3,5.733641568571329,77444.24097438902,14082,570997947820.0,1542
2,51625913.94222045,51697353.74133301,71439.79911255836,77444.24097438902,3,0.45458411425352097,77444.24097438902,14083,571007611370.0,1542
3,13263207.162623795,13277760.035644531,14552.8730207365,16095.473436459899,2,-3.220775291323662,16097.08382410556,14111,571970194790.0,1543
3,24548286.3868327,24561529.9498291,13243.562996402383,16098.694211751223,2,3.220775291323662,16097.08382410556,14112,571981478620.0,1543
1,20756689.601349838,20866471.677734375,109782.07638453692,112196.21933016926,2,-9.655536845326424,112201.04709859192,14138,572978722760.0,1544
1,42258766.29756206,42366057.192993164,107290.89543110132,112205.87486701459,2,9.655536845326424,112201.04709859192,14139,573000222460.0,1544
2,30410448.156165797,30495284.050048828,84835.89388303086,88372.83403580636,1,,88372.83403580636,14163,573989367130.0,1545
2,30961506.749281134,31057962.689697266,96455.94041613117,100056.97239861265,3,-11.20192490145564,100063.14666031301,14190,574990947110.0,1546
0,58557063.1403662,58650325.7611084,93262.6207422018,100073.2019867152,3,13.142457252368331,100063.14666031301,14191,575018539620.0,1546
2,79753655.64415738,79844442.9029541,90787.2587967217,100063.14666031301,3,-1.9405323509126902,100063.14666031301,14192,575039733850.0,1546
0,10838053.41185048,10836517.78894043,-1535.6229100506753,-275.0842263251543,2,2.2736612781882286,-276.2210569642484,14235,576972732250.0,1548
0,18989940.40136554,18987454.385375977,-2486.015989564359,-277.35788760334253,2,-2.2736612781882286,-276.2210569642484,14236,576980883230.0,1548
3,32160087.203505546,32227614.012695312,67526.80918976665,71267.24416009709,2,-25.60830184444785,71280.04831101932,14257,577995047830.0,1549
0,53993314.69871771,54058327.76464844,65013.065930724144,71292.85246194154,2,25.60830184444785,71280.04831101932,14258,578016878660.0,1549
1,26332018.76359243,26396112.94116211,64094.177569679916,67156.7688866593,2,-12.629188682883978,67163.08348100074,14292,578990188540.0,1550
2,48213834.630528055,48275396.43457031,61561.80404225737,67169.39807534218,2,12.629188682883978,67163.08348100074,14293,579012067940.0,1550
0,27071364.073191114,27117536.73828125,46172.66509013623,49321.24725141004,2,-21.157485332340002,49331.82599407621,14330,580992875700.0,1552
0,61148514.87913339,61190745.299316406,42230.42018301785,49342.40473674238,2,21.157485332340002,49331.82599407621,14331,581026949090.0,1552
3,25887752.252022475,25913262.94104004,25510.68901756406,28521.60914393142,2,15.565102133899927,28513.82659286447,14354,581992659790.0,1553
1,74908498.25648455,74928291.93713379,19793.680649235845,28506.04404179752,2,-15.565102133899927,28513.82659286447,14355,582041675080.0,1553
3,10716302.056449221,10806975.215209961,90673.15876073949,91919.53694096394,4,52.92169659025967,91893.07609266881,14376,582978533600.0,1554
0,25511559.83189922,25600516.440063477,88956.6081642583,91923.7745758146,4,57.1593314409256,91893.07609266881,14377,582993327220.0,1554
1,68460263.54108903,68544167.76611328,83904.22502425313,91866.61524437368,4,-52.92169659025967,91893.07609266881,14378,583036271100.0,1554
2,70647199.15693817,70730846.12207031,83646.96513214707,91863.7107090652,4,-55.826231898739934,91893.07609266881,14379,583038457790.0,1554
2,11132722.000798028,11418837.475830078,286115.47503205016,287410.28565937467,3,-6.324085049331188,287410.28565937467,14405,583980184780.0,1555
3,25887030.99044816,26171428.918701172,284397.92825301364,287408.7644917965,3,-8.605836416594684,287410.28565937467,14406,583994937450.0,1555
0,26959274.299962595,27243563.209594727,284288.90963213146,287424.4549970515,3,14.929921465925872,287410.28565937467,14407,583996009590.0,1555
3,35295572.57688743,35349790.72583008,54218.148942649364,58323.26200185716,1,,58323.26200185716,14421,585005312360.0,1556
2,11436038.783385053,11442400.036132812,6361.252747759223,7691.3411619104445,1,,7691.3411619104445,14439,585982353020.0,1557
0,78061745.30393341,78153759.1541748,92013.85024139285,101092.9575252831,1,,101092.9575252831,14456,587049947120.0,1558
2,70761676.314051,70831064.05456543,69387.74051442742,77617.80055654049,1,,77617.80055654049,14482,588043590740.0,1559
1,34403404.113387704,34495119.3762207,91715.26283299923,95716.61068475991,2,-16.645035482943058,95724.93320250139,14502,589008234780.0,1560
2,41749312.734747514,41840190.263916016,90877.5291685015,95733.25572024286,2,16.645035482943058,95724.93320250139,14503,589015579890.0,1560
0,36723905.041977845,36735663.01989746,11757.977919615805,16029.215674571693,2,13.175332456827164,16022.62800834328,14544,591012453100.0,1562
3,46252435.71651636,46263072.286743164,10636.570226803422,16016.040342114866,2,-13.175332456827164,16022.62800834328,14545,591021980560.0,1562
3,3244652.9439089107,3362393.192504883,117740.24859597208,118117.62360932911,4,11.561867917422205,118109.53530945629,14560,591979942070.0,1563
2,39940317.078186505,40053777.81176758,113460.73358107358,118106.06174141169,4,-6.947136089205742,118109.53530945629,14561,592016633650.0,1563
0,61539687.28062382,61650642.80895996,110955.52833613753,118113.00887750089,4,6.947136089205742,118109.53530945629,14562,592038230630.0,1563
3,61863940.596144736,61974841.0826416,110900.48649686575,118095.67988499999,4,-17.328992500901222,118109.53530945629,14563,592038554830.0,1563
3,25381907.948108565,25483503.103637695,101595.15552913025,104547.24255246669,5,-2.158167392015457,104548.6587818414,14582,593003067540.0,1564
3,28305971.051284947,28407227.53479004,101256.48350509256,104548.6587818414,5,-0.03382332995533943,104548.6587818414,14583,593005991280.0,1564
1,31985407.07745674,32086227.944213867,100820.86675712839,104540.98525108024,5,-8.415468778461218,104548.6587818414,14584,593009670300.0,1564
3,45814772.73606959,45913994.31176758,99221.57569798827,104550.14265787601,5,2.1919907219707966,104548.6587818414,14585,593023498140.0,1564
0,73483968.53410399,73579986.9909668,96018.45686280727,104565.1378442496,5,17.18717709556222,104548.6587818414,14586,593051164280.0,1564
2,33730193.93144657,33837488.67468262,107294.74323605001,111217.79220476002,3,-24.991921186447144,111226.58203025907,14605,594012360020.0,1565
2,44065092.13322811,44171193.64794922,106101.51472111046,111226.58203025907,3,-11.807182937860489,111226.58203025907,14606,594022693780.0,1565
0,59751440.63723021,59855750.12805176,104309.4908215478,111258.98622163385,3,36.79910412430763,111226.58203025907,14607,594038378420.0,1565
2,76970033.04956557,77058198.24731445,88165.19774888456,97117.33153709769,1,,97117.33153709769,14643,595056582130.0,1566
0,27179971.928215545,27190817.489868164,10845.561652619392,14006.775639683008,1,,14006.775639683008,14673,596007719750.0,1567
0,18821074.394157182,18840686.09033203,19611.696174848825,21800.71402164921,3,12.752462413161993,21792.62089651078,14691,597000292920.0,1568
3,39704430.17205067,39721604.900024414,17174.727973744273,21792.62089651078,3,0.6127747055143118,21792.62089651078,14692,597021173950.0,1568
1,63270664.92773913,63285089.42504883,14424.497309699655,21783.30222196132,3,-13.365237118676305,21792.62089651078,14693,597044737560.0,1568
2,51324132.71876548,51349097.35876465,24964.63999916613,30933.98267005384,1,,30933.98267005384,14726,598033680050.0,1569
0,1159286.2978489245,1201348.4146728516,42062.116823927034,42196.94963646447,3,19.836053548380733,42178.268874857575,14748,598984477140.0,1570
2,6521752.428524293,6563169.863037109,41417.43451281637,42175.95829097461,3,-11.650964686414227,42178.268874857575,14749,598989838990.0,1570
2,25747663.855463013,25786847.497436523,39183.641973510385,42178.268874857575,3,-8.185088861966506,42178.268874857575,14750,599009062770.0,1570
2,59248961.389746055,59394042.62854004,145081.23879398406,151972.29246979207,1,,151972.29246979207,14776,600043602450.0,1571
1,33322046.885650426,33314327.15185547,-7719.733794957399,-3844.1550794690847,1,,-3844.1550794690847,14821,602019486280.0,1573
3,67952169.16488254,67933291.13928223,-18878.02560031414,-10974.73018181324,1,,-10974.73018181324,14852,603054991910.0,1574
3,4262891.207267063,4252802.410766602,-10088.796500461176,-9592.993511946872,1,,-9592.993511946872,14874,603992227260.0,1575
0,33787148.63724938,33842159.079833984,55010.442584604025,58940.11576959491,1,,58940.11576959491,14902,605022722200.0,1576
3,24620859.40189609,24699285.443725586,78426.04182949662,81289.61377579719,1,,81289.61377579719,14927,606014588640.0,1577
3,72409110.79209828,72478402.93774414,69292.14564585686,77713.81342503428,1,,77713.81342503428,14973,608064281520.0,1579
0,38501477.48342478,38595215.11669922,93737.633274436,98215.61468901485,2,4.787549041211605,98213.22091449425,14998,609031393690.0,1580
2,71739051.05624557,71828918.14807129,89867.09182572365,98210.82713997364,2,-4.787549041211605,98213.22091449425,14999,609064627570.0,1580
2,59823724.25646143,59909003.33227539,85279.07581396401,92236.97828631848,1,,92236.97828631848,15029,610053710810.0,1581
1,11189378.606818948,11193442.190673828,4063.583854880184,5364.984027473256,2,-10.012511599808931,5369.9902832731605,15062,611006047360.0,1582
2,13385702.347474562,13389520.496582031,3818.149107469246,5374.996539073065,2,10.012511599808931,5369.9902832731605,15063,611008243450.0,1582
0,56189916.384970546,56246662.90490723,56746.519936680794,63281.78605385125,1,,63281.78605385125,15094,612051933030.0,1583
1,27935430.95724353,27953167.362548828,17736.405305299908,20985.484270870686,1,,20985.484270870686,15114,613024626730.0,1584
2,29068434.905869156,29187555.021118164,119120.11524900794,122500.97021270171,2,-0.74230932071805,122501.34136736207,15136,614026766550.0,1585
2,38829117.42738485,38947103.05175781,117985.62437295914,122501.71252202243,2,0.74230932071805,122501.34136736207,15137,614036526150.0,1585
3,18628745.90939589,18757200.257080078,128454.34768418968,130620.99643150344,3,10.594182090833783,130611.2809470892,15160,615017342430.0,1586
1,24843137.0703417,24970857.169555664,127720.09921396524,130609.52355173603,3,-6.615137560293078,130611.2809470892,15161,615023556120.0,1586
2,62078557.78878452,62201948.91491699,123391.12613247335,130611.2809470892,3,-3.9790445305407047,130611.2809470892,15162,615060787410.0,1586
2,2919265.881647826,3010363.755493164,91097.87384533789,91437.40414954117,2,70.78070212295279,91402.01379847969,15187,616002610760.0,1587
1,41267052.59161148,41353619.57861328,86566.98700179905,91366.62344741821,2,-70.78070212295279,91402.01379847969,15188,616040954220.0,1587
0,3158766.3771464666,3184192.5721435547,25426.194997088052,25793.58082366921,1,,25793.58082366921,15213,617003781920.0,1588
1,77736028.00544533,77795947.35900879,59919.35356345773,68960.57772949338,2,2.908387988805771,68959.12353549898,15240,618079325610.0,1589
3,79770996.75958066,79830676.52416992,59679.76458926499,68957.66934150457,2,-2.908387988805771,68959.12353549898,15241,618081360350.0,1589
0,1856358.5756935715,1854847.80078125,-1510.7749123214744,-1294.8678940953687,4,78.97926803212613,-1342.0426732562482,15270,619004322300.0,1590
0,10679383.146298986,10676830.823852539,-2552.322446446866,-1310.2381843850017,4,63.60897774249315,-1342.0426732562482,15271,619013144330.0,1590
1,45589921.21049373,45583244.94812012,-6676.262373611331,-1373.8471621274948,4,-63.60897774249315,-1342.0426732562482,15272,619048050930.0,1590
3,62770829.63860783,62762143.470825195,-8686.167782634497,-1385.4970844686031,4,-75.25890008360147,-1342.0426732562482,15273,619065229920.0,1590
0,70222222.12070604,70295261.64208984,73039.52138380706,81206.83926615119,2,22.16290257871151,81195.75781486183,15295,620073658520.0,1591
2,71631920.73544669,71704774.13647461,72853.40102791786,81184.67636357248,2,-22.16290257871151,81195.75781486183,15296,620075068040.0,1591
1,21009720.327129558,21014673.802246094,4953.475116536021,7397.047241549939,1,,7397.047241549939,15318,621025375000.0,1592
2,62994634.87246688,63072429.95605469,77795.0835878104,85121.78434360027,1,,85121.78434360027,15347,622068361190.0,1593
1,6291779.174185477,6385397.720458984,93618.54627350718,94350.32261166815,2,18.53210971225053,94341.05655681202,15377,623012640210.0,1594
0,31114352.574754953,31205065.556274414,90712.98151946068,94331.7905019559,2,-18.53210971225053,94341.05655681202,15378,623037460010.0,1594
0,30389721.407772884,30380433.901000977,-9287.50677190721,-5752.97727971524,3,84.1535199470818,-5819.128127120435,15421,625038541970.0,1596
3,60132218.45218033,60119405.54162598,-12812.910554356873,-5819.128127120435,3,-15.07275116071105,-5819.128127120435,15422,625068281100.0,1596
1,72767086.70555076,72752768.26928711,-14318.436263650656,-5855.133472204208,3,-69.08076878637075,-5819.128127120435,15423,625080914530.0,1596
3,29708317.80905248,29787681.193603516,79363.3845510371,82818.66221056506,2,-1.7691998220980167,82819.54681047611,15442,626038872560.0,1597
0,36513111.25200793,36591684.962402344,78573.71039441228,82820.43141038716,2,1.7691998220980167,82819.54681047611,15443,626045676600.0,1597
1,18122476.91017782,18126885.018432617,4408.108254797757,6515.874504152685,4,-19.72500479593873,6525.737006550655,15467,627028211080.0,1598
0,47599048.56534473,47600048.07458496,999.509240232408,6535.599508948624,4,19.72500479593873,6525.737006550655,15468,627057684400.0,1598
3,48361824.909679145,48362714.013427734,889.1037485897541,6513.910048916936,4,-21.689460031688213,6525.737006550655,15469,627058447070.0,1598
0,50340051.875414886,50340733.48046875,681.6050538644195,6536.492487832904,4,20.617983680218458,6525.737006550655,15470,627060425100.0,1598
1,50517557.084873274,50569908.26281738,52351.177944108844,58226.71043070406,2,1.8989607319235802,58225.760950338095,15491,628061602710.0,1599
1,78717458.67615512,78766528.11645508,49069.44029995799,58224.81146997213,2,-1.8989607319235802,58225.760950338095,15492,628089799480.0,1599
2,36073650.04388374,36063009.286743164,-10640.75714057684,-6445.148426026106,2,15.119174838066101,-6452.708013445139,15516,629048086920.0,1600
2,47991477.83207037,47979435.83203125,-12042.000039122999,-6460.267600864172,2,-15.119174838066101,-6452.708013445139,15517,629060003410.0,1600
1,48075015.80191842,48154417.28601074,79401.48409232497,84992.93255970627,2,44.91218992322683,84970.47646474466,15544,630061054890.0,1601
3,73352396.05828509,73428812.70043945,76416.64215436578,84948.02036978304,2,-44.91218992322683,84970.47646474466,15545,630086329420.0,1601
0,4266532.527004355,4273790.42565918,7257.898654825054,7754.1251533757895,3,13.243231777101755,7748.030696481466,15570,631018221280.0,1602
2,11753859.582966335,11760240.560546875,6380.977580539882,7748.030696481466,3,4.1015464356169105,7748.030696481466,15571,631025707770.0,1602
1,28684562.8904408,28688960.415527344,4397.525086544454,7733.733146715909,3,-17.344778212718666,7748.030696481466,15572,631042636580.0,1602
0,12814716.252849963,12837701.079223633,22984.82637367025,24475.26427278854,3,36.076011249795556,24444.681612834334,15618,633028635000.0,1604
2,62073033.641253054,62090258.810546875,17225.169293820858,24444.681612834334,3,-9.797978681512177,24444.681612834334,15619,633077887820.0,1604
1,72260965.30907877,72276994.56652832,16029.257449552417,24433.694910243154,3,-26.27803256828338,24444.681612834334,15620,633088074610.0,1604
0,21024625.771443725,21040065.373168945,15439.60172522068,17884.907453902066,1,,17884.907453902066,15649,634037791730.0,1605
0,39736801.65946763,39850151.267089844,113349.60762221366,117971.26556722075,1,,117971.26556722075,15678,635057540110.0,1606
0,10280669.296668805,10305316.223144531,24646.926475726068,25842.63762888126,2,2.381206078454852,25841.447025842033,15690,636029013440.0,1607
2,77028739.53796741,77045620.8326416,16881.2946741879,25840.256422802806,2,-2.381206078454852,25841.447025842033,15691,636095754100.0,1607
1,34946879.28390743,34984646.95349121,37767.669583782554,41832.227262072265,2,-8.083639338612556,41836.26908174157,15718,637054614200.0,1608
2,55204589.44928819,55240009.09423828,35419.64495009184,41840.31090141088,2,8.083639338612556,41836.26908174157,15719,637074869670.0,1608
1,34091748.71111943,34176953.15625,85204.44513057172,89169.54535781592,1,,89169.54535781592,15740,638054773880.0,1609
2,41732191.01737205,41707286.82556152,-24904.191810525954,-20050.45662995428,1,,-20050.45662995428,15766,639063296720.0,1610
3,19600539.944958165,19668978.540283203,68438.59532503784,70718.27027067915,3,17.103979751467705,70702.43784315139,15797,640042139400.0,1611
1,29277479.747290716,29344777.016845703,67297.26955498755,70702.43784315139,3,-6.644661540165544,70702.43784315139,15798,640051815250.0,1611
2,69886329.15743068,69948900.80090332,62571.64347264171,70699.89473870397,3,-10.459318211302161,70702.43784315139,15799,640092419590.0,1611
1,19786459.361369707,19805923.44140625,19464.08003654331,21765.378663815558,2,64.18891909718513,21733.284204266965,15855,643045192560.0,1614
1,53052415.48576374,53067946.321899414,15530.836135670543,21701.189744718373,2,-64.18891909718513,21733.284204266965,15856,643078454760.0,1614
2,17298655.137606867,17329352.638549805,30697.50094293803,32709.451165802777,2,0.7071478702127934,32709.09759186767,15887,644043663130.0,1615
2,25748713.65244282,25778427.647460938,29713.99501811713,32708.744017932564,2,-0.7071478702127934,32709.09759186767,15888,644052112250.0,1615
1,22716290.778211202,22736795.888916016,20505.110704813153,23147.168479263783,3,-3.9122449308633804,23147.168479263783,15907,645050011100.0,1616
1,33576109.39552845,33595348.06750488,19238.671976432204,23143.79987475276,3,-8.965151697397232,23147.168479263783,15908,645060869710.0,1616
2,35851917.40833575,35870905.95019531,18988.541859559715,23158.361573636532,3,12.877396628260612,23147.168479263783,15909,645063145280.0,1616
1,24364368.935779788,24373839.354248047,9470.418468259275,12304.15884405002,2,3.3445934765040874,12302.486547311768,15947,647053511740.0,1618
1,68375026.68822777,68379375.0258789,4348.337651133537,12300.814250573516,2,-3.3445934765040874,12302.486547311768,15948,647097517510.0,1618
2,1179134.7675611759,1170240.9318847656,-8893.835676410235,-8756.694353023544,3,-0.10945581085979939,-8756.694353023544,15974,648031253380.0,1619
2,36725747.235077724,36712711.66918945,-13035.565888270736,-8764.113873839378,3,-11.238737034611404,-8756.694353023544,15975,648066796040.0,1619
0,45768955.81383891,45754883.51977539,-14072.294063515961,-8749.05592058599,3,11.348192845471203,-8756.694353023544,15976,648075838260.0,1619
2,25281149.56423117,25333702.87133789,52553.307106722146,55493.675250686705,3,1.756778322160244,55493.675250686705,16030,650057200430.0,1621
3,76909852.96965227,76956407.98168945,46555.012037187815,55500.146476358175,3,11.463616829365492,55493.675250686705,16031,650108823410.0,1621
1,77993309.67030263,78039722.2130127,46412.54271006584,55483.690468370914,3,-13.220395151525736,55493.675250686705,16032,650109906730.0,1621
1,38013807.30338546,38021991.38415527,8184.080769814551,12605.342854499817,1,,12605.342854499817,16057,651070823140.0,1622
1,64259401.798091404,64265103.85546875,5702.05737734586,13175.859053857625,1,,13175.859053857625,16082,652097974890.0,1623
0,34767799.21429094,34845718.55932617,77919.3450352326,81963.0744940415,1,,81963.0744940415,16102,653069495590.0,1624
0,2781827.230038884,2774647.233276367,-7179.996762516908,-6856.45150012942,1,,-6856.45150012942,16128,654038392750.0,1625
2,9613098.16486375,9589909.158935547,-23189.005928203464,-22070.937798550352,6,0.7852130774408579,-22071.330405089073,16165,655046116290.0,1626
1,23762789.316544604,23737953.82092285,-24835.495621751994,-22071.723011627793,6,-0.7852130774408579,-22071.330405089073,16166,655060264410.0,1626
2,43215536.99618056,43188450.24743652,-27086.748744033277,-22060.490425162017,6,11.232586465775967,-22071.330405089073,16167,655079715010.0,1626
3,51419125.73388397,51391076.568725586,-28049.16515838355,-22068.774159379303,6,2.9488522484898567,-22071.330405089073,16168,655087917680.0,1626
3,70662249.7560195,70631954.1114502,-30295.644569307566,-22077.148506239057,6,-6.210707688704133,-22071.330405089073,16169,655107158660.0,1626
3,72428012.72829555,72397514.70996094,-30498.01833461225,-22074.152132809162,6,-3.2143342588096857,-22071.330405089073,16170,655108924230.0,1626
2,31115399.154968053,31153894.536987305,38495.382019251585,42114.31272608042,2,11.477794617414474,42108.57382877171,16192,656068590680.0,1627
1,38017936.69295153,38055617.78552246,37681.09257093072,42102.834931463,2,-11.477794617414474,42108.57382877171,16193,656075492440.0,1627
2,47425995.76654048,47424767.78039551,-1227.9861449748278,4287.976916491985,2,10.064657062292099,4282.944587960839,16220,657085832090.0,1628
2,63869620.78401694,63866470.228759766,-3150.5552571713924,4277.912259429693,2,-10.064657062292099,4282.944587960839,16221,657102273880.0,1628
0,10315187.029650275,10373563.143920898,58376.11427062377,59575.840068848804,3,39.77045280300081,59538.53372400999,16245,658049717090.0,1629
2,50350927.59824411,50404609.97961426,53682.38137014955,59538.53372400999,3,-16.189064455218613,59538.53372400999,16246,658089748350.0,1629
3,61535393.80523858,61587770.42956543,52376.624326847494,59533.605508081615,3,-23.581388347782195,59538.53372400999,16247,658100931570.0,1629
3,14311380.32193115,14357340.024414062,45959.70248291269,47624.2125040181,1,,47624.2125040181,16269,659054632170.0,1630
3,39686011.5596548,39701238.721069336,15227.161414533854,19842.91212850064,2,4.462701953947544,19840.680777523667,16288,660080990430.0,1631
3,72145668.47252181,72157115.89428711,11447.421765297651,19838.449426546693,2,-4.462701953947544,19840.680777523667,16289,660113446480.0,1631
2,10316696.32231412,10289573.412353516,-27122.909960605204,-25923.008621467277,1,,-25923.008621467277,16338,662053462420.0,1633
3,6902493.990841828,6880639.781494141,-21854.20934768766,-21051.402758809738,3,6.48519364092499,-21052.95770891756,16360,663050961710.0,1634
3,47687871.864945725,47661262.62573242,-26609.23921330273,-21062.818195983768,3,-10.637962120119482,-21052.95770891756,16361,663091742550.0,1634
0,62591846.08301927,62563513.271606445,-28332.81141282618,-21052.95770891756,3,4.152768479194492,-21052.95770891756,16362,663106644880.0,1634
3,15578010.457411,15559003.918334961,-19006.539076039568,-17194.71143035032,2,21.164542036131024,-17205.293701368384,16385,664060523530.0,1635
1,29098742.18519829,29078141.92932129,-20600.25587699935,-17215.87597238645,2,-21.164542036131024,-17205.293701368384,16386,664074042740.0,1635
1,14201310.372675398,14293584.867919922,92274.49524452351,93926.20338842086,2,-14.71595454402268,93933.56136569288,16407,665060167370.0,1636
0,23432410.146081813,23523625.71813965,91215.57205783576,93940.91934296489,2,14.71595454402268,93933.56136569288,16408,665069397460.0,1636
2,39518899.53848029,39525315.98059082,6416.442110531032,11012.756569735706,2,9.125397101044655,11008.193871185184,16434,666086447510.0,1637
1,48518437.454065286,48523798.06384277,5360.609777487814,11003.631172634661,2,-9.125397101044655,11008.193871185184,16435,666095446040.0,1637
2,49495281.678297214,49487003.06567383,-8278.612623386085,-2521.97765891999,1,,-2521.97765891999,16464,667097333620.0,1638
2,27024928.377307147,27063564.473876953,38636.09656980634,41779.27794657275,1,,41779.27794657275,16486,668075858240.0,1639
1,8290481.677573217,8290504.400390625,22.722817407920957,986.9617322925478,2,-3.452477542683482,988.6879710638896,16520,669058041450.0,1640
2,39106388.24796659,39102830.32556152,-3557.922405064106,990.4142098352313,2,3.452477542683482,988.6879710638896,16521,669088853940.0,1640
3,70578405.82803114,70642688.5769043,64282.74887315929,72491.49332210422,1,,72491.49332210422,16544,670121305280.0,1641
3,10212987.39274906,10275281.810913086,62294.41816402599,63482.25745543279,2,22.909804427996278,63470.80255321879,16570,671061927970.0,1642
0,77954588.42730297,78008981.1307373,54392.703434333205,63459.34765100479,2,-22.909804427996278,63470.80255321879,16571,671129662030.0,1642
2,41025544.16802989,41045729.95629883,20185.78826893866,24957.33565660566,2,25.083578772842884,24944.79386721924,16605,672093648040.0,1643
3,78924315.34783962,78940068.16992188,15752.82208225131,24932.252077832818,2,-25.083578772842884,24944.79386721924,16606,672131542580.0,1643
0,23330252.448009197,23282474.457885742,-47777.99012345448,-45064.52446737513,2,23.364123076200485,-45076.20652891323,16629,673076850020.0,1644
1,23987198.721732482,23939320.960205078,-47877.76152740419,-45087.88859045133,2,-23.364123076200485,-45076.20652891323,16630,673077506870.0,1644
2,44155124.64828234,44203453.478027344,48328.82974500209,53464.36844266206,1,,53464.36844266206,16656,674098640440.0,1645
2,38964768.99603906,39013227.208496094,48458.21245703101,52990.07779811323,1,,52990.07779811323,16699,676095330670.0,1647
3,31780156.53034991,31765951.611816406,-14204.91853350401,-10508.672062013298,2,6.229159023612738,-10511.786641525105,16720,677089067630.0,1648
2,66217954.74861819,66199738.25280762,-18216.495810575783,-10514.901221036911,2,-6.229159023612738,-10511.786641525105,16721,677123501600.0,1648
1,55137202.342391245,55198397.15637207,61194.813980825245,67607.64235727489,1,,67607.64235727489,16736,678113388730.0,1649
1,22580112.41157542,22566252.434936523,-13859.976638898253,-11233.757326621562,3,11.63327819108963,-11239.300185605884,16761,679081796750.0,1650
3,39284451.84191421,39268643.49511719,-15808.346797019243,-11239.300185605884,3,3.3189897146075964,-11239.300185605884,16762,679098499230.0,1650
1,48872278.102639236,48855342.44616699,-16935.65647224337,-11251.48102401942,3,-14.952267905697227,-11239.300185605884,16763,679108085980.0,1650
1,1642703.3020835016,1618114.3389892578,-24588.96309424378,-24397.90562483738,3,-9.903638421557844,-24397.90562483738,16782,680061730630.0,1651
0,2290257.280903273,2265620.8911132812,-24636.389789991546,-24370.017426933628,3,31.92865843407344,-24397.90562483738,16783,680062378140.0,1651
3,30960405.131613754,30932398.241210938,-28006.890402816236,-24405.98654589802,3,-22.025020012515597,-24397.90562483738,16784,680091045070.0,1651
2,25896671.24617622,25996974.87109375,100303.62491752952,103315.58238305151,3,31.91072179377079,103284.95680309087,16805,681086993030.0,1652
1,39450586.117789045,39549282.705444336,98696.58765529096,103284.95680309087,3,-14.027648147195578,103284.95680309087,16806,681100545410.0,1652
0,51468842.502817385,51566138.71594238,97296.21312499791,103282.38651942462,3,-17.883073646575212,103284.95680309087,16807,681112562330.0,1652
2,70339625.06604677,70307578.44238281,-32046.623663961887,-23865.65102753043,1,,-23865.65102753043,16829,682132342160.0,1653
1,34523430.1375899,34513437.20751953,-9992.930070370436,-5977.622382760048,1,,-5977.622382760048,16856,683097466310.0,1654
2,41282382.005694695,41241633.60217285,-40748.403521843255,-35946.98416201025,2,20.56032671779394,-35957.26432536915,16876,684105101760.0,1655
3,48425245.29817481,48383645.57116699,-41599.7270078212,-35967.54448872805,2,-20.56032671779394,-35957.26432536915,16877,684112243810.0,1655
0,67268817.99388519,67210879.67089844,-57938.322986751795,-50114.50591669977,2,19.05133719742298,-50124.03158529848,16911,685131953530.0,1656
1,67866653.3945268,67808626.48791504,-58026.90661175549,-50133.55725389719,2,-19.05133719742298,-50124.03158529848,16912,685132551280.0,1656
2,37646641.3989677,37598953.60168457,-47687.797283127904,-43309.23906861991,1,,-43309.23906861991,16928,686103243800.0,1657
1,40224259.23644758,40284249.603759766,59990.367312185466,64668.71985991299,2,6.7453180849552155,64665.347200870514,16947,687106821480.0,1658
1,42190574.20821582,42250329.134521484,59754.926305666566,64661.974541828036,2,-6.7453180849552155,64665.347200870514,16948,687108787570.0,1658
0,14460179.489758149,14493124.673706055,32945.1839479059,34627.00031545758,4,8.117786884307861,34620.66775804479,16978,688082029340.0,1659
0,15368034.793038538,15400869.83996582,32835.04692728259,34622.4529875163,4,3.5704589430242777,34620.66775804479,16979,688082937090.0,1659
0,39950039.59407233,39980008.95666504,29969.362592712045,34615.821547202766,4,-6.6314403135329485,34620.66775804479,16980,688107516360.0,1659
0,44830968.230206385,44860372.96887207,29404.738665685058,34618.882528573275,4,-3.5704589430242777,34620.66775804479,16981,688112396750.0,1659
3,3226291.0694977124,3198194.581665039,-28096.48783267336,-27721.248429108877,2,68.707535977941,-27755.602197097847,17005,689071727840.0,1660
2,40711299.95304495,40678774.998413086,-32524.954631865025,-27789.955965086818,2,-68.707535977941,-27755.602197097847,17006,689109208620.0,1660
3,20320526.553512968,20321329.458618164,802.9051051959395,3166.319347679615,1,,3166.319347679615,17030,690089789260.0,1661
3,44501209.033458754,44591630.13244629,90421.09898753464,95596.88963255286,3,-10.314817305654287,95596.88963255286,17052,691115025020.0,1662
3,50454781.3031507,50544508.43359375,89727.13044305146,95595.3616829887,3,-12.606741651892662,95596.88963255286,17053,691120977930.0,1662
0,54712000.09375092,54801255.76647949,89255.67272857577,95619.04721672833,3,22.92155895754695,95596.88963255286,17054,691125234700.0,1662
3,7681030.933550071,7687420.169311523,6389.235761452466,7282.591445790604,2,6.130358230322599,7279.5262666754425,17071,692079159160.0,1663
1,11153032.395003086,11159011.683227539,5979.2882244531065,7276.461087560281,2,-6.130358230322599,7279.5262666754425,17072,692082630770.0,1663
1,142308.7291962008,188478.1473388672,46169.4181426664,46185.96960734064,6,10.81887217098847,46177.24932692945,17097,693072600420.0,1664
3,51968123.41424011,52008252.20825195,40128.794011846185,46173.03714250773,6,-6.3107761815190315,46177.24932692945,17098,693124420470.0,1664
2,52265320.087043256,52305420.62585449,40100.53881123662,46179.34791868925,6,4.197183519601822,46177.24932692945,17099,693124717640.0,1664
2,65974205.729087695,66012707.634887695,38501.90579999983,46175.15073516965,6,-4.197183519601822,46177.24932692945,17100,693138425000.0,1664
3,66993469.61603978,67031852.20800781,38382.59196802974,46174.38416529447,6,-4.963753394782543,46177.24932692945,17101,693139444150.0,1664
0,68779205.8121224,68817392.70007324,38186.88795083761,46186.373307436705,6,11.222572267055511,46177.24932692945,17102,693141229700.0,1664
0,3879838.0774585493,3848158.647216797,-31679.430241752416,-31228.17891484173,5,18.116598806809634,-31245.99848380685,17126,694077211370.0,1665
1,18046878.18913322,18013533.217041016,-33344.972092203796,-31245.99848380685,5,-1.9534556847065687,-31245.99848380685,17127,694091376820.0,1665
3,22900042.303781636,22866137.376953125,-33904.92682851106,-31241.497512754053,5,4.798000894486904,-31245.99848380685,17128,694096229450.0,1665
2,38107618.83500379,38071936.40649414,-35682.428509652615,-31250.25551134348,5,-6.507513063028455,-31245.99848380685,17129,694111435330.0,1665
3,63727008.473042674,63688349.99975586,-38658.47328681499,-31246.59254349023,5,-2.8445452097803354,-31245.99848380685,17130,694137051880.0,1665
2,4653305.494099686,4710214.139892578,56908.6457928922,57449.85659520235,2,14.473492248915136,57442.61984907789,17152,695079006760.0,1666
0,72348862.98216164,72397883.70471191,49020.72255027294,57435.383102953434,2,-14.473492248915136,57442.61984907789,17153,695146694790.0,1666
3,42497372.96498023,42562868.11462402,65495.1496437937,70437.88064385206,2,15.580089621245861,70430.09059904143,17174,696117895090.0,1667
1,73333710.83559616,73395603.93115234,61893.09555618465,70422.30055423081,2,-15.580089621245861,70430.09059904143,17175,696148727990.0,1667
2,10959284.915572397,10932610.32006836,-26674.595504038036,-25399.956779066473,1,,-25399.956779066473,17193,697087255850.0,1668
0,77354021.13997728,77324434.85192871,-29586.288048565388,-20589.493856534362,1,,-20589.493856534362,17213,698154584430.0,1669
2,1618461.0683238343,1604210.452758789,-14250.615565045271,-14062.37763087009,3,6.7701171522494406,-14065.084870172665,17235,699079739020.0,1670
2,10334711.12588602,10319444.044433594,-15267.08145242557,-14065.084870172665,3,2.709258198388852,-14065.084870172665,17236,699088454300.0,1670
1,43245621.78307177,43226518.81506348,-19102.9680082947,-14073.210625872016,3,-9.479375350638293,-14065.084870172665,17237,699121361550.0,1670
0,635812.4443975829,621363.828125,-14448.616272582905,-14374.666998548084,6,26.737414965755306,-14400.257158219814,17263,700079678490.0,1671
3,37524950.93205407,37506187.4173584,-18763.51469567418,-14399.10990292579,6,2.2945105880498886,-14400.257158219814,17264,700116563510.0,1671
0,52599187.16459848,52578677.15673828,-20510.007860198617,-14392.367760635912,6,9.036652877926826,-14400.257158219814,17265,700131636080.0,1671
3,59981398.11197778,59960017.85131836,-21380.260659419,-14404.019654609263,6,-4.909751683473587,-14400.257158219814,17266,700139017460.0,1671
3,66882291.37423012,66860111.10839844,-22180.265831679106,-14401.40441351384,6,-2.2945105880498886,-14400.257158219814,17267,700145917590.0,1671
2,75123488.00845453,75100337.22949219,-23150.77896234393,-14413.41081212461,6,-14.300909198820591,-14400.257158219814,17268,700154157860.0,1671
1,12523634.211138386,12493934.676391602,-29699.534746784717,-28242.951651640236,1,,-28242.951651640236,17309,702093435960.0,1673
2,38117048.762773454,38072870.69128418,-44178.0714892745,-39744.80172678828,1,,-39744.80172678828,17350,703119922250.0,1674
2,24915204.560727607,24990614.756103516,75410.19537590817,78308.00164870173,3,27.336705893278122,78287.59016786516,17375,704107713350.0,1675
2,48707985.55190019,48780608.07495117,72622.52305097878,78287.59016786516,3,-3.2805153615772724,78287.59016786516,17376,704131503470.0,1675
1,62953630.41813983,63024582.22619629,70951.80805645883,78273.73971775174,3,-24.05619053170085,78287.59016786516,17377,704145747520.0,1675
0,7886441.796536307,7965696.974365234,79255.17782892752,80172.42418154422,5,30.591671072877944,80144.03995069861,17400,705091719720.0,1676
1,36103591.787518635,36179536.736328125,75944.94880948961,80144.03995069861,5,0.2016131803393364,80144.03995069861,17401,705119933710.0,1676
1,53373884.836811915,53447814.783203125,73929.94639120996,80137.68905318528,5,-8.356724560260773,80144.03995069861,17402,705137202080.0,1676
3,66405349.163801074,66477765.39904785,72416.23524677753,80139.62507024407,5,-6.420707501471043,80144.03995069861,17403,705150232100.0,1676
0,77833009.00618264,77904104.55407715,71095.54789450765,80148.05160479248,5,6.219094321131706,80144.03995069861,17404,705161658500.0,1676
0,52802079.3321275,52824257.67553711,22178.343409612775,28319.581236191094,2,12.225993365049362,28313.46823950857,17433,706137607850.0,1677
3,56819917.46745093,56841616.283203125,21698.81575219333,28307.355242826045,2,-12.225993365049362,28313.46823950857,17434,706141625230.0,1677
2,5551777.051469245,5621221.082275391,69444.03080614563,70089.73990822025,1,,70089.73990822025,17461,707091343780.0,1678
2,12634648.223950777,12594039.498168945,-40608.72578183189,-39139.23100852221,5,-5.783370638266206,-39139.23100852221,17488,708099350830.0,1679
0,26128509.3745576,26086347.65197754,-42161.72258006036,-39122.80077711865,5,18.861976467072964,-39139.23100852221,17489,708112843210.0,1679
1,32394427.83127737,32351514.290161133,-42913.54111623764,-39145.85075093433,5,-14.834858113899827,-39139.23100852221,17490,708119108410.0,1679
1,53522950.96886834,53477581.79431152,-45369.174556814134,-39144.09449864924,5,-13.078605828806758,-39139.23100852221,17491,708140234590.0,1679
0,56142479.6649916,56096827.84692383,-45651.81806777418,-39122.069160960615,5,19.59359262511134,-39139.23100852221,17492,708142853850.0,1679
1,3551235.994727976,3491810.2099609375,-59425.784767038655,-59012.752077838406,2,-13.998612461611629,-59005.7527716076,17512,709091151930.0,1680
2,54830193.056965075,54764817.18237305,-65375.87459202856,-58998.753465376794,2,13.998612461611629,-59005.7527716076,17513,709142425210.0,1680
0,54165669.55860229,54217686.31237793,52016.75377564132,58316.586339101195,1,,58316.586339101195,17576,712144684210.0,1683
1,59193649.58414067,59239601.377197266,45951.793056592345,52836.413596488535,2,-22.846751131117344,52847.836972054094,17597,713150691450.0,1684
0,79319460.34776837,79363094.22009277,43633.8723244071,52859.26034761965,2,22.846751131117344,52847.836972054094,17598,713170815050.0,1684
0,5819344.752582544,5781449.692871094,-37895.05971145071,-37218.230681751855,2,9.807916696183383,-37223.13464009995,17625,714098247240.0,1685
2,30903838.497529715,30863016.134155273,-40822.36337444186,-37228.03859844804,2,-9.807916696183383,-37223.13464009995,17626,714123328940.0,1685
0,64326798.25021869,64265070.123168945,-61728.12704974413,-54246.48671145737,1,,-54246.48671145737,17649,715157707510.0,1686
1,9291536.306426235,9246993.053466797,-44543.25295943767,-43462.58464194462,2,-15.500306446105242,-43454.834488721564,17673,716103645510.0,1687
0,54951098.21310361,54901259.94555664,-49838.26754696667,-43447.08433549851,2,15.500306446105242,-43454.834488721564,17674,716149300020.0,1687
0,12703187.018153623,12702174.81274414,-1012.2054094821215,465.2608876917511,1,,465.2608876917511,17698,717108019960.0,1688
0,38557448.98712994,38518961.182128906,-38487.80500103533,-34003.31372320652,2,27.77982994914055,-34017.20363818109,17728,718134815270.0,1689
1,69206758.30065364,69164677.99450684,-42080.30614680052,-34031.09355315566,2,-27.77982994914055,-34017.20363818109,17729,718165461150.0,1689
2,14081776.774538748,14035587.292358398,-46189.48218034953,-44551.67659983039,3,16.153659027069807,-44564.755556471646,17760,719111330120.0,1690
1,22222993.385196935,22175843.94567871,-47149.43951822445,-44564.755556471646,3,-3.464775934815407,-44564.755556471646,17761,719119470420.0,1690
1,41562765.90873634,41513360.97387695,-49404.93485938758,-44570.90496124327,3,-12.6888830922544,-44564.755556471646,17762,719138808040.0,1690
3,4619659.578929478,4603627.723144531,-16031.855784947053,-15494.55822941754,2,-10.977864780463278,-15489.069297027308,17792,720102808400.0,1691
0,12212351.256028382,12195447.296875,-16903.959153382108,-15483.580364637077,2,10.977864780463278,-15489.069297027308,17793,720110400260.0,1691
1,3396007.0455656885,3354332.3673095703,-41674.678256118204,-41279.69974028412,1,,-41279.69974028412,17816,721102509580.0,1692
3,2379056.546228814,2467165.430908203,88108.88467938919,88385.58499570377,3,-13.076819198206067,88397.62580786645,17839,722102507610.0,1693
3,36436782.24095234,36520944.095336914,84161.85438457131,88399.6978219375,3,8.092420152388513,88397.62580786645,17840,722136561570.0,1693
0,56300298.8134909,56382148.33496094,81849.52147004008,88397.62580786645,3,4.984399045817554,88397.62580786645,17841,722156422880.0,1693
3,43907728.819541685,43912786.04956055,5057.230018861592,10163.99491365999,2,-9.05038197338581,10168.520104646683,17868,723145030910.0,1694
0,50554307.42226958,50558600.6607666,4293.238497018814,10173.045295633376,2,9.05038197338581,10168.520104646683,17869,723151676760.0,1694
0,56070058.21297681,56112689.03625488,42630.823278069496,49152.1490817368,3,-6.279747731983662,49153.08906002343,17895,724158189040.0,1695
1,68609768.96003404,68650942.27038574,41173.31035169959,49153.08906002343,3,-4.8697803020477295,49153.08906002343,17896,724170727360.0,1695
3,75805426.87164664,75845773.95800781,40347.086361169815,49163.76859891415,3,11.149528034031391,49153.08906002343,17897,724177922230.0,1695
0,59520431.10652929,59612276.30822754,91845.20169825107,98767.82913241535,1,,98767.82913241535,17924,725162655000.0,1696
1,12657820.282490715,12678551.62524414,20731.34275342524,22203.532593371347,3,-11.197593312710524,22205.299751941115,17952,726116783380.0,1697
1,25614066.430469707,25633292.641601562,19226.211131855845,22205.299751941115,3,-8.546855458058417,22205.299751941115,17953,726129738190.0,1697
0,46304743.87021354,46321582.47692871,16838.60671517253,22224.160621427,3,19.74444877076894,22205.299751941115,17954,726150426590.0,1697
2,13137181.562377091,13221222.674072266,84041.11169517413,85569.05448390357,4,-6.197697961702943,85573.74335869774,17978,727118286520.0,1698
2,23602509.849494874,23685336.95300293,82827.10350805521,85572.23453553021,4,-3.017646335065365,85573.74335869774,17979,727128750690.0,1698
3,47419440.09159888,47499500.14318848,80060.05158959329,85575.25218186527,4,3.017646335065365,85573.74335869774,17980,727152564980.0,1698
2,69723591.42743593,69801061.38793945,77469.96050351858,85579.28427438438,4,7.049738854169846,85573.74335869774,17981,727174866660.0,1698
0,57315045.597412884,57372558.8795166,57513.28210371733,64179.408334098756,2,6.049548581242561,64176.383559808135,18018,729164465520.0,1700
0,65996425.12715374,66052922.65673828,56497.52958454192,64173.358785517514,2,-6.049548581242561,64176.383559808135,18019,729173145930.0,1700
1,46133136.5833188,46262249.77294922,129113.18963041902,134478.7844522074,4,-5.068509064614773,134481.3187067397,18046,730154354530.0,1701
0,59943109.97088073,60070636.243652344,127526.27277161181,134498.06060747057,4,19.2761552631855,134481.3187067397,18047,730168162990.0,1701
3,62303396.128826,62430633.67675781,127237.5479318127,134483.852961272,4,5.068509064614773,134481.3187067397,18048,730170523000.0,1701
1,68580771.26844415,68707270.25378418,126498.985340029,134475.39142131805,4,-8.461539953947067,134481.3187067397,18049,730176799670.0,1701
1,10312335.983157273,10360827.943725586,48491.960568312556,49691.354770608246,3,-7.007144436240196,49697.72383539379,18066,731119590280.0,1702
3,56390812.237255394,56433952.60559082,43140.368335425854,49698.99999469519,3,4.460691694170237,49697.72383539379,18067,731165663650.0,1702
2,68107253.83199796,68149030.22302246,41776.39102450013,49697.72383539379,3,2.5464527420699596,49697.72383539379,18068,731177378790.0,1702
2,42225507.349588975,42257303.662231445,31796.312642470002,36707.42383849621,1,,36707.42383849621,18084,732152517280.0,1703
3,36454583.27576061,36438630.431152344,-15952.844608269632,-11712.930790536106,1,,-11712.930790536106,18107,733147687970.0,1704
2,32437207.080525372,32518567.362548828,81360.28202345595,85132.94790387154,1,,85132.94790387154,18128,734144706080.0,1705
3,16903224.56813532,16902060.2623291,-1164.3058062195778,801.6531753577292,3,12.984620451927185,795.0820793136954,18147,735130086820.0,1706
3,42283717.92696281,42279595.12756348,-4122.799399331212,795.0820793136954,3,3.1279763858765364,795.0820793136954,18148,735155464490.0,1706
2,72660242.01321478,72652573.39221191,-7668.621002867818,782.2550304979086,3,-16.11259683780372,795.0820793136954,18149,735185837630.0,1706
0,13440442.507174175,13419934.493774414,-20508.01339976117,-18944.799318516627,5,35.01246819458902,-18969.17086724937,18177,736127611990.0,1707
0,32286168.929557078,32263454.15246582,-22714.777091257274,-18959.677966121584,5,20.133820589631796,-18969.17086724937,18178,736146455610.0,1707
0,46999821.37874165,46975385.81176758,-24435.56697407365,-18969.17086724937,5,5.8944688979536295,-18969.17086724937,18179,736161167620.0,1707
3,57963739.46244182,57938007.436035156,-25732.026406660676,-18990.452706173062,5,-26.028289487585425,-18969.17086724937,18180,736172130300.0,1707
2,77663646.72883546,77635612.546875,-28034.181960463524,-19001.376224905252,5,-36.95180821977556,-18969.17086724937,18181,736191828010.0,1707
2,10168382.851793487,10210153.591064453,41770.7392709665,42953.390753529966,4,10.437896970659494,42945.63033652119,18214,738126299060.0,1709
1,25212162.884347193,25252173.49267578,40010.60832858831,42942.95285655931,4,-5.354959923774004,42945.63033652119,18215,738141341160.0,1709
1,28975759.96331887,29015323.453979492,39563.490660622716,42933.56690366566,4,-14.740912817418575,42945.63033652119,18216,738145104330.0,1709
3,35899253.6082371,35938026.59082031,38772.98258320987,42948.30781648308,4,5.354959923774004,42945.63033652119,18217,738152027070.0,1709
0,21405428.830839917,21370466.139404297,-34962.69143562019,-32473.09574369341,2,43.39321271702647,-32494.792350051925,18242,739138412730.0,1710
1,31652349.452023894,31616151.5814209,-36197.87060299516,-32516.488956410438,2,-43.39321271702647,-32494.792350051925,18243,739148658470.0,1710
0,64175519.43323532,64114804.76257324,-60714.67066207528,-53250.625070147216,1,,-53250.625070147216,18286,741183010900.0,1712
0,32665118.349962033,32632600.716674805,-32517.633287228644,-28718.459789559245,3,18.362638279795647,-28735.0687366426,18302,742152418850.0,1713
1,36295881.417094514,36262921.385253906,-32960.031840607524,-28738.576119035482,3,-11.811855934560299,-28735.0687366426,18303,742156049190.0,1713
1,42669595.27969388,42635897.44934082,-33697.830353058875,-28735.0687366426,3,-6.550782345235348,-28735.0687366426,18304,742162422200.0,1713
3,6541500.675282419,6587259.517822266,45758.8425398469,46519.66317224875,4,20.49835092201829,46499.70110697672,18326,743127301580.0,1714
2,51084394.650408745,51124952.35571289,40557.70530414581,46499.16482132673,4,-1.07257129997015,46499.70110697672,18327,743171839510.0,1714
3,54419043.66511779,54459214.60083008,40170.93571228534,46500.2373926267,4,1.07257129997015,46499.70110697672,18328,743175173790.0,1714
3,69892797.37930158,69931162.21313477,38364.83383318782,46493.83739706874,4,-6.399995557963848,46499.70110697672,18329,743190645820.0,1714
2,42244925.282767914,42212985.35095215,-31939.931815765798,-27026.562183186412,4,58.7250734269619,-27074.23511313647,18364,744163962970.0,1715
3,69187162.01738441,69152051.90100098,-35110.11638343334,-27063.182969659567,4,22.104286953806877,-27074.23511313647,18365,744190902180.0,1715
1,77832355.48842447,77796215.87109375,-36139.61733071506,-27087.1896289438,4,-24.006659284234047,-27074.23511313647,18366,744199546390.0,1715
1,79224558.09600419,79188258.4584961,-36299.63750809431,-27085.287256613374,4,-22.104286953806877,-27074.23511313647,18367,744200938440.0,1715
0,18517542.13920586,18464746.12451172,-52796.01469414309,-50642.29969505593,6,22.172831866890192,-50660.566779796034,18410,746142053360.0,1717
2,30885208.38311419,30830960.274658203,-54248.108455985785,-50655.950487907976,6,8.522039014846087,-50660.566779796034,18411,746154419640.0,1717
2,34956380.92208214,34901658.5982666,-54722.32381553948,-50656.661032669246,6,7.811494253575802,-50660.566779796034,18412,746158490360.0,1717
2,70767263.11081797,70708367.9284668,-58895.18235117197,-50664.47252692282,6,-7.811494253575802,-50660.566779796034,18413,746194297260.0,1717
3,73247719.46243434,73188534.72167969,-59184.74075464904,-50665.537133067846,6,-8.876100398600101,-50660.566779796034,18414,746196777440.0,1717
1,75404340.95922938,75344903.23901367,-59437.72021570802,-50667.68697375059,6,-11.025941081345081,-50660.566779796034,18415,746198933820.0,1717
0,7954328.5813184455,8005035.946044922,50707.36472647637,51632.506769867614,2,40.7638487983495,51612.12484546844,18456,748133468190.0,1719
3,49130619.18844366,49176496.709106445,45877.52066278458,51591.742921069264,2,-40.7638487983495,51612.12484546844,18457,748174639870.0,1719
2,23940981.661276147,23941909.13708496,927.475808814168,3711.973390031606,1,,3711.973390031606,18493,750151292800.0,1721
2,38097753.080138475,38122255.67883301,24502.59869453311,28933.62423903495,1,,28933.62423903495,18508,751166412440.0,1722
1,44968009.30209843,44998172.86010742,30163.558008991182,35393.64067249745,2,-16.405093915760517,35401.84321945533,18523,752174275740.0,1723
0,69677425.20690158,69704731.29833984,27306.091438263655,35410.04576641321,2,16.405093915760517,35401.84321945533,18524,752198982430.0,1723
0,22968244.640154533,23034009.90185547,65765.26170093566,68436.62340824679,3,14.063271727412939,68425.68910118192,18547,753153244790.0,1724
0,44218844.01681423,44282126.756225586,63282.739411354065,68425.68910118192,3,-2.3381888698786497,68425.68910118192,18548,753174493020.0,1724
3,53644146.31723221,53706326.572509766,62180.25527755916,68419.43117185682,3,-11.72508285753429,68425.68910118192,18549,753183917270.0,1724
2,35854198.2398172,35840611.23120117,-13587.008616030216,-9416.92362587154,2,8.805269956588745,-9421.326260849833,18580,754167089750.0,1725
1,68323610.57799406,68306238.35253906,-17372.225455000997,-9425.728895828128,2,-8.805269956588745,-9421.326260849833,18581,754199555550.0,1725
0,3471189.810341118,3503481.4173583984,32291.607017280534,32695.329795552418,6,19.687696496024728,32679.000384265557,18605,755135702930.0,1726
2,18504087.885032684,18534611.376953125,30523.49192044139,32675.642099056393,6,-6.716570418328047,32679.000384265557,18606,755150734140.0,1726
1,27211322.41433529,27240825.016601562,29502.602266270667,32667.46252624318,6,-14.896143231540918,32679.000384265557,18607,755159440400.0,1726
0,43006687.27944118,43034370.916381836,27683.636940658092,32685.60462937504,6,9.962530318647623,32679.000384265557,18608,755175234030.0,1726
2,50417438.71023938,50444241.458984375,26802.748744994402,32666.63678960502,6,-15.721879869699478,32679.000384265557,18609,755182643940.0,1726
0,70282267.63443926,70306775.69152832,24508.057089060545,32682.35866947472,6,6.716570418328047,32679.000384265557,18610,755202506580.0,1726
1,14873523.952253236,14934912.181274414,61388.22902117856,63118.120136555284,5,-0.4469914399087429,63118.120136555284,18633,756148151720.0,1727
0,44669698.50973207,44727633.5357666,57935.02603453398,63130.41314162314,5,12.416221039369702,63118.120136555284,18634,756177944600.0,1727
2,45885726.006878346,45943507.0612793,57781.05440095067,63117.873704612255,5,-0.8166393544524908,63118.120136555284,18635,756179160480.0,1727
0,50462132.52050892,50519382.69482422,57250.17431529611,63119.26055137813,5,1.2636307943612337,63118.120136555284,18636,756183736380.0,1727
1,75915857.49248497,75970127.17028809,54269.67780311406,63099.20386661589,5,-19.48647735081613,63118.120136555284,18637,756209187260.0,1727
0,42324402.03899349,42385163.39453125,60761.35553775728,65683.96885292977,2,3.5267622098326683,65682.20547182485,18656,757176666520.0,1728
0,69663739.7507268,69721317.8302002,57578.079473391175,65680.44209071994,2,-3.5267622098326683,65682.20547182485,18657,757204002820.0,1728
0,52705782.749256454,52651956.5045166,-53826.244739852846,-47696.206855110824,2,12.412276364862919,-47702.412993293256,18683,758187923530.0,1729
0,68581967.1384216,68526281.9741211,-55685.16430050135,-47708.61913147569,2,-12.412276364862919,-47702.412993293256,18684,758203797940.0,1729
2,46657302.685021736,46703932.31384277,46629.62882103771,52056.187694467604,1,,52056.187694467604,18709,759182898820.0,1730
1,41561507.89628002,41573381.46081543,11873.564535409212,16707.44811822474,1,,16707.44811822474,18734,760178749700.0,1731
1,61281580.00435245,61226700.6027832,-54879.401569247246,-47751.940644308925,2,-8.150811396539211,-47747.865238610655,18758,761199390470.0,1732
2,62894400.848198816,62839342.01550293,-55058.83269588649,-47743.789832912385,2,8.150811396539211,-47747.865238610655,18759,761201003120.0,1732
3,63909896.15742886,63993082.072143555,83185.91471469402,90619.06652876735,1,,90619.06652876735,18780,762203068180.0,1733
3,17811566.46704127,17838729.356323242,27162.889281973243,29234.49455058202,1,,29234.49455058202,18808,763157953920.0,1734
3,53295616.44356182,53327872.333740234,32255.8901784122,38454.52969855815,1,,38454.52969855815,18827,764194400390.0,1735
3,4759967.483416031,4739098.74597168,-20868.737444351427,-20315.121133551,5,8.81609370186925,-20323.577251389623,18850,765146820720.0,1736
3,18551981.77022519,18529515.31237793,-22466.45784725994,-20308.737286888063,5,15.199940364807844,-20323.577251389623,18851,765160611210.0,1736
3,37208337.857130714,37183685.97937012,-24651.877760596573,-20324.29720311612,5,-4.948010645806789,-20323.577251389623,18852,765179265480.0,1736
3,38869241.46820532,38844397.1361084,-24844.332096919417,-20323.577251389623,5,-3.86808305606246,-20323.577251389623,18853,765180926200.0,1736
2,77764129.0222966,77734710.04614258,-29418.97615401447,-20374.483650252223,5,-55.134457781910896,-20323.577251389623,18854,765219816720.0,1736
3,66534568.38591181,66547007.21130371,12438.82539190352,20177.244282118976,1,,20177.244282118976,18890,767210603650.0,1738
1,4216993.415872967,4218521.312011719,1527.8961387518793,2018.3609046768397,2,9.62946124188602,2013.5461740558967,18935,769150134580.0,1740
1,61257243.50848002,61252127.60949707,-5115.898982949555,2008.7314434349537,2,-9.62946124188602,2013.5461740558967,18936,769207168490.0,1740
3,14758958.766517863,14799598.743041992,40639.97652412951,42356.542935987934,3,3.96329509280622,42355.26847805083,18954,770161706900.0,1741
3,72631972.92623729,72665880.60656738,33907.680330097675,42355.26847805083,3,2.051608187146485,42355.26847805083,18955,770219573490.0,1741
1,78246421.4088131,78279670.71325684,33249.304443731904,42349.89080373943,3,-6.014903279952705,42355.26847805083,18956,770225187310.0,1741
2,8205891.151711683,8212683.410522461,6792.2588107781485,7746.659277182072,1,,7746.659277182072,18976,771156145440.0,1742
3,573231.5420161061,551578.1716308594,-21653.3703852467,-21586.69969208946,5,3.9116588899632916,-21586.69969208946,18995,772149439640.0,1743
0,2424627.0072405795,2402758.314086914,-21868.6931536654,-21586.69268549187,5,3.9221687863464467,-21586.69969208946,18996,772151290830.0,1743
0,25356289.518088114,25331766.217651367,-24523.30043674633,-21574.193009544164,5,16.421844734053593,-21586.69969208946,18997,772174219960.0,1743
3,70056101.48076051,70026358.22009277,-29743.2606677413,-21595.263735845685,5,-8.567547055019531,-21586.69969208946,18998,772218914790.0,1743
2,76730291.46456814,76699772.68432617,-30518.780241966248,-21594.530016466975,5,-7.833827676309738,-21586.69969208946,18999,772225588240.0,1743
0,33475097.8421488,33464912.69885254,-10185.143296260387,-6291.763722635806,4,34.53859517723322,-6320.283374994993,19023,773183341520.0,1744
3,52114008.93389466,52101633.458862305,-12375.475032351911,-6314.264432176948,4,12.037885636091232,-6320.283374994993,19024,773201978340.0,1744
1,59436494.05296102,59423254.47143555,-13239.581525474787,-6326.7165365591645,4,-12.45210438221693,-6320.283374994993,19025,773209300000.0,1744
3,70395469.89203227,70380956.12194824,-14513.770084023476,-6326.302317813039,4,-12.037885636091232,-6320.283374994993,19026,773220257760.0,1744
2,13272520.633033339,13264638.358886719,-7882.274146620184,-6338.5905114952475,2,10.796695875003934,-6343.988859432749,19052,774164072420.0,1745
1,17008546.06282989,17000218.467041016,-8327.595788873732,-6349.387207370251,2,-10.796695875003934,-6343.988859432749,19053,774167808020.0,1745
3,9734.835233477283,-31356.969848632812,-41091.80508211009,-41090.67285513859,5,8.091392178277601,-41096.299122817814,19073,775151749620.0,1746
0,30607346.257405996,30562690.11755371,-44656.139852285385,-41096.299122817814,5,-0.34800934055965627,-41096.299122817814,19074,775182343830.0,1746
1,39075502.30928468,39029845.03027344,-45657.27901124209,-41112.53463924676,5,-19.048650268559868,-41096.299122817814,19075,775190811030.0,1746
0,54544883.24729556,54497452.665649414,-47430.58164614439,-41086.64397396892,5,12.120273347944021,-41096.299122817814,19076,775206278720.0,1746
3,73904636.42426744,73854939.58740234,-49696.836865097284,-41101.22937181592,5,-7.743382837717945,-41096.299122817814,19077,775225636310.0,1746
0,19297281.491810538,19248046.44543457,-49235.04637596756,-46990.64243304357,5,10.142330408096313,-47000.26672016084,19106,776171963480.0,1747
2,21238907.63850523,21189436.107543945,-49471.53096128628,-47001.30280674249,5,-2.741938255727291,-47000.26672016084,19107,776173904880.0,1747
2,57921211.72975769,57867460.79797363,-53750.93178405613,-47014.30434560776,5,-15.743477120995522,-47000.26672016084,19108,776210583100.0,1747
0,67384007.8958253,67329170.41467285,-54837.48115244508,-47000.26672016084,5,-1.187808383256197,-47000.26672016084,19109,776220044860.0,1747
0,76260329.5994395,76204463.15393066,-55866.4455088377,-46996.85501681268,5,3.929746638983488,-47000.26672016084,19110,776228920200.0,1747
2,51949415.84014341,51985992.63598633,36576.79584291577,42618.863156579435,1,,42618.863156579435,19140,777205553010.0,1748
3,22501558.185266837,22463985.774414062,-37572.41085277498,-34955.32792664692,4,12.649701308459044,-34967.505158323795,19174,778176992080.0,1749
2,60275763.10651141,60233784.65124512,-41978.45526628941,-34967.97762795538,4,-0.9449392631649971,-34967.505158323795,19175,778214762080.0,1749
1,65406681.22512348,65364097.33239746,-42583.892726019025,-34976.65471699834,4,-9.622028306126595,-34967.505158323795,19176,778219892420.0,1749
2,71512669.26017317,71469384.82189941,-43284.438273757696,-34967.03268869221,4,0.9449392631649971,-34967.505158323795,19177,778225997740.0,1749
0,10595803.338533927,10594681.200317383,-1122.1382165439427,110.22515036538243,2,20.153915360569954,100.14819268509746,19197,779166029930.0,1750
1,20479930.456608675,20477638.57385254,-2291.882756136358,90.07123500481248,2,-20.153915360569954,100.14819268509746,19198,779175912940.0,1750
1,17575093.042143583,17571600.098876953,-3492.9432666301727,-1448.841451678425,2,-2.8604396618902683,-1447.41123184748,19223,780173946360.0,1751
2,60936362.51884322,60927829.228027344,-8533.290815874934,-1445.9810120165348,2,2.8604396618902683,-1447.41123184748,19224,780217302820.0,1751
3,3977064.4412722806,4018932.1314697266,41867.69019744592,42330.24960598443,2,19.072980594821274,42320.71311568702,19253,781161367910.0,1752
1,23832187.08318437,23871726.415771484,39539.33258711547,42311.176625389606,2,-19.072980594821274,42320.71311568702,19254,781181220810.0,1752
1,50013355.557134636,49981021.05725098,-32334.499883659184,-26517.60943415016,1,,-26517.60943415016,19276,782208340630.0,1753
1,41105364.01278958,41137700.27441406,32336.261624485254,37117.092598252,2,-6.047874793410301,37120.1165356487,19300,783200422400.0,1754
1,41371987.55535267,41404298.85473633,32311.29938365519,37123.14047304541,2,6.047874793410301,37120.1165356487,19301,783200689000.0,1754
2,74849377.89691785,74863786.44116211,14408.544244259596,23114.03154040873,2,-13.384634345769882,23120.723857581615,19326,784235143180.0,1755
0,76153509.2478267,76167779.49743652,14270.249609827995,23127.4161747545,2,13.384634345769882,23120.723857581615,19327,784236447180.0,1755
2,72569942.817525,72684414.10339355,114471.28586855531,122911.6594966501,1,,122911.6594966501,19353,785233901990.0,1756
1,43866978.9064323,43839194.84326172,-27784.063170582056,-22682.037765420973,3,-0.6914225146174431,-22682.037765420973,19376,786206167100.0,1757
1,47061124.066306055,47032967.83642578,-28156.229880273342,-22682.703857570887,3,-1.6905607394874096,-22682.037765420973,19377,786209360890.0,1757
2,69205819.02235326,69175089.93017578,-30729.09217748046,-22679.988828241825,3,2.3819832541048527,-22682.037765420973,19378,786231503130.0,1757
2,32447442.66222678,32492569.400024414,45126.73779763281,48900.59414521232,2,-2.133884686976671,48901.66108755581,19399,787195743760.0,1758
3,35202656.30846545,35247464.73022461,44808.42175915837,48902.7280298993,2,2.133884686976671,48901.66108755581,19400,787198498670.0,1758
2,43283421.177262455,43335107.161987305,51685.98472484946,56720.13843166828,2,-3.852122813463211,56722.06449307501,19427,788207629510.0,1759
3,64309620.86299743,64358865.21105957,49244.34806214273,56723.990554481745,2,3.852122813463211,56722.06449307501,19428,788228653380.0,1759
0,4891549.873701476,4935549.079711914,43999.2060104385,44568.12624037918,4,121.01328036841005,44478.99755815044,19479,790171232600.0,1761
0,40460054.59566508,40499859.700683594,39805.105018511415,44510.882156290114,4,63.76919627934694,44478.99755815044,19480,790206797100.0,1761
1,72332407.41846013,72368430.00134277,36022.582882642746,44435.32954232395,4,-75.55261396616697,44478.99755815044,19481,790238665840.0,1761
0,76530731.57493201,76566277.64782715,35546.072895139456,44447.11296001077,4,-63.76919627934694,44478.99755815044,19482,790242863710.0,1761
3,4597108.354077483,4647182.278442383,50073.92436490022,50608.59906093497,3,49.04870189819485,50567.277840040624,19505,791171956410.0,1762
3,57528834.16485815,57572710.451416016,43876.28655786812,50567.277840040624,3,-12.933129443321377,50567.277840040624,19506,791224882220.0,1762
2,76283191.02310932,76324870.59655762,41679.57344830036,50551.82287803292,3,-36.11557245487347,50567.277840040624,19507,791243634480.0,1762
1,47532699.04928589,47496711.4309082,-35987.61837768555,-30459.24500502646,2,-10.968255214393139,-30453.760877419263,19552,793216830780.0,1764
0,64854440.48917329,64816449.20373535,-37991.28543794155,-30448.276749812067,2,10.968255214393139,-30453.760877419263,19553,793234150610.0,1764
2,22657664.351195652,22684143.61303711,26479.261841457337,29114.500967178494,2,-3.5018000453710556,29116.25186720118,19572,794192956530.0,1765
3,26561554.112328887,26587582.827270508,26028.714941620827,29118.002767223865,2,3.5018000453710556,29116.25186720118,19573,794196859990.0,1765
2,589898.3613783377,556293.0668945312,-33605.29448380647,-33536.68532718695,1,,-33536.68532718695,19631,796172797110.0,1767
3,2413289.193494013,2436731.0454101562,23441.851916143205,23722.53372013662,2,10.955104540102184,23717.05616786657,19650,797175628040.0,1768
0,10046537.304728653,10069080.403320312,22543.098591659218,23711.578615596518,2,-10.955104540102184,23717.05616786657,19651,797183260430.0,1768
3,4044084.3143444043,4006116.3885498047,-37967.92579459958,-37497.5715229637,2,52.29771515959874,-37523.7203805435,19676,798178202700.0,1769
1,65187542.45916459,65142410.8392334,-45131.619931191206,-37549.8692381233,2,-52.29771515959874,-37523.7203805435,19677,798239339320.0,1769
0,49589945.13064739,49604463.83190918,14518.701261788607,20286.34622399509,2,7.167921237647533,20282.762263376266,19702,799224702620.0,1770
2,55146779.009265944,55160644.24536133,13865.236095383763,20279.178302757442,2,-7.167921237647533,20282.762263376266,19703,799230258830.0,1770
2,56813149.09862388,56818253.39807129,5104.299447409809,11712.05173111707,1,,11712.05173111707,19755,801233818180.0,1772
2,8719239.95786018,8743633.33972168,24393.381861500442,25407.488255141303,2,24.385231835767627,25395.29563922342,19782,802186702490.0,1773
3,77061229.100249,77077649.46276855,16420.362519547343,25383.103023305535,2,-24.385231835767627,25395.29563922342,19783,802255036870.0,1773
2,46007235.91194193,46020392.615478516,13156.703536584973,18507.655261449516,2,19.13981982320547,18498.085351537913,19805,803224970890.0,1774
1,79087746.40584219,79097036.4831543,9290.077312111855,18488.51544162631,2,-19.13981982320547,18498.085351537913,19806,803258047710.0,1774
0,13438752.973165128,13446521.957397461,7768.984232332557,9332.001809380949,2,5.696885418146849,9329.153366671875,19826,804193367040.0,1775
0,20320082.376383312,20327045.318725586,6962.942342273891,9326.304923962802,2,-5.696885418146849,9329.153366671875,19827,804200247600.0,1775
0,33368926.54986553,33309061.85168457,-59864.69818095863,-55983.66704445332,2,16.969319857656956,-55992.15170438215,19843,805214242120.0,1776
1,38908808.34857354,38848282.35546875,-60525.99310479313,-56000.63636431098,2,-16.969319857656956,-55992.15170438215,19844,805219781370.0,1776
2,24531545.61207048,24466321.05895996,-65224.55311051756,-62371.368960142136,1,,-62371.368960142136,19882,806206325750.0,1777
2,30355682.56371831,30318476.048950195,-37206.514768116176,-33675.94422298297,2,-16.402179587632418,-33667.74313318916,19904,807213098210.0,1778
0,42856893.57575154,42818249.48803711,-38644.08771443367,-33659.54204339534,2,16.402179587632418,-33667.74313318916,19905,807225598050.0,1778
2,14228600.672807634,14151901.95288086,-76698.7199267745,-75043.8377369754,3,24.382038801908493,-75063.22295328975,19937,808197914800.0,1779
1,47032220.68211734,46951687.294799805,-80533.38731753826,-75063.22295328975,3,-4.695785669609904,-75063.22295328975,19938,808230714760.0,1779
1,61882608.80742152,61800338.22619629,-82270.58122523129,-75073.21659826487,3,-19.68625313229859,-75063.22295328975,19939,808245563490.0,1779
1,71083608.05228697,71106507.1739502,22899.121663227677,31166.62453700602,1,,31166.62453700602,19960,809255724190.0,1780
0,8114192.452930042,8081863.835205078,-32328.617724963464,-31384.882435475476,3,9.003004594705999,-31391.03098037094,19978,810193825310.0,1781
2,19537456.382676344,19503793.013793945,-33663.36888239905,-31391.03098037094,3,-0.21981274848803878,-31391.03098037094,19979,810205247300.0,1781
3,62257083.2177516,62218445.55932617,-38637.65842542797,-31396.739899769425,3,-8.78319184621796,-31391.03098037094,19980,810247962180.0,1781
2,3535153.9933317634,3473384.2825927734,-61769.71073898999,-61358.54849497927,2,-13.983054022770375,-61351.55696796789,20012,811190183160.0,1782
0,20799226.018085398,20735462.362426758,-63763.65565863997,-61344.5654409565,2,13.983054022770375,-61351.55696796789,20013,811207445330.0,1782
3,30806811.83537615,30753353.32397461,-53458.51140154153,-49875.47148052603,4,11.739390768110752,-49883.83806914464,20038,812218354620.0,1783
1,34234744.01492623,34180875.072509766,-53868.94241646677,-49887.21087129414,4,-6.745604299008846,-49883.83806914464,20039,812221782160.0,1783
2,44100259.49796014,44045242.545043945,-55016.95291619748,-49887.79540542513,4,-7.3301384299993515,-49883.83806914464,20040,812231646580.0,1783
2,44640342.10746017,44585269.669433594,-55072.438026577234,-49880.46526699513,4,6.745604299008846,-49883.83806914464,20041,812232186610.0,1783
2,17063435.350825097,17009784.23413086,-53651.11669423804,-51666.524118468165,4,10.586675025522709,-51671.81745598093,20069,813205611380.0,1784
0,24498955.792370558,24444444.64477539,-54511.14759516716,-51661.753860551864,4,15.356932941824198,-51671.81745598093,20070,813213046080.0,1784
2,54932208.9921063,54874142.607421875,-58066.38468442857,-51677.39841671288,4,-10.874298244714737,-51671.81745598093,20071,813243475940.0,1784
3,55242633.15607425,55184530.954589844,-58102.201484404504,-51677.11079349369,4,-10.586675025522709,-51671.81745598093,20072,813243786330.0,1784
0,2761994.2927150493,2776857.1911621094,14862.898447060026,15184.137005119585,4,78.43477171566337,15143.63537761895,20094,814192483740.0,1785
0,7789774.856322681,7804050.421508789,14275.565186108463,15181.568521833979,4,75.86628843005747,15143.63537761895,20095,814197510960.0,1785
1,48895192.70034875,48904611.56201172,9418.861662968993,15105.702233403921,4,-75.86628843005747,15143.63537761895,20096,814238611740.0,1785
2,55416340.270645484,55424996.84106445,8656.570418968797,15101.86441846937,4,-79.70410336460918,15143.63537761895,20097,814245132160.0,1785
3,29405677.579394244,29490516.822875977,84839.2434817329,88259.32204210013,2,54.075613774359226,88232.28423521295,20122,815220168760.0,1786
3,77428631.35739304,77507831.13195801,79199.77456496656,88205.24642832577,2,-54.075613774359226,88232.28423521295,20123,815268186330.0,1786
0,37162829.628716975,37091875.67236328,-70953.9563536942,-66631.66871000081,2,27.65085193514824,-66645.49413596839,20154,816228845570.0,1787
1,62398918.04107444,62325001.306640625,-73916.73443381488,-66659.31956193596,2,-27.65085193514824,-66645.49413596839,20155,816254078830.0,1787
3,7128551.837896285,7181521.219604492,52969.38170820754,53798.48034881614,4,9.174154989421368,53793.89327132143,20174,817199832290.0,1788
0,7787765.281634442,7840677.709594727,52912.427960284986,53818.1975689251,4,28.891375098377466,53793.89327132143,20175,817200491450.0,1788
2,14272323.844889425,14324453.18359375,52129.33870432526,53789.30619382672,4,-9.174154989421368,53793.89327132143,20176,817206975260.0,1788
2,54049948.73575464,54097441.39343262,47492.65767797828,53779.03112953901,4,-19.449219277128577,53793.89327132143,20177,817246748460.0,1788
2,26803786.09674041,26740622.900146484,-63163.19659392536,-60045.73555536568,4,22.218158587813377,-60058.95230804756,20200,818220371930.0,1789
0,64300701.80922222,64233173.25317383,-67528.55604839325,-60049.95090214163,4,18.002811811864376,-60058.95230804756,20201,818257864680.0,1789
2,75113931.17325842,75045125.67980957,-68805.4934488535,-60069.236823007464,4,-19.28592086583376,-60058.95230804756,20202,818268676690.0,1789
1,76785995.45991135,76716996.77722168,-68998.68268966675,-60067.953713953495,4,-18.002811811864376,-60058.95230804756,20203,818270348570.0,1789
2,3098902.7157456353,3046311.3892822266,-52591.32646340877,-52230.903184258845,2,32.224253384862095,-52247.015310951276,20239,819197566790.0,1790
2,45793243.259954385,45735654.06958008,-57589.190374307334,-52263.12743764371,2,-32.224253384862095,-52247.015310951276,20240,819240256360.0,1790
1,47086867.5898156,47000947.60583496,-85919.98398064077,-80443.46381258965,1,,-80443.46381258965,20263,820242419150.0,1791
2,1462264.567201723,1396380.5594482422,-65884.00775348092,-65713.93652548874,3,1.0535122086293995,-65713.93652548874,20286,821197742550.0,1792
3,13144226.813681617,13076988.360473633,-67238.45320798457,-65709.69100902788,3,7.42178689991124,-65713.93652548874,20287,821209423220.0,1792
3,46134728.77646841,46063642.70739746,-71086.06907095015,-65720.28906636685,3,-8.47529910854064,-65713.93652548874,20288,821242410050.0,1792
3,6485118.290146265,6504123.661987305,19005.37184103951,19759.634821911342,1,,19759.634821911342,20321,822203742690.0,1793
2,8221751.059084527,8160006.357788086,-61744.70129644126,-60788.45621587988,2,18.924535238184035,-60797.91848349897,20352,823206438920.0,1794
1,35024824.652805045,34959943.64880371,-64881.00400133431,-60807.380751118064,2,-18.924535238184035,-60797.91848349897,20353,823233239000.0,1794
3,27840941.04588102,27762686.08984375,-78254.95603727177,-75016.86688546091,2,6.6212044432759285,-75020.17748768255,20376,824226968890.0,1795
2,52501864.59517336,52420734.78625488,-81129.8089184761,-75023.48808990419,2,-6.6212044432759285,-75020.17748768255,20377,824251627070.0,1795
0,19081204.269946784,19097262.459228516,16058.189281731844,18277.461986925453,2,15.697909023612738,18269.613032413647,20400,825219209870.0,1796
3,34942440.28573783,34956638.00842285,14197.722685024142,18261.76407790184,2,-15.697909023612738,18269.613032413647,20401,825235069330.0,1796
1,5340029.003853252,5261069.713989258,-78959.28986399435,-78338.20848749764,4,2.486744014546275,-78339.45185950492,20428,826206401910.0,1797
0,6006219.855358634,5927196.166870117,-79023.68848851696,-78325.12462442275,4,15.570607089437544,-78339.45185950492,20429,826207068040.0,1797
2,58335950.48406115,58250807.544921875,-85142.93913927674,-78358.07478746772,4,-19.866299970075488,-78339.45185950492,20430,826259391930.0,1797
0,72210532.93869835,72123793.67163086,-86739.26706749201,-78340.69523151219,4,-2.486744014546275,-78339.45185950492,20431,826273264990.0,1797
0,70132173.75979558,70053354.87512207,-78818.88467350602,-70662.04002265632,2,10.359140068292618,-70667.21959269047,20459,827272109950.0,1798
3,71605727.65748575,71526727.02941895,-79000.62806680799,-70672.39916272461,2,-10.359140068292618,-70667.21959269047,20460,827273583330.0,1798
3,17327756.39040915,17347301.47619629,19545.085787139833,21560.420681908727,2,10.778329968452454,21555.0315169245,20515,829221312260.0,1800
1,42245272.574191526,42261908.806518555,16636.23232702911,21549.642351940274,2,-10.778329968452454,21555.0315169245,20516,829246227000.0,1800
0,2253208.2004175195,2169511.7740478516,-83696.42636966798,-83434.36306446139,1,,-83434.36306446139,20534,830207181640.0,1801
0,53260275.739010975,53223614.48461914,-36661.25439183414,-30466.725233905017,1,,-30466.725233905017,20558,831259077440.0,1802
2,61315896.962393954,61279157.59863281,-36739.363761141896,-29607.911542616785,1,,-29607.911542616785,20586,832268080180.0,1803
3,9166986.955567688,9174661.131347656,7674.1757799685,8740.358168225735,4,13.342526238411665,8731.008800731972,20601,833216909760.0,1804
3,18750265.886947915,18756820.106567383,6554.2196194678545,8735.00195947662,4,7.986317489296198,8731.008800731972,20602,833226491970.0,1804
3,48923792.60331635,48926829.45202637,3036.848710015416,8727.015641987324,4,-7.986317489296198,8731.008800731972,20603,833256662140.0,1804
2,57186178.580347,57188245.46020508,2066.8798580765724,8718.017985537648,4,-16.983973938971758,8731.008800731972,20604,833264923600.0,1804
2,4077711.375698258,3990674.7658691406,-87036.60982911754,-86562.34450352704,2,-4.2383649363182485,-86560.22532105888,20627,834212669060.0,1805
0,26837433.065629493,26747753.585083008,-89679.48054648563,-86558.10613859072,2,4.2383649363182485,-86560.22532105888,20628,834235426260.0,1805
3,25935194.670972332,25861682.60998535,-73512.0609869808,-70495.62298742682,2,3.623444050550461,-70497.43470945209,20644,835235431530.0,1806
0,56712894.076905616,56635798.73852539,-77095.338380225,-70499.24643147737,2,-3.623444050550461,-70497.43470945209,20645,835266205810.0,1806
0,15328289.787491906,15345107.11340332,16817.32591141388,18600.109359534457,3,32.35984001867473,18574.73013665527,20662,836225769380.0,1807
3,37129554.72329986,37143811.03588867,14256.31258881092,18574.73013665527,3,-5.708994300104678,18574.73013665527,20663,836247568200.0,1807
1,71125561.64263164,71135850.0291748,10288.386543169618,18560.768902376294,3,-26.650845718570054,18574.73013665527,20664,836281560420.0,1807
1,286831.8754130548,352662.4938964844,65830.6184834296,65863.97896440752,3,-0.3224338176078163,65863.97896440752,20694,837211811050.0,1808
0,47452652.17589256,47513001.36621094,60349.190318375826,65868.25369996578,3,6.089669519773452,65863.97896440752,20695,837258971640.0,1808
0,54649848.84255849,54709353.04577637,59504.20321787894,65860.34909648448,3,-5.767235702165635,65863.97896440752,20696,837266168030.0,1808
0,23082697.385452762,23112022.548217773,29325.16276501119,32009.836098257452,1,,32009.836098257452,20725,838235660790.0,1809
1,51900537.85494536,51840759.283447266,-59778.57149809599,-53742.18902365863,1,,-53742.18902365863,20751,839265392130.0,1810
1,67520733.40407588,67458008.09875488,-62725.305320993066,-54872.18879027665,1,,-54872.18879027665,20778,840281962760.0,1811
3,19898886.81654814,19844755.604003906,-54131.21254423261,-51816.83784592152,3,6.76700029335916,-51816.83784592152,20798,841235304600.0,1812
0,26846309.34169007,26791378.61340332,-54930.728286750615,-51808.321508105844,3,19.5415070168674,-51816.83784592152,20799,841242251260.0,1812
1,54923125.940712586,54864899.122680664,-58226.81803192198,-51838.88818432391,3,-26.30850731022656,-51816.83784592152,20800,841270324930.0,1812
2,1043126.824088588,1013551.5565185547,-29575.26757003332,-29453.944887460326,2,33.958542949403636,-29470.924158935028,20841,843218431860.0,1814
1,45546259.84673209,45511474.60620117,-34785.24053091556,-29487.90343040973,2,-33.958542949403636,-29470.924158935028,20842,843262930020.0,1814
3,17002889.95993683,17002368.291015625,-521.6689212061465,1455.8818173967302,2,29.108142849057913,1441.3277459722012,20868,844235393260.0,1815
1,63690760.59957072,63684779.70837402,-5980.89119669795,1426.7736745476723,2,-29.108142849057913,1441.3277459722012,20869,844282075920.0,1815
2,4779261.649654966,4704471.129394531,-74790.5202604346,-74234.65990801621,2,6.787494662217796,-74238.05365534732,20921,846225114790.0,1817
2,16700841.522534639,16624657.654663086,-76183.8678715527,-74241.44740267843,2,-6.787494662217796,-74238.05365534732,20922,846237035040.0,1817
0,41242402.44356776,41228640.6730957,-13761.770472057164,-8965.001004852355,3,20.26738553494215,-8984.736876025796,20939,847262581700.0,1818
1,42735947.93682316,42721992.721069336,-13955.215753823519,-8984.736876025796,3,-9.336421225219965,-8984.736876025796,20940,847264075060.0,1818
3,56822342.34151736,56806747.72009277,-15594.62142458558,-8985.799904748797,3,-10.930964309722185,-8984.736876025796,20941,847278159890.0,1818
0,57966357.99652536,57997781.072387695,31423.07586233318,38164.954115986824,2,17.043393701314926,38156.43241913617,20963,848280357220.0,1819
3,67177907.35980563,67208242.02697754,30334.667171910405,38147.91072228551,2,-17.043393701314926,38156.43241913617,20964,848289567730.0,1819
3,7376267.028831024,7373626.3134765625,-2640.715354461223,-1782.805767009966,2,22.023843695409596,-1793.8176888576709,20986,849230743950.0,1820
2,53041087.04350199,53033113.177856445,-7973.865645542741,-1804.8296107053757,2,-22.023843695409596,-1793.8176888576709,20987,849276403680.0,1820
1,51537869.68650615,51524179.1842041,-13690.50230205059,-7696.300580769777,2,-3.934878632426262,-7694.333141453564,21013,850275849060.0,1821
0,74000578.71664768,73984279.5847168,-16299.1319308877,-7692.365702137351,2,3.934878632426262,-7694.333141453564,21014,850298309280.0,1821
0,4022009.635425061,4028651.88671875,6642.2512936890125,7110.038131335285,3,26.69410891039297,7084.614068444818,21040,851229341650.0,1822
1,20064828.06992469,20069576.46911621,4748.399191521108,7082.073976404965,3,-15.252123485086486,7084.614068444818,21041,851245382660.0,1822
3,26169843.078990187,26173883.963867188,4040.884877000004,7084.614068444818,3,-11.441985425306484,7084.614068444818,21042,851251487000.0,1822
3,6198541.297181556,6118838.652832031,-79702.64434952475,-78981.71220508404,2,-10.911083335056901,-78976.25666341651,21066,852232400250.0,1823
0,9716360.801999737,9636259.922607422,-80100.8793923147,-78970.80112174898,2,10.911083335056901,-78976.25666341651,21067,852235917690.0,1823
0,29902353.471898638,29811076.70349121,-91276.76840742677,-87798.9230920896,3,19.684691842645407,-87807.35438034683,21094,853257001880.0,1824
0,40401387.11107264,40308880.802978516,-92506.30809412152,-87807.35438034683,3,7.037759456783533,-87807.35438034683,21095,853267499740.0,1824
1,47192303.28999032,47098984.64575195,-93318.64423836768,-87829.86118751764,3,-26.72245129942894,-87807.35438034683,21096,853274289880.0,1824
3,12727588.053180996,12649524.288696289,-78063.76448470727,-76583.46018264256,1,,-76583.46018264256,21125,854240751550.0,1825
2,14335171.87373301,14352981.588500977,17809.71476796642,19476.991906953976,3,5.517138885334134,19473.907159678638,21149,855243334330.0,1826
2,24083436.84422251,24100109.685302734,16672.841080226004,19473.907159678638,3,0.8900179723277688,19473.907159678638,21150,855253081510.0,1826
3,41215613.07883631,41230288.4675293,14675.388692989945,19469.042376458645,3,-6.407156857661903,19473.907159678638,21151,855270211780.0,1826
1,9954490.59062091,9925052.865844727,-29437.724776184186,-28279.95040569268,2,-4.507286263629794,-28277.696762560867,21179,856239911900.0,1827
0,33447543.398320965,33415377.780395508,-32165.617925457656,-28275.443119429052,2,4.507286263629794,-28277.696762560867,21180,856263402350.0,1827
1,30979113.995498,30958458.93701172,-20655.058486282825,-17051.978662356734,3,-2.619183946400881,-17050.922057151794,21196,857261880540.0,1828
1,38966239.36905706,38944656.41064453,-21582.958412528038,-17050.922057151794,3,-1.0342761389911175,-17050.922057151794,21197,857269866780.0,1828
3,40206373.87699877,40184649.80773926,-21724.069259509444,-17047.796899668872,3,3.6534600853919983,-17050.922057151794,21198,857271106780.0,1828
0,66181351.46180983,66102995.509521484,-78355.9522883445,-70658.61490784585,1,,-70658.61490784585,21262,860299925350.0,1831
2,60795117.00854543,60710462.38671875,-84654.62182667851,-77583.73982796818,1,,-77583.73982796818,21291,861295451270.0,1832
0,50796245.4049668,50779493.533325195,-16751.871641606092,-10843.925824418664,2,8.676542267203331,-10848.264095552266,21307,862286419530.0,1833
0,57357832.30214728,57340308.59716797,-17523.70497930795,-10852.602366685867,2,-8.676542267203331,-10848.264095552266,21308,862292980380.0,1833
0,11371258.409658052,11253897.78112793,-117360.62853012234,-116038.07451019622,3,85.80704010464251,-116106.22963350266,21327,863247884910.0,1834
1,54842961.15840827,54720476.322631836,-122484.83577643335,-116106.22963350266,3,-16.42564485501498,-116106.22963350266,21328,863291351720.0,1834
1,79305951.42355353,79180586.07324219,-125365.3503113389,-116141.53346709907,3,-69.38139524962753,-116106.22963350266,21329,863315811960.0,1834
2,41261034.581774995,41268466.389160156,7431.807385161519,12230.743895664811,2,35.34491889178753,12213.071436218917,21357,864278766920.0,1835
0,60349788.44233553,60354964.75402832,5176.311692789197,12195.398976773024,2,-35.34491889178753,12213.071436218917,21358,864297853520.0,1835
0,15147491.750043176,15129289.034179688,-18202.715863488615,-16440.96044609323,2,131.2353431545198,-16506.57811767049,21380,865253678950.0,1836
1,77442056.58554246,77416477.35644531,-25579.229097142816,-16572.19578924775,2,-131.2353431545198,-16506.57811767049,21381,865315966470.0,1836
2,19076494.700478658,19067917.89880371,-8576.801674947143,-6358.076724436134,1,,-6358.076724436134,21401,866258597010.0,1837
1,12268968.36310433,12207466.06652832,-61502.29657601006,-60075.332835990936,3,24.817230362445116,-60091.09333516657,21421,867252753820.0,1838
1,45190547.83912642,45125200.78039551,-65347.05873091519,-60091.09333516657,3,1.1764815989881754,-60091.09333516657,21422,867285671730.0,1838
0,79858613.49740168,79789216.19543457,-69397.30196711421,-60109.20679754019,3,-25.99371196143329,-60091.09333516657,21423,867320335930.0,1838
1,9982179.072837137,9875710.18725586,-106468.88558127731,-105307.89085362293,3,8.481299956329167,-105307.89085362293,21454,868251426550.0,1839
3,12230247.502061345,12123518.217651367,-106729.2844099775,-105306.82416716032,3,10.081329650245607,-105307.89085362293,21455,868253674370.0,1839
3,67481868.55487886,67368694.03845215,-113174.51642671227,-105325.9201399982,3,-18.562629606574774,-105307.89085362293,21456,868308919840.0,1839
3,7914982.850647461,7849741.229003906,-65241.62164355442,-64321.05577391572,3,1.0237538469955325,-64321.05577391572,21471,869250301900.0,1840
2,10091453.40332942,10025969.640625,-65483.762704420835,-64310.05863538571,3,17.51946164201945,-64321.05577391572,21472,869252478140.0,1840
3,24172180.157867163,24105034.669921875,-67145.48794528842,-64334.10042013973,3,-18.543215489014983,-64321.05577391572,21473,869266557280.0,1840
3,35077383.74481047,35142460.182128906,65076.4373184368,69156.17354541272,3,-1.347146674990654,69156.17354541272,21501,870278489950.0,1841
3,47056039.88828917,47119716.40356445,63676.51527528465,69149.44997380674,3,-11.432504083961248,69156.17354541272,21502,870290467270.0,1841
0,48377900.449940115,48441439.365356445,63538.9154163301,69165.59141036868,3,12.779650758951902,69156.17354541272,21503,870291789000.0,1841
3,65682276.894316345,65664023.02429199,-18253.870024353266,-10614.578380897641,1,,-10614.578380897641,21528,871310079150.0,1842
0,43939839.07048921,43877422.689697266,-62416.380791947246,-57305.8812584728,3,28.036969989538193,-57331.46143822372,21549,872289306660.0,1843
1,54019028.17698108,53955409.02478027,-63619.15220080316,-57336.37501870096,3,-17.703670352697372,-57331.46143822372,21550,872299384700.0,1843
0,77507920.11654462,77441573.96142578,-66346.15511883795,-57331.46143822372,3,-10.33329963684082,-57331.46143822372,21551,872322870990.0,1843
3,39531756.09129334,39473870.10437012,-57885.986923225224,-53288.17716024816,1,,-53288.17716024816,21575,873285858430.0,1844
3,3233057.5322594196,3200301.258911133,-32756.273348286748,-32380.246959482785,3,16.801117040682584,-32391.175891708583,21597,874250533870.0,1845
0,31750723.419748288,31714639.420654297,-36083.99909399077,-32391.175891708583,3,0.407718701986596,-32391.175891708583,21598,874279048360.0,1845
1,33557555.69077581,33521249.80053711,-36305.8902387023,-32402.920261338353,3,-17.20883574266918,-32391.175891708583,21599,874280854980.0,1845
0,27505937.332126528,27460025.940063477,-45911.39206305146,-42712.266101799905,2,33.86677171289921,-42729.199487656355,21618,875275768270.0,1846
3,61329034.967134476,61279155.854003906,-49879.11313056946,-42746.132873512805,2,-33.86677171289921,-42729.199487656355,21619,875309587580.0,1846
0,21905737.955693707,21877773.323120117,-27964.632573589683,-25416.847557276487,1,,-25416.847557276487,21639,876271199190.0,1847
0,42433916.527483344,42338194.06652832,-95722.46095502377,-90787.11036647856,1,,-90787.11036647856,21669,877292666010.0,1848
1,6745539.158740871,6739907.762817383,-5631.395923487842,-4846.8442397983745,2,20.460893291048706,-4857.074686443899,21687,878257990880.0,1849
3,79108430.62602764,79094362.47705078,-14068.14897686243,-4867.305133089423,2,-20.460893291048706,-4857.074686443899,21688,878330345720.0,1849
1,13474445.496882282,13439707.946044922,-34737.55083736032,-33170.38197915815,2,2.8756221551448107,-33171.81979023572,21710,879265666030.0,1850
0,23993455.797365263,23957491.939086914,-35963.85827834904,-33173.25760131329,2,-2.8756221551448107,-33171.81979023572,21711,879276183870.0,1850
2,35269759.43672988,35221132.0435791,-48627.393150776625,-44525.28233379871,3,11.081559337675571,-44529.907470718026,21739,880288380900.0,1851
0,65781260.30102927,65729079.58947754,-52180.711551733315,-44529.907470718026,3,4.143853958696127,-44529.907470718026,21740,880318889010.0,1851
2,68002709.75578636,67950257.76184082,-52451.993945539,-44542.82031555474,3,-15.225413296371698,-44529.907470718026,21741,880321110200.0,1851
1,40157128.771925606,40028018.44421387,-129110.32771173865,-124439.78288963437,1,,-124439.78288963437,21756,881294137270.0,1852
3,8345224.820467809,8286927.915893555,-58296.90457425453,-57326.29866276402,1,,-57326.29866276402,21784,882263260220.0,1853
3,20118425.616192676,20019760.965698242,-98664.65049443394,-96324.7419535555,2,3.3218264244496822,-96326.40286676772,21831,884276979840.0,1855
0,70480538.24551553,70376012.81994629,-104525.42556923628,-96328.06377997994,2,-3.3218264244496822,-96326.40286676772,21832,884327336360.0,1855
1,20104410.86570149,20017417.178588867,-86993.68711262196,-84655.40858171508,2,8.292810622602701,-84659.55498702638,21859,885277888810.0,1856
2,65235197.88096273,65142946.88623047,-92250.9947322607,-84663.70139233768,2,-8.292810622602701,-84659.55498702638,21860,885323014580.0,1856
3,6780080.242791146,6671662.380615234,-108417.86217591166,-107629.29313126579,2,11.139225821942091,-107634.86274417676,21891,886265466330.0,1857
0,69233232.5819983,69117539.85791016,-115692.72408814728,-107640.43235708773,2,-11.139225821942091,-107634.86274417676,21892,886327912540.0,1857
1,12756684.616677858,12805837.905761719,49153.289083860815,50636.977512434125,4,8.355871133506298,50630.627722058445,21911,887272513900.0,1858
2,30326762.941802137,30373864.356445312,47101.4146431759,50628.62164130062,4,-4.012161515653133,50630.627722058445,21912,887290082020.0,1858
0,68537489.64714758,68580150.90881348,42661.26166589558,50632.63380281627,4,4.012161515653133,50630.627722058445,21913,887328288510.0,1858
0,74706179.98877788,74748118.0645752,41938.07579731941,50626.908211290836,4,-5.725591525435448,50630.627722058445,21914,887334456510.0,1858
1,20732884.038917482,20702085.212158203,-30798.826759278774,-28387.452561058104,2,28.329283885657787,-28401.617203000933,21935,888281480480.0,1859
3,79272029.18235657,79234393.52905273,-37635.653303831816,-28415.781844943762,2,-28.329283885657787,-28401.617203000933,21936,888340013100.0,1859
1,46922480.97544457,46890951.71203613,-31529.26340843737,-26071.8625119552,1,,-26071.8625119552,21955,889308626880.0,1860
0,27974510.24976287,27882156.58569336,-92353.664069511,-89100.03991874307,1,,-89100.03991874307,21983,890290632210.0,1861
2,1315198.1476214242,1310134.9185791016,-5063.229042322608,-4910.262630473357,6,19.540503014344722,-4927.970287881792,21996,891265978470.0,1862
1,9129983.237457652,9124003.309936523,-5979.927521128207,-4918.04891477339,6,11.754218714311719,-4927.970287881792,21997,891273792380.0,1862
1,30577926.394903436,30569439.11352539,-8487.281378045678,-4930.862376939505,6,-4.724934663623571,-4927.970287881792,21998,891295237930.0,1862
2,46563699.47495629,46553353.99963379,-10345.475322499871,-4929.803133487701,6,-3.6656912118196487,-4927.970287881792,21999,891311221930.0,1862
2,58709743.1550585,58697979.329711914,-11763.825346589088,-4935.486386969686,6,-9.348944693803787,-4927.970287881792,22000,891323366620.0,1862
2,74495105.70333067,74481515.28283691,-13590.420493751764,-4926.137442275882,6,3.6656912118196487,-4927.970287881792,22001,891339150240.0,1862
3,32459573.422178812,32759495.528442383,299922.1062635705,303697.37350032106,2,27.749604899436235,303683.49869787134,22020,892299489270.0,1863
2,69875433.67338482,70170976.31323242,295542.6398476064,303669.6238954216,2,-27.749604899436235,303683.49869787134,22021,892336900950.0,1863
2,2120305.009013406,2029470.961303711,-90834.04770969506,-90587.44194170367,3,43.430790674872696,-90621.01196481287,22184,899298726500.0,1870
0,67819780.06369099,67721271.15405273,-98508.90963825583,-90621.01196481287,3,-6.924243988934904,-90621.01196481287,22185,899364418650.0,1870
3,72375845.42841122,72276786.89611816,-99058.53229305148,-90640.73349994421,3,-36.50654668593779,-90621.01196481287,22186,899368974190.0,1870
1,209953.1555286353,158861.34619140625,-51091.80933722906,-51067.390369702596,5,33.20073428330943,-51094.964719340205,22201,900297725210.0,1871
1,3985709.570566555,3934171.2426757812,-51538.32789077377,-51074.76299541164,5,25.82810857426375,-51094.964719340205,22202,900301500540.0,1871
0,60357206.01566926,60299091.10095215,-58114.91471710801,-51094.964719340205,5,-4.474477318581194,-51094.964719340205,22203,900357865760.0,1871
2,70801366.38630745,70742025.49255371,-59340.89375373721,-51106.217488631606,5,-21.353631255682558,-51094.964719340205,22204,900368308750.0,1871
3,77957654.03424051,77897477.38989258,-60176.644347935915,-51109.64358051121,5,-24.779723135288805,-51094.964719340205,22205,900375464240.0,1871
