arm,tof,off,u,v,n_b,res,delta_b,eventId,t_dream_ns,bunch
2,5508108.080690155,5585822.120559692,77714.03986953758,78354.99116439931,3,-8.37763305567205,78361.37051472068,2000,80126520470.0,2
3,39117519.955707595,39191333.410461426,73813.45475383103,78365.36708018929,3,7.1862406292930245,78361.37051472068,2001,80160126170.0,2
1,67884289.87945008,67954751.89089966,70462.01144957542,78361.37051472068,3,1.191392426379025,78361.37051472068,2002,80188889750.0,2
0,45822423.659654565,45871632.7796936,49209.12003903836,54541.24884771556,1,,54541.24884771556,2021,81167821280.0,3
1,58532698.78602485,58547024.56428528,14325.778260424733,21136.938921958208,2,8.373475566506386,21132.752184174955,2040,82181497180.0,4
2,69815026.68025017,69828031.21633911,13004.536088943481,21128.5654463917,2,-8.373475566506386,21132.752184174955,2041,82192778250.0,4
2,5399442.258039847,5452059.778274536,52617.52023468912,53245.826625218615,1,,53245.826625218615,2060,83129384690.0,5
0,5108213.356182711,5162302.552032471,54089.195849759504,54683.61337336525,4,-8.61249016597867,54687.91961844824,2084,84130062600.0,6
3,31471320.98138879,31522334.528564453,51013.547175664455,54675.70914462581,4,-16.51671890541911,54687.91961844824,2085,84156422780.0,6
0,60485027.740037866,60532681.62237549,47653.882337622344,54692.22586353123,4,8.61249016597867,54687.91961844824,2086,84185433290.0,6
3,74589238.08897728,74635252.43008423,46014.34110695124,54693.92183332145,4,10.30845995619893,54687.91961844824,2087,84199535940.0,6
3,44624234.041871265,44635896.02081299,11661.978941723704,16854.68035069853,1,,16854.68035069853,2106,85170506900.0,7
3,60993030.626614004,60962231.611343384,-30799.015270620584,-23701.557961322367,1,,-23701.557961322367,2127,86187778980.0,8
1,40632846.71930064,40629375.02670288,-3471.69259776175,1256.5508094355464,4,-10.613768465816975,1267.1288132965565,2146,87168397550.0,9
3,42307511.57504463,42303855.62374878,-3655.951295852661,1267.1645779013634,4,0.07152920961380005,1267.1288132965565,2147,87170072040.0,9
3,52107987.05173831,52103190.59605408,-4796.455684229732,1267.0930486917496,4,-0.07152920961380005,1267.1288132965565,2148,87179871430.0,9
2,60676940.97739922,60671152.48309326,-5788.494305960834,1272.1812141984701,4,5.088165506720543,1267.1288132965565,2149,87188439440.0,9
3,1353942.719004452,1331548.8081054688,-22393.910898983246,-22236.359281222336,2,-62.22540781926364,-22205.246577312704,2169,88130074340.0,10
0,74068663.66724116,74037870.52931213,-30793.137929022312,-22174.133873403072,2,62.22540781926364,-22205.246577312704,2170,88202781070.0,10
1,31041257.695496395,31076625.19873047,35367.50323407352,38979.62086550146,3,0.464173074811697,38979.62086550146,2189,89160738100.0,11
3,39767112.170148745,39801466.204818726,34354.03466998041,38981.53682952374,3,3.3381191082298756,38979.62086550146,2190,89169462990.0,11
3,74749111.19580816,74779389.78799438,30278.59218622744,38976.77655532956,3,-3.8022921830415726,38979.62086550146,2191,89204441110.0,11
3,28066736.19792231,28029013.509399414,-37722.68852289766,-34456.70124648884,2,1.3830737508833408,-34457.39278336428,2212,90158649180.0,12
2,61205907.752754584,61164327.43966675,-41580.31308783591,-34458.08432023972,2,-1.3830737508833408,-34457.39278336428,2213,90191784680.0,12
2,4645689.770471567,4703123.782302856,57434.01183128916,57974.60777281597,4,-44.251328486949205,58011.08370257728,2231,91136265740.0,13
3,28213891.25414043,28268611.451461792,54720.19732136279,58003.308303851634,4,-15.550797451287508,58011.08370257728,2232,91159831360.0,13
2,35349826.00986718,35403731.384552,53905.37468482554,58018.85910130292,4,15.550797451287508,58011.08370257728,2233,91166966520.0,13
2,55789678.023977995,55841216.61885071,51538.59487271309,58030.56377483904,4,27.255470987409353,58011.08370257728,2234,91187404120.0,13
0,45620697.67731651,45586024.0511322,-34673.62618430704,-29364.971230477095,1,,-29364.971230477095,2275,93179164080.0,15
3,2090486.8054452464,2134749.404724121,44262.599278874695,44505.85888910992,7,-50.291801631916314,44553.24416805059,2292,94136643110.0,16
3,25462282.844879273,25503858.176635742,41575.33175646886,44538.25167751685,7,-17.899013224989176,44553.24416805059,2293,94160012350.0,16
0,52257809.650686204,52296287.72505188,38478.07436567545,44559.05721343309,7,9.246041115373373,44553.24416805059,2294,94186804930.0,16
3,58687814.45447634,58725531.62194824,37717.16747190058,44546.37817658484,7,-9.772514156997204,44553.24416805059,2295,94193234210.0,16
3,62867750.51744283,62904988.152420044,37237.63497721404,44553.24416805059,7,0.5264730416238308,44553.24416805059,2296,94197413690.0,16
0,71442139.52233694,71478400.0088501,36260.48651315272,44573.85494451225,7,24.04377219453454,44553.24416805059,2297,94205987150.0,16
3,75594515.56927651,75630286.69412231,35771.124845802784,44567.68474055827,7,17.87356824055314,44553.24416805059,2298,94210139060.0,16
1,49348836.61139582,49407363.02674866,58526.41535283625,64268.895395465195,1,,64268.895395465195,2319,95184895690.0,17
1,41617465.816287324,41670769.50570679,53303.68941946328,58146.508081160486,2,-26.13328804075718,58159.574725180864,2347,96178146690.0,18
0,55747844.62593862,55799530.16635132,51685.540412701666,58172.64136920124,2,26.13328804075718,58159.574725180864,2348,96192275530.0,18
3,10202275.851704046,10233194.97000122,30919.118297174573,32106.30667871982,6,24.256271451711655,32090.37517651543,2370,97147715520.0,19
3,18556168.654244766,18586108.06462097,29939.41037620604,32098.699945762753,6,16.64953849464655,32090.37517651543,2371,97156068480.0,19
0,40164397.709353834,40191826.73876953,27429.02941569686,32102.76172850281,6,20.711321234703064,32090.37517651543,2372,97177674320.0,19
2,42874828.60171348,42901921.52037048,27092.918657004833,32082.050407268107,6,-16.64953849464655,32090.37517651543,2373,97180384430.0,19
1,54266316.270334534,54292067.55955505,25751.289220519364,32065.992049753666,6,-32.70789600908756,32090.37517651543,2374,97191774640.0,19
1,75530364.7428362,75553628.16630554,23263.42346933484,32052.51844970882,6,-46.1814960539341,32090.37517651543,2375,97213036320.0,19
2,17682254.925726257,17742134.468078613,59879.54235235602,61937.13890360296,3,24.93474782258272,61929.28106608987,2391,98156100010.0,20
0,43528595.27242382,43585459.34614563,56864.073721811175,61929.28106608987,3,13.147991552948952,61929.28106608987,2392,98181943480.0,20
1,71726862.39174631,71780411.01876831,53548.62702199817,61895.12724547088,3,-38.08273937553167,61929.28106608987,2393,98210138590.0,20
1,8963137.235307626,8965160.687179565,2023.4518719390035,3066.447821335867,1,,3066.447821335867,2418,99148328800.0,21
2,669492.9698919416,725645.0098724365,56152.03998049488,56229.94556616375,4,-91.9216829376528,56314.146773159504,2481,102143239030.0,24
0,54345325.200335845,54395323.63041687,49998.430081024766,56322.326788671315,4,15.900491453707218,56314.146773159504,2482,102196909010.0,24
3,56389467.49019952,56439212.15306091,49744.6628613919,56306.42629721761,4,-15.440951883792877,56314.146773159504,2483,102198952910.0,24
2,69726649.145462,69774857.26741028,48208.12194827199,56321.8672491014,4,15.440951883792877,56314.146773159504,2484,102212288630.0,24
0,65028406.19354144,65078642.38720703,50236.19366559386,57803.22767109424,2,9.053813315927982,57798.700764436275,2505,103208630970.0,25
0,75299202.74075475,75348234.71881104,49031.978056281805,57794.17385777831,2,-9.053813315927982,57798.700764436275,2506,103218900620.0,25
0,7605010.067913621,7626779.927703857,21769.85979023669,22654.817198309116,5,29.96583171095699,22629.257083266973,2529,104152186390.0,26
3,14251328.761969987,14272302.610092163,20973.848122175783,22632.20476472564,5,7.353398127481341,22629.257083266973,2530,104158831950.0,26
1,41148529.393013835,41166361.58781433,17832.1948004961,22620.445649929345,5,-10.285274066962302,22629.257083266973,2531,104185726160.0,26
1,54153616.18008772,54169918.566986084,16302.386898361146,22603.97537549585,5,-26.755548500455916,22629.257083266973,2532,104198729790.0,26
0,79324058.53117874,79337457.23989868,13398.708719938993,22629.257083266973,5,2.9318759394809604,22629.257083266973,2533,104223897470.0,26
1,30226051.289241776,30246794.890304565,20743.60106278956,24260.85715664178,2,1.1454620957374573,24260.284425593913,2570,106176796910.0,28
3,61896969.99708267,61914027.06451416,17057.067431487143,24259.711694546044,2,-1.1454620957374573,24260.284425593913,2571,106208464320.0,28
2,4782776.600491673,4844050.95022583,61274.349734157324,61830.89779207762,2,46.91259210463613,61807.441496025305,2643,108153486290.0,30
1,71952572.58548173,72005983.80567932,53411.220197588205,61783.98519997299,2,-46.91259210463613,61807.441496025305,2644,108220648600.0,30
0,25228509.17433411,25215349.360687256,-13159.81364685297,-10224.096811626107,3,-16.66276389732957,-10211.104194410145,2658,109174886300.0,31
0,49567224.360259175,49551252.70361328,-15971.65664589405,-10203.763901047409,3,13.836601970717311,-10211.104194410145,2659,109199222340.0,31
2,55671867.79142484,55655178.42732239,-16689.364102452993,-10211.104194410145,3,2.826161926612258,-10211.104194410145,2660,109205326300.0,31
0,75483439.11474124,75477972.32328796,-5466.791453272104,3316.843023851514,2,13.326295837759972,3310.179875932634,2680,110226105610.0,32
2,79109744.05530682,79103841.96238708,-5902.092919737101,3303.516728013754,2,-13.326295837759972,3310.179875932634,2681,110229731500.0,32
1,32838340.914046586,32816688.76776123,-21652.14628535509,-17830.91096795723,3,-1.2449981309473515,-17830.91096795723,2707,111184458860.0,33
3,33103759.07797835,33082087.277420044,-21671.800558306277,-17819.67984189838,3,15.601690957322717,-17830.91096795723,2708,111184724260.0,33
1,35963095.722623706,35941071.22294617,-22024.49967753887,-17839.65209775418,3,-14.356692826375365,-17830.91096795723,2709,111187583260.0,33
2,30146083.28597696,30119283.15209961,-26800.13387735188,-23292.18326452747,3,30.598600305616856,-23316.075973309577,2730,112182712980.0,34
2,53740650.283174455,53711080.67352295,-29569.609651505947,-23316.075973309577,3,-5.240462867543101,-23316.075973309577,2731,112206304910.0,34
2,75486452.04815102,75454338.57531738,-32113.472833633423,-23329.487756356597,3,-25.358137438073754,-23316.075973309577,2732,112228048290.0,34
2,37191739.28293456,37128911.29016113,-62827.99277342856,-58500.174019262195,1,,-58500.174019262195,2752,113190627340.0,35
1,23120003.328367807,23121972.396835327,1969.0684675201774,4659.428905885667,1,,4659.428905885667,2799,115178527500.0,37
0,36297314.967092544,36337557.54475403,40242.57766148448,44466.31668173522,2,21.44516772776842,44455.59409787133,2825,116192672940.0,38
0,74461243.07721189,74497023.262146,35780.18493410945,44444.87151400745,2,-21.44516772776842,44455.59409787133,2826,116230832620.0,38
3,9072834.276016656,9063997.363693237,-8836.912323419005,-7781.151471944526,3,-3.814260182902217,-7780.961401175708,2868,118167268260.0,40
2,11713046.490133781,11703902.53944397,-9143.95068981126,-7780.961401175708,3,-3.529154029674828,-7780.961401175708,2869,118169908180.0,40
0,21915879.208055772,21905555.252563477,-10323.955492295325,-7773.71302234754,3,7.343414212577045,-7780.961401175708,2870,118180109890.0,40
2,46648290.45292181,46577161.963378906,-71128.48954290152,-65700.25870013237,2,15.006872460246086,-65707.7621363625,2890,119205730360.0,41
2,68075728.5541347,68002091.65272522,-73636.901409477,-65715.26557259262,2,-15.006872460246086,-65707.7621363625,2891,119227155410.0,41
1,261003.45381384838,223297.87362670898,-37705.58018713939,-37675.208506113035,2,0.6457002310780808,-37675.531356228574,2912,120160260960.0,42
3,10741174.78117777,10702249.029586792,-38925.751590978354,-37675.85420634411,2,-0.6457002310780808,-37675.531356228574,2913,120170739970.0,42
0,4349152.165634688,4352200.099121094,3047.93348640576,3554.022813499905,2,51.02954323682934,3528.5080418814905,2941,121165310450.0,43
3,71616623.08513929,71611792.40618896,-4830.678950324655,3502.993270263076,2,-51.02954323682934,3528.5080418814905,2942,121232570420.0,43
3,3900340.5191658074,3929241.610809326,28901.09164351877,29354.954979085363,3,10.80009739100933,29345.22411721386,2967,122165856950.0,44
3,11764001.15250602,11791977.457992554,27976.30548653379,29345.22411721386,3,-3.7961954162456095,29345.22411721386,2968,122173719730.0,44
2,47160163.42503619,47184018.7157135,23855.290677309036,29343.085646174848,3,-7.003901974763721,29345.22411721386,2969,122209111970.0,44
2,20058611.794988245,20030480.353225708,-28131.441762536764,-25797.320315610617,1,,-25797.320315610617,2990,123182923900.0,45
1,7575744.092181662,7531167.121841431,-44576.97034023143,-43695.41846900899,3,-28.331837915815413,-43677.384103380144,3034,125172308910.0,47
2,36669368.184053615,36621423.766937256,-47944.417116358876,-43677.384103380144,3,-1.2802894725464284,-43677.384103380144,3035,125201399330.0,47
1,69192519.53635308,69140811.1559143,-51708.380438774824,-43656.789158806205,3,29.61212738836184,-43677.384103380144,3036,125233918900.0,47
1,38698152.74623417,38672859.5965271,-25293.149707071483,-20790.037068739533,3,-35.02726340293884,-20760.58679537475,3055,126204382350.0,48
2,56423806.41648626,56396480.07040405,-27326.34608221054,-20760.58679537475,3,9.148146644234657,-20760.58679537475,3056,126222106070.0,48
1,71768904.73601927,71739803.91072083,-29100.825298443437,-20749.432815298438,3,25.879116758704185,-20760.58679537475,3057,126237449480.0,48
2,29379873.832301393,29453028.510925293,73154.67862389982,76573.46923218668,3,-20.252912525087595,76579.60424309224,3074,127196131160.0,49
2,40301817.30529454,40373707.18638611,71889.8810915649,76579.60424309224,3,-11.050396166741848,76579.60424309224,3075,127207051900.0,49
1,72542449.72764745,72610616.16160583,68166.43395838141,76607.84004633129,3,31.303308691829443,76579.60424309224,3076,127239288990.0,49
2,16624184.841252841,16660645.24673462,36460.405481778085,38394.87965039164,4,-44.32542812079191,38425.635259486735,3099,128184350150.0,50
0,24181274.60499669,24216872.815109253,35598.210112564266,38412.06544046104,4,-27.139638051390648,38425.635259486735,3100,128191906420.0,50
3,70520810.61329111,70551052.62779236,30242.01450124383,38448.17244425416,4,36.107003793120384,38425.635259486735,3101,128238240860.0,50
2,70839544.88060582,70869740.83821106,30195.95760524273,38439.20507851243,4,27.139638051390648,38425.635259486735,3102,128238559550.0,50
1,34879102.0597792,34881655.78236389,2553.722584694624,6612.431183248758,1,,6612.431183248758,3134,129203590900.0,51
3,19108729.05853294,19183275.082473755,74546.02394081652,76769.61223171651,5,-16.674793355166912,76777.91345413029,3159,130188860100.0,52
1,25541126.3926203,25614918.965896606,73792.57327630743,76764.66783105582,5,-21.619194015860558,76777.91345413029,3160,130195291780.0,52
3,59810548.494215116,59880366.549957275,69818.05574215949,76777.91345413029,5,-4.2229597344994545,76777.91345413029,3161,130229557420.0,52
0,67900937.75966302,67969831.1239624,68893.36429938674,76794.66059601307,5,20.897753089666367,76777.91345413029,3162,130237646930.0,52
0,74838641.23040889,74906732.1701355,68090.93972660601,76799.5422630161,5,25.779420092701912,76777.91345413029,3163,130244583870.0,52
2,6444024.5617429335,6406989.760955811,-37034.80078712292,-36284.94152029883,6,-72.68528078775853,-36222.2311661616,3187,131177089300.0,53
2,6781445.236986777,6744377.866363525,-37067.37062325142,-36278.247381294146,6,-65.99114178307354,-36222.2311661616,3188,131177426690.0,53
3,45730152.77479694,45688599.17700195,-41553.59779498726,-36232.20609281212,6,-19.94985330104828,-36222.2311661616,3189,131216371130.0,53
0,57150113.454171,57107255.05609131,-42858.39807969332,-36208.12203511596,6,24.084057696163654,-36222.2311661616,3190,131227789850.0,53
3,64253004.235389404,64209315.174835205,-43689.06055419892,-36212.25623951107,6,19.94985330104828,-36222.2311661616,3191,131234891950.0,53
0,72990621.13811389,72945936.11477661,-44685.02333727479,-36191.465758904815,6,40.740333907306194,-36222.2311661616,3192,131243628620.0,53
0,22565140.1085865,22619964.43081665,54824.32223014906,57450.11597992107,3,-6.821141969412565,57450.270517997444,3215,132194169170.0,54
0,41473590.73654584,41526228.26364136,52637.527095519006,57463.60372578353,3,13.410476824268699,57450.270517997444,3216,132213075540.0,54
1,53882948.409366354,53934128.587677,51180.17831064761,57450.270517997444,3,-6.5893348548561335,57450.270517997444,3217,132225483510.0,54
1,3550507.3488727706,3527914.575164795,-22592.773707975633,-22179.61872820044,3,-65.09371199319139,-22119.46188057214,3243,133176082570.0,55
2,53199055.78117381,53170745.808288574,-28309.972885236144,-22119.46188057214,3,25.14155944925733,-22119.46188057214,3244,133225725680.0,55
1,75242517.22640616,75211652.03866577,-30865.187740385532,-22109.588151842356,3,39.95215254393406,-22119.46188057214,3245,133247766710.0,55
0,22587357.83446632,22602518.83932495,15161.00485863164,17789.383975278586,2,9.091659780591726,17784.83814538829,3270,134196083990.0,56
1,69752270.45232391,69761934.01791382,9663.565589904785,17780.292315497994,2,-9.091659780591726,17784.83814538829,3271,134243243670.0,56
3,71550789.05983017,71517059.1635437,-33729.89628647268,-25403.884845793247,1,,-25403.884845793247,3291,135245992330.0,57
0,10409225.995948393,10447351.64376831,38125.64781991765,39336.91796619631,1,,39336.91796619631,3314,136185818780.0,58
1,4514247.974463594,4494143.411560059,-20104.562903535552,-19579.26219371427,2,-3.658732776530087,-19577.432827326003,3368,138181792940.0,60
1,29159183.74867299,29136215.035217285,-22968.71345570311,-19575.60346093774,2,3.658732776530087,-19577.432827326003,3369,138206435150.0,60
1,12893217.752451254,12869755.745300293,-23462.007150961086,-21961.68716952391,2,6.679309291765094,-21965.026824169792,3389,139191097100.0,61
1,36033877.26577276,36007715.815216064,-26161.45055669546,-21968.366478815675,2,-6.679309291765094,-21965.026824169792,3390,139214235190.0,61
0,36858143.00945229,36886262.30874634,28119.299294047058,32408.29909979552,3,9.20822323486209,32405.967539474368,3418,140216031490.0,62
0,48029252.54426738,48056069.585235596,26817.040968216956,32405.967539474368,3,5.710882753133774,32405.967539474368,3419,140227201360.0,62
1,49827645.47014916,49854239.487701416,26594.017552256584,32392.21421364695,3,-14.919105987995863,32405.967539474368,3420,140228999540.0,62
0,30523317.92166917,30480043.15463257,-43274.7670366019,-39722.91949498281,3,6.575773060321808,-39728.11091005057,3441,141210641800.0,63
1,42720016.66934587,42675314.67266846,-44701.99667741358,-39730.87962603569,3,-5.364423519000411,-39728.11091005057,3442,141222837140.0,63
1,63560642.00522516,63513517.6567688,-47124.3484563604,-39728.11091005057,3,-1.2113495413213968,-39728.11091005057,3443,141243675460.0,63
0,24303648.3825481,24334661.107910156,31012.725362055004,33840.8207212016,2,4.952666655182838,33838.34438787401,3475,142205411060.0,64
0,57516611.6794467,57543754.62387085,27142.944424152374,33835.868054546416,2,-4.952666655182838,33838.34438787401,3476,142238620340.0,64
2,18333337.50720179,18360587.45953369,27249.952331900597,29383.312142971903,2,-4.565301239490509,29385.59479359165,3504,143200465550.0,65
3,31807995.263678297,31833681.80203247,25686.538354173303,29387.877444211394,2,4.565301239490509,29385.59479359165,3505,143213938720.0,65
0,13980918.025454905,13927225.38937378,-53692.63608112559,-52065.745798563585,2,-23.243584340438247,-52054.124006393366,3530,144197019800.0,66
1,77701751.88042602,77640667.60964966,-61084.27077636123,-52042.50221422315,2,23.243584340438247,-52054.124006393366,3531,144260733600.0,66
3,72958148.09007272,72958621.63891602,473.5488432943821,8963.32769368589,1,,8963.32769368589,3549,145256913980.0,67
0,34029717.42408091,33994159.52102661,-35557.90305429697,-31598.033144839108,1,,-31598.033144839108,3574,146218929000.0,68
0,20653189.473386757,20691137.588623047,37948.1152362898,40351.42474693805,4,21.212155729532242,40332.77379273251,3599,147206554660.0,69
1,40331610.07581686,40367247.09841919,35637.02260232717,40330.21259120852,4,-5.122403047978878,40332.77379273251,3600,147226230880.0,69
2,44342129.119368784,44377304.58010864,35175.46073985845,40335.3349942565,4,5.122403047978878,40332.77379273251,3601,147230240960.0,69
2,67513274.68917584,67545724.4790039,32449.789828062057,40305.97569051385,4,-29.35930374264717,40332.77379273251,3602,147253409510.0,69
0,3103021.415292519,3156681.0827026367,53659.667410117574,54020.750665017404,3,14.132542412960902,54008.19512896193,3621,148190008510.0,70
2,3731193.5411344506,3784767.5557250977,53574.01459064707,54008.19512896193,3,-4.70076167024672,54008.19512896193,3622,148190636600.0,70
3,12728983.202676063,12781507.034973145,52523.83229708113,54005.04111624695,3,-9.431780742714182,54008.19512896193,3623,148199633390.0,70
1,9924046.25239347,9920129.884399414,-3916.367994055152,-2761.5558148883283,3,6.761518452316523,-2761.5558148883283,3646,149197804690.0,71
3,41636672.111199334,41629051.82449341,-7620.286705926061,-2775.2331026792526,3,-13.754413234069943,-2761.5558148883283,3647,149229513790.0,71
0,42384711.125096194,42377017.62432861,-7693.500767581165,-2761.401564002037,3,6.992894781753421,-2761.5558148883283,3648,149230261760.0,71
3,7222371.441014843,7255944.182830811,33572.741815967485,34413.173459514976,3,22.762663036584854,34397.44449131191,3676,150196074110.0,72
0,45606498.221960485,45635588.66381836,29090.441857874393,34397.44449131191,3,-0.8307892680168152,34397.44449131191,3677,150234453970.0,72
1,47589111.86439697,47617957.53192139,28845.667524419725,34383.37710164487,3,-21.93187376856804,34397.44449131191,3678,150236436350.0,72
1,27653771.40275576,27698077.020690918,44305.61793515831,47523.55054083094,1,,47523.55054083094,3708,151217398010.0,73
0,53294181.77614846,53344358.18637085,50176.410222388804,56377.990568608046,1,,56377.990568608046,3729,152244005960.0,74
3,16011398.984380301,15983138.924682617,-28260.0596976839,-26396.89238846302,4,21.466521702706814,-26416.47930351831,3763,153207649320.0,75
1,17285707.821798302,17257281.76977539,-28426.05202291161,-26414.599696870893,4,3.7592132948338985,-26416.47930351831,3764,153208923470.0,75
0,39864302.1661638,39833244.99557495,-31057.170588850975,-26418.358910165727,4,-3.7592132948338985,-26416.47930351831,3765,153231499560.0,75
2,53612141.29149865,53579447.80444336,-32693.487055294216,-26454.907332867384,4,-40.30763599649072,-26416.47930351831,3766,153245245840.0,75
0,27810563.75248991,27857007.658691406,46443.90620149672,49680.083957429975,3,22.173750560730696,49660.07529195398,3793,154220443820.0,76
1,33256051.180599995,33301837.08352661,45785.90292661637,49655.74512178451,3,-14.334502907469869,49660.07529195398,3794,154225888680.0,76
0,59908328.5969473,59951017.43634033,42688.83939303458,49660.07529195398,3,-7.839247653260827,49660.07529195398,3795,154252538010.0,76
0,22733352.274353415,22799509.301757812,66157.02740439773,68802.39517194033,1,,68802.39517194033,3821,155216336810.0,77
2,15620308.60906726,15709773.928405762,89465.31933850236,91282.97739503719,6,13.86239899136126,91270.6383542344,3857,156210273840.0,78
2,39431996.57535465,39518680.230651855,86683.65529720485,91272.16171242297,6,3.0467163771390915,91270.6383542344,3858,156234082880.0,78
3,45998463.27573003,46084383.36126709,85920.0855370611,91272.69920518994,6,3.584209144115448,91270.6383542344,3859,156240648620.0,78
2,57403609.98288576,57488199.32369995,84589.34081418812,91269.11499604583,6,-3.0467163771390915,91270.6383542344,3860,156252052500.0,78
2,60506577.40056739,60590791.90124512,84214.50067772716,91255.35183105618,6,-16.80988136678934,91270.6383542344,3861,156255155110.0,78
3,79987578.11566773,80069522.51937866,81944.40371093154,91252.16256661713,6,-19.999145805835724,91270.6383542344,3862,156274633950.0,78
2,32777356.972063594,32787216.599578857,9859.627515263855,13673.766432952136,2,18.344335537403822,13664.594265183434,3885,157228421960.0,79
1,59139534.93447575,59146308.58139038,6773.646914631128,13655.422097414732,2,-18.344335537403822,13664.594265183434,3886,157254781200.0,79
0,50802354.21313175,50778744.525909424,-23609.68722232431,-17698.06852531433,4,30.206023529171944,-17724.300428006798,3915,158247415050.0,80
3,62151063.34351512,62126110.80535889,-24952.538156233728,-17720.326307170093,4,7.948241673409939,-17724.300428006798,3916,158258762480.0,80
3,73946217.60813457,73919884.57797241,-26333.03016215563,-17728.274548843503,4,-7.948241673409939,-17724.300428006798,3917,158270556320.0,80
2,79653704.46344398,79626702.53161621,-27001.931827768683,-17733.02419768274,4,-12.697890512645245,-17724.300428006798,3918,158276263170.0,80
0,46042716.41001171,46075146.292388916,32429.88237720728,37787.645563706756,2,28.283886216580868,37773.503620598465,3942,159243642230.0,81
2,60732031.53949187,60762723.81503296,30692.275541089475,37759.361677490175,2,-28.283886216580868,37773.503620598465,3943,159258329890.0,81
3,58175200.237732075,58272370.96334839,97170.72561631352,103940.28593993187,2,7.935603857040405,103936.31813800335,3969,160256804120.0,82
2,74222635.43094268,74317930.86029053,95295.42934784293,103932.35033607483,2,-7.935603857040405,103936.31813800335,3970,160272849770.0,82
2,36399478.078215964,36411520.30212402,12042.223908059299,16277.851144261658,3,-3.773121800273657,16277.851144261658,3991,161236011680.0,83
0,37274907.99664659,37286865.38668823,11957.390041641891,16294.886727675796,3,21.78025332093239,16277.851144261658,3992,161236887030.0,83
2,51260483.42778015,51270786.86065674,10303.432876586914,16268.361804448068,3,-18.00713152065873,16277.851144261658,3993,161250871030.0,83
2,15725239.052361608,15765637.284088135,40398.231726527214,42228.10001977347,2,35.24771713279188,42210.47616120707,4011,162216351270.0,84
1,58469998.2933406,58505387.28112793,35388.98778732866,42192.85230264068,2,-35.24771713279188,42210.47616120707,4012,162259091260.0,84
1,22979492.609385923,22959243.878692627,-20248.730693295598,-17574.720792345703,1,,-17574.720792345703,4035,163224540490.0,85
3,15071873.952844929,15134481.133087158,62607.18024222925,64361.01967031509,2,6.875369481742382,64357.581985574216,4075,164217653400.0,86
0,56561785.84662904,56619558.17565918,57772.329030141234,64354.144300833344,2,-6.875369481742382,64357.581985574216,4076,164259138710.0,86
3,19870071.542678207,19866351.422058105,-3720.1206201016903,-1407.9386698380113,1,,-1407.9386698380113,4101,165223403910.0,87
2,35785850.81838994,35817993.17272949,32142.354339554906,36306.5768064633,1,,36306.5768064633,4124,166240291310.0,88
3,19548813.29756853,19569885.459197998,21072.161629468203,23346.960346657783,1,,23346.960346657783,4151,167225028700.0,89
2,76246474.21584764,76265365.12445068,18890.908603042364,27763.333700984716,1,,27763.333700984716,4197,169283705660.0,91
0,69605877.23879439,69567417.60131836,-38459.63747602701,-30359.945804655552,1,,-30359.945804655552,4224,170278025520.0,92
1,18030660.331561938,17977292.743041992,-53367.58851994574,-51269.44975479692,2,-22.401696290820837,-51258.24890665151,4253,171227350550.0,93
0,20483019.529153574,20429388.97341919,-53630.555734384805,-51247.0480585061,2,22.401696290820837,-51258.24890665151,4254,171229802660.0,93
2,22143131.62301866,22167292.608184814,24160.985166154802,26737.671875666827,5,-36.35498520731926,26756.139606826007,4269,172232464210.0,94
2,24806478.121492766,24830347.653930664,23869.53243789822,26756.139606826007,5,-10.239073235541582,26756.139606826007,4270,172235127280.0,94
1,28876664.192096807,28900044.800750732,23380.60865392536,26740.843245200813,5,-33.18361567333341,26756.139606826007,4271,172239197000.0,94
0,56059563.634021536,56079832.17398071,20268.539959177375,26791.914114922285,5,43.42268890887499,26756.139606826007,4272,172266376940.0,94
0,73385385.09778899,73403654.89291382,18269.795124828815,26809.28943273425,5,60.79800672084093,26756.139606826007,4273,172283700860.0,94
2,12242970.587969912,12275329.403289795,32358.815319882706,33783.4692548383,2,-14.486234260722995,33790.712371968664,4291,173223521940.0,95
0,41471473.16580659,41500445.29107666,28972.125270068645,33797.955489099026,2,14.486234260722995,33790.712371968664,4292,173252747220.0,95
3,28184610.33774399,28226292.765319824,41682.427575834095,44962.13128289953,3,4.67394770309329,44962.13128289953,4319,174240478550.0,96
1,36504421.979430735,36545126.05130005,40704.07186931372,44951.9109082669,3,-10.656614245846868,44962.13128289953,4320,174248797430.0,96
0,55909239.97507985,55947697.09710693,38457.12202708423,44963.00376212597,3,5.982666542753577,44962.13128289953,4321,174268200110.0,96
0,11241201.332393067,11185511.59210205,-55689.740291016176,-54381.65728969313,2,12.100647678598762,-54387.70761353243,4348,175224407390.0,97
0,29828571.98920572,29770707.227874756,-57864.76133096591,-54393.75793737173,2,-12.100647678598762,-54387.70761353243,4349,175242992690.0,97
1,73402159.15090466,73433207.61251831,31048.46161365509,39589.907835155725,1,,39589.907835155725,4368,176287547840.0,98
2,4285299.068857005,4335840.54776001,50541.4789030049,51040.137961036526,3,9.83452485408634,51038.63805326074,4398,177219457690.0,99
3,30526926.83576919,30574413.206329346,47486.37056015432,51038.63805326074,3,7.584663190413266,51038.63805326074,4399,177245696410.0,99
2,47094298.345746726,47139840.18399048,45541.83824375272,51021.968819104135,3,-17.419188044499606,51038.63805326074,4400,177262261930.0,99
2,17401012.321293823,17341924.65362549,-59087.66766833514,-57062.79792797193,3,-25.789345625787973,-57048.94102898985,4432,178233432540.0,100
2,27777967.71478332,27717686.389038086,-60281.3257452324,-57048.94102898985,3,-5.003997152671218,-57048.94102898985,4433,178243808360.0,100
2,62570187.09697119,62505881.037628174,-64306.05934301764,-57025.07613570243,3,30.79334277845919,-57048.94102898985,4434,178278596750.0,100
0,11920621.64730167,11961428.412384033,40806.76508236304,42193.90886539593,3,37.14088440686464,42157.54484022409,4452,179228948770.0,101
1,58454423.19570107,58489777.13470459,35353.939003519714,42155.99112175405,3,-19.73573105596006,42157.54484022409,4453,179275477380.0,101
2,63219219.34435681,63254020.38131714,34801.036960326135,42157.54484022409,3,-17.405153350904584,42157.54484022409,4454,179280241650.0,101
0,39589891.77282468,39520622.79162598,-69268.98119870573,-64662.10130029172,2,17.163061149418354,-64670.682830866426,4477,180257477580.0,102
1,51884610.57924795,51813893.7593689,-70716.81987905502,-64679.264361441135,2,-17.163061149418354,-64670.682830866426,4478,180269770920.0,102
1,763951.898056228,729050.1413269043,-34901.75672932365,-34812.85942536767,3,-13.45073591999244,-34810.28288949467,4510,181219587410.0,103
2,3788884.333571898,3753633.1569519043,-35251.17661999352,-34810.28288949467,3,-9.585932110494468,-34810.28288949467,4511,181222612010.0,103
2,35291191.473635375,35252296.27774048,-38895.195894896984,-34788.534489400685,3,23.036668030486908,-34810.28288949467,4512,181254110850.0,103
0,793665.8702026543,822691.0424499512,29025.172247296898,29117.52721922961,2,-41.227956927148625,29138.141197693185,4546,182220598800.0,104
2,79965522.94549872,79985376.50827026,19853.56277154386,29158.75517615676,2,41.227956927148625,29138.141197693185,4547,182299761930.0,104
0,45807132.5839666,45757837.99887085,-49294.585095748305,-43964.23563391715,1,,-43964.23563391715,4574,183266476780.0,105
3,34628898.705958575,34667859.662231445,38960.9562728703,42990.549944616854,1,,42990.549944616854,4596,184256311400.0,106
2,13639583.696778072,13666692.85345459,27109.1566765178,28696.327571453527,1,,28696.327571453527,4617,185236257560.0,107
2,676585.7049873325,643174.9360656738,-33410.76892165863,-33332.03798948659,2,-100.37554912699852,-33281.85021492309,4635,186224236710.0,108
3,77167016.66372442,77124805.45721436,-42211.206510066986,-33231.66244035959,2,100.37554912699852,-33281.85021492309,4636,186300718770.0,108
0,23977720.834621508,23917285.72592163,-60435.108699876815,-57644.939917482436,1,,-57644.939917482436,4657,187248418460.0,109
0,11995406.339894924,12020474.059448242,25067.719553317875,26463.565661150962,1,,26463.565661150962,4678,188237421410.0,110
2,6651778.801403661,6660572.956481934,8794.155078272335,9568.189678436145,1,,9568.189678436145,4700,189233091100.0,111
1,12419779.447770687,12423093.61026001,3314.1624893229455,4759.390796817839,3,-1.890463074669242,4759.390796817839,4728,190239845130.0,112
1,28581956.649760127,28583382.862945557,1426.213185429573,4752.154117595404,3,-12.74548190832138,4759.390796817839,4729,190256005510.0,112
3,67387216.08780079,67384144.9791565,-3071.1086442917585,4770.408402189612,3,14.635944982990623,4759.390796817839,4730,190294806490.0,112
2,24864833.58246197,24889672.633544922,24839.051082950085,27732.448788248003,6,-39.54053672403097,27768.08251541108,4751,191253300440.0,113
2,48776031.6829354,48798108.37689209,22076.693956688046,27752.519522823393,6,-19.469802148640156,27768.08251541108,4752,191277209010.0,113
0,51478081.46573262,51499863.205322266,21781.73958964646,27771.989324972034,6,7.8136191219091415,27768.08251541108,4753,191279910780.0,113
1,58957977.67983256,58978881.20727539,20903.52744282782,27764.175705850124,6,-7.8136191219091415,27768.08251541108,4754,191287389840.0,113
2,68590935.86430353,68610727.12011719,19791.255813658237,27772.84377707541,6,8.66807122528553,27768.08251541108,4755,191297021740.0,113
3,69637488.53729318,69657161.24389648,19672.70660330355,27776.076725140214,6,11.901019290089607,27768.08251541108,4756,191298068180.0,113
2,48371599.78449905,48387683.89581299,16084.111313939095,21712.875140324235,4,-0.37819264829158783,21713.06423664838,4782,192277754220.0,114
1,58873028.8484454,58887874.93249512,14846.084049716592,21696.84723737836,4,-16.40609559416771,21713.06423664838,4783,192288254470.0,114
2,59873791.23542097,59888539.313323975,14748.0779030025,21715.294859983027,4,2.419719658792019,21713.06423664838,4784,192289255140.0,114
0,79150398.16613415,79162901.07910156,12502.912967413664,21713.253332972527,4,0.37819264829158783,21713.06423664838,4785,192308529610.0,114
3,60243416.72172013,60290583.8371582,47167.11543807387,54177.3438847661,1,,54177.3438847661,4811,193290689880.0,115
3,69441275.6471301,69474636.63259888,33360.985468775034,41441.523267030716,2,-19.89595341682434,41451.47124373913,4864,195301796010.0,117
0,69987756.27391243,70021073.56408691,33317.29017448425,41461.41922044754,2,19.89595341682434,41451.47124373913,4865,195302342450.0,117
1,39739266.91856365,39772380.15533447,33113.2367708236,37737.498716160655,1,,37737.498716160655,4884,196273135240.0,118
2,47305911.39041615,47269457.235565186,-36454.15485096723,-30949.39991222322,2,-0.7364186942577362,-30949.03170287609,4914,197281594140.0,119
2,50594844.90421844,50558008.76885986,-36836.13535857946,-30948.663493528962,2,0.7364186942577362,-30949.03170287609,4915,197284882710.0,119
2,57132052.43884969,57173718.91769409,41666.47884440422,48314.653217956424,1,,48314.653217956424,4940,198292438990.0,120
0,60285258.85221918,60302960.37432861,17701.52210943401,24716.6195179075,2,16.022888332605362,24708.608073741198,4967,199296556910.0,121
1,77005796.67907229,77021536.4920044,15739.812932103872,24700.596629574895,2,-16.022888332605362,24708.608073741198,4968,199313275580.0,121
0,69860872.10827312,69853333.60095215,-7538.507320970297,590.8568421900272,1,,590.8568421900272,5043,202309114280.0,124
2,32198842.59975358,32170827.34753418,-28015.2522194013,-24268.432157948613,2,2.2137975692749023,-24269.53905673325,5095,204273393780.0,126
3,71605369.09649573,71572766.08789062,-32603.008605107665,-24270.645955517888,2,-2.2137975692749023,-24269.53905673325,5096,204312795940.0,126
3,8806742.132026294,8831519.612426758,24777.480400463566,25802.277425203472,2,24.382889840751886,25790.085980283096,5123,205251011770.0,127
3,48477040.010705344,48497176.87185669,20136.861151345074,25777.89453536272,2,-24.382889840751886,25790.085980283096,5124,205290677650.0,127
1,12484582.851731967,12542446.881713867,57864.02998190001,59316.79914100282,4,8.838218687102199,59312.38003165927,5171,207256691080.0,129
0,24710845.923833687,24767298.233642578,56452.30980889127,59327.78873196244,4,19.827809646725655,59312.38003165927,5172,207268916000.0,129
3,49620564.901411,49674088.370788574,53523.469377577305,59297.56909737736,4,-19.230043625459075,59312.38003165927,5173,207293822930.0,129
0,62640806.50462566,62692825.26470947,52018.760083809495,59307.96092231572,4,-8.838218687102199,59312.38003165927,5174,207306841740.0,129
3,44930395.105629474,44880584.36755371,-49810.73807576299,-44582.410218037665,5,9.70762337744236,-44591.20453599095,5194,208290009100.0,130
1,48457706.37724103,48407474.56246948,-50231.81477154791,-44593.03114683926,5,-6.223769824951887,-44591.20453599095,5195,208293536010.0,130
1,52010542.52393909,51959894.61404419,-50647.909894898534,-44595.70029972494,5,-8.892922710627317,-44591.20453599095,5196,208297088450.0,130
2,56789844.731771156,56738657.77911377,-51186.95265738666,-44578.59930218756,5,13.518539227545261,-44591.20453599095,5197,208301867240.0,130
2,63675539.929586604,63623539.11740112,-52000.81218548119,-44591.20453599095,5,-3.483853552490473,-44591.20453599095,5198,208308752160.0,130
3,9411601.710433047,9456591.077026367,44989.36659331992,46084.54813563079,3,-0.9998052334412932,46084.54813563079,5236,209255438400.0,131
0,10744413.951560661,10789263.593475342,44849.6419146806,46099.916225550696,3,22.05232964642346,46084.54813563079,5237,209256771080.0,131
2,46161585.14909601,46202284.73339844,40699.584302425385,46071.17965617776,3,-21.052524412982166,46084.54813563079,5238,209292184300.0,131
0,15582500.41146154,15575023.579833984,-7476.8316275551915,-5663.573123982176,3,-21.6537454854697,-5642.932575710118,5260,210262575480.0,132
0,47426934.52364656,47415774.779663086,-11159.743983477354,-5640.906181283295,3,12.346668562851846,-5642.932575710118,5261,210294416410.0,132
2,60367609.733140744,60354942.120391846,-12667.612748898566,-5642.932575710118,3,9.307076922617853,-5642.932575710118,5262,210307355650.0,132
3,50131796.48661727,50194036.44873047,62239.96211320162,68073.55132407695,3,-2.951376147568226,68073.55132407695,5293,211298140340.0,133
3,67855594.19222586,67915766.93322754,60172.74100168049,68068.76089163125,3,-10.137024816125631,68073.55132407695,5294,211315862170.0,133
0,79024265.64173584,79083154.22329712,58888.58156128228,68084.24450881779,3,13.088400963693857,68073.55132407695,5295,211327029620.0,133
2,43131634.84194724,43089881.4151001,-41753.42684714496,-36734.41182483733,2,3.0491395592689514,-36735.93639461696,5316,212292016870.0,134
3,50875825.56220335,50833167.93304443,-42657.62915891409,-36737.460964396596,2,-3.0491395592689514,-36735.93639461696,5317,212299760200.0,134
3,32882559.56771007,32935766.830352783,53207.2626427114,57033.64346613735,1,,57033.64346613735,5352,214283779860.0,136
1,48201531.25719057,48169268.29888916,-32262.95830141008,-26653.984508402646,2,-7.73223303258419,-26650.118391886353,5381,215300005180.0,137
3,63388995.54046351,63354973.02429199,-34022.51617151499,-26646.25227537006,2,7.73223303258419,-26650.118391886353,5382,215315190970.0,137
0,3058591.7263376117,3020925.249847412,-37666.476490199566,-37310.563298459165,5,39.31928369123489,-37345.521962367,5401,216255775100.0,138
1,7161467.1363881035,7123302.213134766,-38164.92325333785,-37331.578742493875,5,18.30383965652436,-37345.521962367,5402,216259877500.0,138
1,27480861.457824826,27440318.123931885,-40543.333892941475,-37345.521962367,5,-2.610990153159946,-37345.521962367,5403,216280194630.0,138
3,52697002.87325911,52653516.54046631,-43486.332792803645,-37354.2432019338,5,-15.692849503364414,-37345.521962367,5404,216305407970.0,138
1,62851214.90975874,62806529.52670288,-44685.383055858314,-37371.69803190231,5,-33.14767947187647,-37345.521962367,5405,216315561040.0,138
0,66625402.20821421,66679871.24911499,54469.04090078175,62221.90943394601,1,,62221.90943394601,5424,217320343960.0,139
1,79250933.11503947,79249980.68670654,-952.4283329248428,8269.610787406564,1,,8269.610787406564,5467,219334897350.0,141
3,24834922.02938413,24796800.417022705,-38121.61236142367,-35231.69531561807,2,21.556597974151373,-35242.473614605144,5514,221282440130.0,143
1,53178322.62499213,53136881.27468872,-41441.350303411484,-35253.25191359222,2,-21.556597974151373,-35242.473614605144,5515,221310780370.0,143
3,15589978.083862916,15621713.366241455,31735.282378539443,33549.41102186777,2,-4.659659964963794,33551.74085185025,5538,222274182740.0,144
0,36433391.83758658,36462706.33465576,29314.49706918001,33554.07068183273,2,4.659659964963794,33551.74085185025,5539,222295023850.0,144
1,4484624.187939234,4494288.994049072,9664.806109838188,10186.659646137618,4,-10.543401219882071,10196.961347006261,5561,223264023690.0,145
1,37445614.08257474,37451453.924713135,5839.842138394713,10197.2030473575,4,0.48340070247650146,10196.961347006261,5562,223296981040.0,145
0,45488087.261400655,45493018.767700195,4931.5062995404005,10224.730035148561,4,28.010388493537903,10196.961347006261,5563,223305022650.0,145
1,59602508.44772357,59605769.51824951,3261.070525944233,10196.719646655023,4,-0.48340070247650146,10196.961347006261,5564,223319135480.0,145
2,66745159.96416835,66805746.1489563,60586.18478795141,68352.98893886805,2,-21.261393427848816,68363.61963558197,5586,224327318270.0,146
0,69505064.36277017,69565350.65252686,60286.289756685495,68374.2503322959,2,21.261393427848816,68363.61963558197,5587,224330077890.0,146
2,23962293.28730134,23972427.593963623,10134.306662283838,12922.68021729961,2,12.250556703656912,12916.554938947782,5616,225285493340.0,147
3,57681569.95646899,57687768.26712036,6198.310651369393,12910.429660595953,2,-12.250556703656912,12916.554938947782,5617,225319208870.0,147
1,24334730.625813533,24313169.81137085,-21560.81444268301,-18729.102196618915,2,-1.871978610754013,-18728.166207313538,5651,227287798350.0,149
0,44067584.17241566,44043729.01538086,-23855.157034799457,-18727.23021800816,2,1.871978610754013,-18728.166207313538,5652,227307529020.0,149
1,36812179.20573534,36805452.34298706,-6726.862748280168,-2443.211523041129,3,4.397035665810108,-2444.818318963051,5698,229302156920.0,151
1,41518362.02349414,41511085.91873169,-7276.104762449861,-2444.818318963051,3,1.9868417829275131,-2444.818318963051,5699,229306862580.0,151
3,72537642.99732098,72526751.75177002,-10891.245550960302,-2450.3987984508276,3,-6.383877448737621,-2444.818318963051,5700,229337878420.0,151
1,12483153.303185802,12570247.542419434,87094.23923363164,88546.84204323962,2,8.833697754889727,88542.42519436218,5728,230278896160.0,152
3,71603119.68837681,71683325.5958252,80205.90744838119,88538.00834548473,2,-8.833697754889727,88542.42519436218,5729,230338009570.0,152
3,31684737.851526454,31708208.87286377,23471.02133731544,27158.01757192239,3,7.342957004904747,27158.01757192239,5749,231299063850.0,153
1,55047014.42179371,55067747.698516846,20733.276723138988,27138.82553501427,3,-21.44509835727513,27158.01757192239,5750,231322423520.0,153
0,56293158.73430549,56313770.701538086,20611.967232592404,27162.523694820702,3,14.102141352370381,27158.01757192239,5751,231323669550.0,153
3,51765971.397509396,51776211.25531006,10239.857800662518,16263.607863470912,1,,16263.607863470912,5768,232320112690.0,154
1,23825690.12769421,23747625.89715576,-78064.23053844646,-75291.7528174892,5,9.36679707840085,-75300.46473566443,5794,233293033440.0,155
3,37244864.669418216,37165240.551208496,-79624.11820971966,-75290.11751708388,5,11.002097483724356,-75300.46473566443,5795,233306451130.0,155
3,38426145.843885705,38346373.91860962,-79771.92527608573,-75300.46473566443,5,-3.701080184429884,-75300.46473566443,5796,233307632270.0,155
3,75071463.01024699,74987408.16265869,-84054.8475883007,-75319.15273287892,5,-23.04395630210638,-75300.46473566443,5797,233344273510.0,155
0,76220152.84962535,76135981.71292114,-84171.13670420647,-75301.77449347079,5,-5.665716893970966,-75300.46473566443,5798,233345422090.0,155
3,77745398.33431809,77688152.87368774,-57245.460630342364,-48198.61314624548,2,-13.320545747876167,-48191.95287337154,5818,234347811890.0,156
0,79065741.24200255,79008355.46014404,-57385.78185850382,-48185.2926004976,2,13.320545747876167,-48191.95287337154,5819,234349132100.0,156
0,45359695.37161129,45327514.11077881,-32181.260832481086,-26902.977426074445,1,,-26902.977426074445,5839,235316352690.0,157
3,16295095.36589026,16264570.734985352,-30524.630904909223,-28628.45125090331,3,16.93165684118867,-28639.12768279761,5862,236288208100.0,158
3,36935872.01367589,36902934.84124756,-32937.17242833227,-28639.12768279761,3,0.917008999735117,-28639.12768279761,5863,236308846580.0,158
3,75155937.40623346,75118540.24337769,-37397.162855774164,-28651.638132691383,3,-17.848665840923786,-28639.12768279761,5864,236347062400.0,158
1,2934007.0776738385,2978321.9729003906,44314.89522655215,44656.31111890962,3,1.2390345367603004,44655.07980025932,5914,238276797210.0,160
2,23204933.334716383,23246888.15576172,41954.82104533538,44655.064368486404,3,-0.631091098068282,44655.07980025932,5915,238297065890.0,160
3,26650154.87846821,26691708.811553955,41553.93308574334,44655.07980025932,3,-0.6079434386920184,44655.07980025932,5916,238300510730.0,160
2,44749369.573675364,44776739.44857788,27369.874902516603,32577.13771441579,1,,32577.13771441579,5968,240320549120.0,162
0,13004317.551617436,12935487.438476562,-68830.11314087361,-67316.86502529494,3,24.021244848147035,-67321.4473669231,5988,241289668190.0,163
0,40278202.723753855,40206194.30114746,-72008.4226063937,-67321.4473669231,3,17.147732405923307,-67321.4473669231,5989,241316939050.0,163
1,74626215.65300983,74550171.44421387,-76044.20879596472,-67360.32517336309,3,-41.16897725407034,-67321.4473669231,5990,241351283220.0,163
0,30287731.511828616,30317449.31967163,29717.807843014598,33242.24135930464,1,,33242.24135930464,6011,242307956990.0,164
0,9147870.130478354,9082019.640960693,-65850.48951766081,-64785.99711492099,4,26.84642287157476,-64807.3703619726,6033,243287701910.0,165
3,47503793.95904466,47433464.280303955,-70329.67874070257,-64801.89718615264,4,10.946351639926434,-64807.3703619726,6034,243326053570.0,165
2,69922447.77710128,69849498.40414429,-72949.3729569912,-64812.84353779256,4,-10.946351639926434,-64807.3703619726,6035,243348469730.0,165
3,79331935.2411725,79257875.5718689,-74059.66930361092,-64828.204366490245,4,-26.30718033760786,-64807.3703619726,6036,243357878160.0,165
0,20270920.991904203,20290618.20565796,19697.213753756136,22056.040571872145,2,36.92419155314565,22037.578476095572,6065,244299814240.0,166
1,75089599.09894675,75102880.4100647,13281.311117947102,22019.116380319,2,-36.92419155314565,22037.578476095572,6066,244354626810.0,166
1,26748184.27905966,26803766.96347046,55582.684410799295,58695.23832181841,2,6.739152081310749,58691.868745777756,6094,245307262070.0,167
1,58762076.56502456,58813927.2119751,51850.646950535476,58688.4991697371,2,-6.739152081310749,58691.868745777756,6095,245339272410.0,167
2,17451518.70152531,17440630.66244507,-10888.039080239832,-8857.292162206024,3,-14.86775042116642,-8842.440729297698,6143,248300858720.0,170
0,44337821.51496199,44323819.70123291,-14001.813729077578,-8842.440729297698,3,7.409398941323161,-8842.440729297698,6144,248327742060.0,170
3,57185794.39862336,57170297.56246948,-15496.836153879762,-8842.408094272017,3,7.458351479843259,-8842.440729297698,6145,248340588610.0,170
0,37927616.13687312,37862639.01818848,-64977.11868464202,-60563.669580549,2,18.09693218022585,-60572.718046639115,6165,249322268480.0,171
1,57011797.81192155,56944581.864471436,-67215.94745011628,-60581.76651272923,2,-18.09693218022585,-60572.718046639115,6166,249341350530.0,171
0,14806278.979878975,14888323.462036133,82044.48215715773,83767.41561184265,4,44.101209143176675,83724.51974168047,6190,250300210760.0,172
0,59187673.6570881,59264504.26974487,76830.61265677214,83717.98950462043,4,-7.735576041042805,83724.51974168047,6191,250344587190.0,172
3,61014008.188512035,61090634.01522827,76625.82671623677,83725.72508066148,4,2.4106779620051384,83724.51974168047,6192,250346413330.0,172
3,74956824.76969364,75031825.72912598,75000.95943233371,83723.31440269947,4,-2.4106779620051384,83724.51974168047,6193,250360354600.0,172
0,27837833.555095207,27782959.1635437,-54874.391551505774,-51635.040543515235,2,30.65313147753477,-51650.367109254,6294,254317060880.0,176
1,29326379.065208983,29271300.805847168,-55078.25936181471,-51665.69367499277,2,-30.65313147753477,-51650.367109254,6295,254318549230.0,176
2,19704609.075901464,19664560.163146973,-40048.91275449097,-37755.98485312611,2,27.954346604645252,-37769.96202642843,6322,255309863000.0,177
1,71537757.56490606,71491649.13067627,-46108.434229791164,-37783.939199730754,2,-27.954346604645252,-37769.96202642843,6323,255361690380.0,177
0,7496890.465297106,7455968.237426758,-40922.22787034791,-40049.85180568509,3,21.515800558030605,-40065.39111317322,6347,256298555960.0,178
3,12464726.19379793,12423210.344146729,-41515.8496512007,-40065.39111317322,3,-1.793160674162209,-40065.39111317322,6348,256303523230.0,178
1,34807972.667110175,34763844.89138794,-44127.77572223544,-40077.34409931302,3,-19.722639883868396,-40065.39111317322,6349,256325863990.0,178
2,57216806.66892627,57153214.75582886,-63591.913097411394,-56933.87629328668,1,,-56933.87629328668,6365,257349142050.0,179
3,5808711.102046005,5823612.433135986,14901.3310899809,15577.26207168959,3,12.35246698372066,15565.593562103808,6387,258298727860.0,180
3,58335260.099399164,58344037.50726318,8777.407864019275,15565.593562103808,3,-5.150297394953668,15565.593562103808,6388,258351248580.0,180
2,62233073.15113415,62241395.62185669,8322.470722541213,15564.225647307932,3,-7.202169588766992,15565.593562103808,6389,258355145960.0,180
2,6365354.026346479,6400598.221862793,35244.19551631436,35984.900282029994,4,3.402049538679421,35983.199257260654,6418,259300293510.0,181
3,27616657.237792276,27649428.900115967,32771.66232369095,35985.27613754943,4,3.7779050581157207,35983.199257260654,6419,259321542460.0,181
3,34123371.63599586,34155382.366241455,32010.73024559766,35981.498232491314,4,-3.402049538679421,35983.199257260654,6420,259328048450.0,181
1,56618207.13360953,56647586.06237793,29378.928768396378,35967.309505201876,4,-17.59077682811767,35983.199257260654,6421,259350540780.0,181
0,24251551.709643554,24200119.4664917,-51432.243151854724,-48610.21002487093,2,28.424535542726517,-48624.422292642295,6446,260319051840.0,182
2,63975659.58947849,63919576.423828125,-56083.16565036774,-48638.63456041366,2,-28.424535542726517,-48624.422292642295,6447,260358771520.0,182
3,7172396.991714972,7125276.682952881,-47120.30876209121,-46285.692398040555,1,,-46285.692398040555,6479,261302911290.0,183
3,59631883.15904236,59627913.204833984,-3969.9542083740234,2969.1131022050977,1,,2969.1131022050977,6509,262356346050.0,184
0,5058239.787790456,4982605.114654541,-75634.67313591484,-75046.07078929897,2,27.19136714655906,-75059.66647287225,6541,263302685000.0,185
2,24651456.93315116,24573515.102874756,-77941.83027640358,-75073.26215644553,2,-27.19136714655906,-75059.66647287225,6542,263322276020.0,185
2,50670131.68596868,50595644.64675903,-74487.03920964897,-68590.80659417063,1,,-68590.80659417063,6559,264349172780.0,186
3,1785727.1910824904,1803162.1043395996,17434.913257109234,17642.709498328157,7,-18.590998933650553,17650.857888054103,6578,265301290860.0,187
2,6427315.000705473,6444196.04284668,16881.042141206563,17628.95699905604,7,-32.34349820576608,17650.857888054103,6579,265305931920.0,187
1,25775486.7403,25790137.40664673,14650.666346728802,17650.03225601837,7,-11.268241243436933,17650.857888054103,6580,265325277970.0,187
1,26254458.960965283,26269054.717315674,14595.756350390613,17650.857888054103,7,-10.029793189838529,17650.857888054103,6581,265325756890.0,187
1,51629118.32566306,51640782.243621826,11663.917958766222,17671.743106469512,7,21.29803443327546,17650.857888054103,6582,265351128760.0,187
0,59814331.93533002,59825076.28512573,10744.34979571402,17704.64776802063,7,54.20269598439336,17650.857888054103,6583,265359313100.0,187
3,72570425.2929259,72579684.66223145,9259.369305551052,17704.030771657825,7,53.58569962158799,17650.857888054103,6584,265372067780.0,187
3,35449693.05984557,35449358.16720581,-334.8926397562027,3790.212811395526,1,,3790.212811395526,6612,266335930770.0,188
2,25343683.22591526,25373281.99761963,29598.771704368293,32547.890774339437,3,-13.16220104880631,32551.344712018967,6630,267326804130.0,189
0,29533344.361395143,29562478.47341919,29134.11202404648,32570.76123875752,3,21.143495578318834,32551.344712018967,6631,267330993350.0,189
1,69089844.67056677,69114356.37176514,24511.701198369265,32551.344712018967,3,-7.981294529512525,32551.344712018967,6632,267370545450.0,189
2,49311853.47494669,49326930.80194092,15077.326994225383,20815.503492183983,1,,20815.503492183983,6655,268351695630.0,190
0,6528050.995644917,6528044.379943848,-6.615701069124043,753.0213062828407,2,5.900279711000621,750.0711664273404,6683,269309847020.0,191
2,32292940.364058346,32289929.71533203,-3010.6487263143063,747.12102657184,2,-5.900279711000621,750.0711664273404,6684,269335609050.0,191
3,707219.7648896069,741848.1480102539,34628.38312064705,34710.67878685729,3,13.101358527084813,34703.96841796581,6705,270305005420.0,192
2,7677138.395573556,7710949.013366699,33810.617793142796,34703.96841796581,3,3.0358051898656413,34703.96841796581,6706,270311974560.0,192
2,71247741.63826495,71274142.07739258,26400.439127624035,34691.186438694596,3,-16.137163716950454,34703.96841796581,6707,270375538110.0,192
3,30714350.292756326,30648153.424865723,-66196.86789060384,-62622.79085678607,1,,-62622.79085678607,6734,271335867530.0,193
2,19365326.758188352,19390518.452819824,25191.69463147223,27445.141927577555,1,,27445.141927577555,6933,280357984590.0,202
0,14122331.503220648,14068535.507751465,-53795.99546918273,-52152.64959962852,4,13.650343036279082,-52163.4266625382,6957,281353626150.0,203
1,54900051.29657686,54841496.549194336,-58554.74738252163,-52166.2999426648,4,-5.746560253202915,-52163.4266625382,6958,281394399340.0,203
3,65690070.54738932,65630265.96539307,-59804.58199625462,-52160.5533824116,4,5.746560253202915,-52163.4266625382,6959,281405188170.0,203
1,74842847.86396569,74781964.57446289,-60883.28950279951,-52174.197461247444,4,-13.644078835844994,-52163.4266625382,6960,281414339920.0,203
3,105843.78035981936,79269.62591552734,-26574.154444292013,-26561.83792706307,3,0.9647887743049068,-26561.83792706307,6992,282340530490.0,204
1,1821080.0141249532,1794299.9952392578,-26780.018885695376,-26568.10881131026,3,-8.441537596481794,-26561.83792706307,6993,282342245530.0,204
1,28195300.353512418,28165461.909240723,-29838.44427169487,-26557.496620364487,3,7.476748822176887,-26561.83792706307,6994,282368616840.0,204
0,526249.2364458407,493436.3854980469,-32812.850947793806,-32751.613926918595,2,-12.100143456249498,-32745.56385519047,7039,284342738940.0,206
2,45315257.53041391,45277244.90423584,-38012.6261780709,-32739.513783462346,2,12.100143456249498,-32745.56385519047,7040,284387523000.0,206
0,49758759.184774704,49732691.6496582,-26067.535116501153,-20277.354411438107,3,20.642740789800882,-20295.480470731854,7061,285392836060.0,207
2,51359024.54075235,51332752.66461182,-26271.876140534878,-20295.480470731854,3,-6.54634815081954,-20295.480470731854,7062,285394436130.0,207
1,63128273.02144247,63100626.58270264,-27646.438739836216,-20300.513833723962,3,-14.096392638981342,-20295.480470731854,7063,285406204070.0,207
1,76658295.73293367,76613896.11071777,-44399.622215896845,-35479.27548483014,1,,-35479.27548483014,7089,286420637980.0,208
1,75955.3730253781,45153.758728027344,-30801.614297350752,-30792.775746258587,1,,-30792.775746258587,7120,287344941500.0,209
1,54092498.52434128,54059111.90167236,-33386.6226689145,-27092.14615109563,1,,-27092.14615109563,7144,288399868390.0,210
3,20774449.854623735,20749479.794189453,-24970.060434281826,-22552.640452809632,1,,-22552.640452809632,7196,290368395860.0,212
2,24410886.310406283,24371527.242492676,-39359.06791360676,-36518.49380718544,7,5.653185777366161,-36523.58501948416,7222,291372871420.0,213
2,29228163.02904038,29188250.194458008,-39912.8345823735,-36511.69780991599,7,12.44918304681778,-36523.58501948416,7223,291377688170.0,213
2,31354048.85902042,31313878.25805664,-40170.600963778794,-36522.08537168056,7,2.061621282249689,-36523.58501948416,7224,291379813810.0,213
2,44563434.42551266,44521724.09008789,-41710.335424765944,-36524.70896644145,7,-1.873770859092474,-36523.58501948416,7225,291393021730.0,213
3,57957926.744991794,57914658.88269043,-43267.86230136454,-36523.58501948416,7,-0.18785042315721512,-36523.58501948416,7226,291406414740.0,213
1,74007648.76026246,73962498.7668457,-45149.99341675639,-36538.08936409652,7,-15.254168514162302,-36523.58501948416,7227,291422462670.0,213
3,74885655.75113076,74840413.8369751,-45241.91415566206,-36527.840772002935,7,-5.00557642057538,-36523.58501948416,7228,291423340590.0,213
1,60461790.000670426,60426454.29534912,-35335.7053213045,-28300.065856188536,2,-6.4434158354997635,-28296.844148270786,7258,292409828170.0,214
2,72132246.0632231,72095558.7680664,-36687.2951566875,-28293.622440353036,2,6.4434158354997635,-28296.844148270786,7259,292421497340.0,214
1,7806674.504758069,7778711.621887207,-27962.88287086226,-27054.458769684657,4,-11.664700275287032,-27048.626419547014,7293,293358051800.0,215
0,10060264.28443484,10032068.968261719,-28195.316173121333,-27024.652975285426,4,29.805794399231672,-27048.626419547014,7294,293360305170.0,215
0,57172840.15550372,57139144.4407959,-33695.71470782161,-27042.79406940937,4,11.664700275287032,-27048.626419547014,7295,293407412510.0,215
3,77123391.6164419,77087362.42254639,-36029.19389551878,-27054.726256802678,4,-11.932187393307686,-27048.626419547014,7296,293427360840.0,215
1,43570109.31535041,43542824.26324463,-27285.052105784416,-22215.01397765428,2,-16.33059060573578,-22206.84868235141,7313,294394725670.0,216
0,47203155.34543191,47175463.86431885,-27691.48111306131,-22198.683387048542,2,16.33059060573578,-22206.84868235141,7314,294398358330.0,216
2,8373248.381318182,8335683.652954102,-37564.72836408019,-36590.374863098375,2,14.343040299601853,-36597.54638324818,7344,295360390000.0,217
2,54204468.54382592,54161556.320007324,-42912.22381859273,-36604.71790339798,2,-14.343040299601853,-36597.54638324818,7345,295406216130.0,217
3,19822817.82667362,19800218.309448242,-22599.51722537726,-20292.833956331015,1,,-20292.833956331015,7387,297373657840.0,219
1,59712057.883219,59698837.67614746,-13220.20707154274,-6271.810224846005,2,-11.076125264167786,-6266.272162213922,7417,298414476480.0,220
3,62308904.408469625,62295393.095336914,-13511.313132710755,-6260.734099581838,2,11.076125264167786,-6266.272162213922,7418,298417073050.0,220
0,11271344.362784589,11287577.034667969,16232.67188338004,17544.262480065227,2,-56.57386324554682,17572.549411688,7444,299366968360.0,221
0,66884967.011608735,66894784.775146484,9817.763537749648,17600.836343310773,2,56.57386324554682,17572.549411688,7445,299422575880.0,221
2,63777147.106712565,63695283.909973145,-81863.1967394203,-74441.76556526124,1,,-74441.76556526124,7465,300420340190.0,222
1,46757813.07703085,46720905.22930908,-36907.847721770406,-31466.87227292359,1,,-31466.87227292359,7485,301404181320.0,223
1,69034549.49421354,68988467.71594238,-46081.77827115357,-38048.569183692336,1,,-38048.569183692336,7503,302427348580.0,224
2,72058928.32428607,72018598.50970459,-40329.8145814836,-31944.67348779738,1,,-31944.67348779738,7530,303431228380.0,225
2,4909160.666251885,4909468.85949707,308.1932451855391,879.4479917567223,4,-13.797748098149896,890.028970234096,7553,304365023310.0,226
2,48720255.39197296,48715472.869018555,-4782.522954404354,886.8122006133199,4,-6.433539241552353,890.028970234096,7554,304408829560.0,226
1,57056562.206525624,57050816.062316895,-5746.144208729267,893.2457398548722,4,6.433539241552353,890.028970234096,7555,304417164950.0,226
3,69540815.26520872,69533625.96569824,-7189.299510478973,902.8212208151817,4,16.00902020186186,890.028970234096,7556,304429647830.0,226
2,13775087.960924376,13779624.12286377,4536.161939393729,6139.100795358419,2,-9.589173153042793,6143.895381934941,7570,305374874240.0,227
3,36193181.18127398,36195118.24975586,1937.0684818774462,6148.689968511462,2,9.589173153042793,6143.895381934941,7571,305397289860.0,227
1,18589304.892617542,18571918.516723633,-17386.375893909484,-15223.230424184352,3,-23.8075597807765,-15207.89422442764,7588,306380606070.0,228
2,18884262.222954527,18866856.860534668,-17405.362419858575,-15207.89422442764,3,-0.8032601457089186,-15207.89422442764,7589,306380901010.0,228
3,56365036.285453886,56343286.41345215,-21749.872001737356,-15190.95150437951,3,24.61081992648542,-15207.89422442764,7590,306418377650.0,228
2,46077917.97591527,46048429.55578613,-29488.42012913525,-24126.560710519552,1,,-24126.560710519552,7613,307409017380.0,229
2,10591603.616745766,10600298.25994873,8694.643202964216,9927.13573095575,1,,9927.13573095575,7639,308374447630.0,230
1,7025614.465057299,7054981.433044434,29366.967987135053,30184.503994529136,3,-18.374109289608896,30194.50123091042,7665,309371848970.0,231
3,25829220.218062762,25856425.854431152,27205.636368390173,30211.25497672707,3,21.752364007290453,30194.50123091042,7666,309390650520.0,231
3,31356639.13499266,31383184.819213867,26545.684221208096,30194.50123091042,3,-3.378254717681557,30194.50123091042,7667,309396177310.0,231
1,40372654.1597642,40364507.750183105,-8146.40958109498,-3448.4434951618314,1,,-3448.4434951618314,7689,310406087440.0,232
1,18386546.730127543,18343722.582214355,-42824.14791318774,-40684.59640800953,1,,-40684.59640800953,7712,311385029080.0,233
1,11268988.822345825,11241648.133422852,-27340.68892297335,-26029.37242887728,7,-8.309908226132393,-26021.649744167924,7738,312378801450.0,234
2,13554041.934690494,13526445.303283691,-27596.631406802684,-26019.414583642036,7,3.996855840086937,-26021.649744167924,7739,312381086260.0,234
2,14637172.95246051,14609449.221740723,-27723.730719788,-26020.47529713437,7,2.936142347753048,-26021.649744167924,7740,312382169270.0,234
3,27926588.9303936,27897324.604309082,-29264.326084516943,-26014.647052478045,7,8.764387004077435,-26021.649744167924,7741,312395457220.0,234
1,28522072.752588987,28492721.260864258,-29351.491724729538,-26032.519185498357,7,-11.45666484721005,-26021.649744167924,7742,312396052620.0,234
1,63400988.25535439,63367585.42279053,-33402.832563862205,-26025.17313479632,7,-4.1106141451746225,-26021.649744167924,7743,312430927680.0,234
3,74123992.30739099,74089345.215271,-34647.09211999178,-26021.649744167924,7,1.1744717974215746,-26021.649744167924,7744,312441649500.0,234
3,20242459.713016234,20220269.45050049,-22190.262515746057,-19834.74759588763,5,2.2690452821552753,-19834.74759588763,7773,313388642830.0,235
1,30561139.78321316,30537741.513183594,-23398.270029567182,-19842.021344982088,5,-7.423198478296399,-19834.74759588763,7774,313398960360.0,235
0,43534959.06435003,43510058.667785645,-24900.396564386785,-19834.44869711995,5,2.71739343367517,-19834.74759588763,7775,313411932750.0,235
3,74683525.83391312,74655003.77490234,-28522.059010773897,-19831.50648586452,5,5.659604689106345,-19834.74759588763,7776,313443077870.0,235
2,79648453.77910732,79619345.89788818,-29107.881219133735,-19839.58458521962,5,-4.986438715830445,-19834.74759588763,7777,313448042240.0,235
0,27473035.115777276,27448790.286010742,-24244.82976653427,-21047.92854867503,3,22.22945525869727,-21068.111595593393,7800,314396789140.0,236
3,47312182.489642724,47285608.89337158,-26573.596271142364,-21068.111595593393,3,-8.045115118846297,-21068.111595593393,7801,314416626070.0,236
1,49666177.28796737,49639325.67614746,-26851.611819908023,-21072.204412274063,3,-14.184340139850974,-21068.111595593393,7802,314418979800.0,236
0,64879665.00612971,64845117.97595215,-34547.03017756343,-26997.304448381066,2,26.15297068655491,-27010.380933724344,7824,315435057090.0,237
2,71366289.5545575,71330961.55499268,-35327.99956482649,-27023.45741906762,2,-26.15297068655491,-27010.380933724344,7825,315441542970.0,237
0,43854371.41222191,43825527.38708496,-28844.025136947632,-23740.908834531903,3,27.83718141913414,-23763.43112064898,7847,316414964090.0,238
1,52582030.52512672,52552148.38317871,-29882.141948007047,-23763.43112064898,3,-5.946247756481171,-23763.43112064898,7848,316423690760.0,238
1,78545426.6077326,78512512.6040039,-32914.00372868776,-23774.060911253095,3,-21.89093366265297,-23763.43112064898,7849,316449651270.0,238
3,37321410.81523524,37307753.02233887,-13657.79289637506,-9314.884907335043,1,,-9314.884907335043,7889,318410249520.0,240
3,21511632.306597978,21523703.242004395,12070.935406416655,14574.137663803995,3,14.233651768416166,14566.046586483717,7916,319395354970.0,241
2,27376309.912247147,27387690.313049316,11380.400802168995,14566.046586483717,3,2.09703578799963,14566.046586483717,7917,319401218990.0,241
1,55175570.97275541,55183704.22589111,8133.253135703504,14553.76143758744,3,-16.330687556415796,14566.046586483717,7918,319429015160.0,241
1,22319061.435077354,22285522.1998291,-33539.23524825275,-30942.076456639916,5,3.905190158635378,-30942.942694425583,7939,320397068590.0,242
3,26974296.35693656,26940216.061584473,-34080.295352086425,-30941.42989688739,5,4.551749911159277,-30942.942694425583,7940,320401723310.0,242
1,61186032.90629472,61147963.96966553,-38068.93662919104,-30949.02059917152,5,-6.511023638769984,-30942.942694425583,7941,320435931250.0,242
2,76445305.1822908,76405458.29193115,-39846.89035965502,-30951.32828554511,5,-8.818710012361407,-30942.942694425583,7942,320451188830.0,242
0,77790575.78571945,77750580.73846436,-39995.04725509882,-30942.942694425583,5,2.6058334801346064,-30942.942694425583,7943,320452533960.0,242
1,33345959.64000067,33336611.583374023,-9348.05662664771,-5467.752228736877,2,-3.117243029177189,-5466.193607222289,7985,322409850790.0,244
0,54385836.694546044,54374043.44873047,-11793.245815575123,-5464.6349857077,2,3.117243029177189,-5466.193607222289,7986,322430888340.0,244
1,57706379.35737004,57674780.47570801,-31598.8816620335,-24883.87570552528,1,,-24883.87570552528,8009,323435082780.0,245
2,9886955.788545862,9858410.47064209,-28545.317903771996,-27394.8217584379,3,14.73588534630835,-27406.32926750183,8021,324388173650.0,246
2,22361188.820634536,22331180.430419922,-30008.39021461457,-27406.32926750183,3,-2.5253782495856285,-27406.32926750183,8022,324400646490.0,246
1,23068333.59386792,23038236.459960938,-30097.13390698284,-27412.78602006659,3,-12.210507096722722,-27406.32926750183,8023,324401353550.0,246
0,22298985.824672338,22267306.480529785,-31679.344142552465,-29084.521450430155,1,,-29084.521450430155,8047,325401453260.0,247
3,14404943.184461769,14373650.245483398,-31292.93897837028,-29616.706985235214,3,-11.761110045015812,-29610.365529686213,8075,326394475260.0,248
0,27091841.080760367,27059089.010986328,-32752.06977403909,-29599.526220694184,3,14.010036766529083,-29610.365529686213,8076,326407160770.0,248
3,57585249.072907016,57548937.79675293,-36311.276154085994,-29610.365529686213,3,-2.2489267215132713,-29610.365529686213,8077,326437650790.0,248
2,12825755.347146798,12817618.60144043,-8136.745706368238,-6644.275991374627,5,-14.612822713330388,-6639.245455645025,8095,327393802920.0,249
3,35470840.86425084,35460071.45385742,-10769.410393416882,-6641.844076864421,5,-12.180908203125,-6639.245455645025,8096,327416445500.0,249
3,46217618.473984286,46205601.112854004,-12017.361130282283,-6639.245455645025,5,-8.282976374030113,-6639.245455645025,8097,327427191090.0,249
0,53502636.126892,53489790.208862305,-12845.91802969575,-6620.080881677568,5,20.463884577155113,-6639.245455645025,8098,327434475320.0,249
0,72410687.61545756,72395644.04394531,-15043.571512252092,-6617.497929617763,5,23.046836636960506,-6639.245455645025,8099,327453381280.0,249
0,27987980.250658564,27910522.653015137,-77457.59764342755,-74200.77480708435,3,13.901784105226398,-74213.47105917335,8146,329410740110.0,251
2,29436735.808094107,29359094.518615723,-77641.28947838396,-74215.88212320581,3,-8.759190076962113,-74213.47105917335,8147,329412188690.0,251
3,36907210.75406097,36828702.57342529,-78508.18063567579,-74213.47105917335,3,-5.142594028264284,-74213.47105917335,8148,329419658340.0,251
0,2265421.449714464,2225606.79107666,-39814.65863780398,-39551.04274822213,3,7.817104768007994,-39554.246420376,8174,330385887550.0,252
3,13465184.256918564,13424053.906738281,-41130.35018028319,-39563.47328560427,3,-10.82870130520314,-39554.246420376,8175,330397086060.0,252
0,60815199.0562478,60768568.04589844,-46631.01034936309,-39554.246420376,3,3.011596537195146,-39554.246420376,8176,330444430840.0,252
1,53782791.42956959,53752389.23126221,-30402.19830738008,-24143.760872401297,1,,-24143.760872401297,8192,331438268370.0,253
0,26368003.543506816,26329920.749816895,-38082.7936899215,-35014.479530766606,1,,-35014.479530766606,8214,332411745320.0,254
1,28483242.347399227,28440948.64300537,-42293.70439385623,-38979.25035682693,3,-8.680160839110613,-38974.3083479926,8233,333414717020.0,255
1,34325937.00896381,34282975.837402344,-42961.17156146467,-38966.83204398304,3,9.947308426722884,-38974.3083479926,8234,333420559080.0,255
2,63040434.62326227,62994124.611328125,-46310.011934146285,-38974.3083479926,3,-1.2671475876122713,-38974.3083479926,8235,333449270390.0,255
2,23590767.31407368,23563133.484069824,-27633.830003857613,-24888.68908882141,1,,-24888.68908882141,8256,334410752830.0,256
3,4195006.767988757,4195523.92767334,517.1596845826134,1005.3118741381913,3,17.64738267660141,991.6783350296319,8291,335392256780.0,257
1,18458598.125759043,18457433.840637207,-1164.2851218357682,983.650647893548,3,-14.844456690363586,991.6783350296319,8292,335406518770.0,257
2,32817800.383335136,32814973.216552734,-2827.166782401502,991.6783350296319,3,-2.802925986237824,991.6783350296319,8293,335420876390.0,257
2,29187199.03260564,29204368.953186035,17169.920580394566,20566.29057519138,2,7.795024938881397,20562.393062721938,8324,336418177370.0,258
3,37314876.97005966,37331093.31793213,16216.347872465849,20558.495550252497,2,-7.795024938881397,20562.393062721938,8325,336426304140.0,258
0,6619847.663383544,6631184.898681641,11337.235298096202,12107.554229656234,3,1.9328397903591394,12107.03869793564,8351,337396564560.0,259
0,21512307.52264858,21521911.280517578,9603.757868997753,12107.03869793564,3,1.159542209468782,12107.03869793564,8352,337411455370.0,259
0,54405173.25059746,54410946.59375,5773.343152537942,12104.20408179611,3,-3.0923819998279214,12107.03869793564,8353,337444344590.0,259
2,56068952.610622145,56005957.02520752,-62995.585414625704,-56471.1187101081,1,,-56471.1187101081,8383,338446864270.0,260
1,10141072.872289209,10104432.570739746,-36640.3015494626,-35460.23505592905,5,-33.45549496822059,-35430.26569958031,8396,339401815980.0,261
3,29663086.076167062,29624202.95843506,-38883.11773200333,-35431.371115632355,5,-4.591554671525955,-35430.26569958031,8397,339421335860.0,261
1,36192058.05605423,36152416.29956055,-39641.75649368018,-35430.26569958031,5,-2.9334305934607983,-35430.26569958031,8398,339427864110.0,261
1,54633783.50958748,54592002.75299072,-41780.75659675896,-35423.29342234135,5,7.5249852649867535,-35430.26569958031,8399,339446303800.0,261
0,62104780.23147842,62062160.8046875,-42619.42679092288,-35392.60067869723,5,38.21772890910506,-35430.26569958031,8400,339453774000.0,261
3,77785511.35543916,77807898.1486206,22386.793181449175,31438.308419421315,1,,31438.308419421315,8431,340470377670.0,262
1,17562821.89300923,17603374.89984131,40553.0068320781,42596.70555201173,2,0.850349947810173,42596.28037703782,8465,342412040050.0,264
1,26464398.595222987,26503914.91925049,39516.32402750105,42595.85520206392,2,-0.850349947810173,42596.28037703782,8466,342420940640.0,264
2,21596814.233733624,21581623.404907227,-15190.828826397657,-12677.714369449764,2,14.316493410617113,-12684.872616155073,8499,343417039750.0,265
1,41377999.32163944,41360492.337646484,-17506.98399295658,-12692.030862860382,2,-14.316493410617113,-12684.872616155073,8500,343436818730.0,265
2,47284144.4511424,47238296.269836426,-45848.18130597472,-40345.959278292954,3,6.947829809039831,-40345.959278292954,8563,345444516960.0,267
2,64793189.75946149,64745307.96008301,-47881.79937848449,-40342.13634606451,3,12.682228151708841,-40345.959278292954,8564,345462024070.0,267
2,76569685.55105805,76520411.83758545,-49273.71347260475,-40363.67787013948,3,-19.630057960748672,-40345.959278292954,8565,345473799240.0,267
2,42123131.26239452,42116398.763305664,-6732.499088853598,-1830.838640153408,2,-1.5478107184171677,-1830.0647347941995,8601,346440258510.0,268
2,52991253.36192217,52983257.74102783,-7995.62089433521,-1829.2908294349909,2,1.5478107184171677,-1830.0647347941995,8602,346451125430.0,268
2,32515905.825674362,32517143.96508789,1238.1394135281444,5021.8545544222,2,-1.64658123254776,5022.677845038474,8619,347431599990.0,269
1,41655106.34783709,41655282.650268555,176.30243146419525,5023.5011356547475,2,1.64658123254776,5022.677845038474,8620,347440738180.0,269
0,20940959.530945744,20954634.35522461,13674.82427886501,16111.620167832822,1,,16111.620167832822,8646,348420949020.0,270
0,35748985.480145365,35679163.07574463,-69822.4044007361,-65662.47177090496,2,14.45143225044012,-65669.69748703018,8664,349436595220.0,271
1,58946479.060027786,58873942.82659912,-72536.2334286645,-65676.9232031554,2,-14.45143225044012,-65669.69748703018,8665,349459790130.0,271
1,27389807.518431522,27364303.0670166,-25504.45141492039,-22317.234980929643,3,-0.9509953334927559,-22317.027123488486,8717,351430036450.0,273
2,65568675.62998962,65538728.70037842,-29946.929611198604,-22317.027123488486,3,-0.639209171757102,-22317.027123488486,8718,351468211090.0,273
3,74561070.05369903,74530078.2098999,-30991.84379912913,-22315.540847703815,3,1.590204505249858,-22317.027123488486,8719,351477202490.0,273
1,15529951.85118331,15526645.0022583,-3306.84892500937,-1499.7052374947816,2,-7.669269243255258,-1495.870602873154,8751,352419110330.0,274
2,45713056.96846736,45706245.53015137,-6811.438315995038,-1492.0359682515264,2,7.669269243255258,-1495.870602873154,8752,352449290100.0,274
0,53059977.25160615,53038076.73724365,-21900.514362499118,-15726.187238454819,2,18.027219414711,-15735.200848162174,8816,355459357810.0,277
3,68098330.78045288,68074662.30004883,-23668.480404049158,-15744.21445786953,2,-18.027219414711,-15735.200848162174,8817,355474394480.0,277
0,6818652.105731933,6816721.3203125,-1930.7854194333777,-1137.3325981814414,2,39.220622254535556,-1156.9429093087092,8876,357414940460.0,279
2,78555706.22372007,78545388.53149414,-10317.692225933075,-1176.553220435977,2,-39.220622254535556,-1156.9429093087092,8877,357486669530.0,279
2,58332693.43224074,58322929.3815918,-9764.05064894259,-2976.163621224463,1,,-2976.163621224463,8899,358467388770.0,280
2,59543206.778554946,59462366.484802246,-80840.29375270009,-73911.54527393728,2,-9.810444213449955,-73906.64005183056,8919,359469432650.0,281
3,70165303.36802498,70083236.84387207,-82066.52415290475,-73901.73482972383,2,9.810444213449955,-73906.64005183056,8920,359480053580.0,281
0,6135395.027937582,6101889.881225586,-33505.146711995825,-32791.20113757346,3,15.994804899208248,-32804.77834608406,8943,360416931510.0,282
3,22589925.783967767,22554487.492492676,-35438.29147509113,-32809.613538861275,3,-11.62379703251645,-32804.77834608406,8944,360433384200.0,282
3,23342114.253838316,23306593.269104004,-35520.9847343117,-32804.77834608406,3,-4.371007866691798,-32804.77834608406,8945,360434136310.0,282
1,52635077.09828623,52600470.5067749,-34606.59151132405,-28481.707916609943,1,,-28481.707916609943,8969,361464293060.0,283
1,45925370.443847254,45890425.68701172,-34944.75683553517,-29600.648618742824,1,,-29600.648618742824,9000,362458487670.0,284
3,54849497.62850501,54806397.25518799,-43100.37331701815,-36717.808557480574,2,-33.013387605547905,-36701.3018636778,9024,363468284320.0,285
0,77887666.09797959,77841917.90032959,-45748.19765000045,-36684.795169875026,2,33.013387605547905,-36701.3018636778,9025,363491319970.0,285
2,37574946.561774984,37567141.31640625,-7805.245368734002,-3432.8346788287163,2,5.110551603138447,-3435.3899546302855,9081,365452809040.0,287
1,53722279.99365368,53712590.652404785,-9689.341248892248,-3437.9452304318547,2,-5.110551603138447,-3435.3899546302855,9082,365468954580.0,287
0,5565180.030925611,5582836.175720215,17656.14479460381,18303.73727004323,2,-15.309911693446338,18311.392225889955,9100,366421773280.0,288
3,22210618.207451575,22226352.71484375,15734.507392175496,18319.047181736678,2,15.309911693446338,18311.392225889955,9101,366438416890.0,288
0,16810459.458475728,16827322.370666504,16862.91219077632,18819.06221530214,2,13.898082811385393,18812.113173896447,9121,367433951450.0,289
2,22120031.39311127,22136262.55859375,16231.165482480079,18805.164132490754,2,-13.898082811385393,18812.113173896447,9122,367439260420.0,289
1,16459734.39734172,16475305.573120117,15571.175778396428,17486.51366220601,3,-35.255812181159854,17520.444039434195,9151,368434553020.0,290
0,46193570.84587483,46205718.623413086,12147.777538254857,17523.094909340143,3,19.616058520041406,17520.444039434195,9152,368464283600.0,290
2,73646263.8895599,73655214.4821167,8950.592556804419,17520.444039434195,3,15.639753661118448,17520.444039434195,9153,368491733250.0,290
2,59680079.0984491,59618292.67236328,-61786.426085822284,-54841.750452145934,2,-12.514826849102974,-54835.49303872138,9179,369478624750.0,291
3,72976889.20865366,72913568.0133667,-63321.19528695941,-54829.23562529683,2,12.514826849102974,-54835.49303872138,9180,369491920100.0,291
1,8228167.518662823,8206480.379150391,-21687.13951243274,-20729.66835388448,2,21.442483098246157,-20740.389595433604,9223,371429021010.0,293
2,62698181.52932207,62670134.54119873,-28046.988123342395,-20751.110836982727,2,-21.442483098246157,-20740.389595433604,9224,371483484970.0,293
2,931292.2596168623,924362.7559814453,-6929.5036354169715,-6821.133761232952,1,,-6821.133761232952,9244,372422646360.0,294
0,14279669.889205106,14259393.43585205,-20276.45335305482,-18614.798793701455,1,,-18614.798793701455,9255,373436875150.0,295
2,21947851.44850484,21935125.74432373,-12725.704181108624,-10171.741259668022,2,-5.149555675685406,-10169.16648183018,9281,374445471490.0,296
0,23221637.37101735,23208768.59222412,-12868.778793230653,-10166.591703992337,2,5.149555675685406,-10169.16648183018,9282,374446745140.0,296
2,511505.22218031506,482271.7738647461,-29233.448315568967,-29173.926982711593,6,11.57233879197156,-29185.182700275443,9305,375424912200.0,297
0,4133147.057129788,4103501.439025879,-29645.618103909306,-29164.664222955238,6,20.83509854832664,-29185.182700275443,9306,375428533450.0,297
1,6250531.760021603,6220619.550476074,-29912.209545528516,-29184.866079047322,6,0.6332424562424421,-29185.182700275443,9307,375430650580.0,297
1,13658304.352899691,13627527.957336426,-30776.39556326531,-29187.04623816721,6,-2.18015911988914,-29185.182700275443,9308,375438057530.0,297
0,16236118.299504425,16205043.483398438,-31074.816105987877,-29185.499321503565,6,-0.6332424562424421,-29185.182700275443,9309,375440635060.0,297
2,73634571.6704285,73596791.20288086,-37780.467547640204,-29211.976630732417,6,-27.110551685094833,-29185.182700275443,9310,375498027130.0,297
0,17055378.530237775,17025098.31689453,-30280.213343244046,-28295.563297677785,3,7.865454852581024,-28297.809205636382,9336,376442370820.0,298
0,36781945.49849728,36749367.55621338,-32577.942283898592,-28297.809205636382,3,4.496592914685607,-28297.809205636382,9337,376462095200.0,298
2,56617693.55182941,56582796.18255615,-34897.369273260236,-28309.04829942435,3,-12.362047767266631,-28297.809205636382,9338,376481928740.0,298
1,49872228.235689245,49870485.539367676,-1742.6963215693831,4060.688215740025,2,-17.422526113688946,4069.3994787968695,9364,377476091900.0,299
3,73953317.79994309,73948790.32885742,-4527.47108566761,4078.110741853714,2,17.422526113688946,4069.3994787968695,9365,377500170340.0,299
2,4046050.6021516174,4076487.9750976562,30437.372946038842,30908.1918432964,4,-6.221956905908883,30911.302821749356,9383,378431241250.0,300
2,14713195.769198393,14742398.081176758,29202.311978364363,30914.41380020231,4,6.221956905908883,30911.302821749356,9384,378441907220.0,300
2,50816641.69979349,50841635.36767578,24993.667882293463,30906.949143461883,4,-7.464656740427017,30911.302821749356,9385,378478006660.0,300
0,53794317.0333003,53818978.64855957,24661.61525926739,30921.393871746957,4,13.2020284505561,30911.302821749356,9386,378480984020.0,300
2,39764285.33639793,39688155.26977539,-76130.06662254035,-71502.89340765774,3,-2.347854733467102,-71500.7935847044,9408,379467798770.0,301
1,40921261.37193814,40844998.77355957,-76262.59837856889,-71500.7935847044,3,0.8018796965479851,-71500.7935847044,9409,379468955620.0,301
2,73018685.6738703,72938688.55303955,-79997.1208307445,-71500.29752114415,3,1.545975036919117,-71500.7935847044,9410,379501049490.0,301
3,455784.0183644411,431479.2145385742,-24304.803825866897,-24251.766493906733,2,13.293820955674164,-24258.41340438457,9447,381430262170.0,303
1,778012.9992351257,753657.4053955078,-24355.59383961791,-24265.060314862407,2,-13.293820955674164,-24258.41340438457,9448,381430584350.0,303
1,33578231.957672924,33550124.7444458,-28107.213227123022,-24199.880448393524,2,-7.50646498799324,-24196.127215899527,9476,382464284670.0,304
2,41979974.94635214,41950897.5703125,-29077.376039639115,-24192.37398340553,2,7.50646498799324,-24196.127215899527,9477,382472685490.0,304
1,64664390.685741454,64627117.91308594,-37272.77265551686,-29748.09733427316,2,-25.303459964692593,-29735.445604290813,9500,383496234530.0,305
0,79860968.40700363,79821952.58721924,-39015.819784387946,-29722.793874308467,2,25.303459964692593,-29735.445604290813,9501,383511429450.0,305
0,3908713.6265201448,3861520.6525268555,-47192.973993289284,-46738.13632063242,2,-13.830003317911178,-46731.22131897346,9528,384436370980.0,306
0,66046351.55579701,65991941.76220703,-54409.79358997941,-46724.306317314506,2,13.830003317911178,-46731.22131897346,9529,384498501750.0,306
0,6591982.1035984885,6546781.135681152,-45200.96791733615,-44433.89156314824,1,,-44433.89156314824,9548,385439949940.0,307
3,46210098.65949615,46177766.34881592,-32332.310680232942,-26955.070049218833,1,,-26955.070049218833,9565,386480439760.0,308
0,2739432.9846037636,2759371.618408203,19938.633804439567,20257.408071928192,3,-3.8993674269877374,20257.408071928192,9587,387437933750.0,309
0,22591912.199513003,22609550.1506958,17637.95118279755,20266.860268380493,3,10.278927251463756,20257.408071928192,9588,387457784040.0,309
3,41770717.362813085,41786112.46563721,15395.102824121714,20255.754610329866,3,-6.3795598244760185,20257.408071928192,9589,387476960710.0,309
0,30341812.31088776,30283928.410705566,-57883.90018219501,-54353.173550795764,2,-6.049552235752344,-54350.14877467789,9613,388466389010.0,310
0,57450478.55303289,57389446.20098877,-61032.35204412043,-54347.12399856001,2,6.049552235752344,-54350.14877467789,9614,388493494680.0,310
2,28674920.044240586,28639383.337036133,-35536.70720445365,-32199.94858185947,3,-0.026363737881183624,-32199.94858185947,9650,389465615100.0,311
1,44309941.73022771,44272575.54962158,-37366.180606126785,-32210.051839008927,3,-15.181249462068081,-32199.94858185947,9651,389481248380.0,311
0,75211073.77916577,75170132.04589844,-40941.733267337084,-32189.79259723425,3,15.207613199949265,-32199.94858185947,9652,389512146110.0,311
3,12369687.331898138,12341478.610412598,-28208.72148554027,-26769.322149820626,5,6.5934162037447095,-26773.447245413437,9676,390450176740.0,312
2,14823713.240981804,14795214.831542969,-28498.409438835457,-26773.447245413437,5,1.2306470703333616,-26773.447245413437,9677,390452630490.0,312
2,20576437.499410868,20547262.531188965,-29174.968221902847,-26780.58995886147,5,-8.380386988632381,-26773.447245413437,9678,390458382570.0,312
1,24469996.506031904,24440370.669677734,-29625.836354169995,-26778.383886635303,5,-6.174314762465656,-26773.447245413437,9679,390462275700.0,312
3,26757822.471271686,26727937.823913574,-29884.647358112037,-26770.97189833224,5,4.943667692132294,-26773.447245413437,9680,390464563280.0,312
3,48380360.31163982,48335900.00872803,-44460.302911795676,-38830.519666194916,3,5.782299287617207,-38830.519666194916,9704,391487071960.0,313
1,62963727.02074142,62917558.12615967,-46168.894581750035,-38842.117079913616,3,-11.613821290433407,-38830.519666194916,9705,391501653700.0,313
2,70705402.78301397,70658344.65814209,-47058.124871879816,-38830.48685105145,3,5.8315220028162,-38830.519666194916,9706,391509394530.0,313
0,39094147.77889889,39058083.894226074,-36063.88467281312,-31514.6920510754,2,25.175331972539425,-31527.27971706167,9725,392478647840.0,314
2,79423019.38726437,79382237.45593262,-40781.93133175373,-31539.86738304794,2,-25.175331972539425,-31527.27971706167,9726,392518972220.0,314
3,13956494.622936392,13906928.623840332,-49565.99909606017,-47941.95084405318,1,,-47941.95084405318,9750,393454402260.0,315
0,56679293.33697435,56664706.38647461,-14586.950499743223,-7991.461463578045,2,-0.33832038193941116,-7991.292303387076,9768,394497999690.0,316
0,58157646.72666698,58142888.08581543,-14758.640851549804,-7991.123143196106,2,0.33832038193941116,-7991.292303387076,9769,394499477880.0,316
2,3101523.474759084,3128576.4041137695,27052.92935468536,27413.838301653974,3,-20.062418500892818,27429.396851204336,9789,395445387920.0,317
0,32558661.293911837,32582311.008117676,23649.71420583874,27438.404589105397,3,16.78701267624274,27429.396851204336,9790,395474841820.0,317
3,56330573.04702096,56351447.533691406,20874.486670449376,27429.396851204336,3,3.275405824650079,27429.396851204336,9791,395498611090.0,317
2,1517824.5790989725,1448521.1201782227,-69303.45892074984,-69126.83718147106,2,-8.492222495144233,-69122.59107022348,9826,396444651460.0,318
0,69416615.895365,69339419.88214111,-77196.01322388649,-69118.34495897591,2,8.492222495144233,-69122.59107022348,9827,396512542740.0,318
1,59483632.79977242,59443411.345458984,-40221.45431343466,-33299.63816393167,2,1.9676899835467339,-33300.62200892344,9847,397503481480.0,319
2,69943793.23290777,69902352.61376953,-41440.619138240814,-33301.605853915215,2,-1.9676899835467339,-33300.62200892344,9848,397513940480.0,319
2,7406850.678533711,7398691.416564941,-8159.261968769133,-7297.363388764672,6,-0.04348235111683607,-7297.341647589114,9878,398452284840.0,320
0,31242447.554464646,31231527.58441162,-10919.97005302459,-7284.440952770412,6,12.922435994260013,-7297.341647589114,9879,398476117810.0,320
1,36558166.0953102,36546597.73791504,-11568.357395157218,-7314.264419257641,6,-16.944512844085693,-7297.341647589114,9880,398481432910.0,320
3,36871876.98465598,36860285.976379395,-11591.008276581764,-7300.410316064954,6,-3.0904096513986588,-7297.341647589114,9881,398481746600.0,320
0,56818979.87313753,56805083.97735596,-13895.895781576633,-7284.152114070952,6,13.211274693720043,-7297.341647589114,9882,398501691510.0,320
2,75844140.08240044,75828017.1550293,-16122.927371144295,-7297.319906413555,6,0.04348235111683607,-7297.341647589114,9883,398520714550.0,320
2,57379557.45475812,57324374.42645264,-55183.028305485845,-48506.052997365594,3,-13.723040476441383,-48492.8234936744,9906,399503139560.0,321
3,64171105.403785706,64115146.29321289,-55959.11057281494,-48491.83642010391,3,7.601825416088104,-48492.8234936744,9907,399509930370.0,321
2,68602157.13097772,68545681.41375732,-56475.7172203958,-48492.8234936744,3,6.121215060353279,-48492.8234936744,9908,399514360930.0,321
2,31968592.559934296,32057600.092834473,89007.53290017694,92727.5599032864,3,1.1794791333377361,92727.5599032864,9933,400478727160.0,322
0,40616736.05486916,40704751.53515625,88015.48028708994,92741.84897594899,3,22.613088127225637,92727.5599032864,9934,400487374360.0,322
1,64336033.910457164,64421258.35626221,85224.44580504298,92710.91187235713,3,-23.792567260563374,92727.5599032864,9935,400511091000.0,322
3,21192829.65293705,21225633.565551758,32803.912614706904,35270.01738404855,3,12.294511504471302,35258.84113551676,9960,401468951890.0,323
3,36778536.95036057,36809516.05505371,30979.10469314456,35258.84113551676,3,-4.469861293211579,35258.84113551676,9961,401484535860.0,323
2,65283356.102942556,65311016.00628662,27659.90334406495,35256.6046095714,3,-7.824650211259723,35258.84113551676,9962,401513037520.0,323
3,14636168.239761394,14637205.743713379,1037.503951985389,2740.642461191863,1,,2740.642461191863,9981,402463324950.0,324
2,34743075.14550466,34713770.246276855,-29304.899227805436,-25262.019408494234,2,15.051888316869736,-25269.54535265267,10007,403484352400.0,325
1,70621253.7149142,70587758.79760742,-33494.917306780815,-25277.071296811104,2,-15.051888316869736,-25269.54535265267,10008,403520226590.0,325
2,5686579.712225174,5663498.99621582,-23080.716009353288,-22418.996853429824,4,-15.60847183689475,-22406.865265278146,10044,404456185410.0,326
3,14026494.70521482,14002452.169250488,-24042.53596433252,-22410.342148963362,4,-6.953767370432615,-22406.865265278146,10045,404464524410.0,326
3,46823530.03149521,46795678.02050781,-27852.01098740101,-22403.38838159293,4,6.953767370432615,-22406.865265278146,10046,404497317820.0,326
0,73064361.38862295,73033460.68347168,-30900.7051512748,-22398.566784650087,4,11.775364313274622,-22406.865265278146,10047,404523555750.0,326
2,31341824.36401126,31325720.32397461,-16104.040036652237,-12456.946948576719,2,-9.556703481823206,-12452.168596835807,10062,405482764500.0,327
0,71185037.45334601,71164306.61236572,-20730.840980291367,-12447.390245094895,2,9.556703481823206,-12452.168596835807,10063,405522603310.0,327
2,13621265.976191519,13711000.794921875,89734.81873035617,91319.85808274522,1,,91319.85808274522,10087,406466044390.0,328
3,29288708.231623814,29292447.63104248,3739.399418666959,7147.581536900252,2,13.19466033950448,7140.9842067305,10117,407482738490.0,329
1,33625151.688556105,33628373.282836914,3221.594280809164,7134.386876560748,2,-13.19466033950448,7140.9842067305,10118,407487074440.0,329
3,30148342.617181316,30167950.143066406,19607.525885090232,23115.739405114204,1,,23115.739405114204,10145,408484531490.0,330
0,31705841.845798306,31670402.161865234,-35439.68393307179,-31750.23193103075,2,15.254185244441032,-31757.85902365297,10193,410487940360.0,332
2,74133545.97917047,74093153.93896484,-40392.04020562768,-31765.48611627519,2,-15.254185244441032,-31757.85902365297,10194,410530363350.0,332
3,17077013.624680094,17042417.806274414,-34595.81840568036,-32608.65079117939,3,-8.903355238959193,-32608.65079117939,10232,411474216730.0,333
0,32981053.427933253,32944628.508239746,-36424.919693507254,-32587.077626708895,3,23.456391466781497,-32608.65079117939,10233,411490119030.0,333
1,63463544.711406305,63423547.35534668,-39997.356059625745,-32612.417245171964,3,-14.553036227822304,-32608.65079117939,10234,411520598120.0,333
0,2973471.2886477285,2966828.6118774414,-6642.6767702871,-6296.668622884434,2,14.337001014966518,-6303.837123391917,10257,412460998650.0,334
2,39860650.89034648,39849701.497924805,-10949.392421677709,-6311.0056238994,2,-14.337001014966518,-6303.837123391917,10258,412497881730.0,334
0,5053114.909771983,5027106.401855469,-26008.50791651383,-25420.50192660559,4,33.771414089016616,-25453.51819013059,10278,413463988720.0,335
2,46647023.70713413,46616142.86065674,-30880.846477389336,-25452.763039566576,4,1.5103011280298233,-25453.51819013059,10279,413505577990.0,335
3,57088071.56620575,57055974.236328125,-32097.329877622426,-25454.273340694606,4,-1.5103011280298233,-25453.51819013059,10280,413516017880.0,335
1,75908915.49373704,75874608.56121826,-34306.93251878023,-25473.787459790707,4,-21.024420224130154,-25453.51819013059,10281,413534836620.0,335
0,49811158.80211572,49797380.50836182,-13778.293753907084,-7982.0155645385385,4,14.770025193691254,-7991.414680354297,10313,414509661890.0,336
1,54227142.64360082,54212835.71362305,-14306.92997777462,-7996.78558973223,4,-10.741818755865097,-7991.414680354297,10314,414514077370.0,336
0,58908530.36656152,58893689.4284668,-14840.938094720244,-7986.043770976365,4,10.741818755865097,-7991.414680354297,10315,414518758250.0,336
1,75752052.40527493,75735234.85559082,-16817.549684107304,-8002.658006906509,4,-16.614235930144787,-7991.414680354297,10316,414535599890.0,336
1,54886308.15750315,54877971.62548828,-8336.532014869153,-1949.6837961375713,1,,-1949.6837961375713,10337,415515621090.0,337
1,34550185.92621276,34526063.1305542,-24122.795658558607,-20102.36140368879,3,-10.285004809498787,-20097.97181046009,10355,416496223680.0,338
3,37894701.94259816,37870194.351745605,-24507.590852551162,-20097.97181046009,3,-3.7006149664521217,-20097.97181046009,10356,416499567830.0,338
0,67382175.89699313,67354248.78546143,-27927.111531704664,-20086.18098729849,3,13.985619775950909,-20097.97181046009,10357,416529052050.0,338
1,36395191.74370005,36359020.46734619,-36171.27635385841,-31936.147897198796,4,-3.000853419303894,-31934.412731345743,10375,417498938300.0,339
2,57929606.21615016,57890929.55596924,-38676.66018091887,-31935.678418911994,4,-2.5313751325011253,-31934.412731345743,10376,417520470330.0,339
3,63166063.62375225,63126780.154296875,-39283.46945537627,-31933.147043779492,4,2.5313751325011253,-31934.412731345743,10377,417525706210.0,339
0,79167604.18356077,79126460.30883789,-41143.874722883105,-31931.53217817843,4,4.1462407335639,-31934.412731345743,10378,417541705980.0,339
3,28352271.22002584,28376894.404663086,24623.18463724479,27922.398211948574,1,,27922.398211948574,10409,419492745290.0,341
3,50921148.20639135,50887683.025756836,-33465.1806345135,-27539.738468050957,3,5.2600268721580505,-27543.135731607676,10455,421517060470.0,343
3,65701648.54787499,65666460.03625488,-35188.51162010431,-27543.135731607676,3,0.1641315370798111,-27543.135731607676,10456,421531839330.0,343
2,77645955.10846153,77609372.97143555,-36582.13702598214,-27546.861258238554,3,-5.424158409237862,-27543.135731607676,10457,421543782310.0,343
3,39442496.9416002,39415162.98962402,-27333.951976180077,-22744.223685272038,3,20.13882227987051,-22761.449377655983,10479,422506485410.0,344
3,59902910.16340284,59873178.10864258,-29732.05476026237,-22761.449377655983,3,-5.699716296046972,-22761.449377655983,10480,422526943540.0,344
3,73835509.02864581,73804149.88000488,-31359.148640930653,-22767.275637447834,3,-14.439105983823538,-22761.449377655983,10481,422540874590.0,344
0,67679874.44062859,67645950.20281982,-33924.23780876398,-26048.66555722058,1,,-26048.66555722058,10509,423535578040.0,345
0,3591561.3396296697,3577441.2083740234,-14120.131255646236,-13702.199026015121,4,20.835095861461014,-13722.137227996252,10563,425473277340.0,347
1,11264841.992642663,11249808.124572754,-15033.868069909513,-13723.034121876583,4,-1.7937877606600523,-13722.137227996252,10564,425480949750.0,347
1,33403299.41981066,33385683.821655273,-17615.598155386746,-13728.621410895139,4,-7.381076779216528,-13722.137227996252,10565,425503085750.0,347
2,41117846.42673996,41099340.505981445,-18505.920758515596,-13721.240334115922,4,1.7937877606600523,-13722.137227996252,10566,425510799450.0,347
2,61322899.82645023,61302810.419555664,-20089.40689456463,-12953.564337976277,3,3.977855209261179,-12953.564337976277,10585,426531931790.0,348
0,64852140.6112193,64831640.60357666,-20500.007642641664,-12953.48479115963,3,4.097175434231758,-12953.564337976277,10586,426535460640.0,348
1,65661648.379272565,65641046.058410645,-20602.320861920714,-12961.599595211446,3,-8.075030643492937,-12953.564337976277,10587,426536270050.0,348
3,55526559.80848755,55544842.29943848,18282.49095092714,24743.84208767116,1,,24743.84208767116,10612,427527070290.0,349
3,28143521.556050435,28146437.271728516,2915.7156780809164,6190.63808684051,3,3.89097685739398,6190.63808684051,10634,428500644520.0,350
3,45984104.245354876,45984947.10040283,842.855047956109,6193.797826737165,3,8.630586702376604,6190.63808684051,10635,428518483130.0,350
2,48918963.38331516,48919450.62188721,487.2385720461607,6179.696393229067,3,-12.521563559770584,6190.63808684051,10636,428521417650.0,350
3,3564845.938942558,3590294.632751465,25448.69380890671,25863.517299491446,2,-22.791052457410842,25874.912825720152,10667,429476998820.0,351
2,34307467.90098871,34329362.01898193,21894.117993220687,25886.308351948857,2,22.791052457410842,25874.912825720152,10668,429507738060.0,351
0,32868892.774566233,32864157.387695312,-4735.386870920658,-910.5963846184313,4,3.0128557197749615,-912.1028124783188,10690,430507241540.0,352
3,37990142.967217,37984808.63293457,-5334.334282428026,-913.6092403382063,4,-3.0128557197749615,-912.1028124783188,10691,430512362220.0,352
1,69354827.17989214,69345842.5265503,-8984.653341844678,-914.1751241534948,4,-3.578739535063505,-912.1028124783188,10692,430543723430.0,352
0,70166579.18551669,70157507.96868896,-9071.216827720404,-906.2790439724922,4,7.330196365714073,-912.1028124783188,10693,430544535100.0,352
3,28626168.174184356,28602018.800231934,-24149.37395242229,-20818.288343824446,1,,-20818.288343824446,10715,431503887910.0,353
1,5252357.220516784,5245947.405029297,-6409.815487487242,-5798.624655308202,4,-66.8587247300893,-5734.7692500166595,10746,432481445360.0,354
0,41357899.0594749,41347354.679382324,-10544.380092576146,-5731.765930578113,4,6.006638877093792,-5734.7692500166595,10747,432517546970.0,354
2,55972373.622925155,55960122.62207031,-12251.000854842365,-5737.772569455206,4,-6.006638877093792,-5734.7692500166595,10748,432532159820.0,354
1,78000894.07438362,77986098.9362793,-14795.138104319572,-5718.559844598174,4,19.2127248570323,-5734.7692500166595,10749,432554185920.0,354
2,37501054.375212505,37479513.95678711,-21540.418425396085,-17176.60620377958,2,8.945064559578896,-17181.078736059368,10771,433514573560.0,355
2,38225763.58207237,38204129.88775635,-21633.694316022098,-17185.551268339157,2,-8.945064559578896,-17181.078736059368,10772,433515298180.0,355
1,8907388.367529389,8885325.981811523,-22062.38571786508,-21025.876988483593,4,-38.82916442863643,-20990.84558307752,10793,434486891840.0,356
0,31268535.316400383,31243910.428222656,-24624.888177726418,-20986.32337364182,4,8.319968458265066,-20990.84558307752,10794,434509250550.0,356
1,42129806.52501611,42103909.44445801,-25897.080558098853,-20994.643342100084,4,-7.595518045127392,-20990.84558307752,10795,434520110610.0,356
0,56288096.96375941,56260559.94848633,-27537.015273079276,-20987.047824054956,4,7.595518045127392,-20990.84558307752,10796,434534267340.0,356
1,28616905.652607188,28587151.009887695,-29754.642719492316,-26424.63494471833,2,-21.084523808211088,-26414.092682814226,10808,435507469540.0,357
0,71148985.00665583,71114302.20074463,-34682.80591119826,-26403.55042091012,2,21.084523808211088,-26414.092682814226,10809,435549996930.0,357
1,16903.19113402475,1418.4776000976562,-15484.713533927094,-15482.746593176125,4,2.5886169981968123,-15484.040901675224,10858,437480702760.0,359
0,4090165.9761711434,4074225.6069335938,-15940.369237549603,-15464.416852407157,4,20.918357767164707,-15484.040901675224,10859,437484775590.0,359
2,47630609.06715514,47609581.136291504,-21027.930863633752,-15485.392462164164,4,-2.6458689880382735,-15484.040901675224,10860,437528311190.0,359
3,74983958.4003213,74959747.55273438,-24210.847586929798,-15485.335210174322,4,-2.5886169981968123,-15484.040901675224,10861,437555661510.0,359
1,9095641.816719212,9099944.78491211,4302.968192897737,5361.383045079187,2,-26.14301664941013,5374.454553403892,10881,438490723950.0,360
0,48204006.93497137,48203785.199157715,-221.7358136549592,5387.526061728597,2,26.14301664941013,5374.454553403892,10882,438529828010.0,360
0,3070829.5031693215,3085574.041320801,14744.538151479326,15101.875392782968,3,22.393457252066582,15083.883517041802,10901,439485617310.0,361
1,39479158.53015349,39489639.61608887,10481.085935376585,15075.08035402,3,-17.799100892385468,15083.883517041802,10902,439522021580.0,361
2,43731120.63282822,43741115.742126465,9995.109298244119,15083.883517041802,3,-4.5943563596811146,15083.883517041802,10903,439526273080.0,361
2,36270827.14101501,36209572.52532959,-61254.61568541825,-57033.95892248303,2,-17.06959354132414,-57025.424125712365,10954,441520641760.0,363
0,72485720.8801356,72420269.18597412,-65451.694161474705,-57016.8893289417,2,17.06959354132414,-57025.424125712365,10955,441556852660.0,363
1,6960225.93209273,6958260.537902832,-1965.3941898979247,-1155.4671226805076,2,2.3983082408085465,-1156.6662768009119,10984,442492249920.0,364
1,59338149.19890654,59330086.4465332,-8062.752373337746,-1157.8654309213161,2,-2.3983082408085465,-1156.6662768009119,10985,442544622040.0,364
3,28892862.61580565,28858188.76409912,-34673.85170652717,-31311.73218480125,3,-12.345570530742407,-31300.994355477393,11003,443515107400.0,365
0,29732354.85191276,29697594.050476074,-34760.801436685026,-31300.994355477393,3,3.761173455044627,-31300.994355477393,11004,443515946810.0,365
0,40964275.57449056,40928210.98547363,-36064.58901692927,-31297.778873063624,3,8.58439707569778,-31300.994355477393,11005,443527177490.0,365
1,21381681.66076208,21358946.66784668,-22734.992915399373,-20246.91237194836,1,,-20246.91237194836,11030,444508460840.0,366
2,2092072.1844757807,2072292.4713745117,-19779.71310126898,-19536.26900831703,4,11.364755443297327,-19542.957470871508,11054,445490078770.0,367
1,16687203.933679156,16665700.522766113,-21503.410913042724,-19561.60352432914,4,-23.322346346452832,-19542.957470871508,11055,445504672260.0,367
1,60642167.98741037,60615563.724487305,-26604.262923061848,-19547.63376376033,4,-9.352585777640343,-19542.957470871508,11056,445548622370.0,367
2,78415257.0089319,78386593.9321289,-28663.07680299878,-19538.281177982688,4,9.352585777640343,-19542.957470871508,11057,445566393500.0,367
2,77404534.37897903,77378047.22521973,-26487.15375930071,-17479.97092780471,1,,-17479.97092780471,11075,446566266600.0,368
3,2823187.944247395,2787573.484008789,-35614.46023860574,-35285.93982070591,3,49014.902708888985,-35285.93982070591,11095,447492598320.0,369
3,9163823.374432258,9127477.882629395,-36345.49180286378,-35279.14300002903,3,49025.09793990431,-35285.93982070591,11096,447498938260.0,369
3,43715663.94923973,43577254.43157959,-138409.517660141,-133322.54205916077,3,-98040.0006487933,-35285.93982070591,11097,447533388230.0,369
0,30529484.480303943,30527783.480773926,-1700.999530017376,1851.5655835345387,2,-7.986046962440014,1855.5586070157588,11118,448521195250.0,370
0,74159908.57484344,74153138.5046997,-6770.070143729448,1859.5516304969788,2,7.986046962440014,1855.5586070157588,11119,448564820850.0,370
3,2578037.096162985,2582625.8165893555,4588.72042637039,4888.713852567133,2,8.284419876988977,4884.571642628638,11137,449494170500.0,371
0,71237319.41375044,71233910.30865479,-3409.105095654726,4880.429432690144,2,-8.284419876988977,4884.571642628638,11138,449562822170.0,371
1,59478664.44738981,59435895.875183105,-42768.57220670581,-35847.33419980109,1,,-35847.33419980109,11195,451552777410.0,373
3,47464404.44272611,47440269.056884766,-24135.385841347277,-18612.187849991024,3,-9.690252907574177,-18605.539293013513,11218,452541629320.0,374
0,49490156.06320663,49465797.68261719,-24358.380589440465,-18599.455901153386,3,9.407670348882675,-18605.539293013513,11219,452543654860.0,374
3,51631809.33529504,51607195.657714844,-24613.677580192685,-18605.539293013513,3,0.2825825586915016,-18605.539293013513,11220,452545796270.0,374
0,44818880.35873654,44785705.46948242,-33174.88925411552,-27959.53781595081,1,,-27959.53781595081,11251,453539878410.0,375
0,23385463.763417646,23359307.53161621,-26156.23180143535,-23434.98104517907,2,19.60061541199684,-23444.781352885067,11276,454519313320.0,376
1,57365526.664814636,57335396.74053955,-30129.92427508533,-23454.581660591066,2,-19.60061541199684,-23444.781352885067,11277,454553289600.0,376
3,8054728.228284129,8037553.008605957,-17175.21967817191,-16237.930792033672,3,-14.781338134780526,-16237.570742141455,11303,455504907180.0,377
0,21474735.294737175,21456027.657836914,-18707.636900261045,-16208.728165656328,3,29.02260143123567,-16237.570742141455,11304,455518325730.0,377
2,27095006.583967797,27075616.10131836,-19390.482649438083,-16237.570742141455,3,-14.241263296455145,-16237.570742141455,11305,455523945350.0,377
0,21658297.02193985,21651204.141174316,-7092.880765534937,-4572.611860610545,2,19.739624951034784,-4582.481673086062,11339,456519411520.0,378
3,31162559.361186314,31154340.776794434,-8218.58439188078,-4592.3514855615795,2,-19.739624951034784,-4582.481673086062,11340,456528914710.0,378
1,9947444.255698081,9944697.249389648,-2747.0063084326684,-1589.4714193455875,1,,-1589.4714193455875,11364,457508632680.0,379
1,34865456.44969939,34897612.71838379,32156.26868440211,36213.38941079378,2,-9.921047508716583,36218.34993454814,11392,458534474300.0,380
2,58570121.82633627,58599529.621398926,29407.79506265372,36223.3104583025,2,9.921047508716583,36218.34993454814,11393,458558176350.0,380
3,15062899.674171085,14992745.618225098,-70154.05594598688,-68401.26081032492,3,-2.51687272824347,-68401.26081032492,11414,459515540830.0,381
2,60354813.46843751,60279381.31335449,-75432.15508301556,-68408.96394786239,3,-14.07157903444022,-68401.26081032492,11415,459560827720.0,381
0,70280272.27541491,70203705.58380127,-76566.69161364436,-68388.52392733097,3,16.58845176268369,-68401.26081032492,11416,459570752100.0,381
3,71616320.30333923,71647363.49908447,31043.195745244622,39376.832732617855,1,,39376.832732617855,11436,460573007530.0,382
1,7174558.690480523,7170426.158447266,-4132.532033257186,-3297.6641230126843,4,-17.523628338240087,-3283.784873058088,11497,462510412320.0,384
3,11633302.262572844,11628661.123474121,-4641.139098722488,-3287.429251441732,4,-7.28875676728785,-3283.784873058088,11498,462514870580.0,384
0,24761529.670272127,24755377.411010742,-6152.259261384606,-3270.882521416992,4,16.5467300247401,-3283.784873058088,11499,462527997370.0,384
3,33512138.060451716,33504958.278198242,-7179.782253473997,-3280.140494674444,4,7.28875676728785,-3283.784873058088,11500,462536747000.0,384
3,28454844.61471448,28430178.202331543,-24666.412382937968,-21355.2628496103,1,,-21355.2628496103,11523,463532589940.0,385
1,28759817.939699106,28718384.342956543,-41433.59674256295,-38086.95897176862,1,,-38086.95897176862,11545,464533736760.0,386
2,43972628.727761,43950010.36682129,-22618.360939711332,-17501.48361837864,2,2.382718451321125,-17502.6749776043,11570,465549863180.0,387
3,48318042.36621306,48294915.96826172,-23126.397951342165,-17503.86633682996,2,-2.382718451321125,-17502.6749776043,11571,465554208110.0,387
3,33823064.60072316,33827846.882995605,4782.282272443175,8718.105014927685,5,-10.489891082048416,8726.459672272205,11607,466540614420.0,388
0,39907831.035309285,39911922.71820068,4091.6828913986683,8735.559809297323,5,9.281295653432608,8726.459672272205,11608,466546698530.0,388
3,53555641.99638589,53558136.08856201,2494.0921761244535,8726.097355015576,5,-2.497550994157791,8726.459672272205,11609,466560344820.0,388
2,67198292.56107077,67199199.48779297,906.9267221987247,8726.459672272205,5,-1.9540751092135906,8726.459672272205,11610,466573985960.0,388
3,73045965.92193426,73046196.65429688,230.73236261308193,8730.730139747262,5,4.451626103371382,8726.459672272205,11611,466579832990.0,388
2,9051097.81933636,9061677.25378418,10579.434447819367,11632.66593533568,1,,11632.66593533568,11638,467516788900.0,389
3,2829671.015121666,2870461.5665283203,40790.55140665453,41119.82622744702,3,-2.0993708204478025,41119.82622744702,11659,468511494150.0,390
3,52204101.94694833,52239154.33905029,35052.392101965845,41127.12524987012,3,8.849162814207375,41119.82622744702,11660,468560863120.0,390
1,69149008.9991267,69182079.19689941,33070.197772711515,41116.72594666481,3,-6.7497919937595725,41119.82622744702,11661,468577806140.0,390
1,14834706.641898062,14769059.852600098,-65646.78929796442,-63920.54785685055,3,-5.589223874732852,-63920.09510836005,11685,469524368420.0,391
3,60019980.19682431,59949086.14642334,-70894.05040097237,-63909.82215759158,3,10.499325013719499,-63920.09510836005,11686,469569548700.0,391
1,75899779.16163671,75827026.98461914,-72752.17701756954,-63920.09510836005,3,-4.910101138986647,-63920.09510836005,11687,469585426730.0,391
3,45813791.485676706,45829657.45690918,15865.97123247385,21197.095557764173,4,1.7136447429656982,21196.23873539269,11713,470556240700.0,392
0,64959534.848392576,64973179.95739746,13645.109004884958,21204.128792583942,4,8.746879562735558,21196.23873539269,11714,470575384330.0,392
3,67174278.87877834,67187657.52209473,13378.64331638813,21195.381913021207,4,-1.7136447429656982,21196.23873539269,11715,470577598820.0,392
1,69768812.00370307,69781872.95440674,13060.950703665614,21179.60228778422,4,-17.493269979953766,21196.23873539269,11716,470580193050.0,392
3,44280853.09358533,44257191.59033203,-23661.503253296018,-18508.75938694924,2,-10.352670475840569,-18503.58305171132,11738,471555607990.0,393
0,61789891.87140626,61764203.28057861,-25688.59082764387,-18498.4067164734,2,10.352670475840569,-18503.58305171132,11739,471573115100.0,393
3,43105060.23984817,43096255.307006836,-8804.932841330767,-3789.010174036026,1,,-3789.010174036026,11789,473556221360.0,395
0,46556106.72344564,46524405.703308105,-31701.020137533545,-26283.51625943184,1,,-26283.51625943184,11817,474560528110.0,396
1,79099543.18163243,79081938.36828613,-17604.81334629655,-8400.390723764896,1,,-8400.390723764896,11836,475593992310.0,397
1,36790010.998311594,36811941.396118164,21930.397806569934,26211.469427153468,1,,26211.469427153468,11866,476552597840.0,398
3,61367300.321330294,61399038.84020996,31738.518879666924,38879.52810224146,2,8.204154945909977,38875.4260247685,11889,477578087720.0,399
2,68456803.68989807,68487709.03417969,30905.344281613827,38871.32394729555,2,-8.204154945909977,38875.4260247685,11890,477585176430.0,399
1,57701009.41077099,57636649.10430908,-64360.30646190792,-57645.925379529595,1,,-57645.925379529595,11910,478575294770.0,400
0,8848656.971882988,8832629.13269043,-16027.83919255808,-14998.164745209739,5,8.751782001927495,-15003.887609370053,11939,479527311200.0,401
0,30360389.809589952,30341858.348693848,-18531.460896104574,-14998.572493061423,5,8.344034150242805,-15003.887609370053,11940,479548820550.0,401
2,55864205.73673189,55842695.14996338,-21510.586768507957,-15009.94544505328,5,-8.715393837541342,-15003.887609370053,11941,479574321530.0,401
2,64362691.9746923,64340187.43273926,-22504.54195304215,-15014.97381863743,5,-13.74376742169261,-15003.887609370053,11942,479582819070.0,401
3,65862046.94236484,65839379.01409912,-22667.928265720606,-15003.887609370053,5,0.3713596872985363,-15003.887609370053,11943,479584318270.0,401
1,39346309.283793844,39329885.40588379,-16423.87791005522,-11845.342501156032,2,-14.142240203917027,-11838.271381054074,11977,480558708200.0,402
3,75650305.81841421,75629671.56622314,-20634.252191066742,-11831.200260952115,2,14.142240203917027,-11838.271381054074,11978,480595008190.0,402
3,8395527.318823542,8380554.942138672,-14972.37668487057,-13995.430694120005,5,-12.475649554282427,-13984.628464713693,12004,481528620380.0,403
0,15764229.255252037,15748413.568237305,-15815.68701473251,-13981.281624417752,5,7.220551822334528,-13984.628464713693,12005,481535988280.0,403
0,34170391.08930838,34152430.22143555,-17960.867872834206,-13984.628464713693,5,2.2002913784235716,-13984.628464713693,12006,481554392400.0,403
1,70844040.452824,70821804.30633545,-22236.146488547325,-13992.37588776648,5,-9.4208432007581,-13984.628464713693,12007,481591061980.0,403
0,72755748.8131664,72733303.5723877,-22445.240778699517,-13979.014131128788,5,9.488045111298561,-13984.628464713693,12008,481592973490.0,403
3,7374505.641062028,7358442.187744141,-16063.45331788715,-15205.318569918163,2,5.45067638438195,-15208.043908110354,12034,482528501930.0,404
1,58887406.158758566,58865342.953308105,-22063.205450460315,-15210.769246302545,2,-5.45067638438195,-15208.043908110354,12035,482580009120.0,404
1,48983099.2097861,48953222.29571533,-29876.914070770144,-24176.99308066815,1,,-24176.99308066815,12061,483570969380.0,405
3,7786565.281905557,7774639.094116211,-11926.187789346091,-11020.103698973544,3,-6.548511221073568,-11020.103698973544,12087,484530684250.0,406
2,22409806.242858663,22396176.987609863,-13629.25524879992,-11021.536932718009,3,-8.69836183777079,-11020.103698973544,12088,484545305870.0,406
2,54049514.38502297,54032219.33691406,-17295.048108905554,-11005.573442786932,3,15.246873058844358,-11020.103698973544,12089,484576942090.0,406
1,20017008.67637874,20059687.81677246,42679.14039371908,45008.420691497624,2,-27.8938030898571,45022.36759304255,12110,485543836940.0,407
0,51871778.706337534,51910778.958496094,39000.25215855986,45036.31449458748,2,27.8938030898571,45022.36759304255,12111,485575688210.0,407
0,34048572.40032078,34096326.034973145,47753.634652361274,51715.69862214476,2,-0.9339248314499855,51716.165584560484,12128,486558860270.0,408
3,69243739.34013185,69287398.42120361,43659.08107176423,51716.63254697621,2,0.9339248314499855,51716.165584560484,12129,486594051540.0,408
0,40538168.600370154,40479127.43414307,-59041.16622708738,-54323.94004432112,2,-12.362101927399635,-54317.75899335742,12157,487566193880.0,409
0,50379466.16443379,50319292.17718506,-60173.98724873364,-54311.57794239372,2,12.362101927399635,-54317.75899335742,12158,487576034100.0,409
1,61501658.556882516,61480571.042663574,-21087.51421894133,-13930.870393015444,1,,-13930.870393015444,12208,489588908570.0,411
3,30064436.30476799,30062601.65612793,-1834.6486400589347,1663.8011173792183,2,-9.066745515912771,1668.3344901371747,12288,492560260310.0,414
1,71835463.38996087,71828777.12023926,-6686.269721612334,1672.867862895131,2,9.066745515912771,1668.3344901371747,12289,492602026720.0,414
0,36582193.36159486,36567438.65185547,-14754.709739394486,-10497.820829354227,5,-4.8889576606452465,-10493.934711746871,12313,493567665780.0,415
3,45412181.67190016,45396399.07324219,-15782.59865797311,-10498.207680396736,5,-5.2758087031543255,-10493.934711746871,12314,493576494790.0,415
0,61370195.22568435,61352569.47216797,-17625.75351638347,-10484.407428108156,5,11.470342442393303,-10493.934711746871,12315,493592451050.0,415
3,65113519.32707424,65095448.4541626,-18070.87291163951,-10493.934711746871,5,0.9402187503874302,-10493.934711746871,12316,493596193950.0,415
2,74268261.21145135,74249127.05218506,-19134.15926629305,-10491.929031640291,5,3.9487389102578163,-10493.934711746871,12317,493605347680.0,415
0,782167.5812873163,811866.6329956055,29699.05170828919,29790.068681210047,3,11.18095551407896,29779.79664400965,12358,495533684320.0,417
3,21380859.163775474,21408150.975585938,27291.811810463667,29779.79664400965,3,-4.227100286516361,29779.79664400965,12359,495554280720.0,417
2,44072494.086002156,44097143.56665039,24649.480648234487,29777.978807382286,3,-6.953855227562599,29779.79664400965,12360,495576969840.0,417
0,13111418.830914311,13063654.441772461,-47764.38914185017,-46238.67818011157,1,,-46238.67818011157,12408,497547815450.0,419
3,19819034.473168574,19813606.31402588,-5428.159142695367,-3121.9161237850785,2,11.54863703250885,-3127.690442301333,12431,498555420980.0,420
2,44462465.288168035,44454157.94622803,-8307.341940008104,-3133.4647608175874,2,-11.54863703250885,-3127.690442301333,12432,498580061670.0,420
2,17808899.946593612,17796235.3727417,-12664.573851913214,-10592.240245960653,2,6.948906771838665,-10595.714699346572,12451,499554267330.0,421
1,20805268.744143043,20792248.54876709,-13020.19537595287,-10599.189152732491,2,-6.948906771838665,-10595.714699346572,12452,499557263360.0,421
3,18472942.542455543,18498124.983337402,25182.44088185951,27332.04584041238,4,-21.56873571127653,27342.830208268017,12474,500555864700.0,422
1,26199571.952644795,26223851.59991455,24279.647269755602,27328.36187772453,4,-25.25269839912653,27342.830208268017,12475,500563590470.0,422
0,52490956.83531231,52512203.97894287,21247.143630564213,27355.25666307658,4,23.21082266420126,27342.830208268017,12476,500589878970.0,422
0,54770410.92755303,54791391.18029785,20980.252744823694,27353.614576123655,4,21.56873571127653,27342.830208268017,12477,500592158170.0,422
2,12759269.259463135,12750072.722717285,-9196.536745849997,-7711.803688047454,3,0.35960070975124836,-7711.803688047454,12501,501551028220.0,423
3,13570390.751706976,13561098.168457031,-9292.583249945194,-7713.463995806873,3,-2.130860929377377,-7711.803688047454,12502,501551839250.0,423
1,62816422.160871826,62801401.66192627,-15020.498945556581,-7710.862581707537,3,1.7712602196261287,-7711.803688047454,12503,501601079830.0,423
1,15019609.1558505,15042411.356262207,22802.200411707163,24549.958043862134,3,-4.729810496792197,24550.998907722533,12526,502554224240.0,424
3,24034999.193753023,24056760.736572266,21761.542819242924,24558.37680099532,3,7.898325202986598,24550.998907722533,12527,502563238640.0,424
1,37628022.00245949,37648194.41455078,20172.41209129244,24550.998907722533,3,-3.168514706194401,24550.998907722533,12528,502576830150.0,424
0,44137071.98205513,44124111.49359131,-12960.488463819027,-7824.475694298744,3,5.4369029477238655,-7824.475694298744,12548,503584220780.0,425
0,52482053.41895257,52468124.638183594,-13928.780768975616,-7821.703782990575,3,9.594769909977913,-7824.475694298744,12549,503592564840.0,425
2,71697457.94766591,71681276.74768066,-16181.19998525083,-7838.121411502361,3,-15.031672857701778,-7824.475694298744,12550,503611778100.0,425
2,86710.9011968768,81208.28155517578,-5502.6196417010215,-5492.529522991186,3,-0.19862313792691566,-5492.529522991186,12576,504541088210.0,426
2,12525372.910534546,12518428.440979004,-6944.469555541873,-5486.953859038651,3,8.164872790875961,-5492.529522991186,12577,504553525500.0,426
2,69047823.54058172,69034291.07891846,-13532.461663261056,-5497.707940667868,3,-7.966249652949045,-5492.529522991186,12578,504610041680.0,426
3,51082753.090415716,51124638.53808594,41885.44767022133,47829.69499775767,2,-2.5733301043510437,47830.98166280985,12632,506593961280.0,428
2,67506969.50322826,67546946.31939697,39976.81616871059,47832.268327862024,2,2.5733301043510437,47830.98166280985,12633,506610383680.0,428
3,7184201.090144103,7152872.80871582,-31328.28142828308,-30492.291479679756,7,4.354560732841492,-30496.07888688147,12655,507550920840.0,429
3,12349398.058757238,12317463.807189941,-31934.251567296684,-30497.213193943724,7,-3.028010663110763,-30496.07888688147,12656,507556085460.0,429
1,12740797.301323041,12708811.60961914,-31985.691703900695,-30503.10813650675,7,-8.922953226137906,-30496.07888688147,12657,507556476810.0,429
3,17153498.979853757,17121006.833129883,-32492.146723873913,-30496.07888688147,7,-1.3265500697307289,-30496.07888688147,12658,507560889030.0,429
0,36125516.22819018,36090830.309020996,-34685.919169187546,-30482.171518482268,7,14.474521930329502,-30496.07888688147,12659,507579858960.0,429
0,42196949.09851621,42161536.21929932,-35412.87921689451,-30502.62895169854,7,-8.443768417928368,-30496.07888688147,12660,507585929700.0,429
1,71856721.03164776,71817869.68560791,-38851.34603984654,-30489.734808713198,7,6.91123169939965,-30496.07888688147,12661,507615586200.0,429
3,64537350.27342534,64521648.2868042,-15701.986621141434,-8192.094364352524,1,,-8192.094364352524,12690,508609171590.0,430
3,12075721.561339982,12061906.603637695,-13814.957702286541,-12409.765709364787,2,-24.614308984950185,-12397.458554872312,12713,509557575030.0,431
0,55872957.50204145,55854070.69091797,-18886.811123482883,-12385.151400379837,2,24.614308984950185,-12397.458554872312,12714,509601367440.0,431
2,1316329.5103010503,1303476.5849609375,-12852.925340112764,-12699.750585417962,5,-24.975113181164488,-12677.915773395449,12744,510547709200.0,432
0,20363497.15401557,20348449.638793945,-15047.515221625566,-12677.915773395449,5,2.187035344541073,-12677.915773395449,12745,510566754280.0,432
0,34982606.10924156,34965867.55541992,-16738.553821638227,-12667.800968773663,5,15.442141124978662,-12677.915773395449,12746,510581371780.0,432
0,48855746.397327766,48837389.660583496,-18356.73674426973,-12671.635171078146,5,11.607938820496202,-12677.915773395449,12747,510595243380.0,432
1,65646662.930987254,65626335.38305664,-20327.54793061316,-12688.570446401834,5,-13.794974165037274,-12677.915773395449,12748,510612032420.0,432
1,42287189.12930898,42262691.818237305,-24497.311071678996,-19576.560020416975,3,-4.013286221772432,-19572.77289251238,12802,512590435790.0,434
3,45032539.390400946,45007726.40362549,-24812.98677545786,-19572.77289251238,3,1.6674056351184845,-19572.77289251238,12803,512593180840.0,434
2,45943169.790603,45918251.29058838,-24918.50001461804,-19572.320575878024,3,2.345880586653948,-19572.77289251238,12804,512594091370.0,434
2,38398665.653794706,38405037.30584717,6371.652052462101,10839.914859078825,3,-7.984660282731056,10839.914859078825,12826,513587424950.0,435
0,42613265.722857684,42619163.64160156,5897.918743878603,10856.613715589046,3,17.06362448260188,10839.914859078825,12827,513591639100.0,435
2,64273001.9727017,64276362.02667236,3360.0539706647396,10839.185323134065,3,-9.078964199870825,10839.914859078825,12828,513613296420.0,435
2,16666130.617160246,16623716.3336792,-42414.28348104656,-40474.928289949894,2,-14.661696001887321,-40467.59744194895,12872,515567503580.0,437
0,33484668.612808928,33440311.90093994,-44356.71186898649,-40460.26659394801,2,14.661696001887321,-40467.59744194895,12873,515584320270.0,437
1,21399005.937943757,21406371.112304688,7365.17436093092,9855.270844835788,2,-16.7291750125587,9863.635432342067,12895,516573166890.0,438
3,36929829.25134936,36935403.90979004,5574.658440679312,9872.000019848347,2,16.7291750125587,9863.635432342067,12896,516588696010.0,438
0,39737626.32720745,39727023.87475586,-10602.452451594174,-5978.381413765252,1,,-5978.381413765252,12918,517592367250.0,439
3,15022980.915313048,15012026.183898926,-10954.731414122507,-9206.581426994875,2,6.150154968723655,-9209.656504479237,12943,518568552710.0,440
1,37636501.51867977,37622909.21356201,-13592.305117756128,-9212.731581963599,2,-6.150154968723655,-9209.656504479237,12944,518591163720.0,440
2,16812249.58542087,16805409.837768555,-6839.747652314603,-4883.389319568872,2,-8.40345997363329,-4879.187589582056,12963,519571210860.0,441
0,64169566.01685559,64157223.93597412,-12342.080881468952,-4874.985859595239,2,8.40345997363329,-4879.187589582056,12964,519618562940.0,441
3,21803979.304958463,21849789.01159668,45809.70663821697,48346.92786988616,1,,48346.92786988616,12993,520577159960.0,442
1,43911277.26343015,43896677.83947754,-14599.4239526093,-9489.6857977435,3,-15.532245133072138,-9479.648899048567,13038,522601082150.0,444
0,44362216.1772652,44347585.30737305,-14630.869892150164,-9468.658206172287,3,16.009142223745584,-9479.648899048567,13039,522601533060.0,444
1,76170999.99901624,76152656.70758057,-18343.291435673833,-9479.648899048567,3,-0.47689709067344666,-9479.648899048567,13040,522633338310.0,444
2,17535394.778364457,17552659.47595215,17264.697587691247,19305.20474994555,2,-10.713714446872473,19310.561607168987,13062,523575606580.0,445
3,33433994.838650268,33449420.208496094,15425.369845826179,19315.918464392424,2,10.713714446872473,19310.561607168987,13063,523591503430.0,445
2,55295853.9898096,55329870.63317871,34016.64336910844,40451.14841078222,2,0.21666476130485535,40451.040078401566,13079,524614325560.0,446
2,78637049.24983251,78668349.5770874,31300.327254891396,40450.93174602091,2,-0.21666476130485535,40451.040078401566,13080,524637664170.0,446
2,440713.63786877994,424140.3805541992,-16573.257314580726,-16521.973648262385,1,,-16521.973648262385,13105,525560337270.0,447
2,67837306.48807484,67833311.65270996,-3994.8353648781776,3899.0564753860235,1,,3899.0564753860235,13127,526628597240.0,448
2,3435851.142921965,3425982.9973754883,-9868.145546476822,-9468.3325423114,1,,-9468.3325423114,13148,527565064290.0,449
0,50217754.60635245,50221839.763793945,4085.157441496849,9928.749173626304,1,,9928.749173626304,13178,528612756910.0,450
2,7749515.886755208,7735123.986999512,-14391.899755695835,-13490.126920194365,3,18.027043998241425,-13501.06117513962,13197,529571149560.0,451
1,14242035.869347684,14226877.53289795,-15158.336449734867,-13501.06117513962,3,1.6256615803577006,-13501.06117513962,13198,529577641350.0,451
2,55905974.34687196,55885953.59838867,-20020.748483285308,-13515.246753245592,3,-19.652705578599125,-13501.06117513962,13199,529619300660.0,451
3,64743499.94667678,64737731.41351318,-5768.53316359967,1765.347711071372,1,,1765.347711071372,13218,530629053340.0,452
3,2548563.303257945,2553492.219909668,4928.916651722975,5225.480358413421,3,0.4065230814740062,5225.480358413421,13241,531567753220.0,453
2,59377526.711942986,59375843.136779785,-1683.5751632004976,5225.893945649266,3,1.0269039352424443,5225.480358413421,13242,531624575890.0,453
3,63044534.47418173,63042422.54724121,-2111.9269405156374,5224.253725014627,3,-1.4334270167164505,5225.480358413421,13243,531628242490.0,453
0,28943343.646801006,28954207.41217041,10863.765369404107,14231.759119033813,3,15.963638618588448,14220.176008351147,13265,532595068760.0,454
1,45261571.238991246,45270515.788757324,8944.549766078591,14211.414952479303,3,-14.552611213177443,14220.176008351147,13266,532611385160.0,454
3,51065745.29160761,51074023.199401855,8277.907794244587,14220.176008351147,3,-1.411027405411005,14220.176008351147,13267,532617188700.0,454
3,12755251.398233173,12799747.744934082,44496.346700908616,45980.612220071256,2,12.665963225066662,45974.27923845872,13295,533579797910.0,455
1,37577913.18037133,37619508.37072754,41595.190356209874,45967.94625684619,2,-12.665963225066662,45974.27923845872,13296,533604617810.0,455
3,38372099.40404301,38320923.48950195,-51175.91454105824,-46710.743117533624,3,0.6290144473314285,-46710.743117533624,13322,534606302770.0,456
1,41292003.85182583,41240477.09490967,-51526.75691616535,-46721.810653567314,3,-15.972289603203535,-46710.743117533624,13323,534609222340.0,456
0,69678356.77048701,69623547.7111206,-54809.05936640501,-46700.9336103946,3,15.343275155872107,-46710.743117533624,13324,534637605570.0,456
1,29508054.283521798,29500028.569641113,-8025.713880684227,-4592.0075472556055,3,-12.166800264269114,-4580.464899837971,13375,536599193930.0,458
3,62220524.40691349,62208704.89562988,-11819.51128360629,-4579.216594144702,3,7.019629402086139,-4580.464899837971,13376,536631902790.0,458
3,71216451.95656137,71203584.38537598,-12867.571185395122,-4580.464899837971,3,5.147170862182975,-4580.464899837971,13377,536640897720.0,458
1,18871102.06107423,18861854.071105957,-9247.989968273789,-7052.053155791014,3,-16.94715422950685,-7042.091776371002,13405,537589413540.0,459
0,19912573.471243873,19903228.223327637,-9345.24791623652,-7028.120226752013,3,18.952239328995347,-7042.091776371002,13406,537590454920.0,459
1,54779748.99152593,54766332.451293945,-13416.540231987834,-7042.091776371002,3,-2.005085099488497,-7042.091776371002,13407,537625318220.0,459
2,14784550.68990982,14769358.334655762,-15192.355254057795,-13471.950213011354,2,-10.960669960826635,-13466.46987803094,13447,539587080230.0,461
2,61755161.736406155,61734514.60412598,-20647.132280178368,-13460.989543050528,2,10.960669960826635,-13466.46987803094,13448,539634045650.0,461
2,20184424.08482983,20202185.384643555,17761.299813725054,20110.061414569616,1,,20110.061414569616,13469,540593407540.0,462
1,24229476.57222361,24259296.146972656,29819.574749045074,32639.039101466537,2,-15.95102646946907,32647.01461470127,13496,541598361430.0,463
2,52767711.23790704,52794225.910461426,26514.672554388642,32654.990127936006,2,15.95102646946907,32647.01461470127,13497,541626896520.0,463
1,254066.82962197484,251521.9345703125,-2544.8950516623445,-2515.330551285413,4,-16.427328851190396,-2506.5426410005894,13549,543576167770.0,465
2,3350458.6073069004,3347554.5489501953,-2904.0583567051217,-2514.182059566956,4,-15.278837132733315,-2506.5426410005894,13550,543579263820.0,465
3,37597686.21770406,37590812.25769043,-6873.960013628006,-2498.9032224342227,4,15.278837132733315,-2506.5426410005894,13551,543613507270.0,465
3,50499398.57734595,50491029.81713867,-8368.760207280517,-2492.3949592262506,4,21.787100340705365,-2506.5426410005894,13552,543626407560.0,465
2,3913726.6330140745,3941916.5498046875,28189.916790612973,28645.337802041788,2,-30.02242813585326,28660.349016109714,13607,545581607410.0,467
0,52843075.548282415,52865601.82116699,22526.272884577513,28675.36023017764,2,30.02242813585326,28660.349016109714,13608,545630531370.0,467
1,8800005.0564374,8821202.414916992,21197.35847959295,22221.3715441674,2,-27.222767498344183,22234.98292791657,13635,546587433400.0,468
0,19247144.85684461,19267153.756103516,20008.89925890416,22248.594311665744,2,27.222767498344183,22234.98292791657,13636,546597879410.0,468
2,41052906.791335315,41049631.03430176,-3275.7570335566998,1501.366686657071,1,,1501.366686657071,13656,547620549550.0,469
0,29986214.241824877,29986810.607055664,596.3652307875454,4085.712673638016,1,,4085.712673638016,13681,548610400320.0,470
1,2064570.6947185572,2072569.0222167969,7998.327498239698,8238.571378847817,5,65.38717994675972,8176.077779263258,13701,549583361430.0,471
2,30510194.69843325,30514839.306030273,4644.607597023249,8194.928054060787,5,21.74385515972972,8176.077779263258,13702,549611803860.0,471
0,46480812.29885846,46483579.634399414,2767.335540957749,8176.077779263258,5,-6.531557036563754,8176.077779263258,13703,549627772690.0,471
0,51704326.591563016,51706480.30541992,2153.713856905699,8170.2906185388565,5,-15.212298123165965,8176.077779263258,13704,549632995620.0,471
1,68163606.68473627,68163797.89013672,191.20540045201778,8123.067180767655,5,-62.4357358943671,8176.077779263258,13705,549649453030.0,471
3,8856074.514298543,8951371.821533203,95297.30723465979,96327.84482473321,3,3.480356214568019,96325.38782694936,13730,550591158020.0,472
2,12843580.635462731,12938409.432617188,94828.79715445638,96323.34111008793,3,-3.275215753354132,96325.38782694936,13731,550595145080.0,472
3,35025605.25363345,35117854.885009766,92249.63137631863,96325.38782694936,3,-0.20514046121388674,96325.38782694936,13732,550617324650.0,472
1,70949975.63305256,70961530.46716309,11554.83411052823,19810.93186429143,1,,19810.93186429143,13751,551654187140.0,473
3,33961994.29013261,34038379.392333984,76385.10220137239,80337.09150468558,2,-4.6360414028167725,80339.40952538699,13774,552618153370.0,474
0,56986779.654945076,57060490.11279297,73710.45784789324,80341.7275460884,2,4.6360414028167725,80339.40952538699,13775,552641175610.0,474
2,12480538.307235084,12550891.071533203,70352.76429811865,71805.0628135819,2,-7.303175179287791,71808.71440117154,13799,553597656470.0,475
3,63383108.476774916,63447545.263916016,64436.78714109957,71812.36598876119,2,7.303175179287791,71808.71440117154,13800,553648553410.0,475
1,61281112.90187651,61247976.88146973,-33136.02040678263,-26005.040387935936,3,-4.798051938414574,-26005.040387935936,13824,554647300250.0,476
1,69391513.47737499,69357431.34313965,-34082.13423533738,-26007.38701465726,3,-8.317992020398378,-26005.040387935936,13825,554655409750.0,476
3,73514305.78828637,73479758.19445801,-34547.59382836521,-25993.097657337785,3,13.116043958812952,-26005.040387935936,13826,554659532100.0,476
1,16880532.60798972,16862459.80029297,-18072.80769675225,-16108.503606390208,3,-9.336297223344445,-16102.408416900784,13844,555603788200.0,477
3,22162281.46790833,22143600.14440918,-18681.323499150574,-16102.408416900784,3,-0.19351298920810223,-16102.408416900784,13845,555609069370.0,477
3,70908693.66329178,70884346.44311523,-24347.220176547766,-16095.926201432943,3,9.529810212552547,-16102.408416900784,13846,555657810390.0,477
0,20041069.632438287,20055821.716308594,14752.083870306611,17084.16402253881,2,15.058666486293077,17076.634689295664,13861,556607824320.0,478
0,74796778.90003794,74805144.27416992,8365.374131977558,17069.105356052518,2,-15.058666486293077,17076.634689295664,13862,556662573950.0,478
0,55626555.3111976,55619849.43664551,-6705.874552093446,-232.88743326067924,1,,-232.88743326067924,13888,557644306040.0,479
2,12250780.080170456,12242562.767211914,-8217.312958542258,-6791.750271603465,3,-12.153532918542624,-6784.96680881083,13909,558601789170.0,480
2,25147261.585343048,25137550.3560791,-9711.229263946414,-6784.96680881083,3,-1.9783387295901775,-6784.96680881083,13910,558614684230.0,480
2,53771570.99478957,53758539.63635254,-13031.358437031507,-6774.226668559015,3,14.131871648132801,-6784.96680881083,13911,558643305380.0,480
3,2495840.6045459695,2481147.0994873047,-14693.505058664829,-14403.076431662776,3,-2.1404689522460103,-14403.076431662776,13929,559592929320.0,481
1,40795769.08203204,40776612.053222656,-19157.02880938351,-14409.826932631433,3,-12.266220405232161,-14403.076431662776,13930,559631225000.0,481
3,63496645.42785907,63474864.592285156,-21780.835573911667,-14392.044992789626,3,14.406689357478172,-14403.076431662776,13931,559653923380.0,481
0,8685629.519145936,8723213.862548828,37584.34340289235,38595.04715188034,3,24.12599944509566,38571.67604380846,13954,560600020050.0,482
1,18617394.34573979,18653798.09790039,36403.75216060132,38570.166261062026,3,-13.195336782373488,38571.67604380846,13955,560609950690.0,482
1,77448598.40688369,77478157.77258301,29559.36569932103,38571.67604380846,3,-10.93066266272217,38571.67604380846,13956,560668775380.0,482
0,71090580.03367758,71073738.46276855,-16841.570909023285,-8569.111716583371,2,8.508286327123642,-8573.365859746933,14022,563665044810.0,485
2,73986029.2137402,73968842.20544434,-17187.008295863867,-8577.620002910495,2,-8.508286327123642,-8573.365859746933,14023,563667939930.0,485
1,14182893.932164289,14181509.731811523,-1384.2003527656198,266.192867109552,1,,266.192867109552,14039,564609004730.0,486
2,77901000.53510745,77900873.50402832,-127.03107912838459,8937.923063486814,1,,8937.923063486814,14060,565673614040.0,487
0,16855600.492446095,16855348.009399414,-252.48304668068886,1708.9198167063296,1,,1708.9198167063296,14079,566613436000.0,488
0,33167558.13236765,33154555.927612305,-13002.204755343497,-9142.660058520734,1,,-9142.660058520734,14106,567630649720.0,489
0,572881.3454970194,591072.5395507812,18191.194053761894,18257.857422530185,5,-2.1988694847095758,18258.816873667296,14128,568598945690.0,490
0,2958134.553464302,2976049.146850586,17914.593386284076,18258.816873667296,5,-0.7596927790436894,18258.816873667296,14129,568601330680.0,490
3,34011581.25186837,34025884.78808594,14303.536217570305,18261.295710362494,5,2.958562263753265,18258.816873667296,14130,568632380690.0,490
2,35469629.551774986,35483756.60144043,14127.0496654436,18254.475027553737,5,-5.5812644611578435,18258.816873667296,14131,568633838570.0,490
3,71124896.50934672,71134886.40429688,9989.894950151443,18266.347381144762,5,8.010233046021312,18258.816873667296,14132,568669489900.0,490
2,41541516.11388379,41493663.74731445,-47852.36656934023,-43018.38579887152,2,-14.241408161818981,-43011.26509479061,14178,570641676840.0,492
0,46323581.48730771,46275186.896850586,-48394.5904571265,-43004.1443907097,2,14.241408161818981,-43011.26509479061,14179,570646458390.0,492
1,26568603.363542095,26575243.420776367,6640.057234272361,9731.714202340692,2,-24.559177197515965,9743.99379093945,14202,571627591860.0,493
0,27584591.325269196,27591137.716186523,6546.390917327255,9756.273379538208,2,24.559177197515965,9743.99379093945,14203,571628607760.0,493
0,34937764.91611617,34915719.82739258,-22045.08872359246,-17979.55381859094,1,,-17979.55381859094,14246,573637698760.0,495
1,3254461.1336367787,3250331.5255126953,-4129.608124083374,-3750.9025781634264,5,-11.801461580675095,-3740.407127790153,14275,574606869790.0,496
1,37855310.07896835,37847167.24865723,-8142.830311127007,-3737.7951053753495,5,4.490521114319563,-3740.407127790153,14276,574641466820.0,496
1,41156062.00708383,41147528.71557617,-8533.291507661343,-3744.164125189185,5,-5.063008606433868,-3740.407127790153,14277,574644767200.0,496
2,42627251.18471873,42618550.455200195,-8700.729518532753,-3740.407127790153,5,0.5724874921143055,-3740.407127790153,14278,574646238230.0,496
2,43878711.896533996,43869873.4284668,-8838.468067198992,-3732.5193830132484,5,9.766243476420641,-3740.407127790153,14279,574647489560.0,496
2,25764894.53336194,25774346.599243164,9452.065881222486,12450.199227776378,3,-6.633911035954952,12453.435421966016,14298,575630288640.0,497
3,42970626.83644878,42978079.99255371,7453.156104929745,12453.435421966016,3,-1.7796197514981031,12453.435421966016,14299,575647492470.0,497
2,57821344.761821,57827076.60876465,5731.846943646669,12460.23085565865,3,8.413530787453055,12453.435421966016,14300,575662341550.0,497
0,41180137.903761804,41206765.580444336,26627.676682531834,31419.60565802455,2,10.708363115787506,31414.251476466656,14323,576646600750.0,498
1,71710199.8243884,71733264.16040039,23064.336011990905,31408.897294908762,2,-10.708363115787506,31414.251476466656,14324,576677127420.0,498
2,51340693.73105907,51386479.74304199,45786.011982925236,51760.27458706498,2,-4.181144751608372,51762.365159440786,14350,577657716190.0,499
3,56258434.190988496,56303652.130981445,45217.93999294937,51764.45573181659,2,4.181144751608372,51762.365159440786,14351,577662633390.0,499
3,24172717.884908635,24133973.241088867,-38744.64381976798,-35931.7841950655,3,-29.63566368445754,-35924.77805631608,14386,579632368660.0,501
3,25001852.705692664,24963018.58569336,-38834.119999304414,-35924.77805631608,3,-19.126455560326576,-35924.77805631608,14387,579633197710.0,501
1,69040814.77270514,68996901.31555176,-43913.45715337992,-35879.519006446004,3,48.76211924478412,-35924.77805631608,14388,579677231840.0,501
2,53188712.86508838,53245699.67126465,56986.806176267564,63176.11362694204,1,,63176.11362694204,14408,580662313050.0,502
1,60780982.141606644,60783308.4621582,2326.320551559329,9399.10282742232,1,,9399.10282742232,14430,581670823490.0,503
3,18625879.900061086,18642764.84777832,16884.947717234492,19052.349239680916,5,4.857728749513626,19051.63971570134,14451,582629543370.0,504
3,34951376.22028743,34966363.18347168,14986.963184252381,19054.08196940273,5,6.59045847132802,19051.63971570134,14452,582645867060.0,504
1,38543472.315533385,38558023.01464844,14550.69911505282,19035.812356695533,5,-16.18212099559605,19051.63971570134,14453,582649458740.0,504
2,46992610.52882376,47006185.57446289,13575.045639127493,19043.343306161463,5,-8.65117152966559,19051.63971570134,14454,582657906950.0,504
2,47467974.879023105,47481502.90527344,13528.026250332594,19051.63971570134,5,3.7934427801519632,19051.63971570134,14455,582658382270.0,504
1,7691305.778325457,7700511.755004883,9205.976679425687,10100.975892509334,2,-5.8382013300433755,10103.894993174355,14479,583619512660.0,505
2,19459973.323024437,19467815.67626953,7842.3532450944185,10106.814093839377,2,5.8382013300433755,10103.894993174355,14480,583631280030.0,505
0,10393139.798734166,10399779.717163086,6639.918428920209,7849.316703990102,4,13.202513419091702,7842.715447280556,14532,585624000080.0,507
3,11673584.810969666,11680062.527832031,6477.716862365603,7836.11419057101,4,-13.202513419091702,7842.715447280556,14533,585625280370.0,507
1,19084758.048948973,19090370.915649414,5612.866700440645,7833.665603514761,4,-15.651100475341082,7842.715447280556,14534,585632690720.0,507
0,55520438.245806575,55521836.33654785,1398.090741276741,7858.729542046785,4,22.615351475775242,7842.715447280556,14535,585669122390.0,507
0,20127537.781576067,20146438.688232422,18900.906656354666,21243.048679441214,2,27.361701425164938,21229.36782872863,14557,586634615390.0,508
1,30326044.63074975,30343731.42590332,17686.79515356943,21215.68697801605,2,-27.361701425164938,21229.36782872863,14558,586644812740.0,508
2,60048908.83095528,60094659.7722168,45750.94126151502,52738.53578697145,1,,52738.53578697145,14580,587675484400.0,509
1,3179475.3849282013,3146913.082763672,-32562.30216452945,-32192.3223393159,1,,-32192.3223393159,14607,588619436930.0,510
2,26248935.945656024,26281704.833740234,32768.888084210455,35823.346935898066,3,-19.570668168365955,35839.04534842074,14664,590644263220.0,512
0,36981311.11589573,37012854.57348633,31543.457590594888,35846.789859712124,3,15.5937175527215,35839.04534842074,14665,590654994430.0,512
3,40703071.046230055,40734173.67651367,31102.630283616483,35839.04534842074,3,3.976950615644455,35839.04534842074,14666,590658715770.0,512
3,1636423.5306813093,1658362.4714355469,21938.940754237585,22129.363266934874,2,13.424865113804117,22122.65083437797,14686,591620568240.0,513
1,5389012.555825103,5410501.401489258,21488.84566415474,22115.93840182107,2,-13.424865113804117,22122.65083437797,14687,591624320400.0,513
1,3364842.4207106577,3356780.081298828,-8062.339411829598,-7670.789341466501,5,-20.4796161968261,-7654.296730518341,14732,593624049940.0,515
1,32959292.26423853,32947793.91430664,-11498.349931888282,-7663.040104079992,5,-12.730378810316324,-7654.296730518341,14733,593653641120.0,515
3,34704674.226635344,34692994.11425781,-11680.112377531826,-7641.7010832205415,5,16.967334078624845,-7654.296730518341,14734,593655386330.0,515
1,68238980.75546846,68223385.8260498,-15594.92941865325,-7654.296730518341,5,0.38468153215944767,-7654.296730518341,14735,593688916910.0,515
2,73237126.32721716,73220957.7623291,-16168.564888060093,-7646.322720021009,5,12.345697278156877,-7654.296730518341,14736,593693914510.0,515
3,19284912.03899751,19313491.78100586,28579.74200835079,30823.8318413049,2,-4.176546603441238,30825.92011460662,14786,595641762110.0,517
3,57141160.451670125,57165339.22583008,24178.774159952998,30828.00838790834,2,4.176546603441238,30825.92011460662,14787,595679614170.0,517
2,15200219.685134105,15177062.61694336,-23157.06819074601,-21388.29380457662,1,,-21388.29380457662,14815,596638511150.0,518
3,44622985.81389432,44623437.189575195,451.37568087875843,5643.931839734316,4,9.203650616109371,5638.471338886768,14827,597668786350.0,519
1,48672417.14751138,48672384.45288086,-32.69463051855564,5631.073824591935,4,-11.14066406339407,5638.471338886768,14828,597672835320.0,519
2,53129127.07487914,53128579.42932129,-547.6455578505993,5634.7281891182065,4,-7.48629953712225,5638.471338886768,14829,597677291540.0,519
1,73542250.34717318,73539334.8137207,-2915.5334524810314,5642.214488655329,4,7.48629953712225,5638.471338886768,14830,597697702410.0,519
2,51505973.93760462,51515592.31933594,9618.381731316447,15611.87717563659,1,,15611.87717563659,14848,598676524100.0,520
1,649712.2065499346,654269.4561767578,4557.249626823235,4632.853422895423,3,-5.24866616690997,4636.710397139192,14872,599626562320.0,521
1,53671930.57390075,53670321.74719238,-1608.826708368957,4636.710397139192,3,0.5367951987427659,4636.710397139192,14873,599679578670.0,521
1,72544077.88558112,72540275.78381348,-3802.101767644286,4639.493780985475,3,4.711870968167204,4636.710397139192,14874,599698448730.0,521
3,50556996.40320374,50560182.994018555,3186.5908148139715,9069.658436991274,3,-2.7985630109906197,9071.617306947708,14896,600677323030.0,522
0,64673506.17201825,64675053.732666016,1547.5606477633119,9073.296693056822,3,2.6588210873305798,9071.617306947708,14897,600691437980.0,522
3,74067768.2682733,74068220.98571777,452.7174444794655,9071.617306947708,3,0.1397419236600399,9071.617306947708,14898,600700831200.0,522
3,5371367.856340159,5363472.255371094,-7895.600969064981,-7270.5614578081295,5,-12.562818794511259,-7261.478336676955,14925,601633037670.0,523
0,49123707.396537274,49110736.59472656,-12970.801810711622,-7254.518941350281,5,11.500955892261118,-7261.478336676955,14926,601676785180.0,523
2,51016035.66918707,51002825.96984863,-13209.699338436127,-7273.215587228537,5,-15.216948214918375,-7261.478336676955,14927,601678677280.0,523
0,57163146.96035999,57149241.454956055,-13905.50540393591,-7253.712714701891,5,12.30718254065141,-7261.478336676955,14928,601684823730.0,523
0,67627783.68716499,67612652.69812012,-15130.989044874907,-7261.478336676955,5,1.061862902250141,-7261.478336676955,14929,601695287200.0,523
1,5128363.958515675,5175072.528076172,46708.56956049707,47305.33191003371,1,,47305.33191003371,14986,603634620510.0,525
3,21029760.095708974,21103072.602661133,73312.5069521591,75759.63612364978,1,,75759.63612364978,15009,604651450220.0,526
3,24522132.541233372,24557899.889404297,35767.34817092493,38620.86745101586,2,-10.182365763932467,38625.958633897826,15054,606656770260.0,528
3,60930234.565435424,60961775.46520996,31540.89977453649,38631.04981677979,2,10.182365763932467,38625.958633897826,15055,606693174340.0,528
3,7565224.005610367,7588144.541625977,22920.53601560928,23800.863716389053,3,-6.22845106665045,23800.863716389053,15085,607640730190.0,529
1,26584759.004091717,26605457.750854492,20698.746762774885,23792.28368283063,3,-19.098501404281706,23800.863716389053,15086,607659747610.0,529
3,73879707.31458402,73894932.19909668,15224.884512662888,23821.900652080774,3,25.326952470932156,23800.863716389053,15087,607707037350.0,529
0,36172749.25430635,36207571.58972168,34822.33541532606,39031.579339668155,2,5.991685651242733,39028.58349684253,15108,608670208390.0,530
3,39043043.13180551,39077525.47363281,34482.34182730317,39025.58765401691,2,-5.991685651242733,39028.58349684253,15109,608673078360.0,530
3,15758621.094527267,15842613.297485352,83992.20295808464,85825.9557544738,3,-3.8248238414525986,85825.9557544738,15133,609650774890.0,531
1,40259125.23362431,40340255.732177734,81130.49855342507,85815.25383972377,3,-19.877695966511965,85825.9557544738,15134,609675272670.0,531
0,50289367.03178356,50369359.41418457,79992.38240101188,85844.30731690675,3,23.702519807964563,85825.9557544738,15135,609685301830.0,531
2,53774278.79849857,53784368.604003906,10089.805505335331,16347.252367533743,1,,16347.252367533743,15172,611690639140.0,533
2,11192480.621330276,11213193.330200195,20712.70886991918,22015.12248306349,1,,22015.12248306349,15193,612648942210.0,534
2,3481785.6214242023,3509219.985473633,27434.36404943047,27839.52222167235,8,-18.318807867355645,27855.226453159004,15211,613642161830.0,535
2,15545469.441931572,15571502.25024414,26032.808312568814,27841.757705369964,8,-16.08332416974008,27855.226453159004,15212,613654224180.0,535
3,26867567.283724286,26892298.678833008,24731.39510872215,27857.841029539704,8,5.229152761399746,27855.226453159004,15213,613665545040.0,535
2,40713690.32999085,40736800.935791016,23110.605800166726,27848.25657849759,8,-9.584451042115688,27855.226453159004,15214,613679389620.0,535
3,43820810.088928595,43843563.489868164,22753.400939568877,27852.611876778305,8,-5.229152761399746,27855.226453159004,15215,613682496400.0,535
2,57314126.50763846,57335317.72753906,21191.219900600612,27860.58133301884,8,7.969456240534782,27855.226453159004,15216,613695988230.0,535
2,69820733.00857334,69840467.50549316,19734.496919825673,27859.190294474363,8,6.57841769605875,27855.226453159004,15217,613708493450.0,535
3,74558173.67299017,74577360.90576172,19187.23277154565,27863.198685467243,8,10.586808688938618,27855.226453159004,15218,613713230370.0,535
0,60359806.36839574,60390375.95446777,30569.586072035134,37593.358206257224,1,,37593.358206257224,15243,614699968990.0,536
2,9445481.435666997,9422624.871582031,-22856.564084965736,-21757.440126594156,2,-17.344557102769613,-21748.76784804277,15295,616650862050.0,538
2,42464941.004604295,42438259.47387695,-26681.53072734177,-21740.095569491386,2,17.344557102769613,-21748.76784804277,15296,616683877870.0,538
3,3930926.015726134,3950691.6209716797,19765.605245545506,20223.02766407421,4,-4.441519743297249,20226.669167742133,15320,617646201850.0,539
3,49388876.05383976,49403356.38378906,14480.329949304461,20227.469183817506,4,1.6000321507453918,20226.669167742133,15321,617691654770.0,539
0,58535639.21273005,58549075.02648926,13435.813759207726,20247.316583655775,4,21.44743198901415,20226.669167742133,15322,617700800540.0,539
1,58917993.00605337,58931362.87976074,13369.87370736897,20225.86915166676,4,-1.6000321507453918,20226.669167742133,15323,617701182830.0,539
3,14872434.204978859,14906572.865600586,34138.660621726885,35869.29223276116,2,34.43858272768557,35852.07294139732,15400,620659824510.0,542
1,49478751.30227224,49508828.55834961,30077.256077371538,35834.853650033474,2,-34.43858272768557,35852.07294139732,15401,620694426960.0,542
2,15090689.587610561,15109439.276977539,18749.689366977662,20505.71827742085,2,-16.352928418666124,20513.89474163018,15420,621660923110.0,543
3,64565522.585041285,64578531.48571777,13008.900676488876,20522.071205839515,2,16.352928418666124,20513.89474163018,15421,621710392480.0,543
1,7631519.091784162,7646458.663696289,14939.571912126616,15827.614044195972,2,-60.76164072100073,15857.994864556473,15448,622654368620.0,544
0,77782157.53102338,77788994.78173828,6837.250714898109,15888.375684916973,2,60.76164072100073,15857.994864556473,15449,622724511550.0,544
0,22705140.271723658,22762791.508911133,57651.237187474966,60293.3220638074,4,25.08601702749729,60280.00368964113,15470,623670348770.0,545
1,23371239.128502034,23428787.76904297,57548.6405409351,60268.2360467799,4,-23.535285722464323,60280.00368964113,15471,623671014770.0,545
3,58717370.1862437,58770829.30761719,53459.1213734895,60291.771332502365,4,23.535285722464323,60280.00368964113,15472,623706357010.0,545
0,60718874.6338244,60752578.17919922,33703.545374818146,40769.10050717741,4,-19522.670825324953,60280.00368964113,15473,623708338770.0,545
0,18564971.13600181,18553225.790161133,-11745.345840677619,-9585.03196985647,1,,-9585.03196985647,15520,625668012310.0,547
1,4729722.8796729,4749879.015136719,20156.135463818908,20706.509922645055,3,-21.063517299480736,20717.225922368467,15553,626655075690.0,548
2,23608943.042097203,23626913.01208496,17969.969987757504,20717.225922368467,3,-4.9895177143625915,20717.225922368467,15554,626673952830.0,548
3,60180802.689861,60194537.66845703,13734.978596031666,20737.920957520604,3,26.053035013843328,20717.225922368467,15555,626710520660.0,548
3,9478830.012686234,9494870.179321289,16040.166635055095,17143.171202396974,5,-16.213383266702294,17155.092686384916,15577,627660670360.0,549
2,27697807.446648255,27711737.88330078,13930.43665252626,17153.493514828384,5,-5.891070835292339,17155.092686384916,15578,627678887330.0,549
2,42557913.02414434,42570124.446777344,12211.422633007169,17163.676484942436,5,9.383384335786104,17155.092686384916,15579,627693745800.0,549
1,53901197.879713364,53912080.7565918,10882.87687843293,17155.092686384916,5,-3.492313500493765,17155.092686384916,15580,627705087820.0,549
0,63004370.18292925,63014219.64404297,9849.461113721132,17180.968059323728,5,26.67495871707797,17155.092686384916,15581,627714190010.0,549
3,17864602.03361534,17886040.667114258,21438.633498918265,23517.448881242424,3,-22.848486356437206,23539.98994371295,15600,628669947070.0,550
3,66249467.513930246,66265298.99584961,15831.481919363141,23540.604791484773,3,11.885379007086158,23539.98994371295,15601,628718326600.0,550
3,67450421.13464701,67466112.25268555,15691.118038535118,23539.98994371295,3,10.963107349351048,23539.98994371295,15602,628719527420.0,550
2,25067202.14361214,25087457.907958984,20255.764346845448,23172.710680712014,2,0.4290747754275799,23172.4961433243,15620,629678021220.0,551
1,38947879.861244775,38966519.970703125,18640.109458349645,23172.281605936587,2,-0.4290747754275799,23172.4961433243,15621,629691900360.0,551
2,30800351.30868943,30813673.28161621,13321.972926780581,16906.05747347325,3,-10.001906432211399,16915.56898470223,15642,630684647040.0,552
3,44037797.8477995,44049588.95605469,11791.108255185187,16915.56898470223,3,4.265360411256552,16915.56898470223,15643,630697883030.0,552
2,70204394.82431617,70213142.03588867,8747.211572498083,16916.549775108695,3,5.736546020954847,16915.56898470223,15644,630724046730.0,552
2,34349704.17137563,34390426.978637695,40722.80726206303,44719.912446685135,1,,44719.912446685135,15666,631689078330.0,553
0,7643411.729222538,7704582.264404297,61170.535181758925,62059.96120122727,3,0.632793783210218,62059.96120122727,15687,632663309060.0,554
2,54553622.55885053,54609328.873046875,55706.31419634819,62054.44943739474,3,-7.634851965587586,62059.96120122727,15688,632710214070.0,554
2,63908828.892413765,63963456.345458984,54627.45304521918,62064.20737749338,3,7.002058182377368,62059.96120122727,15689,632719568250.0,554
1,27465270.83007551,27453586.876586914,-11683.953488595784,-8487.955762263387,2,-2.134240984916687,-8486.88864177093,15710,633683960820.0,555
1,30768724.554188114,30756658.32836914,-12066.225818973035,-8485.82152127847,2,2.134240984916687,-8486.88864177093,15711,633687263910.0,555
1,37120009.14990029,37122760.31726074,2751.1673604547977,7070.639233805239,3,-16.147152364253998,7083.981985360384,15736,634694492500.0,556
2,72837625.93351567,72836239.77001953,-1386.1634961366653,7089.590786978602,3,12.280177395790815,7083.981985360384,15737,634730206180.0,556
1,75573764.57032278,75572054.40710449,-1710.1632182896137,7083.981985360384,3,3.8669749684631824,7083.981985360384,15738,634732942010.0,556
1,3141203.134768215,3191828.764770508,50625.630002292804,50991.15627504559,2,-13.760666366200894,50998.03660822869,15767,635661393110.0,557
2,65337467.626302525,65380869.545288086,43401.91898556054,51004.91694141179,2,13.760666366200894,50998.03660822869,15768,635723582500.0,557
1,33980621.8676742,33982929.15209961,2307.284425407648,6261.441327787936,1,,6261.441327787936,15792,636693125940.0,558
2,32423820.422985055,32461930.985595703,38110.56261064857,41883.56222867593,2,-9.447086188942194,41888.2857717704,15827,638693362350.0,560
1,53859614.99550614,53895240.62780762,35625.63230147958,41893.009314864874,2,9.447086188942194,41888.2857717704,15828,638714795780.0,560
1,31032764.8833026,31076346.37438965,43581.491087049246,47192.620451927185,3,-32.181397534906864,47219.75348806381,15854,639692862250.0,561
1,74592662.01985365,74631201.79418945,38539.7743358016,47219.75348806381,3,8.518156670033932,47219.75348806381,15855,639736417350.0,561
1,79383252.4821338,79421244.89587402,37992.413740217686,47229.85021086037,3,23.663240864872932,47219.75348806381,15856,639741207420.0,561
0,57905974.26060194,57999460.650390625,93486.38978868723,100224.62161690742,2,12.21806574612856,100218.51258403435,15883,640720697120.0,562
1,64605728.478253976,64698423.032714844,92694.55446086824,100212.40355116129,2,-12.21806574612856,100218.51258403435,15884,640727396120.0,562
2,58474019.67726825,58522603.73132324,48584.05405499041,55388.38651885837,2,-14.59762867540121,55395.685333196074,15926,642723204500.0,564
0,69513747.73235224,69561061.7454834,47314.013131156564,55402.984147533774,2,14.59762867540121,55395.685333196074,15927,642734243020.0,564
3,18988770.72783629,19071042.33154297,82271.60370668024,84481.23303993791,1,,84481.23303993791,15956,643684735490.0,565
0,3905313.6029178035,3908352.866455078,3039.2635372746736,3493.7055660011247,1,,3493.7055660011247,15985,644670497120.0,566
3,9264659.558031227,9300459.532348633,35799.97431740537,36878.05692820065,2,-9.149161161854863,36882.631508781575,16055,647678524230.0,569
3,9504777.001882812,9540558.184082031,35781.18219921924,36887.2060893625,2,9.149161161854863,36882.631508781575,16056,647678764330.0,569
0,12401519.437288513,12462676.401000977,61156.963712463155,62600.06719284877,6,-14.947939034551382,62614.791553679854,16123,650684378270.0,572
1,55362582.88520526,55418755.18322754,56172.29802227765,62614.567975476384,6,-0.4471564069390297,62614.791553679854,16124,650727334590.0,572
1,58876454.49165475,58932215.45349121,55760.96183645725,62612.12364927679,6,-2.8914826065301895,62614.791553679854,16125,650730848070.0,572
2,59446964.784386165,59502662.25024414,55697.465857975185,62615.01513188332,6,0.4471564069390297,62614.791553679854,16126,650731418520.0,572
2,72122191.55738428,72176421.08129883,54229.523914545774,62622.026637762785,6,7.458662286400795,62614.791553679854,16127,650744092350.0,572
2,73651236.34887394,73705292.49609375,54056.14721980691,62626.5773229301,6,12.009347453713417,62614.791553679854,16128,650745621230.0,572
1,53103703.0562719,53146115.294433594,42412.23816169053,48591.65344136208,1,,48591.65344136208,16149,651725993510.0,573
2,19827605.979788404,19933675.442749023,106069.46296061948,108376.70340336114,2,8.483366407454014,108372.46172015741,16166,652693659720.0,574
3,42744662.53312017,42848056.76818848,103394.23506830633,108368.22003695369,2,-8.483366407454014,108372.46172015741,16167,652716574230.0,574
2,11785487.929331632,11864129.814331055,78641.88499942236,80013.3039400503,2,-32.62660277634859,80029.61724143848,16189,653686573670.0,575
0,69428139.24099034,69500106.16235352,71966.92136317492,80045.93054282665,2,32.62660277634859,80029.61724143848,16190,653744209970.0,575
1,45621509.24200611,45629433.62963867,7924.38763256371,13233.1370241642,1,,13233.1370241642,16227,654721257680.0,576
3,23246294.359720796,23304536.450195312,58242.09047451615,60947.14677558094,1,,60947.14677558094,16274,656700660890.0,578
2,22458365.48230996,22494662.403442383,36296.921132422984,38910.290047030896,3,-7.274990074336529,38917.1632668823,16301,657700772600.0,579
3,38621078.63371435,38655501.65307617,34423.0193618238,38917.1632668823,3,3.034839702770114,38917.1632668823,16302,657716933530.0,579
3,43539542.55128288,43573394.036865234,33851.485582351685,38917.966807328165,3,4.240150371566415,38917.1632668823,16303,657721851450.0,579
0,14720719.222794354,14754329.593383789,33610.3705894351,35323.347878357396,4,-5.219633484259248,35325.957695099525,16330,658693896980.0,580
0,57395973.272315755,57424629.98046875,28656.708152994514,35335.59368861467,4,12.245810257270932,35325.957695099525,16331,658736567520.0,580
1,72454568.58312377,72481455.42956543,26886.84644165635,35318.026235461235,4,-10.541276380419731,35325.957695099525,16332,658751624430.0,580
2,77560003.47003865,77586306.7635498,26303.293511152267,35328.567511841655,4,5.219633484259248,35325.957695099525,16333,658756729310.0,580
1,1114760.8345530233,1137995.5224609375,23234.687907914165,23364.407112748362,3,-34.86140782292932,23382.25236517191,16349,659681191150.0,581
3,16354560.800966896,16376039.953979492,21479.15301259607,23382.25236517191,3,-8.09352918760851,23382.25236517191,16350,659696429280.0,581
0,59009860.853856266,59026410.45288086,16549.59902459383,23416.284675970674,3,42.95493701053783,23382.25236517191,16351,659739079890.0,581
1,18547714.475929752,18602689.21508789,54974.73915813863,57133.044956777245,1,,57133.044956777245,16369,660699513530.0,582
0,39792283.63069928,39862701.415649414,70417.78495013714,75048.2161880508,3,-7.646244093775749,75048.2161880508,16388,661721663250.0,583
0,62799585.56687163,62867342.23425293,67756.66738130152,75064.34455397725,3,16.546304795891047,75048.2161880508,16389,661744668020.0,583
2,72998382.0505819,73064934.97021484,66552.91963294148,75047.38031031191,3,-8.900060702115297,75048.2161880508,16390,661754865670.0,583
0,57638245.14669343,57720072.41455078,81827.26785735041,88534.3453727439,1,,88534.3453727439,16423,662740465350.0,584
3,39544402.38355161,39553007.846191406,8605.462639793754,13207.049162968993,1,,13207.049162968993,16448,663723217980.0,585
3,12699007.574532028,12723718.180419922,24710.605887893587,26188.326591467485,2,-162.22451882250607,26269.438850878738,16471,664697262000.0,586
3,23156223.488444433,23179879.46435547,23655.975911036134,26350.55111028999,2,162.22451882250607,26269.438850878738,16472,664707718220.0,586
2,18713352.530107334,18768660.07775879,55307.547651454806,57485.12793122977,1,,57485.12793122977,16494,665704150740.0,587
0,10860999.833956357,10913853.631713867,52853.797757510096,54117.63859089464,5,-12.925138633698225,54129.597833663225,16521,666697210310.0,588
3,58281677.79511046,58329027.37414551,47349.57903505117,54131.52962539345,5,5.419633947312832,54129.597833663225,16522,666744625750.0,588
2,66517458.817503445,66563841.13195801,46382.31445456296,54122.62214922905,5,-7.941580299288034,54129.597833663225,16523,666752860610.0,588
2,72080424.39880618,72126169.89697266,45745.49816647172,54133.14065203071,5,7.030660584568977,54129.597833663225,16524,666758422970.0,588
2,73104011.30417779,73149634.14978027,45622.84560248256,54129.597833663225,5,2.5219463519752026,54129.597833663225,16525,666759446440.0,588
2,65129720.183241546,65161514.71960449,31794.536362946033,39373.359776340425,1,,39373.359776340425,16555,667752325080.0,589
3,4003543.693548179,4052153.3880615234,48609.694513344206,49075.56709188223,3,-7.904937911778688,49077.485097803175,16573,668692118020.0,590
1,31675786.48354847,31721178.014038086,45391.530489616096,49077.485097803175,3,-5.027929030358791,49077.485097803175,16574,668719787200.0,590
1,52047080.635571435,52090113.63317871,43032.99760727584,49089.45896178484,3,12.93286694213748,49077.485097803175,16575,668740156250.0,590
2,31758894.618487664,31809063.190429688,50168.57194202393,53864.19743283093,2,-37.748744428157806,53883.07180504501,16601,669720749570.0,591
0,79932452.10338137,79977052.70544434,44600.6020629704,53901.94617725909,2,37.748744428157806,53883.07180504501,16602,669768917830.0,591
3,48914929.68443747,49030465.951660156,115536.2672226876,121228.25566228479,1,,121228.25566228479,16628,670738881650.0,592
2,13145094.310506288,13240142.104370117,95047.79386382923,96577.4234745726,3,-15.877221677452326,96592.5339542143,16648,671704053930.0,593
2,23586084.00872828,23679933.48022461,93849.47149632871,96594.0674382858,3,9.088723892346025,96592.5339542143,16649,671714493780.0,593
2,26661656.16265571,26755146.21154785,93490.04889214039,96592.5339542143,3,6.788497785106301,96592.5339542143,16650,671717569010.0,593
3,18827716.652396478,18929473.348876953,101756.69648047537,103947.58474753052,2,10.294692128896713,103942.43740146607,16670,672710702770.0,594
1,37788706.88170651,37888246.88684082,99540.00513430685,103937.29005540162,2,-10.294692128896713,103942.43740146607,16671,672729661650.0,594
0,28782295.98655171,28802877.21435547,20581.227803759277,23930.481233689934,2,12.056714657694101,23924.452876361087,16690,673721514970.0,595
0,63751680.911688164,63768180.8684082,16499.95672003925,23918.42451903224,2,-12.056714657694101,23924.452876361087,16691,673756480470.0,595
0,37807149.37168969,37861909.96765137,54760.59596167505,59160.02694411576,2,-4.966186545789242,59162.51003738865,16716,674731456730.0,596
0,65197227.86379615,65248806.177978516,51578.31418236345,59164.99313066155,2,4.966186545789242,59162.51003738865,16717,674758843780.0,596
0,27674046.138755463,27725500.540893555,51454.402138091624,54674.69401451573,2,-1.0701261050999165,54675.22907756828,16736,675722197820.0,597
0,46092524.91989376,46141837.12487793,49312.20498417318,54675.76414062083,2,1.0701261050999165,54675.22907756828,16737,675740614260.0,597
3,23476245.840224408,23542003.529052734,65757.68882832676,68489.50344586372,3,-18.718680147081614,68501.26455991715,16767,676718919760.0,598
2,39886981.57219541,39950841.38598633,63859.8137909174,68501.26455991715,3,-1.077009066939354,68501.26455991715,16768,676735328690.0,598
0,45599790.352072075,45662999.30969238,63208.9576203078,68515.17969210446,3,19.795689214020967,68501.26455991715,16769,676741040880.0,598
2,38310096.862175785,38363667.44592285,53570.58374706656,58028.54024145752,3,-9.859457276761532,58035.85832685232,16812,678735524780.0,600
3,38793073.03372466,38846594.73400879,53521.70028413087,58035.85832685232,3,1.1176708154380322,58035.85832685232,16813,678736007710.0,600
3,42159780.814793706,42212915.83068848,53135.01589477062,58040.941070616245,3,8.7417864613235,58035.85832685232,16814,678739374050.0,600
2,6898686.464379689,6947483.5087890625,48797.044409373775,49599.81043309998,2,10.46299613174051,49594.57893503411,16843,679704987000.0,601
1,7522175.979156595,7570890.008178711,48714.029022116214,49589.34743696824,2,-10.46299613174051,49594.57893503411,16844,679705610410.0,601
3,70368495.86093564,70456934.39648438,88438.53554873168,96626.96937733889,2,-7.767856374382973,96630.85330552608,16865,680769397660.0,602
2,78121246.71220022,78208790.86633301,87544.15413278341,96634.73723371327,2,7.767856374382973,96630.85330552608,16866,680777149560.0,602
0,19762765.16794183,19863343.91345215,100578.74551031739,102878.44074847922,4,10.07008869573474,102873.40570413135,16886,681719724350.0,603
1,35516163.19094874,35614885.46142578,98722.2704770416,102855.11072859168,4,-23.330019887536764,102873.40570413135,16887,681735475980.0,603
0,46222143.80871072,46319645.349365234,97501.54065451771,102880.18291997164,4,11.812260188162327,102873.40570413135,16888,681746180800.0,603
1,76847957.43778947,76941883.39172363,93925.95393416286,102868.37065978348,4,-10.07008869573474,102873.40570413135,16889,681776803210.0,603
2,725356.6332049568,729750.5656738281,4393.932468871353,4478.338632744504,2,-13.703372354852036,4485.19031892193,16912,682701547310.0,604
1,45217150.40732265,45216380.75317383,-769.654148824513,4492.042005099356,2,13.703372354852036,4485.19031892193,16913,682746034190.0,604
3,40144389.1606924,40195054.54736328,50665.38667088002,55336.79068784416,2,-20.407090336084366,55346.9942330122,16980,684742715980.0,606
0,76095930.39580344,76142432.68652344,46502.29072000086,55357.19777818024,2,20.407090336084366,55346.9942330122,16981,684778663560.0,606
1,11680269.423754305,11735858.111816406,55588.6880621016,56947.86324563436,2,-3.2082350309938192,56949.46736314986,17010,685715116260.0,607
2,23841173.038720615,23895349.830810547,54176.79208993167,56951.071480665356,2,3.2082350309938192,56949.46736314986,17011,685727275820.0,607
2,37533698.24765915,37584196.43469238,50498.18703323603,54865.79786083102,3,-15.140353724360466,54880.51527855545,17031,686741874300.0,608
3,49752675.93919195,49801767.82751465,49091.88832269609,54881.36115055531,3,8.20458086207509,54880.51527855545,17032,686754091940.0,608
2,55371719.095520206,55420156.27770996,48437.18218975514,54880.51527855545,3,6.935772862285376,54880.51527855545,17033,686759710360.0,608
0,39896389.66722599,39941342.89550781,44953.22828182578,49595.77382431179,1,,49595.77382431179,17061,687745101080.0,609
2,54803165.1329183,54858836.7064209,55671.57350260019,62048.74677877873,1,,62048.74677877873,17089,688760909270.0,610
3,78275111.00849697,78357972.42810059,82861.419603616,91969.90713171661,1,,91969.90713171661,17115,689785281230.0,611
1,48724249.214213,48730230.12756348,5980.913350477815,11650.713246837258,2,-24.941968768835068,11663.184231221676,17138,690756588990.0,612
0,77267885.48717797,77270569.86071777,2684.3735398054123,11675.655215606093,2,24.941968768835068,11663.184231221676,17139,690785129490.0,612
3,64517492.130540445,64560614.86303711,43122.73249666393,50630.31395957619,1,,50630.31395957619,17196,692774116720.0,614
0,18776241.500018295,18817149.088867188,40907.5888488926,43092.48720705509,4,-1.8843629844486713,43093.84340311773,17250,694730119150.0,616
0,19162892.43729204,19203756.91784668,40864.48055464029,43094.37157003954,4,1.0563338436186314,43093.84340311773,17251,694730505760.0,616
0,48930660.281527214,48968059.77783203,37399.4963048175,43093.31523619592,4,-1.0563338436186314,43093.84340311773,17252,694760270230.0,616
2,76800220.16822779,76834393.29577637,34173.1275485754,43109.98932424188,4,16.674088045954704,43093.84340311773,17253,694788136720.0,616
3,38872165.03052061,38939405.89111328,67240.86059267074,71764.22217988223,2,1.9584965631365776,71763.24293160066,17286,695751093220.0,617
3,75202590.59291653,75265601.90307617,63011.310159638524,71762.26368331909,2,-1.9584965631365776,71763.24293160066,17287,695787419620.0,617
2,69022801.27007873,69099721.91687012,76920.64679138362,84952.48879611492,2,7.538866639137268,84948.71936279535,17307,696782178110.0,618
2,69235742.39229394,69312630.72131348,76888.32901953161,84944.94992947578,2,-7.538866639137268,84948.71936279535,17308,696782391020.0,618
1,29240051.19966789,29320628.83935547,80577.63968757913,83980.15982765332,4,-27.66887829080224,83998.24953090027,17331,697743295550.0,619
0,49924563.50412897,50002742.69995117,78179.19582220167,83988.67035585642,4,-19.158350087702274,83998.24953090027,17332,697763977780.0,619
2,59661692.73522961,59738758.02783203,77065.29260241985,84007.82870594412,4,19.158350087702274,83998.24953090027,17333,697773713850.0,619
0,68281775.26820517,68357849.62768555,76074.35948038101,84019.971954301,4,31.301598444581032,83998.24953090027,17334,697782332990.0,619
3,5146789.630504962,5273421.174194336,126631.54368937388,127230.45014322829,3,-32.632991136051714,127250.44154325873,17355,698720188740.0,620
2,36951622.032389596,37074572.59643555,122950.56404595077,127250.44154325873,3,-2.645891090389341,127250.44154325873,17356,698751990070.0,620
0,74019662.04405048,74138324.46679688,118662.4227463901,127275.72472546995,3,35.278882226441056,127250.44154325873,17357,698789054030.0,620
2,3039397.486744412,3111370.2825927734,71972.79584836122,72326.47550137294,8,-7.184963081497699,72330.0679829137,17404,700719841950.0,622
1,5050056.871485706,5121788.9931640625,71732.12167835608,72319.77181947324,8,-13.888644981198013,72330.0679829137,17405,700721852380.0,622
2,9793189.654052723,9864372.361450195,71182.70739747211,72322.29244149104,8,-11.368022963404655,72330.0679829137,17406,700726594990.0,622
3,18231712.735995248,18301924.98083496,70212.24483971298,72333.77907878533,8,7.3035774123854935,72330.0679829137,17407,700735032590.0,622
3,19278008.732143927,19348099.1060791,70090.3739351742,72333.66046445444,8,7.184963081497699,72330.0679829137,17408,700736078770.0,622
1,22802129.525600683,22871799.318847656,69669.7932469733,72323.16428307816,8,-10.4961813762784,72330.0679829137,17409,700739602490.0,622
2,51610872.25859144,51677217.56347656,66345.3048851192,72351.00682824105,8,24.53132686810568,72330.0679829137,17410,700768408070.0,622
2,62527248.39057132,62592326.27026367,65077.87969235331,72353.8663347736,8,27.390833400655538,72330.0679829137,17411,700779323240.0,622
0,3309279.983378929,3392964.313720703,83684.33034177404,84069.41488611046,2,-33.93372646626085,84086.38174934359,17429,701721008270.0,623
1,78181228.13695958,78256233.92272949,75005.78576990962,84103.34861257672,2,33.93372646626085,84086.38174934359,17430,701795871960.0,623
1,4471693.493966449,4549063.3623046875,77369.86833823845,77890.21719363425,2,-37.54016368743032,77908.98727547796,17460,702723061900.0,624
3,61670790.76823112,61741542.200683594,70751.43245247006,77927.75735732168,2,37.54016368743032,77908.98727547796,17461,702780254700.0,624
1,9725734.358200662,9822201.837402344,96467.47920168191,97599.21480654925,1,,97599.21480654925,17514,704730307270.0,626
2,50901838.75487851,50975652.16918945,73813.41431093961,79736.60953202844,2,8.003795444965363,79732.60763430595,17540,705772378700.0,627
3,67346808.04333207,67418699.83410645,71891.7907743752,79728.60573658347,2,-8.003795444965363,79732.60763430595,17541,705788821840.0,627
2,54757664.55581467,54909815.38769531,152150.83188064396,158522.71047970653,2,33.30221648514271,158506.05937146395,17566,706777251370.0,628
3,77779987.58639345,77929426.12219238,149438.53579893708,158489.40826322138,2,-33.30221648514271,158506.05937146395,17567,706800271110.0,628
3,13216982.449536536,13282942.096801758,65959.64726522192,67497.64214315452,2,-15.902979804202914,67505.59363305662,17592,707736625980.0,629
0,26314507.100682426,26378958.556762695,64451.45608026907,67513.54512295872,2,15.902979804202914,67505.59363305662,17593,707749722070.0,629
1,23172225.932983592,23254343.0703125,82117.13732890785,84813.57465348765,2,-16.095600251108408,84821.6224536132,17634,709748412710.0,631
3,47207101.70595342,47286438.119262695,79336.4133092761,84829.67025373876,2,16.095600251108408,84821.6224536132,17635,709772444940.0,631
2,29549874.548222184,29662864.38256836,112989.8343461752,116428.40709697083,5,26.665754172950983,116420.23390613496,17651,710755761800.0,632
2,30539840.666219022,30652718.82409668,112878.15787765756,116431.92808934301,5,30.186746545135975,116420.23390613496,17652,710756751660.0,632
2,40051485.777616516,40163245.41821289,111759.64059637487,116420.23390613496,5,14.405967919155955,116420.23390613496,17653,710766262240.0,632
3,70876726.6662967,70984862.34094238,108135.67464567721,116383.24877946079,5,-41.07172209210694,116420.23390613496,17654,710797084030.0,632
1,79815145.52953883,79922212.15368652,107066.62414769828,116354.31787617505,5,-70.00262537784874,116420.23390613496,17655,710806021430.0,632
3,1110600.3569448283,1214561.1944580078,103960.83751317952,104090.07258381182,2,75.27004298800603,104052.43756231782,17683,711728296110.0,633
2,72354115.86506897,72449711.17700195,95595.31193298101,104014.80254082382,2,-75.27004298800603,104052.43756231782,17684,711799531660.0,633
2,18156776.67675312,18270326.87438965,113550.1976365298,115663.01193701103,4,4.334331315010786,115660.84477135353,17710,712746264600.0,634
1,24394992.29165992,24507811.84802246,112819.55636253953,115658.280960612,4,-4.730976399034262,115660.84477135353,17711,712752502120.0,634
2,29285204.147804394,29397464.39050293,112260.24269853532,115668.01706386358,4,9.339458167552948,115660.84477135353,17712,712757391800.0,634
1,41402285.45717269,41513126.35559082,110840.89841812849,115658.67760569602,4,-4.334331315010786,115660.84477135353,17713,712769507530.0,634
2,41692603.19290812,41747809.94482422,55206.751916095614,60058.313942693174,1,,60058.313942693174,17751,714771568240.0,636
2,39245176.99714341,39316299.08190918,71122.08476576954,75688.85191065818,3,-0.4494755305349827,75688.85191065818,17778,715770044480.0,637
3,51108256.87234835,51178002.47302246,69745.60067410767,75692.81575060636,3,5.496284391731024,75688.85191065818,17779,715781906250.0,637
2,52803541.6544279,52873082.95446777,69541.30003987253,75685.78702177107,3,-5.046808861196041,75688.85191065818,17780,715783601340.0,637
1,802392.3165676339,875118.5200195312,72726.20345189737,72819.57387723355,2,-9.842216503340751,72824.49498548522,17806,716732494720.0,638
1,25147538.7055128,25217441.826904297,69903.12139149755,72829.41609373689,2,9.842216503340751,72824.49498548522,17807,716756837180.0,638
3,41490351.044180945,41541925.53991699,51574.495736047626,56402.5226804167,1,,56402.5226804167,17844,717774087440.0,639
1,30017401.06956353,30073491.654907227,56090.58534369618,59583.56184344739,3,-16.434140279889107,59598.85518155992,17865,718763485490.0,640
3,41494814.62098861,41549587.21142578,54772.59043717384,59601.13678589463,3,9.928273390978575,59598.85518155992,17866,718774961650.0,640
2,70743706.22488463,70795072.98486328,51366.759978652,59598.85518155992,3,6.505866888910532,59598.85518155992,17867,718804207300.0,640
2,5863751.935260829,5886470.321777344,22718.386516515166,23400.722327758558,5,20.525996866635978,23388.50796114281,18393,739758414380.0,661
3,17028119.620786645,17049527.63623047,21408.01544382423,23389.493504915386,5,9.297174023464322,23388.50796114281,18394,739769577500.0,661
3,20694406.648569576,20715387.05078125,20980.402211673558,23388.50796114281,5,7.818858364596963,23388.50796114281,18395,739773243380.0,661
1,35612545.45965304,35631773.28857422,19227.828921176493,23371.884700641036,5,-17.116032388061285,23388.50796114281,18396,739788159850.0,661
2,50033594.204463154,50051132.31726074,17538.11279758811,23360.27469459176,5,-28.726038437336683,23388.50796114281,18397,739802579290.0,661
3,10747112.562447688,10811026.421508789,63913.85906110145,65164.44739597477,3,59.478753071278334,65143.09489291534,18424,740764198600.0,662
3,27012365.29591541,27074365.095458984,61999.79954357445,65143.09489291534,3,27.449998482130468,65143.09489291534,18425,740780462030.0,662
1,69237017.94000775,69294028.01306152,57010.07305377722,65066.842392891645,3,-86.9287515534088,65143.09489291534,18426,740822681930.0,662
0,5546769.59421178,5592596.979736328,45827.38552454859,46472.835668523796,2,107.1815326930955,46419.24490217725,18453,741759928610.0,663
1,56784231.33837494,56823989.2923584,39757.9539834559,46365.6541358307,2,-107.1815326930955,46419.24490217725,18454,741811160290.0,663
3,18171131.38991589,18257790.73022461,86659.34030871838,88773.82499617338,4,-10.568852540105581,88782.95531724952,18507,743774426300.0,665
0,29230472.126519497,29315858.634155273,85386.50763577595,88787.9131064862,4,6.396320700645447,88782.95531724952,18508,743785484430.0,665
3,31283122.97733604,31368267.10888672,85144.13155067712,88784.39384871349,4,2.877062927931547,88782.95531724952,18509,743787536850.0,665
3,78385302.43294388,78464962.63977051,79660.20682662725,88781.51678578556,4,-2.877062927931547,88782.95531724952,18510,743834633810.0,665
2,30659682.15143957,30663780.381225586,4098.229786016047,7665.945358611643,2,25.76766376197338,7653.061526730657,18535,744787769820.0,666
1,48160806.17321042,48162842.11608887,2035.942878447473,7640.17769484967,2,-25.76766376197338,7653.061526730657,18536,744805268980.0,666
2,4987171.120564371,5009884.107910156,22712.987345784903,23293.319783093408,3,25.99648121232167,23293.119513264857,18554,745762990520.0,667
1,5562345.021484116,5584990.878417969,22645.856933852658,23293.119513264857,3,25.696076469495893,23293.119513264857,18555,745763565630.0,667
3,62048722.4949764,62064743.71911621,16021.224139809608,23241.527090497315,3,-51.69255768181756,23293.119513264857,18556,745820045700.0,667
0,22894556.82654398,22935460.724243164,40903.897699184716,43568.02404316515,2,-1.311958983540535,43568.68002265692,18602,747782676430.0,669
0,52797297.2507654,52834722.826416016,37425.57565061748,43569.33600214869,2,1.311958983540535,43568.68002265692,18603,747812575860.0,669
1,24586532.903357457,24605512.981567383,18980.078209925443,21841.091441642493,4,-9.157235186547041,21845.670059235767,18625,748785227120.0,670
0,29271789.542845313,29290236.674682617,18447.13183730468,21853.34521140158,4,12.253769759088755,21845.670059235767,18626,748789911870.0,670
0,49795405.63511512,49811461.4387207,16055.80360558629,21850.24867682904,4,9.157235186547041,21845.670059235767,18627,748810433210.0,670
1,63289504.30570557,63303955.67236328,14451.366657711565,21816.053250938654,4,-34.195425890386105,21845.670059235767,18628,748823925780.0,670
1,39591994.656239755,39600156.30883789,8161.652598135173,12768.777198694646,5,-8.39022732526064,12768.777198694646,18656,749801121420.0,671
2,48695884.304152265,48702985.19238281,7100.888230547309,12767.387442611158,5,-9.920171331614256,12768.777198694646,18657,749810224300.0,671
0,51331207.716242135,51338020.39550781,6812.679265677929,12785.838029190898,5,17.201018419116735,12768.777198694646,18658,749812859350.0,671
0,52539330.5429009,52546003.61206055,6673.0691596493125,12786.811201259494,5,18.17419048771262,12768.777198694646,18659,749814067340.0,671
1,56544942.47992852,56551131.12145996,6188.641531437635,12768.496822848916,5,-8.810791093856096,12768.777198694646,18660,749818072490.0,671
1,2216806.0280007357,2269611.7575683594,52805.7295676237,53063.68832102697,2,-25.702386883087456,53076.53951446852,18689,750764638270.0,672
3,65133518.36747925,65179028.49279785,45510.12531860173,53089.39070791006,2,25.702386883087456,53076.53951446852,18690,750827548040.0,672
3,57490046.92424639,57533642.751464844,43595.827218450606,50285.659639671445,1,,50285.659639671445,18721,751820838280.0,673
0,18911460.79677981,18889765.26599121,-21695.530788600445,-19494.897629652172,3,18.527904368937016,-19504.625504888594,18746,752783096830.0,674
2,24418680.45069308,24396334.34411621,-22346.1065768674,-19504.625504888594,3,3.9360915143042803,-19504.625504888594,18747,752788603430.0,674
0,54301757.60928841,54275916.556762695,-25841.05252571404,-19522.225563153625,3,-22.463995883241296,-19504.625504888594,18748,752818483180.0,674
2,19013980.628156908,19057344.23059082,43363.602433912456,45576.16531858593,2,19.745966523885727,45566.29233532399,18771,753784096910.0,675
3,58541668.07579285,58580412.290771484,38744.21497863531,45556.41935206205,2,-19.745966523885727,45566.29233532399,18772,753823620200.0,675
1,42452452.823227614,42464916.23083496,12463.407607346773,17403.389577291906,2,6.610069125890732,17400.08454272896,18790,754808419290.0,676
2,60310327.19750407,60320705.962524414,10378.765020340681,17396.779508166015,2,-6.610069125890732,17400.08454272896,18791,754826275180.0,676
0,14573126.11145015,14622233.76171875,49107.65026859939,50803.452877134085,3,40.51576065458357,50779.8293444328,18842,756782353580.0,678
0,25773310.158286773,25821090.875,47780.71671322733,50779.8293444328,3,5.080461602658033,50779.8293444328,18843,756793552500.0,678
3,36467778.35811637,36514280.82800293,46502.46988655627,50746.0448885262,3,-45.59622225724161,50779.8293444328,18844,756804245750.0,678
2,44010162.80767307,44021116.25305176,10953.445378690958,16074.69035526365,1,,16074.69035526365,18865,757812643240.0,679
3,5914254.327068789,5938541.631469727,24287.30440093763,24975.51692573726,2,36.016955364495516,24957.508448055014,18894,758775460280.0,680
2,27444124.78294465,27465870.74584961,21745.962904959917,24939.499970372766,2,-36.016955364495516,24957.508448055014,18895,758796987730.0,680
2,33909282.782876626,34016544.912475586,107262.12959896028,111207.98512487859,2,13.995640575885773,111200.98730459064,18951,760805356530.0,682
2,51047224.81011641,51152478.68652344,105253.87640702724,111193.9894843027,2,-13.995640575885773,111200.98730459064,18952,760822492560.0,682
2,17389050.344494574,17430014.9642334,40964.619738824666,42988.09752311185,2,6.205725479871035,42984.994660371915,18974,761789779560.0,683
1,77392791.9800489,77426768.05541992,33976.07537102699,42981.89179763198,2,-6.205725479871035,42984.994660371915,18975,761849776650.0,683
2,29487880.65278641,29562144.107055664,74263.45426925272,77694.81309705228,2,27.816288493573666,77680.90495280549,18994,762802857410.0,684
0,53960708.84126128,54032096.697265625,71387.85600434244,77666.9968085587,2,-27.816288493573666,77680.90495280549,18995,762827327500.0,684
3,12335411.272235677,12323424.07421875,-11987.198016926646,-10551.787216743454,1,,-10551.787216743454,19012,763786583190.0,685
0,28637575.295687117,28655890.219604492,18314.923917375505,21647.336916282773,1,,21647.336916282773,19041,764803756440.0,686
3,15057048.986333007,15073820.220825195,16771.23449218832,18523.348812244833,2,-23.975661925971508,18535.33664320782,19076,765791037770.0,687
0,55054564.74563174,55066705.642700195,12140.897068455815,18547.324474170804,2,23.975661925971508,18535.33664320782,19077,765831030880.0,687
3,172718.02452588742,228437.10766601562,55719.083140128205,55739.18148239821,2,5.087828853429528,55736.6375679715,19099,766777092900.0,688
0,13078172.39470301,13132384.646118164,54212.251415153965,55734.09365354478,2,-5.087828853429528,55736.6375679715,19100,766789996920.0,688
0,16914180.29873202,16933522.84008789,19342.541355870664,21310.76086158678,7,40.59560055844486,21271.47588462755,19122,767794695860.0,689
2,18701852.974081542,18720972.802734375,19119.828652832657,21296.07078614831,7,25.90552511997521,21271.47588462755,19123,767796483320.0,689
2,22734542.123142086,22753190.16003418,18648.036892093718,21293.543116454035,7,23.377855425700545,21271.47588462755,19124,767800515560.0,689
3,33020203.33018786,33037632.408325195,17429.078137334436,21271.47588462755,7,-9.72299231402576,21271.47588462755,19125,767810800060.0,689
0,44030835.381719775,44046980.58581543,16145.20409565419,21268.854637429118,7,-13.654863111674786,21271.47588462755,19126,767821809470.0,689
3,46284691.305261165,46300547.93103027,15856.625769108534,21242.546377383173,7,-39.96312315762043,21271.47588462755,19127,767824063050.0,689
3,78248699.34114918,78260788.45983887,12089.11868968606,21194.532822683454,7,-87.97667785733938,21271.47588462755,19128,767856023470.0,689
1,27694421.570579126,27695253.58984375,832.0192646235228,4054.6821292750537,2,14.412863787263632,4047.475697381422,19177,769807234780.0,691
2,42783747.1302395,42782808.86645508,-938.2637844234705,4040.26926548779,2,-14.412863787263632,4047.475697381422,19178,769822322420.0,691
1,9093260.240504906,9153455.239379883,60194.99887497723,61253.1365949139,3,31.785326536744833,61226.446669600904,19196,770789592450.0,692
3,27468882.03548383,27526912.064208984,58030.0287251547,61226.446669600904,3,-8.249561432749033,61226.446669600904,19197,770807966010.0,692
0,39411994.92915894,39468625.006103516,56630.076944574714,61216.255867153406,3,-23.5357651039958,61226.446669600904,19198,770819907790.0,692
1,20864711.740608048,20915250.467651367,50538.72704331949,52966.650354038924,3,71.94123035296798,52900.23079779744,19225,771802298940.0,693
2,68706637.70950224,68751531.84533691,44894.13583467901,52889.18744957447,3,-44.25312634371221,52900.23079779744,19226,771850135490.0,693
0,74556714.5636178,74600938.99829102,44224.43467321992,52900.23079779744,3,-27.688104009255767,52900.23079779744,19227,771855984930.0,693
2,3658434.1788447294,3712204.2904052734,53770.111560544,54195.82545172889,3,63.604083565063775,54185.27743306756,19252,772786050410.0,694
3,13901259.122511748,13953826.779174805,52567.65666305646,54185.27743306756,3,47.782055573072284,54185.27743306756,19253,772796292090.0,694
0,78498089.35065466,78543034.08154297,44944.730888307095,54079.16530326009,3,-111.38613913813606,54185.27743306756,19254,772860881660.0,694
0,18414344.635587588,18414091.42993164,-253.2056559473276,1889.5805540010333,2,99.78341992199421,1839.6888440400362,19269,773801622000.0,695
3,61087410.47252508,61082091.829833984,-5318.642691098154,1789.797134079039,2,-99.78341992199421,1839.6888440400362,19270,773844290240.0,695
1,62708808.49833077,62703982.26135254,-4826.236978232861,2470.876915946603,2,27.290714725852013,2457.231558583677,19289,774846809920.0,696
2,76908348.39185658,76901842.53393555,-6505.857921034098,2443.586201220751,2,-27.290714725852013,2457.231558583677,19290,774861007860.0,696
1,43390349.92606843,43385069.96044922,-5279.965619213879,-230.84520214796066,1,,-230.84520214796066,19338,776829262140.0,698
0,42111543.47547598,42093188.92944336,-18354.546032622457,-13454.233997374773,2,11.53025896847248,-13459.99912685901,19350,777828836800.0,699
3,44973872.00946063,44955172.8581543,-18699.151306331158,-13465.764256343246,2,-11.53025896847248,-13459.99912685901,19351,777831698800.0,699
3,31545030.472499248,31530203.83618164,-14826.636317607015,-11155.897139720619,2,3.5746976286172867,-11157.684488534927,19375,778819162320.0,700
1,49140892.79354887,49124015.0390625,-16877.754486367106,-11159.471837349236,2,-3.5746976286172867,-11157.684488534927,19376,778836756230.0,700
2,18674572.341707774,18700681.671875,26109.330167226493,28282.39778827876,4,26.712328232824802,28269.041624162346,19397,779807185450.0,701
0,23184187.46130109,23209776.35131836,25588.890017271042,28286.71924573928,4,31.033785693347454,28269.041624162346,19398,779811694570.0,701
2,61804955.75522289,61826019.50366211,21063.748439222574,28255.685460045934,4,-26.712328232824802,28269.041624162346,19399,779850311030.0,701
1,62210046.78795001,62231057.22912598,21010.441175967455,28249.51663673669,4,-32.88115154206753,28269.041624162346,19400,779850716070.0,701
0,59361404.66251071,59418650.34265137,57245.68014065921,64153.27320635319,1,,64153.27320635319,19426,780848840340.0,702
3,18319556.883125637,18276052.760742188,-43504.12238344923,-41372.36615544185,1,,-41372.36615544185,19453,781808622940.0,703
1,21653988.945892952,21640217.64428711,-13771.301605843008,-11251.534010421485,4,-5.028983410447836,-11248.39472528547,19473,782812842920.0,704
2,26104646.584029436,26090362.654785156,-14283.929244279861,-11246.26063196361,4,4.023791596293449,-11248.39472528547,19474,782817293090.0,704
2,48850809.751240924,48833874.939697266,-16934.811543658376,-11250.284423559904,4,-3.7793965488672256,-11248.39472528547,19475,782840036730.0,704
2,52890733.39430603,52873332.256225586,-17401.13808044046,-11246.505027011037,4,3.7793965488672256,-11248.39472528547,19476,782844076210.0,704
0,10991674.727612073,10989999.293945312,-1675.433666760102,-396.3868423048407,3,19.805284382775426,-414.18249785900116,19497,783803036150.0,705
3,21490759.318998642,21487840.34387207,-2918.9751265719533,-418.20175551623106,3,-12.917085434310138,-414.18249785900116,19498,783813534050.0,705
2,71318723.75947152,71310010.56982422,-8713.189647302032,-414.18249785900116,3,-6.888198948465288,-414.18249785900116,19499,783863356500.0,705
3,17807358.004925694,17791006.614990234,-16351.389935459942,-14279.235757630318,4,-2.900096196681261,-14277.150631349534,19517,784810739840.0,706
2,26761916.82447491,26744526.336914062,-17390.48756084591,-14276.335661433637,4,1.6299398317933083,-14277.150631349534,19518,784819693410.0,706
2,60244660.82894024,60223378.338012695,-21282.490927547216,-14272.117710255086,4,5.8478910103440285,-14277.150631349534,19519,784853172450.0,706
1,77200974.5930232,77177713.13183594,-23261.461187258363,-14277.96560126543,4,-1.6299398317933083,-14277.150631349534,19520,784870126880.0,706
2,6186018.5926402565,6254679.234741211,68660.64210095443,69380.478489222,4,7.664057010784745,69376.64646071661,19546,785800047980.0,707
0,10216989.046220524,10285186.60168457,68197.55546404608,69386.45594726689,4,13.641515055671334,69376.64646071661,19547,785804078510.0,707
3,25368280.697197273,25434701.530273438,66420.83307616413,69372.81443221122,4,-7.664057010784745,69376.64646071661,19548,785819228110.0,707
0,66007648.5466201,66069313.34863281,61664.80201271176,69345.78560762107,4,-34.69288160093129,69376.64646071661,19549,785859862950.0,707
0,12513358.652250867,12504705.184082031,-8653.468168836087,-7197.350512148812,2,15.963488625362515,-7205.332256461494,19572,786807283630.0,708
2,13035092.397993758,13026362.254760742,-8730.143233016133,-7213.314000774175,2,-15.963488625362515,-7205.332256461494,19573,786807805290.0,708
0,64699810.454092726,64706983.26953125,7172.815438523889,14701.612383022904,1,,14701.612383022904,19637,788861255650.0,710
3,26056027.169320703,26118701.595581055,62674.426260352135,65706.4372718446,2,44.167041052132845,65684.35375131853,19654,789823547780.0,711
1,60557722.40814653,60616337.87573242,58615.467585891485,65662.27023079246,2,-44.167041052132845,65684.35375131853,19655,789858045610.0,711
2,4252425.88314751,4274745.333984375,22319.45083686523,22814.284604863264,4,-13.25080035161227,22823.46987898741,19680,790802684170.0,712
3,13652241.795410711,13673472.555908203,21230.760497491807,22819.404352759942,4,-8.131052454933524,22823.46987898741,19681,790812082950.0,712
3,25459831.357793327,25479696.258544922,19864.900751594454,22827.535405214876,4,8.131052454933524,22823.46987898741,19682,790823889240.0,712
0,51079714.91013948,51096602.408081055,16887.497941575944,22831.391731098294,4,11.987378338351846,22823.46987898741,19683,790849506290.0,712
3,14576640.034236025,14568665.057983398,-7974.976252626628,-6278.764746276662,2,33.265052961185575,-6295.3972727572545,19706,791813877720.0,713
0,40670373.18709503,40659328.54711914,-11044.639975890517,-6312.029799237847,2,-33.265052961185575,-6295.3972727572545,19707,791839968530.0,713
2,29724418.37091465,29718543.479125977,-5874.891788672656,-2416.008236505091,3,-9.064268223941326,-2415.9733816236258,19737,792829933400.0,714
0,42994959.99305242,42987558.96765137,-7401.025401055813,-2397.914554938674,3,18.0762541256845,-2415.9733816236258,19738,792843202490.0,714
2,51030167.953321405,51021813.85168457,-8354.101636834443,-2415.9733816236258,3,-9.011985901743174,-2415.9733816236258,19739,792851236790.0,714
3,78689000.67150107,78679034.1850586,-9966.486442476511,-809.8366213440895,1,,-809.8366213440895,19768,793879773770.0,715
1,39389583.12713649,39371130.3996582,-18452.727478288114,-13869.15650626272,4,33.89975744485855,-13886.106384985149,19795,794841373410.0,716
2,42925956.92918638,42907100.5435791,-18856.385607279837,-13861.304306425154,4,41.75195728242397,-13886.106384985149,19796,794844909400.0,716
1,64664266.20477061,64642838.4876709,-21427.7170997113,-13903.056263707578,4,-33.89975744485855,-13886.106384985149,19797,794866645260.0,716
2,78347839.0690746,78324801.65722656,-23037.411848038435,-13920.461315244436,4,-51.30480898171663,-13886.106384985149,19798,794880327300.0,716
1,7021808.21021834,7000845.876342773,-20962.33387556672,-20145.24078322295,4,44.79494040366262,-20168.22138161026,19822,795809871540.0,717
0,21234293.412913483,21211676.076171875,-22617.336741607636,-20146.407039593905,4,43.62868403270841,-20168.22138161026,19823,795824082450.0,717
3,37822664.20812601,37798072.936035156,-24591.27209085226,-20190.035723626614,4,-43.62868403270841,-20168.22138161026,19824,795840668940.0,717
0,54281336.505687,54254800.52404785,-26535.981639146805,-20219.530979409814,4,-73.12393981590867,-20168.22138161026,19825,795857125760.0,717
3,14697884.520592153,14672568.307983398,-25316.212608754635,-23605.89248118922,3,100.8494820073247,-23683.399165533483,19839,796818445950.0,718
1,47114942.225179926,47085776.29321289,-29165.931967034936,-23683.399165533483,3,-15.410544509068131,-23683.399165533483,19840,796850859340.0,718
3,76680773.33433068,76648120.28723145,-32653.047099232674,-23730.08476085961,3,-85.43893749825656,-23683.399165533483,19841,796880421850.0,718
3,35887925.90274665,35882091.00048828,-5834.902258366346,-1658.8018187433481,3,13.478115327656269,-1666.1561313718557,19860,797840508060.0,719
1,37505162.36642355,37499131.920043945,-6030.446379601955,-1666.1561313718557,3,2.446646384894848,-1666.1561313718557,19861,797842125110.0,719
2,49211661.11189674,49204256.19055176,-7404.9213449805975,-1678.403736770153,3,-15.924761712551117,-1666.1561313718557,19862,797853830300.0,719
2,9605186.294309707,9548117.862304688,-57068.43200501986,-55950.72398213111,2,51.564521411433816,-55976.506242836826,19919,799815986140.0,721
0,76583465.72072701,76518551.79309082,-64913.92763619125,-56002.28850354254,2,-51.564521411433816,-55976.506242836826,19920,799882956950.0,721
0,134641.50653610012,131518.47106933594,-3123.0354667641805,-3107.367900570447,2,-15.907037099415902,-3099.414382020739,19937,800807433220.0,722
2,62473109.60076769,62462748.453125,-10361.147642686963,-3091.460863471031,2,15.907037099415902,-3099.414382020739,19938,800869764800.0,722
0,6656506.149420362,6636963.553955078,-19542.59546528384,-18768.010767011903,1,,-18768.010767011903,19951,801814823170.0,723
3,36610703.22613515,36586918.916259766,-23784.309875383973,-19524.103413410485,4,-4.73112453520298,-19520.039031907916,19967,802845670050.0,724
2,45728629.64118485,45703787.720947266,-24841.920237585902,-19520.70577494055,4,-1.3334860652685165,-19520.039031907916,19968,802854786970.0,724
2,50915092.709782735,50889648.599975586,-25444.109807148576,-19519.37228887528,4,1.3334860652685165,-19520.039031907916,19969,802859972860.0,724
0,74761248.7882803,74733044.7084961,-28204.079784199595,-19504.483023494482,4,16.222751446068287,-19520.039031907916,19970,802883816390.0,724
2,33253907.541910104,33257037.340942383,3129.799032278359,6999.3917828164995,2,17.263719510287046,6990.759923061356,19993,803843204650.0,725
0,71544035.44722432,71542692.34973145,-1343.0974928736687,6982.128063306212,2,-17.263719510287046,6990.759923061356,19994,803881490520.0,725
1,6948759.332874062,6917492.51965332,-31266.813220741227,-30458.220464962535,6,19.968132671900094,-30475.04873421043,20017,804817810610.0,726
3,24918101.518869832,24884741.62548828,-33359.89338155091,-30460.297149948776,6,17.89144768565893,-30475.04873421043,20018,804835777960.0,726
3,49033943.96638444,48997766.2199707,-36177.746413737535,-30471.90887078643,6,6.2797268480062485,-30475.04873421043,20019,804859891120.0,726
3,49291508.77148678,49255294.77380371,-36213.9976830706,-30478.188597634435,6,-6.2797268480062485,-30475.04873421043,20020,804860148650.0,726
2,53988083.27830881,53951318.40356445,-36764.87474435568,-30482.54851229489,6,-10.639641508460045,-30475.04873421043,20021,804864844700.0,726
1,56853780.29997033,56816672.31323242,-37107.98673790693,-30492.19351685047,6,-20.284646064043045,-30475.04873421043,20022,804867710070.0,726
1,73205306.35266134,73174496.22729492,-30810.125366419554,-22291.585931435227,1,,-22291.585931435227,20045,805884924550.0,727
1,27123232.780986875,27115532.369384766,-7700.411602109671,-4544.215151868761,1,,-4544.215151868761,20064,806839770020.0,728
2,25946660.605081774,25970520.40576172,23859.800679944456,26879.085245270282,2,10.161196306347847,26874.004647117108,20079,807839510750.0,729
3,30932452.94413278,30955722.411621094,23269.467488314956,26868.924048963934,2,-10.161196306347847,26874.004647117108,20080,807844495980.0,729
1,50715193.83595669,50645049.04553223,-70144.79042446613,-64243.31414946169,1,,-64243.31414946169,20102,808865143870.0,730
0,2691182.5272224476,2667098.5200195312,-24084.007202916313,-23770.847602511756,1,,-23770.847602511756,20124,809817971270.0,731
2,17751653.309089564,17727863.514892578,-23789.794196985662,-21724.122099101543,2,102.60445639491081,-21775.424327299,20148,810833924780.0,732
2,67184070.5669648,67154425.96240234,-29644.604562461376,-21826.726555496454,2,-102.60445639491081,-21775.424327299,20149,810883351620.0,732
1,4658089.605597181,4634364.770996094,-23724.834601087496,-23182.7957520755,1,,-23182.7957520755,20180,811821694940.0,733
1,43053653.79284693,43080420.385131836,26766.59228490293,31776.53303821385,2,4.444442920386791,31774.310816753656,20203,812861044880.0,734
2,47395699.119990624,47421956.005493164,26256.885502539575,31772.088595293462,2,-4.444442920386791,31774.310816753656,20204,812865386440.0,734
1,27519035.06065018,27478379.2232666,-40655.83738357946,-37453.583379648626,2,70.66626799851656,-37488.916513647884,20229,813846396340.0,735
3,71546281.75624901,71500432.01965332,-45849.73659569025,-37524.24964764714,2,-70.66626799851656,-37488.916513647884,20230,813890418640.0,735
2,33567898.50838898,33572884.72595215,4986.217563167214,8892.347889505327,3,17.543448973447084,8889.192247636616,20250,814853355380.0,736
2,47584083.96008926,47587436.02783203,3352.0677427724004,8889.192247636616,3,12.809986170381308,8889.192247636616,20251,814867370010.0,736
3,76152836.73257297,76152835.62023926,-1.1123337149620056,8860.416633427143,3,-30.353435143828392,8889.192247636616,20252,814895935570.0,736
0,57515628.524279386,57490435.82922363,-25192.695055752993,-18499.885830260813,1,,-18499.885830260813,20273,815878193630.0,737
3,214579.40696806228,228726.7891845703,14147.382216508035,14172.351760811114,1,,14172.351760811114,20295,816821852420.0,738
3,739899.0972844001,669611.7418212891,-70287.35546311107,-70201.2570646184,3,74.45368304452859,-70258.86261128634,20315,817823210800.0,739
3,34566803.04143076,34492521.810913086,-74281.23051767051,-70258.86261128634,3,-11.95463695737999,-70258.86261128634,20316,817857033900.0,739
2,47477556.60727402,47401739.31994629,-75817.28732772917,-70292.55888403952,3,-62.4990460871486,-70258.86261128634,20317,817869943190.0,739
1,11129718.09820934,11105594.87512207,-24123.223087269813,-22828.112838525325,3,32.46955659613013,-22859.858183301985,20345,818834509550.0,740
1,50336473.45036847,50307754.73730469,-28718.713063783944,-22861.306606940925,3,-17.32109602726996,-22859.858183301985,20346,818873711930.0,740
1,66347325.207870886,66316744.83959961,-30580.368271276355,-22859.858183301985,3,-15.148460568860173,-22859.858183301985,20347,818889721010.0,740
2,14962436.424448475,14916174.961425781,-46261.46302269399,-44520.35829852149,2,-6.961965050548315,-44516.877315996215,20372,819839227660.0,741
3,33640368.04820478,33591940.08862305,-48427.95958173275,-44513.39633347094,2,6.961965050548315,-44516.877315996215,20373,819857903530.0,741
3,25689592.3805114,25721738.115722656,32145.73521125689,35135.10601872206,3,-1.6875016503036022,35135.10601872206,20407,820850878840.0,742
1,63612277.911474824,63640005.1875,27727.27602517605,35129.522186510265,3,-10.063249967992306,35135.10601872206,20408,820888797320.0,742
2,69117843.11147979,69144944.27478027,27101.16330048442,35144.06485423446,3,11.750751618295908,35135.10601872206,20409,820894302290.0,742
0,34053096.764812216,34022676.014038086,-30420.750774130225,-26458.16032642126,1,,-26458.16032642126,20450,822861076250.0,744
2,34953163.80889835,34928294.322387695,-24869.486510656774,-20802.159712664783,4,3.102503724396229,-20803.71096452698,20469,823862905510.0,745
1,55631637.05771394,55604358.217041016,-27278.840672925115,-20805.26221638918,4,-3.102503724396229,-20803.71096452698,20470,823883581690.0,745
1,66404906.46498676,66376377.72729492,-28528.73769183457,-20801.527157761157,4,3.7350586280226707,-20803.71096452698,20471,823894353770.0,745
1,79328822.81848836,79298785.16210938,-30037.65637898445,-20806.553619101644,4,-4.393906436860561,-20803.71096452698,20472,823907276250.0,745
1,8685232.6224619,8655093.472167969,-30139.150293931365,-29128.492729846388,4,-17.79284231737256,-29117.13021443039,20503,824837516630.0,746
0,40774548.72945388,40740693.29699707,-33855.4324568063,-29110.699887529016,4,12.860653802752495,-29117.13021443039,20504,824869602410.0,746
2,57814868.81001949,57779017.619140625,-35851.1908788681,-29123.560541331768,4,-12.860653802752495,-29117.13021443039,20505,824886640830.0,746
0,75917854.68397385,75879915.9744873,-37938.70948654413,-29104.524218201637,4,19.036323130130768,-29117.13021443039,20506,824904741830.0,746
0,3193338.4849179788,3211611.057495117,18272.57257713843,18644.165582732763,2,47.915784151759,18620.207690656884,20563,826833879430.0,748
1,71602502.73353016,71612766.95422363,10264.220693469048,18596.249798581004,2,-47.915784151759,18620.207690656884,20564,826902280970.0,748
2,29743234.542398743,29672541.654418945,-70692.88797979802,-67231.81488281861,5,-13.67712777480483,-67218.67856520414,20587,827861301010.0,749
0,43613223.992170334,43540933.77709961,-72290.21507072449,-67215.15990089625,5,8.244259499013424,-67218.67856520414,20588,827875169480.0,749
0,48619140.83582098,48546265.669921875,-72875.16589910537,-67217.59694488347,5,5.807215511798859,-67218.67856520414,20589,827880174840.0,749
3,57872406.71902631,57798453.71472168,-73953.00430463254,-67218.67856520414,5,4.184785030782223,-67218.67856520414,20590,827889427080.0,749
1,77680689.94268346,77604422.49523926,-76267.44744420052,-67228.12975558639,5,-9.992000542581081,-67218.67856520414,20591,827909233160.0,749
3,20541865.034409508,20503035.061035156,-38829.97337435186,-36439.61813807115,2,25.329785596579313,-36452.28303086944,20601,828852962160.0,750
0,42601293.45164569,42559871.2019043,-41422.24974139035,-36464.94792366773,2,-25.329785596579313,-36452.28303086944,20602,828875019120.0,750
2,12488581.819767348,12483151.65258789,-5430.167179457843,-3976.932680223137,2,-18.678262475878,-3967.593548985198,20627,829845836940.0,751
0,79965956.27800885,79952692.78076172,-13263.497247129679,-3958.254417747259,2,18.678262475878,-3967.593548985198,20628,829913306860.0,751
3,27013774.673070014,26990423.71105957,-23350.96201044321,-20207.502658851445,2,6.487084440886974,-20210.74620107189,20650,830861244890.0,752
3,33246581.445080064,33222498.71508789,-24082.729992173612,-20213.98974329233,2,-6.487084440886974,-20210.74620107189,20651,830867477000.0,752
0,975776.2879827898,939493.4429931641,-36282.84498962574,-36169.29872907384,1,,-36169.29872907384,20669,831836108490.0,753
3,36339473.786415115,36293454.64050293,-46019.14591218531,-41790.501078642905,1,,-41790.501078642905,20694,832872327150.0,754
0,6110643.557054085,6066695.912109375,-43947.644944709726,-43236.57957653608,1,,-43236.57957653608,20718,833842998770.0,755
0,12927942.61307441,12902559.08203125,-25383.531043160707,-23879.17030143924,6,20.869838090613484,-23897.972246306017,20743,834850729380.0,756
0,16125489.117083102,16099711.128540039,-25777.988543063402,-23901.545129377395,6,-5.640776295214891,-23897.972246306017,20744,834853926550.0,756
0,22355837.62475675,22329336.146362305,-26501.478394445032,-23900.040139529854,6,-4.135786447674036,-23897.972246306017,20745,834860156210.0,756
1,48507929.377348095,48478369.30786133,-29560.069486767054,-23915.441659927368,6,-19.53730684518814,-23897.972246306017,20746,834886305390.0,756
0,54312183.31718725,54281976.71789551,-30206.599291741848,-23886.559141114354,6,13.480998415499926,-23897.972246306017,20747,834892109030.0,756
1,72468173.443034,72435844.77575684,-32328.667277157307,-23895.90435308218,6,4.135786447674036,-23897.972246306017,20748,834910263000.0,756
3,5158445.732629695,5182746.1064453125,24300.373815617524,24900.636632426642,1,,24900.636632426642,20770,835843883240.0,757
1,25162695.131882835,25073071.50390625,-89623.62797658518,-86695.56959597021,1,,-86695.56959597021,20796,836864751330.0,758
3,17011572.51477155,16974475.07800293,-37097.436768621206,-35117.884212415665,1,,-35117.884212415665,20818,837857451140.0,759
1,3180015.810272875,3153912.102783203,-26103.70748967165,-25733.664777833503,6,-7.307847298216075,-25729.905896978453,20863,839845365900.0,761
0,4522663.414646829,4496424.563964844,-26238.850681984797,-25712.570709010586,6,20.884154411032796,-25729.905896978453,20864,839846708420.0,761
2,8840914.313934382,8814150.317993164,-26763.99594121799,-25735.222468681633,6,-8.865538146346807,-25729.905896978453,20865,839851026170.0,761
1,12512689.196278984,12485499.701660156,-27189.494618827477,-25733.45486342162,6,-7.0979328863322735,-25729.905896978453,20866,839854697540.0,761
3,29589349.199724436,29560183.819580078,-29165.38014435768,-25722.213923603296,6,11.240939818322659,-25729.905896978453,20867,839871772320.0,761
1,32780406.75320199,32750865.90246582,-29540.850736171007,-25726.356930535287,6,7.0979328863322735,-25729.905896978453,20868,839874963020.0,761
2,271037.746367758,239623.92919921875,-31413.817168539274,-31382.277846516925,3,-21.525496134418063,-31368.83598768711,20893,840843363200.0,762
0,23113154.07470525,23079095.67529297,-34058.39941228181,-31368.83598768711,3,-1.3627078896970488,-31368.83598768711,20894,840866202800.0,762
0,55164777.63283937,55127005.71179199,-37771.921047374606,-31352.668713077903,3,22.88820402411511,-31368.83598768711,20895,840898250890.0,762
0,8189571.048121715,8151835.1181640625,-37735.929957652465,-36782.950079486705,3,16.445191369391978,-36791.10126977414,20914,841852158900.0,763
1,8486438.66558249,8448643.451416016,-37795.2141664736,-36807.689271938056,3,-20.66359730763361,-36791.10126977414,20915,841852455710.0,763
2,47139702.93649536,47097426.42114258,-42276.51535278559,-36791.10126977414,3,4.218405938241631,-36791.10126977414,20916,841891104710.0,763
2,8757740.931140756,8729659.40246582,-28081.528674935922,-27062.433677587658,2,3.9707452692091465,-27064.419050222263,20942,842853636300.0,764
1,37947367.66058107,37915885.50866699,-31482.151914075017,-27066.404422856867,2,-3.9707452692091465,-27064.419050222263,20943,842882822690.0,764
3,6173850.295883412,6188237.369506836,14387.073623424396,15105.49404718168,2,-9.956130642443895,15110.472112502903,20968,843851964740.0,765
0,10455074.486307275,10468973.331176758,13898.844869483262,15115.450177824125,2,9.956130642443895,15110.472112502903,20969,843856245500.0,765
1,4917026.782465624,4874320.00793457,-42706.77453105338,-42134.60444344394,4,-23.839064290747046,-42122.684911298566,20989,844851598260.0,766
1,5914322.988782715,5871494.408325195,-42828.58045751974,-42140.35994289629,4,-29.59456374309957,-42122.684911298566,20990,844852595440.0,766
0,47116266.51990923,47068673.06762695,-47593.45228227973,-42110.76537915319,4,23.839064290747046,-42122.684911298566,20991,844893792850.0,766
3,79322037.7759887,79270702.23864746,-51335.53734123707,-42105.224123194814,4,29.38032024912536,-42122.684911298566,20992,844925995060.0,766
3,5271151.627835004,5250291.80090332,-20859.826931683347,-20246.44908727985,2,-1.7805272052064538,-20245.558823677246,21022,845852806990.0,767
3,15902087.226152197,15879992.110351562,-22095.115800634027,-20244.668560074642,2,1.7805272052064538,-20245.558823677246,21023,845863436750.0,767
0,2218006.8906855434,2202828.409790039,-15178.480895504355,-14920.382403649855,1,,-14920.382403649855,21048,846850664970.0,768
0,23746333.929823942,23722309.225097656,-24024.704726286232,-21261.461293589324,2,7.71271762624383,-21265.317652402446,21080,847873061360.0,769
0,62755671.93685067,62727100.19567871,-28571.741171956062,-21269.174011215568,2,-7.71271762624383,-21265.317652402446,21081,847912066370.0,769
0,4742811.675194938,4728515.329467773,-14296.345727164298,-13744.448189939372,7,81.60328560043126,-13812.950343422592,21099,848854981880.0,770
2,23309561.494674776,23293051.081298828,-16510.413375947624,-13797.99499130249,7,28.05648423731327,-13812.950343422592,21100,848873546520.0,770
2,31246885.020489186,31229446.514770508,-17438.505718678236,-13802.460252448916,7,23.59122309088707,-13812.950343422592,21101,848881482960.0,770
1,32804368.002298567,32786737.76989746,-17630.232401106507,-13812.950343422592,7,7.856086630374193,-13812.950343422592,21102,848883040260.0,770
1,49003368.24812347,48983826.81591797,-19541.43220549822,-13839.152607657015,7,-31.447309721261263,-13812.950343422592,21103,848899237440.0,770
1,62799550.04915351,62778389.353271484,-21160.69588202238,-13853.022842369974,7,-45.3175444342196,-13812.950343422592,21104,848913032080.0,770
3,64901277.57942957,64879877.552490234,-21400.026939332485,-13847.786261886358,7,-40.0809639506042,-13812.950343422592,21105,848915133580.0,770
0,26177649.150156517,26136138.739868164,-41510.41028835252,-38464.24672847986,3,53.101827301084995,-38506.2414105162,21125,849877272300.0,771
3,44425652.11619503,44381976.28137207,-43675.8348229602,-38506.2414105162,3,-9.89019575342536,-38506.2414105162,21126,849895518240.0,771
3,60481742.546706,60436176.12976074,-45566.41694525629,-38528.45570104569,3,-43.211631547659636,-38506.2414105162,21127,849911572530.0,771
2,79809945.41127041,79818823.0291748,8877.617904394865,18164.706520825624,1,,18164.706520825624,21150,850931816970.0,772
1,61401009.4843363,61406757.06384277,5747.579506471753,12892.511297620833,1,,12892.511297620833,21198,852915277930.0,774
1,79607562.67140354,79532515.86462402,-75046.80677951872,-65783.26844157279,1,,-65783.26844157279,21240,854935287160.0,776
2,48440683.216869935,48418022.35131836,-22660.86555157602,-17024.062827840447,2,7.637357942759991,-17027.881506811827,21259,855905030080.0,777
1,54608413.932053134,54585027.720825195,-23386.211227938533,-17031.700185783207,2,-7.637357942759991,-17027.881506811827,21260,855911197120.0,777
0,11754277.326971998,11712437.908203125,-41839.41876887344,-40471.63165167719,2,6.8731973841786385,-40475.06825036928,21305,856869239990.0,778
0,17261374.112642266,17218886.987060547,-42487.12558171898,-40478.50484906137,2,-6.8731973841786385,-40475.06825036928,21306,856874746470.0,778
3,63809362.30763789,63762753.431518555,-46608.876119337976,-39183.69622158259,3,18.31237095594406,-39192.94933786988,21326,857922140250.0,779
0,74906700.59392026,74858791.12231445,-47909.47160580754,-39192.94933786988,3,4.432696525007486,-39192.94933786988,21327,857933236350.0,779
1,76651221.918704,76603091.32727051,-48130.59143349528,-39211.06784720719,3,-22.745067480951548,-39192.94933786988,21328,857934980660.0,779
3,70746683.32484278,70689574.08068848,-57109.244154304266,-48876.80252099037,2,2.998505651950836,-48878.30177381635,21345,858929963610.0,780
3,72197497.00124222,72140215.93457031,-57281.0666719079,-48879.80102664232,2,-2.998505651950836,-48878.30177381635,21346,858931414260.0,780
2,15509898.417914093,15492329.779785156,-17568.63812893629,-15763.827960269526,1,,-15763.827960269526,21359,859875627740.0,781
0,20835719.46300424,20810865.19567871,-24854.267325527966,-22429.717702761292,1,,-22429.717702761292,21388,860881889910.0,782
0,46864766.17742768,46845648.56640625,-19117.6110214293,-13664.18996926397,4,22.90532636642456,-13680.435026794672,21419,861908817500.0,783
0,55654749.25519102,55634599.212524414,-20150.042666606605,-13673.774757958949,4,13.3205376714468,-13680.435026794672,21420,861917606500.0,783
0,64606073.93722199,64584868.95263672,-21204.984585270286,-13687.095295630395,4,-13.3205376714468,-13680.435026794672,21421,861926556820.0,783
2,68751519.59185532,68729815.67700195,-21703.91485336423,-13703.640555799007,4,-29.865797840058804,-13680.435026794672,21422,861930701790.0,783
0,48354880.053398766,48357711.43054199,2831.377143226564,8458.195377200842,1,,8458.195377200842,21450,862911260120.0,784
2,11477605.538438814,11393132.42602539,-84473.11241342314,-83137.52022387087,2,55.35870039463043,-83165.19957406819,21476,863875213850.0,785
0,58192804.61766532,58102840.12988281,-89964.48778250813,-83192.8789242655,2,-55.35870039463043,-83165.19957406819,21477,863921923820.0,785
2,78576322.87668672,78509019.3939209,-67303.4827658236,-58159.944702386856,1,,-58159.944702386856,21508,864943171830.0,786
0,9373342.673019215,9321911.743164062,-51430.929855152965,-50340.20032780059,4,126.78032260201871,-50464.57767730951,21534,865874829890.0,787
3,60275482.07303588,60218005.93859863,-57476.13443724811,-50462.17470421642,4,4.805946186184883,-50464.57767730951,21535,865925726270.0,787
3,63031892.1521055,62974090.46191406,-57801.690191440284,-50466.980650402606,4,-4.805946186184883,-50464.57767730951,21536,865928482370.0,787
1,77759558.60342406,77699997.76928711,-59560.83413694799,-50512.33889237046,4,-50.16418815404177,-50464.57767730951,21537,865943208360.0,787
0,36862342.49829684,36799044.74475098,-63297.75354586542,-59008.26506637037,1,,-59008.26506637037,21581,867904063570.0,789
0,5951491.636571625,5881539.945556641,-69951.69101498462,-69259.14536865056,3,80.68761242926121,-69338.92661868781,21604,868874035480.0,790
1,55491047.9367964,55415251.791381836,-75796.14541456103,-69338.92661868781,3,-38.98426262661815,-69338.92661868781,21605,868923569470.0,790
2,59823349.55308202,59747047.466430664,-76302.08665135503,-69340.73934347183,3,-41.70334980264306,-69338.92661868781,21606,868927901290.0,790
2,73831018.42868994,73789810.47546387,-41207.95322607458,-32616.602771505713,1,,-32616.602771505713,21633,869942783800.0,791
0,70819821.56680922,70825302.53356934,5480.966760113835,13721.919128909707,1,,13721.919128909707,21659,870940739840.0,792
0,67325731.71839555,67227450.08654785,-98281.63184769452,-90447.26943318546,1,,-90447.26943318546,21681,871938073540.0,793
3,21072323.4873579,21014761.32763672,-57562.1597211808,-55110.07765831798,1,,-55110.07765831798,21704,872892723300.0,794
1,21618440.816728484,21556218.092163086,-62222.72456539795,-59707.09352995083,1,,-59707.09352995083,21733,873894115180.0,795
3,8545700.459528744,8489208.638061523,-56491.82146722078,-55497.400570826605,2,-30.100126968696713,-55482.35050734226,21792,875882827530.0,797
0,49179620.57622567,49118430.486572266,-61190.08965340257,-55467.30044385791,2,30.100126968696713,-55482.35050734226,21793,875923456980.0,797
0,25264719.94420715,25195340.26550293,-69379.6787042208,-66439.74820080027,1,,-66439.74820080027,21812,876900449200.0,798
1,58186974.891239084,58133049.080200195,-53925.81103888899,-47154.88055708259,1,,-47154.88055708259,21835,877934242890.0,799
0,49003188.531893276,48987219.88378906,-15968.648104213178,-10266.389419056475,1,,-10266.389419056475,21864,878926011430.0,800
1,58556046.62359387,58544979.65686035,-11066.966733515263,-4253.089199595153,1,,-4253.089199595153,21883,879936483920.0,801
0,19809672.97234618,19779230.50793457,-30442.464411608875,-28137.31074424833,4,21.24685065075755,-28153.721366735175,21908,880898682550.0,802
2,30557204.51119314,30525490.162841797,-31714.348351344466,-28158.557594899088,4,-9.672456327825785,-28153.721366735175,21909,880909428870.0,802
0,43639023.65354697,43605796.71105957,-33226.9424873963,-28148.885138571262,4,9.672456327825785,-28153.721366735175,21910,880922509250.0,802
2,55344066.65366374,55309450.989746094,-34615.66391764581,-28175.548606738448,4,-26.663468167185783,-28153.721366735175,21911,880934212970.0,802
2,51522075.274636805,51466268.03234863,-55807.242288172245,-49811.87321089953,1,,-49811.87321089953,21942,881931281370.0,803
2,34715854.40748501,34685403.69152832,-30450.715956687927,-26411.00368002802,2,94.47572480887175,-26458.241542432457,21966,882915418160.0,804
1,76140086.62797685,76104721.10327148,-35365.5247053653,-26505.479404836893,2,-94.47572480887175,-26458.241542432457,21967,882956837710.0,804
1,3509535.212033659,3440616.1916503906,-68919.0203832686,-68510.63312841346,2,102.1408636928536,-68561.70356025989,22017,884885974390.0,806
0,67174778.29543483,67098348.724731445,-76429.57070338726,-68612.77399210632,2,-102.1408636928536,-68561.70356025989,22018,884949632480.0,806
3,32470833.025297258,32389575.39489746,-81257.63039979711,-77479.16015775874,2,72.5953572280705,-77515.45783637278,22042,885915781100.0,807
1,58454853.35805529,58370499.50036621,-84353.85768908262,-77551.75551498681,2,-72.5953572280705,-77515.45783637278,22043,885941762170.0,807
0,22919010.987646807,22834480.557128906,-84530.43051790074,-81863.4585641399,2,38.77580477297306,-81882.84646652639,22064,886907129620.0,808
1,37015850.99224468,36929641.40637207,-86209.5858726129,-81902.23436891288,2,-38.77580477297306,-81882.84646652639,22065,886921224860.0,808
2,1423469.1543539749,1362164.9158935547,-61304.238460420165,-61138.596395247616,3,106.64564779307693,-61231.05628794432,22093,887886511700.0,809
0,50289283.51628535,50222200.544799805,-67082.97148554772,-61231.05628794432,3,-32.04419125197455,-61231.05628794432,22094,887935372010.0,809
2,55021555.98825911,54953893.974121094,-67662.01413801312,-61259.42779813707,3,-74.60145654110238,-61231.05628794432,22095,887940103730.0,809
1,23530326.80092209,23489362.088623047,-40964.71229904145,-38226.60454759002,6,28.8984569683671,-38244.27314724587,22126,888909556770.0,810
0,24079988.280330107,24038979.002319336,-41009.27801077068,-38207.20887152478,6,48.29413303360343,-38244.27314724587,22127,888910106390.0,810
2,33390315.235935807,33348196.72680664,-42118.5091291666,-38233.043289933354,6,22.459714625030756,-38244.27314724587,22128,888919415660.0,810
1,37276628.10597914,37234034.90612793,-42593.199851207435,-38255.503004558384,6,-22.459714625030756,-38244.27314724587,22129,888923301520.0,810
3,49700777.35869276,49656735.14709473,-44042.21159803122,-38258.777951300144,6,-25.734661366790533,-38244.27314724587,22130,888935724290.0,810
2,66691703.76081815,66645659.74658203,-46044.01423612237,-38283.43051920086,6,-50.38722926750779,-38244.27314724587,22131,888952713310.0,810
0,2057315.2766895115,2037473.8266601562,-19841.45002935524,-19602.050425858703,4,70.80015158513561,-19641.142781432718,22154,889889049390.0,811
0,6026712.273113908,6006401.539428711,-20310.73368519731,-19609.434985421598,4,63.41559202224016,-19641.142781432718,22155,889893018340.0,811
3,33511959.687156,33488387.215576172,-23572.47157982737,-19672.850577443838,4,-63.41559202224016,-19641.142781432718,22156,889920500480.0,811
0,56626229.16189861,56599927.43395996,-26301.72793865204,-19712.41371808946,4,-102.97873266786337,-19641.142781432718,22157,889943612150.0,811
3,6506527.777929271,6405764.62890625,-100763.14902302064,-100006.01656606328,2,120.48440118599683,-100066.25876665628,22179,890894352350.0,812
3,67615996.15222535,67508001.51220703,-107994.64001831412,-100126.50096724927,2,-120.48440118599683,-100066.25876665628,22180,890955454930.0,812
1,18728615.293068998,18650155.3157959,-78459.97727309912,-76280.62094108388,3,51.36901808902621,-76306.63996017724,22230,892908327090.0,814
0,34916694.14618167,34836324.42321777,-80369.72296389937,-76306.63996017724,3,12.340489448979497,-76306.63996017724,22231,892924513350.0,814
2,54528446.85312197,54445744.30749512,-82702.54562685639,-76357.33995816857,3,-63.70950753800571,-76306.63996017724,22232,892944122880.0,814
0,64751805.206839554,64657942.451538086,-93862.75530146807,-86327.90798474848,2,-0.7817511558532715,-86327.51710917056,22265,893955241620.0,815
0,65629491.6291379,65535527.52355957,-93964.10557833314,-86327.12623359263,2,0.7817511558532715,-86327.51710917056,22266,893956119210.0,815
3,29627937.65765368,29532775.43701172,-95162.22064195946,-91714.56407321244,4,21.788203470408916,-91728.0017141737,22290,894920977940.0,816
2,35825069.07861097,35729180.64135742,-95888.4372535497,-91719.65115166456,4,16.701125018298626,-91728.0017141737,22291,894927174380.0,816
3,39734838.7879072,39638478.688964844,-96360.09894235432,-91736.35227668285,4,-16.701125018298626,-91728.0017141737,22292,894931083700.0,816
1,56373357.258550614,56275035.267089844,-98321.99146077037,-91762.10269292444,4,-42.451541259884834,-91728.0017141737,22293,894947720350.0,816
3,22745382.67625898,22645281.66394043,-100101.01231855154,-97454.24463263899,2,45.227827444672585,-97476.85854636133,22313,895914986140.0,817
2,41266499.122738495,41164197.671875,-102301.45086349547,-97499.47246008366,2,-45.227827444672585,-97476.85854636133,22314,895933505160.0,817
3,43664902.50587338,43586727.87915039,-78174.62672299147,-73093.55798012018,1,,-73093.55798012018,22339,896936777100.0,818
2,14555401.715728741,14490350.678100586,-65051.0376281552,-63357.29751988873,1,,-63357.29751988873,22372,897908601380.0,819
1,52774576.17428891,52640394.006103516,-134182.16818539798,-128041.0517731607,2,-15.921210050582886,-128033.0911681354,22403,898947646090.0,820
0,55538426.350099444,55403938.48754883,-134487.86255061626,-128025.13056311011,2,15.921210050582886,-128033.0911681354,22404,898950409650.0,820
