arm,tof,off,u,v,n_b,res,delta_b,eventId,t_dream_ns,bunch
0,57538744.07024072,57347200.22625923,-191543.84398148954,-184833.96935454756,1,,-184833.96935454756,1,6607080.0,2560
2,73629070.6090721,73364231.65237904,-264838.95669306815,-256252.71031823754,1,,-256252.71031823754,11,523556910.0,2561
1,68313208.00286931,68067275.06143665,-245932.94143265486,-237966.60382014513,1,,-237966.60382014513,22,1019129950.0,2562
0,24094824.840444416,23847667.64171028,-247157.19873413444,-244347.38325328007,6,13.16056678071618,-244357.9571297951,34,1475807070.0,2563
3,24722960.88379384,24475715.233052254,-247245.6507415846,-244362.58524167538,6,-7.214802145957947,-244357.9571297951,35,1476435120.0,2563
1,25712597.27767723,25465221.438144684,-247375.8395325467,-244377.36768798158,6,-21.997248452156782,-244357.9571297951,36,1477424630.0,2563
3,29041185.8525979,28793438.673924446,-247747.17867345363,-244360.5438200608,6,-5.17338053137064,-244357.9571297951,37,1480752860.0,2563
3,63635827.31542532,63384056.013628006,-251771.30179731548,-244350.41644488275,6,10.127375178039074,-244357.9571297951,38,1515343610.0,2563
1,79241722.30524306,78988126.16963768,-253596.13560537994,-244355.37043952942,6,5.17338053137064,-244357.9571297951,39,1530947740.0,2563
3,23939814.235592544,23707491.185367584,-232323.05022495985,-229531.31128958985,1,,-229531.31128958985,51,1976559950.0,2564
2,12956885.884702828,12738430.425373077,-218455.4593297504,-216944.493436303,4,-91.8667380400002,-216869.7977922596,69,2466440640.0,2565
3,38311597.86917007,38090243.197301865,-221354.67186820507,-216886.96888625622,4,-34.342187993228436,-216869.7977922596,70,2491792550.0,2565
0,45470280.88448331,45248125.745731354,-222155.13875195384,-216852.626698263,4,34.342187993228436,-216869.7977922596,71,2498950460.0,2565
1,77374331.0290713,77148493.4029522,-225837.626119107,-216814.62659178674,4,72.34229446947575,-216869.7977922596,72,2530850950.0,2565
1,9724105.035075624,9466428.08020401,-257676.95487161353,-256542.97937911935,4,-133.8398752156645,-256457.7333803121,85,2964035570.0,2566
2,20311292.40781775,20052417.481319427,-258874.92649832368,-256506.3272567205,4,-97.1877528168261,-256457.7333803121,86,2974621600.0,2566
0,57740846.53192285,57477703.94963455,-263142.58228829503,-256409.1395039037,4,97.1877528168261,-256457.7333803121,87,3012047030.0,2566
2,64637333.95857179,64373387.50363541,-263946.45493638515,-256408.7789914161,4,97.54826530441642,-256457.7333803121,88,3018942740.0,2566
1,45730940.03294864,45554755.02761459,-176185.00533404946,-170852.09654099494,1,,-170852.09654099494,103,3500926980.0,2567
0,7940587.503376128,7701702.965364456,-238884.53801167198,-237958.54722975846,2,-115.8585209613666,-237900.61796927778,112,3964029560.0,2568
1,67757527.81031129,67511783.58457756,-245744.22573372722,-237842.6887087971,2,115.8585209613666,-237900.61796927778,113,4023839870.0,2568
1,49509418.38238479,49237014.945194244,-272403.4371905476,-266629.90153962374,2,-85.73467595875263,-266587.03420164436,124,4506388200.0,2569
0,77333630.66733211,77058068.24720955,-275562.42012256384,-266544.166863665,2,85.73467595875263,-266587.03420164436,125,4534209360.0,2569
2,12095371.270273022,11844789.457267761,-250581.81300526112,-249171.31254854612,4,-72.58562706969678,-249125.8235852681,137,4969862520.0,2570
3,17243923.53260769,16992759.714017868,-251163.81858982146,-249152.9202490598,4,-54.19332758337259,-249125.8235852681,138,4975010510.0,2570
0,31693648.981855027,31440854.303369522,-252794.67848550528,-249098.72692147642,4,54.19332758337259,-249125.8235852681,139,4989458660.0,2570
3,61735718.879244775,61479489.10062218,-256229.77862259746,-249030.47421688586,4,122.4460321739316,-249125.8235852681,140,5019497410.0,2570
1,3481962.4680359266,3217637.8217277527,-264324.6463081739,-263918.59761882946,2,-187.63413604721427,-263824.78055080585,151,5462057480.0,2571
0,77357116.48709708,77084364.53155899,-272751.95553809404,-263730.96348278224,2,187.63413604721427,-263824.78055080585,152,5535924490.0,2571
3,40304241.51312453,40134689.250169754,-169552.26295477897,-164852.18804252148,4,-53.36662282794714,-164805.82945494726,163,5999866450.0,2572
1,60756218.74030342,60584320.82271385,-171897.9175895676,-164812.837490201,4,-14.016070507466793,-164805.82945494726,164,6020316160.0,2572
3,63369179.41437985,63196990.80272484,-172188.61165501177,-164798.82141969353,4,14.016070507466793,-164805.82945494726,165,6022928840.0,2572
1,73628159.79691656,73454791.4624939,-173368.33442266285,-164782.19426210225,4,30.643228098750114,-164805.82945494726,166,6033186680.0,2572
3,54805594.22837977,54599186.522499084,-206407.70588068664,-200016.55723693967,3,-48.93167099356651,-199969.1080455333,184,6515291900.0,2573
0,70209524.0371378,70001367.45278358,-208156.58435422182,-199969.1080455333,3,22.2421161159873,-199969.1080455333,185,6530694140.0,2573
3,76473207.4915781,76264323.43339157,-208884.05818653107,-199966.1430863589,3,26.689554877579212,-199969.1080455333,186,6536957120.0,2573
0,27427665.734339986,27204128.807798386,-223536.92654160038,-220338.45216818526,3,-63.38450685143471,-220321.76640734822,195,6988733730.0,2574
3,39365735.42628364,39140823.02875328,-224912.397530362,-220321.76640734822,3,-38.35586559586227,-220321.76640734822,196,7000670470.0,2574
0,79555394.62583935,79325888.9128933,-229505.71294605732,-220228.36891531944,3,101.74037244729698,-220321.76640734822,197,7040855690.0,2574
0,67042014.93214086,66852443.81444359,-189571.11769726872,-181753.0201318562,1,,-181753.0201318562,207,7529260150.0,2575
3,50982197.40313719,50760490.54738045,-221706.85575674474,-215761.57213422656,1,,-215761.57213422656,220,8014058120.0,2576
2,33080277.918811653,32817438.40312767,-262839.5156839825,-258981.86253137514,1,,-258981.86253137514,226,8496998840.0,2577
2,1776143.0988077899,1550947.616470337,-225195.48233745294,-224988.35759559274,4,-68.89415055885911,-224920.09081555344,239,8966548230.0,2578
0,27881058.32169664,27652887.511548996,-228170.8101476431,-224919.46344503388,4,1.2547410391271114,-224920.09081555344,240,8992650270.0,2578
1,41546750.795837335,41316985.10764885,-229765.6881884858,-224920.718186073,4,-1.2547410391271114,-224920.09081555344,241,9006314420.0,2578
3,46628543.92993821,46398205.62039375,-230338.30954445899,-224900.72676675767,4,19.991419315338135,-224920.09081555344,242,9011395660.0,2578
2,76268235.04729906,76078774.90493774,-189460.1423613131,-180566.13010130823,1,,-180566.13010130823,257,9541941240.0,2579
3,44287365.88208233,44113342.55436134,-174023.32772098482,-168858.761176683,3,-2.4427122473716736,-168856.77564799786,272,10010855430.0,2580
3,45856110.81989841,45681906.53867912,-174204.2812192887,-168856.77564799786,3,0.5355807803571224,-168856.77564799786,273,10012424000.0,2580
2,49356354.663692296,49181743.116270065,-174611.54742223024,-168855.86128087342,3,1.9071314670145512,-168856.77564799786,274,10015923850.0,2580
1,17491461.23745073,17291304.4853096,-200156.75214112923,-198116.98721678555,2,-60.72433827072382,-198086.6250476502,568,21005523750.0,2602
0,33336477.51682631,33134533.724105835,-201943.7927204743,-198056.26287851483,2,60.72433827072382,-198086.6250476502,569,21021367040.0,2602
2,53242306.36664405,53129582.06279373,-112724.30385031551,-106515.45785719901,1,,-106515.45785719901,574,21542250870.0,2603
0,32114464.976831198,31892648.153526306,-221816.8233048916,-218071.79832758382,1,,-218071.79832758382,592,22022522850.0,2604
2,32449969.0883063,32228693.288154602,-221275.8001516983,-217491.6503974907,5,-31.480701591819525,-217468.69524556398,615,23030795690.0,2606
3,39954054.63200091,39731924.51211929,-222130.11988161504,-217470.88197591156,5,-10.712280012667179,-217468.69524556398,616,23038298950.0,2606
2,44141604.717957065,43918988.45409012,-222616.2638669461,-217468.69524556398,5,-7.432184491306543,-217468.69524556398,617,23042486030.0,2606
1,54664794.4741341,54440968.10069275,-223826.37344135344,-217451.6441462338,5,18.144464503973722,-217468.69524556398,618,23053008050.0,2606
1,58965587.15825656,58741281.60833359,-224305.54992297292,-217429.28413842618,5,40.50447231158614,-217468.69524556398,619,23057308380.0,2606
2,36737520.804856785,36535606.273181915,-201914.53167486936,-197630.38952528685,1,,-197630.38952528685,627,23541602610.0,2607
2,18034526.725909527,17874794.360988617,-159732.36492091045,-157629.27047137916,3,-40.39657719247043,-157599.84235119447,643,24028654770.0,2608
3,30546068.35172102,30384906.382801056,-161161.96891996264,-157599.84235119447,3,3.745603084564209,-157599.84235119447,644,24041164930.0,2608
2,41861712.59523173,41699252.99055481,-162459.6046769172,-157577.9054371789,3,36.65097410790622,-157599.84235119447,645,24052479320.0,2608
3,1562037.2171283625,1379934.7106704712,-182102.50645789132,-181920.3496510489,3,-33.55330198910087,-181889.4581666775,662,25015229550.0,2610
0,10350247.461545892,10167151.010353088,-183096.45119280368,-181889.4581666775,3,12.78392456797883,-181889.4581666775,663,25024016800.0,2610
1,18375347.210168697,18191320.236442566,-184026.97372613102,-181884.13453144208,3,20.769377421122044,-181889.4581666775,664,25032041000.0,2610
3,2067716.2529648454,1940317.8788032532,-127398.37416159222,-127157.24764682935,5,-52.98958291322924,-127105.15221193805,677,25516601840.0,2611
0,18036475.116992705,17907266.643119812,-129208.47387289256,-127105.15221193805,5,-0.3224656041711569,-127105.15221193805,678,25532568850.0,2611
0,18539883.034803163,18410614.712703705,-129268.32209945843,-127106.29557677358,5,-2.037512857466936,-127105.15221193805,679,25533072200.0,2611
0,22228696.128172614,22099000.567180634,-129695.56099198014,-127103.36391589418,5,2.359978461638093,-127105.15221193805,680,25536760600.0,2611
1,34064744.60969392,33933675.17939758,-131069.4302963391,-127096.97366344929,5,8.750230906531215,-127105.15221193805,681,25548595320.0,2611
1,76216687.30733553,76021998.59064484,-194688.71669068933,-185800.7156649977,1,,-185800.7156649977,693,26091623710.0,2612
0,7081247.995337509,6935212.659137726,-146035.3361997828,-145209.55720479786,3,-44.13367156870663,-145197.3249037303,706,26523402580.0,2613
2,15714999.479126636,15567969.551200867,-147029.92792576924,-145197.3249037303,3,-25.785219967365265,-145197.3249037303,707,26532035370.0,2613
3,43857209.55994165,43706961.63386917,-150247.9260724783,-145133.522162728,3,69.9188915360719,-145197.3249037303,708,26560174470.0,2613
1,6695918.804383032,6471851.269462585,-224067.53492044657,-223286.69104879815,2,-150.84993138629943,-223211.266083105,725,27023877330.0,2614
0,55227821.39107533,54998245.16333771,-229576.22773762047,-223135.84111741185,2,150.84993138629943,-223211.266083105,726,27072403910.0,2614
3,3269805.98910796,3153181.448863983,-116624.54024397675,-116243.23216025205,2,-66.78252909751609,-116209.8408957033,738,27521335480.0,2615
1,35497533.85559739,35377217.86476517,-120315.99083222449,-116176.44963115454,2,66.78252909751609,-116209.8408957033,739,27553559640.0,2615
0,3123332.4040915216,2893953.1967773438,-229379.20731417788,-229014.98023226345,4,-93.84530151123181,-228927.3268594183,752,28022035100.0,2616
1,42812737.1209516,42578810.999298096,-233926.12165350467,-228933.5187880844,4,-12.38385733217001,-228927.3268594183,753,28061720110.0,2616
3,43818288.14328071,43584257.14325714,-234031.0000235662,-228921.13493075222,4,12.38385733217001,-228927.3268594183,754,28062725560.0,2616
2,69665651.84417076,69428678.0259552,-236973.8182155639,-228849.7655058205,4,83.75328226387501,-228927.3268594183,755,28088570080.0,2616
1,16974412.631395884,16750656.473770142,-223756.15762574226,-221776.6882705614,3,-90.86778339371085,-221691.08977872133,776,29037571730.0,2618
0,48496262.07274801,48268915.59643555,-227346.47631246597,-221691.08977872133,3,37.52995436638594,-221691.08977872133,777,29069090110.0,2618
2,55172784.513600215,54944669.993904114,-228114.51969610155,-221680.55119561404,3,53.337829027324915,-221691.08977872133,778,29075765890.0,2618
2,24287700.823713202,24152849.467323303,-134851.3563898988,-132019.0486964099,2,2.4563642628490925,-132020.27687854134,791,29545768960.0,2619
1,26863833.816849366,26728679.588615417,-135154.22823394835,-132021.50506067276,2,-2.4563642628490925,-132020.27687854134,792,29548344800.0,2619
2,8574054.362453949,8360949.038711548,-213105.32374240085,-212105.46128891408,4,-134.47815230488777,-212022.24265614152,809,30030869800.0,2620
0,18068303.166396953,17854122.63093567,-214180.53546128422,-212073.50217567384,4,-102.51903906464577,-212022.24265614152,810,30040363010.0,2620
0,57008192.29506463,56789573.30754089,-218618.98752373457,-211970.9831366092,4,102.51903906464577,-212022.24265614152,811,30079298610.0,2620
2,70086059.73460333,69865933.15770721,-220126.57689611614,-211953.49836416543,4,120.00381150841713,-212022.24265614152,812,30092375020.0,2620
3,18646159.34598597,18429562.648223877,-216596.69776209444,-214422.27783848718,1,,-214422.27783848718,838,31042669270.0,2622
2,20939220.6480122,20752990.973320007,-186229.67469219118,-183787.84966447577,1,,-183787.84966447577,846,31545825860.0,2623
2,36824054.95510268,36649337.28347778,-174717.6716248989,-170423.43830443174,3,-62.73072262108326,-170402.37137062848,860,32062545180.0,2624
2,45809087.22173537,45633342.828445435,-175744.39328993857,-170402.37137062848,3,-31.13032191619277,-170402.37137062848,861,32071529220.0,2624
2,79088427.14412194,78908885.21166229,-179541.93245965242,-170319.04379299283,3,93.86104453727603,-170402.37137062848,862,32104804890.0,2624
1,48785617.13740415,48639884.41195679,-145732.72544736415,-140043.59580299258,2,-53.657887637615204,-140016.76685917377,876,32575400670.0,2625
3,66092395.34104814,65944698.04535675,-147697.29569138587,-139989.93791535497,2,53.657887637615204,-140016.76685917377,877,32592705550.0,2625
3,1989187.397491433,1775617.242904663,-213570.15458676987,-213338.1857062818,2,-137.8603294135537,-213269.25554157502,887,33029404960.0,2626
1,67236708.16443436,67015667.037361145,-221041.12707321346,-213200.32537686825,2,137.8603294135537,-213269.25554157502,888,33094645260.0,2626
3,41900826.32381083,41764225.193855286,-136601.12995554507,-131714.8694724366,1,,-131714.8694724366,896,33570206650.0,2627
0,53340666.946054876,53179053.67478943,-161613.27126544714,-155392.95496363938,1,,-155392.95496363938,920,34583343380.0,2629
0,10550400.63913085,10382190.936073303,-168209.70305754617,-166979.36918953247,3,-11.108264004811645,-166979.36918953247,938,35041407410.0,2630
1,38252800.28430994,38081354.70555878,-171445.5787511617,-166984.73244342953,3,-19.15314485039562,-166979.36918953247,939,35069106680.0,2630
0,66745710.77700691,66570975.44351196,-174735.33349494636,-166951.7894076258,3,30.261408855207264,-166979.36918953247,940,35097596410.0,2630
0,69760661.8996993,69645306.71304321,-115355.18665608764,-107220.05435864627,3,-31.51142366230488,-107190.46716307104,957,35601549730.0,2631
3,77952552.346876,77836275.29942322,-116277.04745277762,-107186.6187068969,3,18.642053961753845,-107190.46716307104,958,35609740730.0,2631
3,79930459.2640696,79813947.7147522,-116511.54931740463,-107190.46716307104,3,12.869369700551033,-107190.46716307104,959,35611718410.0,2631
3,55451883.23678084,55338456.27581787,-113426.96096296608,-106960.44539403915,2,-35.723975352942944,-106942.58340636268,1005,37590640460.0,2635
0,66026740.1470414,65912115.724220276,-114624.42282112688,-106924.72141868621,2,35.723975352942944,-106942.58340636268,1006,37601214160.0,2635
0,43747656.75632451,43588357.49862671,-159299.2576977983,-154197.62927679718,2,-3.6515604704618454,-154195.80349656194,1034,38580638030.0,2637
2,51873609.551247895,51713366.33797455,-160243.21327334642,-154193.9777163267,2,3.6515604704618454,-154195.80349656194,1035,38588763070.0,2637
0,49178652.291834354,48999805.7666626,-178846.52517175674,-173111.56177391857,2,13.576213538646698,-173118.3498806879,1047,39086938460.0,2638
2,51276892.50802989,51097787.720581055,-179104.78744883835,-173125.13798745722,2,-13.576213538646698,-173118.3498806879,1048,39089036450.0,2638
0,20488255.528718352,20292921.316688538,-195334.21202981472,-192944.9762523584,2,-130.16621309146285,-192879.89314581268,1056,39559007530.0,2639
2,77821381.40283999,77619491.46054077,-201889.942299217,-192814.81003926694,2,130.16621309146285,-192879.89314581268,1057,39616334320.0,2639
2,79599261.7757045,79505664.8809967,-93596.89470779896,-84314.43511396646,1,,-84314.43511396646,1077,40619839190.0,2641
0,53208042.42526399,52996423.31251526,-211619.11274873465,-205414.26244156063,2,-54.0114935785532,-205387.25669477135,1086,41094285880.0,2642
0,76164797.48076183,75950555.27991486,-214242.20084697008,-205360.25094798207,2,54.0114935785532,-205387.25669477135,1087,41117240100.0,2642
0,29036983.445670746,28912889.124412537,-124094.32125820965,-120708.17646806315,1,,-120708.17646806315,1103,41570980110.0,2643
1,18420706.514302216,18240584.94944763,-180121.56485458463,-177973.4360893853,2,-21.058733448386192,-177962.9067226611,1110,42061229750.0,2644
1,32044151.91024846,31862462.707466125,-181689.2027823329,-177952.37735593691,2,21.058733448386192,-177962.9067226611,1111,42074851680.0,2644
0,18227863.81600614,18151086.66004181,-76777.15596432984,-74651.51553023979,4,-39.903579134494066,-74626.83177583106,1118,42561939100.0,2645
0,28309901.406161956,28231957.99836731,-77943.40779464692,-74642.05160055682,4,-30.43964945152402,-74626.83177583106,1119,42572020010.0,2645
1,52179022.93045866,52098326.46720123,-80696.46325742453,-74611.6119511053,4,30.43964945152402,-74626.83177583106,1120,42595886470.0,2645
0,71617407.5747926,71534511.92646027,-82895.6483323276,-74543.9918320179,4,98.05976853892207,-74626.83177583106,1121,42615322730.0,2645
0,13071552.903533248,12874831.74131012,-196721.1622231286,-195196.82444726303,1,,-195196.82444726303,1132,43057597610.0,2646
0,73351326.14849801,73266313.60808563,-85012.54041238129,-76458.68317879736,1,,-76458.68317879736,1145,43618759500.0,2647
3,27292999.9858795,27096601.46408081,-196398.52179868892,-193215.7514574565,4,-20.771981667727232,-193197.2556588091,1154,44073539500.0,2648
3,37278639.9485714,37081093.17202759,-197546.77654381096,-193199.53184182942,4,-4.55236604064703,-193197.2556588091,1155,44083524030.0,2648
2,39133454.58253391,38935696.05934143,-197758.5231924802,-193194.97947578877,4,4.55236604064703,-193197.2556588091,1156,44085378640.0,2648
3,77928425.08440948,77726207.29181671,-202217.7925927639,-193130.17744508386,4,69.35439674556255,-193197.2556588091,1157,44124169300.0,2648
3,3112764.689115636,2938743.5570907593,-174021.13202487677,-173658.13729593996,5,-40.95172964502126,-173617.7737302333,1168,44550160430.0,2649
1,20539819.984288048,20363776.729431152,-176043.25485689566,-173648.00589584187,5,-30.820329546928406,-173617.7737302333,1169,44567585530.0,2649
0,27771384.152853426,27594528.998390198,-176855.15446322784,-173616.59740235656,5,16.292410681024194,-173617.7737302333,1170,44574816310.0,2649
0,35362431.33301606,35184699.888923645,-177731.44409241527,-173607.6578578949,5,25.23195514269173,-173617.7737302333,1171,44582406510.0,2649
3,39852317.8191856,39674052.67157745,-178265.14760814607,-173617.7737302333,5,14.527918865904212,-173617.7737302333,1172,44586895880.0,2649
3,16230115.252661146,16032750.457557678,-197364.795103468,-195472.1219093278,1,,-195472.1219093278,1188,45064118360.0,2650
0,75980069.04222581,75865778.4061966,-114290.63602921367,-105430.22821778059,1,,-105430.22821778059,1203,45624737410.0,2651
2,58771626.14013523,58543505.69658661,-228120.44354861975,-221266.79650793225,3,-28.929873451590538,-221245.1090555787,1216,46108347040.0,2652
3,70150623.2931583,69921212.06134033,-229411.23181796074,-221230.6242133826,3,25.328568372875452,-221245.1090555787,1217,46119724790.0,2652
1,72596003.56851509,72366292.68408966,-229710.8844254315,-221245.1090555787,3,3.601305078715086,-221245.1090555787,1218,46122169880.0,2652
3,3641226.878988022,3543778.0453796387,-97448.83360838331,-97024.21231639897,3,-114.42076547956094,-96922.60624730587,1233,46554133150.0,2653
0,54109587.10379535,54006354.51370239,-103232.59009295702,-96922.60624730587,3,37.988338160095736,-96922.60624730587,1234,46604595920.0,2653
0,72861916.3655603,72756522.60394287,-105393.7616174221,-96896.97685453296,3,76.4324273194652,-96922.60624730587,1235,46623346160.0,2653
2,43082508.27845098,42900356.12866974,-182152.149781242,-177128.08758047968,1,,-177128.08758047968,1249,47094378840.0,2654
0,58768627.010019526,58662078.9168396,-106548.09317992628,-99694.7958824858,3,-9.051155090332031,-99694.7958824858,1257,47610973520.0,2655
2,61731251.63304876,61624357.55604553,-106894.07700322568,-99695.293544963,3,-9.797648806124926,-99694.7958824858,1258,47613935810.0,2655
3,73280655.07925433,73172433.26741028,-108221.81184405088,-99676.19590982795,3,18.848803896456957,-99694.7958824858,1259,47625483930.0,2655
2,14777940.502766352,14588896.951255798,-189043.5515105538,-187320.22352312133,3,-130.4475040845573,-187200.7683120221,1273,48067792970.0,2656
1,76626036.28709665,76429899.78157043,-196136.50552621484,-187200.7683120221,3,48.73531256429851,-187200.7683120221,1274,48129634210.0,2656
0,78247537.17560399,78051233.56350708,-196303.6120969057,-187178.78372605145,3,81.71219152025878,-187200.7683120221,1275,48131255550.0,2656
2,18019388.19148536,17884441.56777191,-134946.62371344864,-132845.29464252666,1,,-132845.29464252666,1288,48571916560.0,2657
0,41898602.84095523,41819477.71370697,-79125.1272482574,-74239.12605637312,2,1.3660180196166039,-74239.80906538293,1301,49597656490.0,2659
1,50983048.75251752,50902862.87754059,-80185.874976933,-74240.49207439274,2,-1.3660180196166039,-74239.80906538293,1302,49606739910.0,2659
1,21583588.98531045,21412212.905212402,-171376.08009804785,-168859.11212401465,5,-37.285505782812834,-168832.87721339613,1314,50078162940.0,2660
2,22974062.532149963,22802537.57310486,-171524.95904510468,-168845.8411437124,5,-24.01452548056841,-168832.87721339613,1315,50079553270.0,2660
1,31539825.61655761,31367314.725875854,-172510.8906817548,-168832.87721339613,5,-4.568630006164312,-168832.87721339613,1316,50088118080.0,2660
2,37378702.02487995,37205532.33542633,-173169.68945361674,-168810.77602306753,5,28.58315548673272,-168832.87721339613,1317,50093956320.0,2660
2,68360197.44363603,68183483.53025055,-176713.91338548064,-168742.09610423446,5,97.26307431980968,-168832.87721339613,1318,50124934390.0,2660
0,21300093.813509457,21216674.880126953,-83418.93338250369,-80935.0251683034,4,-70.89354952052236,-80897.59927272238,1332,50578803370.0,2661
3,30211914.932139054,30127460.70590973,-84454.22622932494,-80931.06692666188,4,-66.9353078790009,-80897.59927272238,1333,50587714190.0,2661
0,53829381.578951985,53742240.13962555,-87141.43932643533,-80864.13161878288,4,66.9353078790009,-80897.59927272238,1334,50611329060.0,2661
0,70947002.19159922,70857904.4984436,-89097.69315561652,-80824.21590901911,4,106.85101764276624,-80897.59927272238,1335,50628444790.0,2661
3,567416.7011889869,402931.67963409424,-164485.02155489265,-164418.8523155786,4,-63.65703867003322,-164358.667481903,1352,51058890540.0,2662
2,30435998.57268417,30268087.142204285,-167911.43047988415,-164362.1396868974,4,-6.944409988820553,-164358.667481903,1353,51088755810.0,2662
1,34660878.110965274,34492480.94100952,-168397.1699557528,-164355.19527690858,4,6.944409988820553,-164358.667481903,1354,51092980220.0,2662
3,55871900.088643685,55701089.602760315,-170810.48588337004,-164294.9900931567,4,67.14959374070168,-164358.667481903,1355,51114188910.0,2662
2,13942770.805263603,13880579.2236557,-62191.58160790242,-60565.64684746787,2,-100.18263282999396,-60515.55553105287,1366,51573202160.0,2663
0,65039823.35754674,64971773.28112793,-68050.07641880959,-60465.464214637876,2,100.18263282999396,-60515.55553105287,1367,51624293550.0,2663
2,66183712.316333294,66002362.23163605,-181350.08469724655,-173632.07800168544,1,,-173632.07800168544,1381,52126244080.0,2664
1,48556938.52070336,48452680.95869446,-104257.56200890243,-98595.09969751537,2,-16.854683481156826,-98586.67235577479,1391,52609479100.0,2665
3,59748013.79755829,59642468.044158936,-105545.7533993572,-98578.24501403421,2,16.854683481156826,-98586.67235577479,1392,52620668930.0,2665
0,24838824.096116215,24693888.93019104,-144935.16592517495,-142038.58904886618,2,-14.860482435673475,-142031.15880764835,1401,53086653210.0,2666
1,56904735.635178104,56756075.966812134,-148659.66836597025,-142023.7285664305,2,14.860482435673475,-142031.15880764835,1402,53118715520.0,2666
2,46916179.34277241,46743657.42601776,-172521.9167546481,-167050.7914033383,2,-63.41524928808212,-167019.08377869427,1411,53609582040.0,2667
1,73359548.21544987,73184006.02324677,-175542.1922031045,-166987.37615405023,2,63.41524928808212,-167019.08377869427,1412,53636022490.0,2667
2,44458610.369002216,44313351.83808899,-145258.5309132263,-140073.9947109744,1,,-140073.9947109744,1419,54108022510.0,2668
0,11024870.140795328,10895841.135978699,-129029.00481662899,-127743.34073726088,3,-38.70178955420852,-127743.34073726088,1427,54575463880.0,2669
2,18160546.512517177,18030683.772766113,-129862.73975106329,-127744.94951728731,3,-41.114959593862295,-127743.34073726088,1428,54582598750.0,2669
3,64988487.15511963,64853244.20110321,-135242.95401641726,-127664.32837812603,3,79.81674914807081,-127743.34073726088,1429,54629421490.0,2669
0,7701808.071085644,7617404.899917603,-84403.17116804142,-83505.02562467195,6,-32.090447345748544,-83478.27221405134,1438,55073030360.0,2670
2,17893151.679292135,17807555.819137573,-85595.8601545617,-83509.25214131922,6,-36.316963993012905,-83478.27221405134,1439,55083220550.0,2670
3,28492631.447646298,28405825.17315674,-86806.27448955923,-83483.60925077647,6,-10.674073450267315,-83478.27221405134,1440,55093818860.0,2670
1,44393804.11080478,44305154.19680023,-88649.91400454938,-83472.9351773262,6,10.674073450267315,-83478.27221405134,1441,55109718250.0,2670
3,53757950.346411124,53668238.28794861,-89712.05846251547,-83443.08070058376,6,40.52855019271374,-83478.27221405134,1442,55119081370.0,2670
3,55986177.96816443,55896199.743370056,-89978.22479437292,-83449.40250118077,6,34.206749595701694,-83478.27221405134,1443,55121309340.0,2670
2,16894182.10715813,16788414.22027588,-105767.88688224927,-103797.77360126749,4,-149.97950110211968,-103687.65287332982,1457,55583228350.0,2671
2,47565410.95195535,47456136.60488129,-109274.34707406163,-103727.51164649427,4,-79.71754632890224,-103687.65287332982,1458,55613896190.0,2671
0,72543988.32280937,72431880.8190918,-112107.5037175715,-103647.79410016537,4,79.71754632890224,-103687.65287332982,1459,55638872030.0,2671
0,76109167.14378425,75996647.14766693,-112519.99611732364,-103644.53354427218,4,82.978102222085,-103687.65287332982,1460,55642436810.0,2671
1,4727205.79861087,4620153.932739258,-107051.86587161198,-106500.60326140095,1,,-106500.60326140095,1475,56071942860.0,2672
3,29447546.94525683,29312408.221580505,-135138.7236763239,-131704.70106657594,5,-42.61102161929011,-131684.70012760162,1483,56597533130.0,2673
0,30420035.119756363,30284794.49233246,-135240.62742390484,-131693.19820731133,5,-31.108162354677916,-131684.70012760162,1484,56598505520.0,2673
3,40499603.397271596,40363195.84012604,-136407.5571455583,-131684.70012760162,5,-18.36104279011488,-131684.70012760162,1485,56608583960.0,2673
1,60677313.82295135,60538598.46437836,-138715.3585729897,-131639.47996231169,5,49.469205144792795,-131684.70012760162,1486,56628759440.0,2673
1,69952040.78187665,69812262.89846039,-139777.88341626525,-131620.43349048495,5,68.51567697152495,-131684.70012760162,1487,56638033140.0,2673
0,20225717.022232257,20083656.8127594,-142060.20947285742,-139701.589595899,2,-33.692777156829834,-139684.74320732057,1499,57089147480.0,2674
2,43467634.557209685,43322897.68672943,-144736.8704802543,-139667.89681874216,2,33.692777156829834,-139684.74320732057,1500,57112386810.0,2674
3,32952872.28434945,32780143.368362427,-172728.91598702222,-168886.12022916228,1,,-168886.12022916228,1506,57602673840.0,2675
1,76974830.66862555,76845935.61396027,-128895.05466528237,-119918.64283074439,1,,-119918.64283074439,1526,58147570650.0,2676
3,10196923.165403295,10073568.95161438,-123354.21378891543,-122165.10065956227,2,-51.34186450578272,-122139.42972730938,1534,58581626060.0,2677
2,33372225.538344312,33246220.080955505,-126005.45738880709,-122113.75879505649,2,51.34186450578272,-122139.42972730938,1535,58604798800.0,2677
1,71942711.05999598,71824327.19986725,-118383.86012873054,-109994.26839649677,1,,-109994.26839649677,1541,59144252960.0,2678
1,63010638.61148891,62893552.51866913,-117086.09281978011,-109738.11378271878,1,,-109738.11378271878,1555,59636199080.0,2679
2,6699257.488351315,6547877.7230529785,-151379.76529833674,-150598.5320864059,1,,-150598.5320864059,1567,60080719110.0,2680
1,5697494.358381743,5613556.446884155,-83937.91149758734,-83273.49878837354,4,-49.919708451256156,-83232.12343527563,1579,60580642770.0,2681
1,21808118.486515827,21722334.667266846,-85783.81924898177,-83240.66779062897,4,-17.088710706681013,-83232.12343527563,1580,60596751610.0,2681
1,27597674.344947338,27511232.46595764,-86441.8789896965,-83223.57907992229,4,17.088710706681013,-83232.12343527563,1581,60602540530.0,2681
2,68411820.89556004,68320715.95536041,-91104.94019962847,-83127.10285493731,4,113.56493569165468,-83232.12343527563,1582,60643350170.0,2681
0,36354618.571200386,36245074.04218292,-109544.52901746333,-105305.03897184879,1,,-105305.03897184879,1593,61112150310.0,2682
3,12378121.728462668,12239237.127052307,-138884.601410361,-137441.12803851254,2,-2.2035565096884966,-137440.0262602577,1604,61589034110.0,2683
1,18520472.260356262,18380873.57293701,-139598.6874192506,-137438.92448200285,2,2.2035565096884966,-137440.0262602577,1605,61595175770.0,2683
3,5612877.038544679,5520054.243865967,-92822.79467871226,-92168.2496094089,1,,-92168.2496094089,1619,62083118870.0,2684
1,30931565.51779481,30811384.292114258,-120181.22568055242,-116574.144400049,3,-73.9191777408123,-116501.06340280175,1633,62609293370.0,2685
0,53607329.81351161,53484577.33694458,-122752.47656702995,-116501.06340280175,3,35.70231813006103,-116501.06340280175,1634,62631966650.0,2685
0,55327172.101286516,55204220.74185181,-122951.35943470895,-116499.38704181463,3,38.21685961075127,-116501.06340280175,1635,62633686300.0,2685
3,6301413.122448672,6213595.834732056,-87817.28771661595,-87082.44908384047,5,-102.97165449149907,-86980.49732966721,1646,63085536320.0,2686
2,12426877.717608124,12338352.345352173,-88525.37225595117,-87076.21320952289,5,-96.73578017391264,-86980.49732966721,1647,63091661100.0,2686
3,51300486.17431754,51207523.276153564,-92962.89816397429,-86980.49732966721,5,46.838039609603584,-86980.49732966721,1648,63130530420.0,2686
2,51783738.63580279,51690721.42300415,-93017.21279864013,-86978.45752903074,5,49.89774056430906,-86980.49732966721,1649,63131013620.0,2686
0,67796454.57671154,67701620.01876831,-94834.5579432249,-86928.48147749901,5,99.87379209604114,-86980.49732966721,1650,63147024580.0,2686
2,5232109.717330652,5099165.077484131,-132944.63984652143,-132334.4979185909,3,-155.6250749155879,-132191.25672613084,1658,63585324670.0,2687
3,70665816.1014452,70525384.15795898,-140431.94348621368,-132191.25672613084,3,59.23671377450228,-132191.25672613084,1659,63650751140.0,2687
3,79473854.70584503,79332420.38162231,-141434.3242227137,-132166.4889612198,3,96.38836114108562,-132191.25672613084,1660,63659558210.0,2687
1,18600174.82437504,18452085.126358032,-148089.6980170086,-145920.64057358354,3,-78.40303811244667,-145893.87774820998,1671,64099504650.0,2688
1,29650704.342269003,29501352.750732422,-149351.59153658152,-145893.87774820998,3,-38.25880005210638,-145893.87774820998,1672,64110553960.0,2688
3,76137473.84815332,75982804.48727417,-154669.360879153,-145790.5973227322,3,116.66183816455305,-145893.87774820998,1673,64157035590.0,2688
3,14547468.643446665,14390887.868743896,-156580.77470276877,-154884.32316712663,4,-82.33966426178813,-154811.39629407227,1686,64596294510.0,2689
2,51006326.9660988,50845558.059524536,-160768.90657426417,-154820.8090852797,4,-18.825582414865494,-154811.39629407227,1687,64632749320.0,2689
2,67139261.04438311,66976636.194381714,-162624.85000139475,-154795.41209076345,4,25.39699451625347,-154811.39629407227,1688,64648880460.0,2689
1,69702136.65741666,69539206.36653137,-162930.29088528454,-154801.98350286484,4,18.825582414865494,-154811.39629407227,1689,64651443040.0,2689
1,74358837.28527208,74284167.5440979,-74669.74117417634,-65998.39313466847,1,,-65998.39313466847,1702,65156984820.0,2690
2,6440.185614246411,-101938.24043273926,-108378.42604698567,-108377.67502541326,2,-26.07797193013539,-108364.6360394482,1709,65583510430.0,2691
1,18846328.873779,18735779.514053345,-110549.35972565413,-108351.59705348313,2,26.07797193013539,-108364.6360394482,1710,65602348220.0,2691
2,19557559.532312624,19470881.92375183,-86677.6085607931,-84396.90579970181,1,,-84396.90579970181,1718,66103918270.0,2692
1,7793625.597409504,7678076.157989502,-115549.43942000158,-114640.58658539504,3,-109.63538586348295,-114570.15130928904,1731,66593018220.0,2693
3,35522342.41182098,35403629.82626343,-118712.58555755019,-114570.15130928904,3,-3.9824717044830322,-114570.15130928904,1732,66620743880.0,2693
0,64801236.0904983,64679187.55003357,-122048.54046472907,-114491.75108977407,3,113.61785756796598,-114570.15130928904,1733,66650019550.0,2693
0,15905775.226958156,15765998.322357178,-139776.9046009779,-137922.054285042,4,-82.98809088021517,-137879.69165816344,1745,67101953150.0,2694
2,22704900.296407647,22564332.249710083,-140568.04669756442,-137920.3171221651,4,-81.25092800334096,-137879.69165816344,1746,67108751510.0,2694
0,48770548.73395684,48627022.2953186,-143526.4386382401,-137839.06619416177,4,81.25092800334096,-137879.69165816344,1747,67134814300.0,2694
0,59849897.98543528,59705099.8092041,-144798.17623117566,-137818.7866319269,4,101.5304902382195,-137879.69165816344,1748,67145892420.0,2694
0,35155153.13823742,35078803.45329285,-76349.68494457006,-72250.0704350695,2,-51.71958140283823,-72224.21064436808,1767,67622108910.0,2695
3,63516790.04926783,63437184.69458008,-79605.35468775034,-72198.35085366666,2,51.71958140283823,-72224.21064436808,1768,67650467400.0,2695
3,6496676.029374822,6402040.516677856,-94635.5126969656,-93877.9035007041,3,-112.82061902619898,-93802.82269590348,1778,68094304870.0,2696
2,36836952.73045348,36738854.17036438,-98098.56008909643,-93802.82269590348,3,-0.19941182527691126,-93802.82269590348,1779,68124641800.0,2696
2,70265847.36763324,70163925.9801178,-101921.38751544058,-93727.34306745231,3,113.0200308514759,-93802.82269590348,1780,68158067000.0,2696
3,7296101.944768451,7201326.576156616,-94775.36861183494,-93924.53444598988,2,-154.14133151248097,-93847.46378023364,1787,68595966240.0,2697
3,75565377.2246877,75462794.78300476,-102582.44168293476,-93770.3931144774,2,154.14133151248097,-93847.46378023364,1788,68664227970.0,2697
0,34325662.86600024,34237485.845321655,-88177.02067858726,-84174.13709050417,1,,-84174.13709050417,1801,69123908360.0,2698
0,9195811.106189787,9097125.288131714,-98685.81805807352,-97613.44950688817,4,-92.73433949239552,-97521.86375170201,1816,69599655840.0,2699
3,54617020.98418657,54513131.110824585,-103889.8733619824,-97520.71516739577,4,2.2971686124801636,-97521.86375170201,1817,69645072020.0,2699
1,55307881.19671571,55203908.46159363,-103972.73512208462,-97523.01233600825,4,-2.2971686124801636,-97521.86375170201,1818,69645762800.0,2699
3,74864604.05509084,74758393.46716309,-106210.5879277587,-97480.25994923711,4,42.75238677114248,-97521.86375170201,1819,69665317360.0,2699
0,66317974.55986875,66199221.665496826,-118752.89437192678,-111019.23069886863,1,,-111019.23069886863,1856,71159344910.0,2702
0,75595026.93704073,75524905.02983093,-70121.9072097987,-61306.401043221354,1,,-61306.401043221354,1872,71669531430.0,2703
2,2246493.649076313,2168833.4059143066,-77660.24316200614,-77398.26853987807,3,-61.629307644907385,-77377.32435694337,1882,72097058150.0,2704
1,16581019.355345396,16501708.437149048,-79310.91819634847,-77377.32435694337,3,-30.213033242849633,-77377.32435694337,1883,72111391080.0,2704
1,51162628.10519085,51079365.826553345,-83262.27863750607,-77295.95410752296,3,91.84234088775702,-77377.32435694337,1884,72145968870.0,2704
1,14897620.651130285,14807632.017822266,-89988.63330801949,-88251.34883259237,1,,-88251.34883259237,1897,72610569830.0,2705
0,11138360.68484117,11075369.5340271,-62991.1508140713,-61692.252046769485,5,-83.54565236531198,-61645.39015121758,1909,73107679410.0,2706
3,25285327.441364653,25220705.28451538,-64622.15684927255,-61673.51103201881,5,-64.80463761463761,-61645.39015121758,1910,73121824800.0,2706
0,37267640.68792996,37201649.335754395,-65991.35217556357,-61645.39015121758,5,-22.62331641279161,-61645.39015121758,1911,73133805790.0,2706
3,70365820.13911143,70296042.41371155,-69777.7253998816,-61572.022637590766,5,87.42795402742922,-61645.39015121758,1912,73166900310.0,2706
3,79330503.42927226,79259708.03668213,-70795.39259013534,-61544.274222776294,5,115.17636884190142,-61645.39015121758,1913,73175864010.0,2706
3,24725186.95276582,24622912.594970703,-102274.35779511556,-99391.032702405,3,-80.08324071392417,-99329.26988297701,1921,73622116990.0,2707
1,59048546.18468769,58942330.97476196,-106215.20992572606,-99329.26988297701,3,12.560988428071141,-99329.26988297701,1922,73656436540.0,2707
0,68138444.70418756,68031206.11753845,-107238.58664910495,-99292.62904040515,3,67.52225228585303,-99329.26988297701,1923,73665525450.0,2707
2,44572434.940377444,44435329.84811401,-137105.09226343036,-131907.28242068738,1,,-131907.28242068738,1937,74142762380.0,2708
0,21346418.926176324,21258539.994003296,-87878.93217302859,-85389.6217606552,2,1.0202460139989853,-85390.1318836622,1947,74620412510.0,2709
2,24099440.432715535,24011239.4369812,-88200.99573433399,-85390.6420066692,2,-1.0202460139989853,-85390.1318836622,1948,74623165220.0,2709
3,13735348.52502641,13665344.255630493,-70004.26939591765,-68402.52316301689,2,-80.77266296371818,-68362.13683153503,1960,75113677270.0,2710
1,51670576.09422855,51596228.78489685,-74347.3093317002,-68321.75050005317,2,80.77266296371818,-68362.13683153503,1961,75151608300.0,2710
0,26913365.888712958,26861461.974761963,-51903.91395099461,-48765.414600331336,1,,-48765.414600331336,1988,76128577120.0,2712
0,14839299.71067805,14761879.358062744,-77420.35261530615,-75689.86923025362,3,-3.329552421346307,-75689.86923025362,1999,76617377460.0,2713
1,27982009.265359268,27903048.95967102,-78960.30568824708,-75697.18660189211,3,-14.305609879083931,-75689.86923025362,2000,76630518680.0,2713
3,38353517.672121145,38273369.18791199,-80148.48420915753,-75675.89275377244,3,17.63516230043024,-75689.86923025362,2001,76640889040.0,2713
3,12123151.592390155,12075114.871505737,-48036.720884418115,-46622.98082834296,2,-57.67472079209983,-46594.14346794691,2013,77115530750.0,2714
0,77032924.45396858,76977375.96142578,-55548.49254280329,-46565.30610755086,2,57.67472079209983,-46594.14346794691,2014,77180433260.0,2714
1,17920965.360191833,17813191.818145752,-107773.54204608127,-105683.6905433461,1,,-105683.6905433461,2029,77622175730.0,2715
2,15078020.7674588,14973791.974884033,-104228.79257476702,-102470.47075862437,3,-41.54919471219182,-102433.3797358498,2039,78120161280.0,2716
2,43781850.89972553,43674311.90402222,-107538.99570330977,-102433.3797358498,3,14.087339449673891,-102433.3797358498,2040,78148861910.0,2716
1,56191281.521288946,56082304.317474365,-108977.20381458104,-102424.46339197457,3,27.46185526251793,-102433.3797358498,2041,78161269950.0,2716
0,23792760.481659196,23761381.441207886,-31379.040451310575,-28604.45017408952,2,-23.542929749935865,-28592.678709214553,2051,78629799720.0,2717
1,46449852.20975183,46415854.55784607,-33997.65190576017,-28580.907244339585,2,23.542929749935865,-28592.678709214553,2052,78652454280.0,2717
2,1314132.9490643744,1291740.5874023438,-22392.361662030686,-22239.11418550252,4,-98.06532049714588,-22167.61137178354,2066,79108232010.0,2718
0,19694270.924036935,19669780.104812622,-24490.8192243129,-22194.173878561705,4,-53.125013556331396,-22167.61137178354,2067,79126610120.0,2718
2,54299820.61929904,54271347.402526855,-28473.216772183776,-22141.048865005374,4,53.125013556331396,-22167.61137178354,2068,79161211820.0,2718
3,61211389.42285264,61182120.89865112,-29268.524201519787,-22130.364420570433,4,63.80945799127221,-22167.61137178354,2069,79168122620.0,2718
0,13356648.764672078,13279313.232452393,-77335.53221968561,-75777.94801976532,2,-82.09170507639647,-75736.90216722712,2083,79621213550.0,2719
0,73020525.5760253,72936314.43875122,-84211.13727408648,-75695.85631468892,2,82.09170507639647,-75736.90216722712,2084,79680870780.0,2719
1,32524502.297409296,32445219.73451233,-79282.56289696693,-75489.72146036848,5,-46.372885920107365,-75444.20685031265,2121,80642167180.0,2721
1,43156974.34218082,43076478.962005615,-80495.38017520308,-75462.63412220031,5,-19.285547751933336,-75444.20685031265,2122,80652798480.0,2721
2,54599654.70595279,54517845.08262634,-81809.62332645059,-75442.4902985841,5,10.930187672376633,-75444.20685031265,2123,80664239890.0,2721
2,55751086.28117207,55669140.66722107,-81945.61395099759,-75444.20685031265,5,8.355360079556704,-75444.20685031265,2124,80665391190.0,2721
0,67268084.2880036,67184836.5027771,-83247.78522649407,-75403.32460677624,5,50.09587948024273,-75444.20685031265,2125,80676906930.0,2721
1,6924713.921320688,6871196.993637085,-53516.92768360302,-52709.40289330203,1,,-52709.40289330203,2141,81117441060.0,2722
0,69189841.06837064,69100635.29515076,-89205.77321988344,-81137.20713403821,1,,-81137.20713403821,2151,81680575570.0,2723
1,18462763.072798423,18346593.14215088,-116169.93064754456,-114016.8974611722,5,-13.404515681788325,-114007.01493887231,2163,82130664470.0,2724
2,18751355.73777488,18635162.035446167,-116193.70232871175,-114007.01493887231,5,-3.4198962934315205,-114007.01493887231,2164,82130953040.0,2724
3,33612352.48167013,33494435.04786682,-117917.43380330503,-113997.7328311503,5,9.384204810485244,-114007.01493887231,2165,82145812370.0,2724
2,42807561.75724982,42688569.78695679,-118991.97029303014,-113999.9709521085,5,7.146083852276206,-114007.01493887231,2166,82155006540.0,2724
1,76794482.05678639,76671519.45715332,-122962.59963306785,-114007.21913304925,5,-3.7261875588446856,-114007.01493887231,2167,82188989620.0,2724
3,39969767.64393437,39897961.73400879,-71805.90992558002,-67144.83964862674,1,,-67144.83964862674,2175,82653046770.0,2725
2,496586.7725470987,435098.205947876,-61488.566599222715,-61430.65718463552,3,-100.08065426559187,-61409.93509288691,2185,83114445580.0,2726
1,11622160.794731468,11559395.542572021,-62765.25215944648,-61409.93509288691,3,-68.99751664267387,-61409.93509288691,2186,83125569920.0,2726
3,79654944.82731545,79584404.65628052,-70540.17103493214,-61251.21796785295,3,169.07817090826575,-61409.93509288691,2187,83193595190.0,2726
1,19636965.911872204,19534982.053329468,-101983.85854273662,-99693.89581498876,3,-92.42894146591425,-99601.53261818737,2196,83634414530.0,2727
2,61497114.54383573,61390341.53163147,-106773.01220425963,-99601.53261818737,3,46.11585373617709,-99601.53261818737,2197,83676270050.0,2727
2,63416190.84612851,63309194.17253113,-106996.67359738052,-99601.40112885833,3,46.31308772973716,-99601.53261818737,2198,83678188910.0,2727
2,18588811.55310704,18544085.209136963,-44726.34397007525,-42558.61165334284,3,-33.57504019141197,-42531.99266976118,2217,84134225550.0,2728
1,69552602.64008196,69501959.77792358,-50642.862158373,-42531.99266976118,3,6.353435181081295,-42531.99266976118,2218,84185183620.0,2728
1,77406284.46763143,77354739.66130066,-51544.806330770254,-42518.08055654168,3,27.221605010330677,-42531.99266976118,2219,84193036430.0,2728
0,53352686.68913089,53271195.036346436,-81491.65278445184,-75269.93480156362,1,,-75269.93480156362,2230,84669844570.0,2729
3,4646220.530466627,4560268.039016724,-85952.4914499037,-85410.67292827368,3,-107.60722609236836,-85305.79320438951,2251,85622873490.0,2731
0,49540298.813030146,49449215.88305664,-91082.92997350544,-85305.79320438951,3,49.712359733879566,-85305.79320438951,2252,85667762610.0,2731
3,54649339.556588076,54557666.29136658,-91673.2652214989,-85300.3381999731,3,57.8948663584888,-85305.79320438951,2253,85672871080.0,2731
3,17564423.51344239,17487639.705215454,-76783.80822693557,-74735.53481439874,1,,-74735.53481439874,2260,86136631760.0,2732
3,16391454.360757742,16264825.497177124,-126628.86358061805,-124717.3758432474,1,,-124717.3758432474,2270,86636276910.0,2733
1,10853557.123902295,10808297.85987854,-45259.264023754746,-43993.57759394869,2,-101.6966378800571,-43942.72927500866,2278,87131601290.0,2734
1,54317937.347929776,54267711.18638611,-50226.16154366732,-43891.880956068635,2,101.6966378800571,-43942.72927500866,2279,87175060870.0,2734
3,24314914.73353499,24245493.478530884,-69421.25500410795,-66585.77376336977,1,,-66585.77376336977,2290,87645893450.0,2735
1,76920377.28556317,76854462.76828003,-65914.51728314161,-56944.45552417636,1,,-56944.45552417636,2297,88199383390.0,2736
0,25410047.696737677,25331411.572418213,-78636.12431946397,-75672.93426266313,1,,-75672.93426266313,2305,88648701230.0,2737
3,33088229.386356473,33012415.213912964,-75814.1724435091,-71955.59203134477,3,-17.713499154895544,-71955.59203134477,2319,89157251000.0,2738
1,35481166.008965515,35405066.037734985,-76099.97123052925,-71962.33876418322,3,-27.833598412573338,-71955.59203134477,2320,89159643660.0,2738
2,50269064.870369196,50191289.330322266,-77775.54004693031,-71913.41830019653,3,45.54709756746888,-71955.59203134477,2321,89174429940.0,2738
2,66000387.88347209,65975352.06716919,-25035.816302902997,-17339.187966920435,1,,-17339.187966920435,2334,89691038000.0,2739
1,24607066.98530647,24542377.05470276,-64689.9306037128,-61820.38005866483,3,-22.532356176525354,-61797.93410948664,2354,90651371780.0,2741
3,31917248.810162187,31851729.022232056,-65519.78793013096,-61797.76129548997,3,11.39578858576715,-61797.93410948664,2355,90658681160.0,2741
2,36975529.45682677,36909419.62521362,-66109.83161314577,-61797.93410948664,3,11.136567590758204,-61797.93410948664,2356,90663738870.0,2741
2,68640413.26824893,68593133.1655426,-47280.102706328034,-39275.60808598995,1,,-39275.60808598995,2367,91196303730.0,2742
1,2095943.9025021116,2097363.4011688232,1419.4986667116173,1663.9169458753895,1,,1663.9169458753895,2386,91630646490.0,2743
2,39555332.872624844,39442225.00430298,-113107.8683218658,-108495.12731245905,2,-45.855509512126446,-108472.19955770299,2400,92168931400.0,2744
2,57291107.260949776,57175976.99266052,-115130.26828925312,-108449.27180294693,2,45.855509512126446,-108472.19955770299,2401,92186665220.0,2744
2,69389835.79561687,69306875.69773865,-82960.0978782177,-74868.20942816138,1,,-74868.20942816138,2413,92699631110.0,2745
1,26672871.67383106,26614364.693328857,-58506.98050220311,-55396.52635927871,3,-84.08307507634163,-55322.63033283502,2429,93157764420.0,2746
1,65676326.594577216,65613345.12628174,-62981.46829547733,-55322.63033283502,3,26.760964589193463,-55322.63033283502,2430,93196763550.0,2746
1,75992639.69616513,75928475.56619263,-64164.12997250259,-55302.256235569715,3,57.322110487148166,-55322.63033283502,2431,93207078720.0,2746
1,11990655.682206761,11881293.2787323,-109362.40347446129,-107964.11441510543,3,-83.16146254912019,-107930.96798507869,2457,94144799230.0,2748
1,25602387.669366952,25491471.081619263,-110916.58774768934,-107930.96798507869,3,-33.441817509010434,-107930.96798507869,2458,94158409460.0,2748
0,64805478.97100994,64690090.748931885,-115388.22207805514,-107830.93792003393,3,116.60328005813062,-107930.96798507869,2459,94197608230.0,2748
1,8318770.3915687855,8295395.339813232,-23375.05175555311,-22404.95921565313,3,-25.845701527781785,-22382.66322105378,2475,95142922120.0,2750
1,23175553.64633484,23150468.368347168,-25085.27798767388,-22382.66322105378,3,7.598290371242911,-22382.66322105378,2476,95157777250.0,2750
1,25888062.464150436,25862667.966644287,-25394.497506149113,-22375.563807196915,3,18.247411156538874,-22382.66322105378,2477,95160489460.0,2750
1,40250908.04199433,40246853.8346405,-4054.2073538303375,639.6480812579393,3,-52.91668826714158,686.9972526803613,2492,95675759590.0,2751
2,55853360.340188816,55847534.00366211,-5826.336526706815,686.9972526803613,3,18.107068866491318,686.9972526803613,2493,95691360330.0,2751
1,67898447.65234597,67891227.81425476,-7219.838091209531,698.1322863698006,3,34.80961940065026,686.9972526803613,2494,95703404070.0,2751
1,39066844.53348082,39030031.49267578,-36813.04080504179,-32257.264812260866,1,,-32257.264812260866,2505,96175439660.0,2752
1,21243895.614038084,21198940.734451294,-44954.87958678976,-42477.524919748306,1,,-42477.524919748306,2518,96658540470.0,2753
1,9205268.489867326,9105084.253860474,-100184.23600685224,-99110.76458385773,1,,-99110.76458385773,2529,97147305320.0,2754
2,3694997.5380863324,3683850.3771362305,-11147.160950101912,-10716.269198325928,3,-26.962865251582116,-10716.269198325928,2542,97642692130.0,2755
2,7205846.167764435,7194286.914077759,-11559.253686675802,-10718.94468883425,3,-30.976101014064625,-10716.269198325928,2543,97646202580.0,2755
0,26994368.64415652,26980561.030700684,-13807.61345583573,-10659.667977314442,3,57.93896626564674,-10716.269198325928,2544,97665988930.0,2755
3,57456482.55517371,57446670.59335327,-9811.961820438504,-3111.680111475289,2,-22.44970727711916,-3100.4552578367293,2568,98698138870.0,2757
3,71511735.25944936,71500306.69551086,-11428.563938498497,-3089.2304041981697,2,22.44970727711916,-3100.4552578367293,2569,98712192560.0,2757
2,25407052.776349388,25430220.4453125,23167.668963111937,26130.509767584503,3,-83.78929096460342,26199.58997271955,2580,99167000250.0,2758
3,53712375.97560454,53732311.90246582,19935.926861278713,26199.58997271955,3,19.83101673796773,26199.58997271955,2581,99195302450.0,2758
1,72331156.38692084,72348950.50482178,17794.117900937796,26229.008144378662,3,63.958274226635695,26199.58997271955,2582,99213919160.0,2758
1,35862388.56612984,35887865.076675415,25476.51054557413,29658.59924058616,2,-17.408022470772266,29667.303251821548,2591,99678420880.0,2759
2,42491168.7531368,42515889.657196045,24720.904059246182,29676.007263056934,2,17.408022470772266,29667.303251821548,2592,99685048930.0,2759
1,34752597.81540844,34854755.891708374,102158.07629993558,106210.74686253071,3,-39.2582131177187,106234.12567178905,2603,100178320760.0,2760
3,42880461.09846626,42981694.72364807,101233.62518180907,106234.12567178905,3,-4.189999230206013,106234.12567178905,2604,100186447730.0,2760
2,53365761.87375234,53465804.51548767,100042.64173533022,106265.8844795078,3,43.44821234792471,106234.12567178905,2605,100196931880.0,2760
3,22550677.129063357,22581543.032730103,30865.90366674587,33495.648523602635,3,-76.7310207374394,33545.72693142295,2619,100667184270.0,2761
1,43170772.58875869,43199283.96055603,28511.371797338128,33545.72693142295,3,-1.6134090069681406,33545.72693142295,2620,100687802090.0,2761
1,70651908.61107513,70677268.57829285,25359.967217713594,33599.0321572572,3,78.34442974440753,33545.72693142295,2621,100715280180.0,2761
1,1736722.6000749278,1647546.044052124,-89176.55602280376,-88974.0282982837,3,-169.27160240965895,-88810.77931569517,2633,101147216210.0,2762
3,75234598.45488186,75137014.20072937,-97584.25415249169,-88810.77931569517,3,75.60187147313263,-88810.77931569517,2634,101220705960.0,2762
0,76151289.79421765,76053610.68544006,-97679.10877758265,-88798.7340760529,3,93.66973093652632,-88810.77931569517,2635,101221622560.0,2762
2,30004578.579891536,29955272.551437378,-49306.028454158455,-45807.04765854776,1,,-45807.04765854776,2646,101676399950.0,2763
1,27120798.40071238,27130152.565063477,9354.16435109824,12516.85342247039,2,-6.420500203967094,12520.063672572374,2661,102174422820.0,2764
1,33980825.65536022,33989386.2588501,8560.603489875793,12523.273922674358,2,6.420500203967094,12520.063672572374,2662,102181282080.0,2764
3,1106920.4724854091,1105179.3504333496,-1741.1220520595089,-1612.038636833895,2,-152.1506620501168,-1535.9633058088366,2677,102649298740.0,2765
0,70160176.16055036,70150534.55096436,-9641.609586000443,-1459.8879747837782,2,152.1506620501168,-1535.9633058088366,2678,102718344360.0,2765
1,38582399.73449888,38567606.55276489,-14793.181733988225,-10293.899220816791,1,,-10293.899220816791,2689,103187688160.0,2766
3,830731.109918836,750436.8359527588,-80294.27396607725,-80197.39834450558,2,-132.35412510111928,-80131.22128195502,2703,103650700670.0,2767
1,60474935.43998878,60387818.117492676,-87117.32249610126,-80065.04421940446,2,132.35412510111928,-80131.22128195502,2704,103710338280.0,2767
3,28610723.506185114,28646628.41859436,35904.91240924597,39241.34894109517,2,-84.33988665789366,39283.51888442412,2727,104680237930.0,2769
1,73613284.56336921,73644025.8467102,30741.283340990543,39325.68882775307,2,84.33988665789366,39283.51888442412,2728,104725235500.0,2769
1,20789794.36568147,20713551.55467224,-76242.81100922823,-73818.41131180897,2,-137.50851901248097,-73749.65705230273,2733,105173274680.0,2770
0,69774141.32059927,69692323.71360779,-81817.60699148476,-73680.90279279649,2,137.50851901248097,-73749.65705230273,2734,105222253640.0,2770
0,58575101.97132035,58520275.616241455,-54826.35507889837,-47995.62568362057,1,,-47995.62568362057,2748,105711961550.0,2771
1,13852436.837846825,13847980.197738647,-4456.640108177438,-2841.2396339140832,1,,-2841.2396339140832,2757,106168116860.0,2772
2,21430591.370269567,21517613.45576477,87022.08549520373,89521.21166834608,2,-30.063126746565104,89536.24323171936,2769,106676766620.0,2773
0,31004711.07807702,31090646.741729736,85935.66365271807,89551.27479509264,2,30.063126746565104,89536.24323171936,2770,106686339690.0,2773
2,11593700.016576193,11511602.338638306,-82097.67793788761,-80745.67982199788,2,-29.684855349361897,-80730.8373943232,2784,107167783420.0,2774
1,29084952.998445913,29000845.26472473,-84107.73372118175,-80715.99496664852,2,29.684855349361897,-80730.8373943232,2785,107185272730.0,2774
2,10987949.819351315,10993545.48173523,5595.662383913994,6877.021003855392,3,-81.46873038820922,6917.09570325166,2797,107668119250.0,2775
0,29573685.847335774,29577154.210754395,3468.3634186200798,6917.09570325166,3,-21.356681293807924,6917.09570325166,2798,107686702930.0,2775
0,73492836.26909804,73491265.79344177,-1570.4756562709808,6999.883765235543,3,102.82541168201715,6917.09570325166,2799,107730617210.0,2775
1,39355786.54047662,39287626.133743286,-68160.40673333406,-63570.935798600316,1,,-63570.935798600316,2808,108197265280.0,2776
2,64807184.47074208,64835603.47064209,28418.99990001321,35976.48294471204,1,,35976.48294471204,2816,108723625260.0,2777
1,23861567.231733844,23886589.346679688,25022.114945843816,27804.729115035385,5,-96.40934314206243,27896.016086272895,2827,109183614970.0,2778
2,26902086.405726787,26926747.687210083,24661.281483296305,27798.465478226542,5,-102.67297995090485,27896.016086272895,2828,109186655140.0,2778
0,54237071.69958131,54258642.865219116,21571.165637806058,27896.016086272895,5,40.52111371420324,27896.016086272895,2829,109213987140.0,2778
3,65967384.401697114,65987597.882888794,20213.481191679835,27906.260830082,5,55.88822942785919,27896.016086272895,2830,109225716140.0,2778
0,76812118.5883079,76831106.29637146,18987.708063557744,27945.145245850086,5,94.7726451959461,27896.016086272895,2831,109236559690.0,2778
2,26259287.19358422,26288526.722686768,29239.529102548957,32301.753134530038,5,-41.180330101400614,32341.675489000976,2847,109687019030.0,2779
2,32208663.45359432,32237223.90853882,28560.454944498837,32316.464867331088,5,-26.468597300350666,32341.675489000976,2848,109692967750.0,2779
3,43235069.28705856,43262371.62541199,27302.338353425264,32344.1914402619,5,15.121262095868587,32341.675489000976,2849,109703992940.0,2779
3,44330485.34424682,44357657.42481995,27172.080573126674,32341.675489000976,5,11.347335204482079,32341.675489000976,2850,109705088230.0,2779
2,74047735.44393611,74071523.46760559,23788.023669481277,32423.092600271106,5,94.02242210507393,32341.675489000976,2851,109734802210.0,2779
2,10100329.593636569,10116345.56401062,16015.970374051481,17193.819254128262,3,-84.40635376982391,17274.525917999446,2860,110171788740.0,2780
0,48075264.307619825,48086939.94099426,11675.63337443769,17281.925297796726,3,47.75271173287183,17274.525917999446,2861,110209759480.0,2780
3,49277007.2398192,49288535.33268738,11528.092868179083,17274.525917999446,3,36.65364203695208,17274.525917999446,2862,110210961080.0,2780
2,30936800.252049096,30973679.936340332,36879.6842912361,40487.37601972744,3,-31.008171271532774,40506.399049296975,3119,120711599520.0,2801
2,51779071.82429916,51813540.012298584,34468.18799942732,40506.399049296975,3,-2.4736269172281027,40506.399049296975,3120,120732439460.0,2801
2,69298073.6502851,69330522.83200073,32449.181715637445,40530.36933270097,3,33.48179818876088,40506.399049296975,3121,120749956510.0,2801
3,37873731.644171506,37896126.37904358,22394.734872072935,26811.376129947603,2,-17.32956851273775,26820.04091420397,3131,121219418890.0,2802
0,67253867.81186636,67272853.71479797,18985.90293161571,26828.70569846034,2,17.32956851273775,26820.04091420397,3132,121248795730.0,2802
0,21002177.018960953,20994830.06277466,-7346.956186294556,-4897.789507959038,1,,-4897.789507959038,3145,121703447450.0,2803
1,7463057.6965564415,7496964.264419556,33906.56786311418,34776.87155650742,4,0.8127732966095209,34776.46516985912,3163,122691625310.0,2805
2,19733622.38594786,19766097.2104187,32474.824470840394,34776.058783210814,4,-0.8127732966095209,34776.46516985912,3164,122703894490.0,2805
0,32518086.02518386,32549078.18572998,30992.160546120256,34784.25374980271,4,8.194966591894627,34776.46516985912,3165,122716677520.0,2805
1,75365003.44954437,75390983.88049316,25980.430948793888,34769.11295041442,4,-7.758606093004346,34776.46516985912,3166,122759519590.0,2805
2,27229098.77296078,27179239.72506714,-49859.047893639654,-46683.729385674,2,-2.4572227001190186,-46682.50077432394,3176,123212216590.0,2806
3,31115774.655773636,31065464.82080078,-50309.834972854704,-46681.27216297388,2,2.4572227001190186,-46682.50077432394,3177,123216102830.0,2806
1,737286.1155780996,783844.3149414062,46558.19936330663,46644.17790662823,1,,46644.17790662823,3187,123686621990.0,2807
1,76101214.9250669,76140687.46540833,39472.54034142196,48347.07556731999,1,,48347.07556731999,3202,124763727860.0,2809
2,2512745.3855899274,2477210.8132781982,-35534.57231172919,-35241.5487711709,4,-16.481055160984397,-35229.736352761276,3214,125191001190.0,2810
3,9497836.02162573,9461494.02748108,-36341.994144650176,-35234.40498951264,4,-9.337273502722383,-35229.736352761276,3215,125197985500.0,2810
0,37423136.1049761,37383546.94215393,-39589.162822172046,-35225.067716009915,4,9.337273502722383,-35229.736352761276,3216,125225907660.0,2810
2,56851644.07749441,56809792.43952942,-41851.637964993715,-35221.889431901276,4,12.515557611361146,-35229.736352761276,3217,125245333980.0,2810
0,170804.0711047455,158368.80178833008,-12435.269316415419,-12415.351017512585,2,-73.88486170044052,-12378.408586662365,3227,125689552100.0,2811
0,63554168.57386249,63534415.74497986,-19752.82888263464,-12341.466155812144,2,73.88486170044052,-12378.408586662365,3228,125752928390.0,2811
1,46153945.86190316,46190559.48239136,36613.62048819661,41995.858061790466,1,,41995.858061790466,3235,126236421460.0,2812
0,7009382.188467212,6971454.754394531,-37927.43407268077,-37110.03570125438,3,-82.75817668996751,-37048.42637744546,3253,126698133150.0,2813
3,37608241.52408239,37566807.41654968,-41434.10753270984,-37048.42637744546,3,9.655809023417532,-37048.42637744546,3254,126728728620.0,2813
3,56859270.36090337,56815633.59436035,-43636.76654301584,-37006.12867168337,3,73.10236766654998,-37048.42637744546,3255,126747977520.0,2813
0,50771637.39027022,50728744.28230286,-42893.10796736181,-36972.378778740764,1,,-36972.378778740764,3264,127242695600.0,2814
1,20595609.071165055,20584297.04321289,-11312.027952164412,-8910.273152574897,2,-79.42859502136707,-8870.558855064213,3273,127713405950.0,2815
0,49843498.22475864,49828854.88586426,-14643.33889438212,-8830.84455755353,2,79.42859502136707,-8870.558855064213,3274,127742650620.0,2815
0,63989447.88601545,64051515.62272644,62067.736710987985,69529.85948930681,1,,69529.85948930681,3282,128257694200.0,2816
2,51206954.5843965,51183225.674316406,-23728.910080090165,-17757.416422367096,1,,-17757.416422367096,3295,128745798790.0,2817
3,456394.40222588554,525955.2159729004,69560.81374701485,69614.03613253712,6,-50.85230103851063,69659.99934233539,3307,129195967310.0,2818
1,1355721.729121687,1425171.7673339844,69450.03821229748,69608.13556006597,6,-56.75287350965664,69659.99934233539,3308,129196866530.0,2818
0,15928238.245436393,15996035.885848999,67797.6404126063,69655.11025109515,6,-9.778182480484247,69659.99934233539,3309,129211437450.0,2818
2,21641862.85087973,21709003.975738525,67141.1248587966,69664.88843357563,6,9.778182480484247,69659.99934233539,3310,129217150440.0,2818
1,45869848.557410866,45934211.068374634,64362.51096376777,69711.61855988204,6,56.50830878689885,69659.99934233539,3311,129241375740.0,2818
0,77943349.43671787,78004068.07557678,60718.638858914375,69807.99440838397,6,152.88415728881955,69659.99934233539,3312,129273445720.0,2818
3,54193869.39845383,54165475.29142761,-28394.107026219368,-22074.294609583914,4,-23.32865586131811,-22062.28427184373,3328,130251450750.0,2820
1,58260467.33812022,58231599.69721985,-28867.64090037346,-22073.602589964867,4,-22.63663624227047,-22062.28427184373,3329,130255516890.0,2820
2,63448839.84703635,63419389.80125427,-29450.045782074332,-22050.965953722596,4,22.63663624227047,-22062.28427184373,3330,130260704700.0,2820
3,71428291.19508755,71397929.2023468,-30361.992740750313,-22032.390027299523,4,41.212562665343285,-22062.28427184373,3331,130268683270.0,2820
0,1725317.8315826752,1693253.5404052734,-32064.291177401785,-31863.093418767676,4,-60.18770721368492,-31832.999565160833,3344,130699870360.0,2821
2,9809510.472291842,9776502.539901733,-33007.932390108705,-31863.997351476923,4,-61.09163992293179,-31832.999565160833,3345,130707953640.0,2821
3,43762298.582316324,43725392.34072876,-36906.24158756435,-31802.90571155399,4,60.18770721368492,-31832.999565160833,3346,130741902660.0,2821
2,57467771.043350786,57429289.78419495,-38481.25915583968,-31779.661041006446,4,83.43237776122987,-31832.999565160833,3347,130755606610.0,2821
3,13698788.405882124,13768084.424499512,69296.01861738786,70893.50139581412,2,-61.52374353259802,70924.26326758042,3377,132214578840.0,2824
3,36999844.77945684,37066485.07156372,66640.29210688174,70955.02513934672,2,61.52374353259802,70924.26326758042,3378,132237877330.0,2824
3,29467692.74645147,29471909.093048096,4216.346596624702,7652.718506872654,3,-69.43272180855274,7710.583835080266,3390,132731204710.0,2825
1,71108661.15724221,71108079.4119873,-581.7452549040318,7710.583835080266,3,17.365270502865314,7710.583835080266,3391,132772841040.0,2825
3,76608968.3480402,76607768.31982422,-1200.0282159745693,7733.718622282147,3,52.06745130568743,7710.583835080266,3392,132778340750.0,2825
2,28517123.18741688,28516001.815246582,-1121.3721702992916,2204.1491701565683,4,-61.331013198941946,2260.4963332004845,3402,133231128800.0,2826
3,55517536.935682826,55513318.276397705,-4218.659285120666,2255.512483045459,4,-9.967700310051441,2260.4963332004845,3403,133258126220.0,2826
2,61204068.29602948,61199196.470184326,-4871.82584515214,2265.4801833555102,4,9.967700310051441,2260.4963332004845,3404,133263812120.0,2826
2,61509582.15031575,61504675.29864502,-4906.851670727134,2266.081823974848,4,10.569340929389,2260.4963332004845,3405,133264117600.0,2826
3,45455218.00451686,45446278.0413208,-8939.963196061552,-3639.2076985388994,1,,-3639.2076985388994,3416,133748913030.0,2827
1,29378145.806724243,29423643.515441895,45497.708717651665,48923.63812088221,2,-38.318797528743744,48942.797519646585,3440,134734673120.0,2829
3,36979154.731022,37023804.36767578,44649.63665378094,48961.95691841096,2,38.318797528743744,48942.797519646585,3441,134742273310.0,2829
2,68957817.71063136,68999446.75402832,41629.04339696467,49670.552103191614,1,,49670.552103191614,3453,135275139060.0,2830
2,57535072.60502275,57553353.6968689,18281.09184614569,24990.538325555623,4,-34.96572871506214,25021.35741743818,3463,135764575740.0,2831
0,61928421.415190056,61946216.84957886,17795.434388801455,25017.210780605674,4,-8.293273665010929,25021.35741743818,3464,135768968620.0,2831
0,65671975.320595115,65689342.49411011,17367.173514992,25025.504054270685,4,8.293273665010929,25021.35741743818,3465,135772711760.0,2831
2,74477085.31552856,74493428.72909546,16343.41356690228,25028.551088109612,4,11.340307503938675,25021.35741743818,3466,135781515880.0,2831
0,42734436.12904215,42687244.26296997,-47191.86607217789,-42208.394268743694,1,,-42208.394268743694,3503,137252249480.0,2834
1,9613433.387061004,9631532.227294922,18098.84023391828,19219.909763745964,3,-73.93959979340434,19289.14810397476,3510,137720038570.0,2835
3,38995797.897114016,39010539.55432129,14741.657207272947,19289.14810397476,3,29.917910549789667,19289.14810397476,3511,137749417690.0,2835
1,46993300.45439853,47007118.88619995,13818.43180142343,19298.550623103976,3,44.021689243614674,19289.14810397476,3512,137757414300.0,2835
0,78801991.12614354,78783850.04330444,-18141.082839101553,-8951.596878752112,1,,-8951.596878752112,3520,138290079090.0,2836
3,3684604.9967005635,3667177.237335205,-17427.75936535839,-16998.07953870995,2,-49.03607516689226,-16973.561501126504,3531,138715828050.0,2837
3,27359496.019129958,27339356.450897217,-20139.568232741207,-16949.043463543057,2,49.03607516689226,-16973.561501126504,3532,138739500320.0,2837
2,47535632.565294415,47682361.63479614,146729.06950172782,152272.43232584745,2,-53.63794542104006,152299.25129855797,3542,139260685260.0,2838
3,65381841.62600353,65526543.199645996,144701.5736424625,152326.0702712685,2,53.63794542104006,152299.25129855797,3543,139278529510.0,2838
2,9404523.378668971,9438002.765960693,33479.387291722,34576.09480275214,4,-7.252681475132704,34582.6633623587,3552,139723476660.0,2839
3,10262904.302576479,10296289.4743042,33385.17172772065,34581.97924049012,4,-1.3682437371462584,34582.6633623587,3553,139724334950.0,2839
2,24154369.616424818,24186136.20462036,31766.588195543736,34583.34748422727,4,1.3682437371462584,34582.6633623587,3554,139738224850.0,2839
2,50444960.58386001,50473675.387908936,28714.80404892564,34597.437855906785,4,15.458615416660905,34582.6633623587,3555,139764512490.0,2839
0,60452441.73224374,60461939.96963501,9498.237391270697,16547.89256658405,2,8.522737689316273,16543.631197739393,3570,140275424570.0,2840
3,73864242.84046829,73872168.53933716,7925.698868870735,16539.369828894734,2,-8.522737689316273,16543.631197739393,3571,140288834850.0,2840
0,75503012.43370551,75516635.06188965,13622.628184139729,22427.404089018703,1,,22427.404089018703,3578,140791418460.0,2841
3,29658801.49648945,29642026.21221924,-16775.284270212054,-13316.626233048737,1,,-13316.626233048737,3586,141246382460.0,2842
2,75742909.77641207,75763218.45526123,20308.67884916067,29141.430357590318,1,,29141.430357590318,3596,141793365910.0,2843
1,6569228.083861627,6573038.901641846,3810.8177802190185,4576.887626733631,3,-9.534719729796052,4585.298073608428,3605,142225046250.0,2844
0,23291365.59925244,23293234.777160645,1869.177908204496,4585.298073608428,3,3.0809505823999643,4585.298073608428,3606,142241766510.0,2844
2,50226971.15340304,50225701.48703003,-1269.6663730069995,4587.546619318426,3,6.453769147396088,4585.298073608428,3607,142268699080.0,2844
2,663214.6974451027,719682.364074707,56467.6666296043,56545.00734224077,3,-10.431877240538597,56549.23771305196,3621,142720083880.0,2845
2,10500079.870581921,10555404.642578125,55324.77199620381,56549.23771305196,3,-4.086321023758501,56549.23771305196,3622,142729919640.0,2845
1,51392619.33590297,51443187.83169556,50568.49579259008,56561.64072591066,3,14.518198264297098,56549.23771305196,3623,142770807580.0,2845
1,8441226.106834691,8419205.8805542,-22020.2262804918,-21035.853580152616,6,-9.758057229220867,-21027.48694458045,3635,143228666250.0,2846
3,11067242.511368215,11044925.810516357,-22316.700851857662,-21026.095522923395,6,2.7828433141112328,-21027.48694458045,3636,143231291980.0,2846
2,11354627.705585659,11332274.708496094,-22352.9970895648,-21028.878366237506,6,-2.7828433141112328,-21027.48694458045,3637,143231579330.0,2846
0,39536870.22001332,39511246.6378479,-25623.582165420055,-21012.99417632073,6,15.88418991677463,-21027.48694458045,3638,143259758410.0,2846
1,57120220.10759637,57092509.21102905,-27710.896567314863,-21049.8280685395,6,-23.7325456161052,-21027.48694458045,3639,143277339740.0,2846
0,69482567.52621004,69453441.80496216,-29125.72124788165,-21023.018896743655,6,5.859469493851066,-21027.48694458045,3640,143289700720.0,2846
3,19368782.360087097,19448930.225250244,80147.86516314745,82406.55369402841,1,,82406.55369402841,3658,144241317010.0,2848
1,65625540.66990831,65635275.91308594,9735.243177630007,17388.158744975924,1,,17388.158744975924,3670,144788445230.0,2849
1,8499353.607497025,8533866.111083984,34512.503586959094,35503.654819713905,3,-36.76912592537701,35526.29739447683,3681,145232184690.0,2850
2,37196507.43528999,37227696.06585693,31188.630566947162,35526.29739447683,3,-2.805263780988753,35526.29739447683,3682,145260878630.0,2850
2,56523888.9278315,56552851.950927734,28963.023096233606,35554.550496801734,3,39.574389706365764,35526.29739447683,3683,145280203860.0,2850
1,36505772.77989611,36508691.76068115,2918.9807850420475,7176.097662910819,2,-11.41709166020155,7181.80620874092,3695,145761070600.0,2851
1,53844596.8386413,53845505.271362305,908.43272100389,7187.514754571021,2,11.41709166020155,7181.80620874092,3696,145778407480.0,2851
2,21417711.964553915,21381402.998199463,-36308.96635445207,-33811.34211185947,1,,-33811.34211185947,3710,146246779990.0,2852
1,1204409.445189552,1166785.718902588,-37623.726286964025,-37483.2742053743,4,-8.732412907062098,-37475.8260741774,3727,146727409200.0,2853
2,22088298.570300374,22048245.63531494,-40052.934985432774,-37477.11035588756,4,-2.5685634203255177,-37475.8260741774,3728,146748290740.0,2853
0,26780430.866869073,26739867.64224243,-40563.22462664172,-37440.22747965902,4,36.882876228541136,-37475.8260741774,3729,146752982380.0,2853
3,47969534.892488346,47926466.38839722,-43068.50409112871,-37474.54179246724,4,2.5685634203255177,-37475.8260741774,3730,146774169060.0,2853
3,6980975.980127612,6989554.838500977,8578.858373364434,9392.944157773629,6,8.0494339261204,9388.919440810569,3740,147234009080.0,2854
0,16021222.950012336,16028760.171783447,7537.221771111712,9405.535011207685,6,20.640287360176444,9388.919440810569,3741,147243048320.0,2854
2,36696186.2875358,36701300.889434814,5114.601899012923,9393.923828177154,6,9.029104329645634,9388.919440810569,3742,147263720940.0,2854
2,72880506.19115987,72881392.13327026,885.942110389471,9384.894723847508,6,-8.0494339261204,9388.919440810569,3743,147299901170.0,2854
1,73877009.58109687,73877778.3119812,768.7308843284845,9383.890636473894,6,-9.053521299734712,9388.919440810569,3744,147300897560.0,2854
3,79799588.30899256,79799665.60061646,77.29162389039993,9383.112275481224,6,-9.83188229240477,9388.919440810569,3745,147306819470.0,2854
2,71109228.09274963,71115564.18841553,6336.095665901899,14628.490869015455,1,,14628.490869015455,3755,147798956200.0,2855
3,12072521.63044927,12057365.77709961,-15155.853349661455,-13748.017501307651,2,-5.724713368341327,-13745.15514462348,3766,148240768560.0,2856
3,49731023.038640544,49711481.36779785,-19541.670842692256,-13742.29278793931,2,5.724713368341327,-13745.15514462348,3767,148278422820.0,2856
1,2390362.4800577024,2396658.1446533203,6295.664595617913,6574.4164664368145,3,-36.359981157351285,6607.013520114124,3782,148731919720.0,2857
3,43121976.07613394,43123561.95077515,1585.8746412098408,6614.539375074208,3,23.824381798738614,6607.013520114124,3783,148772646780.0,2857
1,48360684.42454831,48361651.86190796,967.4373596459627,6607.013520114124,3,12.535599358612671,6607.013520114124,3784,148777884890.0,2857
0,39254636.59019702,39313931.80493164,59295.214734621346,63872.89007847011,1,,63872.89007847011,3801,149269668240.0,2858
0,71531742.73401998,71495285.37979126,-36457.35422872007,-28115.687524870038,3,14.95648217946291,-28122.455230280757,3812,149802745590.0,2859
3,77803133.1679909,77765921.33096313,-37211.83702775836,-28138.832783818245,3,-19.761406242847443,-28122.455230280757,3813,149809016250.0,2859
0,79284313.83820428,79246945.65100098,-37368.18720330298,-28122.455230280757,3,4.804924063384533,-28122.455230280757,3814,149810497280.0,2859
1,36807030.11725497,36810951.38793945,3921.270684480667,8213.518655262887,2,-66.48045232146978,8246.758881423622,4104,160787485400.0,2881
3,69416921.3863047,69417106.3383789,184.95207419991493,8279.999107584357,2,66.48045232146978,8246.758881423622,4105,160820091680.0,2881
3,11192996.581474993,11276604.56463623,83607.98316123709,84913.25328791514,2,-79.19857548549771,84952.85257565789,4123,161262780780.0,2882
1,49461803.3458928,49541027.81472778,79224.46883498132,84992.45186340064,2,79.19857548549771,84952.85257565789,4124,161301045350.0,2882
2,26443318.61768037,26473559.04260254,30240.424922168255,33324.10975943878,2,-67.7205497212708,33357.97003429942,4135,161778934850.0,2883
0,66589858.63129008,66615485.0921936,25626.460903525352,33391.830309160054,2,67.7205497212708,33357.97003429942,4136,161819076930.0,2883
1,25646207.098519094,25718401.12249756,72194.0239784643,75184.75373922661,3,-35.97805755585432,75220.64032615721,4146,162279026410.0,2884
0,33676346.66954288,33747640.3291626,71293.65961971879,75220.82326740772,3,18.126234715804458,75220.64032615721,4147,162287055680.0,2884
3,50073706.14978755,50143087.45010376,69381.30031620711,75220.64032615721,3,17.851822840049863,75220.64032615721,4148,162303451190.0,2884
1,36251837.8776543,36334143.50393677,82305.62628246844,86533.13056825101,1,,86533.13056825101,4158,162790512210.0,2885
0,14052742.296514219,14049889.824279785,-2852.472234433517,-1213.713160039857,5,2.5923774633556604,-1213.713160039857,4165,163269159840.0,2886
3,36437861.305360556,36432383.98400879,-5477.321351766586,-1228.1239634007215,5,-16.981800469569862,-1213.713160039857,4166,163291542420.0,2886
0,44767601.18210854,44761172.04180908,-6429.140299454331,-1208.5711658224463,5,10.305368789471686,-1213.713160039857,4167,163299871240.0,2886
2,56512861.28358047,56505047.0022583,-7814.281322166324,-1224.039909183979,5,-12.897746252827346,-1213.713160039857,4168,163311615160.0,2886
3,74301751.79781142,74291878.78704834,-9873.010763078928,-1208.3197417259216,5,10.556792885996401,-1213.713160039857,4169,163329402060.0,2886
1,48745319.96620884,48824593.76742554,79273.80121669918,84958.23161066324,3,-14.379875242710114,84971.892095536,4184,163804748630.0,2887
0,49839289.68375886,49918449.57229614,79159.88853728026,84971.892095536,3,6.110852066427469,84971.892095536,4185,163805842490.0,2887
0,68323622.91160786,68400628.69033813,77005.77873027325,84973.3308762759,3,8.269023176282644,84971.892095536,4186,163824324740.0,2887
3,6393958.509231955,6409465.285858154,15506.776626199484,16252.407429584302,3,-10.541077594272792,16256.903734475374,4194,164263267100.0,2888
0,52934010.71926895,52944106.81842041,10096.099151462317,16268.993279881775,3,14.337697851937264,16256.903734475374,4195,164309801920.0,2888
2,62607303.76466422,62616259.72421265,8955.959548428655,16256.903734475374,3,-3.796620257664472,16256.903734475374,4196,164319474110.0,2888
0,23369941.536848947,23392921.32272339,22979.785874441266,25705.069164600223,4,19.623433273285627,25692.80750446394,4203,164781100670.0,2889
1,29413912.11498885,29436158.145965576,22246.030976727605,25676.131264258176,4,-24.038013342767954,25692.80750446394,4204,164787143930.0,2889
0,52655319.24721606,52674879.02194214,19559.774726077914,25700.169277600944,4,14.723546274006367,25692.80750446394,4205,164810382740.0,2889
3,57592180.75098473,57611150.09057617,18969.33959144354,25685.445731326938,4,-14.723546274006367,25692.80750446394,4206,164815319030.0,2889
1,2264678.8838248537,2267513.30670166,2834.422876806464,3098.5181681844406,2,-29.136289939749986,3113.0863131543156,4216,165260878990.0,2890
0,32048068.72379641,32047459.096069336,-609.627727072686,3127.6544581241906,2,29.136289939749986,3113.0863131543156,4217,165290659050.0,2890
0,18336113.61800836,18360720.310424805,24606.69241644442,26744.95638988167,2,-25.893250159919262,26757.90301496163,4243,166779728230.0,2893
3,66283435.23270516,66302476.44647217,19041.213767006993,26770.84964004159,2,25.893250159919262,26757.90301496163,4244,166827670170.0,2893
2,56465861.98633143,56440473.555633545,-25388.430697888136,-18803.670103043318,3,4.335097949951887,-18803.670103043318,4264,167318627970.0,2894
1,58144550.0622728,58118957.118377686,-25592.94389511645,-18812.423265717924,3,-8.794646061956882,-18803.670103043318,4265,167320306460.0,2894
3,59991889.56940152,59966090.034332275,-25799.53506924212,-18803.587136268616,3,4.459548112004995,-18803.670103043318,4266,167322153600.0,2894
3,74157199.02265172,74193688.48028564,36489.457633927464,45137.29164852202,1,,45137.29164852202,4278,167837273030.0,2895
2,48486552.95010865,48532079.90255737,45526.9524487257,51181.20675414801,2,9.142113231122494,51176.635697532445,4288,168312504380.0,2896
1,66087127.088354796,66130592.409576416,43465.321221619844,51172.064640916884,2,-9.142113231122494,51176.635697532445,4289,168330102960.0,2896
0,37907037.028613195,37993773.290252686,86736.26163949072,91156.78680129349,3,-24.584251791238785,91172.12884233892,4300,168802868050.0,2897
0,64345373.407105334,64429041.906951904,83668.4998465702,91172.12884233892,3,-1.5711902230978012,91172.12884233892,4301,168829303420.0,2897
0,71552917.79086399,71635764.26809692,82846.47723293304,91190.61326383054,3,26.155442014336586,91172.12884233892,4302,168836510170.0,2897
1,12009899.449350214,12095382.164215088,85482.71486487426,86883.24803412333,5,-8.360652605071664,86889.80142169073,4331,169778876250.0,2899
2,19219095.950487144,19303744.51904297,84648.56855582446,86889.80142169073,5,0.0009694583714008331,86889.80142169073,4332,169786084640.0,2899
2,35435938.50555794,35518692.33224487,82753.82668693364,86886.18495269865,5,-5.423734029754996,86889.80142169073,4333,169802299650.0,2899
3,39247211.110603124,39329527.71713257,82316.60652944446,86893.41595176607,5,5.4227645713835955,86889.80142169073,4334,169806110500.0,2899
0,69656055.02951887,69734831.1081543,78776.07863542438,86899.01221361756,5,11.01902642287314,86889.80142169073,4335,169836515920.0,2899
2,60634955.27162085,60715078.63760376,80123.36598291248,87194.30495554954,1,,87194.30495554954,4352,170328407110.0,2900
0,8370063.906042365,8422642.9664917,52579.06044933386,53555.13457706384,2,7.371833110228181,53551.44866050873,4372,171277961260.0,2902
0,17080453.637330353,17132009.5647583,51555.92742794752,53547.762743953615,2,-7.371833110228181,53551.44866050873,4373,171286670660.0,2902
2,55304756.044252045,55353421.84448242,48665.80023037642,55115.158577121794,3,-1.7680051252245903,55115.158577121794,4386,171825822140.0,2903
1,57635662.170087285,57684052.90615845,48390.736071161926,55111.91279219091,3,-6.6366825215518475,55115.158577121794,4387,171828152780.0,2903
0,79044386.62248057,79090290.80996704,45904.187486469746,55121.94037230313,3,8.404687646776438,55115.158577121794,4388,171849559100.0,2903
0,45814036.960939266,45840115.270721436,26078.30978216976,31420.908914797008,1,,31420.908914797008,4402,172317218750.0,2904
0,26278895.30883939,26360668.094543457,81772.78570406884,84837.2963343598,1,,84837.2963343598,4428,173299497950.0,2906
2,49136672.27202582,49202687.447906494,66015.17588067055,71745.24378288537,1,,71745.24378288537,4439,173823246170.0,2907
0,66073850.05791097,66056777.72463989,-17072.333271078765,-9367.138151302934,2,0.6938217878341675,-9367.48506219685,4453,174341017190.0,2908
0,75306842.05033687,75288692.31884766,-18149.73148921132,-9367.831973090768,2,-0.6938217878341675,-9367.48506219685,4454,174350249140.0,2908
2,21612398.972964548,21695587.020721436,83188.04775688797,85708.3754046224,3,-11.970804713666439,85710.09960582852,4469,174797507670.0,2909
0,38029548.284690626,38110844.065704346,81295.78101371974,85730.59281284362,3,21.355307618156075,85710.09960582852,4470,174813922990.0,2909
2,53706136.78660683,53785583.950683594,79447.16407676041,85710.09960582852,3,-9.384502904489636,85710.09960582852,4471,174829597790.0,2909
1,26021122.558286093,26016749.03326416,-4373.525021933019,-1339.074534010142,2,-1.156917441636324,-1338.496075289324,4483,175302831730.0,2910
3,53734396.90971379,53726792.761016846,-7604.148696944118,-1337.9176165685058,2,1.156917441636324,-1338.496075289324,4484,175330541880.0,2910
2,20625770.052616023,20643450.65460205,17680.601986028254,20085.874005317688,4,-3.0639472752809525,20087.653105720878,4496,175798349420.0,2911
0,29981166.71286267,29997774.779327393,16608.066464722157,20104.317087907344,4,17.94882905855775,20087.653105720878,4497,175807703780.0,2911
2,72451381.89101559,72463021.91864014,11640.027624547482,20088.93795259297,4,2.5696937441825867,20087.653105720878,4498,175850169190.0,2911
3,78243307.67520225,78254269.70831299,10962.0331107378,20086.368258848786,4,-2.5696937441825867,20087.653105720878,4499,175855960460.0,2911
1,2737997.6996646244,2722754.5924987793,-15243.107165845111,-14923.81585021969,3,-5.107134665362537,-14923.029192313552,4509,176281268720.0,2912
2,44063027.55771531,44042966.123168945,-20061.434546366334,-14923.029192313552,3,-3.9271478061564267,-14923.029192313552,4510,176322589090.0,2912
3,46309482.27231111,46289167.508636475,-20314.763674631715,-14914.388238795102,3,9.034282471518964,-14923.029192313552,4511,176324835300.0,2912
0,36681873.09345689,36744249.36343384,62376.26997695118,66653.92277448624,2,8.616476885974407,66649.61453604326,4522,176816120170.0,2913
3,38152827.60448484,38215023.72277832,62196.118293479085,66645.30629760027,2,-8.616476885974407,66649.61453604326,4523,176817590950.0,2913
0,905318.343732937,943849.4289550781,38531.08522214112,38636.65882618958,2,22.56717402068898,38625.37523917924,4535,177281275410.0,2914
1,6978695.867641458,7016496.139404297,37800.27176283859,38614.09165216889,2,-22.56717402068898,38625.37523917924,4536,177287348080.0,2914
2,64111495.97099331,64153257.9564209,41761.985427588224,49238.34083058685,1,,49238.34083058685,4545,177845393990.0,2915
1,10975676.423166683,11076756.442352295,101080.01918561198,102359.94654474035,3,-18.86119145527482,102375.30608049035,4558,178293230310.0,2916
0,73164807.76229057,73258657.965271,93850.20298042893,102382.3093919009,3,14.683079285547137,102375.30608049035,4559,178355412450.0,2916
0,75529291.43257098,75622858.89822388,93567.46565289795,102375.30608049035,3,4.178112169727683,102375.30608049035,4560,178357776660.0,2916
2,37734198.602246016,37802530.88619995,68332.28395393491,72732.65358071029,3,-2.336031947284937,72733.25017485023,4569,178820866140.0,2917
2,38631949.25415389,38700177.443603516,68228.18944962323,72733.25017485023,3,-1.4411407373845577,72733.25017485023,4570,178821763790.0,2917
2,48339180.558646694,48406280.21920776,67099.66056106985,72736.72905046493,3,3.7771726846694946,72733.25017485023,4571,178831469930.0,2917
0,43007699.31690338,43084837.465911865,77138.1490084827,82153.48737001419,2,-33.19067341089249,82170.08270671964,4590,179327085300.0,2918
0,69290340.2873748,69364446.67962646,74106.39225167036,82186.67804342508,2,33.19067341089249,82170.08270671964,4591,179353365010.0,2918
2,64841205.69220778,64895376.57977295,54170.88756516576,61732.337991043925,1,,61732.337991043925,4610,179849852980.0,2919
2,818674.432219666,907797.1077575684,89122.6755379024,89218.14517126407,2,-12.53825880412478,89224.41430066613,4634,180286726980.0,2920
0,44567115.85146459,44651149.345336914,84033.49387232214,89230.6834300682,2,12.53825880412478,89224.41430066613,4635,180330470500.0,2920
2,28874323.255912308,28880436.612579346,6113.356667038053,9480.532856155187,3,-5.445090554654598,9485.958043158054,4645,180815650640.0,2921
2,38557289.877518356,38562279.48123169,4989.603713333607,9485.958043158054,3,2.692689949646592,9485.958043158054,4646,180825332520.0,2921
3,45641808.83112599,45645972.314208984,4163.483082994819,9485.997850261629,3,2.752400605008006,9485.958043158054,4647,180832416240.0,2921
0,27728719.279818397,27705466.347717285,-23252.93210111186,-20019.350399952382,3,5.643234457820654,-20021.128472447395,4655,181315310610.0,2922
2,34969637.69004996,34945538.58093262,-24099.10911734402,-20021.128472447395,3,2.976125715300441,-20021.128472447395,4656,181322550710.0,2922
1,36391435.77106009,36367163.12878418,-24272.6422759071,-20028.85879637301,3,-8.619360173121095,-20021.128472447395,4657,181323972340.0,2922
3,5844678.665807206,5892381.140838623,47702.47503141686,48384.0516232606,3,10.193425865843892,48373.98266738653,4665,181794356450.0,2923
2,42949723.69778675,42993088.85397339,43365.15618664026,48373.733727402985,3,-5.283417920581996,48373.98266738653,4666,181831457300.0,2923
3,64950484.69886726,64991284.48754883,40799.788681566715,48373.98266738653,3,-4.910007945261896,48373.98266738653,4667,181853455580.0,2923
3,417537.8007865113,472685.0402832031,55147.23949669185,55195.930623697815,2,-3.032547650160268,55197.446897522896,4679,182289801630.0,2924
1,74639015.48057914,74685510.42276001,46494.94218087196,55198.963171347976,2,3.032547650160268,55197.446897522896,4680,182364014740.0,2924
2,50271571.44285919,50326432.78317261,54861.3403134197,60723.75436384231,2,-4.933792434632778,60726.221260059625,4703,183842355220.0,2927
3,58772465.24145903,58826340.1847229,53874.94326387346,60728.68815627694,2,4.933792434632778,60726.221260059625,4704,183850855160.0,2927
2,69833885.3441551,69803217.17721558,-30668.166939526796,-22524.495697766542,2,-8.707071915268898,-22520.142161808908,4712,184362703120.0,2928
0,76437821.43024203,76406391.85305786,-31429.577184170485,-22515.788625851274,2,8.707071915268898,-22520.142161808908,4713,184369306320.0,2928
3,62450041.7425842,62464466.56707764,14424.824493438005,21707.42958521098,1,,21707.42958521098,4730,184856195190.0,2929
3,22600411.86646518,22643645.16067505,43233.294209867716,45868.83887792751,2,0.4216356836259365,45868.6280600857,4752,185818196170.0,2931
0,60584116.09748943,60622919.50436401,38803.40687458217,45868.417242243886,2,-0.4216356836259365,45868.6280600857,4753,185856175590.0,2931
0,71182595.18621516,71189987.88198853,7392.695773363113,15693.646672412753,1,,15693.646672412753,4770,186367662380.0,2932
0,715457.1449451187,756564.1593933105,41107.014448191854,41190.447408384294,2,40.292311503202654,41170.30125263269,4790,187298977680.0,2934
1,44844884.36262503,44880804.93621826,35920.573593229055,41150.15509688109,2,-40.292311503202654,41170.30125263269,4791,187343102090.0,2934
1,1281324.6524510533,1340954.8554992676,59630.20304821432,59779.62458866136,2,16.479997002054006,59771.384590160334,4804,187800473050.0,2935
3,70078100.0459442,70129691.04022217,51590.994277969,59763.14459165931,2,-16.479997002054006,59771.384590160334,4805,187869262050.0,2935
1,9803156.7577287,9906051.1171875,102894.3594588004,104037.55355967209,2,6.665954638272524,104034.22058235295,4821,188309904100.0,2936
2,61135222.66386202,61232124.273864746,96901.61000272632,104030.88760503381,2,-6.665954638272524,104034.22058235295,4822,188361230370.0,2936
1,30526106.870329916,30574944.526000977,48837.655671060085,52397.45443376154,2,-11.671660460531712,52403.2902639918,4828,188831551890.0,2937
0,55476189.073628776,55522128.849731445,45939.77610266954,52409.12609422207,2,11.671660460531712,52403.2902639918,4829,188856499170.0,2937
3,31760252.83723716,31742653.161712646,-17599.67552451417,-13895.956958848983,1,,-13895.956958848983,4841,189333584500.0,2938
3,17554005.158371262,17556898.634155273,2893.475784011185,4940.534261159599,1,,4940.534261159599,4853,189820275620.0,2939
1,26144644.32339589,26200724.80496216,56080.48156626895,59129.33653192222,3,-15.531702250242233,59143.86737283319,4861,190329730360.0,2940
0,48981255.30984242,49034687.23324585,53431.923403427005,59143.86737283319,3,6.264559116214514,59143.86737283319,4862,190352564410.0,2940
0,64974757.05827151,65026325.90286255,51568.84459103644,59145.869095511734,3,9.26714313402772,59143.86737283319,4863,190368556110.0,2940
0,73587257.38642263,73622375.75030518,35118.36388254166,43699.73421278596,1,,43699.73421278596,4869,190878095170.0,2941
1,21192297.534956913,21152432.312561035,-39865.222395878285,-37393.88483343646,1,,-37393.88483343646,4881,191326433090.0,2942
1,8071379.878439473,8074340.812042236,2960.93360276334,3902.176723827608,2,9.77700858283788,3897.288219536189,4903,192315054790.0,2944
2,55185893.23924258,55183350.14178467,-2543.0974579155445,3892.39971524477,2,-9.77700858283788,3897.288219536189,4904,192362163980.0,2944
0,1638299.0649474422,1733641.234954834,95342.17000739183,95533.22008164809,4,27.51690742955543,95509.86220233142,4922,193310475860.0,2946
1,61484220.392462306,61572551.743621826,88331.35115952045,95501.32709547877,4,-12.694134965538979,95509.86220233142,4923,193370315000.0,2946
2,67587025.97383562,67674658.34109497,87632.3672593534,95514.02123044431,4,8.318056225776672,95509.86220233142,4924,193376417130.0,2946
3,74916460.90700999,75003230.23492432,86769.32791432738,95505.70317421854,4,-8.318056225776672,95509.86220233142,4925,193383745730.0,2946
0,21398711.839804113,21405736.54321289,7024.703408777714,9520.111953809857,1,,9520.111953809857,4934,193831106880.0,2947
3,34027781.59741773,33991945.494262695,-35836.1031550318,-31867.956959955394,2,2.196271874010563,-31869.0550958924,4942,194344530130.0,2948
3,78050168.64688882,78009196.68139648,-40971.96549233794,-31870.153231829405,2,-2.196271874010563,-31869.0550958924,4943,194388547550.0,2948
2,15054116.484944379,15124865.338562012,70748.85361763276,72504.38783836737,1,,72504.38783836737,4950,194826430850.0,2949
2,9710213.303387271,9751034.866699219,40821.56331194751,41953.91882160306,3,-1.4322223849594593,41953.91882160306,4958,195321972840.0,2950
0,22032095.890181445,22071487.615875244,39391.725693799555,41960.99625367671,3,9.183925725519657,41953.91882160306,4959,195334293340.0,2950
3,56244205.628873974,56279596.42254639,35390.793672412634,41949.705834299326,3,-7.751703340560198,41953.91882160306,4960,195368501580.0,2950
3,18492717.27921319,18558385.98425293,65668.70503973961,67825.23133276403,2,-0.35031065717339516,67825.40648809262,4973,195831702210.0,2951
3,22215066.736186586,22280301.710144043,65234.97395745665,67825.5816434212,2,0.35031065717339516,67825.40648809262,4974,195835424140.0,2951
1,62073919.84304118,62099603.89215088,25684.049109697342,32922.79278545827,1,,32922.79278545827,4985,196376165580.0,2952
2,31413619.033432454,31473232.313812256,59613.28037980199,63276.5762806572,2,-4.085551980882883,63278.61905664764,4994,196846442900.0,2953
2,32849346.869516812,32908796.80819702,59449.93868020922,63280.661832638085,2,4.085551980882883,63278.61905664764,4995,196847878470.0,2953
3,51264321.42896172,51231773.54675293,-32547.882208786905,-26569.698722474277,2,2.3459747061133385,-26570.871709827334,5006,197367093550.0,2954
1,71950496.7657332,71915534.22137451,-34962.54435868561,-26572.04469718039,2,-2.3459747061133385,-26570.871709827334,5007,197387777390.0,2954
1,11577909.538151428,11570982.735565186,-6926.802586242557,-5576.645875344053,6,-14.018472271040082,-5566.446875881404,5021,197828305440.0,2955
2,16576198.912201738,16568693.568572998,-7505.343628739938,-5572.31192480959,6,-9.684521736577153,-5566.446875881404,5022,197833303170.0,2955
1,37912103.1339723,37902111.75167847,-9991.382293835282,-5570.2663486897945,6,-7.638945616781712,-5566.446875881404,5023,197854636670.0,2955
0,50074580.88721086,50063185.112091064,-11395.775119796395,-5556.333102434874,6,13.93324625492096,-5566.446875881404,5024,197866797790.0,2955
3,51981603.42310843,51969987.79922485,-11615.623883575201,-5553.794632472098,6,16.471716217696667,-5566.446875881404,5025,197868704600.0,2955
3,66162871.62203717,66149593.418273926,-13278.203763246536,-5562.627403073013,6,7.638945616781712,-5566.446875881404,5026,197882884260.0,2955
0,30375159.661196765,30381325.371002197,6165.709805432707,9707.905875112861,2,18.874705880880356,9698.468522172421,5058,198848702800.0,2957
2,33352414.311302945,33358213.954162598,5799.642859652638,9689.031169231981,2,-18.874705880880356,9698.468522172421,5059,198851679700.0,2957
1,37261028.98180474,37380679.66894531,119650.68714056909,123995.87814150006,2,-1.6240901723504066,123996.69018658623,5071,199356559910.0,2958
1,46612762.0479438,46731323.80780029,118561.75985649228,123997.5022316724,2,1.6240901723504066,123996.69018658623,5072,199365910590.0,2958
2,477019.31421740726,514947.7160949707,37928.40187756345,37984.02943504235,2,-4.397862311161589,37986.22836619793,5085,199820676950.0,2959
2,709271.1097489616,747176.8254699707,37905.715721009066,37988.42729735351,2,4.397862311161589,37986.22836619793,5086,199820909180.0,2959
2,38671798.48826741,38751896.05505371,80097.56678630412,84607.27452580631,2,-23.52782302349806,84619.03843731806,5100,200359812990.0,2960
1,62647898.9895231,62725224.11367798,77325.12415488064,84630.8023488298,2,23.52782302349806,84619.03843731806,5101,200383786410.0,2960
2,43530110.42606363,43540078.753082275,9968.327018648386,15044.58629707992,1,,15044.58629707992,5365,210883372540.0,2981
2,66310849.616134584,66275632.770355225,-35216.84577935934,-27484.012980863452,2,-25.954228535294533,-27471.035866595805,5389,212408736920.0,2984
0,71786121.16397065,71750291.77420044,-35829.38977020979,-27458.058752328157,2,25.954228535294533,-27471.035866595805,5390,212414211600.0,2984
1,4686305.413627069,4696306.123168945,10000.709541875869,10547.202557966113,2,-22.66336254775524,10558.53423923999,5400,212848003310.0,2985
0,12938903.479763303,12947964.47680664,9060.997043337673,10569.865920513868,2,22.66336254775524,10558.53423923999,5401,212856255000.0,2985
3,24400518.495411314,24490471.50326538,89953.00785406679,92798.47176855057,1,,92798.47176855057,5414,213368615600.0,2986
3,3712851.7495319303,3725201.9489746094,12350.199442679062,12783.173261457123,2,17.07768797222525,12774.63441747101,5428,213848795020.0,2987
2,79115672.77179183,79119212.80145264,3540.02966080606,12766.095573484898,2,-17.07768797222525,12774.63441747101,5429,213924189320.0,2987
2,6139364.244431019,6174747.817871094,35383.57344007492,36099.5147598749,2,-7.694239013828337,36103.36187938182,5438,214352070560.0,2988
0,74009590.96725973,74037067.55554199,27476.58828225732,36107.20899888873,2,7.694239013828337,36103.36187938182,5439,214419933140.0,2988
0,8176665.092246156,8188551.265655518,11886.173409361392,12839.694354631007,3,12.261479638516903,12829.617711141706,5449,214854934420.0,2989
1,40543609.88880178,40551707.148010254,8097.259208470583,12825.248038843274,3,-9.407994043081999,12829.617711141706,5450,214887297700.0,2989
3,69933270.09056857,69937944.44729614,4674.356727570295,12829.617711141706,3,-2.853485595434904,12829.617711141706,5451,214916684050.0,2989
1,20863158.762454674,20909185.59411621,46026.83166153729,48459.78674041852,3,-11.120401680469513,48466.3798334077,5457,215368520000.0,2990
3,27763550.3968125,27808779.133117676,45228.73630517721,48466.3798334077,3,-1.2307621967047453,48466.3798334077,5458,215375419620.0,2990
3,30272994.357754543,30317939.510131836,44945.152377292514,48475.434450790286,3,12.351163877174258,48466.3798334077,5459,215377928790.0,2990
3,23517328.267502442,23581422.237854004,64093.970351561904,66836.44112991169,4,2.682341445237398,66835.09995918907,5472,215872115000.0,2991
3,25009831.80902628,25073756.514526367,63924.70550008863,66841.22442296892,4,7.465634502470493,66835.09995918907,5473,215873607340.0,2991
1,64057793.11119127,64117156.77713013,59363.66593885422,66833.75878846645,4,-2.682341445237398,66835.09995918907,5474,215912650890.0,2991
0,68174163.13600229,68233040.99209595,58877.85609366,66827.97900354862,4,-8.462126363068819,66835.09995918907,5475,215916766790.0,2991
1,47523725.82881306,47476917.72769165,-46808.10112141073,-41266.12680011988,3,-9.200914960354567,-41257.02807737887,5487,216396870620.0,2992
2,48834354.54301144,48787402.70178223,-46951.841229215264,-41257.02807737887,3,4.447169151157141,-41257.02807737887,5488,216398181110.0,2992
2,61864013.82607791,61815542.73687744,-48471.08920046687,-41256.823692940176,3,4.753745809197426,-41257.02807737887,5489,216411209300.0,2992
3,17563184.17393437,17572595.632476807,9411.458542436361,11459.587429523468,2,-5.220440328121185,11462.197649687529,5502,216867804200.0,2993
2,66770288.540064365,66773966.93771362,3678.397649258375,11464.80786985159,2,5.220440328121185,11462.197649687529,5503,216917005760.0,2993
0,52533148.6308128,52576684.71160889,43536.0807960853,49662.228433944285,4,18.15262359380722,49651.83588273451,5513,217403618280.0,2994
2,53732672.065974474,53776050.111846924,43378.045872449875,49644.07581035048,4,-15.520144768059254,49651.83588273451,5514,217404817650.0,2994
2,76736096.83386676,76776791.9005127,40695.06664593518,49643.638559281826,4,-15.95739583671093,49651.83588273451,5515,217427818480.0,2994
0,79190937.73382017,79231362.48684692,40424.753026753664,49659.59595511854,4,15.520144768059254,49651.83588273451,5516,217430273060.0,2994
0,17112807.241252206,17120991.620056152,8184.378803946078,10179.987032093108,2,8.016829445958138,10175.978617370129,5527,217869075220.0,2995
3,44548069.41219701,44553046.41394043,4977.0017434209585,10171.97020264715,2,-8.016829445958138,10175.978617370129,5528,217896507380.0,2995
1,73708616.1020866,73706457.66622925,-2158.4358573555946,6437.086706832051,2,-22.040586695075035,6448.107000179589,5542,218426539880.0,2996
0,77885665.14978531,77883041.64837646,-2623.5014088451862,6459.127293527126,2,22.040586695075035,6448.107000179589,5543,218430716480.0,2996
1,32308292.352755897,32334075.28866577,25782.935909874737,29550.56404637173,3,0.4950335696339607,29550.56404637173,5558,218886074220.0,2997
1,52919839.58030218,52943216.24945068,23376.669148504734,29547.910711027682,3,-3.4849694464355707,29550.56404637173,5559,218906683440.0,2997
3,64624555.32374664,64646571.36529541,22016.041548773646,29552.227314576507,3,2.98993587680161,29550.56404637173,5560,218918386840.0,2997
1,14087385.105457935,14168903.991363525,81518.88590558991,83161.68484752998,1,,83161.68484752998,5568,219368794100.0,2998
2,50077034.21592775,50132492.84967041,55458.633742660284,61298.361854694784,2,-1.453454628586769,61299.08858200908,5583,219905708740.0,2999
2,59915302.32421279,59969615.122802734,54312.79858994484,61299.81530932337,2,1.453454628586769,61299.08858200908,5584,219915545900.0,2999
2,32668114.510619327,32725506.392303467,57391.88168413937,61201.470443971455,4,-1.0639726668596268,61202.002430304885,5600,220389252600.0,3000
3,46620525.47167492,46676292.888916016,55767.4172410965,61204.064947120845,4,2.5945031493902206,61202.002430304885,5601,220403203440.0,3000
1,55029678.40720485,55084460.64230347,54782.23509861529,61199.51529546082,4,-3.019121177494526,61202.002430304885,5602,220411611640.0,3000
2,63953961.87045177,64007706.420288086,53744.549836315215,61202.534416638315,4,1.0639726668596268,61202.002430304885,5603,220420534920.0,3000
3,66645681.096607745,66693410.07635498,47728.979747235775,55500.858883835375,2,-0.1649784967303276,55500.94137308374,5628,221425021340.0,3002
3,70747013.48069015,70794264.3489685,47250.868278354406,55501.023862332106,2,0.1649784967303276,55500.94137308374,5629,221429122210.0,3002
0,40801911.00088125,40815580.30133057,13669.300449319184,18427.411036878824,3,-2.526411421597004,18429.273178704083,5644,221900043380.0,3003
0,46235551.94578461,46248589.464904785,13037.519120171666,18429.273178704083,3,0.2668013162910938,18429.273178704083,5645,221905476410.0,3003
0,61499552.094099164,61510810.93197632,11258.83787715435,18430.60171789676,3,2.25961010530591,18429.273178704083,5646,221920738690.0,3003
0,51584869.11267321,51622409.95776367,37540.84509046376,43556.40921141207,1,,43556.40921141207,5660,222411718220.0,3004
0,9037706.478398927,9032988.209442139,-4718.268956787884,-3664.3377602510154,3,17.78656081482768,-3669.1481643021107,5668,222870045500.0,3005
0,27685984.445169207,27679086.69882202,-6897.746347185224,-3669.1481643021107,3,10.57095473818481,-3669.1481643021107,5669,222888691670.0,3005
1,52772989.714808784,52763140.49765015,-9849.21715863794,-3695.1004778295755,3,-28.35751555301249,-3669.1481643021107,5670,222913775820.0,3005
2,70275036.98402166,70253012.6885376,-22024.29548406601,-13829.179389923811,1,,-13829.179389923811,5686,223432090720.0,3006
0,2435228.5311005795,2452657.785095215,17429.253994635306,17713.23791530775,3,6.297971800435334,17708.466976091266,5701,223865166010.0,3007
2,3564903.761124165,3582193.4531555176,17289.69203135278,17705.41291092336,3,-5.439534776145592,17708.466976091266,5702,223866295550.0,3007
3,68097298.68281111,68107065.99041748,9767.307606369257,17708.466976091266,3,-0.8584370242897421,17708.466976091266,5703,223930820670.0,3007
2,35928571.51831646,35999504.3420105,70932.82369403541,75122.63030710071,2,-2.273411676287651,75123.76701293886,5716,224399551770.0,3008
2,40177998.49606913,40248438.046691895,70439.55062276125,75124.903718777,2,2.273411676287651,75123.76701293886,5717,224403800720.0,3008
2,4792602.863575152,4772734.92388916,-19867.939685991965,-19309.050803883933,8,-5.834361939691007,-19303.659871365875,5724,224869265810.0,3009
0,6037497.599336065,6017500.150024414,-19997.44931165129,-19293.387160023674,8,10.716140763834119,-19303.659871365875,5725,224870510580.0,3009
3,19687387.75272893,19665787.806762695,-21599.945966236293,-19304.10330078751,8,-0.886858843266964,-19303.659871365875,5726,224884158920.0,3009
2,34668726.46408272,34645380.35772705,-23346.106355667114,-19303.21644194424,8,0.886858843266964,-19303.659871365875,5727,224899138570.0,3009
1,44366842.123383544,44342353.16836548,-24488.95501806587,-19315.120360188186,8,-11.903918243944645,-19303.659871365875,5728,224908835580.0,3009
3,56426585.38761027,56400706.92272949,-25878.464880779386,-19298.284522391856,8,5.818778395652771,-19303.659871365875,5729,224920893980.0,3009
1,66809181.41659199,66782077.10861206,-27104.307979926467,-19313.362270601094,8,-10.145828656852245,-19303.659871365875,5730,224931275390.0,3009
0,73357418.18237948,73329571.99795532,-27846.18442416191,-19291.616768687963,8,12.486532099545002,-19303.659871365875,5731,224937822910.0,3009
3,1265182.0127477525,1349253.5082092285,84071.49546147604,84219.03452968085,3,1.4630980477668345,84218.86050735414,5745,225366618380.0,3010
2,56086687.544756085,56164363.28390503,77675.73914894462,84216.28235591203,3,-2.665162605466321,84218.86050735414,5746,225421433700.0,3010
2,75228463.77976379,75303909.88082886,75446.10106506944,84218.86050735414,3,1.2020645576994866,84218.86050735414,5747,225440573320.0,3010
2,13064889.599519778,13071849.3727417,6959.773221921176,8483.333957286552,2,-11.330500429496169,8488.9992075013,5764,225879281950.0,3011
0,26692985.248173136,26698367.112945557,5381.8647724203765,8494.664457716048,2,11.330500429496169,8488.9992075013,5765,225892908520.0,3011
1,10682032.05245205,10759123.50567627,77091.45322421938,78337.13727574237,2,-4.528392381966114,78339.40147193335,5774,226377795200.0,3012
1,13061305.858985651,13138124.381835938,76818.52285028622,78341.66566812433,2,4.528392381966114,78339.40147193335,5775,226380174210.0,3012
2,51191237.03084673,51186511.29470825,-4725.7361384779215,1243.9246183857322,1,,1243.9246183857322,5782,226919160600.0,3013
1,19709556.014225118,19750187.106384277,40631.09215915948,42929.51997410506,1,,42929.51997410506,5795,227388553980.0,3014
0,6897465.456466758,6965746.206695557,68280.75022879895,69085.09744221903,4,2.257184850051999,69083.96884979401,5819,228377540500.0,3016
2,14583926.725025017,14651296.731445312,67370.00642029569,69070.70951131172,4,-14.387930907309055,69083.96884979401,5820,228385226080.0,3016
0,34171400.36946836,34236511.61917114,65111.24970278144,69096.14398594946,4,13.303728580474854,69083.96884979401,5821,228404811370.0,3016
1,56933260.76016413,56995704.33416748,62443.574003353715,69082.84025736898,4,-2.257184850051999,69083.96884979401,5822,228427570650.0,3016
2,24707417.3763758,24672323.110931396,-35094.26544440538,-32213.012548986822,2,-30.28839746490121,-32197.86835025437,5832,228896190890.0,3017
3,56866694.01722151,56827879.789489746,-38814.22773176432,-32182.72415152192,2,30.28839746490121,-32197.86835025437,5833,228928346570.0,3017
0,21640076.016095765,21766019.711791992,125943.69569622725,128467.25089945272,2,11.201795671135187,128461.65000161715,5848,229394060640.0,3018
1,43703675.554885164,43827035.10443115,123359.54954598844,128456.04910378158,2,-11.201795671135187,128461.65000161715,5849,229416121740.0,3018
3,25064668.199182883,25089763.4347229,25095.235540017486,28018.149202805012,3,-15.695039784535766,28018.149202805012,5860,229898417230.0,3019
1,26971736.356415786,26996606.1217041,24869.765288315713,28015.07150496915,3,-20.31158653832972,28018.149202805012,5861,229900324080.0,3019
2,64861282.00096678,64881770.82632446,20488.825357683003,28052.616980209947,3,36.006626322865486,28018.149202805012,5862,229938209390.0,3019
3,34117849.63714135,34213613.63793945,95764.0007981062,99742.65026821941,3,-8.755278702825308,99742.65026821941,5875,230408385020.0,3020
0,48280216.09692784,48374349.3293457,94133.23241786659,99763.42477271706,3,22.40647804364562,99742.65026821941,5876,230422545810.0,3020
1,66317134.342547566,66409140.16317749,92005.82062992454,99739.38632112741,3,-13.651199340820312,99742.65026821941,5877,230440580670.0,3020
2,5241748.990072029,5262779.303741455,21030.313669426367,21641.57968014013,2,-12.257228051312268,21647.708294165786,5886,230880423900.0,3021
3,66908161.48252794,66922012.83117676,13851.348648816347,21653.836908191442,2,12.257228051312268,21647.708294165786,5887,230942083370.0,3021
2,58584982.11731385,58648451.76296997,63469.64565612376,70301.52722359449,2,-0.04131395369768143,70301.54788057134,5897,231434651890.0,3022
1,70560312.65607476,70622385.84112549,62073.18505072594,70301.56853754818,2,0.04131395369768143,70301.54788057134,5898,231446625870.0,3022
3,68500098.52388205,68518494.73233032,18396.208448275924,26384.340279370546,2,12.027325361967087,26378.326616689563,5909,231945462900.0,3023
1,69047242.25823331,69065562.63424683,18320.37601351738,26372.31295400858,2,-12.027325361967087,26378.326616689563,5910,231946009970.0,3023
2,26987463.770718247,26975621.242279053,-11842.528439193964,-8695.388171765953,1,,-8695.388171765953,5919,232404765820.0,3024
3,21988319.53943853,22040311.360595703,51991.82115717232,54555.98674248159,4,-23.972912192344666,54567.97319857776,5934,232900675420.0,3025
1,57487769.10939215,57535615.23068237,47846.12129022181,54550.05147743225,4,-29.908177241683006,54567.97319857776,5935,232936170860.0,3025
0,67496507.98857713,67543216.8500061,46708.86142897606,54579.959654673934,4,23.972912192344666,54567.97319857776,5936,232946178500.0,3025
0,77606706.58023623,77652238.0803833,45531.50014707446,54581.59812501073,4,25.61138252913952,54567.97319857776,5937,232956287560.0,3025
0,45289087.81056909,45245323.296295166,-43764.514273926616,-38483.1320316121,1,,-38483.1320316121,5954,233424793290.0,3026
0,60617648.7577464,60670109.21304321,52460.45529681444,59529.376072146,2,26.52011213451624,59516.11601607874,5980,234942882970.0,3029
1,77660787.40637487,77711233.85772705,50446.45135217905,59502.85596001148,2,-26.52011213451624,59516.11601607874,5981,234959924160.0,3029
2,55881003.32057205,55879314.68481445,-1688.6357575953007,4827.921605058014,2,-20.80172023922205,4838.322465177625,5993,235438961150.0,3030
0,76717782.49469313,76713684.78182983,-4097.71286329627,4848.723325297236,2,20.80172023922205,4838.322465177625,5994,235459795600.0,3030
3,21601694.37408207,21617047.364837646,15352.99075557664,17872.0700876303,2,10.650467198342085,17866.74485403113,6006,235905520640.0,3031
1,36737712.06755662,36751289.32272339,13577.255166769028,17861.41962043196,2,-10.650467198342085,17866.74485403113,6007,235920654940.0,3031
3,32349104.791715898,32338279.326965332,-10825.464750565588,-7053.077275764197,3,-7.7509397380054,-7051.819308787584,6017,236417115770.0,3032
0,40373995.596473664,40362248.55383301,-11747.042640656233,-7038.833363264799,3,13.61492901109159,-7051.819308787584,6018,236425139770.0,3032
1,77495005.09697944,77478916.20574951,-16088.89122992754,-7051.819308787584,3,-5.86398927308619,-7051.819308787584,6019,236462256580.0,3032
2,56156775.28610337,56214238.98403931,57463.697935938835,64012.41441753507,1,,64012.41441753507,6035,236941827790.0,3033
0,21083357.441789456,21037748.751983643,-45608.689805813134,-43150.05628095195,2,6.7032926343381405,-43153.407927269116,6045,237407582110.0,3034
2,42716503.93547371,42668365.79525757,-48138.14021614194,-43156.759573586285,2,-6.7032926343381405,-43153.407927269116,6046,237429212810.0,3034
3,6375516.1282080235,6431690.051361084,56173.92315306049,56917.40330010932,3,10.90898126643151,56914.61130082607,6057,237893796860.0,3035
0,37707282.52279995,37759799.903289795,52517.380489848554,56914.61130082607,3,6.7209823415614665,56914.61130082607,6058,237925125090.0,3035
0,46455195.348110616,46506676.35769653,51481.009585916996,56898.3773368597,3,-17.629963607992977,56914.61130082607,6059,237933872000.0,3035
3,28015078.853766587,28068770.203552246,53691.34978565946,56958.32527860999,2,-21.095408976078033,56968.87298309803,6068,238416293800.0,3036
0,78854031.38501023,78901815.25106812,47783.86605788767,56979.42068758607,2,21.095408976078033,56968.87298309803,6069,238467127040.0,3036
2,4042546.5146436905,4134070.8418273926,91524.32718370203,91995.74832306057,2,-18.613771177828312,92005.05520864949,6087,238893294050.0,3037
2,41824999.01297878,41912135.95718384,87136.9442050606,92014.3620942384,2,18.613771177828312,92005.05520864949,6088,238931072260.0,3037
0,2450749.8203990487,2418400.4473876953,-32349.373011353426,-32063.57907715114,3,6.570549167227,-32070.069955199957,6099,239392466310.0,3038
2,39781886.68334335,39745177.29348755,-36709.38985580206,-32070.229297436774,3,-3.4047812612261623,-32070.069955199957,6100,239429793230.0,3038
2,66012424.80909881,65972656.7071228,-39768.10197600722,-32070.069955199957,3,-3.1657679060008377,-32070.069955199957,6101,239456020810.0,3038
3,39432545.89355113,39447101.6194458,14555.725894667208,19154.14811334014,1,,19154.14811334014,6108,239930342130.0,3039
2,9782014.603395764,9755678.712646484,-26335.89074927941,-25195.16213852726,5,-6.355899365618825,-25191.81528478861,6128,240401487330.0,3040
0,29117030.817029517,29088454.568481445,-28576.24854807183,-25180.769042078406,5,12.719669579528272,-25191.81528478861,6129,240420820180.0,3040
3,31728870.04083553,31699974.55291748,-28895.487918049097,-25195.429053910077,5,-6.6228147484362125,-25191.81528478861,6130,240423431710.0,3040
2,33876788.66970904,33847646.31625366,-29142.353455379605,-25191.81528478861,5,-1.3356187576428056,-25191.81528478861,6131,240425579390.0,3040
3,47938268.50798884,47907492.3946228,-30776.113366037607,-25185.797193534672,5,7.6915181232616305,-25191.81528478861,6132,240439639290.0,3040
0,3870836.3675824516,3903920.2651672363,33083.897584784776,33535.29476328753,3,-0.06762087531387806,33535.29476328753,6148,240896501470.0,3041
2,73124354.50439042,73149364.69830322,25010.193912804127,33537.5828718245,3,3.3645419301465154,33535.29476328753,6149,240965747180.0,3041
2,78447659.30873017,78472044.28503418,24384.976304009557,33533.14189650118,3,-3.2969210548326373,33535.29476328753,6150,240971069880.0,3041
2,13015370.704025459,13003712.444763184,-11658.25926227495,-10140.473167732358,4,-11.524267837405205,-10134.711033813655,6161,241406475410.0,3042
0,24717878.006232217,24704877.56903076,-13000.437201455235,-10117.964440781623,4,22.508726950734854,-10134.711033813655,6162,241418176620.0,3042
1,74887444.65415016,74868565.18362427,-18879.47052589059,-10146.478993296623,4,-17.530093401670456,-10134.711033813655,6163,241468340500.0,3042
3,79746835.16697419,79727406.54922485,-19428.61774933338,-10128.948899894953,4,11.524267837405205,-10134.711033813655,6164,241473199360.0,3042
3,14788020.115669765,14868400.61694336,80380.5012735948,82105.00469403341,5,0.3420494571328163,82105.00469403341,6193,242910939660.0,3045
2,23862443.44680949,23941765.81918335,79322.37237386033,82105.08872278035,5,0.4680925775319338,82105.00469403341,6194,242920013060.0,3045
1,41289289.7020081,41366578.992370605,77289.2903625071,82104.23656637222,5,-0.8101420346647501,82105.00469403341,6195,242937437940.0,3045
2,48138872.44646411,48215362.72622681,76490.2797627002,82103.9893425256,5,-1.057365881279111,82105.00469403341,6196,242944286750.0,3045
3,70803929.25509998,70877785.81237793,73856.55727794766,82113.35008901358,5,8.729458810761571,82105.00469403341,6197,242966949260.0,3045
2,3351780.852472129,3396273.4396972656,44492.58722513681,44883.454798986204,2,-9.506508107297122,44888.20805303985,6206,243400407650.0,3046
0,24447430.517315306,24489472.544067383,42042.02675207704,44892.9613070935,2,9.506508107297122,44888.20805303985,6207,243421500930.0,3046
1,10692924.23364277,10742533.471191406,49609.23754863627,50856.19179072976,1,,50856.19179072976,6227,244409489620.0,3048
1,31446923.931694683,31498332.856933594,51408.92523891106,55076.104986999184,4,1.0354987792670727,55075.58723760955,6244,244931143420.0,3049
1,55140587.14303753,55189231.99871826,48644.85568073392,55075.06948821992,4,-1.0354987792670727,55075.58723760955,6245,244954834410.0,3049
2,72860128.23464605,72906704.04953003,46575.814883977175,55072.3911241591,4,-3.7138628400862217,55075.58723760955,6246,244972551950.0,3049
0,79142472.63632758,79188339.9584961,45867.32216851413,55096.5133446008,4,21.44385638087988,55075.58723760955,6247,244978833610.0,3049
2,56199151.53117627,56189579.08779907,-9572.443377196789,-3018.785194210708,1,,-3018.785194210708,6261,245456748810.0,3050
2,67722280.74688295,67777173.72335815,54892.976475209,62790.40316751599,1,,62790.40316751599,6272,245969211330.0,3051
1,15856695.900299251,15837873.863708496,-18822.036590754986,-16972.909655367956,4,-19.076496547088027,-16960.94627559185,6282,246418180760.0,3052
1,57524390.3405134,57500714.08035278,-23676.26016061753,-16968.059392362833,4,-14.226233541965485,-16960.94627559185,6283,246459843760.0,3052
3,65105518.35405572,65080975.008880615,-24543.345175102353,-16951.071955777705,4,16.987436585128307,-16960.94627559185,6284,246467424050.0,3052
2,73919255.13018669,73893681.21081543,-25573.919371262193,-16953.833158820868,4,14.226233541965485,-16960.94627559185,6285,246476236790.0,3052
0,33992606.44278805,34057657.190460205,65050.7476721555,69014.79192025214,2,17.830335721373558,69005.87675239146,6296,246937242470.0,3053
1,56087356.12327273,56149812.46368408,62456.34041135013,68996.96158453077,2,-17.830335721373558,69005.87675239146,6297,246959334710.0,3053
1,22816125.736169487,22885262.94128418,69137.20511469245,71797.90523312613,2,-15.73759089782834,71805.77402857505,6312,247426989970.0,3054
3,39936370.82301676,40003527.290130615,67156.4671138525,71813.64282402396,2,15.73759089782834,71805.77402857505,6313,247444108300.0,3054
0,13892986.76675837,13899502.037963867,6515.271205497906,8135.400405485183,1,,8135.400405485183,6324,247918994000.0,3055
2,39325288.03924386,39295795.707214355,-29492.332029506564,-24906.417674310505,5,-7.844644095748663,-24901.84222918749,6341,248445267320.0,3056
2,46673635.19075651,46643287.5284729,-30347.662283606827,-24904.821193240583,5,-6.248163025826216,-24901.84222918749,6342,248452614840.0,3056
2,53700408.15414114,53669250.58282471,-31157.571316435933,-24895.303831242025,5,8.027879972010851,-24901.84222918749,6343,248459640830.0,3056
0,66669142.94915411,66636480.85153198,-32662.09762212634,-24887.482484042645,5,15.849227171391249,-24901.84222918749,6344,248472608110.0,3056
2,72197080.75082079,72163759.65356445,-33321.097256332636,-24901.84222918749,5,-1.7797169461846352,-24901.84222918749,6345,248478135410.0,3056
3,11537766.540951839,11565353.282714844,27586.741763005033,28932.21720247902,5,-0.6798996459692717,28932.21720247902,6355,248918372740.0,3057
1,62127778.52120784,62149459.28494263,21680.763734787703,28925.7881346792,5,-10.323501345701516,28932.21720247902,6356,248968957040.0,3057
2,67161111.96353474,67182219.98355103,21108.020016282797,28940.00606957078,5,11.003400991670787,28932.21720247902,6357,248973989820.0,3057
1,72671449.52250546,72691898.85308838,20449.330582916737,28923.904074802995,5,-12.207561221905053,28932.21720247902,6358,248979499520.0,3057
0,74683015.48670465,74703261.13919067,20245.652486026287,28954.80453261733,5,25.801864038221538,28932.21720247902,6359,248981510890.0,3057
1,18625177.697823018,18707768.991088867,82591.29326584935,84763.26641674712,1,,84763.26641674712,6404,250428172850.0,3060
0,9439657.59354826,9483169.175598145,43511.5820498839,44612.386733710766,3,11.839896809309721,44602.9587694481,6422,250919893240.0,3061
3,34055518.026868954,34096144.78109741,40626.75422845781,44598.13490435481,3,-9.537847224622965,44602.9587694481,6423,250944506310.0,3061
3,51778321.984173834,51816886.81933594,38564.835162103176,44602.9587694481,3,-2.302049584686756,44602.9587694481,6424,250962227120.0,3061
3,379152.6851962104,374909.3017272949,-4243.3834689154755,-4199.168618152849,4,1.006186549551785,-4199.671711427625,6439,251411628850.0,3062
2,4995564.331168756,4990781.599151611,-4782.732017144561,-4200.174804702401,4,-1.006186549551785,-4199.671711427625,6440,251416244740.0,3062
1,44200281.80162072,44190921.260650635,-9360.540970087051,-4206.129726730287,4,-6.961108577437699,-4199.671711427625,6441,251455445030.0,3062
0,66676387.52195755,66664435.07128906,-11952.450668483973,-4176.990705303848,4,23.18409939855337,-4199.671711427625,6442,251477918630.0,3062
3,37363732.13151753,37419032.31842041,55300.18690288067,59657.35462088138,1,,59657.35462088138,6457,251949545180.0,3063
3,40569133.76016463,40622519.09362793,53385.333463296294,58116.29875725508,1,,58116.29875725508,6471,252453627400.0,3064
3,352403.5910011827,360930.5473022461,8526.956301063416,8568.051809001772,3,-30.120810312160756,8572.262086356059,6477,252914248730.0,3065
1,13868243.69972103,13875198.718017578,6955.018296547234,8572.262086356059,3,-23.80539428073098,8572.262086356059,6478,252927763050.0,3065
1,50639198.91377339,50641917.71203613,2718.798262745142,8624.083152271807,3,53.926204592891736,8572.262086356059,6479,252964529910.0,3065
1,23738018.688920252,23701650.127471924,-36368.5614483282,-33600.35487954691,5,-13.585938962176442,-33591.894005101174,6490,253438459300.0,3066
2,27012829.561820652,26976087.569519043,-36741.99230160937,-33591.894005101174,5,-0.8946272935718298,-33591.894005101174,6491,253441733750.0,3066
0,34676633.63691419,34639008.18103027,-37625.45588392019,-33581.643876068294,5,14.480566255748272,-33591.894005101174,6492,253449396700.0,3066
1,42699477.68886316,42660897.41586304,-38580.27300012112,-33600.87787153572,5,-14.108930950984359,-33591.894005101174,6493,253457418620.0,3066
0,75037172.26422577,74994853.41021729,-42318.85400848091,-33568.4020062834,5,27.722436040639877,-33591.894005101174,6494,253489752700.0,3066
3,6240818.8779839985,6298363.134216309,57544.25623231009,58272.028673599474,3,-0.801921390928328,58272.028673599474,6508,254422776780.0,3068
0,25462532.289440308,25517839.424591064,55307.13515075669,58276.44569285214,3,5.823607488069683,58272.028673599474,6509,254441996330.0,3068
2,62739123.580731906,62790076.479888916,50952.89915701002,58269.215497128665,3,-5.021686097141355,58272.028673599474,6510,254479268710.0,3068
2,21206045.586729668,21270470.73175049,64425.1450208202,66898.08581088111,1,,66898.08581088111,6517,254938638930.0,3069
2,34284742.30086261,34281347.7399292,-3394.5609334111214,603.5507072433829,2,-3.2674655616283417,605.1844400241971,6530,255452568770.0,3070
1,46167659.19103406,46162882.172454834,-4777.0185792297125,606.8181728050113,2,3.2674655616283417,605.1844400241971,6531,255464450350.0,3070
1,69018970.52290139,69078287.38278198,59316.8598805964,67365.49991562963,2,-7.989758402109146,67369.49479483068,6547,255988235860.0,3071
1,77072520.81404246,77130906.49975586,58385.685713395476,67373.48967403173,2,7.989758402109146,67369.49479483068,6548,255996288510.0,3071
1,25023549.4822435,25026919.406188965,3369.923945464194,6288.042553372681,2,-9.11288421601057,6292.598995480686,6558,256445058180.0,3072
1,63553745.81219425,63552631.65420532,-1114.1579889282584,6297.155437588692,2,9.11288421601057,6292.598995480686,6559,256483584040.0,3072
1,10424856.03545275,10442632.45715332,17776.421700570732,18992.115197746083,3,-34.4802965214476,19023.635924676433,6571,256931337710.0,3073
0,15920604.3261314,15937771.382446289,17167.05631488934,19023.635924676433,3,12.800793874077499,19023.635924676433,6572,256936832870.0,3073
0,65544875.04167186,65556261.08798218,11386.046310320497,19029.55506385863,3,21.6795026473701,19023.635924676433,6573,256986451550.0,3073
2,22193878.102581933,22260360.371124268,66482.26854233444,69070.40531800315,2,-13.13842223957181,69076.97452912293,6587,257443988380.0,3074
2,42754593.80554296,42818691.52679443,64097.72125147283,69083.54374024272,2,13.13842223957181,69076.97452912293,6588,257464546790.0,3074
3,25518551.57748549,25551168.553222656,32616.97573716566,35592.81896268204,3,4.66822649538517,35592.81896268204,6605,257948225250.0,3075
0,55019955.69770303,55049135.42401123,29179.726308196783,35595.87269229442,3,9.24882091395557,35592.81896268204,6606,257977723330.0,3075
2,57063421.604149334,57092347.58798218,28925.9838328436,35580.42878007889,3,-13.91704740934074,35592.81896268204,6607,257979766550.0,3075
0,31695600.910790127,31758938.981445312,63338.07065518573,67034.24984320253,2,23.87765296548605,67022.31101671979,6630,258956160790.0,3077
1,38816467.881265275,38878951.67510986,62483.7938445881,67010.37219023705,2,-23.87765296548605,67022.31101671979,6631,258963280830.0,3077
3,3687450.432620234,3800611.1206359863,113160.68801575247,113590.69966261322,3,-11.7397743887268,113594.60933405161,6643,259429119220.0,3078
2,35246045.707325056,35355530.10272217,109484.39539711177,113594.60933405161,3,-5.875267231138423,113594.60933405161,6644,259460674260.0,3078
1,78271872.50796023,78376355.11126709,104482.60330685973,113610.26953995228,3,17.615041619865224,113594.60933405161,6645,259503695250.0,3078
2,15068443.355422426,15082985.138549805,14541.783127378672,16298.98807461746,1,,16298.98807461746,6671,260442376680.0,3080
3,69762573.10314211,69824078.15509033,61505.05194821954,69640.40712043643,3,-4.027591921389103,69640.40712043643,6678,260998023840.0,3081
0,70461213.54798964,70522645.47598267,61431.927993029356,69648.75504772365,3,8.49429900944233,69640.40712043643,6679,260998722410.0,3081
3,78056308.76495644,78116846.3510437,60537.58608725667,69640.11437699199,3,-4.4667070880532265,69640.40712043643,6680,261006316640.0,3081
2,55483603.890946455,55492919.08029175,9315.189345292747,15785.404014989734,1,,15785.404014989734,6695,261985491540.0,3083
2,20617406.63979184,20587612.008514404,-29794.631277434528,-27390.33455665782,2,-5.552669271826744,-27387.558222021908,6705,262451464820.0,3084
1,29090996.74020274,29060219.514770508,-30777.225432232022,-27384.781887385994,2,5.552669271826744,-27387.558222021908,6706,262459937460.0,3084
0,78158635.89780612,78219210.28411865,60574.386312529445,69688.8474701643,1,,69688.8474701643,6720,263009912640.0,3085
0,12968694.777570937,12972173.242706299,3478.4651353619993,4990.808121617883,2,2.6876657120883465,4989.464288761839,6735,263445631370.0,3086
2,33699745.5170852,33700803.74523926,1058.2281540557742,4988.120455905795,2,-2.6876657120883465,4989.464288761839,6736,263466360080.0,3086
0,23725488.47302289,23777304.951812744,51816.478789854795,54583.224148821086,1,,54583.224148821086,6746,263957292480.0,3087
0,20977907.05401942,20988050.632507324,10143.57848790288,12589.914926812053,3,-15.538194015622139,12589.914926812053,6761,264455402160.0,3088
1,26705383.037902683,26714848.66934204,9465.631439357996,12579.876891605556,3,-30.595246825367212,12589.914926812053,6762,264461128980.0,3088
2,53129792.03512101,53136227.33932495,6435.304203942418,12631.029350049794,3,46.13344084098935,12589.914926812053,6763,264487550460.0,3088
0,19580429.58530589,19646506.89944458,66077.31413869187,68360.68388862535,4,4.312833905220032,68358.52747167274,6775,264954923460.0,3089
3,21585830.067582957,21651669.20932007,65839.14173711091,68356.37105472013,4,-4.312833905220032,68358.52747167274,6776,264956928630.0,3089
2,66471642.99965607,66532247.08544922,60604.08579315245,68355.6694952622,4,-5.014393363147974,68358.52747167274,6777,265001809380.0,3089
2,79214349.90162833,79273478.22088623,59128.31925790012,68365.89239376783,4,9.521339047700167,68358.52747167274,6778,265014550660.0,3089
3,6167325.310652712,6175316.449951172,7991.139298459515,8710.341295074672,4,0.693702045828104,8709.994444051757,6804,265943271100.0,3091
1,51344862.23916019,51347583.20739746,2720.968237273395,8708.54398174584,4,-1.797313328832388,8709.994444051757,6805,265988443540.0,3091
2,54443240.571266666,54445601.326049805,2360.754783138633,8709.647593028843,4,-0.693702045828104,8709.994444051757,6806,265991541570.0,3091
3,61387745.02098996,61389304.695892334,1559.6749023720622,8718.400372967124,4,8.752779938280582,8709.994444051757,6807,265998485300.0,3091
2,1587835.1880008501,1580689.3196105957,-7145.8683902544435,-6960.703155734809,3,-15.213767466368154,-6951.406835146248,6814,266439506280.0,3092
3,24937729.297133185,24927869.77960205,-9859.517531134188,-6951.406835146248,3,-1.2692865835269913,-6951.406835146248,6815,266462853550.0,3092
3,57364344.542030014,57350715.43304443,-13629.108985580504,-6939.571941390634,3,16.483054049895145,-6951.406835146248,6816,266495276520.0,3092
2,39217659.320154734,39258597.75640869,40938.43625395745,45511.7994973287,2,-4.537229336798191,45514.0681119971,6825,266978095310.0,3093
2,74073085.78453131,74109964.09609985,36878.311568543315,45516.3367266655,2,4.537229336798191,45514.0681119971,6826,267012946810.0,3093
3,16668285.529804662,16739341.116455078,71055.58665041625,72999.35702563636,3,4.930605765432119,72996.43308621645,6836,267456471840.0,3094
1,21193612.834376015,21264133.763183594,70520.92880757898,72992.4197535254,3,-5.475302400998771,72996.43308621645,6837,267460996650.0,3094
2,48539842.934062615,48607178.8984375,67335.96437488496,72996.43308621645,3,0.5446966355666518,72996.43308621645,6838,267488339800.0,3094
0,14124315.032019638,14182033.846710205,57718.81469056755,59365.920212034136,3,4.749597813934088,59365.920212034136,6849,267954829340.0,3095
0,70365921.99300563,70417088.17669678,51166.18369114399,59371.89833110571,3,13.716776421293616,59365.920212034136,6850,268011064610.0,3095
1,79887387.28118663,79937421.6647644,50034.383577778935,59350.442897334695,3,-18.466374235227704,59365.920212034136,6851,268020584980.0,3095
0,8718602.744313532,8738309.756774902,19707.012461369857,20723.73140930198,2,13.77792433463037,20716.842447134666,6863,268450271740.0,3096
2,33806975.99384172,33823743.550354004,16767.5565122813,20709.95348496735,2,-13.77792433463037,20716.842447134666,6864,268475357270.0,3096
3,56589856.40316811,56664353.17907715,74496.7759090364,81095.99609984457,1,,81095.99609984457,6872,268999033680.0,3097
3,27315250.383201137,27320184.754943848,4934.371742710471,8119.736811701208,2,11.887425880879164,8113.793098760769,6882,269470574520.0,3098
1,38685214.57741053,38688811.154541016,3596.5771304890513,8107.849385820329,2,-11.887425880879164,8113.793098760769,6883,269481943190.0,3098
1,67786369.72451985,67840498.39477539,54128.6702555418,62033.570677280426,1,,62033.570677280426,6899,270011978830.0,3099
0,55388569.3729306,55393791.11328125,5221.740350648761,11680.872579962015,2,18.352456018328667,11671.69635195285,6915,270500431020.0,3100
2,78481912.19705549,78484422.55718994,2510.3601344525814,11662.520123943686,2,-18.352456018328667,11671.69635195285,6916,270523521740.0,3100
0,10752752.149344299,10773789.28704834,21037.137704040855,22291.068772273138,1,,22291.068772273138,6927,270956692640.0,3101
0,835760.7554100377,819916.6748657227,-15844.080544315046,-15746.618391160038,5,12.828847365337424,-15752.727308999747,6941,271447577770.0,3102
3,15577389.428029876,15559820.145080566,-17569.282949309796,-15752.727308999747,5,6.605308320373297,-15752.727308999747,6942,271462317730.0,3102
2,41863423.742737845,41842789.34588623,-20634.396851614118,-15752.498066589236,5,6.949171936139464,-15752.727308999747,6943,271488600800.0,3102
3,45169980.32596326,45148946.666259766,-21033.65970349312,-15766.167168051004,5,-13.554480256512761,-15752.727308999747,6944,271491906970.0,3102
1,61497341.06883351,61474394.0557251,-22947.01310840994,-15775.507106147707,5,-22.89441835321486,-15752.727308999747,6945,271508232480.0,3102
2,56082029.84454006,56078017.95404053,-4011.8904995322227,2528.1095502078533,1,,2528.1095502078533,6952,272003677940.0,3103
0,41872538.72220292,41929273.583984375,56734.86178145558,61617.82350885868,1,,61617.82350885868,6964,272490327990.0,3104
0,26672487.667517457,26692282.87701416,19795.209496703,22905.61885877326,3,15.355652499943972,22901.52483740449,6977,272976022910.0,3105
2,38385985.33538295,38404387.95928955,18402.623906597495,22879.001575142145,3,-24.570272946730256,22901.52483740449,6978,272987735060.0,3105
0,38842204.26453172,38860576.20977783,18371.945246115327,22901.52483740449,3,9.214620446786284,22901.52483740449,6979,272988191250.0,3105
0,52554685.862360306,52625470.64038086,70784.77802055329,76913.43722041696,3,7.2241411581635475,76907.86740578711,6988,273502793190.0,3106
3,69165748.13957223,69234586.9418335,68838.80226126313,76904.55875273049,3,-6.093560371547937,76907.86740578711,6989,273519402370.0,3106
0,69393680.53720847,69462496.06781006,68815.53060159087,76907.86740578711,3,-1.1305807866156101,76907.86740578711,6990,273519630280.0,3106
2,45203420.32437092,45203403.931518555,-16.39285236597061,5254.999284997582,4,-5.563433602452278,5257.781001798809,7001,273996311000.0,3107
1,47865937.77072381,47865603.72155762,-334.0491661950946,5247.832164943218,4,-12.730553656816483,5257.781001798809,7002,273998973210.0,3107
3,51895809.52981404,51895018.26812744,-791.2616866007447,5260.562718600035,4,5.563433602452278,5257.781001798809,7003,274003002640.0,3107
0,63831412.17261113,63829232.49859619,-2179.674014940858,5264.019445173442,4,9.020160175859928,5257.781001798809,7004,274014936900.0,3107
2,19632462.29828777,19632121.11138916,-341.18689861148596,1948.2506407089531,3,-2.795666690915823,1948.2506407089531,7021,274471605540.0,3108
0,21981602.990558058,21981002.10308838,-600.8874696791172,1962.4948659837246,3,18.570671221241355,1948.2506407089531,7022,274473954430.0,3108
2,63851357.9666709,63845851.54498291,-5506.421687990427,1939.5977488160133,3,-15.775004530325532,1948.2506407089531,7023,274515819440.0,3108
3,5859598.183399855,5901058.775268555,41460.59186869953,42143.90829852782,4,24.3747844863683,42121.58827773994,7032,274958768250.0,3109
1,7210160.765416235,7251443.596313477,41282.83089724183,42123.64304143842,4,4.109527396969497,42121.58827773994,7033,274960118640.0,3109
3,12849370.866145406,12889991.971618652,40621.105473246425,42119.53351404145,4,-4.109527396969497,42121.58827773994,7034,274965757210.0,3109
1,50901961.786125764,50938136.05114746,36174.26502169669,42110.19197612256,4,-13.45106531586498,42121.58827773994,7035,275003805500.0,3109
2,28920661.41516532,28940737.493286133,20076.078120812774,23448.658029530197,1,,23448.658029530197,7050,275482682130.0,3110
3,26414257.1416127,26416859.13671875,2601.995106048882,5682.290942326188,2,9.64924668520689,5677.466318983585,7070,276481956900.0,3112
3,45814934.80304451,45815264.74090576,329.9378612488508,5672.641695640981,2,-9.64924668520689,5677.466318983585,7071,276501355380.0,3112
3,11011917.262956526,11088038.240600586,76120.9776440598,77405.13122493215,3,0.7312233839184046,77404.65616361797,7094,277468335030.0,3114
2,44676464.43204008,44748659.146972656,72194.71493257582,77404.65616361797,3,0.018631412647664547,77404.65616361797,7095,277501995780.0,3114
3,75567488.84000066,75636080.68902588,68591.84902521968,77404.1438394785,3,-0.7498547965660691,77404.65616361797,7096,277532883320.0,3114
1,2473891.828795888,2484582.2353515625,10690.406555674504,10978.899192767683,1,,10978.899192767683,7111,277960626390.0,3115
3,61433526.90008722,61465160.23742676,31633.337339535356,38797.40165917575,2,0.8806814700365067,38796.961318440735,7139,279021343900.0,3117
1,62035745.69912484,62067307.928100586,31562.228975743055,38796.52097770572,2,-0.8806814700365067,38796.961318440735,7140,279021946050.0,3117
0,39373418.2187535,39405309.83856201,31891.619808509946,36483.14685956389,2,-2.193837471306324,36484.24377829954,7149,279500179070.0,3118
0,41807360.52534767,41838970.50506592,31609.979718245566,36485.34069703519,2,2.193837471306324,36484.24377829954,7150,279502612740.0,3118
0,44010970.277525306,43988957.154663086,-22013.12286221981,-16880.788162462413,3,16.97835949808359,-16892.97590637207,7166,280005684720.0,3119
1,72590695.27341764,72565327.55993652,-25367.713481113315,-16902.557137548923,3,-15.67510313168168,-16892.97590637207,7167,280034261200.0,3119
2,77646345.8693895,77620398.17297363,-25947.69641587138,-16892.97590637207,3,-1.3032563664019108,-16892.97590637207,7168,280039316290.0,3119
1,74491452.75233811,74479413.40679932,-12039.345538794994,-3352.532560452819,1,,-3352.532560452819,7179,280537020990.0,3120
1,2524782.9435437825,2556126.3762817383,31343.432737955824,31637.86003707722,6,0.8661129884421825,31637.426980582997,7194,280965957460.0,3121
0,6473996.497037105,6504891.232177734,30894.735140629113,31649.69956559781,6,12.70564150903374,31637.426980582997,7195,280969906240.0,3121
3,8429580.130052077,8460243.733093262,30663.603041185066,31646.617647157982,6,9.62372306920588,31637.426980582997,7196,280971861600.0,3121
2,22983724.758207552,23012677.922302246,28953.16409469396,31633.40875557065,6,-4.451281506568193,31637.426980582997,7197,280986414090.0,3121
1,42942345.15783591,42968961.386901855,26616.229065947235,31623.94615904987,6,-13.91387802734971,31637.426980582997,7198,281006370450.0,3121
3,59270903.647978485,59295628.77166748,24725.123688995838,31636.993924088776,6,-0.8661129884421825,31637.426980582997,7199,281022697180.0,3121
1,321446.6415959902,394359.82720947266,72913.18561348243,72950.67108000093,2,1.162600994342938,72950.08977950376,7205,281464648550.0,3122
1,39985931.17229205,40054217.72558594,68286.5532938838,72949.50847900659,2,-1.162600994342938,72950.08977950376,7206,281504308560.0,3122
2,12584884.52494574,12588553.848693848,3669.3237481079996,5136.908741861582,5,-0.09550851956009865,5136.908741861582,7215,281977792680.0,3123
0,21724894.225582812,21727508.799438477,2614.573855664581,5148.020125526935,5,12.385302547365427,5136.908741861582,7216,281986931670.0,3123
0,33586480.35008131,33587703.31378174,1222.963700428605,5139.647596664727,5,4.012773685157299,5136.908741861582,7217,281998791910.0,3123
3,69885879.48990151,69882864.11627197,-3015.373629540205,5134.360904097557,5,-3.9172651655972004,5136.908741861582,7219,282035087210.0,3123
1,72479891.82255754,72476564.16906738,-3327.6534901559353,5124.581520572305,5,-13.696648690849543,5136.908741861582,7220,282037680920.0,3123
0,937223.8269216774,919031.8202514648,-18192.006670212606,-18082.712411576184,2,1.872181950835511,-18083.6485025516,7232,282466961130.0,3124
0,8925356.602231346,8906231.188110352,-19125.41412099451,-18084.58459352702,2,-1.872181950835511,-18083.6485025516,7233,282474948360.0,3124
1,8317254.248938572,8347542.460510254,30288.211571682245,31258.12730676774,2,-21.849365866743028,31269.05198970111,7242,282975250470.0,3125
0,28394796.74857708,28422765.46899414,27968.720417059958,31279.976672634482,2,21.849365866743028,31269.05198970111,7243,282995325770.0,3125
2,33047647.696793504,33107234.670410156,59586.97361665219,63440.82159933075,2,-5.25283145532012,63443.44801505841,7252,283500861330.0,3126
3,36823608.29747658,36882760.19067383,59151.893197245896,63446.07443078607,2,5.25283145532012,63443.44801505841,7253,283504636870.0,3126
2,20913324.38458302,20874904.26043701,-38420.124146007,-35981.31900834292,3,-1.0052177384495735,-35981.31900834292,7263,283989607770.0,3127
3,55154660.48042335,55112242.95501709,-42417.52540626377,-35985.67043800652,3,-7.53236223384738,-35981.31900834292,7264,284023845240.0,3127
0,66313818.29903717,66270110.16290283,-43708.13613434136,-35974.957143202424,3,8.537579972296953,-35981.31900834292,7265,284035003150.0,3127
0,19954871.86236399,19981256.18774414,26384.32538015023,28711.360677093267,2,4.702539552003145,28709.009407317266,7286,284990373000.0,3129
0,32547186.72860501,32572097.89996338,24911.17135836929,28706.658137541264,2,-4.702539552003145,28709.009407317266,7287,285002963890.0,3129
3,59798289.77868404,59821764.33850098,23474.55981693417,30447.93113054335,1,,30447.93113054335,7295,285531122590.0,3130
1,59403918.4701623,59412266.908203125,8348.438040822744,15275.819785505533,1,,15275.819785505533,7301,286031607940.0,3131
2,40302411.319312684,40500086.48364258,197675.1643298939,202375.02581428736,3,15.347581531852484,202375.02581428736,7315,286513578760.0,3132
0,44037221.140741915,44234472.16168213,197251.0209402144,202386.41688164324,3,32.434182565659285,202375.02581428736,7316,286517313160.0,3132
1,79055603.99812403,79248717.87670898,193113.87858495116,202332.9395838678,3,-47.78176409751177,202375.02581428736,7317,286552327540.0,3132
3,22374371.155938663,22402627.98803711,28256.832098446786,30866.017052672803,1,,30866.017052672803,7338,286996611090.0,3133
3,9685559.722454548,9752391.47241211,66831.7499575615,67961.23049245402,2,27.702636193484068,67947.37917435728,7347,287484863590.0,3134
2,68823256.98590349,68883164.69683838,59907.7109348923,67933.52785626054,2,-27.702636193484068,67947.37917435728,7348,287543994590.0,3134
1,6315525.406376189,6339825.520019531,24300.11364334263,25036.59797863383,3,-12.542449782602489,25042.01647681743,7357,287982356100.0,3135
0,18419200.794691846,18442109.105895996,22908.31120415032,25056.264380015433,3,16.95715228980407,25042.01647681743,7358,287994458430.0,3135
2,61128731.831712425,61146645.32751465,17913.495802223682,25042.01647681743,3,-4.414702507201582,25042.01647681743,7359,288037163130.0,3135
0,3563959.16154548,3607675.0052490234,43715.8437035433,44131.45442873286,2,17.105916638392955,44122.901470413664,7372,288480516740.0,3136
2,17436180.779335648,17478261.809448242,42081.030112594366,44114.34851209447,2,-17.105916638392955,44122.901470413664,7373,288494387380.0,3136
2,13087054.05200173,13134277.279968262,47223.22796653211,48749.37340720743,4,4.947803415358067,48746.20962198824,7383,288990987380.0,3137
2,77285695.76680222,77325431.09710693,39735.33030471206,48747.9936401844,4,3.5680363923311234,48746.20962198824,7384,289055178780.0,3137
3,77667852.4345444,77707539.63165283,39687.19710843265,48744.42560379207,4,-3.5680363923311234,48746.20962198824,7385,289055560890.0,3137
1,79920377.54051802,79959790.99395752,39413.45343950391,48733.35991470516,4,-14.633725479245186,48746.20962198824,7386,289057813150.0,3137
3,41293530.782700725,41405489.923461914,111959.14076118916,116774.58153823018,3,13.16594498604536,116764.37903530896,7393,289520135630.0,3138
1,65858007.29850095,65967085.72601318,109078.42751223594,116758.45215117931,3,-11.02813559025526,116764.37903530896,7394,289544697320.0,3138
2,79470916.63807881,79578413.5244751,107496.88639628887,116764.37903530896,3,-2.1378093957901,116764.37903530896,7395,289558308700.0,3138
1,53714061.15560889,53691047.161621094,-23013.99398779869,-16750.134359262884,1,,-16750.134359262884,7407,290033484020.0,3139
0,49040780.14869353,49051808.224975586,11028.076282054186,16746.961734324694,2,-6.683294385671616,16750.30338151753,7417,290529668700.0,3140
0,59679613.31500311,59689407.42816162,9794.113158509135,16753.645028710365,2,6.683294385671616,16750.30338151753,7418,290540306340.0,3140
0,27777161.83173889,27793804.579040527,16642.747301638126,19881.978125929832,1,,19881.978125929832,7425,291009350520.0,3141
2,37865033.84924724,37901148.85626221,36115.0070149675,40530.63398039341,2,-2.397968403995037,40531.83296459541,7432,291520342000.0,3142
1,58061849.251943916,58095611.40740967,33762.15546575189,40533.031948797405,2,2.397968403995037,40531.83296459541,7433,291540536540.0,3142
2,5568011.139115244,5632759.791320801,64748.65220555663,65397.96524268668,3,-25.1559454286471,65406.35889215022,7449,291989442450.0,3143
2,20225855.859939024,20288903.582763672,63047.72282464802,65406.35889215022,3,-12.565471233334392,65406.35889215022,7450,292004098650.0,3143
0,79586787.0723623,79642945.95098877,56158.8786264658,65439.883484080434,3,37.72141666198149,65406.35889215022,7451,292063452920.0,3143
2,60209690.443674475,60203929.16772461,-5761.27594986558,1260.0708093047142,1,,1260.0708093047142,7472,293046672650.0,3145
0,11468126.725817204,11463270.496643066,-4856.2291741371155,-3518.874774426222,2,-1.0721969306468964,-3518.3386759608984,7497,294000659490.0,3147
0,77674562.42806,77661986.61450195,-12575.81355804205,-3517.802577495575,2,1.0721969306468964,-3518.3386759608984,7498,294066858460.0,3147
0,44542321.859923676,44545806.2980957,3484.4381720274687,8678.736381046474,1,,8678.736381046474,7527,295036919120.0,3149
1,22961203.71408332,22952939.43572998,-8264.278353340924,-5586.659981671721,1,,-5586.659981671721,7543,296019637990.0,3151
1,62885848.011964455,62937265.21673584,51417.2047713846,58750.63136571646,3,-6.9615365117788315,58756.68574618548,7575,297064768340.0,3153
3,64727317.82455823,64778528.1552124,51210.33065417409,58758.50005827099,3,4.841502320021391,58756.68574618548,7576,297066609610.0,3153
2,65149057.20271529,65200216.53796387,51159.335248574615,58756.68574618548,3,2.1200341917574406,58756.68574618548,7577,297067031300.0,3153
1,29077236.556130446,29059817.70739746,-17418.848732985556,-14028.009830567986,3,-19.855174446478486,-14011.426351446658,7605,298036704540.0,3155
3,29390935.351539604,29373496.504333496,-17438.847206108272,-14011.426351446658,3,5.020044235512614,-14011.426351446658,7606,298037018220.0,3155
0,39936668.15791984,39918006.064575195,-18662.093344643712,-14004.882960796356,3,14.835130210965872,-14011.426351446658,7607,298047562770.0,3155
3,20619953.610068556,20723031.503601074,103077.8935325183,105482.48726796731,1,,105482.48726796731,7620,298532176630.0,3156
3,53838045.29169159,53814005.32873535,-24039.962956234813,-17761.644930630922,2,-5.0068236738443375,-17759.141518794,7632,299066231700.0,3157
3,61457739.635428235,61432816.109436035,-24923.52599219978,-17756.638106957078,2,5.0068236738443375,-17759.141518794,7633,299073850540.0,3157
0,75569063.01703036,75567669.1408081,-1393.8762222528458,7418.602164506912,1,,7418.602164506912,7647,299588817320.0,3158
2,19599255.647986963,19656950.00128174,57694.35329477489,59979.91844404116,3,-8.031936254352331,59979.91844404116,7672,300534582420.0,3160
1,50567813.96218501,50621891.24597168,54077.28378666937,59974.24412752688,3,-16.54341102577746,59979.91844404116,7673,300565547480.0,3160
0,67923743.95471022,67975824.69104004,52080.73632982373,60001.65663306415,3,24.57534728012979,59979.91844404116,7674,300582901480.0,3160
3,16981581.65981245,16924201.48095703,-57380.17885541916,-55399.87348473817,1,,-55399.87348473817,7683,301032744510.0,3161
2,59236183.25438027,59287532.439331055,51349.18495078385,58257.00627080351,1,,58257.00627080351,7697,301575890980.0,3162
1,26762593.870508485,26752376.326782227,-10217.54372625798,-7096.626638744026,2,-13.956346649676561,-7089.648465419188,7711,302044221620.0,3163
2,51124637.47000467,51111592.90545654,-13044.564548127353,-7082.67029209435,2,13.956346649676561,-7089.648465419188,7712,302068580930.0,3163
2,63654078.4286967,63714547.793273926,60469.36457722634,67892.3782813251,1,,67892.3782813251,7721,302582020670.0,3164
2,27717748.489214227,27694022.94744873,-23725.541765496135,-20493.23942193389,3,8.559122949838638,-20494.544226378202,7731,303046892040.0,3165
2,32268097.49197141,32243825.498291016,-24271.993680395186,-20509.052863389254,3,-15.161039233207703,-20494.544226378202,7732,303051441860.0,3165
3,68997005.27647302,68968464.65368652,-28540.62278649211,-20494.544226378202,3,6.601916283369064,-20494.544226378202,7733,303088166640.0,3165
2,74152629.73006219,74181903.00231934,29273.27225714922,37920.57342416048,1,,37920.57342416048,7763,304095079940.0,3167
0,32282240.58682202,32272462.77282715,-9777.813994873315,-6013.223882339895,1,,-6013.223882339895,7777,304554054180.0,3168
3,13546078.475484096,13599459.718688965,53381.24320486933,54960.917730720714,1,,54960.917730720714,7790,305036189170.0,3169
1,50244081.1828824,50267892.066223145,23810.883340746164,29670.091617375612,2,-18.221340872347355,29679.202287811786,7801,305573758480.0,3170
0,57701564.01783297,57724523.468933105,22959.45110013336,29688.31295824796,2,18.221340872347355,29679.202287811786,7802,305581215140.0,3170
1,50487656.845603876,50490469.43286133,2812.587257452309,8700.200084537268,2,-15.187299832701683,8707.793734453619,7817,306575712900.0,3172
2,60979114.88689771,60980719.201171875,1604.314274162054,8715.38738436997,2,15.187299832701683,8707.793734453619,7818,306586203190.0,3172
0,15535838.71020218,15544344.68157959,8505.971377409995,10317.681585103273,2,16.724418360739946,10309.319375922903,7825,307041602610.0,3173
2,22502901.181329817,22510577.965026855,7676.783697038889,10300.957166742533,2,-16.724418360739946,10309.319375922903,7826,307048568870.0,3173
1,19346206.36634128,19404339.022399902,58132.65605862066,60388.71189235151,3,-12.015746418386698,60398.62519853562,7836,307546319580.0,3174
3,32334911.32164481,32391539.214538574,56627.89289376512,60398.62519853562,3,2.8542128577828407,60398.62519853562,7837,307559306830.0,3174
2,69573316.87119624,69625606.41619873,52289.54500249028,60402.83007900417,3,9.161533560603857,60398.62519853562,7838,307596541040.0,3174
1,8256017.247641831,8285878.693054199,29861.445412368514,30824.220000946894,1,,30824.220000946894,7849,308036087990.0,3175
1,53719802.47581078,53727469.3470459,7666.871235117316,13931.400387108326,2,-7.689842328429222,13935.24530827254,7861,308582442780.0,3176
2,74442841.9343135,74448099.88031006,5257.945996552706,13939.090229436755,2,7.689842328429222,13935.24530827254,7862,308603163490.0,3176
3,21561130.49277038,21575771.729492188,14641.236721806228,17155.585701078176,3,-4.304106943309307,17155.585701078176,7881,309051165840.0,3177
0,25680646.582009487,25694825.93231201,14179.350302524865,17174.096220053732,3,23.461671520024538,17155.585701078176,7882,309055284910.0,3177
1,45431862.54082835,45443710.19232178,11847.651493430138,17145.68339598924,3,-19.15756457671523,17155.585701078176,7883,309075033870.0,3177
3,72670102.16409414,72674814.79827881,4712.6341846734285,13187.05055449903,2,-7.086360350251198,13190.593734674156,7894,309603148920.0,3178
3,74364806.20675036,74369328.29956055,4522.0928101837635,13194.136914849281,2,7.086360350251198,13190.593734674156,7895,309604843440.0,3178
2,4657754.490186159,4706784.664550781,49030.17436462268,49573.337917760015,3,6.434339310973883,49573.337917760015,7905,310036023510.0,3179
1,43854748.00462277,43899194.355651855,44446.35102908313,49560.46788481623,3,-12.870710104703903,49573.337917760015,7906,310075216070.0,3179
3,52571108.16598225,52614550.93096924,43442.76498699188,49573.33927208185,3,6.4363707937300205,49573.337917760015,7907,310083931460.0,3179
1,20945675.09994548,20956729.319152832,11054.21920735389,13496.79692030698,1,,13496.79692030698,7920,310553174510.0,3180
2,66028875.69379151,66023823.66668701,-5052.027104496956,2647.9233345091343,1,,2647.9233345091343,7931,311099087730.0,3181
1,29267098.832695827,29342909.469421387,75810.63672555983,79223.61639751866,3,-8.658929713070393,79225.33809663355,7945,311563268500.0,3182
0,59627617.30151802,59699903.04571533,72285.74419730902,79239.21255782992,3,14.735310753807425,79225.33809663355,7946,311593625610.0,3182
3,70426119.03313363,70497131.63671875,71012.60358512402,79225.33809663355,3,-6.076381040737033,79225.33809663355,7947,311604422880.0,3182
2,4297237.181190589,4327658.344055176,30421.16286458634,30922.28472940903,2,-9.863350269384682,30927.216404543724,7959,312039164130.0,3183
3,78456370.99900185,78478153.96557617,21782.966574326158,30932.148079678416,2,9.863350269384682,30927.216404543724,7960,312113314910.0,3183
0,18164667.408263784,18171028.36669922,6360.958435434848,8479.229227039963,2,27.014593686908484,8465.721930196509,7974,312553872450.0,3184
1,33521306.34758005,33525849.47857666,4543.130996610969,8452.214633353055,2,-27.014593686908484,8465.721930196509,7975,312569227330.0,3184
0,68616827.92543745,68656918.01672363,40090.0912861824,48091.83550423384,1,,48091.83550423384,7990,313105182470.0,3185
0,2827329.5319972266,2848221.436645508,20891.90464828117,21221.61338619888,3,20.661809279583395,21205.04049101472,8004,313540259410.0,3186
1,15317142.886346411,15336553.541992188,19410.65564577654,21196.86266282387,3,-16.46427578292787,21205.04049101472,8005,313552747790.0,3186
2,36112990.06809247,36129983.79602051,16993.72792803496,21205.04049101472,3,-4.197533496655524,21205.04049101472,8006,313573541300.0,3186
3,72131574.97857505,72105885.00183105,-25689.976743996143,-17278.360665634274,2,12.270279332995415,-17284.495805300772,8015,314110365340.0,3187
1,77685183.58589402,77658833.7053833,-26349.88051071763,-17290.63094496727,2,-12.270279332995415,-17284.495805300772,8016,314115918310.0,3187
2,46603993.67069696,46625291.976257324,21298.30556036532,26733.025412149727,2,3.32022887468338,26731.365297712386,8030,314585713450.0,3188
1,57543940.80024007,57563960.02478027,20019.22454020381,26729.705183275044,2,-3.32022887468338,26731.365297712386,8031,314596652160.0,3188
2,56764562.58078334,56789347.993774414,24785.412991076708,31405.006524533033,1,,31405.006524533033,8044,315096772650.0,3189
1,20669628.27447652,20686883.86968994,17255.59521342069,19665.981754668057,3,0.24980996549129486,19665.981754668057,8056,315561455840.0,3190
1,30284331.178528313,30300467.00012207,16135.821593757719,19667.425709426403,3,2.415742103010416,19665.981754668057,8057,315571069460.0,3190
1,79869976.8445831,79880326.85375977,10350.009176671505,19664.03817997873,3,-2.665552068501711,19665.981754668057,8058,315620649510.0,3190
0,55763116.116572425,55771830.25872803,8714.142155602574,15216.952114284039,1,,15216.952114284039,8074,316097449850.0,3191
1,1524978.533600741,1579742.486694336,54763.95309359487,54941.78830593033,5,-17.39436822431162,54956.928987808526,8092,317044944340.0,3193
1,4492707.770888535,4547121.106384277,54413.33549574204,54937.25214295555,5,-21.930531199090183,54956.928987808526,8093,317047911730.0,3193
1,40033846.430297405,40084134.816467285,50288.38616988063,54956.928987808526,5,5.316654592985287,54956.928987808526,8094,317083448880.0,3193
3,52361487.63442322,52410357.54351807,48869.90909484774,54976.03850354999,5,26.679856680566445,54956.928987808526,8095,317095775150.0,3193
1,62487154.211258575,62534828.714660645,47674.50340206921,54961.43636050075,5,12.077713631326333,54956.928987808526,8096,317105899660.0,3193
0,3731804.6688494748,3798573.4224243164,66768.75357484166,67203.93758632522,3,7.574967450462282,67203.93758632522,8125,318549730990.0,3196
2,64872997.69282085,64932618.96398926,59621.27116841078,67186.42901512235,3,-18.687889353837818,67203.93758632522,8126,318610865270.0,3196
0,65709482.16445995,65769025.75628662,59543.59182666987,67206.29622262716,3,11.112921903375536,67203.93758632522,8127,318611701680.0,3196
2,72440566.13275051,72362643.67114258,-77922.46160793304,-69474.81255841255,1,,-69474.81255841255,8139,319119137180.0,3197
3,5493377.351301121,5553914.197509766,60536.84620864503,61177.45583440829,2,-12.28705998044461,61183.59936439851,8165,320054038020.0,3199
3,47364997.35346345,47420663.63214111,55666.2786776647,61189.742894388735,2,12.28705998044461,61183.59936439851,8166,320095904930.0,3199
1,42671874.698897704,42698454.660217285,26579.961319580674,31556.13752837479,2,-14.816636726260185,31563.54584673792,8176,320592098800.0,3200
2,72650020.82324108,72673119.70281982,23098.879578739405,31570.95416510105,2,14.816636726260185,31563.54584673792,8177,320622073580.0,3200
2,56627706.28561133,56627043.76495361,-662.5206577181816,5941.113393172622,1,,5941.113393172622,8435,331625051590.0,3222
0,46071643.79413451,46049585.53649902,-22058.257635489106,-16685.617708928883,3,3.2835915982723236,-16688.283038035035,8442,332115315180.0,3223
0,57839243.61164248,57815810.41125488,-23433.200387597084,-16688.283038035035,3,-0.7144020609557629,-16688.283038035035,8443,332127081450.0,3223
0,71450069.8797079,71425048.2177124,-25021.661995500326,-16689.519563019276,3,-2.5691895373165607,-16688.283038035035,8444,332140690740.0,3223
0,24663904.188180886,24717006.745056152,53102.556875266135,55978.73548479006,3,18.142186108976603,55968.14458428323,8457,332594774200.0,3224
2,58528739.16427219,58577866.88348389,49127.71921169758,55953.04201307893,3,-20.398021457716823,55968.14458428323,8458,332628635190.0,3224
0,72080582.44108132,72128144.91607666,47562.47499534488,55968.14458428323,3,2.25583534874022,55968.14458428323,8459,332642185520.0,3224
1,39242584.339334145,39263255.86779785,20671.528463706374,25247.798335582018,3,-7.603064589202404,25255.241499885917,8467,333110238650.0,3225
2,52211609.54526709,52230776.13537598,19166.59010888636,25255.241499885917,3,3.561681866645813,25255.241499885917,8468,333123206220.0,3225
3,75740162.78014562,75756585.91027832,16423.130132704973,25255.561300456524,3,4.041382722556591,25255.241499885917,8469,333146732120.0,3225
2,49667072.844439894,49690031.216430664,22958.3719907701,28750.292500309646,2,-41.643842838704586,28771.114421729,8485,333621472250.0,3226
3,76515789.20381835,76535658.25939941,19869.055581063032,28791.93634314835,2,41.643842838704586,28771.114421729,8486,333648317980.0,3226
2,25159553.725215282,25166540.28564453,6986.560429248959,9920.539157737046,2,-6.343393016606569,9923.71085424535,8492,334097838650.0,3227
3,59167622.818296,59170649.874694824,3027.0563988238573,9926.882550753653,2,6.343393016606569,9923.71085424535,8493,334131842890.0,3227
3,10948.084538712501,46257.993103027344,35309.90856431484,35311.18527404925,3,-3.973988915255177,35313.5430511646,8505,334573517120.0,3228
0,13144123.656357445,13177907.631225586,33783.974868141115,35316.77547476441,3,4.411312157484645,35313.5430511646,8506,334586648820.0,3228
3,15726558.136214983,15760037.72833252,33479.59211753681,35313.5430511646,3,-0.4373232422294677,35313.5430511646,8507,334589230960.0,3228
1,11691997.295178976,11723885.377807617,31888.082628641278,33251.54367140308,3,-31.723666172474623,33278.82176054269,8532,335586939690.0,3230
2,27403551.9691287,27433635.12854004,30083.159411337227,33278.82176054269,3,9.19346753694117,33278.82176054269,8533,335602649500.0,3230
0,38265498.090281695,38294323.476135254,28825.38585355878,33287.71291460842,3,22.530198635533452,33278.82176054269,8534,335613510230.0,3230
0,11262510.513683554,11238751.385986328,-23759.12769722566,-22445.751210605726,2,21.15698609687388,-22456.329703654163,8559,336588205340.0,3232
3,76184853.62491935,76153502.42797852,-31351.19694083929,-22466.9081967026,2,-21.15698609687388,-22456.329703654163,8560,336653120340.0,3232
1,69427475.84113592,69440711.42407227,13235.582936346531,21331.860776379704,1,,21331.860776379704,8572,337147236580.0,3233
0,3431027.038227467,3440599.650756836,9572.612529369071,9972.721388889011,3,4.540644827764481,9972.721388889011,8583,337582103160.0,3234
1,22943805.577901214,22951084.825073242,7279.247172027826,9954.836661864072,3,-22.286445709643885,9972.721388889011,8584,337601613720.0,3234
0,42586274.17097801,42591289.50189209,5015.330914080143,9981.524826258421,3,17.745800881879404,9972.721388889011,8585,337621254000.0,3234
0,27096685.701338284,27149850.001159668,53164.29982138425,56324.17699283734,2,18.66927370801568,56314.84235598333,8593,338106634390.0,3235
2,69416067.15857065,69464277.71887207,48210.56030142307,56305.507719129324,2,-18.66927370801568,56314.84235598333,8594,338148948980.0,3235
3,27164731.071997937,27165770.88531494,1039.8133170045912,4207.625592246652,3,-3.485314976423979,4207.625592246652,8608,338607559240.0,3236
1,28801875.194562353,28802714.60736084,839.41279848665,4198.140464499593,3,-17.71300659701228,4207.625592246652,8609,338609196190.0,3236
0,66588160.79807086,66584619.70800781,-3541.0900630503893,4224.0813499465585,3,21.19832157343626,4207.625592246652,8610,338646978240.0,3236
1,56743111.5357808,56683784.48303223,-59327.05274857581,-52709.96072649211,1,,-52709.96072649211,8623,339138023160.0,3237
0,15565894.069168719,15609241.557189941,43347.488021222875,45162.703131461516,2,13.528577433899045,45155.93884274457,8638,339597700460.0,3238
3,19511852.62375988,19554726.42565918,42873.801899299026,45149.17455402762,2,-13.528577433899045,45155.93884274457,8639,339601645960.0,3238
3,39429925.97643232,39451371.064208984,21445.08777666092,26043.20447397232,1,,26043.20447397232,8654,340122451610.0,3239
3,15522356.735913388,15540994.097106934,18637.361193545163,20447.499202216044,1,,20447.499202216044,8665,340599348950.0,3240
1,8222413.1516096555,8253097.119140625,30683.96753096953,31642.823381400667,3,-22.423731517978013,31664.465836688876,8675,341092936930.0,3241
0,41173206.14325485,41200070.76251221,26864.619257360697,31666.028389148414,3,12.383780103642493,31664.465836688876,8676,341125884030.0,3241
0,71676647.88973823,71699953.79077148,23305.901033252478,31664.465836688876,3,10.039951414335519,31664.465836688876,8677,341156384030.0,3241
2,40177061.77976148,40155154.99700928,-21906.78275220096,-17221.538891263306,3,4.982526946812868,-17225.146678201854,8697,342126569160.0,3243
1,47577712.78389945,47554936.61773682,-22776.166162632406,-17227.896158218384,3,-4.553373485803604,-17225.146678201854,8698,342133968970.0,3243
2,64537282.7379242,64512531.58276367,-24751.1551605314,-17225.146678201854,3,-0.429153461009264,-17225.146678201854,8699,342150926630.0,3243
0,4384099.316319654,4388939.372253418,4840.055933764204,5351.307217397727,3,4.598869794048369,5351.307217397727,8712,342591643640.0,3244
2,48174000.095102705,48173721.450927734,-278.64417497068644,5339.161811932921,3,-13.619238403160125,5351.307217397727,8713,342635428590.0,3244
0,55877473.80122421,55876311.910339355,-1161.8908848538995,5354.254883274436,3,9.020368609111756,5351.307217397727,8714,342643131210.0,3244
0,5133904.165856132,5179739.5958862305,45835.430030098185,46434.11972790584,1,,46434.11972790584,8724,343093262220.0,3245
2,43467656.06217861,43440189.83679199,-27466.225386619568,-22397.249217301607,1,,-22397.249217301607,8735,343632423810.0,3246
3,66457696.81663835,66501644.7668457,43947.95020735264,51697.90757678449,2,8.267313078045845,51693.77392024547,8749,344156282410.0,3247
3,71584593.29635343,71627935.10675049,43341.810397058725,51689.640263706446,2,-8.267313078045845,51693.77392024547,8750,344161408720.0,3247
1,55651226.54207886,55648263.37176514,-2963.1703137233853,3526.59165392071,2,-4.780364073812962,3528.9818359576166,8755,344646328700.0,3248
1,62407693.757314384,62403947.462646484,-3746.2946678996086,3531.372017994523,2,4.780364073812962,3528.9818359576166,8756,344653084410.0,3248
1,9511224.327907167,9523046.51184082,11822.183933652937,12931.33436472714,2,-14.263212233781815,12938.46597084403,8779,345601929260.0,3250
0,51339727.49119582,51346686.111816406,6958.620620585978,12945.597576960921,2,14.263212233781815,12938.46597084403,8780,345643753060.0,3250
1,22431941.284181975,22417000.24432373,-14941.03985824436,-12325.141369529068,4,-1.4856848940253258,-12324.398527082056,8793,346115670240.0,3251
2,50492843.286063224,50474632.639038086,-18210.64702513814,-12322.429381839931,4,2.711987689137459,-12324.398527082056,8794,346143727980.0,3251
1,51839766.45866829,51821387.47406006,-18378.984608232975,-12333.695659920573,4,-10.03997528553009,-12324.398527082056,8795,346145074740.0,3251
3,74113848.49383008,74092882.05944824,-20966.434381842613,-12323.655684635043,4,1.4856848940253258,-12324.398527082056,8796,346167346320.0,3251
2,54935159.48782226,54898060.013549805,-37099.474272452295,-30693.216389514506,2,22.124498151242733,-30704.278638590127,8813,347149852290.0,3253
1,75658798.82842338,75619260.5446167,-39538.28380668163,-30715.34088766575,2,-22.124498151242733,-30704.278638590127,8814,347170573570.0,3253
1,9909657.487176746,9978683.619262695,69026.13208594918,70181.74575825594,4,9.719284167513251,70176.88611617219,8820,347605740550.0,3254
0,43590451.20272697,43655554.46331787,65103.26059090346,70186.55650269985,4,14.530028611421585,70176.88611617219,8821,347639417550.0,3254
2,50456190.05211007,50520478.135253906,64288.08314383775,70172.02647408843,4,-9.719284167513251,70176.88611617219,8822,347646282500.0,3254
2,65860685.68187387,65923169.06359863,62483.381724759936,70163.7187030986,4,-18.027055157348514,70176.88611617219,8823,347661685250.0,3254
0,51434709.79394586,51499872.59942627,65162.80548041314,71160.85878810287,1,,71160.85878810287,8849,348648993740.0,3256
1,38623014.50686474,38606231.01623535,-16783.490629389882,-12279.471828781068,1,,-12279.471828781068,8861,349137003090.0,3257
1,21988370.52929403,22083255.594665527,94885.06537149847,97449.23690298572,1,,97449.23690298572,8875,349621319860.0,3258
3,22669408.87850517,22711797.976135254,42389.09763008356,45032.68837749213,4,2.607970878481865,45031.38439205289,8886,350122897270.0,3259
0,35968088.63563148,36008936.97955322,40848.34392174333,45042.75881931931,4,12.678412705659866,45031.38439205289,8887,350136194460.0,3259
3,37599835.342813775,37640480.722351074,40645.379537299275,45030.08040661365,4,-2.607970878481865,45031.38439205289,8888,350137826010.0,3259
2,40864561.12277347,40904818.203125,40257.080351531506,45022.496876508,4,-10.19150098413229,45031.38439205289,8889,350141090360.0,3259
2,72369635.49642634,72432590.20697021,62954.710543870926,71394.08802464604,1,,71394.08802464604,8901,350673534350.0,3260
0,18366973.728584755,18318908.686401367,-48065.042183388025,-45923.17946138233,1,,-45923.17946138233,8910,351120329390.0,3261
0,132888.76638320647,180647.52154541016,47758.755162203684,47774.25197180855,5,0.3501084980671294,47774.25197180855,8919,351603014740.0,3262
0,48410648.46282235,48452782.390563965,42133.927741616964,47779.33045318723,5,7.967830566078192,47774.25197180855,8920,351651287060.0,3262
2,62614501.23321829,62654967.92297363,40466.6897553429,47768.473273433745,5,-8.317939064145321,47774.25197180855,8921,351665489300.0,3262
2,63817890.06767957,63858213.30834961,40323.24067004025,47765.35725130141,5,-11.433961196482414,47774.25197180855,8922,351666692550.0,3262
0,65202721.99139844,65242897.99786377,40176.00646533072,47779.61507666111,5,8.252454039960867,47774.25197180855,8923,351668077240.0,3262
1,20775108.09751541,20777839.6451416,2731.5476261898875,5154.2346859797835,3,-6.019169207662344,5159.532131768763,8938,352124476140.0,3263
3,47859555.9457774,47859135.78424072,-420.16153667867184,5160.975578606129,3,4.0921697318553925,5159.532131768763,8939,352151557540.0,3263
0,49742949.79877259,49742308.56201172,-641.2367608696222,5159.532131768763,3,1.9269994758069515,5159.532131768763,8940,352153440720.0,3263
0,5367530.149202064,5351487.013122559,-16043.136079505086,-15417.202112063766,2,21.052779614925385,-15427.728501871228,8962,353110785410.0,3265
1,48625379.830559336,48604271.13208008,-21108.698479257524,-15438.254891678691,2,-21.052779614925385,-15427.728501871228,8963,353154038360.0,3265
2,21338508.667508155,21344470.872131348,5962.204623192549,8450.592581577599,4,-6.779838398098946,8454.826814252883,8974,353627622360.0,3266
2,25941176.068617895,25946603.22229004,5427.153672143817,8452.281208530068,4,-5.091211445629597,8454.826814252883,8975,353632224510.0,3266
3,35604040.75710207,35608346.168029785,4305.410927712917,8457.372419975698,4,5.091211445629597,8454.826814252883,8976,353641886290.0,3266
2,42363917.645136274,42367440.24584961,3522.6007133349776,8462.864542484283,4,10.58333395421505,8454.826814252883,8977,353648645410.0,3266
2,1965220.396548543,1998080.312133789,32859.91558524617,33089.08955642395,3,-1.1263626897707582,33089.08955642395,8991,354109107000.0,3267
3,5687387.522625234,5719816.038757324,32428.51613209024,33091.75023370795,3,2.864653236232698,33089.08955642395,8992,354112828750.0,3267
1,69999053.67321002,70023979.42248535,24925.74927532673,33088.68160451949,3,-1.7382905464619398,33089.08955642395,8993,354177133160.0,3267
1,13971895.687415004,14025115.254577637,53219.56716263294,54848.8983181566,1,,54848.8983181566,8999,354622011010.0,3268
2,513866.5767870322,495232.46856689453,-18634.108220137656,-18574.183722984744,4,2.524418778019026,-18575.445932373754,9054,357112869560.0,3273
2,23418842.32869724,23397534.63470459,-21307.693992652,-18576.708141762763,4,-2.524418778019026,-18575.445932373754,9055,357135771950.0,3273
1,41269813.841118336,41246416.181518555,-23397.659599781036,-18584.984571397305,4,-10.800848412560299,-18575.445932373754,9056,357153620900.0,3273
3,69584325.1157681,69557637.60369873,-26687.512069374323,-18572.943267568946,4,3.764874193817377,-18575.445932373754,9057,357181932230.0,3273
3,23657944.533814803,23688578.781799316,30634.24798451364,33393.11671406403,2,7.411699052900076,33389.41086453758,9070,357636888980.0,3274
3,36878963.01453295,36908048.08312988,29085.06859692931,33385.70501501113,2,-7.411699052900076,33389.41086453758,9071,357650108500.0,3274
1,52524208.62710881,52574071.115600586,49862.488491773605,55987.59359204024,2,-12.795152343809605,55993.991168212146,9083,358166639480.0,3275
3,70600594.49017794,70648361.79797363,47767.30779568851,56000.38874438405,2,12.795152343809605,55993.991168212146,9084,358184713840.0,3275
3,14811006.74756065,14864900.827514648,53894.07995399833,55621.26395811327,1,,55621.26395811327,9096,358629800950.0,3276
3,14487143.547958042,14410763.391662598,-76380.15629544482,-74690.7395645082,2,13.488178551197052,-74697.4836537838,9109,359130287740.0,3277
1,79411379.20382202,79327414.4263916,-83964.77743041515,-74704.2277430594,2,-13.488178551197052,-74697.4836537838,9110,359195204640.0,3277
0,19247303.458702587,19299294.1217041,51990.66300151497,54235.18528300524,4,16.985834434628487,54221.09624937922,9126,359635946210.0,3278
3,44087046.081873894,44136128.868652344,49082.78677845001,54223.993050187826,4,5.793601617217064,54221.09624937922,9127,359660783140.0,3278
3,67609744.76994921,67656078.66607666,46333.896127447486,54218.19944857061,4,-5.793601617217064,54221.09624937922,9128,359684303180.0,3278
2,75976793.7851626,76022146.58093262,45352.79577001929,54212.82163769007,4,-11.171412497758865,54221.09624937922,9129,359692669280.0,3278
0,62838062.68111078,62832839.36846924,-5223.31264153868,2104.541471429169,2,22.67673970013857,2093.2031015791,9153,360681215860.0,3280
2,76636111.50449517,76629256.45709229,-6855.047402888536,2081.8647317290306,2,-22.67673970013857,2093.2031015791,9154,360695012330.0,3280
1,10965715.233173735,10977157.510131836,11442.276958100498,12721.042694097385,3,-10.173606922850013,12725.774921402335,9167,361130184940.0,3281
0,48021038.72455038,48028175.41381836,7136.689267978072,12736.657680638134,3,13.24887288827449,12725.774921402335,9168,361167236100.0,3281
3,71217575.7172037,71221996.4619751,4420.744771391153,12725.774921402335,3,-3.075265965424478,12725.774921402335,9169,361190430010.0,3281
3,37740111.83668166,37781319.837890625,41208.00120896846,45609.0604069531,2,7.296344608068466,45605.41223464906,9180,361657851030.0,3282
1,54799463.08994846,54838674.42034912,39211.330400660634,45601.76406234503,2,-7.296344608068466,45605.41223464906,9181,361674908450.0,3282
2,63264339.773384795,63239281.31286621,-25058.460518583655,-17680.896147042513,1,,-17680.896147042513,9189,362184175010.0,3283
1,14763161.477625635,14809412.331726074,46250.8541004397,47972.4586334005,2,-7.709145024418831,47976.31320591271,9196,362636565820.0,3284
1,62483845.71633531,62524539.3369751,40693.620639786124,47980.16777842492,2,7.709145024418831,47976.31320591271,9197,362684281130.0,3284
1,29405459.950679302,29395771.477416992,-9688.473262310028,-6259.358623035252,4,-11.150538943707943,-6248.346487794071,9210,363152024300.0,3285
2,46677527.02390717,46665835.24407959,-11691.779827579856,-6248.484891496599,4,-0.27680740505456924,-6248.346487794071,9211,363169294430.0,3285
0,61564331.6819058,61550918.1574707,-13413.524435095489,-6234.206329494715,4,14.278562001883984,-6248.346487794071,9212,363184179570.0,3285
3,79731684.60124075,79716138.49108887,-15546.11015188694,-6248.208084091544,4,0.27680740505456924,-6248.346487794071,9213,363202344860.0,3285
1,38546275.091476984,38537218.92254639,-9056.168930597603,-4561.099088899791,1,,-4561.099088899791,9233,364162823640.0,3287
3,48196252.73205876,48238770.894470215,42518.16241145134,48138.56338728219,2,-2.4164450615644455,48139.771609812975,9246,364673373230.0,3288
3,65572630.026735306,65613124.26116943,40494.23443412781,48140.97983234376,2,2.4164450615644455,48139.771609812975,9247,364690747650.0,3288
2,42167405.251652464,42143859.32647705,-23545.92517541349,-18628.57761849463,1,,-18628.57761849463,9264,365168158040.0,3289
1,11742198.630495096,11807628.887695312,65430.257200216874,66799.57246644981,1,,66799.57246644981,9280,365638659710.0,3290
1,3946070.9702527383,3935590.092102051,-10480.878150687553,-10020.70749685634,1,,-10020.70749685634,9290,366131678650.0,3291
0,13941728.427134413,13928190.04321289,-13538.383921522647,-11912.570717904717,4,4.258775781840086,-11915.20651691407,9309,367143389050.0,3293
1,41719892.26657283,41703113.52215576,-16778.744417071342,-11913.583540141582,4,3.245953544974327,-11915.20651691407,9310,367171164080.0,3293
3,48708874.86074675,48691276.72149658,-17598.139250166714,-11917.958898365498,4,-4.3753582239151,-11915.20651691407,9311,367178152270.0,3293
3,76291134.46376586,76270320.95159912,-20813.51216673851,-11916.829493686557,4,-3.245953544974327,-11915.20651691407,9312,367205731420.0,3293
0,26862590.82643357,26898169.49987793,35578.673444360495,38711.25166644156,1,,38711.25166644156,9330,367657201960.0,3294
3,743957.6473739992,781516.7791748047,37559.13180080545,37645.88834411034,6,3.273898491053842,37642.790853885,9340,368131949080.0,3295
2,11463129.478700515,11499435.674316406,36306.19561589137,37642.96726215072,6,0.3528165314346552,37642.790853885,9341,368142667040.0,3295
3,45661936.779522665,45694254.53198242,32317.75245975703,37642.614445619285,6,-0.3528165314346552,37642.790853885,9342,368176861990.0,3295
2,55118620.56065272,55149828.26843262,31207.70777989924,37635.35995667428,6,-7.607305476441979,37642.790853885,9343,368186317600.0,3295
0,63505357.84215563,63535596.10772705,30238.265571422875,37643.9362398684,6,1.3217942491173744,37642.790853885,9344,368194703400.0,3295
0,67384857.12181643,67414641.23095703,29784.109140604734,37642.18721213937,6,-0.7800500113517046,37642.790853885,9345,368198582460.0,3295
0,22149600.77079173,22211907.949890137,62307.179098404944,64890.15247765556,3,17.83329295925796,64874.3732791692,9356,368654180450.0,3296
3,28227326.105270542,28288904.643676758,61578.53840621561,64870.2650902234,3,-11.99778818897903,64874.3732791692,9357,368660257470.0,3296
3,37397586.220723465,37458099.478393555,60513.2576700896,64874.3732791692,3,-5.835504770278931,64874.3732791692,9358,368669426700.0,3296
0,28642694.471149303,28618816.227355957,-23878.243793345988,-20538.078970760107,3,15.284522730857134,-20551.208589173853,9375,369161521400.0,3297
1,38476160.93086593,38451118.51898193,-25042.411883994937,-20555.518397808075,3,-10.874617841094732,-20551.208589173853,9376,369171353740.0,3297
1,43019198.98576171,42993631.09777832,-25567.8879833892,-20551.208589173853,3,-4.409904889762402,-20551.208589173853,9377,369175896270.0,3297
0,73968454.0307008,74000671.35986328,32217.329162478447,40843.15269955993,1,,40843.15269955993,9387,369707751430.0,3298
0,24388976.470954508,24377676.817138672,-11299.653815835714,-8455.535873327404,2,33.49609498307109,-8472.28392081894,9402,370158984950.0,3299
1,74868423.04876763,74851203.24346924,-17219.805298388004,-8489.031968310475,2,-33.49609498307109,-8472.28392081894,9403,370209458670.0,3299
3,9687916.211527525,9687184.274414062,-731.937113462016,397.81822315603495,1,,397.81822315603495,9416,370645158530.0,3300
1,46792990.39319391,46772343.326171875,-20647.067022033036,-15190.307337202132,1,,-15190.307337202132,9429,371183065720.0,3301
1,56284398.262174144,56316915.76269531,32517.500521168113,39081.099742785096,5,-9.234848909080029,39082.100072838366,9439,371693494170.0,3302
1,57681064.77812894,57713420.40686035,32355.628731414676,39082.100072838366,5,-7.734353829175234,39082.100072838366,9440,371694890680.0,3302
0,60078768.72250606,60110861.21228027,32092.48977421224,39098.56911054999,5,16.969202738255262,39082.100072838366,9441,371697288130.0,3302
0,61640513.46516253,61672425.22344971,31911.75828717649,39099.9603234753,5,18.360415663570166,39082.100072838366,9442,371698849700.0,3302
1,66486981.759487286,66518306.638793945,31324.879306659102,39078.25173664093,5,-12.082855053246021,39082.100072838366,9443,371703695600.0,3302
0,626986.4745091016,597992.547668457,-28993.926840644563,-28920.810878439806,3,15.239233101485297,-28930.598794359714,9459,372138645050.0,3303
1,1058665.8500312131,1029600.8923950195,-29064.957636193605,-28941.50142872287,3,-15.796592323109508,-28930.598794359714,9460,372139076660.0,3303
3,8245245.451154357,8215353.33392334,-29892.11723101698,-28930.598794359714,3,0.5573592216242105,-28930.598794359714,9461,372146262440.0,3303
2,544267.4888028532,593991.7614746094,49724.27267175622,49787.74236808694,6,11.333590626483783,49780.29455020232,9473,372639483930.0,3304
2,5156061.169871728,5205244.076660156,49182.906788428314,49784.18032294419,6,7.771545483730733,49780.29455020232,9474,372644095200.0,3304
0,34409992.3664214,34455771.89642334,45779.53000193834,49792.24766589701,6,15.838888436555862,49780.29455020232,9475,372673345840.0,3304
3,38805415.63665545,38850665.0413208,45249.404665350914,49774.69415464997,6,-9.486168294213712,49780.29455020232,9476,372677740750.0,3304
3,39751430.61378479,39796571.413635254,45140.79985046387,49776.408777460456,6,-7.771545483730733,49780.29455020232,9477,372678686660.0,3304
2,72050285.74504521,72091657.55700684,41371.811961621046,49773.94850450754,6,-10.231818436644971,49780.29455020232,9478,372710981870.0,3304
2,1655420.6862296455,1727073.5753173828,71652.8890877373,71845.93579807016,2,0.5749632332008332,71845.64831645356,9495,373642364730.0,3306
0,78487996.45373797,78550688.94506836,62692.49133038521,71845.36083483696,2,-0.5749632332008332,71845.64831645356,9496,373719188640.0,3306
1,47982017.32390997,47992105.0065918,10087.682681828737,15683.100617930293,1,,15683.100617930293,9509,374189559860.0,3307
2,38812922.24452905,38791662.51586914,-21259.728659912944,-16733.563788324594,2,-21.034503400325775,-16723.04653662443,9540,375182090200.0,3309
2,73070004.73021409,73044771.14996338,-25233.58025071025,-16712.52928492427,2,21.034503400325775,-16723.04653662443,9541,375216343440.0,3309
2,23331882.96884711,23389636.81390381,57753.845056697726,60474.69015092403,2,-0.7638365253806114,60475.07206918672,9558,375667523060.0,3310
0,74401231.81585212,74453030.97796631,51799.162114188075,60475.45398744941,2,0.7638365253806114,60475.07206918672,9559,375718586650.0,3310
2,1210348.6722750594,1276812.4424438477,66463.77016878827,66604.91485272394,3,-1.5250147650949657,66605.4051450342,9566,376146351080.0,3311
0,55739975.97422476,55800083.33734131,60107.363116547465,66607.47458994389,3,2.314591064816341,66605.4051450342,9567,376200874560.0,3311
0,74997269.88497838,75055129.49133301,57859.60635462403,66605.4051450342,3,-0.7895762997213751,66605.4051450342,9568,376220129680.0,3311
3,20079450.129973054,20146335.161499023,66885.0315259695,69226.59450457245,3,9.044316373765469,69226.56841540337,9581,376666092740.0,3312
3,35789551.94429125,35854604.91784668,65052.97355543077,69226.56841540337,3,9.00518262013793,69226.56841540337,9582,376681801070.0,3312
3,66374609.36941421,66436077.633239746,61468.263825535774,69208.531960994,3,-18.0494989939034,69226.56841540337,9583,376712382660.0,3312
0,40521865.41667291,40533059.86352539,11194.446852482855,15919.899953506887,6,22.723778150975704,15900.659655217081,9591,377187403320.0,3313
0,41793597.73672429,41804634.986816406,11037.250092118979,15911.00612474978,6,13.829949393868446,15900.659655217081,9592,377188674900.0,3313
2,52773262.08282176,52783002.883117676,9740.80029591918,15894.948738895357,6,-9.194396182894707,15900.659655217081,9593,377199653310.0,3313
3,56271077.3726431,56280419.4699707,9342.09732760489,15904.143135078251,6,6.966959722340107,15900.659655217081,9594,377203150740.0,3313
1,71280161.24228966,71287741.91461182,7580.672322154045,15893.000876635313,6,-11.142258442938328,15900.659655217081,9595,377218158120.0,3313
3,73284303.09448087,73291654.22930908,7351.134828209877,15897.176175355911,6,-6.966959722340107,15900.659655217081,9596,377220162040.0,3313
3,16464904.270048663,16537369.077392578,72464.8073439151,74384.86043478176,4,12.225715447217226,74373.65497508273,9603,377664253490.0,3314
1,47302886.83337366,47371740.82287598,68853.9895023182,74370.21070723236,4,-4.46452359855175,74373.65497508273,9604,377695087980.0,3314
3,53280348.54862087,53348507.90106201,68159.35244113952,74372.63471933454,4,-2.0405114963650703,74373.65497508273,9605,377701064770.0,3314
2,58592675.6333614,58660217.52984619,67541.89648479223,74374.67523083091,4,2.0405114963650703,74373.65497508273,9606,377706376500.0,3314
2,69506537.97955784,69438917.06829834,-67620.91125950217,-59515.413596466184,1,,-59515.413596466184,9615,378218082090.0,3315
2,2307346.3026724164,2300013.6271362305,-7332.675536185969,-7063.604588218033,2,-1.658321948722005,-7062.775427243672,9628,378651819090.0,3316
3,13049166.108833216,13040582.435424805,-8583.673408411443,-7061.946266269311,2,1.658321948722005,-7062.775427243672,9629,378662559700.0,3316
1,18701456.177006055,18695984.036865234,-5472.140140820295,-3291.271783042699,5,4.962329236790538,-3294.517113085836,9644,379169033940.0,3317
0,27419620.084343195,27413150.605163574,-6469.479179620743,-3271.943048838526,5,24.291063440963626,-3294.517113085836,9645,379177751140.0,3317
2,30955701.458474983,30948797.04547119,-6904.413003791124,-3294.517113085836,5,0.09433417208492756,-3294.517113085836,9646,379181286800.0,3317
2,46365785.885094434,46357077.95233154,-8707.932762891054,-3300.9914871305227,5,-8.097039066255093,-3294.517113085836,9647,379196695140.0,3317
3,61157201.02334629,61146771.23162842,-10429.791717872024,-3297.951111473143,5,-5.056663408875465,-3294.517113085836,9648,379211484890.0,3317
3,33446284.242580228,33540192.232910156,93907.9903299287,97808.32527173683,1,,97808.32527173683,9659,379684740030.0,3318
1,21738153.085736986,21796070.068359375,57916.98262238875,60451.97507284209,2,-17.495266888290644,60460.72270628624,9671,380173943960.0,3319
0,47081993.87359688,47136972.88214111,54979.00854423642,60469.47033973038,2,17.495266888290644,60460.72270628624,9672,380199284960.0,3319
2,74900169.1430243,74954235.06335449,54065.92033019662,62800.39572773874,1,,62800.39572773874,9676,380728032250.0,3320
2,9600207.606620952,9661309.884399414,61102.277778461576,62221.804985284805,5,-9.14358638599515,62229.30316335708,9693,381664420740.0,3322
0,23462994.84134882,23522496.724609375,59501.883260555565,62238.01795209199,5,12.463877771049738,62229.30316335708,9694,381678281980.0,3322
1,44452336.01442976,44509366.23675537,57030.222325608134,62214.02684465796,5,-16.921727012842894,62229.30316335708,9695,381699268930.0,3322
0,56637184.94765429,56692809.511413574,55624.56375928223,62229.30316335708,5,2.1036807224154472,62229.30316335708,9696,381711452420.0,3322
0,68585569.19787592,68639803.6928711,54234.49499517679,62232.59397998452,5,7.039905663579702,62229.30316335708,9697,381723399460.0,3322
1,30510972.183663554,30501584.067077637,-9388.11658591777,-5830.082753121853,3,-6.830524183809757,-5823.5191190466285,9723,382687022120.0,3324
2,47161583.47910598,47150260.21685791,-11323.262248069048,-5823.5191190466285,3,3.014926929026842,-5823.5191190466285,9724,382703670860.0,3324
3,63445949.49922773,63432727.771118164,-13221.728109568357,-5822.985338829458,3,3.815597254782915,-5823.5191190466285,9725,382719953390.0,3324
3,1702133.5667187828,1726087.5395507812,23953.972831998486,24152.466960008256,1,,24152.466960008256,9740,383159111410.0,3325
1,59218728.94971123,59249971.89544678,31242.945735543966,38148.7316236496,2,-11.795765817165375,38154.62950655818,9752,383717538300.0,3326
3,68636419.28278372,68666575.78131104,30156.49852731824,38160.52738946676,2,11.795765817165375,38154.62950655818,9753,383726954940.0,3326
2,32514669.094293907,32469806.98272705,-44862.1115668565,-41070.4168282114,3,5.543546140193939,-41070.4168282114,9784,384692447890.0,3328
3,39418276.27976349,39372610.50946045,-45665.77030304074,-41069.0121338889,3,7.650587623938918,-41070.4168282114,9785,384699350720.0,3328
1,74490385.61539862,74440616.01824951,-49769.59714910388,-41082.90861481428,3,-13.194133764132857,-41070.4168282114,9786,384734418860.0,3328
1,58308142.121121064,58357916.96508789,49774.8439668268,56574.44186706841,3,-4.861760042607784,56575.7903162241,9805,385219161060.0,3329
3,67271574.64366573,67320312.59295654,48737.949290812016,56582.81693799794,3,7.70084635168314,56575.7903162241,9806,385228123490.0,3329
1,69758942.19606462,69807383.05462646,48440.858561843634,56575.7903162241,3,-2.8390863090753555,56575.7903162241,9807,385230610570.0,3329
1,27848095.33446545,27901872.702087402,53777.367621950805,57024.870349250734,3,1.2513589672744274,57024.870349250734,9816,385689616900.0,3330
0,58032322.67354584,58082586.95446777,50264.280921936035,57031.714166127145,3,11.517084281891584,57024.870349250734,9817,385719797730.0,3330
3,65877163.60656154,65926496.87182617,49333.26526463032,57015.52381443977,3,-12.768443249166012,57024.870349250734,9818,385727641670.0,3330
0,6033283.582596475,6012261.512817383,-21022.069779092446,-20318.499044586904,2,24.31554390396923,-20330.65681653889,9825,386168658150.0,3331
1,22080017.651994202,22057099.97845459,-22917.673539612442,-20342.814588490874,2,-24.31554390396923,-20330.65681653889,9826,386184703050.0,3331
2,12269108.860209588,12274560.683654785,5451.823445197195,6882.584292806685,8,5.632819540798664,6878.083194162697,9834,386675766170.0,3332
0,12543655.258367948,12549089.63079834,5434.37243039161,6897.1494775321335,8,20.198004266247153,6878.083194162697,9835,386676040700.0,3332
2,48412674.23575145,48413902.083740234,1227.8479887843132,6873.486935652792,8,-5.727979406714439,6878.083194162697,9836,386711905650.0,3332
0,52909186.49985239,52909904.84088135,718.341028958559,6888.340283624828,8,11.388810358941555,6878.083194162697,9837,386716401670.0,3332
2,60029668.67463507,60029547.53601074,-121.13862432539463,6879.214915059507,8,2.2634417936205864,6878.083194162697,9838,386723521340.0,3332
1,62041630.736572415,62041269.820739746,-360.91583266854286,6874.062452316284,8,-5.1524627432227135,6878.083194162697,9839,386725533070.0,3332
2,74259355.76489949,74257572.96936035,-1782.7955391407013,6876.951473265886,8,-2.2634417936205864,6878.083194162697,9840,386737749420.0,3332
2,78063598.82921329,78061368.38122559,-2230.447987705469,6872.930432111025,8,-6.284482948482037,6878.083194162697,9841,386741553230.0,3332
2,3872405.5807686145,3912877.8385620117,40472.25779339718,40923.83796553174,2,-8.860321919899434,40928.26812649169,9850,387168276520.0,3333
3,14484573.562726859,14523817.143981934,39243.58125507459,40932.69828745164,2,8.860321919899434,40928.26812649169,9851,387178887500.0,3333
3,6991970.557656506,7018460.842895508,26490.285239001736,27305.653154920787,4,7.805998403578997,27298.21760111302,9854,387672298980.0,3334
2,23102264.54481726,23126869.064697266,24604.519880004227,27298.588045708835,4,0.7408891916275024,27298.21760111302,9855,387688407450.0,3334
1,29657180.757617846,29681013.928588867,23833.170971021056,27291.64000589028,4,-6.948039818555117,27298.21760111302,9856,387694961620.0,3334
3,44234778.614700094,44256918.027770996,22139.41307090223,27297.847156517208,4,-0.7408891916275024,27298.21760111302,9857,387709537580.0,3334
1,14942309.0417489,15021015.312072754,78706.27032385394,80448.76613128372,1,,80448.76613128372,9865,388181154430.0,3335
3,6260802.1279479675,6204928.844665527,-55873.283282440156,-55143.18049654458,2,18.829132377170026,-55152.59506273316,9894,389174200200.0,3337
2,66359108.855610594,66296208.38543701,-62900.470173582435,-55162.00962892175,2,-18.829132377170026,-55152.59506273316,9895,389234291710.0,3337
3,27443110.529782966,27434430.643432617,-8679.886350348592,-5479.61088372767,2,-4.384138002991676,-5477.418814726174,9903,389696267800.0,3338
0,44819525.86101909,44808824.00994873,-10701.85107035935,-5475.226745724678,2,4.384138002991676,-5477.418814726174,9904,389713642260.0,3338
0,38841546.16526539,38912353.95288086,70807.78761547059,75337.2904625833,3,-10.131286893039942,75340.94614043832,9918,390208554600.0,3339
2,61956619.43191463,62024735.31335449,68115.88143986464,75340.94614043832,3,-4.64777011051774,75340.94614043832,9919,390231667070.0,3339
3,64279898.50052371,64347756.40423584,67857.90371213108,75353.89735851437,3,14.779057003557682,75340.94614043832,9920,390233990100.0,3339
0,70874087.85226057,70874518.08856201,430.2363014370203,8695.210649982095,1,,8695.210649982095,9929,390741485720.0,3340
0,57315.13642839932,25144.947265625,-32170.189162774317,-32163.50536412916,2,-16.431416848514345,-32155.289655704903,9943,391171494060.0,3341
0,48483630.2340025,48445829.24658203,-37800.98742046952,-32147.073947280645,2,16.431416848514345,-32155.289655704903,9944,391219914930.0,3341
3,30471904.89040648,30502777.362487793,30872.472081314772,34425.95008579269,3,-16.239662759006023,34441.01398546249,9954,391702787810.0,3342
0,40794951.71013029,40824637.77661133,29686.066481038928,34443.365511640906,3,9.883476013317704,34441.01398546249,9955,391713109710.0,3342
2,51317600.80802407,51346057.425354004,28456.61732993275,34441.01398546249,3,6.356186745688319,34441.01398546249,9956,391723631170.0,3342
1,78389911.84661263,78325902.88690186,-64008.959710776806,-54867.52833254635,1,,-54867.52833254635,9971,392251523120.0,3343
3,68084676.86790243,68085261.48254395,584.6146415174007,8524.302119612694,1,,8524.302119612694,9983,392742093320.0,3344
0,13573495.55736281,13550185.704711914,-23309.852650895715,-21726.980884905905,5,4.6749189756810665,-21731.265937797725,9996,393188433940.0,3345
3,26382918.141970243,26358106.58441162,-24811.55755862221,-21734.916316516697,5,-5.792905164882541,-21731.265937797725,9997,393201241910.0,3345
1,42576331.56755324,42549634.48742676,-26697.080126479268,-21732.045669965446,5,-2.9222586136311293,-21731.265937797725,9998,393217433500.0,3345
1,44148228.066596046,44121348.45965576,-26879.60694028437,-21731.265937797725,5,-1.7526603620499372,-21731.265937797725,9999,393219005220.0,3345
0,62810767.30330704,62781746.89416504,-29020.409142002463,-21695.738076664507,5,35.91772721707821,-21731.265937797725,10000,393237665690.0,3345
2,38242158.562780455,38243562.33483887,1403.7720584124327,5863.377382896841,1,,5863.377382896841,10010,393713935220.0,3346
3,13778193.88198568,13787573.17163086,9379.289645180106,10986.032284904271,3,-6.499722920358181,10986.032284904271,10020,394190362210.0,3347
1,29259858.900192358,29267423.80407715,7564.903884790838,10977.039272777736,3,-19.989241110160947,10986.032284904271,10021,394205842120.0,3347
1,76715739.99790618,76717801.824646,2061.8267398178577,11008.024742871523,3,26.488964030519128,10986.032284904271,10022,394253292680.0,3347
0,20739134.231300335,20727067.57647705,-12066.654823284596,-9648.162852145731,2,26.57104143500328,-9661.448372863233,10033,394698191460.0,3348
1,48131820.15476255,48116532.533691406,-15287.621071144938,-9674.733893580735,2,-26.57104143500328,-9661.448372863233,10034,394725581030.0,3348
3,19783374.424341258,19767926.518188477,-15447.906152781099,-13140.870011653751,1,,-13140.870011653751,10046,395198058300.0,3349
2,47775107.71220341,47730696.252319336,-44411.45988407731,-38840.17069072276,1,,-38840.17069072276,10057,395726922170.0,3350
3,38933.8420824277,-1450.3328247070312,-40384.17490713473,-40379.63464120888,2,-10.613220983381325,-40374.328030717195,10079,396680886610.0,3352
0,44013442.682281,43967941.0378418,-45501.64443920553,-40369.0214202255,2,10.613220983381325,-40374.328030717195,10080,396724856170.0,3352
3,41518493.932962805,41474496.006225586,-43997.926737219095,-39156.25190591812,2,-26.11952404677868,-39143.19214389473,10088,397223151580.0,3353
0,75625224.37687765,75577275.21685791,-47949.16001974046,-39130.13238187134,2,26.11952404677868,-39143.19214389473,10089,397257254490.0,3353
3,75261716.87416941,75266749.59057617,5032.7164067626,13809.353655189276,2,3.777579501271248,13807.46486543864,10101,397757790940.0,3354
3,77978347.03381062,77983059.1730957,4712.139285087585,13805.576075688004,2,-3.777579501271248,13807.46486543864,10102,397760507260.0,3354
3,27429164.030481786,27482410.0178833,53245.987401515245,56444.63649857789,2,-31.752858944237232,56460.51292805001,10112,398210857490.0,3355
1,74830938.2585983,74878688.24591064,47749.9873123467,56476.38935752213,2,31.752858944237232,56460.51292805001,10113,398258253950.0,3355
3,14039086.65738311,14071678.307861328,32591.65047821775,34228.817101681605,2,4.0742446053773165,34226.779979378916,10126,398698378420.0,3356
2,27566066.306997743,27597076.435913086,31010.128915343434,34224.74285707623,2,-4.0742446053773165,34226.779979378916,10127,398711903870.0,3356
0,34248667.06789264,34215186.08703613,-33480.98085650802,-29487.076125375926,2,14.20527421683073,-29494.178762484342,10134,399219408150.0,3357
0,59906935.01755681,59870447.69519043,-36487.3223663792,-29501.281399592757,2,-14.20527421683073,-29494.178762484342,10135,399245063510.0,3357
3,3094706.6126683783,3097641.6900634766,2935.077395098284,3295.966283337213,4,-4.103307380340993,3298.0179370273836,10152,400190011320.0,3359
3,14332215.598651372,14333838.59753418,1622.9988828077912,3294.3487071264535,4,-5.7208835911005735,3298.0179370273836,10153,400201247560.0,3359
0,54916206.66295959,54913102.96984863,-3103.6931109577417,3300.3545902892947,4,4.388306952081621,3298.0179370273836,10154,400241826980.0,3359
0,71086980.69088972,71081990.95965576,-4989.73123395443,3300.069590717554,4,4.103307380340993,3298.0179370273836,10155,400257995930.0,3359
0,41763591.41123192,41837092.1940918,73500.78285987675,78371.03970799595,2,22.54737513512373,78359.76602042839,10166,400729625800.0,3360
2,67891470.66588901,67961902.00146484,70431.33557583392,78348.49233286083,2,-22.54737513512373,78359.76602042839,10167,400755750710.0,3360
3,29967138.47864327,30025078.21435547,57939.7357122004,61434.350434318185,4,14.386608563363552,61424.67758085206,10178,401218781550.0,3361
2,36352463.00342521,36409643.72857666,57180.72515144944,61419.96382575482,4,-9.42751019448042,61424.67758085206,10179,401225166140.0,3361
1,49486167.42921588,49541813.36468506,55645.935469180346,61416.75971262902,4,-12.631623320281506,61424.67758085206,10180,401238298360.0,3361
0,50001682.93751201,50057281.38781738,55598.45030537248,61429.3913359493,4,9.42751019448042,61424.67758085206,10181,401238813830.0,3361
2,5343961.868307814,5343581.839416504,-380.0288913100958,243.15666351746768,2,11.116702924482524,237.59831205522642,10196,401695003000.0,3362
2,65198253.36346013,65190882.31591797,-7371.04754216224,232.03996059298515,2,-11.116702924482524,237.59831205522642,10197,401754850530.0,3362
0,9551906.570857674,9556437.81829834,4531.24744066596,5645.142027251422,2,19.922306403517723,5635.1808740496635,10218,402700969730.0,3364
2,58524999.68799799,58523800.020996094,-1199.6670018956065,5625.219720847905,2,-19.922306403517723,5635.1808740496635,10219,402749937280.0,3364
0,53525572.29691933,53561176.259765625,35603.962846294045,41845.84186626971,1,,41845.84186626971,10232,403245815470.0,3365
3,11873309.876326412,11946022.698364258,72712.82203784585,74097.42682831176,3,17.971651392057538,74083.68659420311,10238,403705136990.0,3366
1,41699537.424274355,41768758.32366943,69220.89939507842,74083.68659420311,3,-2.6386997709050775,74083.68659420311,10239,403734959840.0,3366
1,78581685.46281934,78646596.89154053,64911.4287211895,74075.22375963628,3,-15.33295162115246,74083.68659420311,10240,403771837820.0,3366
2,6698054.327875057,6734033.298522949,35978.97064789198,36760.06355338916,3,8.460245818831027,36754.07432149537,10256,404200920950.0,3367
1,13025983.982276294,13061219.032836914,35235.05056061968,36754.07432149537,3,-0.5236020218580961,36754.07432149537,10257,404207248160.0,3367
1,31080395.10423304,31113519.79949951,33124.69526647031,36749.13229364529,3,-7.93664379697293,36754.07432149537,10258,404225300530.0,3367
2,7868908.057200607,7893789.95300293,24881.895802322775,25799.52769311145,2,-2.4337135702371597,25800.744549896568,10271,404702948680.0,3368
3,25525686.95835633,25548512.2444458,22825.286089472473,25801.961406681687,2,2.4337135702371597,25800.744549896568,10272,404720603470.0,3368
3,47839780.70963643,47926027.3684082,86246.65877177566,91825.4897999689,1,,91825.4897999689,10283,405243890000.0,3369
0,23585897.765161373,23606955.40814209,21057.642980717123,23808.109983872622,1,,23808.109983872622,10294,405720524820.0,3370
0,4030953.407361175,4108897.289428711,77943.882067536,78413.95127790002,2,12.767187166493386,78407.56768431677,10305,406201894400.0,3371
3,48729617.298439056,48802335.88330078,72718.58486172557,78401.18409073353,2,-12.767187166493386,78407.56768431677,10306,406246588010.0,3371
2,6784696.44438334,6912055.315246582,127358.87086324207,128150.0675301021,2,-16.027251043356955,128158.08115562377,10319,406705650530.0,3372
0,24970001.35921301,25095255.57989502,125254.22068201005,128166.09478114545,2,16.027251043356955,128158.08115562377,10320,406723833800.0,3372
3,43187470.94289355,43256212.345825195,68741.40293164551,73777.70534255356,3,4.734441231936216,73774.52124983817,10331,407243041740.0,3373
3,54983844.52426303,55051207.11022949,67362.5859664604,73774.52124983817,3,-0.04169784113764763,73774.52124983817,10332,407254836780.0,3373
1,69139944.15255404,69205652.82574463,65708.67319059372,73771.42055280507,3,-4.692743390798569,73774.52124983817,10333,407268991280.0,3373
0,25878659.963467654,25905187.78869629,26527.82522863522,29545.662455949932,1,,29545.662455949932,10341,407726611610.0,3374
0,21727545.97316809,21798458.45336914,70912.48020105064,73446.23570417985,1,,73446.23570417985,10352,408223421730.0,3375
2,55547516.85106387,55553167.755615234,5650.904551364481,12128.57242422551,2,-0.8287227377295494,12128.986785594374,10360,408758134650.0,3376
1,63674442.57856791,63679146.59124756,4704.01267965138,12129.401146963239,2,0.8287227377295494,12128.986785594374,10361,408766260660.0,3376
2,212971.75582934706,198843.0048828125,-14128.750946534565,-14103.915267484117,2,4.43440513141104,-14106.132470049823,10377,409203685970.0,3377
1,12664230.445578218,12648645.257995605,-15585.187582612038,-14108.349672615528,2,-4.43440513141104,-14106.132470049823,10378,409216135820.0,3377
0,8575099.025692713,8671925.649841309,96826.62414859608,97826.6084253788,4,7.101564824581146,97822.8111917004,10391,409713017070.0,3378
2,11945587.533867233,12042002.725097656,96415.19123042375,97808.22467236966,4,-17.890850476920605,97822.8111917004,10392,409716387160.0,3378
0,69272895.0276154,69362642.89172363,89747.86410823464,97826.11552284658,4,6.6086622923612595,97822.8111917004,10393,409773708020.0,3378
0,78246233.65112835,78334928.48162842,88694.83050006628,97819.50686055422,4,-6.6086622923612595,97822.8111917004,10394,409782680340.0,3378
1,10685775.76753376,10689216.463745117,3440.6962113566697,4686.8168358225375,2,-2.998225776478648,4688.315948710777,10406,410216046210.0,3379
3,40668644.242918156,40668591.48828125,-52.7546369060874,4689.815061599016,2,2.998225776478648,4688.315948710777,10407,410246025700.0,3379
1,53827673.50554365,53892551.69793701,64878.19239336252,71155.30091421306,4,-7.913030311465263,71161.13840366527,10425,410760163760.0,3380
2,58755901.39891766,58820212.79956055,64311.40064288676,71163.21394452453,4,4.151081718504429,71161.13840366527,10426,410765091440.0,3380
0,64336761.40604443,64400431.398620605,63669.99257617444,71172.61728434265,4,13.554421536624432,71161.13840366527,10427,410770671680.0,3380
2,64796896.85464789,64860499.63415527,63602.779507383704,71159.06286280602,4,-4.151081718504429,71161.13840366527,10428,410771131750.0,3380
0,26330934.453587275,26395850.627746582,64916.17415930703,67986.75332902744,3,18.283557444810867,67971.76615869254,10691,421251330270.0,3401
2,35573568.41963793,35637385.185058594,63816.76542066038,67965.17338447273,3,-14.086359387263656,67971.76615869254,10692,421260571840.0,3401
2,58294834.33551959,58356008.05566406,61173.720144473016,67971.76615869254,3,-4.197198057547212,67971.76615869254,10693,421283290550.0,3401
3,60505091.282341525,60501250.52807617,-3840.7542653530836,3215.040631748736,1,,3215.040631748736,10706,421786408730.0,3402
2,23938949.058532014,24002079.76043701,63130.70190499723,65922.33994783461,1,,65922.33994783461,10713,422250738220.0,3403
2,24568400.550801154,24557012.40460205,-11388.146199103445,-8523.104736272246,2,-74.72277960553765,-8485.743346469477,10721,422752247140.0,3404
1,75907785.8933742,75890485.53289795,-17300.360476255417,-8448.381956666708,2,74.72277960553765,-8485.743346469477,10722,422803580810.0,3404
2,3987411.0182136428,3955534.670776367,-31876.347437275574,-31411.3559180717,4,-8.0842674667947,-31407.3137843383,10732,423232473360.0,3405
3,5309250.9071235545,5277229.601928711,-32021.30519484356,-31402.16745512653,4,9.188462945166975,-31407.3137843383,10733,423233795060.0,3405
0,63379221.153556585,63340426.9206543,-38794.23290228844,-31403.271650604904,4,8.0842674667947,-31407.3137843383,10734,423291858480.0,3405
2,76292236.4653658,76251927.4031372,-40309.06222859025,-31412.25104573369,4,-8.979395128786564,-31407.3137843383,10735,423304770030.0,3405
2,11377770.775579214,11437367.290222168,59596.51464295387,60923.33219296858,5,-0.031311582773923874,60923.33219296858,10743,423740768150.0,3406
0,31360368.857637204,31417650.66278076,57281.80514355749,60938.89128072932,5,15.699598925188184,60923.33219296858,10744,423760748510.0,3406
3,32857743.571999773,32914834.920837402,57091.34883762896,60923.051170639694,5,-0.4528450760990381,60923.33219296858,10745,423762245700.0,3406
2,46547786.91299109,46603282.42352295,55495.51053185761,60923.67583846301,5,0.484156658872962,60923.33219296858,10746,423775934200.0,3406
1,72691496.14837568,72743932.17016602,52436.02179034054,60912.93301741779,5,-10.57099829800427,60923.33219296858,10747,423802074950.0,3406
3,26264018.16384481,26294141.149414062,30122.985569253564,33185.76130283624,2,-9.094014666974545,33190.30831016973,10760,424256562070.0,3407
0,76654262.0910484,76678517.91760254,24255.826554134488,33194.855317503214,2,9.094014666974545,33190.30831016973,10761,424306946640.0,3407
0,1619413.9931380847,1612052.926940918,-7361.066197166685,-7172.218403585954,1,,-7172.218403585954,10772,424732743760.0,3408
2,29698570.016919736,29697716.350769043,-853.6661506928504,2609.629488326609,3,2.9777122288942337,2608.323725566268,10781,425261688540.0,3409
1,51337645.12563279,51334263.37133789,-3381.7542949020863,2604.979826629162,3,-3.9967803172767162,2608.323725566268,10782,425283325170.0,3409
3,57437429.71654633,57433339.980407715,-4089.736138612032,2608.323725566268,3,1.0190680883824825,2608.323725566268,10783,425289424270.0,3409
1,10634277.948225223,10645004.458312988,10726.510087765753,11966.62529941462,4,2.209402469918132,11965.52059817966,10791,425743520620.0,3410
0,24543395.676502828,24552511.120910645,9115.444407816976,11977.569929845631,4,13.154032900929451,11965.52059817966,10792,425757428180.0,3410
2,63203478.92210343,63208072.870910645,4593.948807217181,11964.415896944702,4,-2.209402469918132,11965.52059817966,10793,425796083890.0,3410
1,79007632.80917862,79010372.26672363,2739.4575450122356,11952.924388751388,4,-13.700910663232207,11965.52059817966,10794,425811886250.0,3410
2,57637013.653559834,57677005.27404785,39991.6204880178,46712.954812154174,2,0.1403551995754242,46712.884634554386,10809,426291397730.0,3411
2,75328969.09600532,75366897.43060303,37928.334597706795,46712.8144569546,2,-0.1403551995754242,46712.884634554386,10810,426309087690.0,3411
0,10300937.53390079,10302921.963989258,1984.430088467896,3185.672842534259,3,18.236342772841454,3176.534928444773,10821,426744917290.0,3412
3,19848993.503411353,19849855.35003662,861.8466252684593,3176.534928444773,3,4.529471638612449,3176.534928444773,10822,426754464260.0,3412
1,48913439.594121136,48910893.89654541,-2545.697575725615,3158.338071078062,3,-22.765814411453903,3176.534928444773,10823,426783525410.0,3412
1,54945.15035142469,29516.573364257812,-25428.576987166874,-25422.16956420042,4,-7.9584347175841685,-25417.686931876466,10840,427235483910.0,3413
2,15871615.17538329,15844355.921081543,-27259.254301747307,-25408.387556655332,4,12.775177614763379,-25417.686931876466,10841,427251298810.0,3413
3,18796370.853457708,18768764.70550537,-27606.147952336818,-25414.211129482836,4,6.951604787260294,-25417.686931876466,10842,427254223230.0,3413
2,70895673.57434347,70861984.92004395,-33688.65429952741,-25421.162734270096,4,-6.951604787260294,-25417.686931876466,10843,427306316650.0,3413
2,33083096.058125377,33139948.89630127,56852.83817589283,60710.819965522736,2,-28.053952615708113,60724.84694183059,10858,427769409190.0,3414
2,53420121.61764986,53474630.90966797,54509.29201810807,60738.873918138444,2,28.053952615708113,60724.84694183059,10859,427789743950.0,3414
0,26481339.92000901,26589603.16369629,108263.24368727952,111351.36237474903,1,,111351.36237474903,10886,429265504710.0,3417
0,7472564.630253948,7518903.1212768555,46338.4910229072,47209.90336638037,4,9.159444340504706,47203.07314122468,10900,429747375890.0,3418
3,24056134.087838985,24100529.528198242,44395.44035925716,47200.74392203987,4,-4.658438369631767,47203.07314122468,10901,429763957580.0,3418
2,42282004.94655706,42324279.6373291,42274.69077204168,47205.4023604095,4,4.658438369631767,47203.07314122468,10902,429782181400.0,3418
2,57982455.40859547,58022889.43078613,40434.02219066024,47195.64016895741,4,-9.762191452085972,47203.07314122468,10903,429797880070.0,3418
3,41769702.37369709,41745352.82244873,-24349.5512483567,-19478.58177098632,3,-4.926190089434385,-19476.33993178606,10910,430282506280.0,3419
3,57336145.71827279,57309983.12969971,-26162.58857308328,-19476.33993178606,3,-1.5634312890470028,-19476.33993178606,10911,430298070970.0,3419
0,65144781.00891177,65117713.18585205,-27067.82305972278,-19470.971230007708,3,6.489621378481388,-19476.33993178606,10912,430305878730.0,3419
0,32286096.858409725,32283412.204833984,-2684.6535757407546,1080.3862355016172,3,12.753161959350109,1080.3862355016172,10923,430773914320.0,3420
1,34191919.65604904,34188984.89666748,-2934.7593815624714,1052.5277560651302,3,-29.03455719538033,1080.3862355016172,10924,430775819900.0,3420
3,52730170.192757025,52725103.80786133,-5066.384895697236,1082.738391019404,3,16.28139523603022,1080.3862355016172,10925,430794356090.0,3420
1,4150449.9954079837,4155951.1802368164,5501.184828832746,5985.189121324569,2,-4.211063887923956,5987.294653268531,10934,431246654720.0,3421
3,36516526.03653949,36518257.06585693,1731.029317446053,5989.400185212493,2,4.211063887923956,5987.294653268531,10935,431279017150.0,3421
1,26379535.904174566,26426236.85784912,46700.953674554825,49777.20049735531,3,-22.36678821966052,49793.34741397947,10942,431769796900.0,3422
2,46831526.33655578,46875858.43041992,44332.093864142895,49793.34741397947,3,1.8535867165774107,49793.34741397947,10943,431790246600.0,3422
0,51602641.9840668,51646430.134521484,43788.15045468509,49805.787157170475,3,20.51320150308311,49793.34741397947,10944,431795017190.0,3422
0,150237.52389152395,191630.3057861328,41392.78189460887,41410.30182775762,3,-1.2729705618694425,41410.30182775762,10954,432244500050.0,3423
0,9284935.15222851,9325265.276916504,40330.1246879939,41412.88643049449,3,2.603933543432504,41410.30182775762,10955,432253633720.0,3423
1,75209632.7753982,75242272.47509766,32639.69969946146,41410.26316614449,3,-1.3309629815630615,41410.30182775762,10956,432319550980.0,3423
1,24297899.81731271,24359782.77746582,61882.960153110325,64716.45720117167,1,,64716.45720117167,10965,432769521160.0,3424
1,48096149.18088046,48126901.55950928,30752.37862882018,36361.106039494276,2,-8.945197060704231,36365.57863802463,10986,433795095220.0,3426
1,78560546.01611532,78587754.7374878,27208.72137247026,36370.05123655498,2,8.945197060704231,36365.57863802463,10987,433825556190.0,3426
2,6111688.3328362405,6080071.960021973,-31616.372814267874,-30903.658918006346,3,-108.88952099718153,-30846.59248559922,10998,434253905190.0,3427
0,25926926.032437634,25893055.97418213,-33870.05825550482,-30846.59248559922,3,-23.28987238649279,-30846.59248559922,10999,434273718250.0,3427
3,74544085.43836275,74504649.5413208,-39435.89704194665,-30742.94630841911,3,132.17939338367432,-30846.59248559922,11000,434322330030.0,3427
3,8177886.466410987,8169063.1076049805,-8823.35880600661,-7869.695430316031,3,3.3194586243480444,-7871.172189839184,11010,434756847310.0,3428
2,18798979.47752157,18788912.37890625,-10067.098615318537,-7874.857588041574,3,-4.423777963966131,-7871.172189839184,11011,434767467200.0,3428
1,58681563.75753316,58666849.44091797,-14714.316615194082,-7871.172189839184,3,1.1043193396180868,-7871.172189839184,11012,434807345290.0,3428
0,53226274.69143939,53290795.341796875,64520.65035748482,70727.62681847066,2,3.9639827758073807,70725.64482708275,11023,435302790080.0,3429
2,65988938.03103378,66051966.400756836,63028.36972305924,70723.66283569485,2,-3.9639827758073807,70725.64482708275,11024,435315551300.0,3429
2,36136218.96198776,36179987.71417236,43768.75218459964,47982.77358261496,2,-21.813658446073532,47993.680411837995,11037,435786639080.0,3430
0,43622701.47520916,43665619.00567627,42917.53046710789,48004.58724106103,2,21.813658446073532,47993.680411837995,11038,435794124740.0,3430
1,47139811.41032681,47103388.90093994,-36422.509386867285,-30925.305205367506,1,,-30925.305205367506,11045,436298436380.0,3431
0,17044563.036492173,17087243.215942383,42680.179450210184,44667.829387553036,2,1.433635339140892,44667.112569883466,11059,436769263000.0,3432
2,23464538.51618381,23506468.597229004,41930.08104519546,44666.395752213895,2,-1.433635339140892,44667.112569883466,11060,436775682250.0,3432
0,65557295.65351577,65542014.536865234,-15281.116650536656,-7636.159468650818,1,,-7636.159468650818,11073,437318572870.0,3433
3,39307894.53534226,39327965.24975586,20070.71441359818,24654.600427158177,3,1.3280055597424507,24654.600427158177,11099,438294101570.0,3435
3,57733835.66520742,57751754.59173584,17918.926528416574,24651.551741316915,3,-3.24502320215106,24654.600427158177,11100,438312525430.0,3435
2,73752368.79702249,73768423.16534424,16054.368321746588,24654.993101879954,3,1.9170176424086094,24654.600427158177,11101,438328542160.0,3435
0,29754313.679423597,29768152.858337402,13839.178913805634,17308.975094202906,3,19.799017701298,17292.519454061985,11112,438785450650.0,3436
1,67778895.24143586,67788277.04534912,9381.803913265467,17285.83269894123,3,-14.91457519121468,17292.519454061985,11113,438823470920.0,3436
2,72522773.57015005,72531608.85394287,8835.283792823553,17292.519454061985,3,-4.884442510083318,17292.519454061985,11114,438828214270.0,3436
1,33498188.08937581,33455425.93811035,-42762.15126545727,-38855.763561978936,1,,-38855.763561978936,11127,439289974930.0,3437
0,72608028.0667865,72685078.70355225,77050.63676574826,85517.81437121332,1,,85517.81437121332,11139,439830042750.0,3438
0,33122250.133287244,33140585.120422363,18334.987135119736,22197.534873131663,1,,22197.534873131663,11147,440291455930.0,3439
2,27724763.886716723,27771626.77911377,46862.89239704609,50096.012840453535,1,,50096.012840453535,11161,440786963880.0,3440
2,63098709.46518242,63165764.88531494,67055.42013251781,74413.66954297572,1,,74413.66954297572,11190,441824187020.0,3442
2,21158105.218990073,21163868.85723877,5763.638248696923,8230.98847778514,3,-7.295887064188719,8231.623889923096,11200,442283108740.0,3443
0,51129561.44910164,51131843.925476074,2282.4763744324446,8244.944839775562,3,13.638655921444297,8231.623889923096,11201,442313076830.0,3443
3,77944478.96158454,77943621.09820557,-857.8633789718151,8231.623889923096,3,-6.342768857255578,8231.623889923096,11202,442339888710.0,3443
2,5605602.469772405,5599120.632263184,-6481.837509221397,-5828.140762994997,1,,-5828.140762994997,11227,443269311870.0,3445
0,19732484.62429794,19760581.6038208,28096.97952286154,30398.08115527779,2,17.804104156792164,30389.179103199393,11238,443784294250.0,3446
1,78982024.60284734,79003194.39935303,21169.79650568962,30380.277051120996,2,-17.804104156792164,30389.179103199393,11239,443843537090.0,3446
3,30104240.058413323,30152978.757385254,48738.69897193089,52249.30178044364,2,8.988119807094336,52244.80772054009,11247,444295578720.0,3447
1,47921288.45665009,47967940.43426514,46651.97761504352,52240.313660636544,2,-8.988119807094336,52244.80772054009,11248,444313393750.0,3447
0,34838817.025032386,34887061.54663086,48244.52159847319,52307.246605187654,1,,52307.246605187654,11264,444801221750.0,3448
2,17194055.75723015,17213258.369750977,19202.612520825118,21207.69553617388,3,1.7433539796620607,21207.69553617388,11278,445284431720.0,3449
1,31713158.21431586,31730662.69329834,17504.47898247838,21202.705613609403,3,-5.741529867053032,21207.69553617388,11279,445298949180.0,3449
3,72242932.67685351,72255717.27355957,12784.596706062555,21209.198750779033,3,3.998175887390971,21207.69553617388,11280,445339474390.0,3449
0,4489597.311081849,4556416.1091918945,66818.79811004549,67342.35203131381,2,17.68816135171801,67333.50795063796,11292,445772617710.0,3450
2,74195266.41790266,74253938.80853271,58672.390630051494,67324.6638699621,2,-17.68816135171801,67333.50795063796,11293,445842315500.0,3450
0,36677382.40298487,36744403.574157715,67021.17117284238,71298.30028897524,4,9.567323341965675,71291.68318259716,11309,446305723710.0,3451
1,43313850.43248142,43380088.125305176,66237.69282375276,71288.73296563327,4,-5.900433927774429,71291.68318259716,11310,446312359420.0,3451
2,74223910.57447499,74286549.59429932,62639.01982432604,71294.63339956105,4,5.900433927774429,71291.68318259716,11311,446343266000.0,3451
1,79409104.94932957,79471129.71063232,62024.76130275428,71285.04577815533,4,-9.58762140572071,71291.68318259716,11312,446348450600.0,3451
3,3096536.9445618675,3163579.3521118164,67042.4075499489,67403.50988215022,4,9.507416071370244,67398.75617411453,11321,446773039910.0,3452
1,31936329.009213746,31999998.760009766,63669.75079602003,67394.00246607885,4,-9.507416071370244,67398.75617411453,11322,446801876440.0,3452
0,42088199.10805854,42150699.830566406,62500.72250786424,67408.8334486261,4,14.83098254725337,67398.75617411453,11323,446812027180.0,3452
3,52937819.802228086,52999038.2255249,61218.42329681665,67391.76162104309,4,-11.748261107131839,67398.75617411453,11324,446822875560.0,3452
1,18830428.210414782,18898373.887145996,67945.67673121393,70141.5851491876,3,-15.907485093921423,70155.45784836262,11336,447289700590.0,3453
3,21512376.80832519,21580023.602600098,67646.79427490756,70155.45784836262,3,4.901563668623567,70155.45784836262,11337,447292382250.0,3453
0,53048469.385253064,53112442.67095947,63973.28570640832,70159.52742020041,3,11.005921425297856,70155.45784836262,11338,447323914790.0,3453
2,8211323.176346917,8207635.410766602,-3687.765580315143,-2730.2029861900955,3,-8.915883000940084,-2728.951211705804,11348,447780028820.0,3454
0,25993292.05013773,25987547.222106934,-5744.828030794859,-2713.622994672507,3,15.95410427544266,-2728.951211705804,11349,447797808800.0,3454
3,46813495.48490816,46805307.3828125,-8188.1020956635475,-2728.951211705804,3,-7.038221274502575,-2728.951211705804,11350,447818626640.0,3454
2,57159925.6582252,57245096.616760254,85170.95853505284,91836.65729246289,2,6.472814239561558,91833.4208853431,11364,448329890150.0,3455
1,57605982.437454924,57691094.906311035,85112.46885611117,91830.18447822332,2,-6.472814239561558,91833.4208853431,11365,448330336150.0,3455
1,65066925.87839407,65091765.19189453,24839.313500463963,32427.08626227081,1,,32427.08626227081,11381,448838717970.0,3456
0,22743180.480789423,22794563.724609375,51383.24381995201,54035.43743505329,3,1.1496024020016193,54035.43743505329,11401,449798127360.0,3458
3,35266872.70866,35316785.69995117,49912.9912911728,54025.63396669924,3,-13.555600129067898,54035.43743505329,11402,449810649630.0,3458
0,46801846.317393705,46850431.466674805,48585.14928109944,54042.94169860333,3,12.405997727066278,54035.43743505329,11403,449822183320.0,3458
3,23001486.33461652,22974886.024353027,-26600.310263492167,-23917.994338240474,2,3.6074645407497883,-23919.79807051085,11419,450299204580.0,3459
1,38336779.45941185,38308387.21807861,-28392.24133323878,-23921.601802781224,2,-3.6074645407497883,-23919.79807051085,11420,450314538140.0,3459
0,12917075.44743023,12954581.571777344,37506.12434711307,39012.447750579566,4,9.7261926792562,39005.35542887077,11434,450790048110.0,3460
3,29390723.074749645,29426298.40020752,35575.325457874686,39002.72155790031,4,-5.267741940915585,39005.35542887077,11435,450806519890.0,3460
3,51243552.37321839,51276584.60101318,33032.22779479623,39007.989299841225,4,5.267741940915585,39005.35542887077,11436,450828370260.0,3460
1,53972155.83769105,54004854.13769531,32698.300004266202,38992.25731717795,4,-15.731982663273811,39005.35542887077,11437,450831098540.0,3460
2,39521566.365155585,39607314.52935791,85748.16420232505,90356.96753399074,1,,90356.96753399074,11449,451317549970.0,3461
3,2403760.1138085295,2461397.723754883,57637.60994635336,57917.92418083176,3,-11.142769889906049,57918.034278802574,11456,451781367880.0,3462
0,17225499.5368635,17281430.886657715,55931.349794216454,57940.09962264076,3,22.12039282359183,57918.034278802574,11457,451796187970.0,3462
1,50626538.57781584,50678552.80358887,52014.22577302903,57918.034278802574,3,-10.97762293368578,57918.034278802574,11458,451829585220.0,3462
3,13174782.978060247,13247949.43536377,73166.45730352215,74702.83324374259,3,-3.280521459877491,74702.83324374259,11472,452293028330.0,3463
3,51934135.1544535,52002780.8046875,68645.6502339989,74701.9439779073,3,-4.614420212805271,74702.83324374259,11473,452331783310.0,3463
3,62989243.612068996,63056608.41156006,67364.79949106276,74710.28355249763,3,7.894941672682762,74702.83324374259,11474,452342837180.0,3463
3,31235275.547471583,31227735.23779297,-7540.30967861414,-3897.811284735799,2,22.458820059895515,-3909.0406947657466,11485,452811966010.0,3464
1,36865522.986737415,36857303.64752197,-8219.339215442538,-3920.2701047956944,2,-22.458820059895515,-3909.0406947657466,11486,452817595600.0,3464
2,67025917.79159825,67049423.18817139,23505.396573133767,31321.61697218567,1,,31321.61697218567,11494,453348595900.0,3465
3,13600232.46597512,13656211.019348145,55978.55337302387,57564.543060816824,4,1.560954811051488,57563.7625834113,11503,453796081460.0,3466
2,13962904.92919426,14018839.628601074,55934.69940681383,57562.98210600577,4,-1.560954811051488,57563.7625834113,11504,453796444090.0,3466
0,15023238.889051136,15079065.5625,55826.67344886437,57578.60688197985,4,15.624775974079967,57563.7625834113,11505,453797504320.0,3466
2,65726783.47702975,65776681.12939453,49897.65236478299,57562.374351501465,4,-2.1687093153595924,57563.7625834113,11506,453848202130.0,3466
2,26434799.950134896,26382437.284179688,-52362.66595520824,-49279.974521461874,3,0.6793667543679476,-49279.974521461874,11516,454309683640.0,3467
3,32678803.190012667,32625713.340270996,-53089.849741671234,-49279.01452260837,3,2.119365034624934,-49279.974521461874,11517,454315926940.0,3467
2,68290182.72690412,68232936.78112793,-57245.945776194334,-49282.293253824115,3,-2.7987317889928818,-49279.974521461874,11518,454351534300.0,3467
2,55791260.473451324,55834749.55895996,43489.08550863713,49995.17751855403,1,,49995.17751855403,11526,454839971010.0,3468
1,55827864.17202011,55913396.3605957,85532.18857559562,92042.54912199825,1,,92042.54912199825,11536,455340917370.0,3469
3,53618271.56627744,53664807.6418457,46536.07556826621,52788.76470384747,1,,52788.76470384747,11551,455839652710.0,3470
1,3880104.4713819656,3880374.4473876953,269.9760057297535,722.4539831886068,2,-8.986119656823575,726.9470430170186,11569,456791690040.0,3472
2,58262418.73299584,58256355.90722656,-6062.825769275427,731.4401028454304,2,8.986119656823575,726.9470430170186,11570,456846066230.0,3472
2,6103559.7792035,6071051.274719238,-32508.504484261386,-31796.73849843256,4,-10.105976579710841,-31787.792824383825,11585,457294715670.0,3473
3,57812421.40845319,57773892.986450195,-38528.422002993524,-31786.63252185285,4,2.3206050619482994,-31787.792824383825,11586,457346418710.0,3473
3,62036120.07858202,61997096.78979492,-39023.28878709674,-31788.9531269148,4,-2.3206050619482994,-31787.792824383825,11587,457350641930.0,3473
0,62576518.36606756,62537444.71746826,-39073.64859929681,-31776.294449292123,4,12.658677622675896,-31787.792824383825,11588,457351182280.0,3473
3,75002371.20361613,75025832.01721191,23460.81359578669,32207.207275941968,1,,32207.207275941968,11601,457864514620.0,3474
3,34306993.75077523,34278741.59399414,-28252.156781092286,-24251.450289934874,2,-10.090479291975498,-24246.405050288886,11620,458324582350.0,3475
0,66372239.98481928,66340258.63317871,-31981.351640567183,-24241.359810642898,2,10.090479291975498,-24246.405050288886,11621,458356643990.0,3475
2,21481088.674675837,21527023.686462402,45935.011786565185,48440.02669758722,4,-16.301738891750574,48453.812632992864,11634,458812676280.0,3476
3,67649412.25034538,67689986.64447021,40574.39412483573,48463.32326503098,4,12.026435524225235,48453.812632992864,11635,458858839420.0,3476
2,73414049.3820788,73453944.53881836,39895.15673956275,48456.32843647897,4,5.03160697221756,48453.812632992864,11636,458864603400.0,3476
1,78054747.79253061,78094096.74310303,39348.950572416186,48451.296829506755,4,-5.03160697221756,48453.812632992864,11637,458869243570.0,3476
2,30536145.468630776,30509056.352111816,-27089.116518959403,-23528.14710616693,2,3.4946455992758274,-23529.894428966567,11647,459322523500.0,3477
1,39281335.247451276,39253222.81689453,-28112.430556744337,-23531.641751766205,2,-3.4946455992758274,-23529.894428966567,11648,459331267700.0,3477
0,48404643.28352234,48388048.939697266,-16594.34382507205,-10949.641406856477,1,,-10949.641406856477,11654,459841256450.0,3478
3,41376539.881022595,41359021.199645996,-17518.681376598775,-12693.560502231121,1,,-12693.560502231121,11669,460335043140.0,3479
1,9145219.316454368,9194511.810913086,49292.494458718225,50358.963253630325,4,-19.230931827798486,50373.00591048226,11684,460803706540.0,3480
0,28388417.496493388,28435488.018798828,47070.52230544016,50381.034645199776,4,13.21700969338417,50373.00591048226,11685,460822947590.0,3480
0,49706234.56446524,49750816.27130127,44581.70683602989,50378.194185458124,4,10.376549951732159,50373.00591048226,11686,460844263000.0,3480
3,73051397.8129983,73093246.74951172,41848.93651342392,50367.81763550639,4,-10.376549951732159,50373.00591048226,11687,460867605520.0,3480
1,18819923.262367263,18888252.57434082,68329.31197355688,70523.9953581132,3,-13.962712340056896,70536.2014355287,11704,461815205120.0,3482
3,23041227.13569991,23109076.38684082,67849.25114091113,70536.2014355287,3,4.34640378318727,70536.2014355287,11705,461819425960.0,3482
0,73931423.02838027,73993341.23791504,61918.20953476429,70539.71470537782,3,9.616308556869626,70536.2014355287,11706,461870310420.0,3482
1,64894953.05385633,64953178.09814453,58225.04428820312,65792.76245704293,2,-6.3990307450294495,65795.96197241545,11724,462863010000.0,3484
2,74997225.99107066,75054279.35888672,57053.36781606078,65799.16148778796,2,6.3990307450294495,65795.96197241545,11725,462873111140.0,3484
0,55243670.65134831,55272108.10986328,28437.45851497352,34879.69339501113,2,3.509321868419647,34877.93873407692,11736,463354253950.0,3485
0,58182125.5602159,58210216.841796875,28091.281580977142,34876.18407314271,2,-3.509321868419647,34877.93873407692,11737,463357192070.0,3485
3,15929165.971749429,15976345.008911133,47179.03716170415,49036.6151868999,4,14.129637707024813,49024.892419351265,11758,464316696790.0,3487
1,19687373.952797018,19734100.59729004,46726.64449302107,49022.485549192876,4,-4.813740316778421,49024.892419351265,11759,464320454560.0,3487
2,35748740.54306704,35793599.00671387,44858.46364682913,49027.299289509654,4,4.813740316778421,49024.892419351265,11760,464336514120.0,3487
1,72411212.49914834,72451788.41693115,40575.91778281331,49020.14376142621,4,-7.155528083443642,49024.892419351265,11761,464373172450.0,3487
3,11482891.419729102,11525488.130004883,42596.71027578041,43935.786458728835,2,-8.557272145524621,43940.0650948016,11782,465314021790.0,3489
0,45806923.93330203,45845526.507385254,38602.57408322394,43944.34373087436,2,8.557272145524621,43940.0650948016,11783,465348341960.0,3489
2,21269922.106678396,21293853.53540039,23931.42872199416,26411.81846575439,1,,26411.81846575439,11801,465824719090.0,3490
0,54310118.81701268,54268756.181762695,-41362.635249987245,-35029.26641955972,1,,-35029.26641955972,11813,466358560040.0,3491
1,22257016.75483342,22292130.061645508,35113.30681208894,37708.80649509281,2,2.7176256254315376,37707.44768228009,11824,466827414140.0,3492
1,36842064.37694207,36875474.13232422,33409.75538215041,37706.08886946738,2,-2.7176256254315376,37707.44768228009,11825,466841997540.0,3492
3,75738083.38055865,75795494.06164551,57410.68108685315,66242.8697656393,1,,66242.8697656393,11830,467381761870.0,3493
0,965150.8463293868,970776.0486450195,5625.20231563272,5737.753280719044,4,21.99407616746612,5720.395321067423,11839,467807825570.0,3494
3,17058198.545151025,17061934.33654785,3735.7913968265057,5725.031437583268,4,9.27223303169012,5720.395321067423,11840,467823916790.0,3494
3,19970376.25338582,19973763.16925049,3386.9158646687865,5715.759204551578,4,-9.27223303169012,5720.395321067423,11841,467826828630.0,3494
2,24947927.746874973,24950734.081848145,2806.3349731713533,5715.634960312396,4,-9.3964772708714,5720.395321067423,11842,467831805620.0,3494
2,2487967.827507672,2523011.1782226562,35043.35071498435,35333.484823196195,2,-10.454996556974947,35338.71232147468,11854,468310250900.0,3495
0,38160100.48235762,38190994.38604736,30893.90368974209,35343.93981975317,2,10.454996556974947,35338.71232147468,11855,468345919020.0,3495
0,4541467.517462807,4557042.315673828,15574.798211021349,16104.400970986113,4,15.467759383842349,16089.223092384636,11868,468813195660.0,3496
1,34943381.13916522,34955395.73339844,12014.594233214855,16089.512973167002,4,0.5797615647315979,16089.223092384636,11869,468843594130.0,3496
2,43513728.284256384,43524742.86859131,11014.584334924817,16088.93321160227,4,-0.5797615647315979,16089.223092384636,11870,468852163510.0,3496
1,48907423.30439654,48917802.185424805,10378.881028264761,16082.215086072683,4,-7.297887094318867,16089.223092384636,11871,468857556590.0,3496
2,14011453.428854281,13995461.258483887,-15992.170370394364,-14358.226192986593,2,2.326609430834651,-14359.38949770201,11886,469323492100.0,3497
1,20848776.8701061,20831985.039367676,-16791.830738425255,-14360.552802417427,2,-2.326609430834651,-14359.38949770201,11887,469330328650.0,3497
2,13269320.569425773,13376678.963623047,107358.394197274,108905.79462883249,5,5.1930545419454575,108902.47261895984,11903,469823681380.0,3498
3,27694502.009809624,27800183.647277832,105681.63746820763,108911.22892600298,5,10.627351712435484,108902.47261895984,11904,469838104940.0,3498
1,57735038.743574396,57837208.450683594,102169.70710919797,108902.47261895984,5,0.21003973297774792,108902.47261895984,11905,469868142080.0,3498
1,68293277.7894358,68394207.9630127,100930.17357689142,108894.18702964485,5,-9.946594251319766,108902.47261895984,11906,469878699120.0,3498
1,73654367.87066787,73754677.40478516,100309.53411728144,108898.73052962124,5,-5.403094274923205,108902.47261895984,11907,469884059610.0,3498
3,14071686.323802918,14163904.583374023,92218.25957110524,93859.22780126147,3,-7.237139834091067,93865.13418922573,11919,470325457410.0,3499
3,20157974.16855985,20249491.24420166,91517.0756418109,93867.79569296539,3,5.614697721786797,93865.13418922573,11920,470331543020.0,3499
2,37455027.595039815,37544524.9151001,89497.32006028295,93865.13418922573,3,1.6224421123042703,93865.13418922573,11921,470348838120.0,3499
2,1621261.6706871144,1692601.2086791992,71339.53799208486,71528.60125239007,3,-8.132063551805913,71531.5451128576,11933,470813933900.0,3500
3,14813606.561941385,14883410.619873047,69804.0579316616,71531.5451128576,3,-3.716272850520909,71531.5451128576,11934,470827124760.0,3500
0,37549640.35976651,37616803.433898926,67163.07413241267,71541.92151902616,3,11.848336402326822,71531.5451128576,11935,470849858240.0,3500
2,55684793.04330331,55660471.08654785,-24321.95675545931,-17828.280433781445,1,,-17828.280433781445,11942,471368834970.0,3501
3,61502416.61778984,61556875.65966797,54459.04187812656,61631.13976500183,2,-6.322198122739792,61634.3008640632,11949,471875577350.0,3502
2,61985724.80313169,62040133.806274414,54409.00314272195,61637.46196312457,2,6.322198122739792,61634.3008640632,11950,471876060610.0,3502
2,6002662.869834654,6038629.682861328,35966.81302667409,36666.8129299609,4,-11.845392023213208,36672.735625972506,11961,472320926860.0,3503
0,17206710.65925499,17241386.718566895,34676.05931190401,36682.61807733029,4,15.805147369392216,36672.735625972506,11962,472332129660.0,3503
2,38079501.32784597,38111726.67767334,32225.349827371538,36665.986895404756,4,-12.671426579356194,36672.735625972506,11963,472353000080.0,3503
3,39007913.36285013,39040043.11743164,32129.75458151102,36678.65832198411,4,11.845392023213208,36672.735625972506,11964,472353928400.0,3503
2,69259313.16316175,69268016.05322266,8702.890060901642,16779.557627812028,1,,16779.557627812028,11977,472885086410.0,3504
3,690802.4388719713,719022.9739379883,28220.53506601695,28301.092920237104,6,4.373469547252171,28296.77274793014,12008,473818319940.0,3506
1,5491688.150559468,5519344.563964844,27656.413405375555,28296.826045170426,6,0.10659448057413101,28296.77274793014,12009,473823120280.0,3506
3,27690965.197573207,27716049.43621826,25084.2386450544,28313.417657859623,6,16.698207169771194,28296.77274793014,12010,473845317070.0,3506
1,38360625.22215217,38384448.52130127,23823.299149096012,28296.719450689852,6,-0.10659448057413101,28296.77274793014,12011,473855985510.0,3506
1,58929451.54452999,58950869.64593506,21418.101405069232,28290.153238795698,6,-6.67280637472868,28296.77274793014,12012,473876552010.0,3506
1,62236029.421901785,62257066.96612549,21037.544223703444,28295.19229106605,6,-1.6337541043758392,28296.77274793014,12013,473879858220.0,3506
1,8307102.6498565115,8359198.832885742,52096.183029230684,53064.914936650544,1,,53064.914936650544,12029,474326813010.0,3507
1,8551269.505526345,8598380.798950195,47111.29342385009,48108.49882362783,3,-2.2392347119748592,48108.49882362783,12044,474827977250.0,3508
1,39418770.748747885,39462282.431152344,43511.68240445852,48108.49823606014,3,-2.240116063505411,48108.49882362783,12045,474858841270.0,3508
3,47603289.32062739,47645851.04589844,42561.72527104616,48112.977880619466,3,4.47935077548027,48108.49882362783,12046,474867024870.0,3508
3,33480840.831657313,33540054.953674316,59214.122017003596,63118.48677183315,1,,63118.48677183315,12073,475854757870.0,3510
3,3246415.9079956887,3323945.894165039,77529.98616935033,77908.56662121043,2,-19.974539402872324,77918.55389091186,12087,476325421390.0,3511
0,54460811.90268138,54532389.501953125,71577.59927174449,77928.5411606133,2,19.974539402872324,77918.55389091186,12088,476376630030.0,3511
1,16271540.510288995,16306582.814331055,35042.30404205993,36939.80803828873,4,-3.7587084900587797,36941.68739253376,12098,476839374190.0,3512
0,17345612.867516443,17380538.69555664,34925.82804019749,36948.584872122854,4,8.776833834126592,36941.68739253376,12099,476840448150.0,3512
1,56174862.612933084,56205249.796813965,30387.183880880475,36938.00961420685,4,-5.557132571935654,36941.68739253376,12100,476879273010.0,3512
2,64445579.82886508,64475008.08105469,29428.252189606428,36943.566746778786,4,3.7587084900587797,36941.68739253376,12101,476887542800.0,3512
3,9475550.512841474,9469517.206665039,-6033.306176435202,-4928.315843576565,7,35.16481795348227,-4959.858380325139,12123,477834281740.0,3514
0,12437646.820854746,12431275.84790039,-6370.97295435518,-4920.5580700766295,7,42.922591453418136,-4959.858380325139,12124,477837243510.0,3514
0,21985957.349096537,21978469.232910156,-7488.116186380386,-4924.226067651063,7,39.25459387898445,-4959.858380325139,12125,477846790740.0,3514
2,50582605.36154534,50571739.57336426,-10865.788181081414,-4967.102942734957,7,-23.015830784104764,-4959.858380325139,12126,477875384120.0,3514
1,53143440.65959191,53132269.75335693,-11170.90623497963,-4973.589455962181,7,-29.502344011329114,-4959.858380325139,12127,477877944660.0,3514
0,55156723.98694316,55145332.032958984,-11391.953984178603,-4959.858380325139,7,-12.148987169377506,-4959.858380325139,12128,477879957730.0,3514
1,56138403.72545245,56126888.26855469,-11515.456897765398,-4968.882813796401,7,-24.795701845549047,-4959.858380325139,12129,477880939290.0,3514
0,7037642.027300939,6997409.958740234,-40232.06856070459,-39411.374671125785,2,15.767919575795531,-39419.25863091368,12139,478332633560.0,3515
0,60950468.0940523,60903933.21899414,-46534.87505815923,-39427.14259070158,2,-15.767919575795531,-39419.25863091368,12140,478386540290.0,3515
2,40416301.76758655,40437182.84875488,20881.081168331206,25594.2239754498,3,4.098547700792551,25590.33083757013,12148,478866932470.0,3516
1,41448362.05668559,41469118.89111328,20756.834427691996,25590.33083757013,3,-1.7411591187119484,25590.33083757013,12149,478867964410.0,3516
2,68778724.79100543,68796294.08721924,17569.296213805676,25589.920017927885,3,-2.3573885820806026,25590.33083757013,12150,478895291690.0,3516
0,2085774.5812469218,2145868.9346313477,60094.35338442586,60337.58576925425,3,13.12145185796544,60328.79110588133,12165,479329474930.0,3517
2,42947720.44755294,43003032.2411499,55311.793596960604,60320.13752891123,3,-13.050908656558022,60328.79110588133,12166,479370332250.0,3517
0,50684514.351053566,50738932.57281494,54418.221761375666,60328.79110588133,3,-0.07054320140741765,60328.79110588133,12167,479378068180.0,3517
0,27497995.80089508,27554824.336364746,56828.53546966612,60035.211376443505,3,16.997952323406935,60022.46603170037,12177,479855818000.0,3518
2,46963903.91508427,47018449.69036865,54545.77528437972,60022.46603170037,3,-2.120064791291952,60022.46603170037,12178,479875281700.0,3518
1,55521777.57894792,55575316.87347412,53539.29452620447,60013.960816539824,3,-14.877887532114983,60022.46603170037,12179,479883838600.0,3518
2,45394507.43794202,45378053.04553223,-16454.392409794033,-11160.716668650508,1,,-11160.716668650508,12186,480374519250.0,3519
2,42995613.13714561,43052509.17071533,56896.03356972337,61909.96250266582,1,,61909.96250266582,12201,480873034530.0,3520
1,45804218.20439832,45767739.61419678,-36478.59020154178,-31137.136082179844,1,,-31137.136082179844,12216,481376681740.0,3521
0,20830015.046858694,20816222.390686035,-13792.656172659248,-11363.566144708544,2,9.298547644168139,-11368.215418530628,12225,481852602960.0,3522
3,42573496.579472326,42557159.01092529,-16337.568547032773,-11372.864692352712,2,-9.298547644168139,-11368.215418530628,12226,481874343980.0,3522
0,66506265.96844056,66464046.55718994,-42219.41125062108,-34463.78999462724,2,-5.179641366004944,-34461.200173944235,12238,482399084880.0,3523
0,72518898.89465791,72475983.50048828,-42915.39416962862,-34458.61035326123,2,5.179641366004944,-34461.200173944235,12239,482405096840.0,3523
1,12211801.482985014,12242299.66607666,30498.18309164606,31922.261045448482,2,0.6085469350218773,31921.95677198097,12257,482845715790.0,3524
2,27314925.424736515,27343661.750061035,28736.32532452047,31921.65249851346,2,-0.6085469350218773,31921.95677198097,12258,482860817210.0,3524
2,62716514.2759102,62749903.00604248,33388.73013228178,40702.409890681505,1,,40702.409890681505,12262,483397106660.0,3525
3,60310734.051785775,60358451.25341797,47717.20163219422,54750.331581160426,2,-0.5448067113757133,54750.603984516114,12269,483895590080.0,3526
3,66636406.917518154,66683386.996276855,46980.07875870168,54750.8763878718,2,0.5448067113757133,54750.603984516114,12270,483901915040.0,3526
0,76349542.51416805,76365428.78289795,15886.268729895353,24789.762651652098,1,,24789.762651652098,12283,484412512960.0,3527
1,33234497.31550852,33271651.01501465,37153.69950613007,41029.33693756908,3,-2.046776384115219,41029.33693756908,12295,484870323850.0,3528
1,48769153.39741911,48804491.44415283,35338.04673372209,41025.256460778415,3,-8.16749157011509,41029.33693756908,12296,484885856750.0,3528
2,57555542.07347274,57589867.75091553,34325.67744278908,41037.51096712798,3,10.214267954230309,41029.33693756908,12297,484894642160.0,3528
2,77975526.91498098,77941982.75750732,-33544.157473653555,-24451.049550920725,1,,-24451.049550920725,12307,485415873330.0,3529
0,76007950.65378436,75970630.68743896,-37319.96634539962,-28456.30712275207,1,,-28456.30712275207,12333,486415594900.0,3531
0,20695143.599974416,20659551.92401123,-35591.67596318573,-33178.31395491958,4,16.235861357301474,-33194.53743856214,12341,486861149530.0,3532
2,24092392.978312228,24056388.896606445,-36004.08170578256,-33194.54981627688,4,-0.024755429476499557,-33194.53743856214,12342,486864546380.0,3532
2,38800711.76051495,38762992.494506836,-37719.266008116305,-33194.5250608474,4,0.024755429476499557,-33194.53743856214,12343,486879253040.0,3532
3,71367260.65927386,71325737.6114502,-41523.047823667526,-33200.562179774046,4,-6.037118926644325,-33194.53743856214,12344,486911815910.0,3532
2,52918552.893911675,52993007.34454346,74454.45063178241,80625.54214750975,1,,80625.54214750975,12353,487394267110.0,3533
0,16303761.38091708,16296342.893554688,-7418.487362392247,-5517.225932702422,3,19.3872014824301,-5534.7684264965355,12365,487858514050.0,3534
1,29991832.666728403,29982800.40386963,-9032.262858774513,-5534.7684264965355,3,-6.926539208739996,-5534.7684264965355,12366,487872200560.0,3534
2,72316929.78866142,72302958.09960938,-13971.689052045345,-5538.457841873169,3,-12.460662273690104,-5534.7684264965355,12367,487914520880.0,3534
2,17083852.86208947,17072217.24206543,-11635.620024040341,-9643.388307791203,1,,-9643.388307791203,12392,488360100040.0,3535
0,56796822.24065933,56776916.11004639,-19906.130612939596,-13282.775122620165,2,16.954847671091557,-13291.252546455711,12410,488900662620.0,3536
1,74951546.68888143,74929506.49212646,-22040.196754962206,-13299.729970291257,2,-16.954847671091557,-13291.252546455711,12411,488918815280.0,3536
3,70272693.29033548,70269281.51715088,-3411.773184597492,4783.069599941373,1,,4783.069599941373,12415,489415009950.0,3537
0,67343407.96771711,67379043.59588623,35635.62816911936,43488.87265187502,1,,43488.87265187502,12421,489913015830.0,3538
2,42124290.6463971,42112879.57128906,-11411.075108036399,-6498.7553563043475,5,4.4193087331950665,-6503.109146267176,12439,490388624450.0,3539
1,44967655.806513235,44955908.66784668,-11747.138666555285,-6503.2401838079095,5,-2.307932522147894,-6503.109146267176,12440,490391467490.0,3539
2,62683955.93728769,62670150.73101807,-13805.206269621849,-6495.323298476636,5,7.851366560906172,-6503.109146267176,12441,490409181800.0,3539
1,75806823.72266427,75791480.4086914,-15343.313972860575,-6503.109146267176,5,-2.1113762110471725,-6503.109146267176,12442,490422303180.0,3539
1,79034030.20870262,79018308.0333252,-15722.175377428532,-6505.630203709006,5,-4.697952423244715,-6503.109146267176,12443,490425530020.0,3539
1,67126788.70226635,67065873.33343506,-60915.368831291795,-53087.385381534696,3,-13.838327944278717,-53086.6761456728,12717,501432878680.0,3561
0,76792981.8898161,76730966.26629639,-62015.62351971865,-53060.417961508036,3,26.61280209571123,-53086.6761456728,12718,501442543810.0,3561
2,77156269.11969724,77094184.87329102,-62084.24640622735,-53086.6761456728,3,-12.774474151432514,-53086.6761456728,12719,501442907030.0,3561
3,12438968.474954613,12471605.839538574,32637.364583961666,34087.93359279446,5,-1.044193096458912,34088.50916126743,12732,501879145260.0,3562
1,12733087.133099224,12765674.711730957,32587.578631732613,34072.4462571498,5,-16.531528741121292,34088.50916126743,12733,501879439330.0,3562
3,18441874.90834442,18473812.82019043,31937.91184600815,34088.50916126743,5,-0.18084038700908422,34088.50916126743,12734,501885147490.0,3562
1,53742945.2325204,53770767.45098877,27822.218468368053,34089.446410514414,5,1.2250334834679961,34088.50916126743,12735,501920444580.0,3562
0,64524411.3031821,64550996.1071167,26584.80393459648,34109.31141590327,5,21.09003887232393,34088.50916126743,12736,501931224850.0,3562
2,5504604.882109743,5498874.7021484375,-5730.179961305112,-5088.261038210243,5,15.835627257823944,-5098.166338771582,12757,502873930200.0,3564
0,19771301.971787825,19763909.993530273,-7391.978257551789,-5086.349944215268,5,17.746721252799034,-5098.166338771582,12758,502888195290.0,3564
3,49416138.999269664,49405266.31439209,-10872.684877574444,-5110.026992164552,5,-16.813303673639894,-5098.166338771582,12759,502917836760.0,3564
0,71301825.41047916,71288412.38922119,-13413.021257966757,-5098.166338771582,5,0.9776764158159494,-5098.166338771582,12760,502939719990.0,3564
2,79050178.31429791,79035842.67663574,-14335.637662172318,-5117.209378808737,5,-23.995690317824483,-5098.166338771582,12761,502947467450.0,3564
3,13830095.8512686,13879073.665039062,48977.81377046183,50590.60895290971,3,8.931194277480245,50587.12757528573,12772,503383178400.0,3565
1,19513641.223712508,19561941.870422363,48300.646709855646,50576.22794197872,3,-12.640322118997574,50587.12757528573,12773,503388861290.0,3565
0,61749233.66215718,61792619.90930176,43386.24714457989,50587.12757528573,3,3.709127841517329,50587.12757528573,12774,503431092130.0,3565
1,3751966.361253084,3749079.368041992,-2886.9932110919617,-2449.4580459552817,2,-5.745814490597695,-2446.585138709983,12784,503873981360.0,3566
2,52976532.17131781,52967910.60632324,-8621.564994566143,-2443.712231464684,2,5.745814490597695,-2446.585138709983,12785,503923200380.0,3566
3,10471563.018528908,10431227.018371582,-40336.00015732646,-39114.8599302005,3,30.095529050566256,-39125.6488322448,12810,505383275120.0,3569
1,11304497.745996393,11264053.82434082,-40443.92165557295,-39125.6488322448,3,13.912175984121859,-39125.6488322448,12811,505384107950.0,3569
1,71314534.30272591,71267053.70367432,-47480.599051594734,-39164.26208625734,3,-44.007705034688115,-39125.6488322448,12812,505444111180.0,3569
0,43988255.18423629,44008133.44036865,19878.256132364273,25007.94191389531,1,,25007.94191389531,12829,505917696060.0,3570
2,23304861.300015453,23374403.67614746,69542.37613200769,72260.07009714842,3,1.7694402653723955,72260.07009714842,12845,506397930220.0,3571
3,30156884.092578307,30225637.400634766,68753.30805645883,72270.0499435179,3,16.739209819585085,72260.07009714842,12846,506404781480.0,3571
2,75208358.50503805,75271834.64154053,63476.13650247455,72246.5513702482,3,-18.50865008495748,72260.07009714842,12847,506449827850.0,3571
2,7673287.377757893,7637476.530090332,-35810.84766756091,-34916.028061863035,1,,-34916.028061863035,12858,506883218130.0,3572
0,32152787.783207826,32144207.196289062,-8580.586918763816,-4831.092931397259,4,18.411768466234207,-4841.802992682904,12885,507909343900.0,3574
1,55804556.93605735,55793196.4987793,-11360.437278054655,-4852.794702537358,4,-18.69341703504324,-4841.802992682904,12886,507932992980.0,3574
1,63350244.650153086,63338007.56329346,-12237.086859628558,-4849.504699863493,4,-15.403414361178875,-4841.802992682904,12887,507940537820.0,3574
0,70210432.93999448,70197411.25640869,-13021.68358579278,-4834.101285502315,4,15.403414361178875,-4841.802992682904,12888,507947397250.0,3574
0,16782705.358328395,16804973.08856201,22267.730233617127,24224.84366518259,1,,24224.84366518259,12898,508394882560.0,3575
1,35630964.697675765,35612407.98876953,-18556.70890623331,-14401.607681453228,2,-29.622517928481102,-14386.796422488987,12916,508914576980.0,3576
0,75769421.89789927,75746214.06951904,-23207.82838022709,-14371.985163524747,2,29.622517928481102,-14386.796422488987,12917,508954710940.0,3576
1,46487056.88732362,46525901.41680908,38844.529485464096,44265.612766474485,3,-6.617282759398222,44271.427357040346,12923,509426311380.0,3577
2,47590255.49165426,47628977.18634033,38721.694686070085,44271.427357040346,3,2.104603089392185,44271.427357040346,12924,509427414460.0,3577
3,73156087.20564902,73191829.14892578,35741.94327676296,44273.03274142742,3,4.512679670006037,44271.427357040346,12925,509452977410.0,3577
0,8164883.985108633,8203187.358032227,38303.37292359397,39255.52001628559,1,,39255.52001628559,12937,509888891560.0,3578
0,37910289.57809113,37908744.294433594,-1545.2836575359106,2875.6207999810576,1,,2875.6207999810576,12946,510419527920.0,3579
3,28671924.55988892,28645206.811828613,-26717.748060308397,-23374.174573976547,3,2.5816438533365726,-23374.174573976547,12959,510911161500.0,3580
2,39070082.91873249,39042146.93798828,-27935.980744205415,-23379.827107466757,3,-5.897156381979585,-23374.174573976547,12960,510921558480.0,3580
3,64941124.51794107,64910177.730163574,-30946.787777498364,-23373.68532819301,3,3.315512528643012,-23374.174573976547,12961,510947426610.0,3580
2,16938225.84127694,16993444.857666016,55219.01638907567,57194.265825510025,2,-22.639736153185368,57205.58569358662,12969,511400310590.0,3581
0,49851855.2068174,49903258.64349365,51403.43667624891,57216.90556166321,2,22.639736153185368,57205.58569358662,12970,511433220530.0,3581
1,30577736.046257578,30572073.711975098,-5662.33428248018,-2096.514788825065,1,,-2096.514788825065,12981,511914802040.0,3582
3,16436830.109477403,16485518.804016113,48688.69453871064,50605.47376427613,1,,50605.47376427613,12995,512401592360.0,3583
0,18568738.119921714,18538409.672790527,-30328.447131186724,-28163.055675767362,3,14.06329407542944,-28171.908962726593,13008,512904607180.0,3584
1,32970711.650627293,32938684.44555664,-32027.205070652068,-28182.32897695899,3,-14.84665771201253,-28171.908962726593,13009,512919007510.0,3584
2,74060885.38814291,74024076.87677002,-36808.51137289405,-28171.908962726593,3,0.7833636365830898,-28171.908962726593,13010,512960093060.0,3584
3,73411.45737605722,88032.7060546875,14621.248678630276,14629.809548060672,4,18.733781987131806,14620.442657067106,13033,513887874750.0,3586
1,4266003.032515945,4280116.62878418,14113.596268234774,14611.07576607354,4,-18.733781987131806,14620.442657067106,13034,513892066850.0,3586
1,8797686.24266959,8811269.251159668,13583.008490078151,14608.94975190796,4,-20.85979615271208,14620.442657067106,13035,513896598020.0,3586
2,73713656.08922784,73719690.31744385,6034.228216007352,14630.338517770171,4,19.262751696631312,14620.442657067106,13036,513961506690.0,3586
2,17633364.437602434,17653182.301940918,19817.86433848366,21874.177289687097,1,,21874.177289687097,13047,514406344800.0,3587
1,64045833.09580608,63973095.411743164,-72737.68406291306,-65268.98592924327,4,-7.222561605274677,-65262.490057554096,13057,514953623740.0,3588
2,66751862.51313097,66678815.03491211,-73047.47821886092,-65263.2167474702,4,-1.4533798322081566,-65262.490057554096,13058,514956329470.0,3588
3,75931334.38707188,75857219.83428955,-74114.55278232694,-65259.82815761864,4,3.3885898515582085,-65262.490057554096,13059,514965507910.0,3588
1,79519270.97046465,79444736.07562256,-74534.89484208822,-65261.76336763799,4,1.4533798322081566,-65262.490057554096,13060,514969095440.0,3588
3,173146.19561954978,254347.30340576172,81201.10778621194,81221.29921172032,3,6.492414731852477,81218.09594000876,13072,515390663660.0,3589
3,7268376.1786114685,7348740.095336914,80363.91672544554,81211.51765396819,3,-8.179921896356973,81218.09594000876,13073,515397758080.0,3589
1,50014830.553530365,50090216.17523193,75385.62170156837,81218.09594000876,3,1.6875071645044954,81218.09594000876,13074,515440499720.0,3589
1,919932.4990491729,910459.4024047852,-9473.096644387697,-9365.818812144105,3,-9.549566125613637,-9359.106750041246,13085,515892314720.0,3590
2,14099196.471834721,14088198.863769531,-10997.608065189794,-9353.431741995737,3,9.031039096938912,-9359.106750041246,13086,515905492510.0,3590
1,60728150.96921017,60711710.05548096,-16440.913729213178,-9359.106750041246,3,0.5185270286747254,-9359.106750041246,13087,515952116200.0,3590
1,9087284.873198574,9148451.059936523,61166.18673794903,62225.8995138146,6,-12.877889338880777,62233.47996607795,13099,516401381800.0,3591
0,9877671.725349667,9870948.2890625,-6723.436287166551,-5571.552631132305,6,-67810.33003428578,62233.47996607795,13100,516402104300.0,3591
0,30548123.84071812,30606808.76385498,58684.92313686013,62247.28940626234,6,19.106877259910107,62233.47996607795,13101,516422840240.0,3591
0,37265332.23274196,37323233.005371094,57900.77262913436,62246.465453222394,6,18.282924219965935,62233.47996607795,13102,516429556690.0,3591
3,41244928.74046382,41302357.74481201,57429.00434818864,62238.77740315348,6,10.594874151051044,62233.47996607795,13103,516433535830.0,3591
2,62567444.09273465,62622375.97930908,54931.886574432254,62228.18252900243,6,-10.594874151051044,62233.47996607795,13104,516454855930.0,3591
3,28508008.904095158,28494943.666992188,-13065.237102970481,-9740.778623711318,1,,-9740.778623711318,13110,516921674160.0,3592
3,25892031.30516698,25920296.812316895,28265.507149916142,31284.903674848378,2,4.464323356747627,31282.671513170004,13121,517419923440.0,3593
2,49921855.85769157,49947314.66503906,25458.807347491384,31280.43935149163,2,-4.464323356747627,31282.671513170004,13122,517443950550.0,3593
2,41361593.72625008,41330078.55554199,-31515.170708090067,-26691.792777992785,2,-1.8705500960350037,-26690.857502944767,13132,517936269090.0,3594
1,54089097.26598186,54056099.74932861,-32997.51665324718,-26689.92222789675,2,1.8705500960350037,-26690.857502944767,13133,517948995160.0,3594
3,35181217.13211901,35144489.4453125,-36727.68680650741,-32625.032847084105,1,,-32625.032847084105,13147,518430934550.0,3595
3,61264752.699410096,61212236.74658203,-52515.95282806456,-45371.57009419799,1,,-45371.57009419799,13161,518957825310.0,3596
0,20939965.479262553,20912784.50354004,-27180.975722514093,-24739.06383638084,2,10.982986837625504,-24744.555329799652,13177,519418367560.0,3597
1,76118799.54173496,76085172.90905762,-33626.63267734647,-24750.046823218465,2,-10.982986837625504,-24744.555329799652,13178,519473540160.0,3597
0,26958687.233937774,26941856.487365723,-16830.746572051197,-13686.962077453732,3,21.380112946033478,-13703.077459350228,13190,519925263600.0,3598
1,51107377.37273142,51087703.88433838,-19673.48839303851,-13713.606921449304,3,-18.587153047323227,-13703.077459350228,13191,519949409540.0,3598
2,55988247.30867101,55968015.16760254,-20232.14106847346,-13703.077459350228,3,-2.792959898710251,-13703.077459350228,13192,519954289870.0,3598
0,57018589.31286363,57095794.11352539,77204.80066175759,83854.01749602705,1,,83854.01749602705,13207,520456241590.0,3599
0,28950852.89638549,28931106.921447754,-19745.974937736988,-16369.874252595007,2,24.034174725413322,-16381.891339957714,13221,520929025660.0,3600
1,61963100.05815012,61939480.32928467,-23619.72886545211,-16393.90842732042,2,-24.034174725413322,-16381.891339957714,13222,520962034160.0,3600
1,3652852.665479823,3649388.9525146484,-3463.712965174578,-3037.7359333131462,1,,-3037.7359333131462,13233,521404619750.0,3601
2,667876.7314007994,674171.3081054688,6294.5767046693945,6372.461079908535,1,,6372.461079908535,13246,521902553450.0,3602
2,25312684.38982132,25360199.659118652,47515.26929733157,50467.10534227267,3,0.39772845432162285,50467.10534227267,13256,522428127510.0,3603
3,30855065.88247398,30901938.405700684,46872.52322670445,50470.68351022899,3,5.76498038880527,50467.10534227267,13257,522433669270.0,3603
1,57543593.7715673,57587346.06311035,43752.2915430516,50462.7317174077,3,-6.162708843126893,50467.10534227267,13258,522460354780.0,3603
0,12132142.480260614,12076111.531188965,-56030.94907164946,-54616.16054412536,2,10.833820628002286,-54621.577454439364,13268,522915757420.0,3604
1,77387282.80125871,77323631.29699707,-63651.504261642694,-54626.994364753366,2,-10.833820628002286,-54621.577454439364,13269,522981005190.0,3604
3,5367899.1475979285,5423082.349121094,55183.20152316522,55809.1785213165,2,-12.767229851335287,55815.562136242166,13277,523409920110.0,3605
0,47513949.61990282,47564230.73138428,50281.11148145795,55821.945751167834,2,12.767229851335287,55815.562136242166,13278,523452061420.0,3605
0,29563575.420250893,29539194.578552246,-24380.841698646545,-20933.288440410048,2,-15.634758953005075,-20925.471060933545,13289,523935004380.0,3606
0,52673086.08043753,52646025.96032715,-27060.12011038512,-20917.653681457043,2,15.634758953005075,-20925.471060933545,13290,523958111300.0,3606
1,14396463.517091779,14441563.84765625,45100.33056447096,46779.17265308462,5,-18.932418072596192,46796.809344261885,13307,524420705540.0,3607
1,37866850.283510685,37909233.84552002,42383.562009334564,46799.40079805255,5,3.0235807560384274,46796.809344261885,13308,524444173300.0,3607
1,55887666.13028301,55927944.74102783,40278.610744819045,46795.94509033114,5,-2.1599808260798454,46796.809344261885,13309,524462192080.0,3607
1,69941090.21386294,69979730.85028076,38640.63641782105,46796.809344261885,5,-0.8635999299585819,46796.809344261885,13310,524476243920.0,3607
3,70502542.9104951,70541128.69726562,38585.786770522594,46807.43344449997,5,11.056227203458548,46796.809344261885,13311,524476805320.0,3607
1,58168302.11767357,58141967.072387695,-26335.045285873115,-19551.75481301546,1,,-19551.75481301546,13321,524965347040.0,3608
2,6522568.830405607,6493555.295593262,-29013.53481234517,-28252.90612979699,1,,-28252.90612979699,13339,525915450240.0,3610
0,6954670.580111664,6970634.58782959,15964.007717926055,16775.02590086125,2,2.9244470577687025,16773.563677332364,13346,526416790170.0,3611
1,63163952.79811019,63173359.04180908,9406.243698894978,16772.10145380348,2,-2.9244470577687025,16773.563677332364,13347,526472993110.0,3611
1,53112926.79937796,53139960.42437744,27033.62499947846,33227.383407875896,2,-14.498388849198818,33234.632602300495,13357,526963879610.0,3612
0,57519739.30210386,57546273.525512695,26534.223408833146,33241.881796725094,2,14.498388849198818,33234.632602300495,13358,526968285940.0,3612
1,45205595.41108127,45193603.45300293,-11991.958078339696,-6720.312293469906,1,,-6720.312293469906,13380,527957578280.0,3614
1,51572051.84796968,51603419.014038086,31367.166068404913,37381.235505372286,1,,37381.235505372286,13400,528965739930.0,3616
1,32663395.62695569,32691482.440307617,28086.813351925462,31895.851819634438,2,-19.657975643873215,31905.680807456374,13414,529447749650.0,3617
0,62789173.559865974,62813766.91674805,24593.356882072985,31915.50979527831,2,19.657975643873215,31905.680807456374,13415,529477872050.0,3617
2,61388720.14800628,61394051.1182251,5330.9702188149095,12489.80940374732,3,-1.5649318024516106,12489.80940374732,13426,529977410410.0,3618
3,64116770.043090135,64121780.65698242,5010.613892287016,12487.584330648184,3,-4.902541451156139,12489.80940374732,13427,529980138150.0,3618
0,70892836.6691289,70897064.67272949,4228.003600597382,12495.16434045136,3,6.46747325360775,12489.80940374732,13428,529986913460.0,3618
3,35874891.03763321,35876656.079711914,1765.042078703642,5948.588748127222,2,-6.577303051948547,5951.877399653196,13441,530452761910.0,3619
2,74698462.99010217,74695707.20269775,-2755.7874044179916,5955.166051179171,2,6.577303051948547,5951.877399653196,13442,530491581110.0,3619
0,46174471.32832554,46190023.45288086,15552.124555319548,20936.755704030395,2,29.547932483255863,20921.981737788767,13455,530963989110.0,3620
1,47827817.34106471,47843147.11291504,15329.771850332618,20907.20777154714,2,-29.547932483255863,20921.981737788767,13456,530965642240.0,3620
0,25342853.249649785,25402320.275268555,59467.02561876923,62422.379802145064,1,,62422.379802145064,13468,531444070320.0,3621
1,27449556.957238995,27504633.089050293,55076.13181129843,58277.15902738273,2,-0.9214258417487144,58277.619740303606,13484,531947099490.0,3622
2,47320937.13380815,47373696.88812256,52759.754314407706,58278.08045322448,2,0.9214258417487144,58277.619740303606,13485,531966968630.0,3622
3,1780414.190361506,1837670.3217163086,57256.13135480252,57463.75416955794,2,1.8230001896154135,57462.842669463134,13498,532422380270.0,3623
3,34377632.33381666,34431085.32098389,53452.98716722429,57461.93116936833,2,-1.8230001896154135,57462.842669463134,13499,532454973810.0,3623
1,41066019.01181775,41102394.47351074,36375.46169298887,41164.3712086454,1,,41164.3712086454,13502,532962608090.0,3624
2,2492109.294677384,2533765.2587280273,41655.964050643146,41946.58111561602,3,-7.592100006062537,41950.16388997808,13516,533424968210.0,3625
3,30963556.727143623,31001896.079101562,38339.351957939565,41950.16388997808,3,-2.2179384629707783,41950.16388997808,13517,533453436450.0,3625
3,77843165.79967415,77876046.30957031,32880.50989615917,41958.182541266084,3,9.810038469033316,41950.16388997808,13518,533500310780.0,3625
2,40043624.29797138,40070418.11846924,26793.820497855544,31463.50356079638,2,-7.571258947253227,31467.289190270007,13532,533963446960.0,3626
3,74737439.50175855,74760195.07788086,22755.576122313738,31471.074819743633,2,7.571258947253227,31467.289190270007,13533,533998136870.0,3626
2,2384347.5146751245,2349277.890991211,-35069.62368391361,-34791.57324765436,1,,-34791.57324765436,13541,534426592620.0,3627
1,59486.089856084014,118568.88134765625,59082.791491572236,59089.7284557245,4,4.659706382386503,59087.3627969455,13565,535426037680.0,3629
1,15663773.645494793,15721029.043518066,57255.398023273796,59082.027350077406,4,-7.629494471475482,59087.3627969455,13566,535441640200.0,3629
1,27773996.39730826,27829842.604370117,55846.207061856985,59085.068749342114,4,-4.588095206767321,59087.3627969455,13567,535453749060.0,3629
2,49161483.894123025,49214840.589660645,53356.69553761929,59089.65684454888,4,4.588095206767321,59087.3627969455,13568,535475134140.0,3629
3,36786750.188769355,36790009.04364014,3258.8548707813025,7548.737899824977,1,,7548.737899824977,13585,535963655310.0,3630
0,29167335.695204556,29202179.300354004,34843.60514944792,38244.95095355436,1,,38244.95095355436,13594,536456921340.0,3631
1,5222248.687480407,5236691.999755859,14443.31227545254,15052.304260416888,1,,15052.304260416888,13602,536933905650.0,3632
2,42211050.7230884,42255125.22302246,44074.49993406236,48996.93720307201,5,1.8305416963994503,48995.60734920949,13614,537471768130.0,3633
3,46014651.02370048,46058280.6373291,43629.61362861842,48995.60734920949,5,-0.1642390973865986,48995.60734920949,13615,537475571300.0,3633
2,54671913.481432766,54714527.43927002,42613.95783725381,48989.51731466502,5,-6.754961475729942,48995.60734920949,13616,537484227580.0,3633
0,65218262.410451174,65259666.99707031,41404.58661913872,49010.007474817336,5,14.900813441723585,48995.60734920949,13617,537494772760.0,3633
2,69731346.79854234,69772209.6907959,40862.89225356281,48994.60597354174,5,-1.6663025990128517,48995.60734920949,13618,537499285320.0,3633
1,58907360.280003786,58873471.45605469,-33888.82394909859,-27019.348285876215,1,,-27019.348285876215,13643,538490184430.0,3635
2,2644039.9694279144,2695882.1690063477,51842.1995784333,52150.5340231657,3,-6.8173802606761456,52150.5340231657,13658,538934832610.0,3636
1,31175321.49408309,31223832.75994873,48511.26586563885,52146.77272384614,3,-12.45932924002409,52150.5340231657,13659,538963360670.0,3636
2,76223260.85179812,76266540.01428223,43279.1624841094,52167.93008300662,3,19.276709500700235,52150.5340231657,13660,539008403550.0,3636
3,523065.46864271647,467279.5659790039,-55785.902663712564,-55724.9054387472,5,-15.786645611689892,-55713.28950442001,13674,539433537760.0,3637
0,14168522.728221722,14111167.239562988,-57355.488658733666,-55703.227861395106,5,13.359936580061913,-55713.28950442001,13675,539447181700.0,3637
3,18504141.76183182,18446270.61376953,-57871.14806228876,-55713.28950442001,5,-0.8724177293479443,-55713.28950442001,13676,539451516820.0,3637
1,29633663.54803323,29574487.93536377,-59175.612669460475,-55719.88609153032,5,-10.767298394814134,-55713.28950442001,13677,539462645080.0,3637
3,36919850.347506076,36859839.99493408,-60010.352571994066,-55704.948081851006,5,11.639716124162078,-55713.28950442001,13678,539469930460.0,3637
0,68715081.77041328,68706441.0067749,-8640.76363837719,-627.5615584552288,1,,-627.5615584552288,13686,540002633120.0,3638
0,46951594.343475446,47000668.78222656,49074.438751116395,54549.694019034505,1,,54549.694019034505,13701,540982578210.0,3640
2,1588075.373163079,1639483.6061401367,51408.23297705781,51593.42622074508,2,8.0946817942895,51589.378879847936,13710,541438148820.0,3641
1,2096780.839796111,2148121.655456543,51340.81566043198,51585.33153895079,2,-8.0946817942895,51589.378879847936,13711,541438657460.0,3641
3,5334163.80374202,5356156.170654297,21992.366912276484,22614.409866829403,1,,22614.409866829403,13724,541942807460.0,3642
1,22057815.19046498,22030206.49346924,-27608.69699574262,-25036.427182350308,1,,-25036.427182350308,13742,542961200360.0,3644
3,18675622.893666144,18636196.8046875,-39426.08897864446,-37248.23316650465,1,,-37248.23316650465,13756,543458624130.0,3645
1,2333725.2159004603,2364816.237548828,31091.021648367867,31363.168770545628,2,-2.27430339762941,31364.305922244443,13770,543943239600.0,3646
1,13449386.568039913,13479183.612304688,29797.04426477477,31365.443073943257,2,2.27430339762941,31364.305922244443,13771,543954354010.0,3646
1,1505922.8619362065,1448150.7670898438,-57772.094846362714,-57596.481809187215,2,-29.18666734872386,-57581.88847551285,13787,544443213940.0,3647
2,62937261.91316367,62872355.19580078,-64906.71736288816,-57567.29514183849,2,29.18666734872386,-57581.88847551285,13788,544504638380.0,3647
2,19957977.65489183,20016551.84729004,58574.192398209125,60901.58987682313,1,,60901.58987682313,13816,545463495310.0,3649
0,3924619.94912956,3972182.2641601562,47562.31503059622,48019.98417584039,3,6.380181496962905,48019.98417584039,13828,545948375680.0,3650
1,19388372.38705268,19434112.96533203,45740.57827934995,48001.55129917711,3,-21.269133497960865,48019.98417584039,13829,545963837670.0,3650
3,68976510.84124036,69016492.80932617,39981.96808581054,48025.65668950975,3,14.88895200099796,48019.98417584039,13830,546013420240.0,3650
1,59209841.771991044,59191834.56237793,-18007.209613114595,-11102.460102312267,2,-31.249536968767643,-11086.835333827883,13852,547005365530.0,3652
0,71448310.77920815,71428907.63134766,-19403.147860497236,-11071.2105653435,2,31.249536968767643,-11086.835333827883,13853,547017602650.0,3652
1,32398592.1848445,32342428.65588379,-56163.528960712254,-52385.370518732816,2,-33.64838035032153,-52368.546328557655,13864,547479378870.0,3653
3,41297162.11873193,41239994.53234863,-57167.58638329804,-52351.722138382494,2,33.64838035032153,-52368.546328557655,13865,547488276470.0,3653
0,3738815.6979427203,3768181.479248047,29365.781305326615,29801.782907235436,3,-14.311182345729321,29806.70782468561,13875,547951637410.0,3654
0,8010282.509798354,8039155.099365234,28872.589566880837,29806.70782468561,3,-6.923806170467287,29806.70782468561,13876,547955908400.0,3654
0,13129821.119770564,13158115.467407227,28294.347636662424,29825.48035447672,3,21.23498851619661,29806.70782468561,13877,547961027380.0,3654
1,29599851.214774355,29649767.1685791,49915.95380474627,53367.737360969186,5,-21.13834248110652,53379.58679771423,13885,548478427000.0,3655
1,31979592.910174202,32029228.04296875,49635.132794547826,53364.42967989668,5,-24.446023553609848,53379.58679771423,13886,548480806470.0,3655
2,44624763.87774676,44672939.552368164,48175.67462140322,53379.58679771423,5,-3.364187363535166,53379.58679771423,13887,548493450230.0,3655
0,49509956.25285724,49557580.8190918,47624.56623455882,53398.16460918635,5,24.502529844641685,53379.58679771423,13888,548498334890.0,3655
0,61562200.64213682,61608424.60217285,46223.9600360319,53403.02963065356,5,29.367551311850548,53379.58679771423,13889,548510385780.0,3655
1,38969812.11732455,39013832.30419922,44020.18687466532,48564.647442378104,1,,48564.647442378104,13899,548988673150.0,3656
2,8472815.440845367,8531610.153320312,58794.71247494593,59782.768962169066,3,-24.099453296512365,59805.507022244856,13911,549459099740.0,3657
0,12261837.306602616,12320215.623535156,58378.31693254039,59808.2298086863,3,14.091816479340196,59805.507022244856,13912,549462888360.0,3657
0,13687500.815949202,13745710.15649414,58209.34054493904,59805.507022244856,3,10.00763681717217,59805.507022244856,13913,549464313860.0,3657
0,69055163.3186968,69053925.8930664,-1237.425630390644,6815.435023739934,1,,6815.435023739934,13928,550521450130.0,3659
2,71105068.2806696,71151027.92541504,45959.64474543929,54251.55485250056,1,,54251.55485250056,13956,551525316970.0,3661
2,78528889.34977466,78496212.43261719,-32676.91715747118,-23519.278932228684,1,,-23519.278932228684,13972,552033641000.0,3662
3,257431.38040147995,328287.5701904297,70856.18978894973,70886.21012247363,4,-17.66043110928149,70900.99360575154,13983,552456275720.0,3663
3,22094592.272965793,22162913.831054688,68321.55808889493,70898.11665792018,4,-5.753895662724972,70900.99360575154,13984,552478110430.0,3663
3,61458084.23522608,61521822.88366699,63738.648440912366,70905.57651162148,4,7.4598537012934685,70900.99360575154,13985,552517469490.0,3663
1,74522829.38558726,74585042.78417969,62213.39859242737,70903.8705535829,4,5.753895662724972,70900.99360575154,13986,552530532760.0,3663
2,68387200.66569552,68416337.3137207,29136.64802518487,37111.61428433657,1,,37111.61428433657,13998,553025292160.0,3664
2,59510849.33087914,59537038.29370117,26188.962822034955,33128.81429786235,2,-18.377254210412502,33138.00292496756,14004,553517326620.0,3665
0,74714855.66425616,74739289.99072266,24434.32646650076,33147.19155207276,2,18.377254210412502,33138.00292496756,14005,553532528930.0,3665
0,11919660.515509885,11972973.911499023,53313.39598913863,54703.40595454909,3,14.91212311014533,54696.080706201494,14015,553970604230.0,3666
3,12250525.15582693,12303792.642822266,53267.48699533567,54696.080706201494,3,3.9242505887523293,54696.080706201494,14016,553970935050.0,3666
1,14061594.582424162,14114635.697998047,53041.11557388492,54680.906956676394,3,-18.83637369889766,54696.080706201494,14017,553972745900.0,3666
1,20500108.069461446,20468964.2310791,-31143.838382344693,-28753.2204220891,2,-9.987556762993336,-28748.226643707603,14027,554480020190.0,3667
3,23313725.4021672,23282263.44165039,-31461.960516810417,-28743.232865326107,2,9.987556762993336,-28748.226643707603,14028,554482833500.0,3667
2,3002864.0982774002,3037376.1900634766,34512.091786076315,34862.27046909742,3,-3.225537204183638,34862.27046909742,14040,554963455480.0,3668
3,12155232.337445065,12188671.09350586,33438.756060793996,34856.23720960133,3,-12.275426448322833,34862.27046909742,14041,554972606810.0,3668
3,78049855.42791392,78075628.40698242,25772.979068502784,34874.75480300188,3,15.50096365250647,34862.27046909742,14043,555038494020.0,3668
0,42413747.45900202,42430552.22924805,16804.7702460289,21750.84497372061,3,5.60640487447381,21749.38773394376,14053,555503712680.0,3669
3,57439161.78365131,57454204.611206055,15042.827554747462,21741.089403748512,3,-9.026950083673,21749.38773394376,14054,555518736390.0,3669
0,58229032.56708932,58243991.58227539,14959.015186071396,21749.38773394376,3,3.42054520919919,21749.38773394376,14055,555519526180.0,3669
2,13537179.146354813,13564857.917114258,27678.770759444684,29257.40749095939,4,-12.10562470369041,29263.460303311236,14069,555975745820.0,3670
0,19473536.544145476,19500535.15283203,26998.608686555177,29269.51311566308,4,12.10562470369041,29263.460303311236,14070,555981681520.0,3670
1,33598832.5131762,33624170.986572266,25338.47339606285,29256.59773850441,4,-12.915377158671618,29263.460303311236,14071,555995805210.0,3670
0,67815426.87421641,67836799.7758789,21372.901662498713,29281.19058071077,4,23.7830897513777,29263.460303311236,14072,556030017970.0,3670
2,26952383.342661247,26979309.427612305,26926.08495105803,30069.134318035096,1,,30069.134318035096,14086,556490066180.0,3671
1,63172902.486857444,63162761.54968262,-10140.93717482686,-2774.035752899945,1,,-2774.035752899945,14096,557027172780.0,3672
1,26356993.485944796,26395989.79663086,38996.31068606302,42069.928727116436,2,2.6239650808274746,42068.61674457602,14106,557491237740.0,3673
1,55506633.61187358,55542228.01635742,35594.40448383987,42067.30476203561,2,-2.6239650808274746,42068.61674457602,14107,557520384090.0,3673
1,6007102.429173208,6050636.688842773,43534.259669565596,44234.77729160059,4,8.74240239802748,44229.56664171815,14120,557971822230.0,3674
2,14329129.731444221,14371684.776367188,42555.04492296651,44226.034889202565,4,-7.063505031168461,44229.56664171815,14121,557980143310.0,3674
0,23170309.777784005,23211840.872924805,41531.09514079988,44233.09839423373,4,7.063505031168461,44229.56664171815,14122,557988983500.0,3674
1,35410405.49600981,35450473.935913086,40068.43990327418,44197.820639796555,4,-35.27775443717837,44229.56664171815,14123,558001222180.0,3674
0,41012314.26126224,41039418.77868652,27104.517424285412,31887.16416607052,2,13.62096131592989,31880.353685412556,14147,559008528140.0,3676
0,74464710.64990334,74487900.49865723,23189.848753884435,31873.54320475459,2,-13.62096131592989,31880.353685412556,14148,559041976750.0,3676
1,33826840.56288929,33860331.314697266,33490.75180797279,37435.46528530121,3,1.9290208518505096,37435.46528530121,14163,559502242850.0,3677
1,39623181.337136105,39655989.087402344,32807.75026623905,37428.40341724455,3,-8.663781233131886,37435.46528530121,14164,559508038530.0,3677
1,56880797.38867767,56911602.9095459,30805.520868226886,37438.66911165416,3,6.734760381281376,37435.46528530121,14165,559525294210.0,3677
2,27416926.941552594,27458406.689453125,41479.747900530696,44676.96997074783,4,7.466049499809742,44673.019321423024,14172,559996781830.0,3678
1,41621856.442291714,41661672.21777344,39815.77548172325,44669.50392124802,4,-7.030800350010395,44673.019321423024,14173,560010985150.0,3678
0,67611740.55553707,67648532.55419922,36791.998662143946,44676.53472159803,4,7.030800350010395,44673.019321423024,14174,560036972110.0,3678
2,69668246.57924604,69704784.66821289,36538.088966846466,44662.44426134229,4,-14.090460255742073,44673.019321423024,14175,560039028370.0,3678
1,75523390.70537312,75603473.04504395,80082.33967082202,88889.49198572338,1,,88889.49198572338,14189,560545821930.0,3679
1,33507718.818805605,33547350.280029297,39631.4612236917,43538.96035218611,1,,43538.96035218611,14215,561505569680.0,3681
0,42741279.59246201,42774413.845947266,33134.25348525494,38118.52333845943,1,,38118.52333845943,14231,562015703660.0,3682
1,41599503.90307969,41656547.017456055,57043.11437636614,61894.23617687076,1,,61894.23617687076,14244,562515510590.0,3683
0,22395766.728932798,22355069.85217285,-40696.876759946346,-38085.196763213724,3,18.309725787490606,-38091.63042020798,14258,562997153040.0,3684
1,64518157.486068256,64472518.32531738,-45639.16075087339,-38115.38255779445,3,-26.968966083601117,-38091.63042020798,14259,563039270650.0,3684
0,79154084.37650383,79106762.20080566,-47322.175698161125,-38091.63042020798,3,8.65924029611051,-38091.63042020798,14260,563053904950.0,3684
1,54383899.51821852,54413190.01843262,29290.500214099884,35632.472973294556,2,-16.751107692718506,35640.848527140915,14276,563530076180.0,3685
0,66285204.9985442,66313124.380371094,27919.381826892495,35649.224080987275,2,16.751107692718506,35640.848527140915,14277,563541976160.0,3685
0,14769890.913570479,14732602.323608398,-37288.58996208012,-35566.20067664981,1,,-35566.20067664981,14298,564492152370.0,3687
3,13687107.362512372,13668907.59375,-18199.768762372434,-16603.64816759713,1,,-16603.64816759713,14306,564991933600.0,3688
0,42206519.18984516,42253795.06958008,47275.879734918475,52197.788559652865,2,30.33651800453663,52182.6203006506,14318,565521386310.0,3689
3,48433661.82480042,48480181.19042969,46519.36562927067,52167.45204164833,2,-30.33651800453663,52182.6203006506,14319,565527612720.0,3689
2,6821281.833370928,6826183.891845703,4902.058474775404,5697.521542948671,4,6.178613984026015,5694.432235956658,14331,565986865700.0,3690
2,18317064.50859453,18320619.80895996,3555.3003654293716,5691.342928964645,4,-6.178613984026015,5694.432235956658,14332,565998360180.0,3690
2,20916748.07183834,20919999.83996582,3251.768127478659,5690.972518071532,4,-6.549024877138436,5694.432235956658,14333,566000959570.0,3690
3,59917221.29633989,59915940.2845459,-1281.0117939934134,5706.228706121445,4,14.885777156800032,5694.432235956658,14334,566039955660.0,3690
1,42033900.987694085,42079240.54711914,45339.55942505598,50241.33839618415,2,8.686927765607834,50236.99493230134,14353,567023945710.0,3692
1,46565480.7470026,46610283.169799805,44802.422797203064,50232.65146841854,2,-8.686927765607834,50236.99493230134,14354,567028476770.0,3692
2,16004690.621045856,15945457.612304688,-59233.008741168305,-57366.623416887596,4,0.6610702779144049,-57366.95395202655,14363,567498748660.0,3693
1,45137541.38547613,45074905.896362305,-62635.48911382258,-57371.77944203466,4,-5.15602514706552,-57366.95395202655,14364,567527878220.0,3693
2,49208682.488833904,49145580.28479004,-63102.204043865204,-57363.73867774755,4,3.545809417963028,-57366.95395202655,14365,567531948910.0,3693
2,60728715.266036406,60664266.10876465,-64449.15727175772,-57367.28448716551,4,-0.6610702779144049,-57366.95395202655,14366,567543467640.0,3693
1,5959731.600466587,5935281.231811523,-24450.368655063212,-23755.37517726794,3,-14.199820699170232,-23748.71206595376,14378,567989573390.0,3694
2,6262749.111601293,6238270.069702148,-24479.04189914465,-23748.71206595376,3,-4.205153727903962,-23748.71206595376,14379,567989876380.0,3694
0,40136594.33686341,40108180.173461914,-28414.16340149939,-23733.638647183776,3,18.404974427074194,-23748.71206595376,14380,568023746420.0,3694
2,43610522.20778674,43563138.290527344,-47383.91725939512,-42298.28076943755,1,,-42298.28076943755,14394,568528000240.0,3695
2,11637456.755891059,11607726.073364258,-29730.68252680078,-28373.58172332868,2,-21.5878468118608,-28362.78779992275,14399,568996879650.0,3696
0,75001791.40966573,74964693.08972168,-37098.31994405389,-28351.99387651682,2,21.5878468118608,-28362.78779992275,14400,569060236860.0,3696
1,10034047.468397688,10026186.431884766,-7861.036512922496,-6690.917115954682,2,-1.0438020322471857,-6690.395214938559,14422,569998053950.0,3698
1,32273654.611709997,32263201.149536133,-10453.462173864245,-6689.873313922435,2,1.0438020322471857,-6690.395214938559,14423,570020291050.0,3698
3,2218442.770484874,2182765.206298828,-35677.5641860459,-35418.86071419343,1,,-35418.86071419343,14447,570993383370.0,3700
3,57247847.20591739,57206713.41381836,-41133.792099028826,-34457.84037952125,2,7.3153418600559235,-34461.49805045128,14473,572051961330.0,3702
3,79355587.8365113,79311868.63720703,-43719.199304267764,-34465.15572138131,2,-7.3153418600559235,-34461.49805045128,14474,572074066570.0,3702
1,26052271.55652541,26006569.481323242,-45702.075202167034,-42663.992277067155,5,-17.676091708242893,-42648.297847405076,14500,573025050870.0,3704
1,61829424.9409277,61779562.28637695,-49862.65455074608,-42652.422622442245,5,-6.106437083333731,-42648.297847405076,14501,573060824000.0,3704
2,65125828.62185227,65075589.64562988,-50238.976222388446,-42644.33452331275,5,6.025711610913277,-42648.297847405076,14502,573064120040.0,3704
3,67633080.46878038,67582550.03100586,-50530.43777452409,-42643.41316331923,5,6.9470716044306755,-42648.297847405076,14503,573066627010.0,3704
3,71121198.74415815,71070256.65515137,-50942.08900678158,-42648.297847405076,5,0.08072547242045403,-42648.297847405076,14504,573070114730.0,3704
3,20491599.439211152,20448055.192749023,-43544.24646212906,-41154.620734900236,3,19.992929561063647,-41168.300200302154,14528,574032130330.0,3706
2,32874449.658841766,32829447.708129883,-45001.950711883605,-41168.300200302154,3,-0.5262685418128967,-41168.300200302154,14529,574044511770.0,3706
3,46276793.804811224,46230216.314208984,-46577.49060223997,-41180.927128620446,3,-19.46666101925075,-41168.300200302154,14530,574057912590.0,3706
2,64135812.00990188,64192467.92236328,56655.91246140003,64135.10347673297,2,5.073056690394878,64132.56694838777,14586,576580479460.0,3711
1,64803462.38075613,64860035.36218262,56572.98142648488,64130.030420042574,2,-5.073056690394878,64132.56694838777,14587,576581147030.0,3711
3,12470361.072893653,12417687.201049805,-52673.87184384838,-51219.64199048653,3,-8.309502057731152,-51215.17382008582,14595,577029673570.0,3712
3,62090832.81094241,62032376.92114258,-58455.8897998333,-51215.17382008582,3,-1.6072464566677809,-51215.17382008582,14596,577079288450.0,3712
0,70796066.90616333,70736603.5390625,-59463.36710083485,-51207.49115677178,3,9.916748514398932,-51215.17382008582,14597,577087992710.0,3712
1,55861102.90689121,55887391.96350098,26289.056609764695,32803.29328776151,1,,32803.29328776151,14608,577573914130.0,3713
0,7210268.43404625,7238480.478881836,28212.0448355861,29052.869535548612,3,-2.503170305863023,29052.869535548612,14633,578527070090.0,3715
2,32010222.261692315,32035535.37841797,25313.11672565341,29045.98544962704,3,-12.82929918821901,29052.869535548612,14634,578551867240.0,3715
0,60517058.49347837,60539066.06298828,22007.569509908557,29064.75996208191,3,15.332469494082034,29052.869535548612,14635,578580370880.0,3715
1,6157365.503066057,6199966.651611328,42601.148545270786,43319.189079965465,4,-17.076677550561726,43335.284892778844,14656,579527771350.0,3717
2,37144833.198814794,37183837.82373047,39004.62491567433,43336.26575751603,4,1.9617294743657112,43335.284892778844,14657,579558755340.0,3717
2,46458024.57186031,46495952.11035156,37927.538491249084,43345.23617182672,4,10.932143785059452,43335.284892778844,14658,579568067490.0,3717
1,58768933.93067225,58805414.90161133,36480.97093907744,43334.30402804166,4,-1.9617294743657112,43335.284892778844,14659,579580377000.0,3717
3,14257578.044382568,14213794.728027344,-43783.3163552247,-42120.67038149759,2,-12.290432337671518,-42114.525165328756,14670,580036729210.0,3718
2,31811275.46318587,31765457.41467285,-45818.048513017595,-42108.37994915992,2,12.290432337671518,-42114.525165328756,14671,580054280940.0,3718
2,19888673.461842824,19861802.4765625,-26870.985280323774,-24551.66970293969,1,,-24551.66970293969,14678,580543165080.0,3719
2,14974782.94707445,15058215.44921875,83432.50214429945,85178.78489280492,3,-21.265988647937775,85197.39475113153,14700,581540007300.0,3721
1,49689139.42888483,49768542.329833984,79402.90094915777,85197.39475113153,3,6.64879884198308,85197.39475113153,14701,581574717760.0,3721
2,51695930.44291401,51775104.634399414,79174.19148540497,85202.70701177418,3,14.617189805954695,85197.39475113153,14702,581576724330.0,3721
1,33930499.95212874,33945307.64929199,14807.697163254023,18764.49886942655,2,-5.103631287813187,18767.050685070455,14720,582059884290.0,3722
1,48601889.49055727,48614991.388793945,13101.89823667705,18769.60250071436,2,5.103631287813187,18767.050685070455,14721,582074554030.0,3722
3,35307328.3537422,35359793.39550781,52465.041765615344,56582.402171969414,2,-8.14749650657177,56586.4759202227,14736,582562148830.0,3723
1,78190406.56796062,78237878.95153809,47472.38357746601,56590.549668475986,2,8.14749650657177,56586.4759202227,14737,582605027080.0,3723
3,67399826.19396618,67345335.57214355,-54490.6218226254,-46630.798134312034,1,,-46630.798134312034,14752,583095069280.0,3724
3,23771307.748206884,23828081.96044922,56774.21224233508,59546.300811287016,1,,59546.300811287016,14762,583552317940.0,3725
1,65197342.715186134,65138124.337890625,-59218.37729550898,-51615.39598790556,1,,-51615.39598790556,14775,584094572910.0,3726
1,2417782.3522724956,2410366.3592529297,-7415.99301956594,-7134.043583214283,2,-16.856097163632512,-7125.615534632467,14787,584532622000.0,3727
2,11213447.472862385,11205022.630371094,-8424.842491291463,-7117.1874860506505,2,16.856097163632512,-7125.615534632467,14788,584541416690.0,3727
2,16419949.575399762,16481142.80444336,61193.229043597355,63108.03974744491,2,-13.94400885887444,63115.01175187435,14812,585548375520.0,3729
3,38029472.75746764,38088159.93823242,58687.18076477945,63121.98375630379,2,13.94400885887444,63115.01175187435,14813,585569982620.0,3729
2,440006.18093949236,613346.0411376953,173339.86019820295,173391.17147301248,2,-32.58702811488183,173407.46498706992,14832,586534197520.0,3731
0,61188754.84915372,61355043.087402344,166288.2382486239,173423.75850112736,2,32.58702811488183,173407.46498706992,14833,586594939450.0,3731
2,34235646.11479236,34196855.474609375,-38790.640182986856,-34798.2538889423,2,-16.335488133132458,-34790.086144875735,14845,587068876200.0,3732
3,68835281.93277612,68792472.79516602,-42809.13761010766,-34781.91840080917,2,16.335488133132458,-34790.086144875735,14846,587103471950.0,3732
0,8813127.40354755,8909123.912719727,95996.50917217694,97024.25110336766,3,1.1263620257377625,97024.25110336766,14858,587544364180.0,3733
0,22015548.35667538,22110013.28527832,94464.92860294133,97032.26947392523,3,13.15391786210239,97024.25110336766,14859,587557565120.0,3733
1,56600637.15912194,56691050.661743164,90413.50262122601,97013.9800087586,3,-14.280279887840152,97024.25110336766,14860,587592146290.0,3733
2,41067454.90245499,41012213.415649414,-55241.486805573106,-50452.40984367579,1,,-50452.40984367579,14866,588077460290.0,3734
2,59092814.308457226,59098979.29370117,6164.985243946314,13056.087609320879,1,,13056.087609320879,14876,588596378230.0,3735
1,9860442.2990745,9840489.295166016,-19953.003908485174,-18803.129460196942,3,-7.134873189032078,-18800.069373123348,14885,589047991360.0,3736
1,33805379.75346701,33782637.4732666,-22742.28020040691,-18800.069373123348,3,-2.54474257864058,-18800.069373123348,14886,589071933600.0,3736
2,37578047.08606051,37554873.006225586,-23174.079834923148,-18791.919800892472,3,9.679615767672658,-18800.069373123348,14887,589075705850.0,3736
2,8826643.783761138,8923390.018676758,96746.23491561972,97775.55305807665,3,-14.593011420220137,97787.89060765505,14894,589547915090.0,3737
3,44770625.21525532,44863192.18408203,92566.96882671118,97787.89060765505,3,3.9133129473775625,97787.89060765505,14895,589583855030.0,3737
3,70818758.41770011,70908292.29711914,89533.87941902876,97792.40153133869,3,10.679698472842574,97787.89060765505,14896,589609900230.0,3737
3,14277805.635867197,14315266.035766602,37460.399899404496,39125.40471159853,2,-0.264421870931983,39125.536922534,14906,590054280940.0,3738
2,46441732.82534207,46475442.69665527,33709.87131320685,39125.66913346946,2,0.264421870931983,39125.536922534,14907,590086441240.0,3738
2,3293508.6619364796,3347667.031616211,54158.36967973132,54542.44184817094,2,-17.881531584076583,54551.38261396298,14915,590544225300.0,3739
2,77765459.74119474,77810951.45361328,45491.71241854131,54560.32337975502,2,17.881531584076583,54551.38261396298,14916,590618688870.0,3739
3,15490244.576041207,15460063.58972168,-30180.98631952703,-28374.593067023903,3,-8.924793887883425,-28374.593067023903,14929,591057229520.0,3740
3,18385172.4806182,18354652.48852539,-30519.99209281057,-28376.007125236094,3,-11.045881206169724,-28374.593067023903,14930,591060124120.0,3740
0,64889236.54001683,64853314.15905762,-35922.38095921278,-28355.329421035945,3,19.97067509405315,-28374.593067023903,14931,591106622960.0,3740
1,20220647.05476159,20288510.30078125,67863.24601966143,70221.27466289327,3,-11.285334937274456,70230.14788635075,14939,591562892930.0,3741
3,54866060.67362341,54929897.44580078,63836.7721773684,70234.97210931033,3,9.260834688320756,70230.14788635075,14940,591597534450.0,3741
1,64015197.33923403,64077962.361572266,62765.02233823389,70230.14788635075,3,2.0245002489537,70230.14788635075,14941,591606682550.0,3741
1,2761214.3610944115,2776015.5270996094,14801.166005197912,15123.164729369804,4,-11.588517913594842,15133.475007448345,14964,592547153170.0,3743
1,14171842.221762002,14185321.770629883,13479.548867881298,15132.196767613292,4,-2.5564796701073647,15133.475007448345,14965,592558562520.0,3743
1,18127845.824185077,18140866.600585938,13020.776400860399,15134.7532472834,4,2.5564796701073647,15133.475007448345,14966,592562518080.0,3743
3,65846939.34705798,65854413.611816406,7474.264758422971,15152.998709365726,4,20.801941752433777,15133.475007448345,14967,592610231810.0,3743
0,16755696.355200931,16722313.177490234,-33383.177710697055,-31429.213931208476,2,-8.877280758693814,-31424.77529082913,14981,593061958530.0,3744
1,26051605.872342363,26017147.530395508,-34458.34194685519,-31420.336650449783,2,8.877280758693814,-31424.77529082913,14982,593071253400.0,3744
3,69166359.78095663,69210825.25036621,44465.469409585,52531.29722754657,1,,52531.29722754657,14990,593615244300.0,3745
1,33219774.398104306,33260827.060546875,41052.66244256869,44926.5829625316,1,,44926.5829625316,15010,594581099990.0,3747
0,51911867.397049695,51867248.7277832,-44618.66926649213,-38564.97227478027,2,7.001898869872093,-38568.47322421521,15018,595100594420.0,3748
2,68392763.11753993,68346215.52844238,-46547.58909754455,-38571.974173650146,2,-7.001898869872093,-38568.47322421521,15019,595117073450.0,3748
0,3867010.3899848694,3919893.823486328,52883.43350145873,53334.3845139835,3,-8.293762773275375,53338.25780728459,15032,595553486690.0,3749
0,27980797.23312509,28030881.354125977,50084.12100088596,53347.09874622896,3,10.777585594914854,53338.25780728459,15033,595577597770.0,3749
3,76961910.1734281,77006273.52612305,44363.35269494355,53338.25780728459,3,-2.483822821639478,53338.25780728459,15034,595626573350.0,3749
2,5257114.025490914,5215193.858886719,-41920.16660419479,-41307.108801481314,4,-15.419116747565567,-41294.082083869725,15043,596055675820.0,3750
0,5806585.265101651,5764621.751831055,-41963.51327059604,-41286.378936694935,4,10.095546310767531,-41294.082083869725,15044,596056225250.0,3750
3,19638520.54415498,19594938.71044922,-43581.83370576054,-41291.68968473375,4,4.78479827195406,-41294.082083869725,15045,596070055620.0,3750
3,41690632.37031492,41644474.14709473,-46158.223220191896,-41296.4744830057,4,-4.78479827195406,-41294.082083869725,15046,596092105240.0,3750
3,15047211.69242901,15044997.399902344,-2214.292526666075,-459.56350758858025,3,0.10550126992166042,-459.56350758858025,15054,596566337790.0,3751
0,20814922.30089767,20812045.282348633,-2877.0185490362346,-449.6885600797832,3,14.917922533117235,-459.56350758858025,15055,596572104860.0,3751
2,29000205.3996669,28996353.89428711,-3851.505379792303,-469.6494576372206,3,-15.023423803038895,-459.56350758858025,15056,596580289200.0,3751
1,50497666.47621102,50527913.66442871,30247.188217692077,36135.96831680089,1,,36135.96831680089,15078,597603519660.0,3753
2,51716132.37480438,51675858.72668457,-40273.64811980724,-34242.77674726397,1,,-34242.77674726397,15111,599107230300.0,3756
0,44246579.914336234,44237258.49951172,-9321.414824515581,-4161.60453157872,1,,-4161.60453157872,15122,599600622520.0,3757
1,22652059.080827862,22800521.903320312,148462.82249245048,151104.38999501616,3,-14.397211916744709,151106.6737086773,15134,600080030630.0,3758
0,64029629.14022777,64173293.232421875,143664.0921941027,151130.9007051885,3,25.368853341788054,151106.6737086773,15135,600121403560.0,3758
1,74821400.4653309,74963781.84924316,142381.3839122653,151106.6737086773,3,-10.971641425043344,151106.6737086773,15136,600132194090.0,3758
3,32046453.681481868,32149714.264404297,103260.58292242885,106997.67676963657,3,-3.631508130580187,106997.67676963657,15144,600590478740.0,3759
3,41582221.78189829,41684367.697631836,102145.91573354602,106995.02218129486,3,-7.613390643149614,106997.67676963657,15145,600600013430.0,3759
3,75146004.53944881,75244248.99035645,98244.45090763271,107007.59437423944,3,11.244898773729801,106997.67676963657,15146,600633573440.0,3759
1,3160.6036042332503,-37779.84521484375,-40940.448819077,-40940.08024561797,2,-3.7167470457134186,-40938.22187209512,15154,601059330100.0,3760
1,26376251.249010168,26332239.021728516,-44012.22728165239,-40936.36349857226,2,3.7167470457134186,-40938.22187209512,15155,601085700220.0,3760
0,72424431.18220031,72466171.32397461,41740.14177429676,50185.90924824774,1,,50185.90924824774,15171,601632668250.0,3761
1,9282205.486877559,9356035.55078125,73830.06390369125,74912.50732655078,3,-17.059054197743535,74925.14734359458,15195,602571297650.0,3763
3,15534758.010813061,15607871.57397461,73113.56316154823,74925.14734359458,3,1.9009713679552078,74925.14734359458,15196,602577549510.0,3763
2,67697162.05856998,67764201.54650879,67039.48793880641,74933.98541790247,3,15.158082829788327,74925.14734359458,15197,602629706040.0,3763
1,918254.1695524296,866488.9810791016,-51765.18847332802,-51658.10635930335,2,-2.184137350297533,-51657.0142906282,15213,603063736200.0,3764
1,10170615.468458539,10117773.500976562,-52841.967481976375,-51655.92222195305,2,2.184137350297533,-51657.0142906282,15214,603072987520.0,3764
1,24375705.0187212,24454640.041381836,78935.02266063541,81777.59295412898,2,-30.757588893175125,81792.97174857557,15224,603588082330.0,3765
0,71936158.13790956,72009577.66088867,73419.52297911048,81808.35054302216,2,30.757588893175125,81792.97174857557,15225,603635637450.0,3765
0,6667827.895279182,6628479.182006836,-39348.713272346184,-38571.145219126716,6,8.130128582939506,-38578.62093927711,15257,605072998760.0,3768
0,7285984.432489561,7246556.811645508,-39427.620844053105,-38577.96653084457,6,1.3088168650865555,-38578.62093927711,15258,605073616840.0,3768
0,34796195.94080852,34753571.317993164,-42624.62281535566,-38566.86806192249,6,12.407285787165165,-38578.62093927711,15259,605101123960.0,3768
2,45773808.49242643,45729889.22216797,-43919.27025846392,-38581.36236448586,6,-3.3958336412906647,-38578.62093927711,15260,605112100320.0,3768
2,78258029.98212126,78210324.65478516,-47705.327336102724,-38579.275347709656,6,-1.3088168650865555,-38578.62093927711,15261,605144580880.0,3768
2,79167112.88862239,79119301.16870117,-47811.71992121637,-38579.65532468259,6,-1.6887938380241394,-38578.62093927711,15262,605145489860.0,3768
3,71601695.42069736,71635353.21069336,33657.789995998144,42007.61422508955,1,,42007.61422508955,15275,605638811900.0,3769
3,39421656.688359216,39409147.62548828,-12509.062870934606,-7911.910495787859,2,-6.598160117864609,-7908.611415728927,15288,606107526500.0,3770
3,68313258.4905526,68297386.8347168,-15871.655835807323,-7905.312335669994,2,6.598160117864609,-7908.611415728927,15289,606136414850.0,3770
2,5836779.856222626,5795279.132202148,-41500.724020477384,-40820.06854748819,2,-17.50353037659079,-40811.316782299895,15313,607075547320.0,3772
0,58467158.01672007,58419537.310180664,-47620.70653940737,-40802.5650171116,2,17.50353037659079,-40811.316782299895,15314,607128171780.0,3772
2,62620614.07268019,62681018.47253418,60404.39985398948,67706.89622021466,3,-3.8380555137991905,67706.89622021466,15325,607633196030.0,3773
0,78355173.69635275,78413758.13500977,58584.43865701556,67721.81904949248,3,18.54618840292096,67706.89622021466,15326,607648928830.0,3773
2,79686786.04553404,79745193.0288086,58406.983274549246,67699.64950196445,3,-14.70813288912177,67706.89622021466,15327,607650260270.0,3773
1,18007589.643157735,17980338.697509766,-27250.945647969842,-25150.99246352911,2,15.082774840295315,-25158.533850949258,15339,608089444300.0,3774
1,50782891.13069677,50751803.013916016,-31088.116780757904,-25166.075238369405,2,-15.082774840295315,-25158.533850949258,15340,608122215890.0,3774
0,19175249.78240791,19181791.364746094,6541.582338184118,8777.70208774507,3,14.411433227360249,8768.19711175561,15350,608591468670.0,3775
3,39787843.979811385,39791972.32165527,4128.341843888164,8768.19711175561,3,0.15396924316883087,8768.19711175561,15351,608612078930.0,3775
1,69924982.6649877,69925586.75463867,604.0896509736776,8758.38419727981,3,-14.56540247052908,8768.19711175561,15352,608642212660.0,3775
1,5196303.285923276,5162822.090576172,-33481.19534710422,-32875.22898243088,7,4.185679328627884,-32876.26430892572,15364,609078354480.0,3776
0,28350258.480789937,28314093.301879883,-36165.17891005427,-32859.116479922086,7,20.298181837424636,-32876.26430892572,15365,609101505840.0,3776
2,30896882.837449238,30860403.536376953,-36479.30107228458,-32876.26430892572,7,2.6326895863749087,-32876.26430892572,15366,609104052160.0,3776
3,31306585.821533345,31270061.96533203,-36523.856201313436,-32873.041967276484,7,6.372694483026862,-32876.26430892572,15367,609104461820.0,3776
2,36029427.987608545,35992343.85461426,-37084.132994286716,-32882.5650145933,7,-6.818368915002793,-32876.26430892572,15368,609109184120.0,3776
2,52495340.7746783,52456330.712768555,-39010.06190974265,-32888.323231071234,7,-12.576585392933339,-32876.26430892572,15369,609125648170.0,3776
3,63653329.039226554,63613017.9251709,-40311.1140556559,-32888.18774152547,7,-12.4410958471708,-32876.26430892572,15370,609136804900.0,3776
3,45493397.13175857,45543868.556152344,50471.42439377308,55776.63214622438,2,2.6927708834409714,55775.28576078266,15383,609619543490.0,3777
1,78281527.67603636,78328172.82324219,46645.14720582962,55773.93937534094,2,-2.6927708834409714,55775.28576078266,15384,609652327920.0,3777
0,18882520.97779271,18825324.01220703,-57196.965585678816,-54994.9823750779,4,12.575001038610935,-55007.34899572283,15393,610093723020.0,3778
1,49957326.507694066,49896484.849609375,-60841.65808469057,-55015.889674544334,4,-8.749059215188026,-55007.34899572283,15394,610124794300.0,3778
3,67213824.36638407,67150978.67590332,-62845.69048075378,-55007.557376116514,4,-0.41676078736782074,-55007.34899572283,15395,610142048860.0,3778
2,70914611.3251015,70851334.48449707,-63276.84060442448,-55007.14061532915,4,0.41676078736782074,-55007.34899572283,15396,610145749230.0,3778
0,19317582.310723893,19397147.332885742,79565.02216184884,81817.74000432342,4,13.140270538628101,81811.16986905411,15402,610595055550.0,3779
0,27525436.43717164,27604045.858154297,78609.42098265514,81819.29687636346,4,14.697142578661442,81811.16986905411,15403,610603262480.0,3779
1,33091817.225699328,33169754.512817383,77937.28711805493,81796.28592573106,4,-21.45407859236002,81811.16986905411,15404,610608828210.0,3779
3,77640783.15262207,77713533.68054199,72750.5279199183,81804.5997337848,4,-13.140270538628101,81811.16986905411,15405,610653372160.0,3779
3,41587339.48097132,41543113.14855957,-44226.33241175115,-39376.62916406244,2,-20.41831285506487,-39366.42000763491,15417,611118161730.0,3780
0,49782403.303388484,49737241.72277832,-45161.58061016351,-39356.210851207376,2,20.41831285506487,-39366.42000763491,15418,611126355890.0,3780
2,8266284.328510299,8315131.812744141,48847.4842338413,49811.456116982736,3,3.4180681938305497,49808.59299273044,15428,611585768310.0,3781
3,17213787.402745336,17261587.501831055,47800.09908571839,49807.48310484737,3,-2.541450009215623,49808.59299273044,15429,611594714800.0,3781
2,37914180.88707555,37959568.12182617,45387.23475062102,49808.59299273044,3,-0.8766181846149266,49808.59299273044,15430,611615412860.0,3781
0,26191194.339881998,26144940.408325195,-46253.93155680224,-43199.648165840656,2,22.600242536514997,-43210.94828710891,15444,612104499180.0,3782
1,37790285.0878761,37742655.92932129,-47629.158554807305,-43222.24840837717,2,-22.600242536514997,-43210.94828710891,15445,612116096940.0,3782
1,13981178.779980712,13980871.37890625,-307.4010744616389,1323.0126279313117,6,-15.480191743001342,1332.2630678024143,15471,613094041050.0,3784
0,21849684.337687198,21848491.205322266,-1193.1323649324477,1354.8662908114493,6,28.83297488093376,1332.2630678024143,15472,613101908700.0,3784
2,31019597.35529201,31017306.041503906,-2291.3137881048024,1326.0333159305155,6,-12.45950374379754,1332.2630678024143,15473,613111077550.0,3784
0,66503806.81163271,66497389.9699707,-6416.84166200459,1338.492819674313,6,12.45950374379754,1332.2630678024143,15474,613146557770.0,3784
0,68935617.60707201,68928920.64465332,-6696.962418690324,1341.957424774766,6,15.92410884425044,1332.2630678024143,15475,613148989310.0,3784
2,72442850.4976737,72435727.19555664,-7123.302117064595,1324.6133234351873,6,-13.879496239125729,1332.2630678024143,15476,613152496130.0,3784
2,37554300.37174345,37541947.45776367,-12352.913979776204,-7973.523166358471,2,-6.81660071015358,-7970.114866003394,15499,614119276970.0,3786
0,71953083.05628906,71936725.54846191,-16357.507827147841,-7966.706565648317,2,6.81660071015358,-7970.114866003394,15500,614153671880.0,3786
1,35095412.837306306,35102578.1607666,7165.323460295796,11257.971360839903,3,-0.17312543839216232,11257.971360839903,15520,614617641560.0,3787
3,37645775.60471049,37652648.380859375,6872.7761488854885,11262.834337040782,3,7.121338862925768,11257.971360839903,15521,614620191640.0,3787
1,73754977.38718688,73757629.9128418,2652.525654911995,11253.454635515809,3,-6.948213424533606,11257.971360839903,15522,614656296760.0,3787
3,60795010.32360931,60809491.814697266,14481.491087958217,21571.09486375749,2,15.691736564040184,21563.24899547547,15541,615645074270.0,3789
1,77604401.78178981,77616907.35571289,12505.57392308116,21555.40312719345,2,-15.691736564040184,21563.24899547547,15542,615661881750.0,3789
3,12549675.849629074,12552721.938964844,3046.089335769415,4509.568473530933,2,-15.07984402962029,4517.108395545743,15554,616097698340.0,3790
3,42193423.997328684,42193028.263916016,-395.73341266810894,4524.648317560554,2,15.07984402962029,4517.108395545743,15555,616127338760.0,3790
1,44183231.758210346,44141761.8581543,-41469.90005604923,-36317.47710172087,1,,-36317.47710172087,15562,616630164430.0,3791
2,4447098.557330061,4473323.313842773,26224.756512712687,26743.35444625374,1,,26743.35444625374,15575,617091306720.0,3792
2,1307847.142690835,1312510.4735107422,4663.3308199071325,4815.845277781831,1,,4815.845277781831,15584,617589030760.0,3793
3,30331819.225584164,30351154.26611328,19335.04052911699,22872.18245843053,3,-1.3210224956274033,22872.18245843053,15603,618118922380.0,3794
3,56395929.19151871,56412224.317871094,16295.126352384686,22871.731741674244,3,-1.9970976300537586,22872.18245843053,15604,618144983550.0,3794
3,64922707.29974641,64938011.62023926,15304.320492848754,22875.275220178068,3,3.318120125681162,22872.18245843053,15605,618153509370.0,3794
1,15083529.651379164,15077495.883300781,-6033.768078383058,-4274.803844317794,8,-15.016291975975037,-4259.838633682579,15615,618604532760.0,3795
1,21974156.07433423,21967319.459838867,-6836.6144953630865,-4274.10058105737,8,-14.3130287155509,-4259.838633682579,15616,618611422610.0,3795
3,35343189.62556128,35334808.193481445,-8381.432079836726,-4259.889715023339,8,-0.1021626815199852,-4259.838633682579,15617,618624790150.0,3795
3,42412686.8225784,42403481.083984375,-9205.738594025373,-4259.787552341819,8,0.1021626815199852,-4259.838633682579,15618,618631858850.0,3795
2,51004261.70666174,50994048.13781738,-10213.568844355643,-4265.712195388973,8,-5.92464304715395,-4259.838633682579,15619,618640449450.0,3795
3,73753317.51884596,73740460.90185547,-12856.616990491748,-4255.881575256586,8,4.00813976675272,-4259.838633682579,15620,618663195950.0,3795
0,77076842.55789262,77063608.15710449,-13234.400788128376,-4246.092847779393,8,13.796867243945599,-4259.838633682579,15621,618666519110.0,3795
0,78934814.8414236,78921361.03234863,-13453.8090749681,-4248.833890929818,8,11.055824093520641,-4259.838633682579,15622,618668376870.0,3795
2,52819578.40654841,52790136.44421387,-29441.962334543467,-23282.412718318403,2,-15.096153602004051,-23274.8646415174,15630,619143089450.0,3796
0,55972688.918739095,55942894.35290527,-29794.565833821893,-23267.3165647164,2,15.096153602004051,-23274.8646415174,15631,619146242220.0,3796
3,73615259.22140175,73637674.32800293,22415.106601178646,30999.742362484336,2,3.9150298833847046,30997.784847542644,15648,620165768750.0,3798
1,78800447.92300323,78822254.44433594,21806.52133271098,30995.82733260095,2,-3.9150298833847046,30997.784847542644,15649,620170953350.0,3798
0,5201256.284953326,5184611.785400391,-16644.499552935362,-16037.955594797619,2,11.60823808144778,-16043.759713838343,15665,620598228450.0,3799
1,78547969.94960122,78522760.52246094,-25209.427140280604,-16049.563832879066,2,-11.60823808144778,-16043.759713838343,15666,620671566880.0,3799
0,12835968.0616703,12862365.611206055,26397.549535755068,27894.414609905332,2,-3.6557043232023716,27896.242462066934,15679,621106730170.0,3800
3,61609975.14776988,61630688.57727051,20713.429500624537,27898.070314228535,2,3.6557043232023716,27896.242462066934,15680,621155498680.0,3800
1,21207665.283004176,21247339.53930664,39674.25630246475,42147.385973237455,4,13.026689417660236,42140.872628528625,15704,622116882090.0,3802
0,41951960.37385513,41989229.9909668,37269.61711166799,42161.840586677194,4,27.481302857398987,42140.872628528625,15705,622137624060.0,3802
1,54888667.178913966,54924400.38269043,35733.203776463866,42134.039963662624,4,-13.346009574830532,42140.872628528625,15706,622150559280.0,3802
3,72634448.23207012,72668112.33276367,33664.100693553686,42134.359283819795,4,-13.026689417660236,42140.872628528625,15707,622168303060.0,3802
1,48330400.162520364,48330130.37634277,-269.7861775904894,5366.258386828005,2,-7.958899602293968,5370.237836629152,15715,622644936890.0,3803
3,51753968.314245045,51753307.247924805,-661.0663202404976,5374.217286430299,2,7.958899602293968,5370.237836629152,15716,622648360080.0,3803
2,52375401.51453684,52335536.20568848,-39865.30884836614,-33757.556873984635,2,-1.5615924820303917,-33756.77607774362,15726,623149787240.0,3804
3,68283154.03225493,68241435.20410156,-41718.82815337181,-33755.995281502604,2,1.5615924820303917,-33756.77607774362,15727,623165693200.0,3804
2,23513914.401141778,23519715.951538086,5801.550396308303,8543.623066991568,2,11.809980660676956,8537.71807666123,15737,623621805230.0,3805
3,69342344.75033522,69342790.21313477,445.4627995491028,8531.81308633089,2,-11.809980660676956,8537.71807666123,15738,623667628480.0,3805
0,3192336.1128670955,3204069.0057373047,11732.89287020918,12105.16681241151,2,15.918555690906942,12097.207534566056,15747,624102347490.0,3806
1,31993340.21414697,32001698.56237793,8358.348230957985,12089.248256720603,2,-15.918555690906942,12097.207534566056,15748,624131145230.0,3806
2,41102615.44278559,41086346.78637695,-16268.656408637762,-11475.479204006493,2,3.217556342482567,-11477.087982177734,15759,624641107610.0,3807
2,64055317.2704213,64036368.76953125,-18948.500890046358,-11478.696760348976,2,-3.217556342482567,-11477.087982177734,15760,624664057720.0,3807
3,15312822.417782009,15331213.850219727,18391.432437717915,20177.135623775423,4,-9.421130396425724,20181.846188973635,15773,625617066300.0,3809
1,30396301.600318108,30412926.009521484,16624.40920337662,20169.07073808089,4,-17.48601609095931,20181.846188973635,15774,625632148070.0,3809
2,66041144.14639063,66053629.322021484,12485.17563085258,20186.55675417185,4,9.421130396425724,20181.846188973635,15775,625667788910.0,3809
0,67007794.599371314,67020175.615234375,12381.015863060951,20195.12282793969,4,17.987204164266586,20181.846188973635,15776,625668755460.0,3809
2,5911221.909417753,5938540.974853516,27319.065435762517,28008.401961005293,3,1.2912089368328452,28008.401961005293,15790,626108541560.0,3810
3,51135690.451357536,51157727.552368164,22037.101010628045,28000.28420892358,3,-10.88541918573901,28008.401961005293,15791,626153760920.0,3810
0,61802109.759056285,61822916.64978027,20806.890723988414,28013.93729521334,3,9.594210248906165,28008.401961005293,15792,626164426150.0,3810
2,9938104.16617123,9942254.607421875,4150.441250644624,5309.372229449451,3,0.7072471156716347,5309.372229449451,15799,626613443210.0,3811
1,57219262.65013029,57217893.2980957,-1369.3520345836878,5303.266299940646,3,-8.451647147536278,5309.372229449451,15800,626660719030.0,3811
0,63893804.60880782,63891667.703125,-2136.9056828171015,5314.063664726913,3,7.744400031864643,5309.372229449451,15801,626667392830.0,3811
2,18857736.871513993,18819723.709350586,-38013.16216340661,-35814.069148771465,2,-6.166133277118206,-35810.986082132906,15814,627123176650.0,3812
1,72373136.18225867,72328888.49353027,-44247.688728392124,-35807.90301549435,2,6.166133277118206,-35810.986082132906,15815,627176686020.0,3812
0,29213287.575905606,29238786.987426758,25499.411521151662,28906.11599902436,2,14.850271228700876,28898.69086341001,15824,627634428650.0,3813
2,43613826.52184147,43637631.76574707,23805.243905603886,28891.26572779566,2,-14.850271228700876,28898.69086341001,15825,627648827550.0,3813
0,17054554.715218574,17059292.75378418,4738.038565605879,6726.853681515902,3,14.592676538974047,6715.803393229842,15836,628123129110.0,3814
2,53621319.77233651,53621782.53112793,462.75879141688347,6715.803393229842,3,-1.9827558901160955,6715.803393229842,15837,628159691740.0,3814
1,70462566.2160083,70461057.9498291,-1508.2661792039871,6708.718616724014,3,-12.609920648857951,6715.803393229842,15838,628176531080.0,3814
1,15887485.52807297,15900396.396850586,12910.86877761595,14763.586242226884,4,-13.764224817976356,14777.289143281057,15856,628622813090.0,3815
3,22248429.152168103,22260612.00439453,12182.852226428688,14777.35046704486,4,0.12264752760529518,14777.289143281057,15857,628629173330.0,3815
2,40086090.02031313,40096193.60229492,10103.581981793046,14778.217180512846,4,0.9893609955906868,14777.289143281057,15858,628647008980.0,3815
2,71760093.2097969,71766502.1418457,6408.932048797607,14777.227819517255,4,-0.12264752760529518,14777.289143281057,15859,628678679410.0,3815
3,21135226.897379257,21048219.557128906,-87007.34025035053,-84542.65797434747,2,-0.16985011100769043,-84542.57304929197,15871,629128880870.0,3816
1,38377431.306620106,38288413.43835449,-89017.86826561391,-84542.48812423646,2,0.16985011100769043,-84542.57304929197,15872,629146121130.0,3816
0,38713639.537805066,38659062.67102051,-54576.8667845577,-50062.279755435884,2,15.16515313833952,-50069.862332005054,15893,630148110470.0,3818
1,68242925.02153715,68184889.4350586,-58035.58647856116,-50077.44490857422,2,-15.16515313833952,-50069.862332005054,15894,630177636410.0,3818
1,28042008.73531001,28066794.744873047,24786.009563036263,28056.125481311232,3,-10.742431305348873,28061.10156340152,15905,630638295250.0,3819
0,41746177.78525749,41769382.193359375,23204.40810188651,28072.63426183164,3,14.020739475265145,28061.10156340152,15906,630651997890.0,3819
2,65707241.65136981,65727640.30981445,20398.65844464302,28061.10156340152,3,-3.278308169916272,28061.10156340152,15907,630675956240.0,3819
0,17626605.690207604,17587256.094726562,-39349.59548104182,-37294.07070046291,5,15.7989865206182,-37307.10431711376,16182,641646673930.0,3841
2,32919323.439440086,32878177.451660156,-41145.987779930234,-37307.10431711376,5,-3.751438455656171,-37307.10431711376,16183,641661964910.0,3841
1,41033875.08570806,40991776.3347168,-42098.750991262496,-37313.58993618935,5,-13.002427401021123,-37307.10431711376,16184,641670078540.0,3841
0,63051648.45009328,63007001.90307617,-44646.547017104924,-37293.785622000694,5,16.084064982831478,-37307.10431711376,16185,641692093850.0,3841
1,70323257.39292362,70277744.01855469,-45513.37436893582,-37312.635056853294,5,-12.04754806496203,-37307.10431711376,16186,641699364620.0,3841
0,13833403.849680439,13860495.724243164,27091.874562725425,28705.055507063866,4,6.1904480047523975,28701.717154612765,16197,642143753940.0,3842
3,18307184.594084863,18333748.568725586,26563.974640723318,28698.865059059113,4,-5.704191107302904,28701.717154612765,16198,642148227210.0,3842
0,29746889.0619149,29772124.700805664,25235.638890765607,28704.569250166416,4,5.704191107302904,28701.717154612765,16199,642159665630.0,3842
3,79056542.57385734,79076015.61279297,19473.038935631514,28692.209386467934,4,-12.359863698482513,28701.717154612765,16200,642208969710.0,3842
2,5063531.479275173,5057288.473388672,-6243.005886500701,-5652.522692184895,4,-7.303457360714674,-5648.870963504538,16207,642635848620.0,3843
1,42819582.23782572,42808933.69006348,-10648.54776224494,-5655.146654233336,4,-9.927419409155846,-5648.870963504538,16208,642673600410.0,3843
3,49963457.99795616,49951986.295288086,-11471.702668070793,-5645.219234824181,4,7.303457360714674,-5648.870963504538,16209,642680743490.0,3843
3,61773838.96533585,61760991.005981445,-12847.959354408085,-5644.209578841925,4,8.31311334297061,-5648.870963504538,16210,642692552540.0,3843
3,11973702.291258506,11979502.083984375,5799.792725868523,7196.104767309502,1,,7196.104767309502,16230,643644518830.0,3845
1,2990322.7401148407,2949343.799682617,-40978.94043222349,-40630.22425837396,3,-5.337532843928784,-40627.90078007057,16244,644136361470.0,3846
3,16419688.954984568,16377152.302001953,-42536.652982614934,-40621.87267098948,3,7.1898482327815145,-40627.90078007057,16245,644149789330.0,3846
2,22291877.249529496,22248649.783813477,-43227.46571601927,-40627.90078007057,3,-1.8523153888527304,-40627.90078007057,16246,644155660850.0,3846
0,32041564.850951284,32062057.396484375,20492.54553309083,24229.06926983595,3,26.104692861437798,24204.395368680358,16256,644666304120.0,3847
1,46090783.998563476,46109613.521972656,18829.523409180343,24204.395368680358,3,-10.906158871948719,24204.395368680358,16257,644680351730.0,3847
1,66169621.35532911,66186106.525634766,16485.170305654407,24201.533785268664,3,-15.198533989489079,24204.395368680358,16258,644700428300.0,3847
3,32399541.733886532,32406725.130737305,7183.396850772202,10961.666024312377,1,,10961.666024312377,16267,645167528790.0,3848
1,2520073.5806502616,2513642.9237060547,-6430.656944206916,-6136.778826947324,4,-1.4987141443416476,-6135.481677841395,16277,645638491530.0,3849
1,10005261.31342521,9997964.220214844,-7297.093210365623,-6130.330707851797,4,5.352535028010607,-6135.481677841395,16278,645645975880.0,3849
2,41837836.34675972,41826822.1517334,-11014.1950263232,-6135.280112802982,4,0.40313007682561874,-6135.481677841395,16279,645677804860.0,3849
1,43739381.20647478,43728144.85986328,-11236.346611499786,-6135.683242879808,4,-0.40313007682561874,-6135.481677841395,16280,645679706190.0,3849
0,14598770.243358726,14592102.829101562,-6667.414257163182,-4964.9801908079535,3,0.17338200844824314,-4964.9801908079535,16308,646652299830.0,3851
3,47131065.73164284,47120598.07739258,-10467.654250264168,-4971.469945169985,3,-9.561249534599483,-4964.9801908079535,16309,646684828450.0,3851
0,63880072.054981194,63867663.849853516,-12408.205127678812,-4958.837200462818,3,9.38786752615124,-4964.9801908079535,16310,646701575580.0,3851
1,34496461.32142088,34479458.9050293,-17002.416391581297,-12979.615159466863,1,,-12979.615159466863,16326,647673886080.0,3853
3,58507385.89225258,58451710.02783203,-55675.86442054808,-48853.03172875196,1,,-48853.03172875196,16342,648198737400.0,3854
1,20354325.026714593,20334706.724243164,-19618.30247142911,-17244.684985470027,3,-29.821959152817726,-17219.83585100621,16361,649162276060.0,3856
3,38368891.86372083,38347197.64355469,-21694.220166139305,-17219.83585100621,3,7.451742542907596,-17219.83585100621,16362,649180288620.0,3856
0,41415545.52016375,41393505.96044922,-22039.55971453339,-17209.890201628208,3,22.37021660991013,-17219.83585100621,16363,649183334940.0,3856
2,11221129.767074779,11274628.53491211,53498.7678373307,54807.318712508306,1,,54807.318712508306,16374,649654093900.0,3857
3,12119400.861925278,12123991.680053711,4590.8181284330785,6004.120793467388,2,2.7538491524755955,6002.74386889115,16404,651157782950.0,3860
3,13296666.38806644,13301117.165649414,4450.777582973242,6001.366944314912,2,-2.7538491524755955,6002.74386889115,16405,651158960080.0,3860
1,4191816.637261253,4183923.057006836,-7893.580254416913,-7404.751995308325,2,-19.953451136127114,-7394.775269740261,16414,651650756900.0,3861
0,29421152.053052846,29410336.309936523,-10815.743116322905,-7384.798544172198,2,19.953451136127114,-7394.775269740261,16415,651675983410.0,3861
0,1599863.141854662,1642341.948852539,42478.80699787708,42665.37487097853,4,-20.790626875823364,42685.796817874536,16432,652149072270.0,3862
3,27637479.615832236,27676942.10217285,39462.4863406159,42685.42813789472,4,-0.7373599596321583,42685.796817874536,16433,652175106970.0,3862
1,34708616.36262241,34747254.986450195,38638.62382778525,42686.16549785435,4,0.7373599596321583,42685.796817874536,16434,652182177310.0,3862
2,49288006.01831551,49324969.07873535,36963.0604198426,42710.77609106153,4,25.34795316681266,42685.796817874536,16435,652196755080.0,3862
2,11874731.640153049,11898967.56225586,24235.922102810815,25620.692692115903,2,-13.725557625293732,25627.55547092855,16447,652660236840.0,3863
1,63745477.907193236,63763678.65319824,18200.746005006135,25634.418249741197,2,13.725557625293732,25627.55547092855,16448,652712101750.0,3863
1,45804871.37429045,45773732.54248047,-31138.831809982657,-25797.30152128637,2,-2.0317329317331314,-25796.2856548205,16461,653195033720.0,3864
1,60611479.2346552,60578615.763549805,-32863.47110539675,-25795.269788354635,2,2.0317329317331314,-25796.2856548205,16462,653209838660.0,3864
3,37004684.27019975,36983901.58972168,-20782.680478073657,-16467.38308890164,1,,-16467.38308890164,16471,653687050640.0,3865
0,60911572.91384298,60891701.82446289,-19871.08938009292,-12767.89267001301,2,0.2815784886479378,-12768.033459257334,16495,654712767430.0,3867
0,75241319.30686018,75219776.87402344,-21542.43283674121,-12768.174248501658,2,-0.2815784886479378,-12768.033459257334,16496,654727095560.0,3867
1,37334059.01457685,37328477.98425293,-5581.030323922634,-1227.3229333534837,2,-2.1481687426567078,-1226.2488489821553,16520,655691047830.0,3869
1,58878556.658928216,58870465.36743164,-8091.291496574879,-1225.174764610827,2,2.1481687426567078,-1226.2488489821553,16521,655712589900.0,3869
1,38658802.30642758,38732839.62915039,74037.32272280753,78545.51491392404,3,-18.771280247718096,78556.22109954059,16561,657195128040.0,3872
3,39611219.01399511,39685155.97692871,73936.96293359995,78556.22109954059,3,-2.712001822888851,78556.22109954059,16562,657196080360.0,3872
0,54566829.58030531,54639038.626464844,72209.04615953565,78572.35128880292,3,21.483282070606947,78556.22109954059,16563,657211034300.0,3872
2,14818632.6944748,14817419.948120117,-1212.746354682371,515.3269484341145,1,,515.3269484341145,16577,657672211570.0,3873
3,6069724.113066759,6016432.830932617,-53291.28213414177,-52583.461890983395,3,13.078967337496579,-52594.172688156366,16590,658164271350.0,3874
3,76365442.78851894,76303943.2677002,-61499.52081874013,-52594.172688156366,3,-2.987228421960026,-52594.172688156366,16591,658234559130.0,3874
2,77916832.49078852,77855147.31848145,-61685.17230707407,-52598.90902848542,3,-10.091738915536553,-52594.172688156366,16592,658236110340.0,3874
0,18112487.892811947,18107083.927978516,-5403.964833430946,-3291.7789505682886,1,,-3291.7789505682886,16600,658677135040.0,3875
1,3855958.0801477423,3922043.3869628906,66085.30681514833,66534.96896371664,4,-8.083809161093086,66539.01086829719,16607,659163829690.0,3876
3,6979472.266835851,7045201.4091796875,65729.14234383684,66543.05277287774,4,8.083809161093086,66539.01086829719,16608,659166952860.0,3876
0,33941325.393131256,34003928.01831055,62602.62517929077,66560.68929313868,4,25.72032942203805,66539.01086829719,16609,659193911690.0,3876
1,54087633.93394707,54147860.763183594,60226.82923652232,66534.25301556289,4,-8.79975731484592,66539.01086829719,16610,659214055700.0,3876
2,8791195.490347896,8785309.610961914,-5885.879385981709,-4860.695042556152,3,2.145293978974223,-4860.695042556152,16619,659669620080.0,3877
0,29152376.088058256,29144121.53186035,-8254.55619790405,-4854.954906821251,3,10.755497581325471,-4860.695042556152,16620,659689978970.0,3877
3,57417809.63997123,57406243.142333984,-11566.497637242079,-4870.725766249001,3,-12.900791560299695,-4860.695042556152,16621,659718241200.0,3877
3,47634425.63019034,47620428.75524902,-13996.874941319227,-8441.991374261677,2,-28.361505888402462,-8427.810621317476,16644,660710223030.0,3879
0,74993252.80224812,74976093.84204102,-17158.960207104683,-8413.629868373275,2,28.361505888402462,-8427.810621317476,16645,660737578800.0,3879
3,43182186.55972734,43141688.95751953,-40497.60220780969,-35461.916034691036,1,,-35461.916034691036,16658,661206632210.0,3880
1,61100145.30466703,61095779.17663574,-4366.128031291068,2759.0590284392238,2,-45.307290218770504,2781.712673548609,16672,661725461250.0,3881
0,79212822.74845496,79206389.71972656,-6433.0287283957,2804.3663186579943,2,45.307290218770504,2781.712673548609,16673,661743571930.0,3881
3,54996792.48958263,54938341.75915527,-58450.730427354574,-52037.28521835804,2,6.346553057432175,-52040.458494886756,16686,662220206830.0,3882
2,71637025.52474737,71576627.94873047,-60397.57601690292,-52043.63177141547,2,-6.346553057432175,-52040.458494886756,16687,662236845180.0,3882
3,34015099.488495335,33986187.36242676,-28912.12606857717,-24945.458796307445,2,14.42088209092617,-24952.669237352908,16703,662700084420.0,3883
2,65828231.80058104,65795595.36853027,-32636.43205076456,-24959.87967839837,2,-14.42088209092617,-24952.669237352908,16704,662731893950.0,3883
0,504268.561711888,521719.04357910156,17450.48186721356,17509.287092841463,1,,17509.287092841463,16711,663167425840.0,3884
3,4776922.059711855,4763813.7197265625,-13108.339985292405,-12551.279718488455,4,9.410362184047699,-12555.984899580479,16725,663672576880.0,3885
1,6228087.315634938,6214798.155029297,-13289.160605641082,-12562.872854164802,4,-11.59313567634672,-12555.984899580479,16726,663674027870.0,3885
3,49240814.41478044,49222523.21374512,-18291.20103532076,-12548.988608010113,4,11.701472662389278,-12555.984899580479,16727,663717035760.0,3885
2,61197344.576036945,61177647.36401367,-19697.21202327311,-12560.690080672503,4,-9.410362184047699,-12555.984899580479,16728,663728990930.0,3885
1,42315255.92954038,42333708.900634766,18452.97109438479,23387.560242660344,2,-1.0069147050380707,23388.063700012863,16741,664210971880.0,3886
2,62432943.79930856,62449051.75524902,16107.955940462649,23388.56715736538,2,1.0069147050380707,23388.063700012863,16742,664231087300.0,3886
1,46368570.92570652,46345772.58959961,-22798.3361069113,-17391.07005393505,2,-24.57795323431492,-17378.781077317894,16753,664715858840.0,3887
0,51365349.88523254,51341993.428222656,-23356.457009881735,-17366.492100700736,2,24.57795323431492,-17378.781077317894,16754,664720855080.0,3887
0,28630524.02321998,28639846.123657227,9322.100437246263,12660.846004318446,3,11.636011071503162,12658.641597144306,16772,665700038800.0,3889
0,46587941.46865788,46595167.2623291,7225.793671220541,12658.641597144306,3,8.32940031029284,12658.641597144306,16773,665717994190.0,3889
2,71293836.66750643,71298162.52258301,4325.85507658124,12639.77838934958,3,-19.965411381796002,12658.641597144306,16774,665742697280.0,3889
3,40773414.17116211,40796711.19921875,23297.028056636453,28051.81548938155,1,,28051.81548938155,16788,666714063490.0,3891
0,60533302.52711525,60484522.88012695,-48779.64698829502,-41720.562239833176,1,,-41720.562239833176,16795,667234597330.0,3892
0,51950857.971006304,52000222.767456055,49364.79644975066,55423.04032316804,3,15.547385051846504,55412.377589575946,16807,667726916710.0,3893
1,53580522.19689864,53629676.51818848,49154.32128983736,55402.60828665644,3,-15.100669715553522,55412.377589575946,16808,667728546170.0,3893
3,66573397.76656998,66621046.69433594,47648.92776595801,55412.377589575946,3,-0.4467153362929821,55412.377589575946,16809,667741537590.0,3893
3,22402833.211763255,22372669.072143555,-30164.13961970061,-27551.635565809906,4,-9.126071825623512,-27547.072529897094,16838,669200056790.0,3896
0,23415859.665649265,23385595.18737793,-30264.478271335363,-27533.840243387967,4,17.79532242193818,-27547.072529897094,16839,669201069720.0,3896
1,26043169.017232403,26012575.112548828,-30593.904683575034,-27556.883250147104,4,-14.373756162822247,-27547.072529897094,16840,669203696710.0,3896
0,63471005.76196674,63436061.587768555,-34944.17419818789,-27542.509493984282,4,9.126071825623512,-27547.072529897094,16841,669241120340.0,3896
0,2219921.2215943597,2202637.6522216797,-17283.56937268004,-17024.693491405807,4,-0.6354000782594085,-17024.375791366678,16851,669680722650.0,3897
0,36966035.638421014,36944704.41113281,-21331.22728820145,-17020.436905182898,4,4.256586222909391,-17024.375791366678,16852,669715464850.0,3897
2,55738360.53763817,55714822.42480469,-23538.112833485007,-17038.18974405527,4,-14.131652727723122,-17024.375791366678,16853,669734235040.0,3897
0,73525702.4657771,73500104.21557617,-25598.250200927258,-17024.058091327548,4,0.6354000782594085,-17024.375791366678,16854,669752020390.0,3897
2,22855095.04460441,22809109.725585938,-45985.319018471986,-43320.07449820638,3,-17.69641333632171,-43304.124523706734,16862,670202197170.0,3898
0,26280491.91855269,26234126.59008789,-46365.32846479863,-43300.63164603338,3,11.46786492317915,-43304.124523706734,16863,670205622200.0,3898
0,62243411.316291235,62192848.68286133,-50562.63342990726,-43304.124523706734,3,6.228548413142562,-43304.124523706734,16864,670241581060.0,3898
1,3569556.419608515,3611194.6314697266,41638.21186121134,42054.47531006485,4,-13.051386028528214,42062.23163707182,16875,670683821070.0,3899
0,8629424.166529503,8670495.228271484,41071.061741981655,42077.38113938458,4,20.444561334326863,42062.23163707182,16876,670688880390.0,3899
0,36045666.02997399,36083530.09509277,37864.06511878222,42067.52669609338,4,10.590118043124676,42062.23163707182,16877,670716293530.0,3899
2,59396000.07523063,59431130.5534668,35130.47823616862,42056.936578050256,4,-10.590118043124676,42062.23163707182,16878,670739641220.0,3899
2,3836104.9925643066,3880144.5451660156,44039.55260170903,44486.899584543426,2,-14.138913247268647,44493.96904116706,16894,671184998950.0,3900
0,33848515.65903951,33889069.4564209,40553.79738138616,44501.038497790694,2,14.138913247268647,44493.96904116706,16895,671215007990.0,3900
1,47570564.15751305,47540991.47937012,-29572.678142935038,-24025.241774834692,2,-1.509512074291706,-24024.487018797547,17438,692266135590.0,3942
1,78004044.9416911,77970924.7758789,-33120.16581219435,-24023.7322627604,2,1.509512074291706,-24024.487018797547,17439,692296565640.0,3942
2,8009252.856166013,8017492.202514648,8239.346348635852,9173.344533490017,5,0.576008589938283,9173.344533490017,17451,692727468900.0,3943
2,11315272.44829863,11323129.524902344,7857.076603714377,9176.605917824432,5,5.1144538121297956,9173.344533490017,17452,692730774550.0,3943
3,46370346.67347538,46374115.09899902,3768.425523646176,9175.89865526557,5,4.407191253267229,9173.344533490017,17453,692765825670.0,3943
2,73979256.67182012,73979799.22692871,542.5551085919142,9169.638394534588,5,-4.983199843205512,9173.344533490017,17454,692793431460.0,3943
1,78533043.36704734,78533051.76452637,8.39747902750969,9166.520124554634,5,-8.101469823159277,9173.344533490017,17455,692797984730.0,3943
0,34218609.32328968,34139981.10925293,-78628.21403674781,-74637.81448636204,3,-12.54500799626112,-74631.23437643051,17465,693254462530.0,3944
0,55852160.64933677,55771028.150878906,-81132.49845786393,-74619.30458030105,3,15.219851095229387,-74631.23437643051,17466,693276093660.0,3944
2,63584044.582555726,63501998.501464844,-82046.08109088242,-74631.23437643051,3,-2.6748430989682674,-74631.23437643051,17467,693283824660.0,3944
0,36557741.13749505,36581985.0345459,24243.897050850093,28507.074213311076,2,4.958483994007111,28504.594971314073,17474,693757723360.0,3945
2,74761324.70337258,74781108.53503418,19783.831661596894,28502.11572931707,2,-4.958483994007111,28504.594971314073,17475,693795922630.0,3945
0,26109565.6739161,26066058.493530273,-43507.18038582802,-40462.41611321643,1,,-40462.41611321643,17489,694248068450.0,3946
3,14189394.706247155,14219501.113647461,30106.407400306314,31761.10218118131,1,,31761.10218118131,17511,694737067800.0,3947
3,9934914.672492571,9968646.457641602,33731.78514903039,34890.3441853635,1,,34890.3441853635,17530,695233700770.0,3948
1,350503.65213300113,342874.162109375,-7629.490023626131,-7588.616076860344,6,-20.815815087174997,-7568.864758502692,17540,695725024850.0,3949
2,19589965.31723065,19580100.384399414,-9864.93283123523,-7580.451072920114,6,-12.650811146944761,-7568.864758502692,17541,695744262150.0,3949
2,66886326.75899077,66870959.01672363,-15367.742267139256,-7567.800261773169,6,2.128993459045887,-7568.864758502692,17542,695791553190.0,3949
2,67127646.10399939,67112248.0913086,-15398.012690797448,-7569.929255232215,6,-2.128993459045887,-7568.864758502692,17543,695791794480.0,3949
0,70499944.55873533,70484175.15942383,-15769.399311497808,-7548.055644035339,6,21.873611196875572,-7568.864758502692,17544,695795166420.0,3949
3,78881551.06927353,78864803.01855469,-16748.050718843937,-7549.28688403964,6,20.6423711925745,-7568.864758502692,17545,695803547080.0,3949
0,3145333.4147456614,3153960.5334472656,8627.118701604195,8993.911429076921,2,-11.077791393268853,8999.450324773556,17558,696228690860.0,3950
2,71716505.80686176,71717147.58325195,641.7763901948929,9004.98922047019,2,11.077791393268853,8999.450324773556,17559,696297254310.0,3950
0,25772694.39745791,25754191.852539062,-18502.54491884634,-15497.064854938537,2,13.538119580596685,-15503.833914728835,17578,697253081900.0,3952
3,42579933.45932074,42559457.40185547,-20476.05746527016,-15510.602974519134,2,-13.538119580596685,-15503.833914728835,17579,697269887230.0,3952
0,8414532.762996085,8467819.442138672,53286.67914258689,54267.93900142424,5,10.084428234957159,54266.04927305691,17590,697736613510.0,3953
0,15392701.65200495,15445172.682983398,52471.03097844869,54266.04927305691,5,7.249835683964193,54266.04927305691,17591,697743590890.0,3953
1,18532056.1626902,18584140.64453125,52084.48184105009,54245.59563386068,5,-21.398503379896283,54266.04927305691,17592,697746729870.0,3953
0,27102138.360346183,27153247.78076172,51109.42041553557,54269.93344825134,5,12.078875062055886,54266.04927305691,17593,697755299010.0,3953
3,77130270.81621985,77175525.93762207,45255.12140221894,54249.65987332165,5,-17.33426391892135,54266.04927305691,17594,697805321480.0,3953
0,6880556.780618675,6847876.477416992,-32680.303201682866,-31877.9277917305,1,,-31877.9277917305,17605,698235934490.0,3954
3,69234435.25722998,69296972.10144043,62536.84421044588,70610.6106429547,1,,70610.6106429547,17614,698799245650.0,3955
2,61252017.05038072,61317823.62817383,65806.57779310644,72949.47536059469,1,,72949.47536059469,17622,699292180520.0,3956
0,6503914.334032853,6531156.454956055,27242.120923201554,28000.574213604443,5,14.528073972091079,27989.85082281381,17636,699738363500.0,3957
2,9217018.651235774,9243926.05102539,26907.399789616466,27982.241456450894,5,-12.971061758231372,27989.85082281381,17637,699741076280.0,3957
2,9827049.8413595,9853893.711791992,26843.870432492346,27989.85082281381,5,-1.5570122138597071,27989.85082281381,17638,699741686250.0,3957
1,12072591.821107946,12099165.100830078,26573.27972213179,27981.123755762354,5,-14.088762446772307,27989.85082281381,17639,699743931530.0,3957
0,67102022.41986727,67122234.07897949,20211.659112222493,28036.754444546998,5,50.70830491464585,27989.85082281381,17640,699798954810.0,3957
0,22600717.09157801,22554018.084472656,-46699.00710535422,-44063.4268434979,1,,-44063.4268434979,17650,700255260280.0,3958
1,6025174.726521522,6045880.677734375,20705.951212853193,21408.57633395493,2,-16.30571660399437,21416.729192256927,17656,700739573200.0,3959
2,45213058.037674256,45229210.40368652,16152.366012267768,21424.882050558925,2,16.30571660399437,21416.729192256927,17657,700778756680.0,3959
3,43846068.39391118,43882144.52294922,36076.12903803587,41189.233721874654,3,-2.767133116722107,41189.53185013682,17670,701278316490.0,3960
3,48138327.23949522,48173908.06335449,35580.82385927439,41194.469859845936,3,5.087073840200901,41189.53185013682,17671,701282608270.0,3960
2,63169597.40700181,63203420.42285156,33823.015849754214,41189.53185013682,3,-2.319940723478794,41189.53185013682,17672,701297637840.0,3960
0,27360123.87465849,27396862.626831055,36738.752172563225,39929.350159071386,4,17.671728432178497,39912.325012069196,17686,701762756970.0,3961
0,62266807.0356216,62299458.77001953,32651.734397932887,39912.971593499184,4,1.2931628599762917,39912.325012069196,17687,701797659700.0,3961
3,63070879.012179956,63103435.68664551,32556.674465551972,39911.67843063921,4,-1.2931628599762917,39912.325012069196,17688,701798463680.0,3961
3,65602683.01814999,65634935.978027344,32252.959877356887,39903.20990202576,4,-9.761691473424435,39912.325012069196,17689,701800995190.0,3961
0,12316828.963758048,12285117.504272461,-31711.459485586733,-30275.133763087913,4,14.70729354210198,-30288.35346950963,17696,702248560240.0,3962
3,16496372.065637732,16464161.477050781,-32210.588586950675,-30286.865882389247,4,2.975174240767956,-30288.35346950963,17697,702252739300.0,3962
3,44574531.700954884,44539043.80554199,-35487.8954128921,-30289.841056630015,4,-2.975174240767956,-30288.35346950963,17698,702280814290.0,3962
3,67991757.16543579,67953534.00744629,-38223.15798950195,-30294.306332796812,4,-7.44045040756464,-30288.35346950963,17699,702304228870.0,3962
0,32118581.344991945,32147686.419799805,29105.074807859957,32850.57981501147,2,-15.162424344569445,32858.161027183756,17711,702769293670.0,3963
0,67320216.22962606,67345231.43188477,25015.202258706093,32865.74223935604,2,15.162424344569445,32858.161027183756,17712,702804491350.0,3963
2,33192404.14840053,33231207.404907227,38803.25650669634,42673.98524785042,4,1.0490868017077446,42673.460704449564,17726,703271235180.0,3964
2,49645630.795531705,49682514.31164551,36883.51611380279,42672.93616104871,4,-1.0490868017077446,42673.460704449564,17727,703287686550.0,3964
1,53776502.94481784,53812898.470947266,36395.52612942457,42666.66740068048,4,-7.317847169935703,42673.460704449564,17728,703291816950.0,3964
3,79888076.71032122,79921448.34069824,33371.63037702441,42687.770094290376,4,14.833933241665363,42673.460704449564,17729,703317925600.0,3964
2,6690283.942923341,6679948.063354492,-10335.879568848759,-9555.692805980332,2,0.23244886938482523,-9555.809030415025,17739,703745622700.0,3965
3,13493081.396216411,13481951.97668457,-11129.419531840831,-9555.925254849717,2,-0.23244886938482523,-9555.809030415025,17740,703752424730.0,3965
2,22669722.896036454,22715551.82763672,45828.931600265205,48472.558966796845,3,5.936815973371267,48467.26108801365,17750,704262484350.0,3966
1,38330355.68101229,38374351.77380371,43996.0927914232,48465.9832136333,3,-3.9268137719482183,48467.26108801365,17751,704278143210.0,3966
2,57365611.2028425,57407388.779174805,41777.57633230835,48467.26108801365,3,-2.010002201423049,48467.26108801365,17752,704297176320.0,3966
1,29278677.793248832,29235408.90979004,-43268.88345879316,-39854.553507559,4,-25.819291695952415,-39834.171852555126,17774,705270770890.0,3968
0,52107151.98601713,52061251.369140625,-45900.616876505315,-39824.14679285884,4,15.462696388363838,-39834.171852555126,17775,705293596820.0,3968
3,56435765.63066439,56389344.77026367,-46420.86040072143,-39839.6094892472,4,-10.875273384153843,-39834.171852555126,17776,705297924930.0,3968
2,57710338.50187788,57663779.88256836,-46558.61930952221,-39828.73421586305,4,10.875273384153843,-39834.171852555126,17777,705299199370.0,3968
0,3721608.3702276493,3765473.6892089844,43865.31898133503,44299.31395252049,3,24.467059176415205,44283.54545637965,17791,705746169850.0,3969
1,36662676.63586944,36702667.36999512,39990.73412567377,44266.1483303085,3,-25.281374141573906,44283.54545637965,17792,705779107170.0,3969
2,70019801.26155086,70055919.4552002,36118.193649336696,44283.54545637965,3,0.8143149651587009,44283.54545637965,17793,705812460550.0,3969
3,6552213.969344422,6661578.967407227,109364.99806280434,110129.083810132,6,10.859196573495865,110121.22673424892,17815,706750754800.0,3971
0,15927900.804044574,16036183.014404297,108282.21035972238,110139.64084751718,6,21.416233958676457,110121.22673424892,17816,706760129440.0,3971
1,33530427.43659404,33636635.513916016,106208.07732197642,110118.2246135585,6,-6.00424138084054,110121.22673424892,17817,706777729960.0,3971
1,63425202.65371444,63527920.87634277,102718.22262833267,110114.54600784928,6,-9.68284709006548,110121.22673424892,17818,706807621360.0,3971
2,68006547.97176188,68108733.30822754,102185.33646565676,110115.91295069456,6,-8.31590424478054,110121.22673424892,17819,706812202190.0,3971
3,74290128.3192201,74391589.21252441,101460.89330431819,110124.22885493934,6,6.00424138084054,110121.22673424892,17820,706818485070.0,3971
0,10183310.617949069,10211273.95336914,27963.33542007208,29150.86112362705,4,1.2489237319678068,29150.236661761068,17832,707255303550.0,3972
2,12291720.804907637,12319415.868286133,27695.063378496096,29128.461115673184,4,-22.400007953867316,29150.236661761068,17833,707257411700.0,3972
3,35321806.99131876,35346837.5546875,25030.563368737698,29149.612199895084,4,-1.2489237319678068,29150.236661761068,17834,707280439210.0,3972
3,58400594.753080264,58422949.05419922,22354.301118955016,29164.680373214185,4,15.068173319101334,29150.236661761068,17835,707303515410.0,3972
0,21340305.984215364,21339178.115600586,-1127.8686147779226,1360.7289375066757,2,3.641094721853733,1358.9083901457489,17877,708769157260.0,3975
3,30884135.980269425,30881891.517822266,-2244.4624471589923,1357.087842784822,2,-3.641094721853733,1358.9083901457489,17878,708778700010.0,3975
3,14962714.081960272,14983039.243530273,20325.161570001394,22070.036909064278,2,-18.188060028478503,22079.130939078517,17915,710265549900.0,3978
0,30640734.06395662,30659249.122924805,18515.05896818638,22088.224969092757,2,18.188060028478503,22079.130939078517,17916,710281226170.0,3978
3,62513640.33549686,62550657.65649414,37017.32099728286,44307.3426323235,1,,44307.3426323235,17925,710814053510.0,3979
0,48395715.424816564,48395864.75695801,149.33214144408703,5792.993438348174,1,,5792.993438348174,17943,711300841640.0,3980
1,27450699.710812077,27473997.25402832,23297.543216243386,26498.703694418073,2,-1.4662028700113297,26499.43679585308,17967,712281641550.0,3982
3,66290788.63721295,66309558.3137207,18769.676507756114,26500.169897288084,2,1.4662028700113297,26499.43679585308,17968,712320477260.0,3982
1,18178968.978468552,18186209.957763672,7240.979295119643,9360.917862839997,1,,9360.917862839997,17978,712773226560.0,3983
3,8842287.1787236,8863204.680664062,20917.50194046274,21948.644335789606,1,,21948.644335789606,17993,713264806560.0,3984
2,75157118.59931344,75150523.22424316,-6595.375070273876,2169.064461261034,1,,2169.064461261034,18002,713832049910.0,3985
2,58919127.98239874,58922216.63330078,3088.6509020403028,9959.498854652047,2,-5.2102373242378235,9962.103973314166,18011,714316671590.0,3986
2,77010763.15008521,77011747.25708008,984.1069948673248,9964.709091976285,2,5.2102373242378235,9962.103973314166,18012,714334761190.0,3986
0,9072501.68962641,9098878.658569336,26376.968942925334,27434.957779383287,1,,27434.957779383287,18027,714767756990.0,3987
2,760831.6825675587,735061.8029785156,-25769.879589043092,-25681.155281887506,2,7.208490689168684,-25684.75952723209,18038,715260270070.0,3988
2,11867251.475197993,11840179.213134766,-27072.262063227594,-25688.363772576675,2,-7.208490689168684,-25684.75952723209,18039,715271375230.0,3988
3,27893404.37721482,27857986.82385254,-35417.55336228013,-32164.766925696284,4,10.675044689327478,-32173.16431319341,18049,715788276940.0,3989
1,49729137.69037541,49691163.09020996,-37974.60016544908,-32175.44197038561,4,-4.555314384400845,-32173.16431319341,18050,715810110200.0,3989
1,53069327.77232073,53030960.28161621,-38367.49070452154,-32178.816592104733,4,-7.929936103522778,-32173.16431319341,18051,715813450010.0,3989
2,73861634.8026743,73820850.54919434,-40784.25347995758,-32170.88665600121,4,4.555314384400845,-32173.16431319341,18052,715834239980.0,3989
1,10401072.45412196,10434936.669555664,33864.215433703735,35077.13541102782,2,5.624018382281065,35074.32340183668,18068,716271741760.0,3990
2,40096147.0943402,40126542.79772949,30395.703389294446,35071.51139264554,2,-5.624018382281065,35074.32340183668,18069,716301433480.0,3990
1,2057876.6662587207,2058189.7752685547,313.10900983400643,553.0880822213367,1,,553.0880822213367,18085,716764264950.0,3991
2,2071648.5194793278,2067221.6506347656,-4426.86884456221,-4185.283768950729,3,13.555262689711526,-4195.001726038754,18112,717766086720.0,3993
2,63852135.85247651,63840494.740600586,-11641.111875921488,-4195.001726038754,3,-1.0216729423264042,-4195.001726038754,18113,717827860230.0,3993
1,73149642.1017312,73136909.08752441,-12733.014206781983,-4202.6763372421265,3,-12.533589747385122,-4195.001726038754,18114,717837156680.0,3993
3,45290514.27933715,45374922.622924805,84408.34358765185,89689.89217747003,1,,89689.89217747003,18127,718310272540.0,3994
3,59296777.2189742,59216927.33483887,-79849.88413533568,-72934.99665647,1,,-72934.99665647,18155,719325956520.0,3996
2,79718288.11593997,79659503.31274414,-58784.80319583416,-49488.4633577615,1,,-49488.4633577615,18179,720348089800.0,3998
3,6205243.9550454095,6193232.288208008,-12011.666837401688,-11288.042962033302,4,3.360602904111147,-11290.320116978139,18188,720775460240.0,3999
2,24770981.162938822,24756801.09399414,-14180.068944681436,-11291.403564937413,4,-2.166895918548107,-11290.320116978139,18189,720794023880.0,3999
3,25845540.185025506,25831236.973388672,-14303.211636833847,-11289.236669018865,4,2.166895918548107,-11290.320116978139,18190,720795098320.0,3999
2,52179835.4750634,52162455.98913574,-17379.485927656293,-11294.539866529405,4,-5.303197510540485,-11290.320116978139,18191,720821429640.0,3999
0,48282100.76847401,48333219.92248535,51119.15401133895,56749.566146969795,1,,56749.566146969795,18202,721318430470.0,4000
2,20917863.006612334,20900115.88635254,-17747.120259795338,-15307.78585119918,2,3.4780545867979527,-15309.524878492579,18210,721791956110.0,4001
0,38529812.7637263,38510008.349731445,-19804.41399485618,-15311.263905785978,2,-3.4780545867979527,-15309.524878492579,18211,721809566070.0,4001
2,77500968.30861272,77529369.98352051,28401.674907788634,37439.442228227854,1,,37439.442228227854,18218,722349407470.0,4002
1,22129826.274693284,22100831.425048828,-28994.84964445606,-26414.182266004384,2,10.86939711868763,-26419.616964563727,18234,722794908640.0,4003
1,41831619.11606665,41800315.87451172,-31303.241554930806,-26425.05166312307,2,-10.86939711868763,-26419.616964563727,18235,722814608200.0,4003
0,40056200.23676579,40003880.03930664,-52320.19745914638,-47649.04785441607,4,-5.3719256818294525,-47646.36189157516,18245,723313634670.0,4004
1,60773143.06786373,60718400.595947266,-54742.47191646695,-47655.41818840802,4,-11.742259673774242,-47646.36189157516,18246,723334349270.0,4004
2,62611868.697375804,62556923.544921875,-54945.152453929186,-47643.67592873424,4,5.3719256818294525,-47646.36189157516,18247,723336187800.0,4004
3,72803448.41303635,72747324.46313477,-56123.94990158081,-47633.98337286711,4,15.064481548964977,-47646.36189157516,18248,723346378240.0,4004
1,75806661.75556943,75827957.7890625,21296.033493071795,30136.219431892037,1,,30136.219431892037,18265,723850316870.0,4005
3,15209206.075623868,15295843.332763672,86637.25713980384,88410.87711694837,3,-0.6253344938158989,88410.87711694837,18281,724290576460.0,4006
0,20281464.876583748,20367523.882080078,86059.00549633056,88424.12640349567,3,19.2485953271389,88410.87711694837,18282,724295648160.0,4006
2,38521787.27161084,38605693.935913086,83906.66430224478,88398.8784993887,3,-18.623260833323002,88410.87711694837,18283,724313886400.0,4006
1,55122686.67717023,55084827.32861328,-37859.34855695069,-31431.22221042216,1,,-31431.22221042216,18297,724831366430.0,4007
2,37889554.62875037,37879374.6472168,-10179.981533572078,-5761.495080001652,2,-43.69549009948969,-5739.647334951907,18311,725314968720.0,4008
0,68987058.11537966,68973295.3972168,-13762.718162864447,-5717.799589902163,2,43.69549009948969,-5739.647334951907,18312,725346062760.0,4008
3,2992172.5036271317,3001949.5244140625,9777.020786930807,10125.952670759056,2,-12.80526149412617,10132.355301506119,18322,725780955290.0,4009
1,47573557.595386386,47578148.567871094,4590.972484707832,10138.757932253182,2,12.80526149412617,10132.355301506119,18323,725825531660.0,4009
1,3885586.376253806,3828381.3237304688,-57205.052523337305,-56751.93527411483,5,-22.666551811620593,-56735.489655174315,18334,726282684510.0,4010
2,22687402.108914066,22628019.224243164,-59382.88467090204,-56737.19564480707,5,-7.926922503858805,-56735.489655174315,18335,726301484220.0,4010
1,37879963.82288788,37818810.96520996,-61152.85767792165,-56735.489655174315,5,-5.367938054725528,-56735.489655174315,18336,726316675070.0,4010
2,42169755.184520245,42108114.51513672,-61640.66938352585,-56723.04778943211,5,13.294860558584332,-56735.489655174315,18337,726320964390.0,4010
1,79136169.13069619,79070252.75964355,-65916.3710526377,-56687.91495920718,5,48.42769078351557,-56735.489655174315,18338,726357926670.0,4010
2,35333262.340613484,35335817.69421387,2555.353600382805,6675.738295905292,2,7.885785631835461,6671.795403089374,18351,726815032900.0,4011
1,57197466.075459406,57197463.85144043,-2.2240189760923386,6667.852510273457,2,-7.885785631835461,6671.795403089374,18352,726836894630.0,4011
3,5192623.883069482,5215868.329711914,23244.446642432362,23849.98393392656,3,-13.344738970510662,23854.70226394385,18362,727285775940.0,4012
0,18276717.538429834,18298458.15600586,21740.617576025426,23871.95508185029,3,19.61198291508481,23854.70226394385,18363,727298858580.0,4012
2,22456846.227099,22478082.126586914,21235.899487912655,23854.70226394385,3,-6.2672439445741475,23854.70226394385,18364,727303038220.0,4012
2,25132542.905374054,25164168.697509766,31625.79213571176,34556.621000267565,1,,34556.621000267565,18377,727806652190.0,4013
0,26424218.363168932,26388371.154907227,-35847.208261705935,-32765.750798620284,2,-3.6026941314339638,-32763.949451554567,18381,728308731310.0,4014
2,47375737.67669253,47337450.81188965,-38286.864802882075,-32762.14810448885,2,3.6026941314339638,-32763.949451554567,18382,728329680470.0,4014
0,28515457.947799593,28494008.219970703,-21449.727828890085,-18124.400680176914,2,9.94515872001648,-18129.373259536922,18396,728811694940.0,4015
2,53058715.886329174,53034394.103881836,-24321.782447338104,-18134.34583889693,2,-9.94515872001648,-18129.373259536922,18397,728836235420.0,4015
3,27629996.955163404,27666480.73449707,36483.77933366597,39705.848541252315,1,,39705.848541252315,18408,729311673170.0,4016
2,26341849.672483996,26309528.733642578,-32320.938841417432,-29249.086794588715,3,-31.5374106913805,-29218.375705994666,18417,729811264310.0,4017
0,32661491.691658206,32628464.49951172,-33027.192146487534,-29218.375705994666,3,14.529222199693322,-29218.375705994666,18418,729817583270.0,4017
2,49652546.29343118,49617539.34387207,-35006.94955910742,-29216.723061800003,3,17.00818849168718,-29218.375705994666,18419,729834572410.0,4017
1,737445.7095099841,723150.1176757812,-14295.591834202874,-14209.59467985155,4,-70.59090318949893,-14159.961113616824,18434,730286505610.0,4018
3,21260261.600336567,21243601.418701172,-16660.181635394692,-14180.918450571597,4,-41.914673909544945,-14159.961113616824,18435,730307026140.0,4018
1,54138837.7375491,54118385.33886719,-20452.398681908846,-14139.003776662052,4,41.914673909544945,-14159.961113616824,18436,730339901050.0,4018
0,60815941.00203805,60794729.73400879,-21211.268029257655,-14119.223424576223,4,61.695025995373726,-14159.961113616824,18437,730346577420.0,4018
1,13952154.586028894,13968438.464477539,16283.878448644653,17910.907497692853,3,-13.615555385127664,17924.249159205705,18450,730800607910.0,4019
3,19446600.909071095,19462257.39489746,15656.48582636565,17924.249159205705,3,6.396936884149909,17924.249159205705,18451,730806101750.0,4019
1,53811846.08011815,53823495.61425781,11649.534139662981,17924.796946950257,3,7.218618500977755,17924.249159205705,18452,730840463120.0,4019
1,4107401.074383163,4070577.369506836,-36823.704876326956,-36344.72072926164,1,,-36344.72072926164,18467,731291618940.0,4020
2,4972877.2403267985,4968178.930175781,-4698.310151017271,-4118.398591303267,4,-17.203834251500666,-4106.510884508491,18481,731793410370.0,4021
3,50682475.17351988,50672463.6472168,-10011.526303082705,-4101.194757051766,4,10.632254913449287,-4106.510884508491,18482,731839114830.0,4021
3,59434332.8420733,59423290.08654785,-11042.755525447428,-4111.827011965215,4,-10.632254913449287,-4106.510884508491,18483,731847865690.0,4021
0,78845129.52582204,78831835.6517334,-13293.874088644981,-4099.357548311353,4,12.469463653862476,-4106.510884508491,18484,731867274310.0,4021
2,3827556.0786119318,3860340.2772216797,32784.198609747924,33230.54866187507,1,,33230.54866187507,18494,732293171520.0,4022
2,48544201.09275224,48565947.635131836,21746.54237959534,27407.519317150116,1,,27407.519317150116,18502,732838821300.0,4023
0,77263376.5359501,77224238.60266113,-39137.93328896165,-30127.872708261013,1,,-30127.872708261013,18512,733368406550.0,4024
0,34812462.85379381,34802310.59875488,-10152.255038924515,-6092.603321135044,2,0.965283676981926,-6093.085962973535,18522,733826800460.0,4025
0,35117038.1691273,35106849.43078613,-10188.73834116757,-6093.568604812026,2,-0.965283676981926,-6093.085962973535,18523,733827105000.0,4025
1,5482001.444062337,5485867.267822266,3865.8237599283457,4505.106785457581,2,-6.0369437746703625,4508.1252573449165,18552,734799211650.0,4027
0,66137636.161064945,66134434.67126465,-3201.489800296724,4511.143729232252,2,6.0369437746703625,4508.1252573449165,18553,734859860450.0,4027
0,8405165.963677103,8379003.339233398,-26162.624443704262,-25182.45689319074,2,-24.440491184592247,-25170.236647598445,18564,735302955870.0,4028
1,75657956.30552831,75623975.44445801,-33980.86107030511,-25158.01640200615,2,24.440491184592247,-25170.236647598445,18565,735370201100.0,4028
0,63025939.41833,62988695.04431152,-37244.37401847541,-29894.6106794253,2,-8.25189820677042,-29890.484730321914,18578,735858423500.0,4029
0,72145339.65412247,72107040.07409668,-38299.58002579212,-29886.35878121853,2,8.25189820677042,-29890.484730321914,18579,735867541880.0,4029
3,57053991.8951956,57037289.03979492,-16702.855400681496,-10049.510097973049,2,-7.596147812902927,-10045.712024066597,18592,736353322120.0,4030
0,78584772.54457426,78565566.47558594,-19206.06898832321,-10041.913950160146,2,7.596147812902927,-10045.712024066597,18593,736374850480.0,4030
3,28572189.803550202,28566737.392822266,-5452.4107279367745,-2120.467799793929,1,,-2120.467799793929,18604,736825703300.0,4031
2,1216669.2231401808,1253031.2012939453,36361.9781537645,36503.8599080788,3,-5.748075425392017,36503.8599080788,18616,737299269490.0,4032
0,3406847.7629654882,3442972.8024902344,36125.03952474613,36522.32872060826,3,21.955143368802965,36503.8599080788,18617,737301459440.0,4032
2,74707404.49490817,74735189.38598633,27784.891078159213,36496.88724640012,3,-16.207067943410948,36503.8599080788,18618,737372751930.0,4032
2,33790108.027728766,33760445.306640625,-29662.721088141203,-25722.2911715582,2,-3.1867571026086807,-25720.697793006897,18626,737832729990.0,4033
3,47653788.38952236,47622512.14355469,-31276.245967671275,-25719.104414455593,2,3.1867571026086807,-25720.697793006897,18627,737846592110.0,4033
2,20162470.01913679,20144148.771850586,-18321.24728620425,-15970.002951905131,1,,-15970.002951905131,18639,738319944490.0,4034
1,43919558.21235241,43904848.6451416,-14709.567210808396,-9587.89251947403,1,,-9587.89251947403,18645,738844600130.0,4035
3,33152983.11175284,33180795.002441406,27811.89068856463,31678.022349651903,1,,31678.022349651903,18659,739334710980.0,4036
1,39339450.43401263,39341408.248046875,1957.8140342459083,6545.379935629666,2,-4.174860082566738,6547.467365670949,18676,739841799490.0,4037
1,68791067.81820369,68789595.30981445,-1472.5083892345428,6549.554795712233,2,4.174860082566738,6547.467365670949,18677,739871247790.0,4037
1,13175438.904039957,13218695.565429688,43256.66138973087,44793.11382069066,3,-13.696955131366849,44794.51799067482,18692,740316536710.0,4038
2,32689028.24619451,32730010.736572266,40982.49037775397,44794.51799067482,3,-11.590700155124068,44794.51799067482,18693,740336048100.0,4038
0,50895697.01201693,50934580.91918945,38883.90717252344,44819.10356096923,3,25.287655286490917,44794.51799067482,18694,740354252740.0,4038
3,7134378.640599841,7137799.6943359375,3421.053736096248,4253.0285557266325,4,8.906440054997802,4248.575335699134,18701,740811400560.0,4039
2,18929708.66886778,18931744.462768555,2035.7939007729292,4243.279899034649,4,-9.748656691983342,4248.575335699134,18702,740823194550.0,4039
3,23999279.76358479,24000735.022338867,1455.2587540782988,4253.932255782187,4,9.810140110552311,4248.575335699134,18703,740828263560.0,4039
1,29449734.27715159,29450544.12158203,809.8444304428995,4244.122115671635,4,-8.906440054997802,4248.575335699134,18704,740833713390.0,4039
3,14825286.191717595,14806057.452392578,-19228.739325016737,-17499.890125013888,4,4.541908890008926,-17502.623270392418,18716,741319919920.0,4040
2,23670358.28257116,23650093.534179688,-20264.748391471803,-17504.432033903897,4,-3.617527022957802,-17502.623270392418,18717,741328763990.0,4040
3,26777195.054671288,26756571.620361328,-20623.43430995941,-17500.81450688094,4,3.617527022957802,-17502.623270392418,18718,741331870480.0,4040
2,73569406.41102761,73543312.18615723,-26094.22487038374,-17514.936229780316,4,-14.121722899377346,-17502.623270392418,18719,741378657400.0,4040
0,9683703.846810438,9673570.286010742,-10133.560799695551,-9004.29668754898,5,14.153189605101943,-9017.521610863507,18763,742817432280.0,4043
2,21334754.61602091,21323245.607788086,-11509.008232824504,-9021.058052763343,5,-6.969807676970959,-9017.521610863507,18764,742829082000.0,4043
3,46452073.81562783,46437639.2902832,-14434.525344625115,-9017.521610863507,5,-2.5050994865596294,-9017.521610863507,18765,742854196490.0,4043
3,59091281.12434855,59075370.822631836,-15910.301716715097,-9019.378143444657,5,-5.289898358285427,-9017.521610863507,18766,742866834270.0,4043
0,64522144.894889824,64505609.99682617,-16534.898063652217,-9010.654879309237,5,7.7949978448450565,-9017.521610863507,18767,742872264530.0,4043
0,53238975.319241636,53250530.36816406,11555.048922426999,17763.506465800107,1,,17763.506465800107,18778,743361850240.0,4044
3,55532548.03159878,55568549.806396484,36001.774797707796,42477.69708324969,3,1.634625069797039,42477.69708324969,18799,744365871950.0,4046
2,57183901.89825775,57219713.47387695,35811.57561920583,42480.07036334276,3,5.194545209407806,42477.69708324969,18800,744367523120.0,4046
2,71724479.8032519,71758587.71508789,34107.911835983396,42472.05455301702,3,-6.829170279204845,42477.69708324969,18801,744382062050.0,4046
3,29630894.741089813,29607560.31591797,-23334.42517184466,-19879.02147804573,1,,-19879.02147804573,18809,744840819790.0,4047
2,34368212.11321201,34343279.35522461,-24932.75798740238,-20924.912523306906,2,17.795866571366787,-20933.81045659259,18814,745346397640.0,4048
1,68323009.33754358,68294099.14855957,-28910.188984006643,-20942.708389878273,2,-17.795866571366787,-20933.81045659259,18815,745380348590.0,4048
1,17584744.43883031,17562216.704467773,-22527.73436253518,-20477.0912274085,2,-21.987152885645628,-20466.097650965676,18826,745830513410.0,4049
3,29799700.056630015,29775769.86364746,-23930.192982554436,-20455.104074522853,2,21.987152885645628,-20466.097650965676,18827,745842727010.0,4049
2,19454436.946902186,19431460.74584961,-22976.201052576303,-20707.523921005428,2,-8.655855350196362,-20703.19599333033,18838,746333222470.0,4050
3,68636535.05740151,68607832.14697266,-28702.910428851843,-20698.86806565523,2,8.655855350196362,-20703.19599333033,18839,746382399030.0,4050
2,59187884.99702815,59225613.33850098,37728.3414728269,44630.53049661219,1,,44630.53049661219,18848,746873856840.0,4051
3,41486095.23331489,41507428.10900879,21332.875693902373,26170.772354230285,2,-40.086367920041084,26190.815538190305,18859,747357080540.0,4052
2,69733170.8573831,69751249.78967285,18078.932289749384,26210.858722150326,2,40.086367920041084,26190.815538190305,18860,747385324470.0,4052
0,24541259.77768822,24578378.21435547,37118.43666724861,39980.31311165914,1,,39980.31311165914,18875,747840999170.0,4053
0,52012843.93198917,51955152.06530762,-57691.86668155342,-51626.39432177693,2,13.515936456620693,-51633.15229000524,18887,748369311090.0,4054
2,77925749.91046228,77865022.69702148,-60727.21344079077,-51639.91025823355,2,-13.515936456620693,-51633.15229000524,18888,748395221060.0,4054
2,8196041.18077058,8220255.024169922,24213.84339934215,25169.623885150068,3,-27.118460924364626,25196.459995493293,18898,748826410970.0,4055
1,51682468.187409684,51701638.26647949,19170.079069808125,25197.02469665557,3,13.982756333891302,25196.459995493293,18899,748869892520.0,4055
1,65816522.79346055,65834044.06652832,17521.27306777239,25196.459995493293,3,13.135704590473324,25196.459995493293,18900,748884024980.0,4055
1,19702161.943960533,19765381.888427734,63219.94446720183,65517.510023418814,2,-16.85836349055171,65525.93920516409,18915,749338813870.0,4056
0,40606582.69008432,40667381.72607422,60799.03598989546,65534.368386909366,2,16.85836349055171,65525.93920516409,18916,749359715950.0,4056
0,9086975.183612123,9104515.412353516,17540.228741392493,18599.905402839184,2,12.781846851110458,18593.51447941363,18925,749829142020.0,4057
3,75712081.95777428,75721839.92480469,9757.967030405998,18587.123555988073,2,-12.781846851110458,18593.51447941363,18926,749895759600.0,4057
2,58175884.002759814,58192786.31542969,16902.312669873238,23686.487303465605,1,,23686.487303465605,18937,750379082320.0,4058
2,15664978.093288448,15640898.30444336,-24079.788845088333,-22253.019061731175,2,-1.9571880120784044,-22252.040467725135,18951,750837478110.0,4059
1,79007029.86465514,78975565.40625,-31464.458405137062,-22251.061873719096,2,1.9571880120784044,-22252.040467725135,18952,750900813020.0,4059
3,3126490.5629463866,3077243.777709961,-49246.7852364257,-48882.18986614654,6,2.529966817703098,-48883.45484955539,18967,751325733480.0,4060
0,21744422.55641088,21693012.38342285,-51410.172988027334,-48874.44942390546,6,10.270409058779478,-48883.45484955539,18968,751344349320.0,4060
3,32697859.590229817,32645160.380249023,-52699.2099807933,-48886.15250160918,6,-3.9626354626379907,-48883.45484955539,18969,751355301510.0,4060
3,34780277.70291923,34727332.39477539,-52945.30814383924,-48889.40969406068,6,-7.219827914144844,-48883.45484955539,18970,751357383690.0,4060
0,35449423.061496586,35396409.82885742,-53013.23263916373,-48879.30187331885,6,5.417959645390511,-48883.45484955539,18971,751358052770.0,4060
1,45644258.254858665,45590050.73461914,-54207.52023952454,-48884.71983296424,6,-2.529966817703098,-48883.45484955539,18972,751368246450.0,4060
2,70767799.06432736,70776587.30847168,8788.244144320488,17040.823636963964,2,3.9044714123010635,17038.871401257813,18986,751894283900.0,4061
1,78272049.29954442,78279958.53186035,7909.232315927744,17036.919165551662,2,-3.9044714123010635,17038.871401257813,18987,751901787300.0,4061
1,26742951.476854086,26697123.54663086,-45827.93022322655,-42709.303731396794,4,-14.344238337129354,-42696.851626070216,19001,752351050220.0,4062
2,30186895.541249957,30140680.34008789,-46215.20116206631,-42694.959493059665,4,3.784266021102667,-42696.851626070216,19002,752354493790.0,4062
3,41835405.00499742,41787845.67138672,-47559.33361069858,-42680.70222784579,4,18.04153123497963,-42696.851626070216,19003,752366141000.0,4062
2,46600030.40206947,46551897.400634766,-48133.00143470615,-42698.74375908077,4,-3.784266021102667,-42696.851626070216,19004,752370905070.0,4062
1,42534803.242044434,42554249.864868164,19446.62282373011,24406.81445890665,2,-8.862805984914303,24411.245861899108,19014,752867767440.0,4063
3,63582658.160237886,63599659.15246582,17000.9922279343,24415.677264891565,2,8.862805984914303,24411.245861899108,19015,752888812930.0,4063
1,28469509.03633151,28482096.044555664,12587.008224155754,15906.977045360953,4,1.9987701214849949,15905.97766030021,19063,754857218820.0,4067
0,56182743.9607411,56192109.77233887,9365.811597764492,15917.556413643062,4,12.578138403594494,15905.97766030021,19064,754884928940.0,4067
2,74967637.24860868,74974797.73791504,7160.489306360483,15902.832489982247,4,-4.144555378705263,15905.97766030021,19065,754903711700.0,4067
1,77398639.27172674,77405518.41577148,6879.144044741988,15904.978275239468,4,-1.9987701214849949,15905.97766030021,19066,754906142430.0,4067
2,13789234.539993089,13875365.192382812,86130.65238972381,87738.68253462762,2,-10.370936214923859,87743.86800273508,19076,755343473090.0,4068
3,66988363.97692509,67068301.189331055,79937.21240596473,87749.05347084254,2,10.370936214923859,87743.86800273508,19077,755396666230.0,4068
3,11857953.25544035,11891049.517944336,33096.262503985316,34479.07648370974,2,-3.1479852218180895,34480.65047632065,19080,755842457600.0,4069
3,73780863.78501883,73806742.06176758,25878.276748746634,34482.224468931556,2,3.1479852218180895,34480.65047632065,19081,755904373530.0,4069
0,52169423.10451123,52172974.037597656,3550.933086425066,9634.664910048246,1,,9634.664910048246,19093,756383632480.0,4070
2,4799475.442138472,4811544.486694336,12069.044555864297,12628.734883002937,1,,12628.734883002937,19104,756837214870.0,4071
0,5063295.976865577,5108808.541137695,45512.56427211873,46103.020003345795,3,20.82097508572042,46083.574013782665,19112,757338356040.0,4072
1,16050834.5996123,16095046.407226562,44211.80761426315,46083.574013782665,3,-8.348009258974344,46083.574013782665,19113,757349342320.0,4072
1,44759325.098579794,44800186.318603516,40861.22002372146,46080.824042737484,3,-12.472965826746076,46083.574013782665,19114,757378047570.0,4072
1,6035898.88854835,6068646.874389648,32747.985841298476,33451.86155943386,1,,33451.86155943386,19170,759342890670.0,4076
0,53092643.00262061,53100281.50402832,7638.501407712698,13829.894423276186,2,14.633650541305542,13822.577598005533,19185,759890816310.0,4077
2,59685581.18920846,59692436.22216797,6855.032959505916,13815.26077273488,2,-14.633650541305542,13822.577598005533,19186,759897408490.0,4077
1,12748790.888530135,12704481.357543945,-44309.53098618984,-42822.83206897415,5,16.196637714281678,-42836.29936825484,19198,760351333380.0,4078
1,35236929.7417185,35189985.12231445,-46944.61940404773,-42835.468524478376,5,3.560182210057974,-42836.29936825484,19199,760373818970.0,4078
1,44098816.87825319,44050831.13952637,-47985.73872682452,-42843.15980490297,5,-7.275858536362648,-42836.29936825484,19200,760382679850.0,4078
3,53772120.97492464,53723014.045288086,-49106.92963655293,-42836.29936825484,5,2.3139165453612804,-42836.29936825484,19201,760392352070.0,4078
3,65577037.79431017,65526548.77685547,-50489.01745469868,-42841.75804512203,5,-5.874098755419254,-42836.29936825484,19202,760404155650.0,4078
3,7648494.356196666,7697553.953857422,49059.59766075574,49951.526030834764,3,12.564776938408613,49948.5684356913,19212,760847118370.0,4079
2,19113150.29982357,19160869.990234375,47719.690410804,49948.5684356913,3,8.128384223207831,49948.5684356913,19213,760858581730.0,4079
1,50646855.89160619,50690879.067871094,44023.17626490444,49929.354072101414,3,-20.693161161616445,49948.5684356913,19214,760890111860.0,4079
2,38861574.14510982,38823931.43725586,-37642.70785395801,-33110.869446069,2,-10.574199266731739,-33105.582346435636,19231,761379176580.0,4080
3,46435917.8066729,46397402.39172363,-38515.4149492681,-33100.29524680227,2,10.574199266731739,-33105.582346435636,19232,761386750080.0,4080
2,14236628.2139052,14265634.712524414,29006.4986192137,30666.701530648395,1,,30666.701530648395,19246,761855489230.0,4081
1,10589611.381871153,10654123.615356445,64512.23348529264,65747.13990997337,3,-5.585361557081342,65747.13990997337,19259,762352758730.0,4082
3,37232797.1250751,37294201.44665527,61404.321580171585,65746.22032608092,3,-6.964737395755947,65747.13990997337,19260,762379398910.0,4082
0,52933494.842766225,52993081.23901367,59586.39624744654,65759.23021697998,3,12.550098952837288,65747.13990997337,19261,762395097850.0,4082
0,2180642.127536105,2197064.7767333984,16422.649197293445,16676.94455111865,4,7.700392925180495,16671.63620975986,19274,762845267400.0,4083
0,23375815.439525098,23389763.49951172,13948.059986621141,16674.028261326253,4,4.784103132784367,16671.63620975986,19275,762866460180.0,4083
1,44088056.113105044,44099554.07434082,11497.961235776544,16639.285292200744,4,-34.74296912550926,16671.63620975986,19276,762887170050.0,4083
0,44530326.03333259,44541802.37817383,11476.344841241837,16669.24415819347,4,-4.784103132784367,16671.63620975986,19277,762887612300.0,4083
1,54053998.72953457,54002229.224853516,-51769.50468105078,-45466.00326785445,1,,-45466.00326785445,19286,763397933820.0,4084
2,1997493.6611628113,2001781.9451904297,4288.284027618356,4521.221542176558,3,-0.8007953383494169,4521.221542176558,19295,763846751990.0,4085
0,17448058.076181464,17450552.696899414,2494.6207179501653,4529.324187178165,3,11.353172164061107,4521.221542176558,19296,763862200820.0,4085
2,26912140.040817913,26913516.404907227,1376.3640893138945,4514.7204878516495,3,-10.55237682571169,4521.221542176558,19297,763871663820.0,4085
0,26287808.41688355,26317798.86767578,29990.450792230666,33056.00082368404,2,27.08761528134346,33042.457016043365,19318,764872810950.0,4087
1,51808873.77514598,51835861.001953125,26987.226807147264,33028.91320840269,2,-27.08761528134346,33042.457016043365,19319,764898329110.0,4087
2,18688511.720465682,18727026.966796875,38515.24633119255,40694.605172522366,6,7.721616491675377,40690.74436427653,19335,765366118070.0,4088
0,22681836.464479987,22719901.653564453,38065.18908446655,40710.229073517025,6,23.345517486333847,40690.74436427653,19336,765370110960.0,4088
1,30214122.112599418,30251282.76953125,37160.65693183243,40684.073624614626,6,-10.531547907739878,40690.74436427653,19337,765377642370.0,4088
0,36011465.887643136,36047970.53833008,36504.65068694204,40704.124018229544,6,17.240462198853493,40690.74436427653,19338,765383439080.0,4088
3,55231590.77759173,55265836.83496094,34246.057369209826,40686.88355603069,6,-7.721616491675377,40690.74436427653,19339,765402657020.0,4088
2,62839042.07280986,62872397.662597656,33355.58978779614,40683.55811242759,6,-11.04706009477377,40690.74436427653,19340,765410263610.0,4088
2,24153440.822539873,24207533.01220703,54092.18966715783,56908.840644638985,1,,56908.840644638985,19355,765872476550.0,4089
0,8813082.401879229,8765875.08227539,-47207.31960383803,-46179.582920512185,1,,-46179.582920512185,19364,766357968850.0,4090
1,59250492.703844406,59222702.85168457,-27789.8521598354,-20880.362144865096,2,6.228538371622562,-20883.476414050907,19380,766909247760.0,4091
1,79086136.00001016,79056026.7878418,-30109.212168365717,-20886.590683236718,2,-6.228538371622562,-20883.476414050907,19381,766929081160.0,4091
2,7823177.399806792,7763387.270019531,-59790.12978726067,-58877.83077230491,1,,-58877.83077230491,19391,767358666200.0,4092
1,36323324.38860816,36332508.87890625,9184.490298092365,13420.330975875258,1,,13420.330975875258,19401,767888084200.0,4093
2,45775713.33225978,45727899.767822266,-47813.564437516034,-42475.43441084027,3,6.580095615237951,-42478.50901505351,19412,768398394700.0,4094
2,54509248.38764611,54460406.27734375,-48842.110302358866,-42485.51999785751,3,-8.548284910619259,-42478.50901505351,19413,768407127240.0,4094
0,68614952.22053313,68564472.18603516,-50480.0344979763,-42478.50901505351,3,1.9681892953813076,-42478.50901505351,19414,768421231360.0,4094
0,18431041.162003335,18437347.633666992,6306.471663657576,8455.805602718145,2,45.21190454438329,8433.199650445953,19424,768871945900.0,4095
1,63844468.10897294,63845433.486694336,965.3777213990688,8410.593698173761,2,-45.21190454438329,8433.199650445953,19425,768917354160.0,4095
1,13533998.086407635,13532985.376098633,-1012.7103090025485,565.5554635394365,1,,565.5554635394365,19435,769367953520.0,4096
3,7311475.652921768,7396831.988891602,85356.33596983366,86208.96293904912,4,18.230748201720417,86199.84756494826,19444,769862691200.0,4097
3,45716275.18423584,45797134.71777344,80859.53353759646,86190.7321908474,4,-18.230748201720417,86199.84756494826,19445,769901091650.0,4097
2,65527496.03524695,65606038.747680664,78542.7124337107,86184.19453623146,4,-24.76840281765908,86199.84756494826,19446,769920900630.0,4097
0,67624757.69863024,67703080.7052002,78323.00656995177,86209.06062218547,4,18.328431338071823,86199.84756494826,19447,769922997680.0,4097
2,34264170.624296784,34322217.18798828,58046.56369149685,62042.27636823803,1,,62042.27636823803,19460,770390651570.0,4098
0,28946138.110121228,28973760.28894043,27622.178819201887,30997.729690037668,2,29.871910892426968,30982.793734591454,19473,770886304950.0,4099
1,53770317.65789865,53795015.095703125,24697.437804475427,30967.85777914524,2,-29.871910892426968,30982.793734591454,19474,770911126300.0,4099
0,4814743.580160692,4818335.743286133,3592.1631254404783,4153.633944899775,3,-1.238818178884685,4153.633944899775,19482,771363092410.0,4100
1,19007793.797458056,19009721.317138672,1927.5196806155145,4144.111567988992,3,-15.52238354505971,4153.633944899775,19483,771377283850.0,4100
1,35788934.85537071,35788926.966430664,-7.888940043747425,4165.633958168328,3,16.761201723944396,4153.633944899775,19484,771394063120.0,4100
1,1685760.4953378972,1665483.1192626953,-20277.3760752019,-20080.791291200323,4,-5.175131902797148,-20078.203725248924,19523,772862549340.0,4103
2,44793049.84130131,44767757.81542969,-25292.025871619582,-20068.489045254886,4,12.30224594543688,-20078.203725248924,19524,772905651780.0,4103
3,63180560.715454325,63153117.30480957,-27443.410644754767,-20075.616159297526,4,5.175131902797148,-20078.203725248924,19525,772924037210.0,4103
1,68682430.63388845,68654336.20678711,-28094.42710134387,-20085.03263029456,4,-9.416470997035503,-20078.203725248924,19526,772929538450.0,4103
1,41690065.949801095,41701348.685668945,11282.735867850482,16144.418551966548,1,,16144.418551966548,19536,773403451280.0,4104
2,50219181.621702105,50251034.91809082,31853.296388715506,37709.601005621254,1,,37709.601005621254,19547,773912889960.0,4105
3,4611052.146378888,4649666.801635742,38614.65525685437,39152.37262104917,2,-4.46102278586477,39154.603132442106,19555,774368184290.0,4106
3,26707169.689616624,26743212.069458008,36042.37984138355,39156.83364383504,2,4.46102278586477,39154.603132442106,19556,774390277920.0,4106
3,51070285.877860405,51097309.61291504,27023.73505463451,32979.29110542685,1,,32979.29110542685,19568,774915541040.0,4107
3,11433153.440820653,11380138.860961914,-53014.57985873893,-51681.30386500433,4,9.970683347433805,-51686.28920667805,19581,775376737510.0,4108
1,21183706.957688548,21129541.470458984,-54165.487229563296,-51695.1514563933,4,-13.847591388970613,-51686.28920667805,19582,775386486950.0,4108
1,44539177.11509089,44482291.90905762,-56885.20603327453,-51691.274548351765,4,-9.970683347433805,-51686.28920667805,19583,775409839790.0,4108
3,65478963.85211545,65419651.611083984,-59312.241031467915,-51676.41850441694,4,14.856043934822083,-51686.28920667805,19584,775430777230.0,4108
2,53330251.25012482,53360013.07104492,29761.8209201023,35980.92259661853,3,-6.9225102216005325,35983.115467876196,19592,775919557610.0,4109
1,67665475.78652929,67693568.09960938,28092.313080087304,35983.115467876196,3,-3.633203335106373,35983.115467876196,19593,775933891220.0,4109
3,79502771.33965717,79529492.70703125,26721.36737407744,35992.57474580407,3,10.555713556706905,35983.115467876196,19594,775945727190.0,4109
0,16515435.490789562,16522121.22241211,6685.731622546911,8611.677406439558,4,13.536151016131043,8604.909330931492,19605,776383647450.0,4110
1,27696440.02288325,27701808.346679688,5368.323796436191,8598.141255423427,4,-13.536151016131043,8604.909330931492,19606,776394827180.0,4110
1,35133379.639450334,35137879.828125,4500.1886746659875,8597.264069877565,4,-14.413336561992764,8604.909330931492,19607,776402263280.0,4110
0,54704276.360887006,54706514.779541016,2238.4186540097,8617.752125233412,4,19.61086980998516,8604.909330931492,19608,776421831990.0,4110
1,41426202.06359328,41395440.724609375,-30761.338983908296,-25930.426759310067,2,-19.79983827471733,-25920.526840172708,19622,776909442850.0,4111
0,42834481.08967585,42803575.32421875,-30905.765457101166,-25910.62692103535,2,19.79983827471733,-25920.526840172708,19623,776910850990.0,4111
1,16245109.47348772,16287928.280029297,42818.80654157698,44713.22828521207,1,,44713.22828521207,19637,777385160970.0,4112
0,10786590.81000461,10793682.268920898,7091.458916287869,8349.336076395586,1,,8349.336076395586,19645,777880582800.0,4113
1,7502922.614573607,7522543.767333984,19621.152760377154,20496.105297018774,1,,20496.105297018774,19659,778378218530.0,4114
3,17797769.353190497,17796733.194580078,-1036.158610418439,1039.326402835548,1,,1039.326402835548,19670,778889431640.0,4115
2,2604172.677551326,2659824.483642578,55651.80609125225,55955.49141590856,2,-18.86761319823563,55964.92522250768,19680,779375127570.0,4116
0,25712469.96808645,25765445.870117188,52975.90203073621,55974.359029106796,2,18.86761319823563,55964.92522250768,19681,779398233280.0,4116
2,11782060.069136508,11807978.278564453,25918.209427945316,27292.173131680116,5,-0.4157143607735634,27292.37131876871,19693,779885201840.0,4117
2,20982237.468646146,21007082.998535156,24845.529889009893,27292.37131876871,5,-0.11843372788280249,27292.37131876871,19694,779894400980.0,4117
3,24655001.24857162,24679418.91455078,24417.66597916186,27292.80637331307,5,0.5341480886563659,27292.37131876871,19695,779898073330.0,4117
1,73376697.15069738,73395432.08129883,18734.93060144782,27291.74647180736,5,-0.8423742335289717,27292.37131876871,19696,779946789530.0,4117
1,76391185.11799702,76409570.52160645,18385.40360942483,27293.753679066896,5,1.481453842483461,27292.37131876871,19697,779949803680.0,4117
1,19339990.251089685,19265722.619140625,-74267.63194905967,-72012.30100696161,2,-0.45217421278357506,-72012.07491985522,19712,780393569310.0,4118
1,43969847.558909416,43892708.17089844,-77139.3880109787,-72011.84883274883,2,0.45217421278357506,-72012.07491985522,19713,780418196390.0,4118
3,43383006.963359065,43416607.271972656,33600.308613590896,38659.413437090814,2,3.888762764632702,38657.4690557085,19719,780918543200.0,4119
2,60813116.62318289,60844680.43261719,31563.8094342947,38655.52467432618,2,-3.888762764632702,38657.4690557085,19720,780935971340.0,4119
0,45928558.82468962,45945576.43762207,17017.61293245107,22373.567020252347,2,25.266768038272858,22360.93363623321,19728,781422002100.0,4120
2,76825348.63739248,76838737.9576416,13389.320249125361,22348.300252214074,2,-25.266768038272858,22360.93363623321,19729,781452895380.0,4120
1,59831994.9639447,59797834.306396484,-34160.657548218966,-27183.35570795089,1,,-27183.35570795089,19737,781936750540.0,4121
1,21931184.97944381,21883036.956176758,-48148.02326705307,-45590.52042248845,2,-3.089098546653986,-45588.975873215124,19743,782399667470.0,4122
2,26314736.26802832,26266080.146484375,-48656.12154394388,-45587.4313239418,2,3.089098546653986,-45588.975873215124,19744,782404050530.0,4122
2,8867724.594875552,8801196.570922852,-66528.0239527002,-65493.915175747126,2,2.9498939029872417,-65495.39012269862,19761,782887364460.0,4123
1,25469239.866872802,25400772.909057617,-68466.95781518519,-65496.86506965011,2,-2.9498939029872417,-65495.39012269862,19762,782903964100.0,4123
0,48160347.78259218,48193431.861206055,33084.0786138773,38700.292537778616,2,24.513044878840446,38688.036015339196,19788,783928450800.0,4125
1,49403832.53629319,49436747.09301758,32914.55672438443,38675.779492899776,2,-24.513044878840446,38688.036015339196,19789,783929694120.0,4125
3,30555926.78311733,30494020.774780273,-61906.00833705813,-58342.732128344476,1,,-58342.732128344476,19799,784411637210.0,4126
3,37204481.46858807,37181722.27868652,-22759.189901545644,-18420.593182958663,5,0.14635354280471802,-18420.593182958663,19811,784919179850.0,4127
0,48420658.44871969,48396599.267944336,-24059.180775351822,-18412.610750317574,5,11.771033760160208,-18420.593182958663,19812,784930394770.0,4127
2,54406949.14345196,54382176.31237793,-24772.831074029207,-18428.170385196805,5,-11.219449814409018,-18420.593182958663,19813,784936380370.0,4127
0,54879117.53295302,54854304.501708984,-24813.031244032085,-18413.30868780613,5,11.0730962716043,-18420.593182958663,19814,784936852500.0,4127
3,76367165.86483985,76339832.10144043,-27333.76339942217,-18428.21433247626,5,-11.263397093862295,-18420.593182958663,19815,784958338110.0,4127
3,70407367.61116524,70464897.86950684,57530.25834159553,65740.80615799129,1,,65740.80615799129,19827,785453296050.0,4128
3,18036833.47182881,18048825.451416016,11991.979587204754,14095.343037668616,1,,14095.343037668616,19838,785901889570.0,4129
2,59295317.91855486,59339980.15368652,44662.235131666064,51576.95243436843,1,,51576.95243436843,19852,786444059860.0,4130
1,1190587.1947770808,1211187.7557373047,20600.5609602239,20739.40116152633,4,3.484887127764523,20737.658717962448,19866,786886911710.0,4131
1,48724577.49037005,48739625.47692871,15047.986558660865,20729.99807097763,4,-9.403090548701584,20737.658717962448,19867,786934440330.0,4131
3,57018965.21775733,57033063.670288086,14098.452530756593,20747.713201135397,4,11.796926736831665,20737.658717962448,19868,786942733800.0,4131
3,60435262.30534806,60448950.56982422,13688.264476157725,20735.916274398565,4,-3.484887127764523,20737.658717962448,19869,786946149700.0,4131
0,21332514.114351697,21282163.575439453,-50350.53891224414,-47862.85000804812,4,-2.1364570781588554,-47861.78177950904,19879,787407930860.0,4132
1,39901865.642456055,39849332.36755371,-52533.27490234375,-47880.12301019579,4,-19.409459225833416,-47861.78177950904,19880,787426498100.0,4132
2,63948118.173773706,63892800.15710449,-55318.01666921377,-47860.71355096996,4,2.1364570781588554,-47861.78177950904,19881,787450541660.0,4132
2,73522524.57122537,73466093.44213867,-56431.12908670306,-47857.307566940784,4,5.5424411073327065,-47861.78177950904,19882,787460114990.0,4132
0,5549344.802880432,5537083.076538086,-12261.72634234652,-11614.590078066103,2,30.82652896363288,-11630.00334254792,19916,788894839290.0,4135
1,55522981.66581671,55504861.44250488,-18120.223311826587,-11645.416607029736,2,-30.82652896363288,-11630.00334254792,19917,788944807260.0,4135
0,27752132.748155896,27775050.79663086,22918.048474963754,26154.360535286367,2,-9.624877013266087,26159.172973793,19923,789417970400.0,4136
0,39316177.31840143,39337756.4519043,21579.133502863348,26163.985412299633,2,9.624877013266087,26159.172973793,19924,789429533150.0,4136
0,53421896.63832167,53385785.62084961,-36111.017472058535,-29881.228578180075,1,,-29881.228578180075,19930,789944464050.0,4137
1,7534975.0871902425,7475960.802246094,-59014.284944148734,-58135.59461176209,3,-0.5967349912971258,-58135.59461176209,19943,790399419970.0,4138
2,48802448.53070855,48738612.55371094,-63835.97699761391,-58144.88456206769,3,-14.531660449691117,-58135.59461176209,19944,790440682780.0,4138
0,55412864.28115881,55348277.204589844,-64587.076568968594,-58125.1111914739,3,15.128395440988243,-58135.59461176209,19945,790447292470.0,4138
2,27718153.667347275,27732850.231933594,14696.56458631903,17928.914179686457,1,,17928.914179686457,19953,790920540810.0,4139
1,19173026.98478443,19196309.892456055,23282.907671622932,25518.768209870905,2,9.28058560192585,25514.12791706994,19964,791412919310.0,4140
1,26065113.55624819,26087583.463378906,22469.907130714506,25509.48762426898,2,-9.28058560192585,25514.12791706994,19965,791419810610.0,4140
0,13872064.918708969,13800725.30871582,-71339.6099931486,-69721.92059228569,4,10.411225095391273,-69727.12620483339,19978,791908490490.0,4141
2,20422404.078398317,20350290.190063477,-72113.88833484054,-69732.33181738108,4,-10.411225095391273,-69727.12620483339,19979,791915040080.0,4141
1,50366142.74397376,50290535.364746094,-75607.37922766805,-69733.93675484508,4,-12.016162559390068,-69727.12620483339,19980,791944980440.0,4141
3,70844743.34474477,70766766.83520508,-77976.5095396936,-69714.95719783008,4,17.37461955100298,-69727.12620483339,19981,791965456750.0,4141
1,8901620.281519527,8922331.48461914,20711.20309961401,21749.26461852342,3,-11.847419432364404,21760.974257919937,19989,792404385070.0,4142
2,12006678.485253515,12027039.577514648,20361.092261133716,21761.24981799163,3,6.130379769951105,21760.974257919937,19990,792407489790.0,4142
2,25903196.012812447,25921936.28857422,18740.275761771947,21760.974257919937,3,5.717039662413299,21760.974257919937,19991,792421384740.0,4142
2,34286219.914963365,34249645.22692871,-36574.68803465366,-32576.40408218652,4,-0.38968759775161743,-32576.209238387644,20005,792930639330.0,4143
1,54574710.74887281,54535757.42663574,-38953.322237066925,-32589.098046153784,4,-13.083651565015316,-32576.209238387644,20006,792950925520.0,4143
2,60555862.22053993,60516224.490600586,-39637.729939341545,-32576.01439458877,4,0.38968759775161743,-32576.209238387644,20007,792956906010.0,4143
3,69934973.9932909,69894248.52441406,-40725.468876838684,-32570.009192824364,4,6.394889362156391,-32576.209238387644,20008,792966284070.0,4143
2,322778.006366016,367500.4874267578,44722.48106074182,44760.121784223826,6,14.018678097636439,44753.11244517501,20018,793397568960.0,4144
2,11445347.965645965,11488757.83569336,43409.870047394186,44744.5681043677,6,-15.553679856122471,44753.11244517501,20019,793408690260.0,4144
2,13183542.464608788,13226751.170288086,43208.70567929745,44746.10310612619,6,-14.018678097636439,44753.11244517501,20020,793410428260.0,4144
0,21919100.884158306,21961307.671875,42206.787716694176,44762.88137575239,6,16.7782696262002,44753.11244517501,20021,793419162850.0,4144
1,37778911.241245665,37819246.85424805,40335.61300238222,44741.19678887725,6,-18.924995346576907,44753.11244517501,20022,793435020850.0,4144
0,76343478.82915235,76379338.97045898,35860.14130663872,44762.92811240256,6,16.825006276369095,44753.11244517501,20023,793473581090.0,4144
1,12420165.803592473,12350945.400634766,-69220.40295770764,-67772.02662043087,1,,-67772.02662043087,20037,793910480580.0,4145
0,1691833.989291824,1714639.6059570312,22805.616665207315,23002.90970907174,3,18.97241069190204,22984.996474176645,20051,794400631050.0,4146
3,9267796.321068678,9289700.55444336,21904.233374681324,22984.996474176645,3,-7.897441650740802,22984.996474176645,20052,794408206140.0,4146
2,63206271.63094719,63221883.716308594,15612.085361406207,22982.87812258303,3,-11.07496904116124,22984.996474176645,20053,794462138530.0,4146
1,33213439.361460496,33202927.639526367,-10511.721934128553,-6638.540173802525,1,,-6638.540173802525,20065,794933067300.0,4147
1,5036503.111049678,5023268.094116211,-13235.01693346724,-12647.68564948719,2,-18.312878522090614,-12638.529210226145,20085,795906577390.0,4149
0,43994068.43971175,43976308.70324707,-17759.73646467924,-12629.3727709651,2,18.312878522090614,-12638.529210226145,20086,795945530580.0,4149
2,56593070.1905963,56517129.57507324,-75940.6155230552,-69341.02055676281,1,,-69341.02055676281,20095,796458974490.0,4150
2,7248658.589340544,7226647.864135742,-22010.72520480212,-21165.42364089191,5,7.148471380583942,-21169.267774676904,20111,796910512620.0,4151
2,13835275.273278125,13812492.606323242,-22782.666954882443,-21169.267774676904,5,2.3918739166110754,-21169.267774676904,20112,796917098490.0,4151
2,36554355.710570134,36528925.48535156,-25430.225218571723,-21167.442847318947,5,5.129264953546226,-21169.267774676904,20113,796939815010.0,4151
2,39836064.25592118,39810242.90100098,-25821.354920201004,-21175.876449868083,5,-7.521138870157301,-21169.267774676904,20114,796943096340.0,4151
2,74645842.10873309,74615959.41577148,-29882.692961603403,-21177.875884592533,5,-9.520573594607413,-21169.267774676904,20115,796977902190.0,4151
3,36950756.163880035,36936225.005981445,-14531.157898589969,-10222.149329900742,2,11.159514710307121,-10227.729087255895,20124,797441095400.0,4152
3,62862469.651385784,62844905.642211914,-17564.009173870087,-10233.308844611049,2,-11.159514710307121,-10227.729087255895,20125,797467004180.0,4152
0,16346459.07172836,16302531.065917969,-43928.00581039116,-42021.76519394852,4,28.59420003555715,-42045.844443643466,20141,797921375420.0,4153
1,17774609.937239505,17730485.58947754,-44124.34776196629,-42051.56348158419,4,-10.233988281339407,-42045.844443643466,20142,797922803380.0,4153
2,23738742.339200485,23693932.71875,-44809.6204504855,-42041.32949330285,4,9.029900681227446,-42045.844443643466,20143,797928766850.0,4153
1,73475800.72403848,73425181.99182129,-50618.73221719265,-42050.35939398408,4,-9.029900681227446,-42045.844443643466,20144,797978498290.0,4153
3,18250469.18012226,18288602.75061035,38133.57048809156,40261.84704435617,1,,40261.84704435617,20169,798424177500.0,4154
2,52341759.33998391,52331948.958618164,-9810.38136574626,-3706.552570037544,2,10.844276957213879,-3711.9747085161507,20180,798959175730.0,4155
1,59988542.58997036,59977829.63549805,-10712.954472310841,-3717.3968469947577,2,-10.844276957213879,-3711.9747085161507,20181,798966821640.0,4155
1,52936997.92755546,52848916.1204834,-88081.80707205832,-81908.56459066272,1,,-81908.56459066272,20192,799460549660.0,4156
3,2637930.5926955007,2660901.8359375,22971.2432419993,23278.865242402535,2,16.765285599511117,23270.48259960278,20198,799911194350.0,4157
2,53920551.02171686,53937525.18225098,16974.160534113646,23262.099956803024,2,-16.765285599511117,23270.48259960278,20199,799962471170.0,4157
0,10216153.15106526,10161615.95288086,-54537.1981844008,-53345.84255227819,1,,-53345.84255227819,20211,800419620150.0,4158
0,4728540.9353518225,4724096.073730469,-4444.861621353775,-3893.4433143110946,2,31.845610509626567,-3909.366119565908,20220,800915007570.0,4159
1,24626876.919256568,24620079.76965332,-6797.1496032476425,-3925.288924820721,2,-31.845610509626567,-3909.366119565908,20221,800934903630.0,4159
1,4403576.095592347,4368175.241821289,-35400.85377105791,-34887.33120484464,4,9.548690753057599,-34892.10555022117,20244,801916492290.0,4161
0,29975164.44046446,29936797.182250977,-38367.2582134828,-34871.707544665784,4,25.17235093191266,-34892.10555022117,20245,801942061010.0,4161
2,53570842.162465334,53529696.6998291,-41145.462636232376,-34898.30447562039,4,-10.97327077575028,-34892.10555022117,20246,801965654000.0,4161
2,71923420.54518658,71880136.32312012,-43284.22206646204,-34896.879895597696,4,-9.548690753057599,-34892.10555022117,20247,801984004510.0,4161
2,71270256.83717349,71252096.82922363,-18160.007949858904,-9848.834396541119,1,,-9848.834396541119,20269,802985140310.0,4163
0,8747226.955662418,8656932.012207031,-90294.9434553869,-89274.88649803959,3,7.541723610833287,-89274.88649803959,20279,803423408010.0,4164
0,21806134.912086554,21714321.935180664,-91812.97690588981,-89270.05676186085,3,14.786327878944576,-89274.88649803959,20280,803436465450.0,4164
2,39893239.522177555,39799292.576538086,-93946.94563946873,-89294.79968144,3,-22.328051489777863,-89274.88649803959,20281,803454550490.0,4164
0,10033674.206236042,10003070.120727539,-30604.08550850302,-29434.009639462456,3,21.127789123915136,-29436.271447086707,20291,803925578090.0,4165
3,10827295.972828083,10796597.077392578,-30698.895435504615,-29436.271447086707,3,17.73507768753916,-29436.271447086707,20292,803926371620.0,4165
3,75364412.21314442,75326149.59667969,-38262.61646473408,-29474.003410086036,3,-38.862866811454296,-29436.271447086707,20293,803990901420.0,4165
1,18723215.898127794,18748047.915405273,24832.01727747917,27015.423142861575,2,20.434188786894083,27005.206048468128,20305,804435130910.0,4166
2,42225546.92980419,42247617.791015625,22070.861211434007,26994.98895407468,2,-20.434188786894083,27005.206048468128,20306,804458630570.0,4166
0,7147130.820360009,7115199.470458984,-31931.349901024252,-31097.88798728399,2,42.28273516334593,-31119.029354865663,20316,804924407970.0,4167
1,48828623.94987911,48791789.634277344,-36834.31560176611,-31140.170722447336,2,-42.28273516334593,-31119.029354865663,20317,804966084720.0,4167
3,14503883.618289705,14475408.483642578,-28475.13464712724,-26783.76577463746,2,-10.828252959996462,-26778.351648157462,20330,805432600080.0,4168
0,21062102.42711202,21032873.334716797,-29229.092395223677,-26772.937521677464,2,10.828252959996462,-26778.351648157462,20331,805439157570.0,4168
2,34649611.0246347,34611608.17980957,-38002.84482512623,-33962.1840563789,3,1.6899047791957855,-33962.1840563789,20341,805953651430.0,4169
3,56645289.725327834,56604723.83288574,-40565.8924420923,-33960.207900211215,3,4.654139030724764,-33962.1840563789,20342,805975644630.0,4169
3,76189101.2122818,76146248.8881836,-42852.324098199606,-33967.54002210498,3,-6.344043809920549,-33962.1840563789,20343,805995186230.0,4169
1,32141153.75994884,32129474.802368164,-11678.95758067444,-7930.820293713361,1,,-7930.820293713361,20354,806452037000.0,4170
0,14658308.714521438,14667964.672973633,9655.95845219493,11365.335591142997,4,11.130080526694655,11359.77055087965,20365,806935495360.0,4171
2,22025260.690814763,22034046.422851562,8785.732036799192,11354.205510616302,4,-11.130080526694655,11359.77055087965,20366,806942861470.0,4171
0,25438617.355658025,25447023.333618164,8405.977960139513,11372.499664731324,4,18.29415411502123,11359.77055087965,20367,806946274460.0,4171
2,71031809.24364212,71034868.49731445,3059.2536723315716,11342.620684444904,4,-22.71490669809282,11359.77055087965,20368,806991862480.0,4171
2,14677719.657695279,14715553.73803711,37834.08034183085,39545.721085889265,5,30.69308172725141,39515.37070529908,20380,807436373030.0,4172
3,34933450.43491998,34968906.06335449,35455.62843450904,39529.38910643011,5,14.361102268099785,39515.37070529908,20381,807456626460.0,4172
1,46285905.47075586,46320022.5300293,34117.059273436666,39514.68530302495,5,-7.694602839648724,39515.37070529908,20382,807467977620.0,4172
2,49758556.43165418,49792269.21350098,33712.78184679896,39515.37070529908,5,-6.666499428451061,39515.37070529908,20383,807471449880.0,4172
1,64463561.89360024,64495542.82421875,31980.93061850965,39498.342152282596,5,-24.037753582000732,39515.37070529908,20384,807486153210.0,4172
3,27449370.922548607,27403403.682739258,-45967.23980934918,-42766.234287679195,1,,-42766.234287679195,20394,807950058690.0,4173
2,55750047.17981453,55788000.209472656,37953.02965812385,44454.31558410823,1,,44454.31558410823,20408,808479237380.0,4174
0,45900915.34803133,45858546.85559082,-42368.492440506816,-37015.76199384779,2,19.535000205039978,-37025.52949395031,20419,808970315890.0,4175
2,54787837.15187572,54744412.77697754,-43424.374898180366,-37035.29699405283,2,-19.535000205039978,-37025.52949395031,20420,808979201790.0,4175
0,43107765.536425546,43148776.603637695,41011.0672121495,46038.07478541136,3,7.457550846040249,46032.44932371378,20434,809468408030.0,4176
0,68679098.76594621,68717118.54516602,38019.779219806194,46028.785145416856,3,-6.4769091457128525,46032.44932371378,20435,809493976470.0,4176
0,71274937.86092702,71312658.59082031,37720.72989329696,46032.44932371378,3,-0.9806417003273964,46032.44932371378,20436,809496572020.0,4176
0,7513320.951657105,7477424.231201172,-35896.72045593336,-35020.55531829875,2,20.799349145032465,-35030.954992871266,20447,809933677470.0,4177
2,19207440.616043016,19170159.387695312,-37281.228347703815,-35041.35466744378,2,-20.799349145032465,-35030.954992871266,20448,809945370250.0,4177
2,34357645.99300969,34319514.36730957,-38131.62570011616,-34125.01240301877,2,-14.40045490115881,-34117.81217556819,20460,810461393520.0,4178
0,45061648.79196969,45022283.32055664,-39365.47141304612,-34110.611948117614,2,14.40045490115881,-34117.81217556819,20461,810472096330.0,4178
0,46266215.88702476,46315400.55114746,49184.66412270069,54579.994053542614,3,20.951810352504253,54563.19895289838,20482,811475129230.0,4180
2,63665193.25562383,63712323.83129883,47130.57567499578,54554.885533481836,3,-16.710969738662243,54563.19895289838,20483,811492526220.0,4180
3,68986805.11455488,69033323.42443848,46518.30988359451,54563.19895289838,3,-4.2408406138420105,54563.19895289838,20484,811497847240.0,4180
1,2273278.422045372,2207118.4010009766,-66160.0210443954,-65894.92291876627,3,11.453170117456466,-65902.20098510385,20494,811931996780.0,4181
2,22784168.92226576,22715609.747802734,-68559.17446302623,-65902.20098510385,3,0.5360706110950559,-65902.20098510385,20495,811952505350.0,4181
2,60857621.203766234,60784613.74743652,-73007.45632971078,-65910.55119266361,3,-11.989240728551522,-65902.20098510385,20496,811990574500.0,4181
2,55353849.49854091,55300330.1517334,-53519.34680750966,-47064.263432726264,2,-1.7893055081367493,-47063.368779972196,20505,812485888020.0,4182
2,74426968.77927667,74371227.01196289,-55741.7673137784,-47062.47412721813,2,1.7893055081367493,-47063.368779972196,20506,812504958990.0,4182
2,1176689.6343134157,1149782.93359375,-26906.700719665736,-26769.481180924457,2,13.63941751094535,-26776.30088967993,20511,812932604210.0,4183
2,58080510.89755049,58046954.724243164,-33556.173307329416,-26783.120598435402,2,-13.63941751094535,-26776.30088967993,20512,812989501600.0,4183
1,43098.572018972394,64760.15490722656,21661.58288825417,21666.608823726354,1,,21666.608823726354,20522,813432398160.0,4184
2,35291291.339241296,35245728.22180176,-45563.11743953824,-41447.62718795985,2,-7.498204872012138,-41443.878085523844,20531,813968476160.0,4185
0,49621850.044151045,49574623.26831055,-47226.77584049851,-41440.12898308784,2,7.498204872012138,-41443.878085523844,20532,813982805110.0,4185
2,35189660.459976956,35174467.60522461,-15192.854752346873,-11089.2161751315,3,24.694550540298223,-11112.683855302632,20541,814469270820.0,4186
1,58401424.20866995,58383498.59509277,-17925.61357717961,-11115.137596040964,3,-14.187580823898315,-11112.683855302632,20542,814492479940.0,4186
1,59194561.20501325,59176545.55358887,-18015.651424385607,-11112.683855302632,3,-10.506969716399908,-11112.683855302632,20543,814493272990.0,4186
0,78345857.02791616,78312173.11071777,-33683.91719838977,-24547.62326823175,1,,-24547.62326823175,20555,815013317620.0,4187
1,6424042.246110531,6426661.848022461,2619.6019119303674,3368.7409271467477,8,-1.4472407456487417,3369.464547519572,20571,815442314650.0,4188
2,9823662.446552437,9825898.811401367,2236.3648489303887,3381.950218560174,8,13.2092914134264,3369.464547519572,20572,815445713900.0,4188
3,18337096.003635332,18338336.164916992,1240.1612816601992,3378.5398158952594,8,9.798888748511672,3369.464547519572,20573,815454226370.0,4188
1,37899394.50377804,37898331.14929199,-1063.3544860482216,3356.2794435173273,8,-13.908724375069141,3369.464547519572,20574,815473786440.0,4188
2,52330801.22238317,52328075.80908203,-2725.41330114007,3377.1376148313284,8,8.396687684580684,3369.464547519572,20575,815488216240.0,4188
2,55918022.739310995,55914872.053100586,-3150.686210408807,3370.1881678923965,8,1.4472407456487417,3369.464547519572,20576,815491803050.0,4188
2,58224700.51703614,58221273.20776367,-3427.30927246809,3362.5580938383937,8,-7.630074054002762,3369.464547519572,20577,815494109460.0,4188
0,75326453.43973297,75321037.62756348,-5415.812169492245,3368.374326750636,8,-1.8138411417603493,3369.464547519572,20578,815511209290.0,4188
1,56734754.74678342,56691470.24707031,-43284.49971310794,-36668.38221710175,1,,-36668.38221710175,20604,816995218630.0,4191
1,6313797.679227484,6279946.819702148,-33850.85952533595,-33114.576668765396,1,,-33114.576668765396,20614,817445639810.0,4192
2,13011980.588961665,12969686.377807617,-42294.2111540474,-40776.820397419855,2,-4.576967990025878,-40774.53191342484,20629,817953168360.0,4193
2,38126738.45911895,38081520.07006836,-45218.38905058801,-40772.24342942983,2,4.576967990025878,-40774.53191342484,20630,817978280290.0,4193
1,20355586.72449436,20280373.426757812,-75213.29773654789,-72839.53311783448,4,-13.875255931168795,-72829.23423856683,20649,818461351140.0,4194
3,21943631.949244685,21868247.337036133,-75384.61220855266,-72825.65786190331,4,7.152753327041864,-72829.23423856683,20650,818462939020.0,4194
1,33105357.92362623,33028664.53515625,-76693.38846997917,-72832.81061523035,4,-7.152753327041864,-72829.23423856683,20651,818474099480.0,4194
2,64630222.50666374,64549883.646362305,-80338.860301435,-72802.0136576891,4,30.796957541257143,-72829.23423856683,20652,818505620820.0,4194
3,24077990.35138198,24079664.084838867,1673.7334568873048,4481.58578556031,1,,4481.58578556031,20665,818965985390.0,4195
2,11347717.658009226,11293163.788330078,-54553.86967914738,-53230.55677029677,2,11.271204410120845,-53236.19237250183,20679,819454180730.0,4196
3,73997214.55143741,73935343.54602051,-61871.00541689992,-53241.82797470689,2,-11.271204410120845,-53236.19237250183,20680,819516823150.0,4196
1,23700851.615548264,23622257.557617188,-78594.05793107674,-75830.18559667096,3,-10.724462054669857,-75830.18559667096,20688,819967390640.0,4197
0,35354833.08260152,35274902.86791992,-79930.21468159556,-75807.31451625377,3,23.582158571109176,-75830.18559667096,20689,819979043330.0,4197
1,36745534.21942024,36665417.53503418,-80116.68438605964,-75831.6077529788,3,-12.857696516439319,-75830.18559667096,20690,819980433850.0,4197
3,10994088.411467507,10919737.724487305,-74350.6869802028,-73068.61250898242,3,-30.453369546681643,-73049.25137920678,20703,820455465160.0,4198
3,35920740.28281509,35843502.13806152,-77238.14475356787,-73049.25137920678,3,-1.4116748832166195,-73049.25137920678,20704,820480389020.0,4198
0,62710119.40949072,62629779.408569336,-80340.0009213835,-73027.0668996647,3,31.865044429898262,-73049.25137920678,20705,820507175400.0,4198
3,12930162.008755473,12890859.36340332,-39302.64535215311,-37794.7958607059,2,4.487291665747762,-37797.03950653877,20714,820958279170.0,4199
2,54289370.99553929,54245240.76306152,-44130.232477769256,-37799.283152371645,2,-4.487291665747762,-37797.03950653877,20715,820999633710.0,4199
2,51887297.9451544,51924900.88696289,37602.941808491945,43653.77363613248,2,4.606369145214558,43651.47045155987,20721,821498149330.0,4200
2,57648822.33733846,57685748.79321289,36926.45587442815,43649.167266987264,2,-4.606369145214558,43651.47045155987,20722,821503910200.0,4200
3,32501133.44028493,32452014.24169922,-49119.19858571142,-45329.082305945456,5,-29.112267216667533,-45303.71439084783,20731,821979656210.0,4201
0,33296647.790533476,33247461.19104004,-49186.599493436515,-45303.71439084783,5,3.948023695498705,-45303.71439084783,20732,821980451660.0,4201
3,37803361.44336642,37753633.90917969,-49727.53418673575,-45319.099142476916,5,-19.129103748127818,-45303.71439084783,20733,821984957850.0,4201
3,51677533.301520735,51626210.70568848,-51322.59583225846,-45296.225686609745,5,15.181080052629113,-45303.71439084783,20734,821998830480.0,4201
1,59178310.54100104,59126121.94238281,-52188.59861822426,-45287.52611862868,5,23.880648033693433,-45303.71439084783,20735,822006330420.0,4201
2,51903698.43887141,51835137.17944336,-68561.2594280541,-62508.51505854726,3,-8.317803487181664,-62500.67885899544,20751,822499862320.0,4202
3,60169852.86116382,60100335.48120117,-69517.37996264547,-62500.67885899544,3,3.436495840549469,-62500.67885899544,20752,822508127550.0,4202
1,70621370.62211624,70550635.40270996,-70735.21940627694,-62499.715651124716,3,4.8813076466321945,-62500.67885899544,20753,822518577890.0,4202
0,11073966.378655838,10994026.192626953,-79940.18602888472,-78648.79659686796,3,7.733616707846522,-78651.49736329168,20774,823460710910.0,4204
3,53615286.89764616,53530383.0592041,-84903.83844205737,-78651.49736329168,3,3.6824670722708106,-78651.49736329168,20775,823503247430.0,4204
3,70609083.52702712,70522187.8930664,-86895.63396070898,-78661.56306385994,3,-11.416083780117333,-78651.49736329168,20776,823520239300.0,4204
0,26755470.106833644,26765008.92565918,9538.818825535476,12658.90517609194,3,11.489329513162374,12653.690787181258,20789,823977319970.0,4205
3,48158689.180427015,48165726.85070801,7037.670280992985,12653.690787181258,3,3.6677461471408606,12653.690787181258,20790,823998720770.0,4205
1,54508807.89790879,54515092.49987793,6284.601969137788,12641.140905976295,3,-15.157075660303235,12653.690787181258,20791,824005070160.0,4205
3,58427312.9164873,58392836.53210449,-34476.38438280672,-27662.889392711222,1,,-27662.889392711222,20802,824509867600.0,4206
0,27611514.415594086,27623597.596923828,12083.181329742074,15303.09519790858,2,14.156098745763302,15296.017148535699,20812,824979977220.0,4207
2,79110446.63101512,79116510.11364746,6063.482632339001,15288.939099162817,2,-14.156098745763302,15296.017148535699,20813,825031470330.0,4207
0,46616123.5747765,46539546.13391113,-76577.44086536765,-71141.30648608506,4,13.705990597605705,-71154.26259952039,20824,825499766330.0,4208
3,60364627.83984177,60286433.412597656,-78194.4272441119,-71155.01247668266,4,-1.499754324555397,-71154.26259952039,20825,825513513270.0,4208
3,67778805.44747114,67699734.98144531,-79070.46602582932,-71166.44771146774,4,-12.934989109635353,-71154.26259952039,20826,825520926600.0,4208
3,79353067.85997263,79272660.59753418,-80407.26243844628,-71153.51272235811,4,1.499754324555397,-71154.26259952039,20827,825532499570.0,4208
2,25412557.424028642,25378918.444458008,-33638.97957063466,-30675.496842246503,1,,-30675.496842246503,20838,825979459510.0,4209
3,28648811.623429604,28585171.239501953,-63640.38392765075,-60299.50575399026,2,16.833413634449244,-60307.92246080749,20855,826483536560.0,4210
1,78496570.29664463,78427100.08813477,-69470.20850986242,-60316.33916762471,2,-16.833413634449244,-60307.92246080749,20856,826533378680.0,4210
0,6571121.150493072,6576574.878662109,5453.728169037029,6220.018775318749,6,18.871746351011097,6209.3831730000675,20877,826962361800.0,4211
0,18517100.819795966,18521159.069335938,4058.2495399713516,6217.619317032397,6,16.472288064658642,6209.3831730000675,20878,826974306430.0,4211
0,29034904.411950544,29037738.736694336,2834.3247437924147,6220.227087639272,6,19.08005867153406,6209.3831730000675,20879,826984823050.0,4211
3,62692201.31166923,62691089.67089844,-1111.6407707929611,6199.2037338241935,6,-18.415583208203316,6209.3831730000675,20880,827018476530.0,4211
3,76316356.2491914,76313657.42626953,-2698.822921872139,6200.800987049937,6,-16.818329982459545,6209.3831730000675,20881,827032099150.0,4211
3,79476152.26561046,79473085.30944824,-3066.956162214279,6201.147028967738,6,-16.472288064658642,6209.3831730000675,20882,827035258590.0,4211
1,23565894.13652637,23593630.6295166,27736.492990233004,30484.6272723265,3,2.129230422899127,30484.6272723265,20892,827480269930.0,4212
2,26379878.20151536,26407289.838745117,27411.63722975552,30487.923969525844,3,7.0742762219160795,30484.6272723265,20893,827483083600.0,4212
1,38612538.65522176,38638512.93017578,25974.274954020977,30477.072114281356,3,-9.203506644815207,30484.6272723265,20894,827495314870.0,4212
0,15106543.248426173,15090575.917236328,-15967.331189844757,-14205.68322756514,3,8.351532695814967,-14209.25290594995,20901,827972745660.0,4213
0,32104933.463595968,32086970.733520508,-17962.730075459927,-14218.816614571959,3,-11.348547814413905,-14209.25290594995,20902,827989742120.0,4213
0,67709549.39512832,67687444.20019531,-22105.194933012128,-14209.25290594995,3,2.997015118598938,-14209.25290594995,20903,828025342730.0,4213
0,2941641.35167956,2921049.564819336,-20591.78686022386,-20248.747661399655,1,,-20248.747661399655,20915,828461477080.0,4214
2,76610096.29504535,76621362.03869629,11265.74365094304,20199.62202462554,2,4.190329074859619,20197.52686008811,20933,829036039500.0,4215
3,76966040.62891756,76977260.67382812,11220.044910565019,20195.43169555068,2,-4.190329074859619,20197.52686008811,20934,829036395400.0,4215
1,4881673.702721363,4905255.979980469,23582.277259105816,24151.553127813153,3,-11.928833418525755,24162.31264090538,20946,829465244080.0,4216
0,63858782.05398277,63875499.82006836,16717.766085587442,24164.651281557977,3,7.718397198710591,24162.31264090538,20947,829524214550.0,4216
0,73056281.68842883,73071924.55041504,15642.861986204982,24162.31264090538,3,4.210436219815165,24162.31264090538,20948,829533411010.0,4216
3,18213832.84914634,18218509.762817383,4676.91367104277,6800.91788539663,4,-12.927675195038319,6807.381722994149,20959,829979493450.0,4217
0,27737033.94977349,27740613.244018555,3579.2942450642586,6813.845560591668,4,12.927675195038319,6807.381722994149,20960,829989015590.0,4217
0,57129016.7223936,57129170.53442383,153.8120302259922,6815.906345315278,4,14.988459918648005,6807.381722994149,20961,830018404260.0,4217
2,74375727.22122374,74373844.3984375,-1882.8227862417698,6790.494871392846,4,-23.350689198821783,6807.381722994149,20962,830035649000.0,4217
0,10264138.757008694,10246535.251220703,-17603.505787990987,-16406.554319446906,4,33.00144066847861,-16431.079673735425,20974,830472438310.0,4218
2,17863171.826709278,17844666.111206055,-18505.71550322324,-16422.603587355465,4,16.95217275992036,-16431.079673735425,20975,830480036470.0,4218
1,38621450.06914138,38600506.509399414,-20943.559741966426,-16439.7233780995,4,-17.119790744036436,-16431.079673735425,20976,830500792390.0,4218
2,68072561.40351471,68048183.57312012,-24377.83039459586,-16439.555760115385,4,-16.95217275992036,-16431.079673735425,20977,830530240180.0,4218
1,20498942.403584324,20490866.9765625,-8075.427021823823,-5684.944995570928,4,3.544598150998354,-5686.717294646427,20985,830983573690.0,4219
2,49351609.95751467,49340166.33508301,-11443.622431665659,-5688.489593721926,4,-3.544598150998354,-5686.717294646427,20986,831012423100.0,4219
0,52538315.53211282,52526514.114990234,-11801.417122587562,-5674.6669470742345,4,13.822646647691727,-5686.717294646427,20987,831015609460.0,4219
1,77200195.69008534,77185499.54406738,-14696.146017953753,-5693.453264981508,4,-8.508269410580397,-5686.717294646427,20988,831040268540.0,4219
0,24706781.818381265,24718805.696166992,12023.877785727382,14905.05656561628,3,22.67115557938814,14883.754915632308,20995,831488713390.0,4220
1,65231303.483354256,65238580.29663086,7276.813276603818,14883.754915632308,3,-9.281319396570325,14883.754915632308,20996,831529233320.0,4220
2,75422575.59605354,75428661.21618652,6085.620132982731,14881.015904441476,3,-13.389836182817817,14883.754915632308,20997,831539423440.0,4220
2,1903677.4340147856,1922022.1127929688,18344.67877818318,18566.675923216157,4,5.476454081013799,18563.93769617565,21010,831966814440.0,4221
2,4913736.615256213,4931730.570068359,17993.954812146723,18566.969694049098,4,5.770224913954735,18563.93769617565,21011,831969824160.0,4221
2,6030458.329518504,6048316.287719727,17857.95820122212,18561.199469135143,4,-5.476454081013799,18563.93769617565,21012,831970940750.0,4221
2,42083698.130124025,42097348.03417969,13649.904055662453,18557.490115351975,4,-9.185807864181697,18563.93769617565,21013,832006989920.0,4221
0,18696925.643215142,18613016.9453125,-83908.69790264219,-81728.35787259042,1,,-81728.35787259042,21029,832484440540.0,4222
2,5314468.759095528,5322613.198974609,8144.439879081212,8764.18609806057,4,9.116988382302225,8758.678736841306,21044,832971970950.0,4223
3,20829410.434892535,20835743.70373535,6333.268842816353,8762.288364004344,4,7.2192543260753155,8758.678736841306,21045,832987484140.0,4223
1,58910744.826048665,58912627.6730957,1882.8470470383763,8752.717398747802,4,-9.570965256541967,8758.678736841306,21046,833025561170.0,4223
2,63200046.222529665,63201431.224853516,1385.0023238509893,8755.069109678268,4,-7.2192543260753155,8758.678736841306,21047,833029849990.0,4223
2,20884727.571929246,20890226.451660156,5498.879730910063,7934.350054252893,3,11.430478123947978,7923.087635520846,21058,833488444480.0,4224
1,28130986.068915997,28135628.66455078,4642.5956347845495,7923.087635520846,3,-5.4631499741226435,7923.087635520846,21059,833495689910.0,4224
2,61271433.99104373,61272211.58068848,777.5896447449923,7922.751516737044,3,-5.9673281498253345,7923.087635520846,21060,833528826620.0,4224
0,63995228.20882444,63969601.16833496,-25627.0404894799,-18164.243639416993,1,,-18164.243639416993,21074,834533330870.0,4226
2,6754959.758208651,6700839.790161133,-54119.96804751828,-53332.2391212089,3,-0.342188254930079,-53332.2391212089,21084,834976959810.0,4227
0,14191809.69895807,14136831.271972656,-54978.426985412836,-53323.450580414385,3,12.8406229368411,-53332.2391212089,21085,834984395830.0,4227
1,56044626.76038708,55984750.778808594,-59875.98157848418,-53340.34328549355,3,-12.498434681911021,-53332.2391212089,21086,835026243910.0,4227
3,44076661.3128048,44004241.98925781,-72419.32354699075,-67279.32829401642,1,,-67279.32829401642,21103,835515089340.0,4228
1,3594113.3738714913,3591394.1309814453,-2719.242890045978,-2300.115734537132,5,-2.300917750224471,-2298.8927281349897,21120,835975531250.0,4229
1,9667067.20777158,9663640.843017578,-3426.3647540025413,-2299.0407217778265,5,-1.2259049909189343,-2298.8927281349897,21121,835981603520.0,4229
2,12619777.911251463,12616009.520263672,-3768.390987791121,-2296.7369054388255,5,2.229819517582655,-2298.8927281349897,21122,835984555900.0,4229
2,39086615.00196199,39079758.02770996,-6856.974252030253,-2298.8927281349897,5,-1.0039145266637206,-2298.8927281349897,21123,836011019750.0,4229
3,57047530.89605745,57038589.15283203,-8941.743225418031,-2289.151371449232,5,9.815353507176042,-2298.8927281349897,21124,836028978650.0,4229
3,61810985.62495327,61851509.947021484,40524.32206821442,47732.4036976099,2,8.723440065979958,47728.04197757691,21136,836534620390.0,4230
2,65790913.20551349,65830964.685302734,40051.47978924215,47723.68025754392,2,-8.723440065979958,47728.04197757691,21137,836538599860.0,4230
3,19424600.884422664,19416095.50793457,-8505.376488093287,-6240.178685829043,4,-9.480421394109726,-6235.4384751319885,21150,836993127790.0,4231
2,25075601.708861396,25066433.838012695,-9167.870848700404,-6243.682175826281,4,-12.983911391347647,-6235.4384751319885,21151,836998778150.0,4231
0,59071022.73499368,59057903.47558594,-13119.259407743812,-6230.698264434934,4,9.480421394109726,-6235.4384751319885,21152,837032769750.0,4231
0,70953405.02791576,70938907.91015625,-14497.117759510875,-6222.893846824765,4,17.284839004278183,-6235.4384751319885,21153,837044650800.0,4231
1,9626747.922574421,9651266.120727539,24518.19815311767,25640.820356111974,2,4.484817389398813,25638.577947417274,21162,837484215020.0,4232
2,40547709.679361925,40568617.54797363,20907.868611708283,25636.335538722575,2,-4.484817389398813,25638.577947417274,21163,837515132490.0,4232
1,1483750.5368257575,1490156.2353515625,6405.698525805026,6578.725939604919,4,-2.2740886178798974,6579.862983913859,21176,837976996600.0,4233
1,44846687.245945066,44848029.951293945,1342.705348879099,6572.497095577419,4,-8.502932645380497,6579.862983913859,21177,838020354640.0,4233
3,49106399.15415466,49107253.61657715,854.4624224901199,6581.000028222799,4,2.2740886178798974,6579.862983913859,21178,838024613880.0,4233
3,69425566.65168649,69424065.69848633,-1500.953200161457,6595.101999938488,4,16.376060333568603,6579.862983913859,21179,838044930770.0,4233
2,24805076.7036573,24722518.21838379,-82558.48527351022,-79665.843845848,3,-3.1071510426700115,-79665.843845848,21191,838501102140.0,4234
1,54891354.83265014,54805282.84643555,-86071.98621459305,-79670.83660693467,3,-10.596292672678828,-79665.843845848,21192,838531185020.0,4234
0,62502166.98158656,62415223.66113281,-86943.3204537481,-79654.63678267598,3,13.70344371534884,-79665.843845848,21193,838538794990.0,4234
0,58376724.50524755,58324134.53088379,-52589.97436375916,-45782.37873595953,3,17.11600513011217,-45796.542301893234,21198,839035551630.0,4235
2,59525108.18376963,59472370.127197266,-52738.05657236278,-45796.542301893234,3,-4.129343770444393,-45796.542301893234,21199,839036699870.0,4235
2,78160995.8477278,78106078.66418457,-54917.18354323506,-45802.44718028605,3,-12.986661359667778,-45796.542301893234,21200,839055333650.0,4235
0,24071111.441772144,24006749.39477539,-64362.04699675366,-61554.99685140699,1,,-61554.99685140699,21209,839502063170.0,4236
0,51311905.58897793,51243347.23120117,-68558.35777676105,-62574.62526860088,2,-5.0404360592365265,-62572.10505057126,21236,840531012770.0,4238
0,52656762.22175307,52588052.07409668,-68710.14765638858,-62569.584832541645,2,5.0404360592365265,-62572.10505057126,21237,840532357480.0,4238
2,2441943.786177665,2433675.511352539,-8268.274825125933,-7983.507805684116,4,-10.629959100391716,-7978.19282613392,21249,840983074720.0,4239
0,5609560.025048718,5600943.364379883,-8616.660668835044,-7962.502412714064,4,21.005392970051616,-7978.19282613392,21250,840986242000.0,4239
0,25956535.13620071,25945535.33972168,-10999.796479031444,-7972.877846583724,4,10.629959100391716,-7978.19282613392,21251,841006586670.0,4239
2,71968279.19164169,71951898.89831543,-16380.29332625866,-7987.719969019294,4,-14.842122435569763,-7978.19282613392,21252,841052593210.0,4239
0,35277178.75717677,35305726.55993652,28547.802759751678,32661.647274047136,3,28.417074244469404,32633.905390381813,21265,841516810770.0,4240
1,47634341.492696345,47661419.173950195,27077.68125385046,32632.55500922352,3,-15.221322990953922,32633.905390381813,21266,841529166510.0,4240
2,78192886.5408692,78216401.9909668,23515.450097590685,32633.905390381813,3,-13.195751253515482,32633.905390381813,21267,841559721610.0,4240
0,67286997.37214668,67220954.2833252,-66043.08882148564,-58196.42265443504,1,,-58196.42265443504,21539,852076607520.0,4261
0,53802927.44485074,53758337.92871094,-44589.51613980532,-38315.29337824136,1,,-38315.29337824136,21563,853072752820.0,4263
2,10492158.669083057,10457265.431030273,-34893.238052783534,-33669.69606602006,3,4.893626609817147,-33669.69606602006,21572,853530232510.0,4264
0,36632195.119612604,36594255.19177246,-37939.92784014344,-33668.06823433936,3,7.335374130867422,-33669.69606602006,21573,853556369600.0,4264
3,57335223.05395363,57294855.80175781,-40367.25219582021,-33681.11115092039,3,-12.229000740684569,-33669.69606602006,21574,853577070280.0,4264
2,41779030.09393881,41743418.50390625,-35611.59003256261,-30739.532804071903,2,-3.144690230488777,-30737.96045895666,21590,854062397760.0,4265
3,76746280.56239656,76706594.41479492,-39686.147601634264,-30736.388113841414,2,3.144690230488777,-30737.96045895666,21591,854097361070.0,4265
2,30264191.102590345,30234517.92529297,-29673.177297376096,-26143.92181456089,2,2.117855057120323,-26144.98074208945,21602,854551709680.0,4266
2,38340654.08550697,38310036.95446777,-30617.131039194763,-26146.03966961801,2,-2.117855057120323,-26144.98074208945,21603,854559785230.0,4266
3,35337773.820130095,35244067.70031738,-93706.11981271207,-89585.20901148021,1,,-89585.20901148021,21613,855057617170.0,4267
1,44147417.6945077,44100774.24536133,-46643.44914637506,-41495.20264533907,2,3.558725021779537,-41496.98200784996,21643,856068129720.0,4269
0,64760025.94705511,64710975.20202637,-49050.74502874166,-41498.76137036085,2,-3.558725021779537,-41496.98200784996,21644,856088740000.0,4269
2,30327669.32361062,30270460.592163086,-57208.73144753277,-53672.073458604515,1,,-53672.073458604515,21655,856555114330.0,4270
3,20182726.56025497,20169436.606201172,-13289.954053796828,-10936.34750507027,2,-2.799706470221281,-10934.947651835158,21662,857045836180.0,4271
2,30460832.92739629,30446347.192749023,-14485.734647266567,-10933.547798600048,2,2.799706470221281,-10934.947651835158,21663,857056113130.0,4271
0,28143612.51781951,28167460.970092773,23848.452273264527,27130.41670601815,5,12.9119306281209,27118.362378418446,21671,857554719100.0,4272
1,42768055.634814665,42790184.88964844,22129.25483377278,27116.647172361612,5,-7.7423698566854,27118.362378418446,21672,857569341880.0,4272
1,47146179.64053945,47167798.10083008,21618.46029062569,27116.40710262209,5,-7.98243959620595,27118.362378418446,21673,857573719510.0,4272
1,53289240.500901245,53310144.54406738,20904.04316613823,27118.362378418446,5,-5.169560771435499,27118.362378418446,21674,857579861880.0,4272
3,55039324.37637147,55060037.83288574,20713.456514269114,27131.861574798822,5,14.35679940879345,27118.362378418446,21675,857581611780.0,4272
1,59424492.28921591,59339790.40686035,-84701.88235555589,-77772.10139711946,1,,-77772.10139711946,21689,858086789470.0,4273
0,37223349.368392825,37165444.681640625,-57904.68675220013,-53563.88975545019,2,11.649379439651966,-53569.714445170015,21704,858565448960.0,4274
3,49281670.95769407,49222348.44165039,-59322.516043677926,-53575.53913488984,2,-11.649379439651966,-53569.714445170015,21705,858577505910.0,4274
1,5269719.2373660235,5230754.450805664,-38964.78656035941,-38350.25880218018,5,-21.011669498868287,-38329.44424404204,21720,859034331940.0,4275
0,8192118.011370486,8152833.244140625,-39284.76722986065,-38329.44424404204,5,9.734273698180914,-38329.44424404204,21721,859037254030.0,4275
2,8773201.357379608,8733851.01586914,-39350.34151046723,-38327.25555097684,5,12.12007812410593,-38329.44424404204,21722,859037835050.0,4275
0,29556657.114006877,29514881.317504883,-41775.79650199413,-38329.05002132058,5,10.325607780367136,-38329.44424404204,21723,859058616160.0,4275
1,56570614.010184035,56525667.72692871,-44946.28325532377,-38349.30701415986,5,-20.05988147854805,-38329.44424404204,21724,859085627050.0,4275
3,20329322.993633628,20329313.624267578,-9.36936604976654,2361.332510434091,4,-9.687611050903797,2367.5857736933976,21738,859550304670.0,4276
2,24694922.527806908,24694406.88342285,-515.6443840563297,2364.1514259018004,4,-6.868695583194494,2367.5857736933976,21739,859554669780.0,4276
0,33918362.01886262,33916781.51428223,-1580.5045803934336,2374.8816619589925,4,10.730236057192087,2367.5857736933976,21740,859563892190.0,4276
0,55096984.40937281,55092930.30041504,-4054.1089577674866,2371.020121484995,4,6.868695583194494,2367.5857736933976,21741,859585068420.0,4276
3,21246840.20730224,21196903.096801758,-49937.11050048098,-47459.41245000437,2,8.352604251354933,-47463.58875213005,21748,860052119080.0,4277
2,68202504.22860223,68147083.03564453,-55421.1929576993,-47467.765054255724,2,-8.352604251354933,-47463.58875213005,21749,860099069440.0,4277
0,79767020.69867492,79776733.4864502,9712.787775278091,19014.810558393598,1,,19014.810558393598,21764,860611580160.0,4278
0,2965337.068837144,2901331.272216797,-64005.79662034707,-63659.99414794287,1,,-63659.99414794287,21774,861035610320.0,4279
3,12995427.594942532,12914380.987915039,-81046.60702749342,-79531.14659653418,1,,-79531.14659653418,21788,862047382130.0,4281
0,3670796.0305882795,3628923.8200683594,-41872.2105199201,-41444.141024411656,3,10.03106891270727,-41444.141024411656,21800,862538933630.0,4282
0,66014446.62351747,65965304.75048828,-49141.87302918732,-41443.60523470491,3,10.83475347282365,-41444.141024411656,21801,862601270250.0,4282
1,66963394.77993086,66914121.111694336,-49273.66823652387,-41464.738951943815,3,-20.86582238553092,-41444.141024411656,21802,862602219070.0,4282
2,3885985.387459146,3832324.2305908203,-53661.15686832555,-53207.99308845308,3,2.1760591929778457,-53208.29320088029,21817,863039981960.0,4283
3,27392450.503179356,27336044.09033203,-56406.412847325206,-53212.04509441182,3,-3.9019497451372445,-53208.29320088029,21818,863063485770.0,4283
1,67209157.28696176,67148111.40490723,-61045.882054537535,-53208.29320088029,3,1.7258905521593988,-53208.29320088029,21819,863103297990.0,4283
0,43042067.10658005,43051852.981933594,9785.87535354495,14805.221511274576,2,24.604739144444466,14792.919141702354,21830,863580053480.0,4284
1,49984534.68413581,49993486.35961914,8951.675483331084,14780.616772130132,2,-24.604739144444466,14792.919141702354,21831,863586995140.0,4284
1,64801705.25360537,64807229.916137695,5524.662532322109,13081.50661868602,1,,13081.50661868602,21854,864603501870.0,4286
0,26888542.69060591,26814308.650512695,-74234.04009321332,-71098.4354972057,2,-2.8158595971763134,-71097.02756740712,21863,865066396740.0,4287
0,48397295.63598704,48320556.17077637,-76739.4652106762,-71095.61963760853,2,2.8158595971763134,-71097.02756740712,21864,865087903070.0,4287
0,44180612.740480855,44195539.197265625,14926.456784769893,20078.574322618544,3,6.000018801540136,20075.849037900567,21875,865584618870.0,4288
2,63865252.05252679,63877873.712402344,12621.659875556827,20069.29956973344,3,-7.912110526114702,20075.849037900567,21876,865604301280.0,4288
0,70608516.00968188,70620357.8540039,11841.844322025776,20075.849037900567,3,1.9120917245745659,20075.849037900567,21877,865611043790.0,4288
0,55916442.26189606,55836247.525024414,-80194.73687164485,-73674.0468005538,1,,-73674.0468005538,21886,866097161640.0,4289
2,42853104.40301941,42851984.71948242,-1119.683536991477,3877.6267548128963,1,,3877.6267548128963,21900,866584968240.0,4290
3,67458597.08030492,67445154.26867676,-13442.81162816286,-5576.1343790739775,3,-0.6428929790854454,-5576.1343790739775,21928,867611385250.0,4292
0,74145540.70750055,74131328.6262207,-14212.081279844046,-5565.606798455119,3,15.14847794920206,-5576.1343790739775,21929,867618071450.0,4292
1,79779235.84613007,79764347.02270508,-14888.823424994946,-5585.376173734665,3,-14.505584970116615,-5576.1343790739775,21930,867623704490.0,4292
2,28042867.76899261,27961532.704345703,-81335.06464690715,-78064.84855251014,2,4.829363092780113,-78067.26323405653,21945,868072793510.0,4293
2,75480492.62271902,75393620.79504395,-86871.82767507434,-78069.67791560292,2,-4.829363092780113,-78067.26323405653,21946,868120225780.0,4293
0,33095191.934762415,33093920.296020508,-1271.6387419067323,2587.7536071129143,1,,2587.7536071129143,21954,868578748830.0,4294
3,27918786.09847334,27839513.52709961,-79272.5713737309,-76016.82505037636,3,-7.139573806896806,-76014.20733235776,21970,869074368260.0,4295
0,30943585.574475385,30863971.927856445,-79613.64661893994,-76005.16362078115,3,10.352570585906506,-76014.20733235776,21971,869077392730.0,4295
3,60544352.9983329,60461278.41760254,-83074.58073036373,-76014.20733235776,3,-3.2129967790097,-76014.20733235776,21972,869106990150.0,4295
2,25598309.565237857,25557219.520751953,-41090.04448590428,-38104.900290980935,3,3.159546345472336,-38104.900290980935,21978,869572917830.0,4296
2,31470359.601234227,31428577.003173828,-41782.598060399294,-38112.68536415696,3,-8.51806341856718,-38104.900290980935,21979,869578789210.0,4296
0,55913327.03270591,55868703.271606445,-44623.76109946519,-38103.43431049585,3,5.358517073094845,-38104.900290980935,21980,869603229430.0,4296
3,34224930.192494825,34155033.71386719,-69896.47862763703,-65905.34196975082,1,,-65905.34196975082,21989,870082366750.0,4297
2,46711562.807528004,46710954.79284668,-608.0146813243628,4839.24933411181,2,13.57494554668665,4832.461861338466,21996,870595756640.0,4298
1,64841201.04661374,64838465.271118164,-2735.7754955738783,4825.674388565123,2,-13.57494554668665,4832.461861338466,21997,870613884220.0,4298
1,36356484.41509022,36356564.94665527,80.53156505525112,4320.239195860922,2,-8.824227340519428,4324.651309531182,22018,871587075940.0,4300
1,63980060.98301295,63976929.01831055,-3131.9647024050355,4329.063423201442,2,8.824227340519428,4324.651309531182,22019,871614696410.0,4300
1,17120688.168427996,17048922.088867188,-71766.07956080884,-69769.55229916051,2,3.052194442600012,-69771.07839638181,22028,872068638240.0,4301
2,67552898.97491527,67475248.69616699,-77650.27874827385,-69772.60449360311,2,-3.052194442600012,-69771.07839638181,22029,872119064760.0,4301
1,7693833.1531312205,7644893.368896484,-48939.784234736115,-48042.56868559029,2,-18.648881970904768,-48033.24424460484,22040,872560072960.0,4302
0,69089828.75631376,69033747.93334961,-56080.82296414673,-48023.919803619385,2,18.648881970904768,-48033.24424460484,22041,872621462050.0,4302
2,14186991.28636869,14109471.773803711,-77519.5125649795,-75865.09805866145,4,5.334128404036164,-75867.76512286346,22051,873067380700.0,4303
2,29265737.204366826,29186453.951293945,-79283.25307288021,-75870.43218706548,4,-5.334128404036164,-75867.76512286346,22052,873082457740.0,4303
2,42172183.41477847,42091394.458862305,-80788.9559161663,-75871.05115424842,4,-5.9530955869704485,-75867.76512286346,22053,873095362730.0,4303
0,61501006.41849287,61417970.33850098,-83036.07999189198,-75864.14655525982,4,6.2856318056583405,-75867.76512286346,22054,873114689380.0,4303
3,24236491.702812333,24239262.142700195,2770.4398878626525,5596.775835070759,3,-5.796447919681668,5596.775835070759,22065,873578348290.0,4304
1,25682831.287621863,25685426.596435547,2595.3088136836886,5590.309500429779,3,-15.495949881151319,5596.775835070759,22066,873579794460.0,4304
0,50400694.44719741,50400431.810546875,-262.63665053248405,5614.835065551102,3,21.292397800832987,5596.775835070759,22067,873604509560.0,4304
1,3876129.7017774605,3759907.679321289,-116222.02245617146,-115770.00799605483,2,-22.021246457938105,-115758.99737282586,22079,874058764730.0,4305
0,34527944.59795052,34408170.138549805,-119774.45940071344,-115747.9867495969,2,22.021246457938105,-115758.99737282586,22080,874089413110.0,4305
3,17002910.002355188,16997538.239135742,-5371.763219445944,-3388.970646329224,1,,-3388.970646329224,22094,874572811500.0,4306
0,24468002.99636451,24391756.77331543,-76246.22304908186,-73392.88943656906,4,15.393712494522333,-73406.57767568156,22105,875081128500.0,4307
2,34329880.61452206,34252468.95593262,-77411.65858944505,-73408.28314906359,4,-3.410946764051914,-73406.57767568156,22106,875090989250.0,4307
0,52800190.2886828,52720628.12780762,-79562.16087518632,-73404.87220229954,4,3.410946764051914,-73406.57767568156,22107,875109457480.0,4307
2,67312608.16011441,67231332.47705078,-81275.68306362629,-73426.03029720485,4,-21.15809490531683,-73406.57767568156,22108,875123968240.0,4307
3,40402682.46591908,40430190.68383789,27508.21791881323,32219.772512488067,3,6.548062939196825,32214.795401133597,22124,875597952020.0,4308
1,65068019.20446815,65092646.099609375,24626.895141221583,32214.795401133597,3,-0.9176040925085545,32214.795401133597,22125,875622614570.0,4308
1,70952936.04843958,70976873.53271484,23937.484275266528,32211.653497964144,3,-5.630458846688271,32214.795401133597,22126,875628498820.0,4308
1,77655117.28249386,77600140.09057617,-54977.191917687654,-45921.44853076339,1,,-45921.44853076339,22145,876636922050.0,4310
0,15693193.784378817,15624778.828735352,-68414.95564346574,-66584.89549024217,4,27.038463966920972,-66607.33220145106,22155,877075827220.0,4311
2,35071227.07758272,35000534.51965332,-70692.55792939663,-66602.73044869304,4,9.203505516052246,-66607.33220145106,22156,877095203050.0,4311
1,47648614.76136989,47576446.28918457,-72168.47218532115,-66611.93395420909,4,-9.203505516052246,-66607.33220145106,22157,877107779010.0,4311
1,72863410.37932107,72788289.59790039,-75120.7814206779,-66623.82243353128,4,-21.0919848382473,-66607.33220145106,22158,877132990950.0,4311
2,32482385.240423944,32493729.416625977,11344.176202032715,15132.106162432581,3,12.909823525696993,15124.381063565612,22168,877593517100.0,4312
1,54384993.51535705,54393765.42663574,8771.911278694868,15114.011614248157,3,-14.231998750939965,15124.381063565612,22169,877615417220.0,4312
2,70473197.57653959,70480103.73303223,6906.156492635608,15124.381063565612,3,1.3221752252429724,15124.381063565612,22170,877631503620.0,4312
3,40773752.19185987,40672235.02636719,-101517.16549268365,-96762.33864169568,3,1.7711117714643478,-96762.33864169568,22181,878102596630.0,4313
0,64726918.10137437,64622613.1730957,-104304.92827866971,-96756.80548825115,3,10.070841938257217,-96762.33864169568,22182,878126547100.0,4313
2,65561816.86999938,65457399.97155762,-104416.89844176173,-96771.41401868314,3,-11.841953709721565,-96762.33864169568,22183,878127381890.0,4313
0,20245315.742425703,20267506.817871094,22191.075445391238,24551.98082505539,4,17.139782961457968,24542.011378657073,22193,878582946640.0,4314
0,36299339.11741584,36319655.255493164,20316.13807732612,24549.181715220213,4,14.340673126280308,24542.011378657073,22194,878598998850.0,4314
2,37906314.69314635,37926429.09326172,20114.40011537075,24534.841042093933,4,-14.340673126280308,24542.011378657073,22195,878600605630.0,4314
2,58341690.29396388,58359410.72961426,17720.435650378466,24523.94576729089,4,-25.23594792932272,24542.011378657073,22196,878621038690.0,4314
2,36518375.74180877,36427883.665771484,-90492.07603728771,-86233.4894663319,2,7.18278294801712,-86237.08085780591,22211,879100047240.0,4315
1,55485782.07232386,55393070.931396484,-92711.14092737436,-86240.67224927992,2,-7.18278294801712,-86237.08085780591,22212,879119012500.0,4315
1,8487229.14099735,8437194.270751953,-50034.87024539709,-49045.13290603645,1,,-49045.13290603645,22224,879572884220.0,4316
3,8280562.821671661,8211458.373291016,-69104.44838064536,-68138.81141251605,1,,-68138.81141251605,22238,880073491380.0,4317
2,48842464.44128586,48826983.79711914,-15480.644166722894,-9784.88527994603,2,1.8501848503947258,-9785.810372371227,22250,880614951990.0,4318
3,55306485.30499059,55290249.009521484,-16236.295469105244,-9786.735464796424,2,-1.8501848503947258,-9785.810372371227,22251,880621415280.0,4318
3,5995005.659146925,5887517.517944336,-107488.1412025895,-106789.03424412664,5,23.261675507761538,-106810.47664894164,22265,881072896200.0,4319
3,36029842.11850252,35918842.34326172,-110999.77524080127,-106798.1589672789,5,14.136952355504036,-106810.47664894164,22266,881102927640.0,4319
1,57657197.2120315,57543659.40881348,-113537.80321802199,-106814.11519032717,5,-9.797382216900587,-106810.47664894164,22267,881124552540.0,4319
3,60397072.5771777,60283218.90222168,-113853.6749560237,-106810.47664894164,5,-4.339570138603449,-106810.47664894164,22268,881127292110.0,4319
1,79091303.77389468,78975257.21533203,-116046.55856265128,-106823.33443811536,5,-19.01663000509143,-106810.47664894164,22269,881145984220.0,4319
0,35381497.13397908,35292700.03942871,-88797.09455037117,-84671.08495946229,2,-65.98455806076527,-84638.0926804319,22547,892121645900.0,4341
0,79595797.6463826,79501910.49035645,-93887.15602615476,-84605.10040140152,2,65.98455806076527,-84638.0926804319,22548,892165855280.0,4341
1,31360215.68151985,31350388.415161133,-9827.266358718276,-6170.198084164411,2,-32.26972306892276,-6154.063222629949,22561,892618531350.0,4342
0,56769169.03832416,56756410.97924805,-12758.059076115489,-6137.928361095488,2,32.26972306892276,-6154.063222629949,22562,892643937470.0,4342
1,19088419.21441588,18966448.895874023,-121970.31854185835,-119744.32452991232,5,-3.114256702363491,-119744.32452991232,22573,893107045540.0,4343
2,21062011.794009015,20939821.32775879,-122190.4662502259,-119734.3219458498,5,10.450829898938537,-119744.32452991232,22574,893109018920.0,4343
2,32698527.03991672,32574976.705078125,-123550.33483859524,-119737.19952483475,5,7.573250913992524,-119744.32452991232,22575,893120654120.0,4343
1,51219773.891242065,51094055.681640625,-125718.20960143954,-119745.22102158517,5,-4.458994211629033,-119744.32452991232,22577,893139173270.0,4343
1,67320983.94841376,67193373.93823242,-127610.0101813376,-119759.3806732446,5,-18.618645871058106,-119744.32452991232,22578,893155272650.0,4343
2,5311388.8032630645,5326336.633056641,14947.829793576151,15567.216843827628,1,,15567.216843827628,22588,893594189120.0,4344
3,34606745.46172214,34522117.634521484,-84627.82720065862,-80592.16519504786,1,,-80592.16519504786,22603,894124287030.0,4345
3,45976957.11567068,45975796.96435547,-1160.1513152122498,4201.446734234691,2,18.620857894420624,4192.13630528748,22621,894636568530.0,4346
1,77706444.19413072,77701565.2911377,-4878.9029930233955,4182.82587634027,2,-18.620857894420624,4192.13630528748,22623,894668294420.0,4346
2,23209004.7235715,23117161.606323242,-91843.11724825948,-89136.60158776492,3,4.877126768231392,-89141.37816424668,22633,895114610800.0,4347
1,34691264.672664694,34598077.57519531,-93187.09746938199,-89141.57926481962,3,-2.5893888138234615,-89141.37816424668,22634,895126091760.0,4347
3,75678036.96761303,75580070.40307617,-97966.56453685462,-89141.37816424668,3,-2.2877379544079304,-89141.37816424668,22635,895167073910.0,4347
0,50476448.154014975,50433994.09753418,-42454.056480795145,-36567.750754110515,2,20.13280338793993,-36577.817155804485,22646,895642755770.0,4348
3,74023623.94187546,73978403.80114746,-45220.140727996826,-36587.883557498455,2,-20.13280338793993,-36577.817155804485,22647,895666300270.0,4348
2,2910671.4153029183,2885123.6267089844,-25547.788593933918,-25208.360951004084,2,-14.20205415552482,-25201.25992392632,22656,896096056510.0,4349
0,79935124.04553223,79900608.26049805,-34515.78503417969,-25194.15889684856,2,14.20205415552482,-25201.25992392632,22657,896173072290.0,4349
3,7396479.188575188,7383879.398925781,-12599.789649406448,-11737.250001763925,2,3.3430798519402742,-11738.921541689895,22669,896601443220.0,4350
1,42279036.59315932,42262365.634643555,-16670.958515763283,-11740.593081615865,2,-3.3430798519402742,-11738.921541689895,22670,896636321840.0,4350
0,2921029.7486149534,2831173.903564453,-89855.84505050024,-89515.20947161363,1,,-89515.20947161363,22683,897097773570.0,4351
0,780223.0612608966,696194.3894042969,-84028.67185659974,-83937.6862258442,5,21.373838713974692,-83958.66534536332,22705,898097350200.0,4353
1,2730874.8247678243,2646596.909301758,-84277.91546606645,-83959.45478375303,5,-4.481164537835866,-83958.66534536332,22706,898099300610.0,4353
2,31055089.953557115,30967508.294311523,-87581.65924559161,-83960.1731759198,5,-5.199556704610586,-83958.66534536332,22707,898127621630.0,4353
3,37406804.79335526,37318483.93737793,-88320.85597732663,-83958.66534536332,5,-3.297006953274831,-83958.66534536332,22708,898133972630.0,4353
0,38783312.65265867,38694838.65881348,-88473.99384519458,-83951.28189306706,5,7.778171491110697,-83958.66534536332,22709,898135348990.0,4353
1,41556185.44435738,41493711.17626953,-62474.26808784902,-57628.19786488265,1,,-57628.19786488265,22718,898638976930.0,4354
2,20613502.718119442,20539978.743286133,-73523.97483330965,-71120.13336795196,1,,-71120.13336795196,22728,899118863950.0,4355
1,59681117.1849041,59673923.853271484,-7193.331632614136,-233.62438878417015,2,-7.397534161806107,-229.9256217032671,22739,899658841950.0,4356
3,63363925.1350756,63356309.73071289,-7615.40436270833,-226.22685462236404,2,7.397534161806107,-229.9256217032671,22740,899662524350.0,4356
2,52930602.407690726,52804635.14709473,-125967.26059599966,-119794.76392748207,1,,-119794.76392748207,22752,900152880540.0,4357
