arm,tof,off,u,v,n_b,res,delta_b,eventId,t_dream_ns,bunch
1,56783639.2294983,56823296.88653946,39657.65704116225,46255.70734155923,2,6.298907287418842,46252.55788791552,23,896892560.0,2117
1,57270919.517405346,57310514.25535965,39594.73795430362,46249.40843427181,2,-6.298907287418842,46252.55788791552,24,897379780.0,2117
0,40619422.759050995,40679096.49629688,59673.73724588752,64393.56496693194,1,,64393.56496693194,55,1881707790.0,2118
2,4180650.6722578676,4237405.382379532,56754.71012166422,57240.48637338448,3,16.454903890378773,57236.399325594306,75,2846288140.0,2119
0,70480780.5837376,70529827.37524986,49046.7915122658,57236.399325594306,3,10.324332205113024,57236.399325594306,76,2912580920.0,2119
1,72887722.00034261,72936464.37839127,48742.37804865837,57211.6636133939,3,-26.779236095491797,57236.399325594306,77,2914987570.0,2119
2,74780583.4094828,74852908.49035454,72325.08087173104,81014.30997933447,2,3.6243440359830856,81012.49780731648,100,3917856630.0,2120
3,75335458.51208267,75407715.4941616,72256.98207893968,81010.68563529849,2,-3.6243440359830856,81012.49780731648,101,3918411440.0,2120
3,29152576.784494914,29208813.143821716,56236.359326802194,59623.781665705144,2,6.430529788136482,59620.566400811076,130,4873221470.0,2121
3,61597748.0274854,61650207.94656181,52459.919076412916,59617.35113591701,2,-6.430529788136482,59620.566400811076,131,4905663040.0,2121
1,5039476.891967012,5046456.144695282,6979.252728270367,7564.821432074532,3,-10.20508579351008,7566.38232691586,178,6851039970.0,2123
2,29934093.568236955,29938181.718845367,4088.1506084129214,7566.38232691586,3,-7.8637435315176845,7566.38232691586,179,6875931830.0,2123
0,79993672.70747972,79991961.40725327,-1711.3002264499664,7583.670708820224,3,18.068829325027764,7566.38232691586,180,6925985880.0,2123
2,51678550.42845987,51702590.81206322,24040.383603349328,30045.241337113082,2,-16.259151816368103,30053.370913021266,201,7898617730.0,2124
0,55796390.411606066,55819968.576480865,23578.16487479955,30061.50048892945,2,16.259151816368103,30053.370913021266,202,7902735130.0,2124
3,48814253.08093335,48785330.834524155,-28922.24640919268,-23250.209506049752,2,20.665146097540855,-23260.542079098523,223,8896688900.0,2125
1,70023833.69414917,69992426.30723381,-31407.38691535592,-23270.874652147293,2,-20.665146097540855,-23260.542079098523,224,8917896110.0,2125
2,63155394.5284713,63110432.1957798,-44962.3326914981,-37623.907830141485,2,-17.894954465329647,-37614.96035290882,244,9911918300.0,2126
0,68475376.0689208,68429813.46887016,-45562.60005064309,-37606.012875676155,2,17.894954465329647,-37614.96035290882,245,9917237710.0,2126
1,40086764.90450946,40129931.10741043,43166.20290096849,47824.13773588091,1,,47824.13773588091,268,10889826280.0,2127
3,46356452.77448177,46419375.56737518,62922.79289340973,68309.24242895097,1,,68309.24242895097,285,11897075020.0,2128
3,16341404.92257807,16330054.070552826,-11350.852025244385,-9452.040798606351,3,8.512490650638938,-9459.68742299825,317,12868022110.0,2129
2,35610439.24314627,35596840.02175522,-13599.221391052008,-9461.41915551573,3,-5.555044713430107,-9459.68742299825,318,12887289000.0,2129
3,40505689.88819638,40491523.588394165,-14166.299802213907,-9459.68742299825,3,-2.9574459372088313,-9459.68742299825,319,12892183710.0,2129
1,28607014.73819717,28585886.530700684,-21128.207496486604,-17804.17746340111,1,,-17804.17746340111,345,13881196310.0,2130
2,3815466.7045832453,3859430.7481803894,43964.043597144075,44407.38681321684,2,-12.295295017771423,44413.53446072573,376,14857381110.0,2131
0,29896334.07885579,29937279.91675949,40945.83790370077,44419.682108234614,2,12.295295017771423,44413.53446072573,377,14883459100.0,2131
2,12995002.096855097,13030657.379859924,35655.2830048278,37165.25451514684,3,9.153131771832705,37161.60556580871,400,15867560800.0,2132
1,30644512.258750834,30678102.07619095,33589.817440114915,37150.597200941294,3,-12.832839536480606,37161.60556580871,401,15885208340.0,2132
3,58565244.77063738,58595601.30988312,30356.53924573958,37161.60556580871,3,3.679707764647901,37161.60556580871,402,15913125990.0,2132
1,11669028.970723465,11679977.07761383,10948.106890365481,12304.005194002762,5,-10.081499561667442,12313.174844760448,420,16867173470.0,2133
3,26038701.910936117,26047989.484264374,9287.573328256607,12313.174844760448,5,3.672976574860513,12313.174844760448,421,16881541560.0,2133
3,45344420.91747175,45351455.23738098,7034.319909229875,12303.175060391426,5,-10.911633173003793,12313.174844760448,422,16900845130.0,2133
0,52514038.30542367,52520256.522823334,6218.217399664223,12320.15575581044,5,11.565736428834498,12313.174844760448,423,16908013970.0,2133
0,74251361.8827121,74255049.14574432,3687.2630322277546,12314.998542368412,5,6.408522986806929,12313.174844760448,424,16929748880.0,2133
1,17217872.458474383,17178705.90455246,-39166.55392192304,-37165.9003870599,2,-0.2939927875995636,-37165.7533906661,443,17873613570.0,2134
2,28876093.85496988,28835572.952537537,-40520.902432344854,-37165.6063942723,2,0.2939927875995636,-37165.7533906661,444,17885270500.0,2134
3,2345047.4902557046,2431644.1641044617,86596.67384875705,86869.1597532793,3,9.7782744015567,86869.1597532793,470,18859789850.0,2135
0,14806084.870899964,14891236.877029419,85152.00612945482,86872.41880563647,3,14.666852937312797,86869.1597532793,471,18872249510.0,2135
1,19557947.435585745,19642521.218086243,84573.782500498,86846.34415211901,3,-24.445127338869497,86869.1597532793,472,18877000820.0,2135
2,11770087.787429744,11748109.541381836,-21978.24604790844,-20610.605080980808,3,10.279777493327856,-20619.430076502264,495,19870201820.0,2136
2,31561702.364295058,31537412.670772552,-24289.693522505462,-20622.339640446007,3,-7.322061704471707,-20619.430076502264,496,19889991230.0,2136
2,56039401.498867825,56012270.49618149,-27131.002686336637,-20619.430076502264,3,-2.9577157888561487,-20619.430076502264,497,19914466220.0,2136
3,2722854.573579092,2768439.0580863953,45584.48450730322,45900.87020714395,2,16.58078565541655,45892.57981431624,545,21863108880.0,2138
1,4906543.099568492,4951857.266704559,45314.167136067525,45884.28942148853,2,-16.58078565541655,45892.57981431624,546,21865292310.0,2138
2,60249316.808594264,60232962.398887634,-16354.409706629813,-9353.660401694477,1,,-9353.660401694477,576,22921672240.0,2139
1,64141739.94780671,64230931.271118164,89191.32331145555,96644.35788749158,1,,96644.35788749158,604,23926622580.0,2140
2,22595522.98171535,22555026.283153534,-40496.69856181741,-37871.18178937957,1,,-37871.18178937957,631,24885994800.0,2141
2,17601531.52730219,17642551.404125214,41019.87682302296,43065.1101324223,3,1.0346857141703367,43065.1101324223,660,25882010840.0,2142
0,32625174.747203737,32664450.279514313,39275.53231057525,43066.45777717605,3,3.056152844801545,43065.1101324223,661,25897032820.0,2142
2,40381448.88015771,40419818.3972435,38369.517085790634,43061.6931162402,3,-4.090838558971882,43065.1101324223,662,25904788230.0,2142
3,1273513.0210305846,1289032.6348953247,15519.613864740124,15667.591399906669,1,,15667.591399906669,713,27867563980.0,2144
1,43077335.304553285,43126167.20800781,48831.90345452726,53837.33158493787,1,,53837.33158493787,739,28910344730.0,2145
0,3720690.3101254655,3742910.0599746704,22219.749849204905,22652.080396375153,3,19.479021633509547,22637.652054268867,765,29871968650.0,2146
1,18998797.601254303,19019217.561454773,20419.96020046994,22627.55069521442,3,-17.31553010758944,22637.652054268867,766,29887245040.0,2146
3,26549834.128494307,26569386.787345886,19552.65885157883,22637.652054268867,3,-2.163491525920108,22637.652054268867,767,29894795250.0,2146
3,52682423.32158191,52765773.93494415,83350.61336224526,89472.11743875593,1,,89472.11743875593,796,30921915200.0,2147
1,35625706.08911005,35734808.1124115,109102.0233014524,113241.59948840737,2,-3.6777377277612686,113243.43835727125,812,31905884620.0,2148
3,56833182.126128495,56939823.59635162,106641.4702231288,113245.27722613513,2,3.6777377277612686,113243.43835727125,813,31927089750.0,2148
3,44535184.753049426,44564576.29087067,29391.537821240723,34566.36270258576,1,,34566.36270258576,837,32915777890.0,2149
1,11887766.451188318,11918656.936706543,30890.485518224537,32271.800313623622,2,-5.582297803834081,32274.59146252554,858,33884106160.0,2150
3,22967688.48579401,22997297.10736847,29608.621574457735,32277.382611427456,2,5.582297803834081,32274.59146252554,859,33895184860.0,2150
1,35127193.19686285,35096120.242614746,-31072.95424810052,-26991.30342808366,4,-10.50708632171154,-26986.049884922802,882,34908234050.0,2151
3,35582184.41942312,35551057.78575897,-31126.633664146066,-26992.114535346627,4,-11.318193584680557,-26986.049884922802,883,34908688990.0,2151
0,39588452.65831959,39556876.152648926,-31576.505670666695,-26976.472888357937,4,14.830539725720882,-26986.049884922802,884,34912694830.0,2151
0,58282538.22162671,58248785.20842743,-33753.01319927722,-26980.796341761947,4,10.50708632171154,-26986.049884922802,885,34931386840.0,2151
2,3918729.6613310054,3936523.276435852,17793.615104846656,18248.95709718764,3,13.33277533063665,18236.66608567536,903,35877971850.0,2152
1,5932397.14332104,5949942.403121948,17545.259800908156,18234.582558038644,3,-8.229033392854035,18236.66608567536,904,35879985280.0,2152
0,78340287.60287213,78349421.41529846,9133.812426328659,18236.66608567536,3,-5.103741937782615,18236.66608567536,905,35952385150.0,2152
3,7670743.671824146,7700725.351661682,29981.679837536067,30872.992075971328,3,-25.235676932148635,30887.149441797286,931,36882699430.0,2153
0,8998886.668012485,9028728.179878235,29841.511865749955,30887.149441797286,3,-3.9996281932108104,30887.149441797286,932,36884027440.0,2153
3,45925465.84815676,45951038.78378296,25572.93562620133,30909.306064009666,3,29.235305125359446,30887.149441797286,933,36920949950.0,2153
0,18070720.299695253,18105433.77547455,34713.47577929497,36813.22710062191,4,14.391191121190786,36802.712675560266,949,37894028640.0,2154
2,19542247.73109923,19576775.829605103,34528.09850587323,36798.83590950072,4,-7.7535321190953255,36802.712675560266,950,37895499990.0,2154
1,35225025.17269835,35251661.1785965,26636.00589814782,30729.024434402585,4,-6077.565007217228,36802.712675560266,951,37911174960.0,2154
0,41700365.02005933,41732326.180259705,31961.16020037234,36806.58944161981,4,7.7535321190953255,36802.712675560266,952,37917655660.0,2154
3,2873736.285028518,2834168.525856018,-39567.75917250011,-39233.84157200856,3,6.969644434284419,-39238.92621081509,975,38879743690.0,2155
2,16260694.59823842,16219566.23904419,-41128.35919423029,-39238.92621081509,3,-0.6573137755040079,-39238.92621081509,976,38893129160.0,2155
0,18497136.15823483,18455744.162734985,-41391.995499845594,-39242.696222070605,3,-6.312330658780411,-39238.92621081509,977,38895365350.0,2155
0,28703153.11871869,28652533.98590088,-50619.132817812264,-47283.93185804412,1,,-47283.93185804412,1001,39906435440.0,2156
2,73707792.82557881,73706401.40850067,-1391.4170781373978,7173.157704204321,1,,7173.157704204321,1024,40952391980.0,2157
1,59873990.142969765,59849514.63952637,-24475.50344339758,-17518.365718357265,2,-13.544714011251926,-17511.59336135164,1038,41939499400.0,2158
0,77729894.97050384,77703358.22122192,-26536.749281913042,-17504.821004346013,2,13.544714011251926,-17511.59336135164,1039,41957353340.0,2158
1,25301475.543286644,25267419.54660034,-34055.996686302125,-31116.05816573277,4,-17.7820614092052,-31100.330574316904,1069,42905927580.0,2159
2,25942292.870427113,25908176.086242676,-34116.784184437245,-31102.385044310242,4,-4.108939986675978,-31100.330574316904,1070,42906568340.0,2159
0,35721612.27613752,35686363.2798996,-35248.996237926185,-31098.276104323566,4,4.108939986675978,-31100.330574316904,1071,42916346580.0,2159
2,67246313.54874304,67207413.05288696,-38900.49585607648,-31086.721231356263,4,15.663812953978777,-31100.330574316904,1072,42947867800.0,2159
2,15533688.306419503,15584098.27040863,50409.96398912743,52214.92151187733,2,1.649838913232088,52214.09659242071,1094,43897202700.0,2160
2,51520657.18758156,51566883.948135376,46226.76055381447,52213.271672964096,2,-1.649838913232088,52214.09659242071,1095,43933185680.0,2160
1,25404689.27191575,25418873.086387634,14183.814471885562,17135.746048595756,1,,17135.746048595756,1125,44908088950.0,2161
1,71286958.43190964,71295426.1350708,8467.703161165118,16750.985879182816,1,,16750.985879182816,1175,46955893490.0,2163
2,46237241.41558261,46287863.71442413,50622.298841521144,55994.896455042064,1,,55994.896455042064,1204,47931826110.0,2164
2,2494116.545948633,2584201.7905654907,90085.24461685773,90375.05179809034,2,10.948530677706003,90369.57753275149,1238,48889149570.0,2165
3,14526420.632093146,14615096.818641663,88676.18654851615,90364.10326741263,2,-10.948530677706003,90369.57753275149,1239,48901180530.0,2165
1,46530685.97509478,46490930.6837616,-39755.291333183646,-34348.59653972834,2,-5.150673560798168,-34346.021202947944,1270,49934093110.0,2166
3,50810284.98912089,50770037.574775696,-40247.41434519738,-34343.445866167545,2,5.150673560798168,-34346.021202947944,1271,49938372240.0,2166
2,17837176.438695703,17900689.551651,63513.112955298275,65585.72733782977,3,8.268829325214028,65580.74927242845,1291,50906454040.0,2167
1,21858063.49868934,21921097.839744568,63034.341055229306,65574.16774458066,3,-9.070560548454523,65580.74927242845,1292,50910474470.0,2167
0,55308353.09317904,55367507.21498108,59154.121802039444,65580.74927242845,3,0.8017312232404947,65580.74927242845,1293,50943921060.0,2167
1,15814224.969319794,15774579.134284973,-39645.83503482118,-37808.28018231131,3,-10.108848189935088,-37801.109438069165,1310,51905347340.0,2168
0,43447943.64246614,43405099.917778015,-42843.72468812764,-37795.23323017359,3,9.46158001665026,-37801.109438069165,1311,51932978010.0,2168
0,55965956.471102685,55921652.32309723,-44304.14800545573,-37801.109438069165,3,0.6472681732848287,-37801.109438069165,1312,51945494630.0,2168
0,28022810.405503392,28076947.462013245,54137.05650985241,57393.20414538309,4,16.47583892568946,57377.74434128404,1333,52918546060.0,2169
3,32489069.695382994,32542673.345199585,53603.64981659129,57378.76037611067,4,2.032069653272629,57377.74434128404,1334,52923011810.0,2169
2,55134745.233361185,55185711.06321716,50965.82985597849,57372.28473075479,4,-6.4756453558802605,57377.74434128404,1335,52945654970.0,2169
3,61471762.90933432,61521996.84458923,50233.93525491655,57376.7283064574,4,-2.032069653272629,57377.74434128404,1336,52951991290.0,2169
1,2641832.7005538256,2646774.9750595093,4942.274505683687,5249.24576148903,3,-4.870649798307568,5253.106353484094,1375,54895158690.0,2171
2,26558108.680352986,26560275.83203125,2167.151678264141,5253.106353484094,3,0.9202381942886859,5253.106353484094,1376,54919072320.0,2171
0,53016718.18237981,53015812.9609375,-905.2214423120022,5255.126469090581,3,3.950411604018882,5253.106353484094,1377,54945528000.0,2171
0,9731217.191308118,9662485.111953735,-68732.07935438305,-67601.3476615306,5,-5.363902035169303,-67599.63073087484,1399,55903207940.0,2172
0,15117734.987873375,15048386.025810242,-69348.96206313372,-67592.33678811602,5,8.152408086694777,-67599.63073087484,1400,55908593870.0,2172
0,15392012.728747986,15322634.544754028,-69378.18399395794,-67589.68865292892,5,10.800543273799121,-67599.63073087484,1401,55908868120.0,2172
3,21855928.850357883,21785789.640975952,-70139.20938193053,-67599.63073087484,5,-2.7885060515254736,-67599.63073087484,1402,55915331310.0,2172
3,28049869.96096328,27978996.19504547,-70873.76591780782,-67614.47406132892,5,-18.490301833488047,-67599.63073087484,1403,55921524550.0,2172
0,9574478.60586007,9514401.831596375,-60076.77426369488,-58964.25501873717,2,29.39243194833398,-58978.951234711334,1446,57904780490.0,2174
2,70766857.90181594,70699641.4054184,-67216.49639753997,-58993.6474506855,2,-29.39243194833398,-58978.951234711334,1447,57965966060.0,2174
0,19210495.711695075,19247524.75997162,37029.04827654362,39261.237314112484,3,13.830910621210933,39254.958615005016,1497,59916313660.0,2176
2,29893550.740375094,29929317.073776245,35766.333401151,39239.85419197753,3,-18.243772581219673,39254.958615005016,1498,59926995510.0,2176
3,71212043.58154522,71243023.96227264,30980.380727425218,39254.958615005016,3,4.41286196000874,39254.958615005016,1499,59968309440.0,2176
3,57582953.456964806,57612505.777267456,29552.320302650332,36243.24798022956,1,,36243.24798022956,1522,60955679070.0,2177
3,62889060.58344624,62858179.575408936,-30881.00803730637,-23573.530202060938,1,,-23573.530202060938,1548,61961939330.0,2178
0,8512636.867208386,8546915.579956055,34278.71274766885,35267.84988296032,1,,35267.84988296032,1574,62908536090.0,2179
2,27151765.504181333,27208823.340896606,57057.83671527356,60212.77213279903,1,,60212.77213279903,1600,63928135600.0,2180
2,34131734.85687987,34108310.12756348,-23424.72931639105,-19458.74709895253,4,8.069116339087486,-19462.781657122076,1613,64936064530.0,2181
3,55168193.36174924,55142326.5349884,-25866.826760835946,-19456.48533640057,4,10.330878891050816,-19462.781657122076,1614,64957098660.0,2181
2,57588851.8932435,57562693.463974,-26158.429269500077,-19466.81621529162,4,-8.069116339087486,-19462.781657122076,1615,64959519040.0,2181
2,66917046.058971226,66889803.09364319,-27242.96532803774,-19467.450376160443,4,-8.703277207911015,-19462.781657122076,1616,64968846200.0,2181
3,24305775.657232184,24344673.36668396,38897.709451776,41721.95130299777,1,,41721.95130299777,1641,65927244230.0,2182
0,5745412.343075475,5790084.073562622,44671.730487147346,45339.32629732322,2,24.238522644154727,45327.20703600114,1688,67910672320.0,2184
3,40351610.82847441,40392237.20729065,40626.378816239536,45315.087774679065,2,-24.238522644154727,45327.20703600114,1689,67945274660.0,2184
2,25475404.516854785,25486666.9238739,11262.407019115984,14222.555447537452,5,10.955724019557238,14212.808593653142,1753,70933257290.0,2187
1,41897666.211147115,41907008.24708557,9342.035938456655,14210.390853382647,5,-7.29116721265018,14212.808593653142,1754,70949677720.0,2187
1,43151206.34712914,43160401.47822571,9195.131096571684,14209.142770789564,5,-8.539249805733562,14212.808593653142,1755,70950931120.0,2187
0,46875435.983912006,46884221.36802673,8785.384114727378,14232.137592867017,5,20.537869349122047,14212.808593653142,1756,70954654960.0,2187
1,65255711.783810824,65262342.118392944,6630.33458212018,14212.808593653142,5,-3.6645568069070578,14212.808593653142,1757,70973033180.0,2187
0,71096116.49078736,71063119.12060547,-32997.37018188834,-24736.262596428394,1,,-24736.262596428394,1779,71979811170.0,2188
3,40783483.000419,40821867.14657593,38384.14615692943,43123.0370753929,3,0.91893395408988,43123.0370753929,1805,72950476280.0,2189
3,47357806.63495809,47395431.64654541,37625.01158732176,43127.81476327032,3,8.085465770214796,43123.0370753929,1806,72957049880.0,2189
1,52282463.66318761,52319505.05447388,37041.39128626883,43116.421519607306,3,-9.004399724304676,43123.0370753929,1807,72961973980.0,2189
3,3865395.780560095,3900717.020111084,35321.23955098912,35770.38434229093,3,-3.743553917389363,35772.892048329115,1834,73914503440.0,2190
3,53543277.40979498,53572828.76968384,29551.359888859093,35772.892048329115,3,0.01800513989292085,35772.892048329115,1835,73964175820.0,2190
3,65707342.674330145,65735483.08621216,28140.411882013083,35775.36374408752,3,3.725548777496442,35772.892048329115,1836,73976338540.0,2190
3,33142895.83603411,33138791.380477905,-4104.455556206405,-253.37280078232288,3,10.740258306264877,-263.552685379982,1857,74944731910.0,2191
1,60109563.82924444,60102315.76603699,-7248.063207454979,-263.552685379982,3,-4.529568590223789,-263.552685379982,1858,74971695580.0,2191
1,73118156.25692007,73109395.52230835,-8760.734611719847,-264.6734327971935,3,-6.210689716041088,-263.552685379982,1859,74984702730.0,2191
3,20133181.410324685,20195254.126968384,62072.71664369851,64412.11837023124,2,-21.431837398558855,64422.83428893052,1885,75932669740.0,2192
0,72785113.62981054,72841089.81716919,55976.187358647585,64433.5502076298,2,21.431837398558855,64422.83428893052,1886,75985315860.0,2192
0,269839.2938062205,331705.76332092285,61866.46951470233,61897.82384946698,4,15.453814599080943,61889.02015454788,1907,76913776610.0,2193
1,9485145.77170267,9545926.00263977,60780.23093710095,61882.3700348679,4,-13.30023935995996,61889.02015454788,1908,76922990880.0,2193
0,26179382.13486899,26238235.85710144,58853.7222324498,61895.67027422786,4,13.30023935995996,61889.02015454788,1909,76939683280.0,2193
1,30389269.253786534,30447613.124679565,58343.87089303136,61874.99235424027,4,-20.67791998758912,61889.02015454788,1910,76943892680.0,2193
1,622812.5684658384,680122.2313232422,57309.662857403746,57382.03139013983,3,-1.9688356202095747,57382.03139013983,1931,77915098370.0,2194
0,67763770.8919909,67813289.68380737,49518.79181647301,57392.69308374822,3,14.023704792372882,57382.03139013983,1932,77982231900.0,2194
1,69991955.15288669,70041197.65216064,49242.49927395582,57375.307367771864,3,-12.054869172163308,57382.03139013983,1933,77984459820.0,2194
3,20805174.108712416,20855083.395324707,49909.28661229089,52326.771422009915,1,,52326.771422009915,1954,78936289790.0,2195
1,36861738.557993025,36840995.213760376,-20743.34423264861,-16460.145613014698,1,,-16460.145613014698,1978,79953286250.0,2196
2,24588873.75788553,24606862.35432434,17988.59643881023,20845.73324944824,2,-2.55646975338459,20847.011484324932,2027,81942929870.0,2198
3,29406304.95607251,29423736.341171265,17431.38509875536,20848.289719201624,2,2.55646975338459,20847.011484324932,2028,81947746770.0,2198
1,35613316.64139305,35669952.7399292,56636.09853614867,60774.2351147905,3,-7.8906564600765705,60782.00443191081,2082,83956044920.0,2200
3,37078271.18390548,37134744.829422,56473.64551651478,60782.00443191081,3,3.763319220393896,60782.00443191081,2083,83957509720.0,2200
2,74718311.32711188,74770411.5809021,52100.25379021466,60782.24711059034,3,4.127337239682674,60782.00443191081,2084,83995145590.0,2200
1,4893949.004354155,4857535.576705933,-36413.427648222074,-35844.76875040494,1,,-35844.76875040494,2103,84926189550.0,2201
1,24496227.634857945,24547109.97720337,50882.342345424,53728.714016877115,3,-15.289576262235641,53743.396399647,2130,85946781660.0,2202
0,64662713.259680554,64708943.08631897,46229.826638415456,53743.396399647,3,6.733997892588377,53743.396399647,2131,85986943710.0,2202
0,69346220.96169177,69391907.79632568,45686.83463391662,53744.6107866317,3,8.555578369647264,53743.396399647,2132,85991626700.0,2202
0,14828114.392430644,14857084.710952759,28970.318522114307,30693.29094777815,5,8.474990405142307,30686.159730535,2151,86938054940.0,2203
3,24787514.990727946,24815320.932266235,27805.94153828919,30686.159730535,5,-2.2218354595825076,30686.159730535,2152,86948013230.0,2203
0,45532544.43410759,45557948.91329956,25404.479191973805,30695.19360474497,5,10.377647371962667,30686.159730535,2153,86968755970.0,2203
2,70825981.88042143,70848432.33398438,22450.453562945127,30680.17249894142,5,-9.552840215153992,30686.159730535,2154,86994046590.0,2203
3,73147095.75208804,73169279.8004303,22184.048342257738,30683.472184211016,5,-6.2531549455598,30686.159730535,2155,86996367450.0,2203
3,51655955.75503834,51733273.85821533,77318.10317698866,83320.33549270034,2,5.598311364650726,83317.53633701801,2184,87975914910.0,2204
3,70307437.87290394,70382583.14405823,75145.27115428448,83314.73718133569,2,-5.598311364650726,83317.53633701801,2185,87994564320.0,2204
0,46254838.14929574,46271593.39489746,16755.245601721108,22129.887891069055,4,19.377169370651245,22116.808729525656,2205,88971483630.0,2205
3,48153055.246349365,48169583.14494324,16527.898593872786,22123.106737352908,4,12.5960156545043,22116.808729525656,2206,88973381630.0,2205
1,69822563.24440458,69836556.13412476,13992.88972017169,22106.01509642601,4,-17.091640926897526,22116.808729525656,2207,88995048720.0,2205
1,76503468.96993801,76516690.05857849,13221.088640481234,22110.510721698403,4,-12.5960156545043,22116.808729525656,2208,89001728890.0,2205
2,973253.5657465839,961196.9995269775,-12056.56621960632,-11943.477730228566,3,35.5454464731738,-11960.953760471195,2255,90928080760.0,2207
0,24028645.499323804,24013892.505218506,-14752.994105298072,-11960.953760471195,3,9.331401109229773,-11960.953760471195,2256,90951133580.0,2207
1,37682534.44188575,37666158.77720642,-16375.664679326117,-11997.092592932284,3,-44.87684758240357,-11960.953760471195,2257,90964785920.0,2207
0,63376235.01951158,63339868.10813904,-36366.91137254238,-29002.825657315552,1,,-29002.825657315552,2335,93996910820.0,2210
1,48791571.44706194,48777534.26448059,-14037.182581350207,-8367.781200751662,2,0.5825685262680054,-8368.072485014796,2454,99002442590.0,2215
1,63527334.701094195,63511584.694381714,-15750.00671248138,-8368.36376927793,2,-0.5825685262680054,-8368.072485014796,2455,99017176720.0,2215
2,2063751.3162095132,2055747.492980957,-8003.823228556197,-7764.022906198865,1,,-7764.022906198865,2501,100964664520.0,2217
2,10671731.308957614,10643951.598236084,-27779.71072153002,-26539.6947429087,2,6.847440307959914,-26543.11846306268,2562,103975906810.0,2220
2,26183936.855007514,26154347.83554077,-29589.019466742873,-26546.54218321666,2,-6.847440307959914,-26543.11846306268,2563,103991417290.0,2220
0,1746340.9266199907,1725500.4665374756,-20840.460082515143,-20637.54168151389,1,,-20637.54168151389,2584,104967895860.0,2221
2,32260727.438763864,32254126.483657837,-6600.955106027424,-2852.3770779781044,3,1.9034842774271965,-2853.3023890927434,2614,105999298920.0,2222
2,35006022.53326054,34999101.65963745,-6920.873623088002,-2853.3023890927434,3,0.5155176054686308,-2853.3023890927434,2615,106002043910.0,2222
2,57208534.45091444,57199031.770614624,-9502.680299818516,-2855.2587354183197,3,-2.4190018828958273,-2853.3023890927434,2616,106024243960.0,2222
3,23779572.74161122,23766522.852386475,-13049.889224745333,-10286.790219467133,2,10.41593411192298,-10291.998186523095,2632,106991750820.0,2223
1,50326304.44339464,50310159.50552368,-16144.937870956957,-10297.206153579056,2,-10.41593411192298,-10291.998186523095,2633,107018294600.0,2223
1,33418061.587901965,33446053.424743652,27991.83684168756,31874.892846737057,2,-16.92572009190917,31883.35570678301,2660,108002311840.0,2224
0,50186192.512831606,50212252.88017273,26060.36734112352,31891.818566828966,2,16.92572009190917,31883.35570678301,2661,108019078130.0,2224
0,8070966.6282404475,8051192.971237183,-19773.657003264874,-18835.840327396058,4,16.846873470582068,-18850.00415463373,2682,108977880200.0,2225
3,16228739.381952489,16207998.921035767,-20740.460916722193,-18854.741012061015,4,-7.419903660193086,-18850.00415463373,2683,108986037050.0,2225
3,22535826.131462775,22514354.86404419,-21471.267418585718,-18852.68720086664,4,-5.366092465817928,-18850.00415463373,2684,108992343440.0,2225
0,67429324.80927259,67402642.44830322,-26682.360969364643,-18847.32110840082,4,5.366092465817928,-18850.00415463373,2685,109037231970.0,2225
1,3000200.627982438,2982079.166244507,-18121.46173793124,-17772.849445318338,2,3.4079951872117817,-17774.553442911943,2713,109973697360.0,2226
2,11945615.156897021,11926450.862854004,-19164.29404301755,-17776.25744050555,2,-3.4079951872117817,-17774.553442911943,2714,109982641780.0,2226
3,72370231.03789183,72344947.27124023,-25283.7666516006,-16874.61163584888,1,,-16874.61163584888,2735,111043970200.0,2227
3,11785042.277013784,11769593.98361206,-15448.293401723728,-14078.914778036997,1,,-14078.914778036997,2772,112985178130.0,2229
3,15810230.47208634,15867423.069839478,57192.59775313735,59029.68845974095,2,0.5270439479500055,59029.42493776698,2835,114991126920.0,2231
1,44312878.993714586,44366759.161361694,53880.167647108436,59029.161415793,2,-0.5270439479500055,59029.42493776698,2836,115019626410.0,2231
1,71425453.15889369,71395349.70135498,-30103.457538709044,-21804.082242131233,1,,-21804.082242131233,2868,116047599560.0,2232
0,23902362.78477686,23879061.026748657,-23301.75802820176,-20524.39127093926,1,,-20524.39127093926,2896,117000988260.0,2233
1,78330630.77250367,78318845.96603394,-11784.806469738483,-2683.0748986154795,1,,-2683.0748986154795,2919,118056292880.0,2234
1,1027031.098624626,1046671.8876495361,19640.789024910075,19760.12626607227,3,-10.156921205343679,19760.12626607227,2938,118979943710.0,2235
1,51762994.63354405,51776737.923828125,13743.290284074843,19757.96012429148,3,-13.406133876531385,19760.12626607227,2939,119030674050.0,2235
3,63842018.30120375,63854382.69943237,12364.398228622973,19782.60625026375,3,23.563055081875063,19760.12626607227,2940,119042751760.0,2235
0,2192168.12493768,2136728.5288085938,-55439.596129086334,-55184.874245256186,2,15.11921862512827,-55192.43385456875,2955,119981974090.0,2236
3,33796294.87184933,33737167.873062134,-59126.99878719449,-55199.993463881314,2,-15.11921862512827,-55192.43385456875,2956,120013574700.0,2236
2,64065717.488155566,64044365.96369934,-21351.524456225336,-13907.323410756886,2,-9.009952627122402,-13902.818434443325,3010,122045631880.0,2238
3,69161803.10676481,69139868.4458313,-21934.66093350947,-13898.313458129764,2,9.009952627122402,-13902.818434443325,3011,122050727410.0,2238
1,44712737.590717986,44694449.39859009,-18288.192127898335,-13092.736259005964,1,,-13092.736259005964,3034,123027146400.0,2239
2,1475931.448312642,1456953.611175537,-18977.837137104943,-18806.3393242131,1,,-18806.3393242131,3060,123984814940.0,2240
0,46305616.05380826,46279990.41583252,-25625.637975737453,-20245.095480404794,2,15.67704888433218,-20252.93400484696,3081,125030515560.0,2241
1,78613561.33921826,78584165.95962524,-29395.379593014717,-20260.772529289126,2,-15.67704888433218,-20252.93400484696,3082,125062819910.0,2241
1,20217013.05395613,20202327.994003296,-14685.059952832758,-12335.917297240347,3,-2.0213400684297085,-12335.266681201756,3102,126005337370.0,2242
1,36719008.025670625,36702408.88658142,-16599.13908920437,-12332.525233142078,3,3.0667560789734125,-12335.266681201756,3103,126021837540.0,2242
1,54611943.24228708,54593262.2684021,-18680.9738849774,-12335.266681201756,3,-1.045416010543704,-12335.266681201756,3104,126039728490.0,2242
0,47737141.963716954,47755764.10467529,18622.140958338976,24169.021506108344,3,10.486091241240501,24165.335520356894,3137,127033760360.0,2243
3,67247200.89686224,67263538.75444031,16337.857578068972,24151.735309377313,3,-15.44320385530591,24165.335520356894,3138,127053268240.0,2243
0,74394119.15032023,74409640.16246033,15521.012140095234,24165.335520356894,3,4.957112614065409,24165.335520356894,3139,127060414380.0,2243
0,55163482.542472765,55190420.439453125,26937.89698036015,33347.69102489948,2,11.997514329850674,33341.69226773456,3161,128042143310.0,2244
1,57584142.74081141,57610787.36845398,26644.627642571926,33335.69351056963,2,-11.997514329850674,33341.69226773456,3162,128044563690.0,2244
0,18595220.788532436,18544044.947982788,-51175.84054964781,-49015.14419811964,2,8.326951682567596,-49019.307673960924,3183,129006423230.0,2245
1,72556947.88769725,72499493.5657196,-57454.32197764516,-49023.47114980221,2,-8.326951682567596,-49019.307673960924,3184,129060378970.0,2245
1,12710909.496233935,12694097.493911743,-16812.002322191373,-15335.041328532621,2,-5.89243776910007,-15332.095109648071,3200,130001434720.0,2246
3,41395321.73715064,41375182.60392761,-20139.13322302699,-15329.148890763521,2,5.89243776910007,-15332.095109648071,3201,130030115960.0,2246
0,78088810.83867314,78069467.43725586,-19343.401417285204,-10269.768434211612,1,,-10269.768434211612,3224,131067663720.0,2247
2,3292059.9912442574,3268038.9045410156,-24021.086703241803,-23638.561424677726,2,-16.750720178242773,-23630.186064588604,3274,132994658810.0,2249
0,35891965.19686482,35864172.87164307,-27792.32522175461,-23621.810704499483,2,16.750720178242773,-23630.186064588604,3275,133027255120.0,2249
2,37917290.41889791,37902596.60134888,-14693.817549034953,-10287.967680424452,1,,-10287.967680424452,3296,134030194960.0,2250
1,9462189.391822133,9464551.063446045,2361.6716239117086,3461.143274659291,4,-9.91376375220716,3469.4145932756364,3328,135002631030.0,2251
3,28211076.78970161,28211269.823242188,193.0335405766964,3471.057038411498,4,3.2848902717232704,3469.4145932756364,3329,135021377850.0,2251
0,35978089.859606765,35977397.882873535,-691.9767332300544,3488.545153476298,4,20.773005336523056,3469.4145932756364,3330,135029144020.0,2251
1,49992113.33790386,49989772.210113525,-2341.1277903318405,3467.772148139775,4,-3.2848902717232704,3469.4145932756364,3331,135043156470.0,2251
1,542386.2744904917,577723.6697387695,35337.39524827781,35400.41854107648,3,-0.34775320172775537,35400.41854107648,3356,135994668600.0,2252
2,56062770.32084431,56091653.871032715,28883.550188407302,35397.83816952258,3,-4.218310532567557,35400.41854107648,3357,136050182830.0,2252
1,64197095.71959049,64225039.94729614,27944.22770565003,35403.694419033825,3,4.566063734295312,35400.41854107648,3358,136058316260.0,2252
3,21767903.704746846,21806237.645965576,38333.94121873006,40863.29167120159,4,3.0102780163288116,40861.78653219342,3380,137016820650.0,2253
1,38384550.19853953,38420947.91949463,36397.720955096185,40857.86469376087,4,-5.426977440714836,40861.78653219342,3381,137033435450.0,2253
2,60802691.634122685,60836486.86608887,33795.23196618259,40860.28139318526,4,-3.0102780163288116,40861.78653219342,3382,137055851110.0,2253
3,68666912.42451364,68699804.40084839,32891.97633475065,40870.81933067739,4,10.537937492132187,40861.78653219342,3383,137063714470.0,2253
0,13371076.134525169,13415620.542816162,44544.40829099342,46098.07822309248,3,-2.149519430473447,46098.07822309248,3443,139010212830.0,2255
2,54856101.74019578,54895836.53210449,39734.791908711195,46108.86943309754,3,14.03729557711631,46098.07822309248,3444,139051693270.0,2255
1,58195519.01952444,58234848.50003052,39329.48050607741,46091.58605194837,3,-11.887776146642864,46098.07822309248,3445,139055032300.0,2255
0,37913971.15896015,37904716.61328125,-9254.545678898692,-4849.0814960971475,1,,-4849.0814960971475,3477,140035680520.0,2256
0,31561329.450034946,31564823.800994873,3494.3509599268436,7161.661510720849,2,18.23129552602768,7152.545862957835,3496,141030202830.0,2257
3,48546029.527254455,48547532.0871582,1502.5599037483335,7143.430215194821,2,-18.23129552602768,7152.545862957835,3497,141047185630.0,2257
3,26720198.62337774,26730520.592407227,10321.96902948618,13426.757960695773,3,-10.791916459798813,13426.757960695773,3520,142026279890.0,2258
1,33692145.9831339,33701652.94534302,9506.962209120393,13421.865814127028,3,-18.130136312916875,13426.757960695773,3521,142033251060.0,2258
0,71201520.52342838,71206700.40222168,5179.878793299198,13453.233940184116,3,28.922052772715688,13426.757960695773,3522,142070756310.0,2258
1,15775543.089126136,15768384.579040527,-7158.51008560881,-5325.449925489724,4,-0.04406987875699997,-5325.427890550345,3546,143016210140.0,2259
3,42322309.287309214,42312071.231903076,-10238.0554061383,-5320.358525559306,4,5.091399930417538,-5325.427890550345,3547,143042753970.0,2259
1,68649737.37187126,68636429.06924438,-13308.302626878023,-5331.455308973789,4,-6.049453362822533,-5325.427890550345,3548,143069078470.0,2259
1,71496806.76779713,71483173.69561768,-13633.072179451585,-5325.405855610967,4,0.04406987875699997,-5325.427890550345,3549,143071925230.0,2259
3,70781284.89533353,70758932.24813843,-22352.647195100784,-14128.121884584427,1,,-14128.121884584427,3573,144072120310.0,2260
2,61738952.26580193,61735815.90838623,-3136.3574156984687,4037.482057623565,1,,4037.482057623565,3598,145063962710.0,2261
0,63600357.32952633,63608020.43899536,7663.109469033778,15053.237373434007,1,,15053.237373434007,3627,146066754250.0,2262
2,11790151.602036754,11919126.335571289,128974.7335345354,130344.7058430221,3,-13.999877350404859,130352.00386567414,3648,147015963410.0,2263
3,32712542.43229173,32839093.35888672,126550.92659498751,130352.00386567414,3,-3.05284337233752,130352.00386567414,3649,147036883490.0,2263
0,44169468.416155174,44294701.4937439,125233.07758872211,130365.40757507086,3,17.05272072274238,130352.00386567414,3650,147048339160.0,2263
3,27672259.933553413,27716206.714782715,43946.78122930229,47162.196187637746,4,-12.691102340817451,47170.886685002595,3666,148032856030.0,2264
0,31560328.0268393,31603835.719940186,43507.69310088456,47174.887289978564,4,8.001209951937199,47170.886685002595,3667,148036743680.0,2264
0,40094321.47246781,40136839.63809204,42518.1656242311,47176.97850458324,4,10.092424556612968,47170.886685002595,3668,148045276730.0,2264
0,79110174.38610584,79148148.96051025,37974.57440441847,47166.88608002663,4,-8.001209951937199,47170.886685002595,3669,148084288250.0,2264
0,9173349.67704913,9225929.167144775,52579.49009564519,53645.39963250421,2,12.21650873683393,53639.29137813579,3696,149015293170.0,2265
2,75920287.22278658,75965098.747406,44811.5246194303,53633.183123767376,2,-12.21650873683393,53639.29137813579,3697,149082032700.0,2265
0,29708984.082845904,29648085.19113159,-60898.891714312136,-57446.81689113751,2,8.821469273418188,-57451.22762577422,3724,150036695690.0,2266
0,74392243.65452051,74326143.91070557,-66099.74381494522,-57455.63836041093,2,-8.821469273418188,-57451.22762577422,3725,150081373990.0,2266
2,6408334.802231826,6433201.763916016,24866.961684189737,25611.5866490677,5,-8.502720035612583,25616.273548938334,3752,151014296070.0,2267
1,36181155.78316828,36202560.996795654,21405.213627375662,25609.33102849871,5,-10.75834060460329,25616.273548938334,3753,151044065590.0,2267
2,53638363.0385956,53657746.73138428,19383.692788675427,25616.273548938334,5,-1.4723702296614647,25616.273548938334,3754,151061520870.0,2267
2,63927525.41044145,63945721.17199707,18195.761555619538,25623.90518926829,5,9.975090265274048,25616.273548938334,3755,151071808900.0,2267
0,79259553.6719585,79275978.3821106,16424.710152089596,25634.37915201485,5,20.44905301183462,25616.273548938334,3756,151087139240.0,2267
1,1841774.643149143,1842849.026397705,1074.3832485619932,1288.3906968759838,4,-29.006047080038115,1315.611352193635,3776,152010656250.0,2268
0,6133554.722100442,6134155.851531982,601.1294315401465,1313.825960431248,4,-3.570783524774015,1315.611352193635,3777,152014947580.0,2268
0,8348996.614575386,8349343.888580322,347.27400493621826,1317.396743956022,4,3.570783524774015,1315.611352193635,3778,152017162780.0,2268
0,72782395.19992852,72775255.96139526,-7139.238533258438,1317.8084441572428,4,3.9824837259948254,1315.611352193635,3779,152081589040.0,2268
1,8223692.545225608,8223591.467529297,-101.07769631128758,854.4851701175794,4,-8.426939957775176,859.5356858633459,3799,153017908480.0,2269
3,25628849.302102514,25626727.483215332,-2121.81888718158,856.1592616513371,4,-6.752848424017429,859.5356858633459,3800,153035311710.0,2269
3,26855268.432215594,26853010.86077881,-2257.5714367851615,862.9121100753546,4,6.752848424017429,859.5356858633459,3801,153036538000.0,2269
0,51419301.85288577,51414198.2199707,-5103.6329150646925,871.1010864898562,4,14.941824838519096,859.5356858633459,3802,153061099320.0,2269
0,26086598.6243274,26078799.683135986,-7798.9411914125085,-4767.774252746254,1,,-4767.774252746254,3822,154036683110.0,2270
0,6372379.352628587,6354659.096130371,-17720.25649821572,-16979.809424510226,3,18.83378321491182,-16996.3066188097,3839,155017831340.0,2271
2,40762596.16665156,40740863.39608765,-21732.770563915372,-16996.3066188097,3,-5.912008234299719,-16996.3066188097,3840,155052217730.0,2271
1,51462976.404862165,51439995.616241455,-22980.788620710373,-17000.979796640575,3,-12.9217749806121,-16996.3066188097,3841,155062916920.0,2271
2,1502363.9263532315,1508522.0220031738,6158.09564994229,6332.664819690632,4,-2.636234578443691,6334.959993639961,3863,156013883510.0,2272
3,21664765.896424383,21668583.149139404,3817.252715021372,6334.618933010846,4,-0.6821212582290173,6334.959993639961,3864,156034043680.0,2272
0,23665202.801298372,23668802.347106934,3599.5458085611463,6349.355446878821,4,14.736513867974281,6334.959993639961,3865,156036043910.0,2272
3,78475219.61551717,78472436.38430786,-2783.231209307909,6335.301054269075,4,0.6821212582290173,6334.959993639961,3866,156090847840.0,2272
0,25731273.234157525,25740697.933380127,9424.69922260195,12414.578656114638,3,-12.597674772143364,12419.4790751338,3882,157039010310.0,2273
0,51641153.6640185,51647588.02523804,6434.361219540238,12434.873586639762,3,17.844721015542746,12419.4790751338,3883,157064917340.0,2273
3,79863135.95635441,79866275.63238525,3139.67603084445,12419.4790751338,3,-5.247046243399382,12419.4790751338,3884,157093136180.0,2273
0,32363506.15711798,32381328.653015137,17822.495897155255,21583.016434747726,2,3.898871835321188,21581.066998830065,3908,158046581310.0,2274
0,59493075.918233424,59507742.15890503,14666.240671604872,21579.117562912405,2,-3.898871835321188,21581.066998830065,3909,158073707870.0,2274
3,48072559.649966165,48045127.64035034,-27432.009615823627,-21846.154764965177,4,2.6996276825666428,-21847.50457880646,3952,160064029060.0,2276
1,52362267.17131454,52334324.476867676,-27942.694446861744,-21858.39133901149,4,-12.236574046313763,-21847.50457880646,3953,160068318280.0,2276
1,74588280.19945008,74557764.46087646,-30515.738573610783,-21848.854392647743,4,-2.6996276825666428,-21847.50457880646,3954,160090541840.0,2276
0,75493712.41210532,75463099.57168579,-30612.84041953087,-21840.748341292143,4,8.106051355600357,-21847.50457880646,3955,160091447180.0,2276
1,18809709.1971073,18800824.61279297,-8884.584314331412,-6698.965197585523,1,,-6698.965197585523,3980,161035629940.0,2277
3,18282235.811163954,18281542.182861328,-693.6283026263118,1430.7003441900015,4,4.836366765201092,1428.282160807401,4004,162036006940.0,2278
1,37887171.17871403,37884186.32028198,-2984.858432047069,1417.491691492498,4,-13.208652697503567,1428.282160807401,4005,162055609690.0,2278
1,44449079.84309773,44445340.88726807,-3738.955829665065,1425.8639774248004,4,-4.836366765201092,1428.282160807401,4006,162062170880.0,2278
2,67379849.16929258,67373457.06573486,-6392.10355772078,1437.187415599823,4,11.323438175022602,1428.282160807401,4007,162085099120.0,2278
0,43658701.41557893,43643248.62454224,-15452.791036695242,-10379.810299657285,2,12.387127049267292,-10386.003863181919,4054,164063184650.0,2280
0,75751039.52252,75731845.33255005,-19194.189969956875,-10392.197426706553,2,-12.387127049267292,-10386.003863181919,4055,164095273420.0,2280
2,42391369.966477886,42379266.35595703,-12103.610520854592,-7177.889043033123,2,10.299904108047485,-7183.038995087147,4077,165062791090.0,2281
1,55442246.25825314,55428615.88394165,-13630.374311491847,-7188.1889471411705,2,-10.299904108047485,-7183.038995087147,4078,165075840510.0,2281
1,4719965.728381221,4764934.248077393,44968.519696171395,45516.9623763971,2,-4.561737727373838,45519.24324526079,4095,166026074120.0,2282
1,62884045.54491174,62922260.17391968,38214.629007935524,45521.52411412448,2,4.561737727373838,45519.24324526079,4096,166084231760.0,2282
1,1067312.8329048608,1103980.6282653809,36667.79536052002,36791.813191242516,2,-16.157078199088573,36799.89173034206,4110,167023338360.0,2283
2,72405200.66627105,72433595.41818237,28394.751911327243,36807.970269441605,2,16.157078199088573,36799.89173034206,4111,167094668360.0,2283
0,393936.9530581712,411341.43435668945,17404.48129851825,17450.25532545155,7,10.73618143616477,17439.770572010428,4145,169024524560.0,2285
1,19521416.69627475,19536588.14993286,15171.453658111393,17439.770572010428,7,-0.18948495760560036,17439.770572010428,4146,169043649910.0,2285
3,45035884.113606006,45048090.37701416,12206.26340815425,17439.267716020346,7,-0.9437689427286386,17439.770572010428,4147,169069161550.0,2285
3,53009409.50918024,53020687.321624756,11277.812444515526,17437.311114937067,7,-2.9003700260072947,17439.770572010428,4148,169077134190.0,2285
2,64489548.127418295,64499495.331207275,9947.203788980842,17440.65239791572,7,1.133253900334239,17439.770572010428,4149,169088613060.0,2285
1,69444112.84259096,69453478.5776062,9365.735015243292,17434.885844945908,7,-5.325640017166734,17439.770572010428,4150,169093567070.0,2285
0,71948385.66985302,71957485.05490112,9099.385048106313,17459.52318161726,7,20.00403760187328,17439.770572010428,4151,169096071090.0,2285
1,5177742.64244043,5187250.256072998,9507.613632568158,10109.248308698647,1,,10109.248308698647,4170,170030224940.0,2286
1,5336515.0118528865,5340656.30670166,4141.2948487736285,4761.378291025758,2,-7.389394782483578,4765.072988417,4199,171031253640.0,2287
2,44337358.780627206,44336975.71008301,-383.0705441981554,4768.767685808241,2,7.389394782483578,4765.072988417,4200,171070250170.0,2287
2,10187837.955106389,10196082.882873535,8244.927767146379,9428.717115489766,4,-12.282881023362279,9434.858556001447,4226,172036999490.0,2288
1,14135292.851955764,14143071.567474365,7778.715518601239,9421.1846261397,4,-19.815370373427868,9434.858556001447,4227,172040946500.0,2288
2,35974172.70860786,35979433.64187622,5260.933268360794,9440.999996513128,4,12.282881023362279,9434.858556001447,4228,172062782980.0,2288
0,79911273.11167952,79911436.39047241,163.2787928879261,9448.675197809935,4,19.958082320168614,9434.858556001447,4229,172106715220.0,2288
0,60472729.01660819,60462535.0012207,-10194.015387490392,-3167.306404620409,1,,-3167.306404620409,4278,174089050080.0,2290
0,7826809.100470691,7816849.994354248,-9959.106116442941,-9049.659648459405,6,1.9211240522563457,-9051.572869356722,4302,175037315500.0,2291
3,32647661.070088316,32634815.966827393,-12845.103260923177,-9051.564966201782,6,0.01580630987882614,-9051.572869356722,4303,175062133600.0,2291
0,37804412.43606359,37790968.12142944,-13444.314634144306,-9051.580772511661,6,-0.01580630987882614,-9051.572869356722,4304,175067289780.0,2291
3,50395235.33144152,50380320.13360596,-14915.197835564613,-9059.456602193415,6,-7.891635991632938,-9051.572869356722,4305,175079879200.0,2291
1,59121490.150998496,59105553.01364136,-15937.137357138097,-9067.437367074192,6,-15.872400872409344,-9051.572869356722,4306,175088604480.0,2291
0,61348497.02244809,61332320.98815918,-16176.034288913012,-9047.56428064406,6,4.0164918676018715,-9051.572869356722,4307,175090831260.0,2291
2,5294287.203155715,5318926.475280762,24639.2721250467,25254.448851039633,3,-3.721662063151598,25256.89852373302,4326,176035672120.0,2292
2,25235561.63348113,25257888.796417236,22327.162936106324,25259.44250247255,3,3.768815086223185,25256.89852373302,4327,176055611190.0,2292
1,51678373.94935444,51697626.010650635,19252.06129619479,25256.89852373302,3,-0.047153023071587086,25256.89852373302,4328,176082051070.0,2292
2,64912610.45868956,64931737.1171875,19126.658497937024,26669.265395767987,1,,26669.265395767987,4355,177096216610.0,2293
2,10401029.307651348,10365710.540405273,-35318.767246074975,-34110.20584566146,2,-24.53599714487791,-34097.93784708902,4382,178042550670.0,2294
0,35144696.28399788,35106526.92953491,-38169.35446296632,-34085.66984851658,2,24.53599714487791,-34097.93784708902,4383,178067291620.0,2294
3,390039.43600139755,375693.53158569336,-14345.904415704194,-14300.583265936468,2,4.3179327244870365,-14302.742232298711,4411,179033405940.0,2295
2,10174717.862390522,10159230.696350098,-15487.166040424258,-14304.901198660955,2,-4.3179327244870365,-14302.742232298711,4412,179043189530.0,2295
0,41292830.043968335,41285751.68917847,-7078.354789867997,-2280.279615879059,2,5.837679788470268,-2283.198455773294,4436,180075152600.0,2296
3,53144438.99885945,53135977.69296265,-8461.305896803737,-2286.117295667529,2,-5.837679788470268,-2283.198455773294,4437,180087002890.0,2296
2,30554767.486259155,30562514.385681152,7746.899421997368,11297.251169908792,2,2.6552951224148273,11295.923522347584,4461,181065321750.0,2297
3,53355576.39207658,53360671.26596069,5094.873884111643,11294.595874786377,2,-2.6552951224148273,11295.923522347584,4462,181088120030.0,2297
2,27729683.438699424,27737880.44845581,8197.00975638628,11419.09711509198,3,60.55902869254351,11360.939644277096,4492,182063385450.0,2298
1,77227390.57387912,77229773.17129517,2382.5974160432816,11356.136528521776,3,-33.88185116276145,11360.939644277096,4493,182112877610.0,2298
3,79532071.1213532,79534190.72647095,2119.605117753148,11360.939644277096,3,-26.677177529782057,11360.939644277096,4494,182115182040.0,2298
1,14572965.205645045,14556196.048339844,-16769.157305201516,-15075.832277825102,3,-14.208459286019206,-15070.929629765451,4514,183051165260.0,2299
2,33306875.95528028,33287934.88900757,-18941.066272713244,-15070.929629765451,3,-6.854487196542323,-15070.929629765451,4515,183069897100.0,2299
0,46306827.693124175,46286394.691833496,-20433.001290678978,-15052.318007312715,3,21.06294648256153,-15070.929629765451,4516,183082895630.0,2299
3,35158308.46556953,35167293.73214722,8985.26657768339,13070.532877631485,1,,13070.532877631485,4546,184072630770.0,2300
3,18064138.847102188,18115365.295898438,51226.448796249926,53325.43537695706,3,16.149701721966267,53310.10154461861,4594,186057381560.0,2302
2,64736205.284087084,64781993.27636719,45787.992280103266,53310.10154461861,3,-6.851046785712242,53310.10154461861,4595,186104048440.0,2302
1,79103538.76654436,79147655.69570923,44116.92916487157,53308.46980585158,3,-9.298654936254025,53310.10154461861,4596,186118414180.0,2302
0,22412630.16001057,22356420.762756348,-56209.39725422114,-53605.131955862045,1,,-53605.131955862045,4628,187062592140.0,2303
0,20801471.272361755,20775292.596740723,-26178.675621032715,-23761.621067296714,3,21.66053757816553,-23782.052496023476,4651,188061809240.0,2304
2,35746367.54656206,35718431.89746094,-27935.649101123214,-23782.052496023476,3,-8.986605511978269,-23782.052496023476,4652,188076752460.0,2304
1,55510059.7533389,55479825.17758179,-30234.57575711608,-23784.510713726282,3,-12.673932066187263,-23782.052496023476,4653,188096513960.0,2304
2,4957177.318807397,4952350.893218994,-4826.425588402897,-4250.419792696834,1,,-4250.419792696834,4678,189046867650.0,2305
3,17136431.120596312,17135412.075408936,-1019.0451873764396,972.1451631747186,3,-7.916033072397113,972.1451631747186,4709,190059908150.0,2306
0,21937923.365498472,21936366.148223877,-1557.217274595052,991.8888379372656,3,21.69947907142341,972.1451631747186,4710,190064709130.0,2306
1,70565384.77493182,70558153.5699768,-7231.204955011606,968.2335545569658,3,-13.783445999026299,972.1451631747186,4711,190113331180.0,2306
1,10664907.549352828,10651303.819335938,-13603.730016890913,-12364.50693407096,4,-11.00465197302401,-12354.979363903403,4740,191054327460.0,2307
3,34384544.59816099,34368195.738098145,-16348.860062845051,-12353.502282097936,4,2.954163610935211,-12354.979363903403,4741,191078044480.0,2307
0,38383761.8310351,38366964.14303589,-16797.68799921125,-12337.635865956545,4,18.82057975232601,-12354.979363903403,4742,191082043270.0,2307
1,55790079.21130943,55771240.15258789,-18839.05872154236,-12356.45644570887,4,-2.954163610935211,-12354.979363903403,4743,191099447640.0,2307
0,24140952.200010285,24139471.931274414,-1480.268735870719,1324.8212350532413,5,5.150706063956022,1324.8212350532413,4766,192068677170.0,2308
0,35708134.986107625,35705319.47079468,-2815.515312947333,1333.6388090625405,5,15.725358106195927,1324.8212350532413,4767,192080243080.0,2308
3,62665444.39574067,62659473.906951904,-5970.488788768649,1311.005666859448,5,-15.572646226733923,1324.8212350532413,4768,192107197380.0,2308
2,63946966.44784454,63940836.98706055,-6129.460783995688,1300.9418267905712,5,-25.636486295610666,1324.8212350532413,4769,192108478750.0,2308
0,69022291.38251111,69015599.58117676,-6691.801334351301,1328.3353911191225,5,10.4219401627779,1324.8212350532413,4770,192113553540.0,2308
2,6892179.917034853,6901771.728424072,9591.811389219016,10392.657379173674,2,-7.285569074563682,10396.300163710956,4792,193052346670.0,2309
3,21626805.17680227,21634692.16442871,7886.987626440823,10399.942948248237,2,7.285569074563682,10396.300163710956,4793,193067079670.0,2309
3,13121002.001649722,13171334.693908691,50332.69225896895,51857.30449540168,2,-7.1043238788843155,51860.85665734112,4811,194059501800.0,2310
3,26617920.30901043,26666691.81326294,48771.50425250828,51864.408819280565,2,7.1043238788843155,51860.85665734112,4812,194072997230.0,2310
3,4037263.528445509,4003800.8811035156,-33462.64734199317,-32993.532149693,3,9.175676073879004,-32996.30875668302,4836,195051246630.0,2311
2,14110522.38720655,14075886.487579346,-34635.899627204984,-32996.30875668302,3,5.010765588842332,-32996.30875668302,4837,195061318770.0,2311
1,67283126.52550733,67242299.36645508,-40827.15905225277,-33009.10689485073,3,-14.186441662721336,-32996.30875668302,4838,195114485470.0,2311
0,57493847.84762032,57510968.86798096,17121.02036063373,23801.59429371357,2,24.787738755345345,23789.200424335897,4855,196105616580.0,2312
2,62424788.9666587,62441312.24203491,16523.275376215577,23776.806554958224,2,-24.787738755345345,23789.200424335897,4856,196110546950.0,2312
0,46261596.920953564,46262488.40652466,891.4855710938573,6266.913204878569,5,24.71808296814561,6246.239474952221,4880,197095259460.0,2313
2,46819782.58346169,46820595.39251709,812.809055402875,6253.09581284225,5,10.90069093182683,6246.239474952221,4881,197095817570.0,2313
3,54267412.700161844,54267345.1769104,-67.52325144410133,6238.150768868625,5,-11.51687502861023,6246.239474952221,4882,197103264360.0,2313
0,56689022.917404495,56688682.10064697,-340.8167575225234,6246.239474952221,5,0.6161840967833996,6246.239474952221,4883,197105685710.0,2313
1,77652704.53874642,77649878.90133667,-2825.637409746647,6197.321623191237,5,-52.346020705997944,6246.239474952221,4884,197126647020.0,2313
0,19588256.85603135,19658245.666046143,69988.81001479179,72264.89350973815,4,8.498533137142658,72258.8803771101,4923,199070437660.0,2315
0,47064254.629033566,47131047.30130005,66792.6722664833,72261.36577761918,4,4.970801018178463,72258.8803771101,4924,199097910610.0,2315
3,56236771.70272099,56302487.77163696,65716.06891597062,72250.57521851361,4,-10.790559105575085,72258.8803771101,4925,199107082100.0,2315
3,77086815.99552466,77150115.18563843,63299.19011376798,72256.394976601,4,-4.970801018178463,72258.8803771101,4926,199127929840.0,2315
2,42501136.15734124,42494266.58224487,-6869.57509636879,-1931.0991903617978,2,6.490759842097759,-1934.3445702828467,4957,200094267370.0,2316
2,54902846.714638986,54894529.61557007,-8317.099068917334,-1937.5899502038956,2,-6.490759842097759,-1934.3445702828467,4958,200106667700.0,2316
2,9151270.598818216,9150121.517242432,-1149.0815757848322,-85.73754671402276,3,3.2447985615581274,-86.75509618967772,4979,201061801410.0,2317
2,52007959.988894925,52001830.09988403,-6129.889010891318,-86.75509618967772,3,1.7184743480756879,-86.75509618967772,4980,201104653350.0,2317
3,60248437.45971902,60241345.602996826,-7091.856722190976,-91.20959436148405,3,-4.963272909633815,-86.75509618967772,4981,201112892910.0,2317
2,30951165.05035165,30982582.328674316,31417.278322666883,35013.690011475235,2,-11.875489566475153,35019.62775625847,5006,202084539490.0,2318
0,52463956.717468455,52492886.16390991,28929.446441456676,35025.56550104171,2,11.875489566475153,35019.62775625847,5007,202106049910.0,2318
2,18121706.49320174,18155122.265808105,33415.77260636538,35521.44833609462,1,,35521.44833609462,5029,203072627190.0,2319
3,16164650.297629671,16132066.423980713,-32583.87364895828,-30705.60066048242,5,-5.669373320415616,-30705.0907131806,5069,205072451990.0,2321
3,42168990.97842881,42133386.005859375,-35604.972569435835,-30705.0907131806,5,-4.904452367685735,-30705.0907131806,5070,205098453450.0,2321
0,45008735.29332875,44972810.67175293,-35924.621575817466,-30694.77186114341,5,10.573825688101351,-30705.0907131806,5071,205101292890.0,2321
2,52354697.289529026,52317901.00515747,-36796.28437155485,-30712.86085616052,5,-12.929568998515606,-30705.0907131806,5072,205108638020.0,2321
0,52572582.80848992,52535779.82852173,-36802.97996819019,-30694.238955833018,5,11.106730998493731,-30705.0907131806,5073,205108855900.0,2321
3,3781740.035726524,3777714.1241149902,-4025.9116115337238,-3586.48731049709,2,4.1166448937729,-3588.5456329439767,5096,206060953920.0,2322
2,6925752.498050667,6921357.147094727,-4395.350955940783,-3590.603955390863,2,-4.1166448937729,-3588.5456329439767,5097,206064097580.0,2322
3,20397913.999641366,20393765.420166016,-4148.579475350678,-1778.4167943559587,3,9.71566317975521,-1778.4167943559587,5118,207078417450.0,2323
1,29304681.252698377,29299477.325561523,-5203.927136853337,-1798.8308174535632,3,-20.90537146665156,-1778.4167943559587,5119,207087323210.0,2323
0,49983360.98183939,49975775.66479492,-7585.317044466734,-1777.4340976178646,3,11.189708286896348,-1778.4167943559587,5120,207107999620.0,2323
2,70988622.45373695,70982761.0309143,-5861.422822639346,2387.1943505704403,1,,2387.1943505704403,5148,208129894300.0,2324
0,62472426.84646107,62461291.961364746,-11134.88509632647,-3875.818570934236,1,,-3875.818570934236,5172,209122242190.0,2325
2,3717780.287451916,3701162.019317627,-16618.268134288955,-16186.275721064303,5,0.9494784097187221,-16186.425167512149,5192,210064384940.0,2326
3,22175497.087978292,22156732.35144043,-18764.73653786257,-16188.025231435895,5,-1.6747871476691216,-16186.425167512149,5193,210082840610.0,2326
2,27554530.39615492,27535143.305725098,-19387.090429823846,-16185.355211287737,5,1.8699881862848997,-16186.425167512149,5194,210088219050.0,2326
2,28917602.48979105,28898055.94543457,-19546.54435648024,-16186.425167512149,5,0.7253087379503995,-16186.425167512149,5195,210089581970.0,2326
3,54588313.71752694,54565777.32885742,-22536.388669520617,-16193.427129730582,5,-7.076685442356393,-16186.425167512149,5196,210115249830.0,2326
1,25345892.454432677,25391577.9213562,45685.466923523694,48630.56652601436,2,-17.73349581286311,48639.43327392079,5226,211086921070.0,2327
0,75631616.2045814,75671476.38861084,39860.18402944505,48648.30002182722,2,17.73349581286311,48639.43327392079,5227,211137201240.0,2327
0,9678209.27053517,9714307.02609253,36097.75555736013,37222.32792452909,2,22.110501857474446,37211.27267360035,5251,212072200160.0,2328
2,48289289.35489504,48320878.53427124,31589.17937619984,37200.217422671616,2,-22.110501857474446,37211.27267360035,5252,212110806940.0,2328
0,67314810.69991916,67266536.93148804,-48273.76843112707,-40452.03468903899,1,,-40452.03468903899,5277,213130658970.0,2329
2,12805630.607283926,12803356.187805176,-2274.4194787498564,-786.4522399175912,3,5.273821098729968,-786.4522399175912,5298,214077023940.0,2330
0,30071927.59305974,30067652.953308105,-4274.639751635492,-780.3922257423401,3,14.363842361606658,-786.4522399175912,5299,214094288330.0,2330
1,68228897.92079003,68220166.91357422,-8731.007215812802,-803.0598962903023,3,-19.637663460336626,-786.4522399175912,5300,214132441050.0,2330
0,37987646.24054952,37989499.16442871,1852.9238791912794,6266.948835849762,2,-1.721735768020153,6267.809703733772,5327,215103064520.0,2331
0,43685615.8340674,43686808.39654541,1192.5624780133367,6268.670571617782,2,1.721735768020153,6267.809703733772,5328,215108761860.0,2331
0,19881615.81222347,19895657.632110596,14041.819887124002,16351.990615211427,3,25.3691921569407,16327.07920716703,5343,216085869170.0,2332
1,26326595.72076925,26339862.830688477,13267.10991922766,16326.163638941944,3,-13.37127224728465,16327.07920716703,5344,216092313410.0,2332
1,69027205.88466892,69035512.25610352,8306.371434599161,16327.07920716703,3,-11.997919909656048,16327.07920716703,5345,216135009290.0,2332
1,34469243.101615466,34465481.898498535,-3761.203116931021,243.9963188022375,2,-10.133374609053135,249.06300610676408,5368,217101301310.0,2333
2,55787945.00639497,55781716.78179932,-6228.2245956510305,254.12969341129065,2,10.133374609053135,249.06300610676408,5369,217122617660.0,2333
1,37696843.3261804,37688931.4387207,-7911.887459695339,-3531.652733504772,3,-12.969490513205528,-3520.638879224658,5398,218105387270.0,2334
0,38521999.825458385,38514006.98297119,-7992.842487193644,-3516.7276067584753,3,9.418199606239796,-3520.638879224658,5399,218106212350.0,2334
3,70344519.56155047,70332825.14788818,-11694.413662284613,-3520.638879224658,3,3.5512909069657326,-3520.638879224658,5400,218138031340.0,2334
2,42765447.485256195,42786394.91238403,20947.427127838135,25916.615039274096,1,,25916.615039274096,5424,219111337270.0,2335
0,18058294.840499047,18094674.819244385,36379.978745337576,38478.28627394512,4,1.4947672225534916,38477.14258444309,5454,220087579590.0,2336
0,21208194.63107668,21244207.810424805,36013.179348126054,38477.493662163615,4,0.7021554410457611,38477.14258444309,5455,220090729140.0,2336
0,39281287.769265145,39315200.21942139,33912.450156241655,38476.79150672257,4,-0.7021554410457611,38477.14258444309,5456,220108800230.0,2336
1,76163501.77203089,76193111.06311035,29609.291079461575,38459.21022105217,4,-18.283441111445427,38477.14258444309,5457,220145678340.0,2336
3,13112720.369428284,13083442.614562988,-29277.754865296185,-27754.10492410697,1,,-27754.10492410697,5476,221083470760.0,2337
0,864023.8868805255,861373.5021362305,-2650.3847442950355,-2549.9883423782885,4,14.912622589617968,-2557.856357280165,5510,222072123150.0,2338
2,1950081.0712866697,1947277.6377868652,-2803.433499804465,-2576.841242372757,4,-26.029492780333385,-2557.856357280165,5511,222073209060.0,2338
0,34241142.77928771,34234613.27252197,-6529.50676573813,-2550.8117495924234,4,14.089215375483036,-2557.856357280165,5512,222105496570.0,2338
2,35530219.693842664,35523526.31185913,-6693.381983533502,-2564.9009649679065,4,-14.089215375483036,-2557.856357280165,5513,222106785490.0,2338
2,48264638.72002269,48270304.49810791,5665.77808521688,11273.951818466187,2,4.2405019998550415,11271.831567466259,5542,223120380750.0,2339
2,72621231.58654961,72624062.97750854,2831.3909589350224,11269.711316466331,2,-4.2405019998550415,11271.831567466259,5543,223144734640.0,2339
1,13880375.95971907,13894264.908996582,13888.94927751273,15501.797978535295,1,,15501.797978535295,5556,224086900810.0,2340
2,17148786.81831495,17143432.29373169,-5354.52458326146,-3361.8985460214317,1,,-3361.8985460214317,5582,225091015560.0,2341
0,49587088.01785754,49609397.69631958,22309.678462043405,28071.51594606787,5,12.318356670439243,28068.006760902703,5605,226124384130.0,2342
1,51904615.91954653,51926635.18225098,22019.26270444691,28050.388417892158,5,-19.372935593128204,28068.006760902703,5606,226126701380.0,2342
0,60448204.90113278,60469249.04852295,21044.147390171885,28068.006760902703,5,7.054578922688961,28068.006760902703,5607,226135244040.0,2342
0,63791728.41649071,63812390.994140625,20662.57764991373,28074.942171677947,5,15.744582280516624,28068.006760902703,5608,226138587200.0,2342
1,79335157.96620923,79353987.06295776,18829.096748530865,28047.550689727068,5,-22.21066375821829,28068.006760902703,5609,226154128880.0,2342
1,2343722.6229227004,2357467.5940856934,13744.971162992995,14017.30312279798,2,-10.459316782653332,14022.532781189308,5629,227078037190.0,2343
2,13072780.90598442,13085289.659301758,12508.753317337483,14027.762439580634,2,10.459316782653332,14022.532781189308,5630,227088765070.0,2343
1,44007249.18225502,44027431.22619629,20182.043941266835,25295.52464850247,1,,25295.52464850247,5662,228120621840.0,2344
0,28311461.185899436,28420540.29647827,109079.11057883501,112368.7983747758,2,-1.4867596067488194,112369.54175457917,5690,229105907310.0,2345
0,35771536.24959239,35879750.01361084,108213.7640184462,112370.28513438255,2,1.4867596067488194,112369.54175457917,5691,229113366560.0,2345
3,28404904.174457315,28473938.184906006,69034.0104486905,72334.55597666651,2,0.2551010772585869,72334.42842612788,5717,230106966050.0,2346
3,68288393.38180254,68352792.82220459,64399.440402045846,72334.30087558925,2,-0.2551010772585869,72334.42842612788,5718,230146845120.0,2346
2,13351188.596492339,13331828.204589844,-19360.391902495176,-17809.03282926418,9,0.7681021075695753,-17809.03282926418,5749,231092816400.0,2347
1,14937924.758779062,14918369.63659668,-19555.12218238227,-17819.39019550383,9,-13.193696680478752,-17809.03282926418,5750,231094402950.0,2347
1,16487853.662621275,16468121.26727295,-19732.39534832537,-17816.567316031083,9,-10.370817207731307,-17809.03282926418,5751,231095952710.0,2347
2,48708420.382446066,48684957.28274536,-23463.099700704217,-17803.360168382525,9,9.277093430049717,-17809.03282926418,5752,231128169720.0,2347
0,53579846.20007537,53555830.97796631,-24015.22210906446,-17789.440790489316,9,23.196471323259175,-17809.03282926418,5753,231133040620.0,2347
1,54669543.769350916,54645375.09396362,-24168.6753872931,-17816.275213852525,9,-10.0787150291726,-17809.03282926418,5754,231134130170.0,2347
3,55472955.63033803,55448710.755615234,-24244.8747227937,-17799.121042206883,9,13.516219605691731,-17809.03282926418,5755,231134933510.0,2347
1,61514572.14122355,61489608.13220215,-24964.009021401405,-17816.24169436097,9,-10.045195537619293,-17809.03282926418,5756,231140974440.0,2347
3,78027296.2977289,78000428.96679688,-26867.33093202114,-17800.845712646842,9,11.791549165733159,-17809.03282926418,5757,231157485350.0,2347
3,32738767.80316422,32768666.484283447,29898.68111922592,33702.80568167567,2,-5.865358531475067,33705.73836094141,5781,232113060540.0,2348
2,66316742.26085932,66342745.170043945,26002.909184627235,33708.67104020715,2,5.865358531475067,33705.73836094141,5782,232146634800.0,2348
2,3096960.2557665925,3118152.204650879,21191.948884286452,21551.80429022992,1,,21551.80429022992,5817,234085190660.0,2350
2,40915281.95115653,40926180.891937256,10898.940780729055,15653.146253146231,1,,15653.146253146231,5844,235123876490.0,2351
0,72604803.76928285,72592916.55679321,-11887.212489634752,-3450.8009841293097,2,7.116017192602158,-3454.3589927256107,5869,236156455810.0,2352
3,73061011.43157575,73049064.0934143,-11947.338161438704,-3457.917001321912,2,-7.116017192602158,-3454.3589927256107,5870,236156911960.0,2352
3,6314223.786323847,6333231.363006592,19007.576682744548,19741.266293263063,1,,19741.266293263063,5893,237091053140.0,2353
0,75299276.41534857,75339509.38406372,40232.968715146184,48982.468044772744,2,11.258671537041664,48976.83870900422,5915,238160971180.0,2354
2,79811797.64577347,79851495.01742554,39697.37165206671,48971.2093732357,2,-11.258671537041664,48976.83870900422,5916,238165483190.0,2354
2,21464060.151233584,21524062.68331909,60002.53208550811,62496.57703314349,4,-6.312899310141802,62501.13620493561,5935,239108068880.0,2355
0,44041154.016617775,44098550.77154541,57396.75492763519,62514.175252079964,4,14.79277466237545,62501.13620493561,5936,239130643490.0,2355
1,67633132.71887475,67687773.37976074,54640.660885989666,62499.38247741759,4,-3.507455036044121,62501.13620493561,5937,239154232840.0,2355
1,75647127.13417742,75700840.10580444,53712.971627026796,62502.88993245363,4,3.507455036044121,62501.13620493561,5938,239162245950.0,2355
0,31354806.263260663,31313282.220916748,-41524.04234391451,-37880.72902882472,2,-1.1771713383495808,-37880.14044315554,5964,240118821510.0,2356
0,34577492.14849613,34535594.81906128,-41897.32943484932,-37879.55185748637,2,1.1771713383495808,-37880.14044315554,5965,240122043840.0,2356
2,45748407.43958771,45780931.83917236,32524.399584650993,37840.19648575038,4,-7.044253773987293,37843.71861263737,6029,243136079470.0,2359
1,49015981.47378853,49048124.19494629,32142.721157759428,37838.19815915823,4,-9.042580366134644,37843.71861263737,6030,243139346680.0,2359
3,70120660.6606346,70150370.23388672,29709.573252111673,37857.336453169584,4,17.139967419207096,37843.71861263737,6031,243160449040.0,2359
1,79961741.11397809,79990297.09411621,28555.980138123035,37847.240739524364,4,7.044253773987293,37843.71861263737,6032,243170289020.0,2359
1,42142315.67480585,42167352.114227295,25036.43942144513,29933.221705399454,3,-22.52003025263548,29954.1096483171,6060,244133363180.0,2360
0,67789863.18186164,67811943.62258911,22080.440727472305,29957.37382298708,3,13.708146128803492,29954.1096483171,6061,244159007910.0,2360
3,76364406.47568974,76385487.32180786,21080.84611812234,29954.1096483171,3,8.811884123831987,29954.1096483171,6062,244167581500.0,2360
1,8346854.637217343,8364815.29800415,17960.660786807537,18930.534635925665,4,-6.079846112057567,18935.47588834539,6087,245100480810.0,2361
1,22614979.416077845,22631288.25302124,16308.836943395436,18936.614482037723,4,2.2771873846650124,18935.47588834539,6088,245114747360.0,2361
3,44372047.24208607,44385830.76928711,13783.52720104158,18939.39610285312,4,5.058808200061321,18935.47588834539,6089,245136502020.0,2361
1,68648332.02903959,68659289.68231201,10957.653272420168,18934.337294653058,4,-2.2771873846650124,18935.47588834539,6090,245160775610.0,2361
1,21290153.49513436,21291910.32107544,1756.8259410783648,4230.663574069738,3,-9335.68260589242,13559.033107444644,6115,246114291460.0,2362
2,21551814.066310868,21562868.857788086,11054.79147721827,13559.033107444644,3,4656.871694169939,13559.033107444644,6116,246114562420.0,2362
2,46367968.98395409,46376154.855529785,8185.8715756982565,13573.659252479672,3,4678.810911722481,13559.033107444644,6117,246139375840.0,2362
2,19098215.305428,19119316.716033936,21101.410605937243,23320.553072728217,2,-22.016125712543726,23331.56113558449,6147,247113034340.0,2363
0,29268820.156915765,29288761.796722412,19941.639806646854,23342.56919844076,2,22.016125712543726,23331.56113558449,6148,247123203840.0,2363
0,22209320.988540344,22235412.733703613,26091.74516326934,28672.386682700366,3,-0.5772344898432493,28672.883778959513,6170,248117031890.0,2364
0,23183038.215659216,23209017.475830078,25979.26017086208,28673.044055420905,3,0.40882459096610546,28672.883778959513,6171,248118005500.0,2364
2,72456417.69544727,72476671.40963745,20253.71419018507,28672.883778959513,3,0.16840989887714386,28672.883778959513,6172,248167273420.0,2364
0,11704634.027843744,11743238.015075684,38603.98723194003,39964.022712429985,1,,39964.022712429985,6199,249107463080.0,2365
2,25874249.174334988,25852647.06768799,-21602.106646999717,-18595.61393442005,1,,-18595.61393442005,6267,251123417360.0,2367
3,10653035.476287078,10670588.982696533,17553.50640945509,18791.350000992417,4,27.830200232565403,18777.434900876135,6301,253109954830.0,2369
0,49206776.015691355,49219850.80038452,13074.784693166614,18792.431319504976,4,28.91151874512434,18777.434900876135,6302,253148504300.0,2369
2,60619659.43523586,60631379.17327881,11719.73804295063,18763.519800759852,4,-27.830200232565403,18777.434900876135,6303,253159915890.0,2369
2,77498366.14831074,77508108.03182983,9741.883519098163,18746.90899798274,4,-44.44100300967693,18777.434900876135,6304,253176792710.0,2369
3,24666717.442007758,24680678.081115723,13960.639107964933,16826.821068763733,3,14.528922650963068,16814.395628497005,6320,254124862560.0,2370
1,61349868.44036257,61359549.99966431,9681.55930173397,16810.188663728535,3,-10.419684901833534,16814.395628497005,6321,254161541630.0,2370
3,71040317.90158364,71048877.67321777,8559.77163413167,16814.395628497005,3,-4.109237749129534,16814.395628497005,6322,254171231010.0,2370
2,14610045.616785187,14617145.350372314,7099.733587127179,8797.367222072557,2,7.79270433075726,8793.470869907178,6346,255115666330.0,2371
2,33896200.24858034,33901051.20913696,4850.96055662632,8789.5745177418,2,-7.79270433075726,8793.470869907178,6347,255134950340.0,2371
1,53140130.47879399,53172529.85647583,32399.377681836486,38574.06564876437,1,,38574.06564876437,6369,256155126400.0,2372
0,22287097.897731245,22301849.271972656,14751.374241411686,17341.05315199867,2,70.81352442875504,17305.64638978429,6386,257125163870.0,2373
0,71267875.6119002,71276864.78616333,8989.174263134599,17270.239627569914,2,-70.81352442875504,17305.64638978429,6387,257174139150.0,2373
1,8907231.210706938,8937518.123626709,30286.912919770926,31321.900468349457,1,,31321.900468349457,6411,258112711880.0,2374
1,34370771.05725901,34486546.97186279,115775.91460378468,119769.67194967717,2,-12.016828291118145,119775.68036382273,6441,259139146580.0,2375
2,69138091.13880539,69249839.23535156,111748.0965461731,119781.68877796829,2,12.016828291118145,119775.68036382273,6442,259173910060.0,2375
0,30529233.52406884,30514849.04937744,-14384.474691398442,-10837.089896101505,2,8.92124019190669,-10841.550516197458,6486,261137134600.0,2377
3,46989016.132162854,46972710.16995239,-16305.962210461497,-10846.011136293411,2,-8.92124019190669,-10841.550516197458,6487,261153592550.0,2377
0,60017816.742670566,60026188.640441895,8371.897771328688,15345.747618950903,1,,15345.747618950903,6502,262167505520.0,2378
1,2712235.2797809253,2728437.01663208,16201.736851154827,16516.888628063258,2,2.771497768815607,16515.50287917885,6526,263111070720.0,2379
1,20803272.475451976,20817369.32873535,14096.853283375502,16514.117130294442,2,-2.771497768815607,16515.50287917885,6527,263129159750.0,2379
2,21789580.665664576,21809570.718170166,19990.05250559002,22521.921741295606,3,-10.930955650284886,22521.921741295606,6548,264131051570.0,2380
0,30692614.182635464,30711592.643493652,18978.46085818857,22544.829885881394,3,23.43126122839749,22521.921741295606,6549,264139953640.0,2380
1,65522467.16404842,65537374.56954956,14907.405501142144,22520.875508010387,3,-12.500305578112602,22521.921741295606,6550,264174779610.0,2380
2,57411095.78924896,57409554.18267822,-1541.6065707355738,5129.351877123117,2,5.488256186246872,5126.607749029994,6594,266168409500.0,2382
2,68845458.16521788,68842582.43948364,-2875.725734233856,5123.863620936871,2,-5.488256186246872,5126.607749029994,6595,266179842590.0,2382
2,12644610.04680765,12676336.742370605,31726.695562954992,33195.95280412212,3,80.1991466768086,33124.854641750455,6613,267124532390.0,2383
1,50224794.89948334,50252083.81744385,27288.917960509658,33124.854641750455,3,-26.448096880689263,33124.854641750455,6614,267162108340.0,2383
3,68829514.43994519,68854623.35586548,25108.91592028737,33106.65267314017,3,-53.75104979611933,33124.854641750455,6615,267180710980.0,2383
1,33248503.10838134,33284506.106048584,36002.99766724557,39866.35159979761,3,4.424115225672722,39862.28049607575,6644,268146057180.0,2384
2,42423384.43056652,42458316.56359863,34932.133032113314,39861.57447306812,3,-2.7415748685598373,39862.28049607575,6645,268155231040.0,2384
0,49549913.31921163,49584018.08178711,34104.76257547736,39862.28049607575,3,-1.6825403571128845,39862.28049607575,6646,268162356780.0,2384
0,74537084.18992376,74506660.24365234,-30423.946271419525,-21763.010878697038,1,,-21763.010878697038,6668,269188177890.0,2385
3,17291478.601335645,17285764.268371582,-5714.332964062691,-3705.1266657710075,2,26.859929591417313,-3718.556630566716,6697,270131808170.0,2386
3,69140450.14755201,69128684.2946167,-11765.852935314178,-3731.986595362425,2,-26.859929591417313,-3718.556630566716,6698,270183651370.0,2386
2,8581503.400422981,8602822.189697266,21318.789274284616,22315.92844777368,3,6.686598630622029,22309.54713140428,6730,271123972570.0,2387
3,57085364.451904655,57101040.278808594,15675.826903939247,22308.936566881835,3,-3.801222707144916,22309.54713140428,6731,271172471050.0,2387
0,74843491.38020113,74857104.3885498,13613.008348673582,22309.54713140428,3,-2.8853759234771132,22309.54713140428,6732,271190227210.0,2387
2,32035902.730710402,32110539.830993652,74637.10028325021,78359.55450605229,1,,78359.55450605229,6747,272148408700.0,2388
3,6561051.059937039,6568842.131774902,7791.0718378629535,8553.44187092781,2,8.710035432130098,8549.086853211746,6769,273123837390.0,2389
1,22281291.51812265,22287247.24572754,5955.72760488838,8544.73183549568,2,-8.710035432130098,8549.086853211746,6770,273139555880.0,2389
1,8077233.3743640855,8084204.9572143555,6971.582850269973,7910.127699019387,7,23.157791232690215,7893.498951204121,6792,274126203990.0,2390
3,27303881.320136026,27308611.137268066,4729.817132040858,7902.427848629653,7,15.457940842956305,7893.498951204121,6793,274145428500.0,2390
1,28915048.76082073,28919582.437316895,4533.676496163011,7893.498951204121,7,6.08600228279829,7893.498951204121,6794,274147039480.0,2390
3,38146180.65216497,38149642.59112549,3461.9389605149627,7894.3850334733725,7,7.41512568667531,7893.498951204121,6795,274156269590.0,2390
3,41943715.35005747,41946722.08526611,3006.735208645463,7880.440864369273,7,-13.5011279694736,7893.498951204121,6796,274160066690.0,2390
3,45839580.18671134,45842131.04840088,2550.8616895377636,7877.252528958023,7,-16.68946338072419,7893.498951204121,6797,274163962120.0,2390
0,74187796.8420184,74187047.97387695,-748.8681414425373,7871.48134444654,7,-22.460647892206907,7893.498951204121,6798,274192307190.0,2390
3,40141288.49512424,40128741.394592285,-12547.100531958044,-7882.830256097019,1,,-7882.830256097019,6878,278161754480.0,2394
2,15341592.452433784,15345636.312011719,4043.859577935189,5826.496268060058,2,10.784976448863745,5821.1037798356265,6901,279137809670.0,2395
1,44468850.43666962,44469499.03088379,648.5942141711712,5815.711291611195,2,-10.784976448863745,5821.1037798356265,6902,279166933690.0,2395
3,67176494.85384122,67167649.2487793,-8845.605061918497,-1039.9431130886078,2,-0.014094144105911255,-1039.9360660165548,6924,280190522360.0,2396
0,78422020.80498368,78411868.52520752,-10152.279776155949,-1039.9290189445019,2,0.014094144105911255,-1039.9360660165548,6925,280201766640.0,2396
0,48445683.56310354,48442361.40301514,-3322.160088405013,2307.0503905937076,1,,2307.0503905937076,6949,281172644360.0,2397
0,8642394.834858105,8660560.931274414,18166.096416309476,19170.310950813815,3,5.7679550014436245,19170.310950813815,6971,282133772710.0,2398
3,12250104.031082468,12267851.450378418,17747.41929594986,19170.836387190968,3,6.556109567172825,19170.310950813815,6972,282137380020.0,2398
1,74368669.13946623,74379186.02288818,10516.883421957493,19158.249604433775,3,-12.32406456861645,19170.310950813815,6973,282199491690.0,2398
0,25512652.36318452,25524650.694274902,11998.331090383232,14962.807581726462,3,18.851475801318884,14954.717947550118,6995,283151520120.0,2399
0,56241935.150779866,56250354.76245117,8419.611671306193,14954.717947550118,3,6.717024536803365,14954.717947550118,6996,283182245990.0,2399
3,59331999.042990066,59340038.0769043,8039.033914230764,14933.194264300168,3,-25.56850033812225,14954.717947550118,6997,283185335690.0,2399
0,17752225.529638827,17791235.131103516,39009.60146468878,41072.34486363083,1,,41072.34486363083,7015,284144700100.0,2400
3,1929872.6961857392,1992553.2205200195,62680.524334280286,62904.76845275494,3,-4.791100128786638,62906.2955853492,7038,285129796850.0,2401
3,20458397.53735254,20518933.17022705,60535.63287451118,62912.82352041826,3,7.291501366184093,62906.2955853492,7039,285148323330.0,2401
1,78183089.7610122,78236911.46875,53821.70773780346,62906.2955853492,3,-2.5004012373974547,62906.2955853492,7040,285206041620.0,2401
0,31666845.216402873,31641567.49572754,-25277.720675334334,-21598.14958007261,1,,-21598.14958007261,7062,286160411430.0,2402
1,14964762.785792612,14971506.561950684,6743.776158072054,8482.626625107601,5,48.11106631346047,8440.855817735195,7083,287144586620.0,2403
0,46366942.56272784,46370016.99676514,3074.434037297964,8462.10244770348,5,27.586888909339905,8440.855817735195,7084,287175985300.0,2403
3,49621284.37923014,49623959.424072266,2675.0448421239853,8440.855817735195,5,-4.283056043088436,8440.855817735195,7085,287179239260.0,2403
2,61579842.026489906,61581114.8503418,1272.823851890862,8428.175299853086,5,-23.30383286625147,8440.855817735195,7086,287191196480.0,2403
0,70417166.77040254,70417407.13067627,240.36027373373508,8422.576395615935,5,-28.902737103402615,8440.855817735195,7087,287200032820.0,2403
3,53444810.2593939,53555169.92852783,110359.6691339314,116569.75977221131,3,-8.027114916592836,116569.75977221131,7135,289184925430.0,2405
2,54931277.32952124,55041461.901916504,110184.5723952651,116567.38504699618,3,-11.589202739298344,116569.75977221131,7136,289186411730.0,2405
0,68483328.04594897,68591958.72351074,108630.67756177485,116588.18872725964,3,19.61631765589118,116569.75977221131,7137,289199962300.0,2405
0,68512499.73923275,68519829.18200684,7329.442774087191,15290.3435831815,3,11.8966698423028,15284.46342612803,7162,290200915480.0,2406
2,74222128.22643682,74228788.35119629,6660.124759465456,15284.46342612803,3,3.076434262096882,15284.46342612803,7163,290206624470.0,2406
1,75067163.88657486,75073713.78826904,6549.901694178581,15272.430400550365,3,-14.973104104399681,15284.46342612803,7164,290207469400.0,2406
3,3671125.748870979,3679370.86138916,8245.112518181093,8671.683845394291,1,,8671.683845394291,7202,292137870570.0,2408
1,19466772.51136416,19464026.502197266,-2746.009166892618,-484.04170656204224,1,,-484.04170656204224,7230,293154529580.0,2409
0,34171440.55496094,34195333.72229004,23893.167329102755,27863.763202808797,2,41.22586289793253,27843.15027135983,7254,294170155460.0,2410
2,47370934.23915243,47393252.44793701,22318.20878458023,27822.537339910865,2,-41.22586289793253,27843.15027135983,7255,294183353450.0,2410
2,32874100.821816012,32910209.454467773,36108.632651761174,39928.48241387308,2,-1.4686278402805328,39929.21672779322,7284,295169761750.0,2411
1,74534855.220287,74566124.49493408,31269.27464708686,39929.95104171336,2,1.4686278402805328,39929.21672779322,7285,295211417890.0,2411
0,2885702.49564522,2852474.279296875,-33228.216348344926,-32892.908318134025,3,32.62577289901674,-32924.37328558415,7304,296140649290.0,2412
1,55583372.679800056,55543989.72277832,-39382.95702173561,-32924.37328558415,3,-14.57167827617377,-32924.37328558415,7305,296193341090.0,2412
1,62610783.614215195,62570581.77624512,-40201.83797007799,-32926.69489648193,3,-18.054094622842968,-32924.37328558415,7306,296200367720.0,2412
1,32771421.09693608,32776079.85546875,4658.758532669395,8466.677287913859,2,-14.658106498420238,8474.006341163069,7329,297171393310.0,2413
0,53869674.05199414,53871895.92913818,2221.877144046128,8481.33539441228,2,14.658106498420238,8474.006341163069,7330,297192489240.0,2413
2,32027084.768612575,32035924.633544922,8839.864932347089,12561.294540341944,3,8.682449076324701,12557.83794722706,7353,298171546620.0,2414
3,41399936.70472205,41407684.02209473,7747.31737267971,12557.83794722706,3,3.49755940400064,12557.83794722706,7354,298180918430.0,2414
1,45144272.01581547,45151573.8034668,7301.787651330233,12547.386235304177,3,-12.180008480325341,12557.83794722706,7355,298184662340.0,2414
2,13469918.066526296,13459168.582702637,-10749.483823658898,-9184.328822128475,2,57.193510949611664,-9212.92557760328,7395,300154744670.0,2416
0,60824351.967395425,60808042.87878418,-16309.088611245155,-9241.522333078086,2,-57.193510949611664,-9212.92557760328,7396,300202093800.0,2416
2,59342126.84990597,59358751.68695068,16624.83704471588,23520.17420874536,1,,23520.17420874536,7411,301201500850.0,2417
3,59996283.78284682,60010808.75292969,14524.970082864165,21496.317879654467,2,-10.451044537127018,21501.54340192303,7432,302203082220.0,2418
3,68837322.88826424,68850831.01312256,13508.12485831976,21506.768924191594,2,10.451044537127018,21501.54340192303,7433,302211922290.0,2418
1,53293313.86225796,53246452.57006836,-46861.29218959808,-40668.80487618595,1,,-40668.80487618595,7477,304198155710.0,2420
3,34261807.359021634,34281004.564575195,19197.20555356145,23178.301717966795,1,,23178.301717966795,8501,345215904830.0,2461
1,1118949.6723171459,1135688.0801391602,16738.4078220143,16868.425663803704,6,5.237120722420514,16863.541552674025,8518,346183701700.0,2462
1,11938573.686299518,11954049.656433105,15475.970133587718,16863.188543081284,6,-0.7060191854834557,16863.541552674025,8519,346194520120.0,2462
3,13093828.232363708,13109173.418273926,15345.185910217464,16866.640654474497,6,3.452111393213272,16863.541552674025,8520,346195675250.0,2462
2,14023463.97887849,14038698.3984375,15234.419559009373,16863.894562266767,6,0.7060191854834557,16863.541552674025,8521,346196604780.0,2462
1,29378075.995146416,29391505.486816406,13429.491669990122,16843.116188865155,6,-20.778373401612043,16863.541552674025,8522,346211957670.0,2462
1,67554036.74954411,67563009.34454346,8972.594999343157,16822.125929668546,6,-41.7686325982213,16863.541552674025,8523,346250129380.0,2462
0,53063053.31956695,53059144.37780762,-3908.9417593330145,2256.790124811232,1,,2256.790124811232,8542,347236532730.0,2463
1,69555755.8085601,69592228.62219238,36472.813632279634,44554.93696452677,1,,44554.93696452677,8586,349254858730.0,2465
0,32084116.066927113,32084027.487731934,-88.5791951790452,3639.477240193635,3,40.154311805963516,3618.0616910755634,8611,350218331860.0,2466
3,36458872.190387726,36458253.86505127,-618.3253364562988,3618.0616910755634,3,8.030988128855824,3618.0616910755634,8612,350222706110.0,2466
2,53805281.59009828,53802610.19818115,-2671.3919171243906,3580.58416569978,3,-48.18529993481934,3618.0616910755634,8613,350240050560.0,2466
2,26647881.279688187,26668555.6015625,20674.321874313056,23770.707795824856,2,-3.654722686856985,23772.535157168284,8645,351213793700.0,2467
3,26897455.276890986,26918104.25390625,20648.977015264332,23774.362518511713,2,3.654722686856985,23772.535157168284,8646,351214043250.0,2467
0,66824024.38202092,66858153.22277832,34128.8407573998,41893.5469321087,1,,41893.5469321087,8669,352254899000.0,2468
1,20478723.737409383,20456860.709228516,-21863.028180867434,-19483.475705176592,2,55.10999292135239,-19511.030701637268,8698,353209368910.0,2469
3,67349031.9152655,67321667.6194458,-27364.295819699764,-19538.585698097944,2,-55.10999292135239,-19511.030701637268,8699,353256233970.0,2469
0,50026565.33308703,50009886.173339844,-16679.159747183323,-10866.25661341846,2,37.605017468333244,-10885.059122152627,8727,354239763340.0,2470
1,64415057.13329762,64396668.478637695,-18388.65465992689,-10903.861630886793,2,-37.605017468333244,-10885.059122152627,8728,354254150200.0,2470
3,3023392.6031959653,3017532.8946533203,-5859.708542644978,-5508.401427701116,1,,-5508.401427701116,8753,355193634250.0,2471
2,765842.8193138444,758199.9584960938,-7642.860817750683,-7553.87269524578,3,102.08798222150654,-7634.380669936538,8778,356192253270.0,2472
1,48740838.79084979,48727540.90374756,-13297.887102231383,-7634.380669936538,3,-18.673979814630002,-7634.380669936538,8779,356240222870.0,2472
2,78511270.4116379,78494470.14971924,-16800.26191866398,-7677.540684998035,3,-83.41400240687653,-7634.380669936538,8780,356269989960.0,2472
3,52399806.87748552,52373791.896606445,-26014.980879075825,-19926.315795257688,2,0.9500998631119728,-19926.790845189244,8794,357244780530.0,2473
0,54097435.918974146,54071222.72973633,-26213.189237818122,-19927.2658951208,2,-0.9500998631119728,-19926.790845189244,8795,357246477970.0,2473
1,29696305.481012248,29720355.264526367,24049.783514119685,27500.38513033092,1,,27500.38513033092,8808,358222974360.0,2474
0,23388972.18383731,23421151.783203125,32179.59936581552,34897.3120210357,3,39.65068610012531,34870.944623194635,8829,359217620560.0,2475
2,46465115.30797948,46494587.17687988,29471.86890040338,34870.944623194635,3,0.09958933852612972,34870.944623194635,8830,359240694120.0,2475
0,70575423.21315964,70602066.98626709,26643.77310745418,34844.37804667652,3,-39.75027543865144,34870.944623194635,8831,359264801730.0,2475
1,3601925.4962941078,3569495.620788574,-32429.875505533535,-32011.34499348281,2,90.1957056117244,-32056.44284628867,8852,360198690170.0,2476
0,76455997.67091084,76415012.2241211,-40985.446789741516,-32101.540699094534,2,-90.1957056117244,-32056.44284628867,8853,360271536080.0,2476
0,23349970.584370025,23355961.639038086,5991.054668061435,8704.235480684787,1,,8704.235480684787,8878,361219353060.0,2477
1,41679691.27181952,41676971.44140625,-2719.8304132670164,2123.1966143772006,1,,2123.1966143772006,8896,362238574550.0,2478
3,2146133.0021558143,2142627.56829834,-3505.433857474476,-3256.061085815076,3,44.71646536840126,-3256.061085815076,8921,363199962390.0,2479
0,7538444.453163701,7534318.450927734,-4126.002235966735,-3250.0626807771623,3,53.714072925271466,-3256.061085815076,8922,363205354110.0,2479
3,57174405.37574201,57164410.4274292,-9994.948312811553,-3351.492421589792,3,-98.43053829367273,-3256.061085815076,8923,363254984470.0,2479
3,67520456.99027449,67497331.5458374,-23125.444437086582,-15279.815351441503,3,18.99808929115534,-15295.275475636125,8945,364266185060.0,2480
3,68792303.36666112,68769014.67822266,-23288.68843846023,-15295.275475636125,3,-4.192097000777721,-15295.275475636125,8946,364267456750.0,2480
3,76073077.12706122,76048935.36352539,-24141.7635358274,-15302.351405829191,3,-14.805992290377617,-15295.275475636125,8947,364274736710.0,2480
3,11220510.131880747,11202910.276855469,-17599.855025278404,-16296.072963211685,1,,-16296.072963211685,8973,365210795580.0,2481
3,37956730.2705378,37933844.855651855,-22885.414885945618,-18474.98225144297,1,,-18474.98225144297,8994,366238391200.0,2482
2,3192426.172198165,3217017.300476074,24591.12827790901,24962.076472675893,1,,24962.076472675893,9010,367204534630.0,2483
2,529701.4733890109,548804.1134643555,19102.640075344592,19164.18944084912,3,-4.643098585424013,19164.18944084912,9034,368202829760.0,2484
0,3434641.6121100998,3453428.427307129,18786.81519702915,19185.907936206087,3,27.9346444500261,19164.18944084912,9035,368205734400.0,2484
2,48349692.194877684,48363225.89538574,13533.700508058071,19151.757142663002,3,-23.291545864602085,19164.18944084912,9036,368250644440.0,2484
0,23313680.062216826,23260498.13934326,-53181.922873564065,-50472.95888631046,2,10.123945757746696,-50478.02085918933,9063,369226453990.0,2485
0,50524475.04791081,50468121.20666504,-56353.841245770454,-50483.082832068205,2,-10.123945757746696,-50478.02085918933,9064,369253661760.0,2485
2,50378846.804750465,50334136.84112549,-44709.963624976575,-38856.12667820603,1,,-38856.12667820603,9084,370254397180.0,2486
1,72836545.98727229,72807962.54559326,-28583.441679030657,-20120.102579027414,1,,-20120.102579027414,9105,371277710580.0,2487
2,303435.7424273067,288682.90325927734,-14752.839168029372,-14717.58104934165,4,7.045614272414241,-14721.528664560989,9132,372206095130.0,2488
2,32983933.673902433,32965376.435302734,-18557.23859969899,-14724.626663614064,4,-6.195998106151819,-14721.528664560989,9133,372238772000.0,2488
1,37488528.82533652,37469442.111450195,-19086.71388632804,-14730.684539958835,4,-12.253874450922012,-14721.528664560989,9134,372243276090.0,2488
3,44262427.095800385,44242565.533691406,-19861.56210897863,-14718.430665507913,4,6.195998106151819,-14721.528664560989,9135,372250049250.0,2488
0,3468191.5436902004,3439390.8474121094,-28800.696278091054,-28397.70516010048,3,64.02531180297956,-28421.277638379484,9160,373210106300.0,2489
2,17708842.931066453,17678363.950927734,-30478.980138719082,-28421.277638379484,3,28.666594384470955,-28421.277638379484,9161,373224345350.0,2489
3,71555749.88762915,71518933.18902588,-36816.69860327244,-28502.183305427432,3,-92.69190618745051,-28421.277638379484,9162,373278186210.0,2489
0,38598228.383943304,38561369.91741943,-36858.466523870826,-32373.494164943695,1,,-32373.494164943695,9185,374246128850.0,2490
2,11451430.77837862,11444927.339111328,-6503.439267292619,-5172.825074322522,1,,-5172.825074322522,9209,375219868610.0,2491
2,44208052.07778408,44231338.89776611,23286.81998203695,28423.633248142898,1,,28423.633248142898,9226,376253578620.0,2492
0,2453903.2389020976,2391437.447998047,-62465.79090405069,-62180.65636138525,2,0.5842362744733691,-62180.948479522485,9254,377212666010.0,2493
0,8054454.344783602,7991337.206176758,-63117.13860684447,-62181.24059765972,2,-0.5842362744733691,-62180.948479522485,9255,377218265940.0,2493
3,21140483.42109873,21124819.395324707,-15664.025774024427,-13207.579253867269,1,,-13207.579253867269,9274,378232231010.0,2494
3,52139057.2726381,52171282.69195557,32225.419317469,38283.78625498712,1,,38283.78625498712,9299,379264137830.0,2495
2,19874036.130671106,19853039.52392578,-20996.60674532503,-18687.316748391837,2,-3.695104453712702,-18685.46919616498,9329,380232801970.0,2496
2,21196758.988648057,21175612.381469727,-21146.60717833042,-18683.621643938124,2,3.695104453712702,-18685.46919616498,9330,380234124550.0,2496
1,4078749.458825519,4067775.7040405273,-10973.754784991499,-10499.819079967681,4,74.4842000133358,-10557.924746047705,9354,381217881930.0,2497
2,35159314.805055365,35144687.87561035,-14626.929445013404,-10541.546212114394,4,32.7570678666234,-10557.924746047705,9355,381248959010.0,2497
1,50864797.675268844,50848313.06933594,-16484.60593290627,-10574.303279981017,4,-32.7570678666234,-10557.924746047705,9356,381264662720.0,2497
1,52772330.72816381,52755612.76916504,-16717.95899876952,-10586.008011862636,4,-44.4617997482419,-10557.924746047705,9357,381266570030.0,2497
0,31201090.847431447,31202459.80102539,1368.953593943268,4994.405742343515,3,34.721130853518844,4994.126068431884,9375,382245937110.0,2498
0,33469232.429328263,33470337.553527832,1105.1241995692253,4994.126068431884,3,34.30161998607218,4994.126068431884,9376,382248205000.0,2498
1,62378064.31093927,62375741.45214844,-2322.8587908297777,4925.243154548109,3,-69.02275083959103,4994.126068431884,9377,382277110560.0,2498
2,53696348.92221216,53700189.00866699,3840.0864548310637,10079.404961779714,1,,10079.404961779714,9414,383269342510.0,2499
1,3914761.87746138,3907890.9682006836,-6870.909260696266,-6416.028310266789,3,-18.448526432272047,-6411.00522871688,9453,385221429810.0,2501
0,7129786.216852114,7122573.607543945,-7212.609308168292,-6384.154338952154,3,29.362430539680645,-6411.00522871688,9454,385224644510.0,2501
1,13503229.223247113,13495249.192382812,-7980.030864300206,-6411.00522871688,3,-10.913904107408598,-6411.00522871688,9455,385231017220.0,2501
2,29432271.852412347,29429239.751586914,-3032.100825432688,387.8210529871285,1,,387.8210529871285,9475,386247876510.0,2502
1,16184069.684998708,16169091.570678711,-14978.114319996908,-13097.584870040417,1,,-13097.584870040417,9550,389237321530.0,2505
3,40976223.383329436,40988356.176086426,12132.792756989598,16894.079399973154,1,,16894.079399973154,9564,390263060510.0,2506
0,33439975.189123437,33434645.712890625,-5329.476232811809,-1443.8739477917552,2,-0.2210652008652687,-1443.7634151913226,9585,391256407140.0,2507
0,34511173.6531443,34505719.9286499,-5453.72449439764,-1443.65288259089,2,0.2210652008652687,-1443.7634151913226,9586,391257478220.0,2507
1,13165212.40909195,13145877.836425781,-19334.572666168213,-17804.82334278524,5,38.31205119937658,-17842.9269656986,9608,392237053460.0,2508
2,61841434.08630182,61816404.99499512,-25029.091306701303,-17843.34382227063,5,-0.9582407176494598,-17842.9269656986,9609,392285724250.0,2508
3,72238883.01297823,72212638.85095215,-26244.16202607751,-17850.26916834712,5,-7.883586794137955,-17842.9269656986,9610,392296120540.0,2508
0,77292095.54913382,77265271.5645752,-26823.98455862701,-17842.9269656986,5,-0.33295585960149765,-17842.9269656986,9611,392301173200.0,2508
0,79460374.70418686,79433299.85632324,-27074.84786361456,-17841.844197407365,5,1.2911965772509575,-17842.9269656986,9612,392303341240.0,2508
3,9288801.759856336,9251787.754943848,-37014.00491248816,-35934.680267686024,2,22.886830588802695,-35946.123682980426,9629,393234032850.0,2509
0,55406654.34490141,55364258.72808838,-42395.61681303382,-35957.56709827483,2,-22.886830588802695,-35946.123682980426,9630,393280145570.0,2509
1,2995936.423346479,2956964.471130371,-38971.952216107864,-38623.83540841006,4,20.479021774604917,-38634.07491929736,9658,394228642470.0,2510
2,12004898.00513971,11964885.824523926,-40012.1806157846,-38617.25556406565,4,27.058866119012237,-38634.07491929736,9659,394237650440.0,2510
1,22330789.137057863,22289550.066955566,-41239.07010229677,-38644.31443018466,4,-20.479021774604917,-38634.07491929736,9660,394247975160.0,2510
1,62095204.12350676,62049325.347351074,-45878.77615568787,-38663.54152508825,4,-39.70611667819321,-38634.07491929736,9661,394287735150.0,2510
1,61567364.391154684,61553866.96710205,-13497.424052633345,-6343.522460065782,2,-5.527764149010181,-6340.758577991277,9680,395288102950.0,2511
2,76530256.6999452,76515026.17053223,-15230.529412969947,-6337.994695916772,2,5.527764149010181,-6340.758577991277,9681,395303064190.0,2511
2,16791653.388312776,16786841.352722168,-4812.035590607673,-2860.9071461074054,1,,-2860.9071461074054,9708,396244258080.0,2512
2,11943171.042920489,11869708.660583496,-73462.38233699277,-72074.62973154709,1,,-72074.62973154709,9738,397240239510.0,2513
3,10781569.86716595,10731667.852844238,-49902.014321710914,-48649.23550608568,6,-10.711542313918471,-48639.9449483715,9767,398239945780.0,2514
0,12700544.613349002,12650427.490783691,-50117.12256531045,-48641.36593297124,6,-2.8419691994786263,-48639.9449483715,9768,398241864550.0,2514
2,14412614.518997945,14362288.24597168,-50326.273026265204,-48651.58015967719,6,-13.056195905432105,-48639.9449483715,9769,398243576420.0,2514
0,34459772.12744816,34407149.99523926,-52622.13220889866,-48618.033265568316,6,23.332667402923107,-48639.9449483715,9770,398263621390.0,2514
3,56947554.186498046,56892298.56591797,-55255.62058007717,-48638.52396377176,6,2.8419691994786263,-48639.9449483715,9771,398286106660.0,2514
3,61472709.884319805,61416934.130981445,-55775.753338359296,-48632.85025180131,6,8.51568116992712,-48639.9449483715,9772,398290631320.0,2514
1,555276.1424812829,527416.0756225586,-27860.06685872434,-27795.545810612268,3,-1.1517516042804345,-27795.545810612268,9805,399230572990.0,2515
3,16104725.506750086,16075062.111755371,-29663.39499471523,-27792.085046824068,3,4.039394078019541,-27795.545810612268,9806,399246120720.0,2515
2,54764643.50962526,54730483.35614014,-34160.15348512679,-27796.703071191907,3,-2.887642473739106,-27795.545810612268,9807,399284776350.0,2515
0,67159045.56284766,67113353.23809814,-45692.32474951446,-37888.69034419954,1,,-37888.69034419954,9829,400298057620.0,2516
2,21343893.564172376,21301967.4420166,-41926.122155774385,-39446.040124159306,1,,-39446.040124159306,9851,401253135360.0,2517
3,59877441.178529456,59843716.22772217,-33724.95080728829,-26767.41208458692,1,,-26767.41208458692,9874,402292543650.0,2518
1,1209964.6573936222,1186021.6992797852,-23942.958113837056,-23802.36466509872,4,-4.23435790813528,-23800.247486144654,9898,403234794980.0,2519
2,2505123.922193587,2481034.7056884766,-24089.216505110264,-23798.130307190586,4,4.23435790813528,-23800.247486144654,9899,403236090000.0,2519
0,11527645.38221242,11502515.985900879,-25129.39631154202,-23789.92626155913,4,12.4384035395924,-23800.247486144654,9900,403245111530.0,2519
1,32741453.355753478,32713821.43585205,-27631.91990142688,-23827.48328762874,4,-29.35298043815419,-23800.247486144654,9901,403266322950.0,2519
2,22010610.116840526,22023620.07281494,13009.955974414945,15567.508020460606,5,-10.458033263683319,15577.751642771065,9929,404256503120.0,2520
2,30384817.706324738,30396864.853759766,12047.147435028106,15577.751642771065,5,4.907400202006102,15577.751642771065,9930,404264876410.0,2520
0,37933025.21755366,37944184.09503174,11158.877478078008,15566.555672496557,5,-11.410381227731705,15577.751642771065,9931,404272423770.0,2520
0,42835729.25050824,42846347.621276855,10618.370768614113,15595.725163012743,5,23.095331396907568,15577.751642771065,9932,404277325960.0,2520
3,43674219.69712864,43684723.093688965,10503.396560326219,15578.180464677513,5,5.5506330616772175,15577.751642771065,9933,404278164340.0,2520
1,16018361.293419253,15930871.4710083,-87489.8224109523,-85628.54766741581,5,8.433025270700455,-85636.91230888292,9960,405251356800.0,2521
1,30451708.822954223,30362533.533935547,-89175.28901867568,-85636.91230888292,5,-4.113936929963529,-85636.91230888292,9961,405265788540.0,2521
1,30871555.47727103,30782331.266845703,-89224.21042532846,-85637.0490764901,5,-4.319088340736926,-85636.91230888292,9962,405266208340.0,2521
1,36875233.09247862,36785308.84820557,-89924.24427305162,-85639.47763807327,5,-6.74764992389828,-85636.91230888292,9963,405272211350.0,2521
0,47841535.45499237,47750349.63232422,-91185.82266815007,-85626.81198015064,5,10.168712535873055,-85636.91230888292,9964,405283176450.0,2521
3,18747531.842757225,18731639.613220215,-15892.229537010193,-13713.835200451314,2,9.992059409618378,-13718.831230156124,9997,406254960940.0,2522
0,37017076.03701079,36999050.96148682,-18025.07552397251,-13723.827259860933,2,-9.992059409618378,-13718.831230156124,9998,406273228450.0,2522
3,43816948.37344627,43773859.0090332,-43089.3644130677,-37997.99596080184,1,,-37997.99596080184,10021,407280923900.0,2523
1,24346041.832173996,24319229.086853027,-26812.74532096833,-23983.8246881254,3,-3.1177486293017864,-23983.8246881254,10050,408262319370.0,2524
2,24665633.41075244,24638797.36102295,-26836.049729492515,-23969.993729144335,3,17.628689842298627,-23983.8246881254,10051,408262638940.0,2524
3,67489299.55098684,67457466.12213135,-31833.428855493665,-23991.420149847865,3,-14.51094121299684,-23983.8246881254,10052,408305457840.0,2524
3,24924232.84435321,24936942.450317383,12709.605964172632,15605.710268814117,4,1.8632825426757336,15604.778627542779,10078,409263845660.0,2525
1,43295839.56332453,43306403.24743652,10563.684111990035,15594.501634657383,4,-11.208634156733751,15604.778627542779,10079,409282215220.0,2525
0,48911903.811426654,48921842.921691895,9939.110265240073,15622.493824571371,4,18.646838299930096,15604.778627542779,10080,409287830690.0,2525
2,60370592.0412354,60379181.047180176,8589.005944773555,15603.846986271441,4,-1.8632825426757336,15604.778627542779,10081,409299288090.0,2525
1,21458662.185492046,21428523.973571777,-30138.211920268834,-27644.79419642687,2,34.30000998824835,-27661.944201420993,10111,410261268580.0,2526
2,60736908.37907224,60702171.879211426,-34736.499860815704,-27679.094206415117,2,-34.30000998824835,-27661.944201420993,10112,410300542440.0,2526
2,29725931.029545084,29728648.87438965,2717.8448445647955,6171.8888406939805,2,76.73438117280602,6133.521650107577,10165,412271325480.0,2528
1,70847743.91852379,70845606.82537842,-2137.0931453704834,6095.154459521174,2,-76.73438117280602,6133.521650107577,10166,412312442660.0,2528
0,53477405.56957969,53487791.29748535,10385.727905660868,16599.60599925369,2,8.584575019776821,16595.313711743802,10198,413295987180.0,2529
2,53802440.16691509,53812779.54241943,10339.375504344702,16591.021424233913,2,-8.584575019776821,16595.313711743802,10199,413296312170.0,2529
0,19794010.9141211,19713434.080200195,-80576.8339209035,-78276.84256018698,1,,-78276.84256018698,10230,414263179070.0,2530
1,6317088.410910211,6286341.821044922,-30746.589865288697,-30012.567395915277,2,-22.87579412665218,-30001.12949885195,10262,415250562430.0,2531
0,11134679.307383124,11103395.8069458,-31283.500437323004,-29989.691601788625,2,22.87579412665218,-30001.12949885195,10263,415255379510.0,2531
2,6333940.098220808,6290746.5353393555,-43193.56288145296,-42457.58230791427,3,-19.165211103856564,-42438.521171972156,10289,416251468240.0,2532
0,22238002.943834107,22192980.656555176,-45022.28727893159,-42438.313021648675,3,9.738718294538558,-42438.521171972156,10290,416267370560.0,2532
3,67193204.03231978,67142957.90765381,-50246.12466597557,-42438.521171972156,3,9.426492809318006,-42438.521171972156,10291,416312320780.0,2532
2,6126518.112314609,6094648.624145508,-31869.488169101067,-31157.609268420376,3,-19.205971960909665,-31147.827678874135,10310,417252119530.0,2533
0,33738568.80127717,33703519.52459717,-35049.276680000126,-31128.978914044797,3,23.73955960245803,-31147.827678874135,10311,417279728550.0,2533
1,67416419.03907932,67377437.67114258,-38981.367936745286,-31147.827678874135,3,-4.533587641548365,-31147.827678874135,10312,417313402650.0,2533
3,54917858.516259655,54867253.95428467,-50604.56197498739,-44223.30854006857,1,,-44223.30854006857,10332,418301796620.0,2534
1,63063218.633251056,63022837.63983154,-40380.993419513106,-33053.27905859798,2,4.215006835758686,-33055.38656201586,10382,420311708210.0,2536
2,69994520.81255975,69953330.21228027,-41190.60027948022,-33057.49406543374,2,-4.215006835758686,-33055.38656201586,10383,420318638740.0,2536
1,63586053.27680661,63602027.357910156,15974.081103548408,23362.546929568052,1,,23362.546929568052,10405,421313168840.0,2537
2,79748998.47479272,79780308.36560059,31309.89080786705,40576.43149603903,1,,40576.43149603903,10426,422330315430.0,2538
1,17621319.528181024,17553016.919555664,-68302.60862535983,-66255.07602294162,2,-12.422739904373884,-66248.86465298943,10444,423269033240.0,2539
1,61608390.72029978,61534989.39831543,-73401.32198435068,-66242.65328303725,2,12.422739904373884,-66248.86465298943,10445,423313015450.0,2539
0,37813561.38212169,37764914.71496582,-48646.667155869305,-44252.870220310986,1,,-44252.870220310986,10470,424290107740.0,2540
1,3747797.829120788,3718192.2637939453,-29605.56532684248,-29170.084985536523,5,-1.1212438442744315,-29170.084985536523,10527,426257825500.0,2542
1,7503119.695808787,7473081.985839844,-30037.70996894315,-29165.875020802952,5,5.19370325608179,-29170.084985536523,10528,426261580410.0,2542
1,9799632.637630899,9769329.585144043,-30303.052486855537,-29164.371170444414,5,6.697553614620119,-29170.084985536523,10529,426263876670.0,2542
1,19591526.80371032,19560076.7109375,-31450.0927728191,-29173.62932196632,5,-5.64931879658252,-29170.084985536523,10530,426273667470.0,2542
1,27463837.451581493,27431474.202087402,-32363.249494090676,-29172.052462581545,5,-4.072459411807358,-29170.084985536523,10531,426281538910.0,2542
0,31552265.099810116,31498180.956054688,-54084.14375542849,-50417.88644883782,4,1.5479191169142723,-50418.660408396274,10555,427286511140.0,2543
2,52623577.06230052,52567037.175354004,-56539.88694651425,-50425.22058917582,4,-7.334140338003635,-50418.660408396274,10556,427307580110.0,2543
3,67308996.73997933,67250757.87701416,-58238.86296516657,-50417.80478386581,4,1.629584088921547,-50418.660408396274,10557,427322263910.0,2543
1,75647132.20610696,75587922.85284424,-59209.35326272249,-50419.43436795473,4,-1.5479191169142723,-50418.660408396274,10558,427330601120.0,2543
3,23295783.191299193,23234794.57434082,-60988.616958372295,-58281.732521779835,2,-16.242848321795464,-58273.61109761894,10581,428279102010.0,2544
0,45324807.68784866,45261275.62200928,-63532.065839380026,-58265.48967345804,2,16.242848321795464,-58273.61109761894,10582,428301128610.0,2544
2,41622191.440482676,41589046.33129883,-33145.109183847904,-28308.763425394893,1,,-28308.763425394893,10607,429298331910.0,2545
3,58792880.07315743,58797264.28424072,4384.211083292961,11215.727789364755,1,,11215.727789364755,10626,430316414490.0,2546
1,21204348.748718016,21112304.277160645,-92044.47155737132,-89580.60412073508,5,-6.297666886821389,-89575.41220163181,10652,431279678860.0,2547
2,26050950.54340955,25958348.106445312,-92602.4369642362,-89575.41220163181,5,1.308796539902687,-89575.41220163181,10653,431284524930.0,2547
1,55631132.75414927,55535088.37957764,-96044.37457163632,-89580.24129027873,5,-5.934836430475116,-89575.41220163181,10654,431314101830.0,2547
3,56756850.4390897,56660682.300842285,-96168.13824741542,-89573.2007060647,5,4.626039890572429,-89575.41220163181,10655,431315227430.0,2547
0,63572746.19120568,63475795.496398926,-96950.69480675459,-89563.77521520108,5,14.051530754193664,-89575.41220163181,10656,431322042580.0,2547
2,48218956.947078854,48191681.40142822,-27275.54565063119,-21672.67997159809,1,,-21672.67997159809,10682,432307543820.0,2548
2,2731233.184333643,2689747.863647461,-41485.32068618201,-41167.9614225477,3,-7.178667325526476,-41163.37469356507,10719,433262944070.0,2549
1,52033451.1123068,51986241.64172363,-47209.47058317065,-41163.37469356507,3,-0.2985738515853882,-41163.37469356507,10720,433312240830.0,2549
2,59798076.22191758,59749969.71429443,-48106.507623143494,-41158.19081687927,3,7.477241177111864,-41163.37469356507,10721,433320004600.0,2549
0,5999294.328697975,6009633.762145996,10339.4334480213,11036.529412364587,1,,11036.529412364587,10777,435268001760.0,2551
2,54189393.50616802,54160860.23095703,-28533.2752109915,-22236.666734442115,2,-10.974174171686172,-22231.17964735627,10794,436317097660.0,2552
3,70516041.46793234,70485622.07037354,-30419.397558808327,-22225.69256027043,2,10.974174171686172,-22231.17964735627,10795,436333422510.0,2552
2,7570389.903906351,7555092.730407715,-15297.173498636112,-14417.521999413148,3,-1.0019570896402001,-14417.521999413148,10823,437271379990.0,2553
0,8961177.229897086,8945725.22039795,-15452.009499136358,-14410.753621282056,3,9.150610106997192,-14417.521999413148,10824,437272770630.0,2553
0,65257956.25064381,65235951.22937012,-22005.021273694932,-14422.286463364959,3,-8.148653017356992,-14417.521999413148,10825,437329061160.0,2553
3,18551617.778935473,18504502.266540527,-47115.51239494607,-44959.8825529702,5,-6.067988777533174,-44958.10187857598,10852,438283243920.0,2554
0,25105793.603552938,25057926.875305176,-47866.72824776173,-44949.527249809355,5,9.464965963736176,-44958.10187857598,10853,438289797380.0,2554
3,25337581.807527155,25289665.623779297,-47916.18374785781,-44972.04981201142,5,-18.235247818753123,-44958.10187857598,10854,438290029120.0,2554
0,42550293.07650565,42500402.67852783,-49890.39797782153,-44946.21021836996,5,12.781997403129935,-44958.10187857598,10855,438307239950.0,2554
3,49028422.72250542,48977767.69799805,-50655.02450737357,-44958.10187857598,5,-3.396977186203003,-44958.10187857598,10856,438313717350.0,2554
0,21183663.5107231,21187244.782104492,3581.271381393075,6042.735269352794,2,9.080019872635603,6038.195259416476,10880,439286778930.0,2555
2,21977760.574002013,21981240.49420166,3479.920199647546,6033.655249480158,2,-9.080019872635603,6038.195259416476,10881,439287572930.0,2555
2,19416761.754330184,19366418.980163574,-50342.77416661009,-48086.617772545666,5,-7.718268416821957,-48080.49181961268,10900,440285928620.0,2556
3,38080267.15702576,38027768.20098877,-52498.95603699237,-48074.168870054185,5,9.385926024988294,-48080.49181961268,10901,440304590070.0,2556
3,47158839.35431726,47105279.17858887,-53560.17572839558,-48080.49181961268,5,1.4706609826534986,-48080.49181961268,10902,440313667630.0,2556
2,54720623.98913154,54666188.34643555,-54435.642695993185,-48077.307188645005,5,6.247607434168458,-48080.49181961268,10903,440321228580.0,2556
2,64553505.11460229,64497915.25097656,-55589.863625727594,-48088.98344980925,5,-10.08394568040967,-48080.49181961268,10904,440331060360.0,2556
0,67991379.28442712,67975559.53735352,-15819.747073605657,-7919.398547172546,2,14.933732599020004,-7926.865413472056,10930,441335378500.0,2557
2,69035799.9364157,69019843.89776611,-15956.038649588823,-7934.332279771566,2,-14.933732599020004,-7926.865413472056,10931,441336422790.0,2557
0,24403461.591665197,24386719.604431152,-16741.98723404482,-13906.394636064768,1,,-13906.394636064768,10960,442292703630.0,2558
0,7542075.7762311,7521957.532775879,-20118.243455220945,-19241.881953629665,3,-2.1977329095825553,-19240.1798998788,10985,443276719190.0,2559
2,50671722.68942815,50646594.64147949,-25128.047948658466,-19240.1798998788,3,0.35534771671518683,-19240.1798998788,10986,443319844060.0,2559
3,70477346.092409,70449917.6951294,-27428.39727960527,-19239.188541561365,3,1.8423851928673685,-19240.1798998788,10987,443339647490.0,2559
2,965570.5161640571,935847.7625732422,-29722.753590814886,-29610.557843577117,4,-9.160241361241788,-29603.99595775758,11020,444271048530.0,2560
3,2871112.4832880087,2841177.472961426,-29935.01032658294,-29601.397602215875,4,5.196711083408445,-29603.99595775758,11021,444272953870.0,2560
3,7877034.1866693925,7846520.442016602,-30513.74465279095,-29598.462214278057,4,8.132099021226168,-29603.99595775758,11022,444277959240.0,2560
1,10938101.474429548,10907223.912902832,-30877.561526715755,-29606.594313299283,4,-5.196711083408445,-29603.99595775758,11023,444281019960.0,2560
1,40029778.29945945,40038147.121276855,8368.821817405522,13020.135018132627,3,-9.750740673393011,13020.135018132627,11548,465329260520.0,2581
2,42500533.5814667,42508613.779663086,8080.198196388781,13018.604085288942,3,-12.047139938920736,13020.135018132627,11549,465331731000.0,2581
3,79860130.33171853,79863892.04534912,3761.7136305868626,13041.167432323098,3,21.797880612313747,13020.135018132627,11550,465369086480.0,2581
2,11052032.694201924,11036070.27130127,-15962.422900654376,-14678.2172979936,5,-5.311976188793778,-14675.714201766998,11581,466301198860.0,2582
1,19555772.375963688,19538824.35284424,-16948.023119449615,-14675.714201766998,5,-1.5573318488895893,-14675.714201766998,11582,466309701660.0,2582
1,21194939.215908587,21177795.50164795,-17143.71426063776,-14680.94017715007,5,-8.034855345264077,-14675.714201766998,11583,466311340640.0,2582
0,34594286.32937045,34575623.14776611,-18663.181604333222,-14643.452604837716,5,33.513145042583346,-14675.714201766998,11584,466324738540.0,2582
1,41612230.53722133,41592725.252441406,-19505.284779921174,-14670.096441842616,5,6.869308037683368,-14675.714201766998,11585,466331755680.0,2582
0,40178136.52208544,40154683.85467529,-23452.66741015017,-18784.1155289039,1,,-18784.1155289039,11602,467331200860.0,2583
2,25660022.262878057,25656868.903686523,-3153.359191533178,-171.75885916501284,4,18.14934851974249,-180.83353342488408,11629,468317601300.0,2584
0,29699504.232100785,29695887.09124756,-3617.140853226185,-166.1675538867712,4,23.740653797984123,-180.83353342488408,11630,468321640340.0,2584
2,38739561.68818771,38734868.27697754,-4693.411210171878,-192.0164404436946,4,-20.257581278681755,-180.83353342488408,11631,468330679370.0,2584
3,45445692.59594144,45440222.06518555,-5470.530755892396,-189.90820768475533,4,-18.14934851974249,-180.83353342488408,11632,468337384760.0,2584
3,25274647.417658683,25334657.24633789,60009.82867920771,62946.649870123714,3,-10.15455267764628,62950.36584529281,11650,469318205580.0,2585
0,28048958.208477847,28108662.265563965,59704.057086117566,62963.243000309914,3,14.735142601653934,62950.36584529281,11651,469320979600.0,2585
3,76824145.20722419,76878168.8895874,54023.68236321211,62950.36584529281,3,-4.580589924007654,62950.36584529281,11652,469369749370.0,2585
2,22358444.715577,22395179.453796387,36734.73821938783,39332.70736813918,2,-11.799705661833286,39338.607220970094,11670,470316242500.0,2586
0,32539150.90271852,32574714.47998047,35563.577261947095,39344.50707380101,2,11.799705661833286,39338.607220970094,11671,470326422090.0,2586
1,40903278.09756109,40930169.71624756,26891.61868646741,31644.429355189204,2,-9.763886414468288,31649.31129839644,11695,471335749140.0,2587
3,53134223.479923576,53159703.671569824,25480.191646248102,31654.193241603673,2,9.763886414468288,31649.31129839644,11696,471347978740.0,2587
3,33932700.81317517,33896528.28826904,-36172.524906128645,-32229.66971347481,3,-9.470614269375801,-32229.66971347481,11711,472329644770.0,2588
1,34821246.34453547,34784963.490356445,-36282.854179024696,-32236.753259442747,3,-20.095933221280575,-32229.66971347481,11712,472330533210.0,2588
0,58702629.2104098,58663604.535583496,-39024.674826301634,-32203.644938968122,3,29.566547490656376,-32229.66971347481,11713,472354411980.0,2588
2,55814102.77760513,55788566.96179199,-25535.81581313908,-19050.42208714038,2,-10.806197881698608,-19045.018988199532,11738,473352408380.0,2589
0,62814157.55317035,62787819.16290283,-26338.390267521143,-19039.615889258683,2,10.806197881698608,-19045.018988199532,11739,473359407670.0,2589
3,46578318.93811269,46574803.771972656,-3515.166140034795,1897.063428759575,2,-5.707750953733921,1899.9173042364419,11759,474344037860.0,2590
2,67044580.82114385,67038693.25830078,-5887.562843069434,1902.7711797133088,2,5.707750953733921,1899.9173042364419,11760,474364501860.0,2590
3,8332928.389729123,8324927.036804199,-8001.3529249234125,-7033.097254608758,3,-10.180340452119708,-7026.544331593439,11778,475306696350.0,2591
3,13305312.75975179,13296740.186950684,-8572.572801105678,-7026.544331593439,3,-0.35095592914149165,-7026.544331593439,11779,475311668190.0,2591
2,36342187.91072003,36330945.79248047,-11242.118239559233,-7019.289496719837,3,10.5312963812612,-7026.544331593439,11780,475334702520.0,2591
2,49872791.31010127,49853801.65899658,-18989.651104688644,-13194.615947552025,2,-8.219630911946297,-13190.506132096052,11803,476349097670.0,2592
2,59754037.89827755,59733908.302246094,-20129.596031457186,-13186.396316640079,2,8.219630911946297,-13190.506132096052,11804,476358977830.0,2592
1,28257047.209201448,28225309.166931152,-31738.042270295322,-28454.677178572863,1,,-28454.677178572863,11830,477328376610.0,2593
2,14586349.706497898,14586941.8883667,592.1818688008934,2287.062126012519,1,,2287.062126012519,11854,478315578390.0,2594
3,16986485.078189783,17006215.50189209,19730.423702307045,21704.19087351486,3,1.1812078803777695,21704.19087351486,11873,479318910090.0,2595
2,28523605.754850578,28541993.203796387,18387.448945809156,21701.787161409855,3,-2.4243602771312,21704.19087351486,11874,479330445930.0,2595
1,61442850.64797735,61457415.44659424,14564.798616886139,21704.23216985911,3,1.2431523967534304,21704.19087351486,11875,479363361530.0,2595
2,8608978.227987364,8564055.851928711,-44922.376058653,-43922.044411120936,2,-21.142142770811915,-43911.47333973553,11895,480311365450.0,2596
0,56747590.677006334,56697095.91314697,-50494.76385936141,-43900.902268350124,2,21.142142770811915,-43911.47333973553,11896,480359498750.0,2596
0,57433746.07817462,57437568.869384766,3822.791210144758,10496.381538383663,1,,10496.381538383663,11923,481361100440.0,2597
3,13451816.886495363,13459543.19317627,7726.306680906564,9289.358391806483,2,-0.09671366214752197,9289.406748637557,11941,482318007710.0,2598
1,19229136.896795508,19236191.996826172,7055.100030664355,9289.45510546863,2,0.09671366214752197,9289.406748637557,11942,482323784390.0,2598
2,12399993.47701785,12398333.565429688,-1659.9115881621838,-219.07789387740195,3,-20.279322432354093,-202.341990403831,11971,483317865820.0,2599
0,35132248.309153885,35127970.8157959,-4277.493357986212,-195.2551524862647,3,15.45478965435177,-202.341990403831,11972,483340595580.0,2599
0,52735285.75148758,52728955.76300049,-6329.988487094641,-202.341990403831,3,4.824532778002322,-202.341990403831,11973,483358196660.0,2599
1,34656427.84636584,34650058.35595703,-6369.490408807993,-2342.540793299675,2,-11.069378271698952,-2337.0061041638255,11996,484340978110.0,2600
1,67830522.35155194,67820309.22259521,-10213.128956720233,-2331.471415027976,2,11.069378271698952,-2337.0061041638255,11997,484374148540.0,2600
0,15909035.529620774,15908356.2477417,-679.2818790748715,1169.2896122839302,2,29.50573948584497,1154.5367425410077,12025,485323148720.0,2601
2,37410627.33728357,37407420.14367676,-3207.1936068087816,1139.7838727980852,2,-29.50573948584497,1154.5367425410077,12026,485344647900.0,2601
1,53641632.145653635,53649227.29351807,7595.147864431143,13828.108482927084,1,,13828.108482927084,12061,486361768160.0,2602
1,12169349.446800815,12189065.781982422,19716.335181606933,21130.36888678372,3,15.701806221157312,21130.36888678372,12078,487321237340.0,2603
2,21383019.144920193,21401676.02996826,18656.88504806906,21141.513328447938,3,32.418468717485666,21130.36888678372,12079,487330450000.0,2603
1,60016743.32030284,60030857.416015625,14114.095712788403,21087.820832677186,3,-48.12027493864298,21130.36888678372,12080,487369079390.0,2603
2,78813956.80598234,78863050.52832031,49093.7223379761,58251.61461883783,1,,58251.61461883783,12098,488388799010.0,2604
2,20139463.092613615,20188579.750427246,49116.657813631,51456.789448574185,2,-19.40551245212555,51466.49220480025,12124,489331096540.0,2605
3,69848141.23610207,69891501.33361816,43360.09751608968,51476.19496102631,2,19.40551245212555,51466.49220480025,12125,489380799730.0,2605
0,28954882.22312372,28941402.13043213,-13480.092691592872,-10115.641734547913,2,19.74607565999031,-10125.514772377908,12168,491341620220.0,2607
1,56047233.70789631,56030585.837402344,-16647.87049396336,-10135.387810207903,2,-19.74607565999031,-10125.514772377908,12169,491368709550.0,2607
2,10358418.828307455,10360679.498474121,2260.670166665688,3464.2803858965635,4,-8.311005592346191,3469.5099399499595,12188,492323887810.0,2608
2,34528374.627470165,34527828.98565674,-545.6418134272099,3466.4284884110093,4,-6.16290307790041,3469.5099399499595,12189,492348055090.0,2608
0,54248878.89118595,54246052.49890137,-2826.392284579575,3477.1281752064824,4,10.699686795473099,3469.5099399499595,12190,492367773420.0,2608
0,61791969.17621332,61788261.76776123,-3707.4084520861506,3472.5913914889097,4,6.16290307790041,3469.5099399499595,12191,492375315670.0,2608
1,6928610.625827072,6915518.760314941,-13091.865512130782,-12286.786407631822,4,-11.085824836976826,-12281.243495213334,12216,493321359140.0,2609
0,23292770.01170721,23277790.397094727,-14979.614612482488,-12273.080296292901,4,13.706111338920891,-12281.243495213334,12217,493337721500.0,2609
0,23811080.058950253,23796037.598327637,-15042.460622616112,-12275.700582794845,4,11.085824836976826,-12281.243495213334,12218,493338239750.0,2609
1,53507176.778995305,53488637.24572754,-18539.533267766237,-12322.195868991315,4,-46.49528619647026,-12281.243495213334,12219,493367932510.0,2609
1,41467500.34943183,41453033.27288818,-14467.07654364407,-9648.705321758986,2,14.960881926119328,-9656.185762722045,12253,494356744230.0,2610
2,49491614.35439569,49476199.94439697,-15414.409998714924,-9663.666203685105,2,-14.960881926119328,-9656.185762722045,12254,494364767440.0,2610
1,8214800.51139079,8188231.612121582,-26568.899269208312,-25614.36962444894,5,-24.110966058447957,-25590.60492079705,12277,495324388590.0,2611
3,24055761.386577323,24027366.07409668,-28395.31248064339,-25600.121369317174,5,-9.862710926681757,-25590.60492079705,12278,495340227810.0,2611
2,45293734.96386087,45262881.39331055,-30853.570550322533,-25590.60492079705,5,4.411961853504181,-25590.60492079705,12279,495361463440.0,2611
3,62452444.214402,62419598.73980713,-32845.47459486872,-25588.72997792065,5,6.633167136460543,-25590.60492079705,12280,495378620250.0,2611
1,69514617.8611186,69480950.60546875,-33667.25564984977,-25589.912395983934,5,5.450749073177576,-25590.60492079705,12281,495385681640.0,2611
3,5919628.042676615,5957793.181945801,38165.139269186184,38852.9783037249,3,12.36029852880165,38852.9783037249,12331,497323951990.0,2613
0,8370263.426069222,8408149.94897461,37886.522905386984,38859.11676978413,3,21.567997617647052,38852.9783037249,12332,497326402360.0,2613
2,32851232.830302898,32886237.756958008,35004.92665510997,38822.119240608066,3,-33.9282961464487,38852.9783037249,12333,497350880580.0,2613
2,40989349.837333106,40941578.895996094,-47770.941337011755,-43008.12944828719,4,-14.365166060626507,-43000.946865256876,12359,498359855290.0,2614
0,59138074.57288143,59088210.89654541,-49863.67633602023,-42992.04929704964,4,16.080151237547398,-43000.946865256876,12360,498378002020.0,2614
0,63523542.182430044,63473167.21588135,-50374.96654869616,-42993.76428222656,4,14.365166060626507,-43000.946865256876,12361,498382387000.0,2614
3,78296410.56871125,78244297.44555664,-52113.123154610395,-43015.36784546077,4,-21.603563234210014,-43000.946865256876,12362,498397158210.0,2614
0,35597091.62847188,35629452.61907959,32360.990607708693,36497.24189944565,2,8.329980224370956,36493.07690933347,12384,499355389500.0,2615
3,56488724.67892639,56518649.808532715,29925.129606321454,36488.91191922128,2,-8.329980224370956,36493.07690933347,12385,499376278810.0,2615
2,26922600.609851573,26911283.002807617,-11317.607043955475,-8189.299745380878,3,16.031701140105724,-8200.09704002738,12428,501348506350.0,2617
2,40371881.5408974,40358990.3795166,-12891.161380797625,-8200.09704002738,3,-0.16424082964658737,-8200.09704002738,12429,501361954130.0,2617
1,53770366.51538895,53755908.03045654,-14458.484932407737,-8210.565853014588,3,-15.867460310459137,-8200.09704002738,12430,501375351120.0,2617
1,3796132.4352347218,3810898.736022949,14766.300788227469,15207.397433220875,4,-16.648915969301015,15221.144722618163,12451,502326262190.0,2618
0,24095054.836432204,24107479.125915527,12424.289483323693,15224.046349190176,4,5.803253144025803,15221.144722618163,12452,502346558880.0,2618
3,38407296.38643954,38418051.84277344,10755.456333898008,15218.24309604615,4,-5.803253144025803,15221.144722618163,12453,502360869530.0,2618
3,61221966.79814012,61230078.64819336,8111.8500532358885,15225.617714211345,4,7.374618165194988,15221.144722618163,12454,502383681680.0,2618
3,78375573.90605794,78356174.71008301,-19399.19597493112,-10292.242176771164,1,,-10292.242176771164,12477,503401744090.0,2619
2,27217474.805208355,27202171.86871338,-15302.936494976282,-12140.365898035467,2,54.59049329906702,-12167.661144685,12500,504351460240.0,2620
3,66618124.85132228,66598189.11352539,-19935.737796887755,-12194.956391334534,2,-54.59049329906702,-12167.661144685,12501,504390856470.0,2620
1,31396744.12473466,31391453.98284912,-5290.141885537654,-1641.955544989556,2,1.557895291596651,-1642.7344926353544,12528,505356550950.0,2621
0,69901241.8474485,69891476.06646729,-9765.780981212854,-1643.5134402811527,2,-1.557895291596651,-1642.7344926353544,12529,505395051180.0,2621
2,1549121.8186157825,1586645.8468017578,37524.02818597527,37704.030451053055,4,40.64510146644898,37668.610401667655,12552,506327616410.0,2622
1,29074331.71152575,29108627.216430664,34295.50490491465,37673.8354537487,4,10.450104162096977,37668.610401667655,12553,506355138540.0,2622
1,34713016.90844487,34746646.76873779,33629.86029292643,37663.385349586606,4,-10.450104162096977,37668.610401667655,12554,506360776590.0,2622
3,65291459.38600529,65321511.65155029,30052.265545003116,37638.89329659939,4,-34.94215714931488,37668.610401667655,12555,506391351620.0,2622
0,3288942.553718291,3277498.007751465,-11444.54596682638,-11062.382923051715,2,-8.549829095602036,-11058.108008503914,12603,508331144130.0,2624
0,78131736.3258092,78111603.87194824,-20132.45386095345,-11053.833093956113,2,8.549829095602036,-11058.108008503914,12604,508405978640.0,2624
0,25049451.697313674,25029273.30883789,-20178.38847578317,-17267.734200380743,2,10.404758274555206,-17272.93657951802,12626,509353791540.0,2625
3,34847297.66947336,34825970.402526855,-21327.26694650203,-17278.138958655298,2,-10.404758274555206,-17272.93657951802,12627,509363588290.0,2625
3,31089663.564781662,31080721.706604004,-8941.85817765817,-5329.353470206261,1,,-5329.353470206261,12656,510360681450.0,2626
0,28916243.888264354,28918760.116088867,2516.227824512869,5876.189148973674,1,,5876.189148973674,12682,511359421650.0,2627
1,5384256.52636626,5379130.0859375,-5126.440428759903,-4500.8095978861675,3,-19.590068929828703,-4489.152718748897,12706,512336763330.0,2628
2,25480501.46364513,25473051.570251465,-7449.893393665552,-4489.152718748897,3,-2.1047502239234746,-4489.152718748897,12707,512356857360.0,2628
2,78798453.04126304,78784823.66412354,-13629.377139508724,-4473.28633916378,3,21.694819153752178,-4489.152718748897,12708,512410169420.0,2628
2,10962041.366124146,10942128.7109375,-19912.655186645687,-18638.906245751306,1,,-18638.906245751306,12730,513343240820.0,2629
3,29340854.18553807,29363276.253234863,22422.067696794868,25831.36717811972,3,25.85640823468566,25809.24321344495,12752,514362510480.0,2630
1,54632596.011758864,54652049.68310547,19453.671346604824,25801.77832632512,3,-18.52686945721507,25809.24321344495,12753,514387799390.0,2630
2,73542273.67355844,73559537.57470703,17263.901148587465,25809.24321344495,3,-7.329538777470589,25809.24321344495,12754,514406706980.0,2630
2,76164763.71823108,76183717.89221191,18954.1739808321,27804.239755928516,1,,27804.239755928516,12774,515410278660.0,2631
1,19983208.01936294,19940830.37121582,-42377.64814712107,-40055.6727777347,1,,-40055.6727777347,12795,516354935850.0,2632
2,12492118.08808415,12482716.664916992,-9401.423167157918,-7949.884931460023,4,18.42010898143053,-7961.583452824503,12835,518349180410.0,2634
2,20047240.146367997,20036955.86883545,-10284.277532547712,-7954.861865207553,4,13.443175233900547,-7961.583452824503,12836,518356734690.0,2634
0,45930591.3751106,45917286.10406494,-13305.271045655012,-7968.3050404414535,4,-13.443175233900547,-7961.583452824503,12837,518382615160.0,2634
2,79706138.79545209,79688863.7232666,-17275.072185486555,-8013.511634618044,4,-58.64976941049099,-7961.583452824503,12838,518416386920.0,2634
3,370792.87081125577,355506.94342041016,-15285.927390845609,-15242.842621256365,4,27.260587106691673,-15263.669894064777,12855,519337945580.0,2635
1,11342002.836880796,11325427.70123291,-16575.1356478855,-15257.236579766497,4,12.866628596559167,-15263.669894064777,12856,519348915560.0,2635
1,19600700.738654826,19583153.106018066,-17547.63263675943,-15270.103208363056,4,-12.866628596559167,-15263.669894064777,12857,519357173330.0,2635
0,70763604.27038635,70740066.83703613,-23537.433350220323,-15314.962463378906,4,-57.725883612409234,-15263.669894064777,12858,519408330520.0,2635
1,13792725.8196746,13770538.19946289,-22187.62021170929,-20584.956135002896,3,-12.883970640599728,-20578.12046604976,12905,521353121510.0,2637
2,23408484.37667256,23385186.276306152,-23298.100366406143,-20578.12046604976,3,-2.630467210896313,-20578.12046604976,12906,521362736210.0,2637
0,61712476.2294227,61684739.44250488,-27736.786917820573,-20566.023862674832,3,15.51443785149604,-20578.12046604976,12907,521401035970.0,2637
1,8960426.738223447,8985495.070495605,25068.332272158936,26109.500945637003,1,,26109.500945637003,12934,522349183830.0,2638
3,70201912.5169222,70222860.91705322,20948.40013101697,29105.604499310255,1,,29105.604499310255,12958,523411356980.0,2639
3,10801270.554339755,10758102.73602295,-43167.81831680611,-41912.750353695825,2,-6.83719483204186,-41909.331756279804,12981,524352803290.0,2640
3,16209792.962626088,16166003.531066895,-43789.43155919388,-41905.91315886378,2,6.83719483204186,-41909.331756279804,12982,524358211220.0,2640
3,30992750.364923127,30975308.541503906,-17441.823419220746,-13840.579669609666,3,34.275534838438034,-13854.280313938856,13019,525373875930.0,2641
1,39696698.43291087,39678231.54205322,-18466.89085764438,-13854.280313938856,3,13.724568344652653,-13854.280313938856,13020,525382578900.0,2641
3,79851588.60542977,79828414.7140503,-23173.891379475594,-13895.430094957352,3,-48.00010318309069,-13854.280313938856,13021,525422729300.0,2641
2,36700665.44138244,36714960.58441162,14295.14302918315,18559.625544324517,1,,18559.625544324517,13041,526380461210.0,2642
0,12878832.761949327,12895631.795166016,16799.033216688782,18295.50627700612,3,-10.447704592719674,18295.50627700612,13070,527357573110.0,2643
2,21596022.149989434,21611794.724243164,15772.574253730476,18281.952700894326,3,-30.77806876040995,18295.50627700612,13071,527366289320.0,2643
0,76565474.57178858,76574907.90014648,9433.32835790515,18329.955262303352,3,41.225773353129625,18295.50627700612,13072,527421252730.0,2643
0,6230493.81324687,6220214.724365234,-10279.088881636038,-9555.128386431374,4,80.54593549575657,-9619.452940553427,13094,528351772950.0,2644
3,31510152.815177478,31496888.219604492,-13264.595572985709,-9603.231559179723,4,32.44276274740696,-9619.452940553427,13095,528377049760.0,2644
1,46018712.75623381,46003729.87652588,-14982.879707932472,-9635.67432192713,4,-32.44276274740696,-9619.452940553427,13096,528391556680.0,2644
3,73523425.88790321,73505221.35681152,-18204.531091690063,-9661.379070296884,4,-58.14751111716032,-9619.452940553427,13097,528419058320.0,2644
2,12989424.065727115,13045698.568725586,56274.50299847126,57783.826362062246,2,-14.812895771116018,57791.2328099478,13127,529359506020.0,2645
3,52758615.54125589,52810283.82318115,51668.28192526102,57798.63925783336,2,14.812895771116018,57791.2328099478,13128,529399270820.0,2645
0,224826.3868996326,238778.02166748047,13951.634767847863,13977.758768171712,2,30.857568298641127,13962.329984022392,13156,530347683380.0,2646
1,3605801.8449884467,3619329.765258789,13527.92027034238,13946.901199873071,2,-30.857568298641127,13962.329984022392,13157,530351063950.0,2646
2,4225903.975154825,4268767.723083496,42863.74792867154,43354.78244796395,5,-1.1359502393752337,43354.78244796395,13205,532353518250.0,2648
0,21999973.404185113,22040781.7467041,40808.342518989,43364.65861809626,5,13.678304959088564,43354.78244796395,13206,532371290360.0,2648
0,28835158.7538488,28875174.83807373,40016.084224931896,43366.62375461683,5,15.64344147965312,43354.78244796395,13207,532378124790.0,2648
1,47878073.5303033,47915852.01037598,37778.480072677135,43341.73635081202,5,-17.9841822180897,43354.78244796395,13208,532397165570.0,2648
2,68170886.46171133,68206312.43328857,35425.97157724202,43347.178178310394,5,-12.54235471971333,43354.78244796395,13209,532417456140.0,2648
3,3534673.1017889897,3579892.0583496094,45218.95656061964,45629.67259146087,2,61.36784650199115,45598.98866820987,13228,533353753560.0,2649
1,48492525.64408298,48532459.29547119,39933.65138821304,45568.30474495888,2,-61.36784650199115,45598.98866820987,13229,533398706370.0,2649
3,17900921.7074117,17888920.378601074,-12001.328810624778,-9921.307462017983,2,45.92849740758538,-9944.271710721776,13273,535369843460.0,2651
3,48484526.19345197,48468925.23364258,-15600.95980939269,-9967.235959425569,2,-45.92849740758538,-9944.271710721776,13274,535400423630.0,2651
1,35223892.14076808,35209403.8649292,-14488.275838881731,-10395.388956777751,2,29.415373794734478,-10410.096643675119,13304,536388012450.0,2652
2,60572480.091875985,60555016.987854004,-17463.10402198136,-10424.804330572486,2,-29.415373794734478,-10410.096643675119,13305,536413358200.0,2652
1,1537577.7266733455,1522874.5991210938,-14703.127552251797,-14524.466668253997,5,-2.418896889546886,-14524.466668253997,13337,537355213320.0,2653
3,6387792.88819284,6372538.408935547,-15254.479257293046,-14512.241187371314,5,15.919324434478767,-14524.466668253997,13338,537360063010.0,2653
0,22333676.4221799,22316572.304382324,-17104.11779757589,-14509.026633538306,5,19.13387826748658,-14524.466668253997,13339,537376007130.0,2653
0,62902054.08551809,62880213.24353027,-21840.84198781848,-14531.854355357587,5,-13.500427544931881,-14524.466668253997,13340,537416570990.0,2653
1,70256656.95947018,70233943.53027344,-22713.429196745157,-14549.863725304604,5,-31.50979749194812,-14524.466668253997,13341,537423924760.0,2653
2,10260841.873179642,10290006.266113281,29164.392933638766,30356.665069105104,4,18.53671474941075,30339.23785432242,13363,538364830960.0,2654
2,32561599.03752806,32588155.846679688,26556.809151627123,30340.347354289144,4,2.218999933451414,30339.23785432242,13364,538387129230.0,2654
3,44263287.76306863,44288482.659973145,25194.89690451324,30338.128354355693,4,-2.218999933451414,30339.23785432242,13365,538398829620.0,2654
3,78341657.27947488,78362868.64385986,21211.36438497901,30314.377195715904,4,-25.97015857324004,30339.23785432242,13366,538432904190.0,2654
2,6623058.0580697805,6609372.552124023,-13685.505945757031,-12915.930927273817,2,69.85533556621522,-12950.858595056925,13391,539362112640.0,2655
3,76872411.29842433,76850493.22033691,-21918.07808741927,-12985.786262840033,2,-69.85533556621522,-12950.858595056925,13392,539432354140.0,2655
0,76932297.9509981,76928709.69781494,-3588.253183156252,5350.99725048244,1,,5350.99725048244,13413,540433303810.0,2656
2,5543281.458538188,5591183.846313477,47902.387775288895,48546.49671914987,3,2.780075864866376,48546.49671914987,13440,541362838120.0,2657
3,31346257.66005514,31391154.515563965,44896.85550882667,48539.17550762743,3,-8.201741418801248,48546.49671914987,13441,541388638230.0,2657
0,54661561.8325375,54703758.617614746,42196.78507724404,48548.257778942585,3,5.421665553934872,48546.49671914987,13442,541411950960.0,2657
0,6518528.723413633,6556130.962646484,37602.23923285119,38359.66832660511,3,0.7293379912152886,38359.66832660511,13461,542364780510.0,2658
3,11776759.560026247,11813742.569335938,36983.009309690446,38351.42551208846,3,-11.634883783757687,38359.66832660511,13462,542370038150.0,2658
0,37527977.678637415,37561983.517944336,34005.83930692077,38366.45246513933,3,10.905545792542398,38359.66832660511,13463,542395786530.0,2658
2,51694363.72163491,51648024.07763672,-46339.64399819076,-40332.94881784171,2,-3.283770613372326,-40331.30693253502,13482,543410794020.0,2659
0,66737337.14711647,66689252.84863281,-48084.29848365486,-40329.665047228336,2,3.283770613372326,-40331.30693253502,13483,543425835330.0,2659
1,78472889.15303424,78450666.30786133,-22222.845172911882,-13104.58370050788,1,,-13104.58370050788,13511,544438454180.0,2660
1,35751403.58339584,35734763.767211914,-16639.816183924675,-12485.634409844875,2,-16.193833149969578,-12477.53749326989,13542,545396632540.0,2661
1,42400374.07231221,42382977.86401367,-17396.208298541605,-12469.440576694906,2,16.193833149969578,-12477.53749326989,13543,545403280790.0,2661
1,16380388.842604004,16355153.206298828,-25235.63630517572,-23332.295290226117,4,26.448950042948127,-23345.51976524759,13617,548379852080.0,2664
0,26514683.45061526,26488278.483154297,-26404.967460963875,-23324.058637928218,4,34.685602340847254,-23345.51976524759,13618,548389985260.0,2664
3,42646885.528490566,42618571.372802734,-28314.155687831342,-23358.744240269065,4,-26.448950042948127,-23345.51976524759,13619,548406115640.0,2664
1,63391230.360894114,63360469.357788086,-30761.00310602784,-23395.174987211823,4,-62.87969698570669,-23345.51976524759,13620,548426857650.0,2664
2,50663545.541391,50646832.83081055,-16712.710580453277,-10825.792686238885,1,,-10825.792686238885,13642,549415031270.0,2665
1,17466716.646952756,17501296.790039062,34580.14308630675,36609.71140181273,2,-7.091257750988007,36613.257030688226,13664,550382746000.0,2666
0,61360392.82279037,61389879.77319336,29486.950402989984,36616.80265956372,2,7.091257750988007,36613.257030688226,13665,550426634820.0,2666
2,6127572.664216361,6087734.885498047,-39837.77871831413,-39125.77728257608,1,,-39125.77728257608,13693,551372285750.0,2667
0,29230358.264674388,29182391.194458008,-47967.07021638006,-44570.60995518789,3,-0.85140585526824,-44570.60995518789,13721,552396227920.0,2668
0,35049808.82017956,35001159.77062988,-48649.04954967648,-44576.39050997794,3,-9.522238040342927,-44570.60995518789,13722,552402046720.0,2668
0,77736925.14054501,77683329.26879883,-53595.87174618244,-44563.1265886873,3,10.373643895611167,-44570.60995518789,13723,552444729120.0,2668
1,1569091.5769001702,1541131.3950195312,-27960.181880638935,-27777.859203001484,1,,-27777.859203001484,13755,553369453100.0,2669
2,13959575.157196036,13945445.48461914,-14129.672576894984,-12507.621220041066,2,6.804456055164337,-12511.023448068649,13788,554382695910.0,2670
1,14463447.789097965,14449252.763916016,-14195.025181949139,-12514.42567609623,2,-6.804456055164337,-12511.023448068649,13789,554383199720.0,2670
2,46604803.387280755,46573293.997802734,-31509.38947802037,-26094.08251351863,5,22.240149810910225,-26112.805527195334,13806,555416229180.0,2671
0,49770403.059030876,49738536.904174805,-31866.154856070876,-26083.016837611794,5,33.30582571774721,-26112.805527195334,13807,555419394440.0,2671
2,58721784.62980741,58688848.568603516,-32936.061203897,-26112.805527195334,5,-5.844370704144239,-26112.805527195334,13808,555428344800.0,2671
2,68456880.27905229,68422806.0012207,-34074.277831584215,-26119.83979946375,5,-16.395779106765985,-26112.805527195334,13809,555438078810.0,2671
1,78902204.48061904,78866899.59863281,-35304.88198623061,-26136.735649719834,5,-33.29162936285138,-26112.805527195334,13810,555448522960.0,2671
0,56900443.60617754,56890917.24304199,-9526.363135546446,-2914.740595623851,1,,-2914.740595623851,13830,556427406280.0,2672
0,11154494.716906283,11140100.87097168,-14393.845934603363,-13097.734621269628,7,58.889236683025956,-13153.256909884512,13855,557382590670.0,2673
3,23001591.31126904,22985796.899291992,-15794.411977048963,-13121.711556289345,7,34.912301663309336,-13153.256909884512,13856,557394436430.0,2673
1,34703482.079317234,34686303.71154785,-17178.367769382894,-13145.950624845922,7,10.673233106732368,-13153.256909884512,13857,557406137000.0,2673
0,50577728.197040394,50558697.993896484,-19030.203143909574,-13153.256909884512,7,-0.28619445115327835,-13153.256909884512,13858,557422009480.0,2673
2,50785217.92011887,50766156.873535156,-19061.0465837121,-13159.990806020796,7,-10.38703865557909,-13153.256909884512,13859,557422216940.0,2673
1,52272321.007815525,52253068.84362793,-19252.16418759525,-13178.312493547797,7,-28.708726182579994,-13153.256909884512,13860,557423703860.0,2673
1,74563479.59959097,74541608.47607422,-21871.123516753316,-13207.121074393392,7,-57.5173070281744,-13153.256909884512,13861,557445992520.0,2673
3,30677471.032652766,30700726.119995117,23255.087342351675,26819.69679163769,1,,26819.69679163769,13889,558403025670.0,2674
3,20947309.28739795,20949723.317138672,2414.0297407209873,4848.030136108398,2,-0.9521661214530468,4848.506219169125,13919,559394213140.0,2675
0,27233704.845992006,27235389.371826172,1684.5258341655135,4848.9823022298515,2,0.9521661214530468,4848.506219169125,13920,559400498840.0,2675
0,9577649.161905032,9567455.615478516,-10193.546426516026,-9080.658774591982,2,8.34423790127039,-9084.830893542618,13942,560383715320.0,2676
2,43099101.56687002,43085004.60656738,-14096.960302636027,-9089.003012493253,2,-8.34423790127039,-9084.830893542618,13943,560417233050.0,2676
3,9925383.33033368,9927354.383666992,1971.053333312273,3124.346418308094,5,-13.57436435483396,3134.7686976492405,13959,561384981490.0,2677
3,24650067.886509143,24650334.873413086,266.98690394312143,3131.2342475503683,5,-6.686535112559795,3134.7686976492405,13960,561399704550.0,2677
0,46001193.678530894,45998989.58166504,-2204.0968658551574,3141.0728676766157,5,8.071395076811314,3134.7686976492405,13961,561421053320.0,2677
0,54255523.267261,54252365.009887695,-3158.257373303175,3146.035138577223,5,13.033665977418423,3134.7686976492405,13962,561429306740.0,2677
2,78738607.17450723,78732592.80627441,-6014.368232816458,3134.7686976492405,5,-1.3848599642515182,3134.7686976492405,13963,561453787100.0,2677
0,32094414.809355997,32101747.43017578,7332.620819784701,11061.873931195587,1,,11061.873931195587,13992,562408046400.0,2678
1,27214668.668017723,27199244.493164062,-15424.174853660166,-12261.930319551378,1,,-12261.930319551378,14012,563404073180.0,2679
1,66242954.69397965,66216522.69274902,-26432.0012306273,-18734.8132192865,1,,-18734.8132192865,14035,564443960330.0,2680
0,43568143.3501308,43539923.830566406,-28219.519564390182,-23157.061341919005,2,16.818640664219856,-23165.470662251115,14059,565422196790.0,2681
3,47942514.83394237,47913770.20983887,-28744.62410350144,-23173.879982583225,2,-16.818640664219856,-23165.470662251115,14060,565426570660.0,2681
2,61463181.83315711,61455102.0402832,-8079.792873904109,-937.9969118908048,2,-10.72156598418951,-932.63612889871,14083,566440972510.0,2682
1,74707888.57906562,74698280.52148438,-9608.0575812459,-927.2753459066153,2,10.72156598418951,-932.63612889871,14084,566454215760.0,2682
0,24484372.96467258,24525272.9420166,40899.9773440212,43744.971546340734,2,14.918496880680323,43737.51229790039,14131,568405847340.0,2684
1,75188495.72423933,75223489.15026855,34993.42602922022,43730.05304946005,2,-14.918496880680323,43737.51229790039,14132,568456545830.0,2684
2,78818429.32855687,78746964.5144043,-71464.81415256858,-62306.40218101442,1,,-62306.40218101442,14154,569461034730.0,2685
1,30613682.164323114,30594447.77758789,-19234.386735223234,-15677.189318124205,2,-5.623810146003962,-15674.377413051203,14175,570413694270.0,2686
1,70257558.944527,70233723.70874023,-23835.235786765814,-15671.565507978201,2,5.623810146003962,-15674.377413051203,14176,570453333760.0,2686
1,6862859.9515173575,6843964.80456543,-18895.146951927803,-18097.70783426799,4,32.30610083602369,-18113.860884686,14201,571390840200.0,2687
0,36494622.24173088,36472294.799072266,-22327.442658618093,-18086.901606440544,4,43.11232866346836,-18113.860884686,14202,571420468690.0,2687
2,70699825.17206952,70673480.09814453,-26345.07392498851,-18130.013935104012,4,-32.30610083602369,-18113.860884686,14203,571454670060.0,2687
2,75963299.56863019,75936341.67651367,-26957.89211651683,-18131.235735580325,4,-33.527901312336326,-18113.860884686,14204,571459932950.0,2687
1,74756819.47515231,74745388.88903809,-11430.586114227772,-2744.118288502097,1,,-2744.118288502097,14227,572459635460.0,2688
0,24239756.423705272,24208890.454345703,-30865.96935956925,-28049.398700781167,2,58.28120183199644,-28078.539301697165,14252,573410016990.0,2689
3,60143152.67694358,60108056.583618164,-35096.09332541376,-28107.679902613163,2,-58.28120183199644,-28078.539301697165,14253,573445916350.0,2689
2,46699972.12885825,46677002.0390625,-22970.08979575336,-17543.72457305342,1,,-17543.72457305342,14267,574433352580.0,2690
3,12815780.486181248,12838896.416992188,23115.93081093952,24605.07742841728,1,,24605.07742841728,14313,576401287150.0,2692
1,7094444.489594616,7117185.790649414,22741.301054798067,23565.649445124902,2,-20.562229230068624,23575.930559739936,14341,577396515710.0,2693
3,37763301.93023403,37782500.18493652,19198.25470249355,23586.21167435497,2,20.562229230068624,23575.930559739936,14342,577427181190.0,2693
3,79693048.12481984,79635428.87194824,-57619.252871602774,-48359.21340857446,1,,-48359.21340857446,14361,578469940870.0,2694
3,69083160.11243835,69048183.02331543,-34977.08912292123,-26949.879674613476,1,,-26949.879674613476,14392,579460210940.0,2695
0,3341099.7577346675,3319125.8209228516,-21973.936811815947,-21585.71329251863,3,86.66179027594626,-21654.028502717614,14449,581396218290.0,2697
0,47472007.6248517,47444837.5234375,-27170.101414203644,-21654.028502717614,3,-15.811025022529066,-21654.028502717614,14450,581440344240.0,2697
3,60179292.241230644,60150608.90686035,-28683.334370292723,-21690.72166287154,3,-70.8507652534172,-21654.028502717614,14451,581453050080.0,2697
3,60812582.785736516,60785186.46130371,-27396.32443280518,-20330.125690318644,1,,-20330.125690318644,14472,582454541010.0,2698
1,29995233.718728438,29961017.71130371,-34216.00742472708,-30730.671445317566,2,0.46471720188856125,-30730.90380391851,14493,583424609120.0,2699
0,77896481.47550134,77856699.05432129,-39782.421180054545,-30731.136162519455,2,-0.46471720188856125,-30730.90380391851,14494,583472505060.0,2699
2,41462923.06878395,41481737.056396484,18813.98761253804,23631.82697122544,2,-17.177082292735577,23640.41551237181,14541,585437916840.0,2701
3,66247421.928131685,66263373.225097656,15951.296965971589,23649.004053518176,2,17.177082292735577,23640.41551237181,14542,585462698610.0,2701
3,17086039.293604,17075147.854736328,-10891.438867673278,-8906.103862319142,1,,-8906.103862319142,14572,586414364420.0,2702
0,1772238.6620021923,1758981.2526855469,-13257.40931664547,-13051.48169392068,4,0.4842675132676959,-13051.723827677313,14605,587399959560.0,2703
2,23986835.10515014,23970981.298461914,-15853.80668822676,-13066.624557621777,4,-15.142863701097667,-13051.723827677313,14606,587422171680.0,2703
0,31375939.0909623,31359251.39868164,-16687.69228065759,-13041.923408612609,4,10.042552821338177,-13051.723827677313,14607,587429559990.0,2703
2,66140930.97411804,66120193.67492676,-20737.2991912812,-13051.965961433947,4,-0.4842675132676959,-13051.723827677313,14608,587464321120.0,2703
3,41259717.04547229,41286267.56201172,26550.51653943211,31344.744104623795,1,,31344.744104623795,14652,589441234830.0,2705
2,1430858.3717534195,1424053.4152832031,-6804.956470216392,-6638.695983257843,2,-17.321499650133774,-6630.035233432776,14679,590402302990.0,2706
1,48982029.554956324,48969716.64855957,-12312.906396754086,-6621.374483607709,2,17.321499650133774,-6630.035233432776,14680,590449848910.0,2706
2,69359066.49483001,69327197.37304688,-31869.12178313732,-23809.853026658297,2,-21.952970772981644,-23798.876541271806,14707,591471121730.0,2707
0,69902694.77379945,69870784.43737793,-31910.336421519518,-23787.900055885315,2,21.952970772981644,-23798.876541271806,14708,591471665320.0,2707
2,15419838.285294551,15433731.439208984,13893.153914432973,15684.882482923567,3,-17.336279060691595,15689.150369249284,14729,592418077410.0,2708
1,45971419.02657804,45981766.466918945,10347.440340906382,15689.150369249284,3,-10.934449572116137,15689.150369249284,14730,592448625610.0,2708
0,58020547.891319424,58029521.403930664,8973.512611240149,15715.287154719234,3,28.27072863280773,15689.150369249284,14731,592460673430.0,2708
1,78332026.67009255,78370852.94116211,38826.271069556475,47928.1648388654,1,,47928.1648388654,14783,594482833810.0,2710
3,11611044.377380252,11596821.160888672,-14223.21649158001,-12874.055784700438,3,-6.656864019110799,-12870.583847410977,14828,596417837140.0,2712
0,27124769.772352636,27108747.389892578,-16022.382460057735,-12870.583847410977,3,-1.4489580849185586,-12870.583847410977,14829,596433349150.0,2712
0,28658293.31153976,28642099.10913086,-16194.202408902347,-12864.213993951678,3,8.105822104029357,-12870.583847410977,14830,596434882510.0,2712
2,62577061.67967308,62557270.912109375,-19790.767563708127,-12519.542855039239,2,23.7203259319067,-12531.403018005192,14851,597469658310.0,2713
1,74145297.12052234,74124138.44616699,-21158.674355342984,-12543.263180971146,2,-23.7203259319067,-12531.403018005192,14852,597481225240.0,2713
0,13039803.088172272,13019301.138916016,-20501.949256256223,-18986.772035308182,2,1.2936138287186623,-18987.41884222254,14873,598421028390.0,2714
3,63272109.947188824,63245769.89477539,-26340.05241343379,-18988.0656491369,2,-1.2936138287186623,-18987.41884222254,14874,598471255130.0,2714
1,10714229.845249891,10672466.755493164,-41763.08975672722,-40518.13560429588,4,53.05948684737086,-40544.665347719565,14903,599419545060.0,2715
3,16014896.341262693,15972528.13293457,-42368.20832812227,-40507.336199300364,4,63.858891842886806,-40544.665347719565,14904,599424845150.0,2715
2,63637106.576155245,63589140.98303223,-47965.59312301874,-40571.19509114325,4,-53.05948684737086,-40544.665347719565,14905,599472462020.0,2715
2,78096448.56947494,78046792.90563965,-49655.663835287094,-40581.14337594807,4,-63.00777165219188,-40544.665347719565,14906,599486919750.0,2715
3,9805245.976215266,9775824.422851562,-29421.55336370319,-28282.219797967,4,60.219807082787156,-28325.01266356185,14926,600419533690.0,2716
2,23993673.37090572,23962577.80847168,-31095.56243404001,-28307.585722073913,4,34.85388297587633,-28325.01266356185,14927,600433720520.0,2716
2,47249764.919199236,47215932.23046875,-33832.68873048574,-28342.43960504979,4,-34.85388297587633,-28325.01266356185,14928,600456974000.0,2716
1,77748495.57752103,77711077.54382324,-37418.03369778395,-28383.94409801066,4,-76.3583759367466,-28325.01266356185,14929,600487469310.0,2716
2,27930640.67779339,27962875.21838379,32234.540590398014,35479.97844212875,3,41.986927915364504,35445.235013991594,14951,601438571300.0,2717
2,76921567.93324286,76948060.6776123,26492.74436944723,35430.74801443517,3,-31.858713624998927,35445.235013991594,14952,601487556750.0,2717
0,78290035.06757128,78316383.28808594,26348.220514655113,35445.235013991594,3,-10.128214290365577,35445.235013991594,14953,601488925080.0,2717
0,7159844.738321008,7202265.753173828,42421.014852819964,43252.96251181979,3,43.69033813942224,43244.53216663003,14997,602418771120.0,2718
0,19162062.972768094,19203080.943603516,41017.970835421234,43244.53216663003,3,31.04482035478577,43244.53216663003,14998,602430772000.0,2718
0,68324270.49523103,68359505.47814941,35234.98291838169,43174.0121807307,3,-74.73515849420801,43244.53216663003,14999,602479928690.0,2718
1,55304320.08049183,55231944.970947266,-72375.10954456776,-65948.95069544017,1,,-65948.95069544017,15023,603467728320.0,2719
3,49045545.27025322,49013651.66784668,-31893.602406539023,-26194.690200582147,3,37.11914298683405,-26230.402688637376,15059,604462341510.0,2720
2,75959682.97611508,75924626.33728027,-35056.6388348043,-26230.402688637376,3,-16.44958909600973,-26230.402688637376,15060,604489252630.0,2720
1,77121074.4674879,77085880.06591797,-35194.4015699327,-26233.215998500586,3,-20.669553890824318,-26230.402688637376,15061,604490413890.0,2720
1,12178605.708342034,12163419.743164062,-15185.96517797187,-13770.855929205194,1,,-13770.855929205194,15088,605426331300.0,2721
3,46314958.09970331,46303580.10998535,-11377.989717960358,-5996.361711211503,3,28.999620396643877,-6018.515572197735,15111,606461373050.0,2722
2,56677858.42711981,56665254.15258789,-12604.274531915784,-6018.515572197735,3,-4.231171082705259,-6018.515572197735,15112,606471734780.0,2722
3,70475760.87836152,70461539.64672852,-14221.231633007526,-6032.207091018558,3,-24.768449313938618,-6018.515572197735,15113,606485531140.0,2722
2,44006065.66060596,43975015.60021973,-31050.06038623303,-25936.717199869454,1,,-25936.717199869454,15133,607459913110.0,2723
0,34465208.33620991,34429960.11791992,-35248.21828998625,-31243.487679168582,2,46.159768760204315,-31266.567563548684,15152,608451226400.0,2724
3,78028741.18459105,77988384.8840332,-40356.30055785179,-31289.647447928786,2,-46.159768760204315,-31266.567563548684,15153,608494785060.0,2724
2,3703596.384057548,3713169.047973633,9572.663916084915,10003.008211835753,2,-16.541045666206628,10011.278734668856,15177,609421353760.0,2725
2,39468272.44492878,39473705.92590332,5433.480974540114,10019.54925750196,2,16.541045666206628,10011.278734668856,15178,609457114490.0,2725
1,6739463.666562134,6755829.149780273,16365.483218139037,17148.584140746854,2,-12.773189996369183,17154.97073574504,15203,610425335730.0,2726
1,11760747.234064795,11776542.035766602,15794.801701806486,17161.357330743223,2,12.773189996369183,17154.97073574504,15204,610430356470.0,2726
0,13395116.545535633,13348724.229492188,-46392.31604344584,-44835.85270389356,2,14.573167925700545,-44843.13928785641,15236,611432840050.0,2727
0,33907563.82679172,33858773.466552734,-48790.36023898423,-44850.42587181926,2,-14.573167925700545,-44843.13928785641,15238,611453350210.0,2727
3,18102917.599370837,18078525.537963867,-24392.061406970024,-22288.56887768954,4,12.730279467999935,-22294.93401742354,15265,612438450290.0,2728
2,32632452.853855006,32606357.08154297,-26095.772312037647,-22304.001156181097,4,-15.432278491556644,-22294.93401742354,15266,612452978200.0,2728
0,34107808.420356885,34081559.114868164,-26249.305488720536,-22286.103435322642,4,15.195721834897995,-22294.93401742354,15267,612454453410.0,2728
0,67546238.47815621,67516088.55419922,-30149.923956990242,-22301.29915715754,4,-12.730279467999935,-22294.93401742354,15268,612487888120.0,2728
1,23047468.51593122,23049667.704956055,2199.189024835825,4877.220208261162,4,15.55643593147397,4867.298424568027,15287,613444271920.0,2729
2,50421145.711547755,50420159.892700195,-985.8188475593925,4872.933076806366,4,11.269304476678371,4867.298424568027,15288,613471642560.0,2729
0,65196914.08485201,65194200.10668945,-2713.9781625568867,4861.663772329688,4,-11.269304476678371,4867.298424568027,15289,613486416680.0,2729
0,67982363.25857869,67979315.0657959,-3048.1927827894688,4851.108114555478,4,-21.824962250888348,4867.298424568027,15290,613489201810.0,2729
3,74270484.27080716,74255145.78735352,-15338.483453646302,-6708.525992259383,1,,-6708.525992259383,15318,614496402120.0,2730
0,46908673.06657101,46877950.45959473,-30722.606976285577,-25271.991471223533,3,24.103053778409958,-25293.29792460054,15344,615469910310.0,2731
2,54968927.42129178,54937246.935913086,-31680.485378697515,-25293.29792460054,3,-7.856626287102699,-25293.29792460054,15345,615477969650.0,2731
3,65088424.21966107,65055562.29272461,-32861.92693646252,-25298.891125403345,3,-16.24642749130726,-25293.29792460054,15346,615488088020.0,2731
3,48186350.690472096,48165154.26831055,-21196.42216154933,-15597.345209762454,1,,-15597.345209762454,15372,616472094830.0,2732
2,31792925.26749179,31759027.509643555,-33897.75784823671,-30203.536714155227,1,,-30203.536714155227,15398,617456607940.0,2733
3,15798833.934360217,15795202.485351562,-3631.449008654803,-1795.6825378723443,2,20.45847189053893,-1805.9117738176137,15417,618441540570.0,2734
3,52118538.4903173,52110666.36657715,-7872.1237401515245,-1816.1410097628832,2,-20.45847189053893,-1805.9117738176137,15418,618477856230.0,2734
1,68254814.69829829,68313437.65673828,58622.95843999088,66553.91719385982,2,-23.77964736521244,66565.80701754242,15442,619494950510.0,2735
0,75436726.64943314,75494538.87573242,57812.22629928589,66577.69684122503,2,23.77964736521244,66565.80701754242,15443,619502131650.0,2735
0,1779070.3650336075,1799562.9992675781,20492.63423397066,20699.3556754936,4,31.383073372067884,20681.401049701497,15465,620429448530.0,2736
0,19164501.13659957,19182969.12145996,18467.984860390425,20694.829497281462,4,26.85689515992999,20681.401049701497,15466,620446832030.0,2736
1,64665809.38074513,64678963.423828125,13154.043082997203,20667.972602121532,4,-26.85689515992999,20681.401049701497,15467,620492328270.0,2736
3,76053472.21666232,76065301.93273926,11829.716076940298,20666.85018835962,4,-27.979308921843767,20681.401049701497,15468,620503714670.0,2736
2,24582028.292442776,24524088.917114258,-57939.37532851845,-55083.03393581882,2,34.41790781542659,-55100.242889726534,15492,621453092760.0,2737
2,68422830.11928535,68359762.18591309,-63067.93337225914,-55117.45184363425,2,-34.41790781542659,-55100.242889726534,15493,621496928670.0,2737
0,8579550.91896058,8558516.119262695,-21034.79969788529,-20037.887395570055,3,20.130745720118284,-20048.66440815851,15518,622437983450.0,2738
2,26602607.295831364,26579448.798706055,-23158.49712530896,-20067.371874421835,3,-24.09597255755216,-20048.66440815851,15519,622456004480.0,2738
0,31889104.313757606,31865350.252563477,-23754.06119412929,-20048.66440815851,3,3.9652268374338746,-20048.66440815851,15520,622461290410.0,2738
2,21159593.872484215,21145919.075073242,-13674.797410972416,-11216.13032656163,1,,-11216.13032656163,15544,623451436230.0,2739
2,50650860.56634966,50619278.650024414,-31581.916325248778,-25696.47237854451,1,,-25696.47237854451,15566,624481810130.0,2740
2,20573424.19342359,20537614.122436523,-35810.07098706812,-33419.51466624066,2,-23.941216241568327,-33407.54405811988,15585,625452577740.0,2741
0,77917403.76612335,77874954.4765625,-42449.289560854435,-33395.573449999094,2,23.941216241568327,-33407.54405811988,15586,625509915390.0,2741
1,41785518.79280328,41740150.400756836,-45368.39204644412,-40513.068249590695,2,1.1094228625297546,-40513.62296102196,15617,626474673860.0,2742
1,42602500.42086929,42557035.98913574,-45464.43173354864,-40514.177672453225,2,-1.1094228625297546,-40513.62296102196,15618,626475490750.0,2742
0,40847780.796907395,40835640.32080078,-12140.476106613874,-7394.1140203773975,2,-8.73787296563387,-7389.745083894581,15644,627474615710.0,2743
0,52506143.765106894,52492657.36791992,-13486.3971869722,-7385.376147411764,2,8.73787296563387,-7389.745083894581,15645,627486272790.0,2743
0,1830572.805111979,1837517.5573730469,6944.752261067973,7157.458096948918,2,25.173632682766765,7144.871280607535,15666,628436538750.0,2744
0,28305781.34015622,28309624.596801758,3843.256645537913,7132.284464266151,2,-25.173632682766765,7144.871280607535,15667,628463011000.0,2744
3,31139412.1582581,31080922.428100586,-58489.73015751317,-54871.444846235216,3,-21.211128268390894,-54852.5306411162,15685,629466672710.0,2745
0,41270611.15177277,41210967.72155762,-59643.43021515012,-54847.93679481745,3,14.050948858261108,-54852.5306411162,15686,629476802810.0,2745
3,49218526.34705616,49157954.80444336,-60571.54261279851,-54852.5306411162,3,7.1601794101297855,-54852.5306411162,15687,629484749840.0,2745
2,29291026.350146987,29256981.243041992,-34045.10710499436,-30641.597435116768,1,,-30641.597435116768,15702,630465708180.0,2746
0,37861975.4683058,37855537.79821777,-6437.670088022947,-2038.2476134821773,3,18.708730842918158,-2054.3996422588825,15725,631475161340.0,2747
2,46341216.20435548,46333772.01220703,-7444.192148447037,-2059.5130463913083,3,-13.189418520778418,-2054.3996422588825,15726,631483639620.0,2747
3,62363696.32609913,62354395.494018555,-9300.832080572844,-2054.3996422588825,3,-5.51931232213974,-2054.3996422588825,15727,631499660330.0,2747
1,3466511.464908074,3448282.8461914062,-18228.618716667872,-17825.822817660403,4,-10.827833860646933,-17817.96490702033,15763,633442601510.0,2749
3,4571869.046661447,4553516.877441406,-18352.169220040552,-17820.934830240905,4,-5.939846441149712,-17817.96490702033,15764,633443706750.0,2749
0,29957219.836774684,29935939.801635742,-21280.0351389423,-17799.116232983768,4,21.8185972571373,-17817.96490702033,15765,633469089310.0,2749
2,35320319.92846165,35298400.842041016,-21919.0864206329,-17814.994983799756,4,5.939846441149712,-17817.96490702033,15766,633474451800.0,2749
0,58187836.65265961,58167378.044799805,-20458.607859805226,-13697.394976742566,1,,-13697.394976742566,15786,634498228450.0,2750
1,43985949.69455499,43961809.623413086,-24140.071141906083,-19029.065356902778,3,-21.25866974145174,-19008.09390360117,15809,635484901170.0,2751
3,70525138.59853902,70497936.3170166,-27202.28152242303,-19007.519470721483,3,11.060159530490637,-19008.09390360117,15810,635511437440.0,2751
2,72594628.46528807,72567185.14221191,-27443.323076158762,-19008.09390360117,3,10.198510210961103,-19008.09390360117,15811,635513506700.0,2751
3,6489681.027995965,6458240.902099609,-31440.12589635607,-30686.04879884608,5,-1.4149034917354584,-30686.04879884608,15827,636448297780.0,2752
1,19007643.96144887,18974743.307739258,-32900.65370961279,-30692.035300306976,5,-10.394655683077872,-30686.04879884608,15828,636460814350.0,2752
0,22690297.183674052,22656983.42199707,-33313.761676982045,-30677.232490401715,5,11.80955917481333,-30686.04879884608,15829,636464496610.0,2752
1,46341586.42639097,46305505.70996094,-36080.71643003076,-30695.994309529662,5,-14.353664905764163,-30686.04879884608,15830,636488145260.0,2752
0,78667073.5153102,78627271.15881348,-39802.356496721506,-30661.531514704227,5,27.510534872300923,-30686.04879884608,15831,636520467200.0,2752
0,15626676.36261381,15655202.236816406,28525.874202596024,30341.636595912278,2,79.22495181113482,30302.02412000671,15850,637458347300.0,2753
2,66053912.75081752,66076499.94042969,22587.189612165093,30262.411644101143,2,-79.22495181113482,30302.02412000671,15851,637508768870.0,2753
0,1910904.347808965,1848381.267944336,-62523.07986462908,-62301.03979856125,3,17.244468641933054,-62317.348740836605,15883,638445491730.0,2754
2,3062510.1217810335,2999835.049560547,-62675.07222048659,-62319.21979356976,3,-10.02552387083415,-62317.348740836605,15884,638446643190.0,2754
2,9198188.062619753,9134801.91821289,-63386.14440686256,-62317.348740836605,3,-7.218944771098904,-62317.348740836605,15885,638452778190.0,2754
2,38993396.88661905,38982243.94848633,-11152.938132718205,-6622.0486453175545,2,-4.181384965777397,-6619.957952834666,15907,639483438110.0,2755
2,47873806.62383338,47861625.99609375,-12180.62773963064,-6617.867260351777,2,4.181384965777397,-6619.957952834666,15908,639492317540.0,2755
2,17524080.207061842,17498236.649902344,-25843.557159498334,-23807.32340901345,5,-5.6571787260472775,-23803.477501913905,15931,640462866400.0,2756
0,30505421.493241817,30478086.553222656,-27334.94001916051,-23790.32209437713,5,15.078361086547375,-23803.477501913905,15932,640475846320.0,2756
0,34576642.10322189,34548824.56945801,-27817.533763885498,-23799.8549586609,5,5.545496802777052,-23803.477501913905,15933,640479917080.0,2756
1,51233438.402751595,51203674.6262207,-29763.776530891657,-23810.63917952776,5,-8.972949240356684,-23803.477501913905,15934,640496572020.0,2756
2,79341875.55843821,79308852.84643555,-33022.712002664804,-23803.477501913905,5,0.11168192327022552,-23803.477501913905,15935,640524677350.0,2756
3,49548186.06046959,49527884.67834473,-20301.382124863565,-14544.064905390143,2,4.065317191183567,-14546.097563985735,15959,641495748730.0,2757
3,53557134.30338597,53536363.03088379,-20771.272502183914,-14548.130222581327,2,-4.065317191183567,-14546.097563985735,15960,641499757230.0,2757
3,42789362.24796746,42754946.89855957,-34415.34940788895,-29443.382688865066,3,14.684823013842106,-29455.747669026256,16025,643490747590.0,2759
3,65160283.23345326,65123256.10021973,-37027.13323353231,-29455.747669026256,3,-3.8626472279429436,-29455.747669026256,16026,643513116020.0,2759
2,78539040.193001,78500453.85766602,-38586.33533498645,-29460.38735473156,3,-10.822175785899162,-29455.747669026256,16027,643526493290.0,2759
0,3253863.090923138,3326588.599609375,72725.50868623704,73103.59562528925,3,21.466650827322155,73083.4673486352,16050,644452214280.0,2760
1,18289171.75608723,18360127.412109375,70955.65602214634,73080.79060028866,3,-12.740886673564091,73083.4673486352,16051,644467247900.0,2760
2,23411836.652806316,23482199.750732422,70363.0979261063,73083.4673486352,3,-8.725764153758064,73083.4673486352,16052,644472370000.0,2760
0,50964818.23197816,51027497.203125,62678.97114683688,68600.89582105726,3,13.883279699832201,68596.02463210374,16076,645500914900.0,2761
0,58632052.606148794,58693835.80163574,61783.195486947894,68596.02463210374,3,6.5764962695539,68596.02463210374,16077,645508581280.0,2761
2,71175500.40095577,71235808.06970215,60307.668746382,68578.00045061111,3,-20.4597759693861,68596.02463210374,16078,645521123320.0,2761
1,46849342.7270353,46878484.46496582,29141.73793052137,34585.45946805924,1,,34585.45946805924,16118,647498683620.0,2763
0,60684989.135942794,60707302.23535156,22313.099408768117,29364.472237825394,1,,29364.472237825394,16154,648513466910.0,2764
2,13579309.924916534,13570237.887207031,-9072.037709502503,-7494.171775845811,1,,-7494.171775845811,16204,650468203570.0,2766
1,35031029.41798057,35019641.67956543,-11387.738415136933,-7317.261472992599,2,-7.3696407452225685,-7313.576652619988,16256,652491427740.0,2768
3,35262597.705358,35251190.42919922,-11407.27615877986,-7309.891832247376,2,7.3696407452225685,-7313.576652619988,16257,652491659290.0,2768
3,69254467.09514931,69233591.77233887,-20875.322810441256,-12828.208119988441,2,25.610476404428482,-12841.013358190656,16287,653526520240.0,2769
3,79658775.46701106,79636665.5913086,-22109.87570247054,-12853.81859639287,2,-25.610476404428482,-12841.013358190656,16288,653536923370.0,2769
0,3432459.750697832,3393937.9908447266,-38521.75985310553,-38122.92063821014,2,9.97386881802231,-38127.90757261915,16319,654461596740.0,2770
3,4805871.893875165,4767180.574707031,-38691.31916813366,-38132.89450702816,2,-9.97386881802231,-38127.90757261915,16320,654462969990.0,2770
2,8833139.843878828,8802557.795166016,-30582.048712812364,-29555.670308906585,1,,-29555.670308906585,16337,655467855850.0,2771
2,3593155.515837853,3621359.3334960938,28203.817658240907,28621.329130776692,2,5.488628559280187,28618.584816497052,16389,657464462330.0,2773
2,11498456.884558,11525736.646606445,27279.762048445642,28615.840502217412,2,-5.488628559280187,28618.584816497052,16390,657472366750.0,2773
0,20800475.507512573,20781316.235473633,-19159.27203894034,-16742.333189424127,2,61.9217096157372,-16773.294044231996,16430,659483407270.0,2775
2,60263499.79576968,60239693.14355469,-23806.652214989066,-16804.254899039865,2,-61.9217096157372,-16773.294044231996,16431,659522865860.0,2775
0,7574379.328819597,7572904.321044922,-1475.007774675265,-594.8927189307287,1,,-594.8927189307287,16455,660471097120.0,2776
0,75836456.2117377,75808324.61291504,-28131.598822668195,-19319.681173875928,1,,-19319.681173875928,16476,661540224330.0,2777
1,48864919.39236198,48842859.002197266,-22060.390164718032,-16382.46602229774,2,-19.033710189163685,-16372.949167203158,16489,662514155260.0,2778
0,51183617.26219733,51161306.48156738,-22310.78062994778,-16363.432312108576,2,19.033710189163685,-16372.949167203158,16490,662516473720.0,2778
3,35566251.34305279,35540609.73571777,-25641.60733501613,-21508.93957116455,2,39.474649518728256,-21528.676895923913,16516,663501725160.0,2779
1,62783506.39535754,62754662.76831055,-28843.627046994865,-21548.414220683277,2,-39.474649518728256,-21528.676895923913,16517,663528939360.0,2779
2,12930543.619210185,12895368.708129883,-35174.91108030267,-33672.42940831557,3,-16.057968666777015,-33665.64043980092,16544,664479992210.0,2780
0,27792974.998024404,27756098.453979492,-36876.54404491186,-33647.102439496666,3,21.93248456157744,-33665.64043980092,16545,664494853020.0,2780
1,48113494.97924255,48074238.72741699,-39256.25182555616,-33665.64043980092,3,-5.874515894800425,-33665.64043980092,16546,664515171270.0,2780
1,68197571.03006022,68181376.94335938,-16194.086700841784,-8269.779450953007,1,,-8269.779450953007,16571,665536167890.0,2781
1,45690324.52840971,45658595.14550781,-31729.382901899517,-26420.335021726787,1,,-26420.335021726787,16652,668516283410.0,2784
3,41038110.618857,41001353.1217041,-36757.497152894735,-31989.019440464675,1,,-31989.019440464675,16674,669512511420.0,2785
0,2579929.6301336624,2557929.794067383,-21999.83606627956,-21700.057719874196,1,,-21700.057719874196,16699,670474909290.0,2786
1,17389036.565088272,17347924.6875,-41111.877588272095,-39091.33541294187,3,1.3327891044318676,-39091.33541294187,16729,671490595650.0,2787
2,34155099.64010537,34112044.154174805,-43055.48593056202,-39086.78881113976,3,8.152691807597876,-39091.33541294187,16730,671507359860.0,2787
3,62368057.296818644,62321711.810058594,-46345.48676005006,-39098.54759295285,3,-9.485480912029743,-39091.33541294187,16731,671535569680.0,2787
2,6338107.006168127,6334777.181884766,-3329.824283361435,-2593.359530424699,4,60.01295021362603,-2636.3838462848216,16747,672480431880.0,2788
3,29083663.170759827,29077664.360717773,-5998.810042053461,-2619.395211931318,4,33.97726870700717,-2636.3838462848216,16748,672503174890.0,2788
2,52211489.63113395,52202769.4753418,-8720.155792154372,-2653.372480638325,4,-33.97726870700717,-2636.3838462848216,16749,672526300120.0,2788
2,66461324.31297168,66450932.529296875,-10391.783674806356,-2669.221915848553,4,-49.826703917235136,-2636.3838462848216,16750,672540548360.0,2788
1,77233487.49428484,77253267.67370605,19780.17942121625,28754.426973447204,1,,28754.426973447204,16788,674553152540.0,2790
0,46502314.60188157,46453986.28198242,-48328.31989914924,-42924.92175504565,1,,-42924.92175504565,16807,675523339490.0,2791
3,13786182.127313532,13776725.868530273,-9456.258783258498,-7854.355059567839,4,33.49780850484967,-7884.6874204054475,16833,676491493570.0,2792
1,33880335.65690646,33868517.36437988,-11818.292526580393,-7881.521972738206,4,6.330895334482193,-7884.6874204054475,16834,676511585470.0,2792
2,42046326.75124502,42033553.26965332,-12773.481591701508,-7887.852868072689,4,-6.330895334482193,-7884.6874204054475,16835,676519750550.0,2792
2,74090415.36168677,74073910.23815918,-16505.12352758646,-7896.089412003756,4,-14.567439265549183,-7884.6874204054475,16836,676551791080.0,2792
2,10052438.012794867,10030064.76965332,-22373.243141546845,-21205.186769148335,1,,-21205.186769148335,16854,677488661350.0,2793
3,10836758.898983266,10880557.767456055,43798.86847278848,45058.060051189736,2,31.24699086882174,45042.436555755325,16907,679491293410.0,2795
3,63956155.59113305,63993750.93383789,37595.342704840004,45026.813060320914,2,-31.24699086882174,45042.436555755325,16908,679544406890.0,2795
1,29408394.127658717,29378518.962524414,-29875.16513430327,-26458.017759792507,1,,-26458.017759792507,16956,681511665450.0,2797
3,32573521.06561558,32593158.57800293,19637.5123873502,23422.435885883868,1,,23422.435885883868,16982,682515737480.0,2798
1,66328297.30387323,66318856.0090332,-9441.294840030372,-1734.1903309002519,2,-8.202443964779377,-1730.0891089178622,17022,684551620220.0,2800
1,79563115.47335431,79552144.54370117,-10970.929653137922,-1725.9878869354725,2,8.202443964779377,-1730.0891089178622,17023,684564853580.0,2800
3,22917025.187959947,22891693.158813477,-25332.02914647013,-22669.15499861166,2,-17.12989318743348,-22660.590052017942,17045,685509115220.0,2801
3,52726090.79910528,52697312.19592285,-28778.603182427585,-22652.025105424225,2,17.12989318743348,-22660.590052017942,17046,685538921000.0,2801
0,36839885.445999555,36846426.48718262,6541.041183061898,10821.700551353395,3,1.3669781275093555,10821.700551353395,17117,688525686180.0,2804
2,42591055.32894814,42596915.432128906,5860.103180766106,10809.027364216745,3,-17.642802577465773,10821.700551353395,17118,688531436700.0,2804
0,78517753.26991642,78519461.43518066,1708.165264248848,10831.639782235026,3,16.275824449956417,10821.700551353395,17119,688567359440.0,2804
0,11783286.142301898,11780874.428100586,-2411.714201312512,-1042.5396340284497,3,-2.604563208296895,-1040.3248717561364,17144,689501551850.0,2805
0,50940361.61596812,50933402.98779297,-6958.628175154328,-1039.545269884169,3,1.8869830081239343,-1040.3248717561364,17145,689540704590.0,2805
0,57016185.57589091,57008520.1796875,-7665.396203413606,-1040.3248717561364,3,0.7175802001729608,-1040.3248717561364,17146,689546779740.0,2805
1,7359283.58544275,7383027.0947265625,23743.509283812717,24598.631004268304,1,,24598.631004268304,17174,690498022360.0,2806
2,27847936.899645463,27842413.083496094,-5523.816149368882,-2287.9881728701293,2,-5.194386396557093,-2285.390979671851,17202,691519431390.0,2807
1,64310721.65531075,64300966.19189453,-9755.463416218758,-2282.7937864735723,2,5.194386396557093,-2285.390979671851,17203,691555890140.0,2807
0,76665997.80715114,76666944.24523926,946.43808811903,9854.745423212647,1,,9854.745423212647,17228,692569139670.0,2808
1,20739171.393147238,20712813.051513672,-26358.341633565724,-23948.52609695494,4,-21.28205393999815,-23928.848165977746,17251,693514106610.0,2809
2,29758269.395736165,29730884.350097656,-27385.045638509095,-23927.244043014944,4,3.208245925605297,-23928.848165977746,17252,693523124730.0,2809
2,30045114.385366052,30017692.80114746,-27421.58421859145,-23930.45228894055,4,-3.208245925605297,-23928.848165977746,17253,693523411540.0,2809
3,36276617.55793232,36248479.15234375,-28138.405588567257,-23923.195879869163,4,7.25640907138586,-23928.848165977746,17254,693529642360.0,2809
3,7161480.486906601,7142861.321899414,-18619.165007187054,-17787.027280209586,4,-16.82127327285707,-17770.478623291478,17273,694501391910.0,2810
0,23345857.383556806,23325373.92944336,-20483.454113446176,-17770.751239646226,4,-0.5452327094972134,-17770.478623291478,17274,694517574510.0,2810
0,52126665.65212664,52102838.51904297,-23827.13308367133,-17770.20600693673,4,0.5452327094972134,-17770.478623291478,17275,694546352130.0,2810
0,75881351.64399701,75854770.24853516,-26581.39546185732,-17764.261128753424,4,6.490110892802477,-17770.478623291478,17276,694570104190.0,2810
2,49557640.31085448,49558567.024902344,926.7140478640795,6685.129816502333,3,-13.594983264803886,6688.163334488869,17303,695544704130.0,2811
3,51235423.169849485,51236157.96520996,734.7953604757786,6688.163334488869,3,-9.044706284999847,6688.163334488869,17304,695546381730.0,2811
3,77962333.2956337,77959983.6451416,-2349.6504921019077,6709.286265045404,3,22.639689549803734,6688.163334488869,17305,695573105700.0,2811
3,12794036.363610877,12835124.208129883,41087.84451900609,42574.46454931237,1,,42574.46454931237,17344,696508859110.0,2812
2,46835243.39701843,46784111.28381348,-51132.113204956055,-45690.0299577713,1,,-45690.0299577713,17363,697543769590.0,2813
2,21429187.004866585,21400826.321533203,-28360.68333338201,-25870.690517261624,3,-7.30035556666553,-25866.111106541008,17413,699520099890.0,2815
3,25352397.10348825,25323585.13696289,-28811.966525360942,-25866.111106541008,3,-0.4312394857406616,-25866.111106541008,17414,699524022670.0,2815
1,66702463.1053982,66668851.85498047,-33611.2504177317,-25860.66921684891,3,7.731595052406192,-25866.111106541008,17415,699565368160.0,2815
3,39933299.46963363,39926145.36621094,-7154.103422693908,-2514.000707603991,2,-6.572225466370583,-2510.7145948708057,17437,700539461690.0,2816
3,66705759.192969255,66695500.80029297,-10258.3926762864,-2507.4284821376204,2,6.572225466370583,-2510.7145948708057,17438,700566231190.0,2816
3,33072221.82046685,33046011.23779297,-26210.582673881203,-22367.711979463696,1,,-22367.711979463696,17462,701533487020.0,2817
1,27083386.2499827,27069420.489746094,-13965.760236606002,-10818.770237248391,1,,-10818.770237248391,17488,702528367770.0,2818
2,33946116.18725179,33938838.13012695,-7278.057124838233,-3333.6431149989367,4,-29.76761817187071,-3312.4768541045487,17511,703536138630.0,2819
1,54150642.21359316,54141029.029663086,-9613.183930076659,-3321.0782113820314,4,-17.202714554965496,-3312.4768541045487,17512,703556340930.0,2819
0,54973346.16355074,54963654.5871582,-9691.576392538846,-3303.875496827066,4,17.202714554965496,-3312.4768541045487,17513,703557163560.0,2819
0,75278649.06040744,75266604.94262695,-12044.11778049171,-3297.0152737498283,4,24.062937632203102,-3312.4768541045487,17514,703577466620.0,2819
0,22035353.45447196,22080845.110961914,45491.6564899534,48052.08362094313,3,-5.64973321929574,48056.51006805152,17542,704525144090.0,2820
3,48656358.5429848,48698761.36291504,42402.81993024051,48056.51006805152,3,0.9899374432861805,48056.51006805152,17543,704551762150.0,2820
2,59869938.522190966,59911040.81188965,41102.289698682725,48058.95664027333,3,4.65979577600956,48056.51006805152,17544,704562974490.0,2820
3,25359774.523177497,25349435.905517578,-10338.617659918964,-7391.9050120301545,2,-13.71131170913577,-7385.049356175587,17561,705529368120.0,2821
2,50906621.31374802,50893327.9576416,-13293.356106415391,-7378.193700321019,2,13.71131170913577,-7385.049356175587,17562,705554912150.0,2821
2,66041384.52930604,66032077.16271973,-9307.366586312652,-1633.6002876982093,2,-8.21826945990324,-1629.4911529682577,17582,706570911170.0,2822
2,78362971.50012523,78352240.62866211,-10730.871463119984,-1625.382018238306,2,8.21826945990324,-1629.4911529682577,17583,706583231400.0,2822
3,10320230.621427886,10320301.801879883,71.18045199662447,1270.3533418606967,3,44.08120461367071,1244.1882910355926,17634,708516947120.0,2824
0,40158992.81799512,40155570.67883301,-3422.1391621157527,1244.1882910355926,3,4.833628376014531,1244.1882910355926,17635,708546782550.0,2824
2,60170115.813503645,60164332.623046875,-5783.1904567703605,1208.3559834584594,3,-48.91483298968524,1244.1882910355926,17636,708566791420.0,2824
2,27166322.42780341,27218327.251708984,52004.82390557602,55161.45078415796,2,12.474040862172842,55155.213763726875,17665,709534752530.0,2825
0,63063042.13385709,63110863.41674805,47821.282890960574,55148.97674329579,2,-12.474040862172842,55155.213763726875,17666,709570645260.0,2825
0,21821820.702713996,21825630.891357422,3810.188643425703,6345.804053012282,1,,6345.804053012282,17676,710530302170.0,2826
3,36457054.08779919,36454192.47143555,-2861.6163636446,1374.5594070479274,1,,1374.5594070479274,17707,711545861400.0,2827
2,62077210.56402952,62087746.91296387,10536.348934344947,17749.492779433727,1,,17749.492779433727,17731,712572371410.0,2828
2,19463990.115994677,19481701.61730957,17711.501314893365,19973.14547110349,2,-10.961007818579674,19978.62597501278,17747,713530689580.0,2829
3,36013252.75572376,36029052.2545166,15799.49879284203,19984.10647892207,2,10.961007818579674,19978.62597501278,17748,713547237020.0,2829
0,67144800.80943432,67097575.2800293,-47225.52940502763,-39423.55018773675,1,,-39423.55018773675,17771,714579194060.0,2830
3,7558607.768312911,7556045.9462890625,-2561.8220238480717,-1683.539565502666,2,-27.635319008491933,-1669.72190599842,17793,715520483470.0,2831
3,75161310.27781323,75150920.90539551,-10389.372417718172,-1655.904246494174,2,27.635319008491933,-1669.72190599842,17794,715588078710.0,2831
0,25737582.22411999,25738072.784057617,490.5599376261234,3481.17245259881,1,,3481.17245259881,17823,716539513240.0,2832
1,68976592.48985726,68969994.05151367,-6598.4383435845375,1416.3883384168148,1,,1416.3883384168148,17843,717583646800.0,2833
1,32131077.672647316,32120766.02319336,-10311.649453956634,-6578.136252500117,1,,-6578.136252500117,17870,718547655770.0,2834
1,36152589.82133545,36131453.107421875,-21136.713913574815,-16935.915772289038,2,-7.6286547258496284,-16932.101444926113,17890,719552566860.0,2835
0,56222735.89517684,56199274.732666016,-23461.162510827184,-16928.287117563188,2,7.6286547258496284,-16932.101444926113,17891,719572634790.0,2835
3,97927.72150404891,140306.56408691406,42378.84258286515,42390.22142439512,5,-13.54238244528824,42400.7212096937,17916,720517411900.0,2836
3,12807405.387676906,12848317.935424805,40912.54774789885,42400.7212096937,5,-2.1528378799557686,42400.7212096937,17917,720530119980.0,2836
0,15638582.987078365,15679172.647583008,40589.660504642874,42406.80640398711,5,6.97495356015861,42400.7212096937,17918,720532950850.0,2836
3,24048942.690511167,24088547.233398438,39604.54288727045,42398.9416911602,5,-4.822115680202842,42400.7212096937,17919,720541360270.0,2836
0,27796604.878673986,27835786.996826172,39182.118152186275,42411.98153639957,5,12.150085972622037,42400.7212096937,17920,720545107530.0,2836
3,17587570.34073975,17547907.680664062,-39662.66007568687,-37619.049004882574,3,9.555871665477753,-37626.07706134766,17975,722536687430.0,2838
3,25291120.895539764,25250556.083129883,-40564.8124098815,-37626.07706134766,3,-0.986213032156229,-37626.07706134766,17976,722544390120.0,2838
1,52508721.56690987,52464989.11364746,-43732.45326241106,-37631.13269174844,3,-8.569658633321524,-37626.07706134766,17977,722571604700.0,2838
3,18942433.914965454,18945550.155029297,3116.240063842386,5317.281305275857,2,12.653995849192142,5310.954307351261,18039,724539786770.0,2840
0,79823782.01127619,79819811.4083252,-3970.6029509902,5304.627309426665,2,-12.653995849192142,5310.954307351261,18040,724600661360.0,2840
0,22379744.980804987,22374638.39123535,-5106.589569635689,-2506.145408306271,1,,-2506.145408306271,18064,725544114210.0,2841
1,3494602.5723552434,3490853.3419189453,-3749.230436298065,-3343.170453789644,2,57.69244820345193,-3372.01667789137,18093,726526088720.0,2842
1,59265439.480437495,59255152.19116211,-10287.28927538544,-3400.862901993096,2,-57.69244820345193,-3372.01667789137,18094,726581853320.0,2842
3,15931336.015408937,15912873.005493164,-18463.009915772825,-16611.847189880908,3,31.09573209285736,-16611.847189880908,18119,727539410420.0,2843
0,19235552.07806284,19216705.16345215,-18846.91461069137,-16611.81411539018,3,31.145343828946352,-16611.847189880908,18120,727542714270.0,2843
0,70574262.48698609,70549387.94519043,-24874.541795656085,-16674.07172855735,3,-62.24107592180371,-16611.847189880908,18121,727594047230.0,2843
3,12254872.145960316,12265299.804321289,10427.658360973,11851.629489649087,2,10.028107229620218,11846.615436034277,18142,728536597160.0,2844
3,38458295.42243761,38465668.31115723,7372.8887196183205,11841.601382419467,2,-10.028107229620218,11846.615436034277,18143,728562797670.0,2844
1,34913779.770651,34870629.09423828,-43150.67641271651,-39093.82344891131,1,,-39093.82344891131,18196,730561025390.0,2846
0,69649947.37081422,69629042.18725586,-20905.183558359742,-12812.115512564778,1,,-12812.115512564778,18275,733598379150.0,2849
3,6421259.056188116,6408106.646484375,-13152.40970374085,-12406.282988026738,3,-6.723789031617343,-12401.40572910197,18297,734536003470.0,2850
2,14099384.888620425,14085345.186157227,-14039.702463198453,-12401.40572910197,3,0.5920993555337191,-12401.40572910197,18298,734543680750.0,2850
2,46243162.614637,46225391.61633301,-17770.998303994536,-12397.71266888827,3,6.131689676083624,-12401.40572910197,18299,734575820970.0,2850
0,20201981.105879743,20206844.925048828,4863.819169085473,7211.215167526156,3,58.41647068038583,7181.86119325459,18325,735550692680.0,2851
2,31803935.916315313,31807422.27697754,3486.360662225634,7181.86119325459,3,14.385509273037314,7181.86119325459,18326,735562293320.0,2851
2,78112214.83828732,78110262.2220459,-1952.6162414252758,7123.73620043695,3,-72.80197995342314,7181.86119325459,18327,735608596410.0,2851
3,9545410.496727247,9569849.220703125,24438.72397587821,25547.865613328293,1,,25547.865613328293,18366,736540936040.0,2852
2,30480825.595496364,30507558.703857422,26733.108361057937,30274.86833286658,1,,30274.86833286658,18389,737562809060.0,2853
1,23738943.274810262,23722444.08996582,-16499.184844441712,-13740.806833963841,5,-25.515841387212276,-13715.896490126848,18420,738556924290.0,2854
2,41435719.10560994,41417188.53076172,-18530.574848219752,-13715.896490126848,5,-0.4765271842479706,-13715.896490126848,18421,738574619130.0,2854
3,61932958.917682186,61912047.849853516,-20911.067828670144,-13714.68549502641,5,1.3399654664099216,-13715.896490126848,18422,738595114100.0,2854
3,64620718.181066066,64599493.33654785,-21224.844518214464,-13716.15443085879,5,-0.8634382821619511,-13715.896490126848,18423,738597801560.0,2854
0,75597668.20078284,75575174.06323242,-22494.13755041361,-13709.966191381216,5,6.0592691116034985,-13715.896490126848,18424,738608777300.0,2854
1,2755031.55735753,2829312.2607421875,74280.70338465739,74600.82793182088,2,12.159303079824895,74594.74828028097,18491,741538897310.0,2857
2,25384510.98458928,25456150.06628418,71639.08169490099,74588.66862874106,2,-12.159303079824895,74594.74828028097,18492,741561524270.0,2857
3,804626.4542466092,841581.4417724609,36954.9875258517,37048.48216427548,3,-9.905289787217043,37049.2893679142,18514,742537864990.0,2858
0,46355714.353291154,46387395.475097656,31681.121806502342,37067.4855402112,3,18.599774116359185,37049.2893679142,18515,742583411050.0,2858
1,69517418.78608143,69546390.40673828,28971.620656847954,37049.2893679142,3,-8.694484329142142,37049.2893679142,18516,742606570170.0,2858
3,18747719.1263621,18758679.171020508,10960.044658407569,13138.46075663343,3,38.709205865859985,13115.752074338496,18537,743556729670.0,2859
2,34951617.17091831,34960671.673461914,9054.502543605864,13115.752074338496,3,4.646182423457503,13115.752074338496,18538,743572931750.0,2859
3,74826047.12065993,74830436.35986328,4389.239203348756,13083.751027196646,3,-43.35538828931749,13115.752074338496,18539,743612801730.0,2859
1,30104062.882616006,30215140.098876953,111077.21626094729,114575.19778944924,3,-4.086734369397163,114577.13496050984,18563,744569076590.0,2860
1,37432118.569403306,37542350.528808594,110231.9594052881,114581.43408712745,3,5.267712147906423,114577.13496050984,18564,744576403840.0,2860
1,61908074.71956818,62015458.36364746,107383.64407928288,114577.13496050984,3,-1.1809777785092592,114577.13496050984,18565,744600877080.0,2860
1,41036747.02740531,41065523.38720703,28776.359801724553,33544.67906983197,2,-28.131707102060318,33558.744923383,18588,745580986390.0,2861
0,68053692.27938925,68079357.50109863,25665.221709385514,33572.81077693403,2,28.131707102060318,33558.744923383,18589,745608000370.0,2861
1,667416.7058103054,689764.1065673828,22347.400757077383,22424.952126732678,3,57.62096028274391,22368.712986588478,18623,746541523850.0,2862
1,58365475.68997237,58381062.549072266,15586.859099894762,22368.712986588478,3,-26.737749933556188,22368.712986588478,18624,746599215460.0,2862
2,64119275.954732575,64134191.47973633,14915.525003753603,22365.94934631139,3,-30.88321034918772,22368.712986588478,18625,746604968620.0,2862
3,73711397.09602757,73781677.95007324,70280.8540456742,78845.84763100743,1,,78845.84763100743,18650,747615548540.0,2863
1,13206014.330086812,13240559.241699219,34544.91161240637,36079.40196913667,1,,36079.40196913667,18676,748555981460.0,2864
3,72778535.8250193,72768446.28833008,-10089.536689221859,-1632.938156992197,1,,-1632.938156992197,18695,749616451010.0,2865
0,805555.7617897013,836527.6938476562,30971.932057954953,31065.53467850166,8,110.9583147742087,30978.89320966974,18723,750545382220.0,2866
3,16722548.725093652,16751621.745605469,29073.020511817187,31016.119248287752,8,61.5428845603019,30978.89320966974,18724,750561297400.0,2866
3,23529221.2121305,23557494.990966797,28273.778836298734,31007.787913445383,8,53.21154971793294,30978.89320966974,18725,750568103310.0,2866
0,37369919.29144899,37396580.25415039,26660.962701402605,31003.210055612028,8,48.633691884577274,30978.89320966974,18726,750581942470.0,2866
1,65628995.832260296,65652307.66125488,23311.828994587064,30937.677241399884,8,-65.53281421214342,30978.89320966974,18727,750610198350.0,2866
1,66377780.516186364,66401003.61791992,23223.10173355788,30935.956010200083,8,-67.25404541194439,30978.89320966974,18728,750610947050.0,2866
0,68493526.31304024,68516522.1932373,22995.88019706309,30954.57636372745,8,-48.633691884577274,30978.89320966974,18729,750613062580.0,2866
0,70026162.74188602,70048973.9173584,22811.17547237873,30947.95836238563,8,-55.25169322639704,30978.89320966974,18730,750614595040.0,2866
2,27716445.18704312,27727160.947021484,10715.759978365153,13936.309100855142,3,70.14722542464733,13880.223014093935,18757,751573223300.0,2867
2,63818781.28714913,63825246.002197266,6464.715048134327,13880.223014093935,3,-13.981904717162251,13880.223014093935,18758,751609321580.0,2867
2,79814971.73190019,79819549.62609863,4577.894198447466,13852.100736767054,3,-56.16532070748508,13880.223014093935,18759,751625315970.0,2867
1,10360240.532500997,10407913.270385742,47672.737884745,48876.55977931246,1,,48876.55977931246,18788,752556795380.0,2868
2,20185037.0242005,20236890.548950195,51853.524749696255,54198.951908085495,1,,54198.951908085495,18810,753567595960.0,2869
3,25867694.397811953,25816752.846557617,-50941.55125433579,-47935.820182710886,3,23.102795846760273,-47958.637227892876,18826,754574134090.0,2870
2,27022775.193820164,26971676.609375,-51098.58444516361,-47958.637227892876,3,-11.122771926224232,-47958.637227892876,18827,754575289020.0,2870
0,37788668.58904374,37736318.47583008,-52350.11321365833,-47959.20872922242,3,-11.980023920536041,-47958.637227892876,18828,754586053720.0,2870
2,36970326.68459672,36993641.62414551,23314.939548790455,27610.75570987165,2,17.858648650348186,27601.826385546476,18858,755586138460.0,2871
2,52626819.228421375,52648297.08239746,21477.853976085782,27592.8970612213,2,-17.858648650348186,27601.826385546476,18859,755601793200.0,2871
3,3376733.5477978284,3377065.6682128906,332.1204150621779,724.4844498746097,2,48.863603342324495,700.0526482034475,18876,756553467140.0,2872
0,47688101.95755082,47683236.396118164,-4865.561432659626,675.6208465322852,2,-48.863603342324495,700.0526482034475,18877,756597773550.0,2872
0,13220369.488505946,13218001.439453125,-2368.0490528214723,-831.8906794134527,2,10.030643122270703,-836.9060009745881,18894,757564176510.0,2873
2,19346718.297322616,19343628.358398438,-3089.938924178481,-841.9213225357234,2,-10.030643122270703,-836.9060009745881,18895,757570302170.0,2873
0,9477885.314339133,9474468.334716797,-3416.9796223361045,-2315.6841630470008,2,12.098303908482194,-2321.733315001242,18922,758561345370.0,2874
0,48542265.610566705,48534297.3951416,-7968.215425103903,-2327.782466955483,2,-12.098303908482194,-2321.733315001242,18923,758600405410.0,2874
1,2042652.9950536587,2024229.5228271484,-18423.47222651029,-18186.12345157261,6,-5.383580018533394,-18181.204860791564,18949,759554756560.0,2875
2,9636052.518854778,9616748.520019531,-19303.99883524701,-18184.324927773327,6,-3.5850562192499638,-18181.204860791564,18950,759562349120.0,2875
2,19901257.212924622,19880763.09008789,-20494.122836731374,-18181.66985002905,6,-0.9299784749746323,-18181.204860791564,18951,759572613190.0,2875
0,48971041.9767077,48947186.119018555,-23855.857689142227,-18165.60249222815,6,16.067357800900936,-18181.204860791564,18952,759601679770.0,2875
0,49834961.76730086,49811001.45410156,-23960.313199296594,-18169.67369607836,6,11.996153950691223,-18181.204860791564,18953,759602543590.0,2875
3,66221008.350698814,66195132.97290039,-25875.37779842317,-18180.739871554077,6,0.9299784749746323,-18181.204860791564,18954,759618927810.0,2875
3,60561525.19253547,60561328.13586426,-197.05667120963335,6839.970101132989,1,,6839.970101132989,18973,760614195380.0,2876
0,62690715.95332755,62695511.493652344,4795.540324792266,12079.971242584288,1,,12079.971242584288,18991,761617204100.0,2877
1,13377577.92140944,13323717.328735352,-53860.59267408773,-52306.167258234695,2,-17.091786609962583,-52297.62136492971,19044,763569684770.0,2879
0,18031556.474220403,17977172.198120117,-54384.27610028535,-52289.07547162473,2,17.091786609962583,-52297.62136492971,19045,763574338250.0,2879
2,35685368.95681952,35690829.65234375,5460.695524230599,9607.204317256808,1,,9607.204317256808,19072,764592883520.0,2880
0,46046087.11361648,46082606.329956055,36519.216339573264,41869.60252536088,2,10.621201030910015,41864.29192484543,19089,765604165750.0,2881
0,63811006.02626105,63845450.40307617,34444.376815125346,41858.98132432997,2,-10.621201030910015,41864.29192484543,19090,765621928690.0,2881
3,33320231.846702725,33315431.68713379,-4800.159568935633,-928.4710204638541,3,22.022160664200783,-942.5916997417808,19117,766592360840.0,2882
3,47625040.89060639,47618564.4440918,-6476.446514591575,-942.5916997417808,3,0.8411417473107576,-942.5916997417808,19118,766606664050.0,2882
1,70515072.82976022,70505920.84265137,-9151.98710885644,-958.394662514329,3,-22.86330241151154,-942.5916997417808,19119,766629551530.0,2882
0,10400220.740946846,10405070.371948242,4849.631001396105,6058.098449328914,1,,6058.098449328914,19142,767570310800.0,2883
0,58450945.7127428,58426263.71032715,-24682.002415649593,-17890.21722625941,2,15.732136346399784,-17898.08329443261,19165,768619245690.0,2884
2,67370259.67404544,67344525.54797363,-25734.126071810722,-17905.94936260581,2,-15.732136346399784,-17898.08329443261,19166,768628164000.0,2884
3,59682769.106982194,59722401.64916992,39632.54218772799,46567.46073078364,1,,46567.46073078364,19188,769621406120.0,2885
2,17199017.941818677,17210205.528686523,11187.586867846549,13186.049577128142,3,22.673847092315555,13167.049792010337,19211,770579877020.0,2886
2,28000853.74761033,28010767.201049805,9913.453439474106,13167.049792010337,3,-5.825830584391952,13167.049792010337,19212,770590677640.0,2886
0,37823669.4296976,37832434.15991211,8764.730214506388,13159.701668061316,3,-16.848016507923603,13167.049792010337,19213,770600499360.0,2886
2,7787286.84860421,7813611.012329102,26324.16372489184,27229.017852381803,2,74.41093575302511,27191.81238450529,19234,771571381780.0,2887
2,56342951.05918067,56363558.822143555,20607.7629628852,27154.606916628778,2,-74.41093575302511,27191.81238450529,19235,771619931990.0,2887
0,9779578.779706988,9795602.78137207,16024.001665081829,17160.352796865627,3,43.82306887768209,17137.238404735923,19260,772574314340.0,2888
0,40035514.14692005,40047999.40563965,12485.258719600737,17137.238404735923,3,9.151480683125556,17137.238404735923,19261,772604566900.0,2888
0,74541718.73232606,74550153.07946777,8434.347141712904,17095.821051239967,3,-52.974549560807645,17137.238404735923,19262,772639069240.0,2888
3,20922585.932951093,20867541.731811523,-55044.20113956928,-52613.0735071525,2,-17.147081691771746,-52604.49996630661,19287,773586286720.0,2889
0,25899160.172957506,25843554.85925293,-55605.31370457634,-52595.926425460726,2,17.147081691771746,-52604.49996630661,19288,773591262760.0,2889
2,53687044.39335859,53674758.51074219,-12285.882616400719,-6047.645261526108,2,22.503775611519814,-6058.897149331868,19330,775620808860.0,2891
2,65564462.87403539,65550774.37524414,-13688.498791247606,-6070.149037137628,2,-22.503775611519814,-6058.897149331868,19331,775632684940.0,2891
1,6857064.9691473795,6851498.960083008,-5566.009064371698,-4769.243302376941,2,-2.5998684503138065,-4767.943368151784,19372,777575768190.0,2893
3,11993741.495284712,11987581.223144531,-6160.272140180692,-4766.643433926627,2,2.5998684503138065,-4767.943368151784,19373,777580904300.0,2893
2,37730237.20401109,37705871.22216797,-24365.98184312135,-19981.866870991886,2,12.271026112139225,-19988.002384047955,19397,778607496230.0,2894
0,76379401.66847181,76350532.5246582,-28869.143813610077,-19994.137897104025,2,-12.271026112139225,-19988.002384047955,19398,778646141100.0,2894
0,5062947.913953952,5029462.4267578125,-33485.48719613906,-32897.191245794296,1,,-32897.191245794296,19425,779575721050.0,2895
0,28866519.835139927,28916048.540405273,49528.705265346915,52882.88883748278,1,,52882.88883748278,19457,780600440050.0,2896
0,14535100.482570566,14530028.083007812,-5072.399562753737,-3383.4742771144956,2,-6.592578833922744,-3380.1779876975343,19530,783588825240.0,2899
0,38528202.242423266,38520348.525146484,-7853.717276781797,-3376.881698280573,2,6.592578833922744,-3380.1779876975343,19531,783612815690.0,2899
0,32014575.24532924,31995770.51525879,-18804.730070449412,-15084.754023108631,2,12.988565687090158,-15091.248305952176,19544,784607189410.0,2900
2,54783390.93974462,54761927.568359375,-21463.371385246515,-15097.742588795722,2,-12.988565687090158,-15091.248305952176,19545,784629955690.0,2900
0,15354855.437487952,15346755.434692383,-8100.002795569599,-6315.824995297939,3,14.002825260162354,-6323.34883043915,19574,785591391790.0,2901
0,38535651.31314719,38524850.263183594,-10801.049963593483,-6323.34883043915,3,2.7170725483447313,-6323.34883043915,19575,785614570010.0,2901
2,71019893.41253491,71005304.85498047,-14588.55755443871,-6336.3068106770515,3,-16.719897808507085,-6323.34883043915,19576,785647050640.0,2901
1,20029433.293303147,19998717.0390625,-30716.25424064696,-28388.907664224505,1,,-28388.907664224505,19600,786596947230.0,2902
2,13305545.372527158,13279320.302612305,-26225.0699148532,-24679.014416590333,2,-5.04316595941782,-24676.492833610624,19627,787591085170.0,2903
2,46878970.14832515,46848849.01293945,-30121.13538569957,-24673.971250630915,2,5.04316595941782,-24676.492833610624,19628,787624654880.0,2903
3,41401463.90879683,41430840.014038086,29376.105241253972,34186.80327130109,1,,34186.80327130109,19668,789620990500.0,2905
0,8692760.366431724,8624221.672851562,-68538.69358016178,-67528.62675589137,2,-5.09226362966001,-67526.08062407654,19699,790589131190.0,2906
0,60286021.62859644,60211493.079833984,-74528.54876245558,-67523.53449226171,2,5.09226362966001,-67526.08062407654,19701,790640718740.0,2906
1,9756116.959532041,9747234.918579102,-8882.04095293954,-7748.415998481214,1,,-7748.415998481214,19727,791591049630.0,2907
3,26105288.28562919,26082833.40563965,-22454.879989542067,-19421.541380882263,4,-16.692802637815475,-19410.794829118997,19758,792608292610.0,2908
2,50602857.73105286,50577561.1237793,-25296.607273563743,-19416.741079993546,4,-11.892501749098301,-19410.794829118997,19759,792632787470.0,2908
3,64780045.1355257,64753114.56982422,-26930.56570148468,-19403.362407259643,4,13.378672733902931,-19410.794829118997,19760,792646963100.0,2908
2,67390655.86827275,67363420.47302246,-27235.395250290632,-19404.848578244448,4,11.892501749098301,-19410.794829118997,19761,792649573420.0,2908
1,18192921.652494766,18182147.102539062,-10774.549955703318,-8660.59928605333,3,-7.189743859693408,-8659.749267432839,19790,793601239270.0,2909
2,26273826.138640694,26262113.467285156,-11712.67135553807,-8659.749267432839,3,-5.914715928956866,-8659.749267432839,19791,793609319280.0,2909
3,60295622.956195876,60279969.75646973,-15653.19972614944,-8647.069816954434,3,13.104459788650274,-8659.749267432839,19792,793643337320.0,2909
1,4698691.32203095,4729217.806396484,30526.484365534037,31072.455037887208,2,10.337347035296261,31067.28636436956,19818,794588814650.0,2910
1,12757434.540235579,12787014.290893555,29579.750657975674,31062.117690851912,2,-10.337347035296261,31067.28636436956,19819,794596872490.0,2910
2,11680681.440523341,11761666.333984375,80984.8934610337,82342.14573886059,5,-16.460278930142522,82351.82671411335,19845,795596791550.0,2911
1,46699804.67237598,46776727.23791504,76922.56553906202,82348.91130393744,5,-9.694713853299618,82351.82671411335,19846,795631806800.0,2911
1,51776384.22426474,51852719.82531738,76335.60105264187,82351.82671411335,5,-5.321598589420319,82351.82671411335,19847,795636882820.0,2911
2,61797460.9661489,61872645.71350098,75184.74735207856,82365.38532146811,5,15.016312442719936,82351.82671411335,19848,795646902800.0,2911
1,73385561.50429937,73459403.14013672,73841.63583734632,82368.76852378249,5,18.399514757096767,82351.82671411335,19849,795658489620.0,2911
3,11884166.005011998,11889071.826904297,4905.821892298758,6286.7183290775865,3,3.4752529747784138,6286.7183290775865,19876,796597923530.0,2912
3,19863001.757341117,19866968.742919922,3966.985578805208,6274.993422087282,3,-14.11210751067847,6286.7183290775865,19877,796605901470.0,2912
0,47317887.16389328,47318680.49194336,793.3280500769615,6291.492730118334,3,10.636854535900056,6286.7183290775865,19878,796633353330.0,2912
0,28215645.20368008,28191666.728515625,-23978.47516445443,-20699.92083369568,1,,-20699.92083369568,19937,798616127840.0,2914
0,20916830.828517333,20952372.502319336,35541.673802003264,37972.1327124238,2,-3.0994229465723038,37973.68242389709,19954,799609800920.0,2915
0,29565085.92571731,29599625.803466797,34539.87774948776,37975.232135370374,2,3.0994229465723038,37973.68242389709,19955,799618448220.0,2915
1,62811954.64116168,62790300.8762207,-21653.764940977097,-14355.24653299898,2,-8.506299443542957,-14350.993383277208,19980,800652618560.0,2916
3,67548840.96540648,67526645.29797363,-22195.66743284464,-14346.740233555436,2,8.506299443542957,-14350.993383277208,19981,800657354930.0,2916
2,7392467.2504489245,7506428.176147461,113960.92569853645,114819.90323897451,2,8.47691061347723,114815.66478366777,20000,801598234770.0,2917
1,48900254.646243304,49009384.04260254,109129.39635923505,114811.42632836103,2,-8.47691061347723,114815.66478366777,20001,801639737950.0,2917
1,50815786.99520163,50810492.243774414,-5294.751427218318,609.8563647121191,2,-7.836820513010025,613.7747749686241,20029,802642590490.0,2918
3,61973355.378185935,61966771.99511719,-6583.3830687478185,617.6931852251291,2,7.836820513010025,613.7747749686241,20030,802653746830.0,2918
0,25149175.86527989,25217538.9029541,68363.03767421097,71285.27953162417,2,-15.588411342352629,71293.07373729534,20060,803617952820.0,2919
3,31925801.10329996,31993392.310424805,67591.2071248442,71300.86794296652,2,15.588411342352629,71293.07373729534,20061,803624728710.0,2919
2,25120671.394711733,25157099.616210938,36428.221499204636,39347.15124183893,1,,39347.15124183893,20089,804618858810.0,2920
1,12054338.352639988,12119488.25,65149.897360011935,66550.56719850749,2,-31.06783326715231,66566.10111514106,20111,805606817510.0,2921
0,67284416.58582473,67343180.01879883,58763.43297410011,66581.63503177464,2,31.06783326715231,66566.10111514106,20112,805662041500.0,2921
0,8817652.38303734,8906993.969238281,89341.58620094135,90366.16501878574,4,5.112483873963356,90363.60877684876,20136,806604574500.0,2922
0,20043641.296155542,20131673.35119629,88032.05504074693,90361.05253491178,4,-5.112483873963356,90363.60877684876,20137,806615799240.0,2922
1,32527491.402898498,32614055.94104004,86564.53814154118,90344.11316234246,4,-22.051856443285942,90363.60877684876,20138,806628281690.0,2922
0,40605730.27722967,40691382.32006836,85652.04283869267,90370.27954364568,4,9.227008733898401,90363.60877684876,20139,806636359060.0,2922
1,37741776.26947812,37717904.14428711,-23872.125191010535,-19486.669421859086,2,-37.78268279880285,-19467.778080459684,20165,807634466940.0,2923
0,77956334.12006639,77927826.99365234,-28507.12641404569,-19448.886739060283,2,37.78268279880285,-19467.778080459684,20166,807674677080.0,2923
0,19800785.36888509,19876465.13684082,75679.7679557316,77980.5464832075,2,23.387755263596773,77968.8526055757,20190,808617544730.0,2924
2,50666778.60175495,50738848.466918945,72069.86516399682,77957.1587279439,2,-23.387755263596773,77968.8526055757,20191,808648407280.0,2924
1,64821036.233064115,64850440.607910156,29404.374846041203,36936.341155231,1,,36936.341155231,20209,809663492290.0,2925
2,16626223.164379172,16688201.478271484,61978.31389231235,63910.219952451065,1,,63910.219952451065,20256,811617262650.0,2927
0,42689523.92753401,42679049.26586914,-10474.661664865911,-5514.295791953802,2,23.4259801954031,-5526.008782051504,20275,812644264100.0,2928
1,52987368.319005206,52975673.65966797,-11694.659337237477,-5537.721772149205,2,-23.4259801954031,-5526.008782051504,20276,812654560780.0,2928
3,5953189.803462129,6025442.930297852,72253.12683572248,72944.86562358495,2,75.27680765744299,72907.22721975623,20326,814609368050.0,2930
2,47500538.38276093,47567888.583496094,67350.20073516667,72869.5888159275,2,-75.27680765744299,72907.22721975623,20327,814650910720.0,2930
0,2380927.341981654,2446185.1193847656,65257.77740311157,65534.432414610405,3,35.25574157061055,65503.031974837184,20372,816607705760.0,2932
3,73380195.21508354,73437171.73791504,56976.52283149958,65503.031974837184,3,-11.8449180892203,65503.031974837184,20373,816678697130.0,2932
3,78719444.49603087,78775792.90710449,56348.41107362509,65495.321371242404,3,-23.410823481390253,65503.031974837184,20374,816684035780.0,2932
3,15620284.993637552,15663402.090332031,43117.096694478765,44932.11643419601,2,-0.5781663116067648,44932.40551735181,20403,817621896390.0,2933
1,38253062.04862781,38293549.87792969,40487.82930187881,44932.69460050762,2,0.5781663116067648,44932.40551735181,20404,817644526660.0,2933
3,23926903.098432817,23963025.915649414,36122.8172165975,38903.03546816483,2,-5.78585834428668,38905.928397336975,20427,818631114360.0,2934
2,63717015.91912847,63748521.05725098,31505.13812250644,38908.82132650912,2,5.78585834428668,38905.928397336975,20428,818670900070.0,2934
1,2802854.7332079196,2751378.837890625,-51475.895317294635,-51150.21389276208,4,-32.34010451706126,-51127.676635148004,20453,819610872100.0,2935
0,8003568.613945233,7951520.7548828125,-52047.859062420204,-51117.87378824502,4,19.6056938059628,-51127.676635148004,20454,819616072270.0,2935
2,23949995.02851408,23896074.647583008,-53920.38093107194,-51137.479482050985,4,-19.6056938059628,-51127.676635148004,20455,819632016910.0,2935
0,58566254.972623825,58508337.72668457,-57917.24593925476,-51112.06223742664,4,25.417244624346495,-51127.676635148004,20456,819666629360.0,2935
3,44082464.61168716,44151502.18713379,69037.57544662803,74159.79591047764,1,,74159.79591047764,20476,820653138780.0,2936
0,453531.1554769465,536918.0352783203,83386.87980137381,83439.57845572633,4,16.927986391528975,83428.2783567207,20505,821610504470.0,2937
1,1805825.3971857924,1889030.7332763672,83205.33609057474,83415.16636855691,4,-18.739875549683347,83428.2783567207,20506,821611856590.0,2937
2,10199787.935015554,10282025.407592773,82237.47257721983,83422.6504693348,4,-11.255774771794677,83428.2783567207,20507,821620249630.0,2937
3,52849742.146110535,52927035.10644531,77292.96033477783,83433.90624410659,4,11.255774771794677,83428.2783567207,20508,821662894870.0,2937
2,75257031.11613764,75231810.56945801,-25220.546679630876,-16475.956098601222,1,,-16475.956098601222,20523,822686252980.0,2938
2,53466820.13485792,53541632.01660156,74811.88174363971,81024.5298486054,1,,81024.5298486054,20596,825667248980.0,2941
3,9368829.047770832,9342264.779541016,-26564.26822981611,-25475.644708115608,2,17.822540558874607,-25484.555978395045,20619,826624074940.0,2942
2,24779344.301954865,24750971.56591797,-28372.736036896706,-25493.467248674482,2,-17.822540558874607,-25484.555978395045,20620,826639483730.0,2942
1,7647435.404007529,7633423.048828125,-14012.355179403909,-13123.751276073046,2,15.418239670805633,-13131.460395908449,20648,827623211430.0,2943
2,49929295.505726494,49910354.73547363,-18940.770252861083,-13139.169515743852,2,-15.418239670805633,-13131.460395908449,20649,827665488590.0,2943
0,30755102.4209425,30764270.881591797,9168.460649296641,12742.090580746531,3,47.461074348539114,12695.926065288484,20676,828647241760.0,2944
1,61742301.85986954,61747823.55725098,5521.697381436825,12695.926065288484,3,-21.78569883853197,12695.926065288484,20677,828678225480.0,2944
3,66731977.29170708,66736916.61401367,4939.322306588292,12693.3329475075,3,-25.675375510007143,12695.926065288484,20678,828683214600.0,2944
0,3354772.009916852,3413303.229614258,58531.219697405584,58921.03188218549,4,73.3477283231914,58871.14210351929,20698,829620809970.0,2945
0,25737418.361463547,25793322.368041992,55904.006578445435,58894.600053176284,4,46.9158993139863,58871.14210351929,20699,829643190110.0,2945
2,48816682.38002002,48869857.74499512,53175.364975094795,58847.6841538623,4,-46.9158993139863,58871.14210351929,20700,829666266770.0,2945
1,61997409.1206964,62049026.571899414,51617.451203010976,58821.322413511574,4,-73.27763966470957,58871.14210351929,20701,829679446010.0,2945
1,939080.2504914182,1049562.0306396484,110481.78014823026,110590.89782390103,4,-12.24439475114923,110600.7139739911,20726,830619477670.0,2946
2,8241577.097277774,8351222.598510742,109645.50123296864,110603.14221865218,4,4.8564893221482635,110600.7139739911,20727,830626779370.0,2946
2,17525203.919423617,17633772.46887207,108568.54944845289,110604.91377018392,4,6.628040853887796,110600.7139739911,20728,830636061970.0,2946
2,19300577.25265456,19408932.88220215,108355.62954758853,110598.28572933003,4,-4.8564893221482635,110600.7139739911,20729,830637837140.0,2946
3,23455784.483232968,23541308.638793945,85524.15556097776,88249.63155997545,3,-1.34438032284379,88250.90377384424,20756,831642994080.0,2947
2,24752626.89665842,24838001.6361084,85374.73944997787,88250.90377384424,3,0.5639404803514481,88250.90377384424,20757,831644290780.0,2947
2,63820745.364347294,63901580.67626953,80835.31192223728,88251.04810675234,3,0.780439842492342,88250.90377384424,20758,831683354570.0,2947
0,7486677.476074314,7488413.286743164,1735.8106688503176,2605.735091452487,1,,2605.735091452487,20789,832627987400.0,2948
1,17818109.313114293,17852991.87890625,34882.56579195708,36952.96464453265,3,-30.13356668688357,36978.30928929895,20807,833639285440.0,2949
0,30714243.237298757,30747662.2421875,33419.00488874316,36987.88713314012,3,22.250166224315763,36978.30928929895,20808,833652180180.0,2949
2,65931024.7124614,65960342.07885742,29317.366396024823,36978.30928929895,3,7.883400462567806,36978.30928929895,20809,833687393050.0,2949
0,48900156.03165608,48889250.69970703,-10905.331949047744,-5223.3134385719895,1,,-5223.3134385719895,20834,834671280360.0,2950
0,25083367.882480726,25115709.625976562,32341.743495836854,35256.338707372546,3,11.271741386502981,35247.49757555872,20863,835648444960.0,2951
3,59774020.32761302,59802322.30358887,28301.975975848734,35247.49757555872,3,-1.989956334233284,35247.49757555872,20864,835683131760.0,2951
1,77910724.67268687,77936914.36901855,26189.69633167982,35242.636356413364,3,-9.281785052269697,35247.49757555872,20865,835701266450.0,2951
1,15758683.529211625,15783882.30078125,25198.771569624543,27029.87271080911,1,,27029.87271080911,20884,836640099480.0,2952
2,5413228.429504039,5378019.13269043,-35209.29681360908,-34580.29955400992,4,-5.557897930033505,-34576.855464711785,20908,837630613910.0,2953
0,56545892.64573099,56504763.02661133,-41129.619119659066,-34559.19409900159,4,19.775174342095852,-34576.855464711785,20909,837681740930.0,2953
1,72607902.03595208,72564886.29516602,-43015.74078606069,-34578.96927334368,4,-4.227617263793945,-34576.855464711785,20910,837697801140.0,2953
1,77562356.74472147,77518769.54211426,-43587.20260721445,-34574.74165607989,4,4.227617263793945,-34576.855464711785,20911,837702755050.0,2953
2,37345501.01115182,37317733.3717041,-27767.63944771886,-23428.22940798849,3,-10.191202819347382,-23426.620459720492,20938,838663457250.0,2954
1,62686777.12763598,62656066.53393555,-30710.593700431287,-23426.620459720492,3,-7.777780417352915,-23426.620459720492,20939,838688795720.0,2954
3,79452527.55012569,79419886.00231934,-32641.547806352377,-23409.45595061779,3,17.968983236700296,-23426.620459720492,20940,838705559630.0,2954
0,12161993.451930948,12261521.483398438,99528.0314674899,100941.21043308266,4,5.020139945670962,100937.99503970705,20963,839639291300.0,2955
2,29752357.423376326,29849836.499023438,97479.07564711198,100936.19029313698,4,-3.609493140131235,100937.99503970705,20964,839656879710.0,2955
1,65650221.604328096,65743512.657958984,93291.05363088846,100919.36823444813,4,-20.431551828980446,100937.99503970705,20965,839692773580.0,2955
0,66136555.05671632,66229810.03173828,93254.97502195835,100939.79978627712,4,3.609493140131235,100937.99503970705,20966,839693259880.0,2955
3,1507332.4551967592,1501391.691772461,-5940.76342429826,-5765.616929748794,3,2.854132497915998,-5765.616929748794,21011,841630588900.0,2957
2,12694859.483612623,12687621.28137207,-7238.202240552753,-5763.106199406087,3,6.620228011975996,-5765.616929748794,21012,841641775190.0,2957
1,34018362.783640064,34008636.138916016,-9726.644724048674,-5773.835925087333,3,-9.474360509891994,-5765.616929748794,21013,841663096320.0,2957
3,23203237.054616675,23246720.888061523,43483.83344484866,46179.964360296726,2,-11.448191307485104,46185.68845595047,21038,842653255720.0,2958
0,42085997.7507232,42127298.92492676,41301.174203559756,46191.41255160421,2,11.448191307485104,46185.68845595047,21039,842672136400.0,2958
1,66641521.81654398,66625344.96777344,-16176.848770543933,-8433.348723575473,1,,-8433.348723575473,21060,843697609200.0,2959
3,5564768.788139956,5569849.3623046875,5080.574164731428,5727.179857364856,3,4.198522572405636,5727.179857364856,21079,844637467580.0,2960
0,13503750.23244692,13507896.493408203,4146.260961282998,5715.347136221826,3,-13.550559142138809,5727.179857364856,21080,844645405670.0,2960
3,17570085.4998739,17573774.536010742,3689.036136843264,5730.615533363074,3,9.352036569733173,5727.179857364856,21081,844649471570.0,2960
3,16983058.649429932,17051977.809936523,68919.1605065912,70892.5295393616,4,-13.808709606528282,70899.43389416486,21102,845649903400.0,2961
1,24434166.010519683,24502217.575561523,68051.56504184008,70890.72538051009,4,-15.612868458032608,70899.43389416486,21103,845657353680.0,2961
0,36022392.225732304,36089115.00134277,66722.77561046928,70908.44526939094,4,15.915730029344559,70899.43389416486,21104,845668940640.0,2961
3,73685167.23765011,73747511.63012695,62344.39247684181,70906.33824896812,4,13.808709606528282,70899.43389416486,21105,845706599240.0,2961
3,50394119.78890698,50367491.89050293,-26627.898404046893,-20772.286792621017,2,-7.088423639535904,-20768.74258080125,21133,846684257460.0,2962
3,69080123.04478934,69051330.98986816,-28792.05492118001,-20765.19836898148,2,7.088423639535904,-20768.74258080125,21134,846702941400.0,2962
1,24835766.04322527,24809304.729614258,-26461.313611011952,-23575.48882370442,4,-20.79004044830799,-23562.32246244885,21154,847659586460.0,2963
2,30850666.930684306,30823512.25036621,-27154.68031809479,-23569.946141641587,4,-15.24735838547349,-23562.32246244885,21155,847665600700.0,2963
3,48321131.34546074,48291967.91333008,-29163.432130664587,-23548.694161847234,4,21.251979794353247,-23562.32246244885,21156,847683069250.0,2963
2,50506429.47352668,50477006.11315918,-29423.360367499292,-23554.698783256114,4,15.24735838547349,-23562.32246244885,21157,847685254300.0,2963
3,26733806.207194548,26776122.424560547,42316.217365998775,45422.58744846657,4,-9.332678716629744,45429.72945777699,21230,850664238560.0,2966
2,50288451.028754205,50328035.23425293,39584.205498725176,45427.53878837079,4,-4.3813388124108315,45429.72945777699,21231,850687790600.0,2966
0,55776016.31469119,55814975.60241699,38959.287725798786,45440.25594469905,4,12.717156328260899,45429.72945777699,21232,850693277570.0,2966
2,61928116.28195627,61966352.38244629,38236.100490018725,45431.9201271832,4,4.3813388124108315,45429.72945777699,21233,850699428980.0,2966
1,15948237.487568486,15974185.8828125,25948.395244013518,27801.521858887747,2,-25.770373893901706,27814.407045834698,21266,851654636980.0,2967
1,78968604.15507329,78987255.58557129,18651.43049800396,27827.29223278165,2,25.770373893901706,27814.407045834698,21267,851717650390.0,2967
2,2936045.110663154,2915230.9512939453,-20814.15936920885,-20473.001712051686,2,-9.312078868504614,-20468.345672617434,21297,852642515200.0,2968
3,47087017.573158756,47061082.545043945,-25935.028114810586,-20463.68963318318,2,9.312078868504614,-20468.345672617434,21298,852686661290.0,2968
1,35977515.7894602,35966889.3581543,-10626.431305900216,-6445.976124033332,2,-3.4014691188931465,-6444.275389473885,21316,853676438490.0,2969
1,44623670.35189211,44612042.6706543,-11627.68123781681,-6442.574654914439,2,3.4014691188931465,-6444.275389473885,21317,853685083690.0,2969
1,6562814.798927477,6530689.203857422,-32125.595070054755,-31363.02009699773,3,-11.03050081571564,-31359.616172331385,21350,854647877680.0,2970
1,8223385.380407884,8191070.237060547,-32315.14334733691,-31359.616172331385,3,-5.924613816197962,-31359.616172331385,21351,854649538070.0,2970
2,35619385.50897801,35583902.30419922,-35483.204778790474,-31344.363020032644,3,16.955114631913602,-31359.616172331385,21352,854676931050.0,2970
1,3683202.438982774,3697563.2958984375,14360.856915663462,14788.83150990773,2,-11.189784250222147,14794.426402032841,21373,855645935960.0,2971
1,19822829.46381778,19835326.1451416,12496.681323822588,14800.021294157952,2,11.189784250222147,14794.426402032841,21374,855662073810.0,2971
2,28050593.558372896,28121956.03515625,71362.47678335384,74621.85271919519,1,,74621.85271919519,21395,856671279810.0,2972
1,15465276.818138607,15519770.231689453,54493.41355084628,56290.42190994881,3,-11.052711671218276,56298.11488417536,21421,857659689810.0,2973
3,43442202.15194609,43493459.161987305,51257.010041214526,56304.8343590647,3,10.56596200261265,56298.11488417536,21422,857687663650.0,2973
1,44178620.46396132,44229785.185424805,51164.72146348655,56298.11488417536,3,0.48674966860562563,56298.11488417536,21423,857688399980.0,2973
3,36036835.46349901,36018555.98010254,-18279.483396470547,-14092.135486371815,1,,-14092.135486371815,21451,858681143360.0,2974
3,10543317.965933938,10646877.735961914,103559.77002797648,104784.8648478277,1,,104784.8648478277,21470,859656672950.0,2975
3,41158148.32331288,41148600.872558594,-9547.450754284859,-4765.025101520121,1,,-4765.025101520121,21500,860688239060.0,2976
3,31918434.737378795,31987569.013549805,69134.27617100999,72843.08104446903,3,3.3146234191954136,72840.80603441596,21523,861679992440.0,2977
1,47033223.75788079,47100597.396850586,67373.63896979392,72838.7268076837,3,-3.216731758788228,72840.80603441596,21524,861695105550.0,2977
1,74938393.4746227,75002526.71459961,64133.23997691274,72840.80603441596,3,-0.09789166040718555,72840.80603441596,21525,861723007630.0,2977
0,11288768.581812646,11307225.116210938,18456.53439829126,19768.247841512784,1,,19768.247841512784,21546,862660272270.0,2978
3,30151896.955418196,30196831.474731445,44934.51931324974,48438.05898530409,2,-27.128435406833887,48451.623203007504,21566,863680131480.0,2979
0,54999642.87093569,55041717.30187988,42074.43094418943,48465.18742071092,2,27.128435406833887,48451.623203007504,21567,863704976500.0,2979
2,5675244.22097347,5687666.2587890625,12422.037815592252,13081.480347721837,2,-18.89142317790538,13090.92605931079,21600,864656581700.0,2980
0,25702584.28934698,25712698.115234375,10113.825887393206,13100.371770899743,2,18.89142317790538,13090.92605931079,21601,864676606840.0,2980
0,1654960.5472685855,1647924.8781738281,-7035.66909475741,-6843.36875817785,3,-14.016301293391734,-6843.36875817785,21630,865653431310.0,2981
3,9998456.088851659,9990439.825073242,-8016.26377841644,-6854.479907292873,3,-30.683024965925142,-6843.36875817785,21631,865661773870.0,2981
2,71932517.91291961,71917355.39355469,-15162.519364923239,-6804.225006476045,3,44.69932625931688,-6843.36875817785,21632,865723701120.0,2981
1,4482994.224671181,4476006.408447266,-6987.816223915666,-6466.908761975355,4,-29.867587809450924,-6440.370099764317,21646,866657148780.0,2982
2,51570768.17677829,51558332.1439209,-12436.032857388258,-6443.69902536273,4,-6.657851196825504,-6440.370099764317,21647,866704231360.0,2982
1,56261561.24250537,56248586.814575195,-12974.427930176258,-6437.0411741659045,4,6.657851196825504,-6440.370099764317,21648,866708921640.0,2982
3,61766573.02072741,61752967.08862305,-13605.932104364038,-6428.883200772107,4,14.815824590623379,-6440.370099764317,21649,866714426050.0,2982
3,70197871.57804137,70209282.20178223,11410.62374085188,19567.358566895127,1,,19567.358566895127,21671,867723775880.0,2983
2,11127678.254800428,11168399.860107422,40721.60530699417,42014.60064593516,3,-5.841038782149553,42014.60064593516,21713,869666660370.0,2985
1,14275561.121553872,14315912.862182617,40351.74062874541,42010.50839397684,3,-11.979416719637811,42014.60064593516,21714,869669807900.0,2985
1,70538815.02822909,70572649.05200195,33834.023772865534,42030.37497545779,3,17.820455501787364,42014.60064593516,21715,869726064940.0,2985
3,8883061.664539356,9005360.13293457,122298.46839521453,123330.64753130823,5,0.5018258187919855,123330.64753130823,21745,870665425860.0,2986
1,25136969.061074175,25257372.365234375,120403.30416020006,123324.12763180211,5,-9.278023440390825,123330.64753130823,21746,870681677960.0,2986
0,35397941.9866371,35517166.95800781,119224.97137071192,123338.08220558614,5,10.694624030962586,123330.64753130823,21747,870691937810.0,2986
1,37056892.29299724,37175908.00012207,119015.70712482929,123321.58189163357,5,-11.823763608932495,123330.64753130823,21748,870693596560.0,2986
3,66644175.879401356,66759768.23474121,115592.35533985496,123336.16377917677,5,8.77619762159884,123330.64753130823,21749,870723180580.0,2986
1,22656901.170978233,22665708.294799805,8807.12382157147,11439.772514145821,2,-21.370429262518883,11450.45772877708,21772,871680136680.0,2987
0,25268569.164115444,25277094.192138672,8525.02802322805,11461.14294340834,2,21.370429262518883,11450.45772877708,21773,871682748080.0,2987
0,26609836.13350811,26661571.446411133,51735.312903024256,54827.27811829746,2,3.2855575680732727,54825.63533951342,21823,873686073360.0,2989
3,71839760.73786601,71886237.21411133,46476.47624531388,54823.992560729384,2,-3.2855575680732727,54825.63533951342,21824,873731298270.0,2989
3,8505423.43433509,8599161.643432617,93738.20909752697,94726.50805841386,1,,94726.50805841386,21841,874668928130.0,2990
0,39435584.636159346,39492829.24536133,57244.60920198262,61826.8792816326,1,,61826.8792816326,21868,875700778410.0,2991
0,8484398.52056076,8562558.561035156,78160.0404743962,79145.89641753212,2,-4.484029721468687,79148.13843239285,21891,876670834370.0,2992
2,26629044.40031623,26705100.583618164,76056.18330193311,79150.38044725358,2,4.484029721468687,79148.13843239285,21892,876688977010.0,2992
2,25983670.01954142,25969082.907958984,-14587.111582435668,-11567.90456956625,4,-26.3521756157279,-11549.478654187173,21924,877689214330.0,2993
2,38546441.43135288,38530405.0715332,-16036.359819680452,-11557.404914423823,4,-15.85252047330141,-11549.478654187173,21925,877701775720.0,2993
2,63011196.18873478,62992332.966796875,-18863.22193790227,-11541.552393950522,4,15.85252047330141,-11549.478654187173,21926,877726237780.0,2993
0,69315613.12361158,69296038.92407227,-19574.19953931868,-11519.979904964566,4,37.425009459257126,-11549.478654187173,21927,877732541520.0,2993
0,1644880.9212225447,1686254.798828125,41373.87760558026,41565.00672663795,3,0.6352453152649105,41564.818308249116,21952,878665829960.0,2994
2,11975145.66708713,12015319.017456055,40173.35036892444,41564.818308249116,3,0.3526177320163697,41564.818308249116,21953,878676159080.0,2994
1,16587597.604463615,16627234.111206055,39636.506742440164,41563.92465439625,3,-0.9878630472812802,41564.818308249116,21954,878680771020.0,2994
0,15933203.115042828,16000992.182861328,67789.0678185001,69640.44749451242,6,-64.607640074566,69693.8299809061,21978,879681055140.0,2995
0,36355103.63324447,36420561.908569336,65458.275324866176,69682.60482722521,6,-22.450307361781597,69693.8299809061,21979,879701474820.0,2995
2,40723731.44076096,40788678.318847656,64946.878086693585,69678.82609340549,6,-26.229041181504726,69693.8299809061,21980,879705842960.0,2995
0,45409744.40562474,45474173.01525879,64428.60963404924,69705.05513458699,6,22.450307361781597,69693.8299809061,21981,879710528480.0,2995
1,67064034.28502135,67125966.08642578,61931.80140443146,69724.39584825933,6,41.79102103412151,69693.8299809061,21982,879732180390.0,2995
1,78735144.00220692,78795743.06469727,60599.06249034405,69747.79701291025,6,65.19218568503857,69693.8299809061,21983,879743850230.0,2995
3,39417149.280753374,39422121.26611328,4971.98535990715,9552.11331897229,2,-19.140728883445263,9561.683683414012,22057,882707300420.0,2998
3,75804591.74231663,75805354.78125,763.0389333665371,9571.254047855735,2,19.140728883445263,9561.683683414012,22058,882743683850.0,2998
0,26707957.459274814,26711445.649291992,3488.1900171786547,6591.556570086628,2,6.717242177575827,6588.19794899784,22114,884696343590.0,3000
1,52006137.127088465,52006679.04431152,541.917223058641,6584.839327909052,2,-6.717242177575827,6588.19794899784,22115,884721638960.0,3000
2,45635690.412969805,45668022.19213867,32331.779168866575,37634.47876551002,2,-22.91642587631941,37645.93697844818,22141,885716168650.0,3001
3,69044841.14920974,69074475.78747559,29634.63826584816,37657.39519138634,2,22.91642587631941,37645.93697844818,22142,885739575230.0,3001
0,15892129.480092991,15979319.050292969,87189.5701999776,89036.1772704795,1,,89036.1772704795,22168,886687420360.0,3002
1,46518247.17451416,46519650.35583496,1403.1813208013773,6808.430771321058,1,,6808.430771321058,22195,887718955190.0,3003
3,53635788.918893196,53638542.81616211,2753.8972689136863,8986.178925924003,1,,8986.178925924003,22213,888726944550.0,3004
0,29077743.77961585,29112606.14404297,34862.36442711949,38241.09144573286,3,0.5511949975043535,38241.09144573286,22274,890704332140.0,3006
2,33393322.146934904,33427662.840942383,34340.694007478654,38220.875380363315,3,-29.772903056815267,38241.09144573286,22275,890708647220.0,3006
0,66228910.886329696,66259475.53527832,30564.64894862473,38260.2051211074,3,29.221708059310913,38241.09144573286,22276,890741479210.0,3006
2,39521658.81552869,39524306.49145508,2647.67592638731,7239.947509512305,1,,7239.947509512305,22292,891715675510.0,3007
3,37169919.71317099,37168439.974365234,-1479.7388057559729,2839.2693320959806,2,-0.6430401653051376,2839.590852178633,22320,892714216940.0,3008
3,43324741.00289348,43322546.73950195,-2194.2633915245533,2839.912372261286,2,0.6430401653051376,2839.590852178633,22321,892720371080.0,3008
0,45609975.194532484,45699147.13769531,89171.94316282868,94471.65474554896,1,,94471.65474554896,22366,894724595560.0,3010
0,9505587.672646262,9616090.572265625,110502.89961936325,111607.41399093159,1,,111607.41399093159,22382,895689444690.0,3011
3,8547865.501534168,8650126.003051758,102260.50151759014,103253.73209078796,1,,103253.73209078796,22405,896689477150.0,3012
1,11854990.705737865,11981416.56262207,126425.85688420571,127803.36325837485,2,-22.783194394782186,127814.75485557225,22423,897693744680.0,3013
3,45139805.76446803,45262386.83129883,122581.06683079898,127826.14645276964,2,22.783194394782186,127814.75485557225,22424,897727025830.0,3013
3,46591541.70613513,46515840.05505371,-75701.65108142048,-70287.88507555425,1,,-70287.88507555425,22446,898729318680.0,3014
1,37152303.485675275,37230428.618896484,78125.13322120905,82442.09441813827,3,-1.6939728111028671,82442.17529844493,22465,899720993760.0,3015
2,40160976.7553616,40238752.372680664,77775.61731906235,82442.17529844493,3,-1.5726523511111736,82442.17529844493,22466,899724002100.0,3015
1,41224521.36623384,41302176.62976074,77655.2635269016,82445.40148345381,3,3.2666251622140408,82442.17529844493,22467,899725065530.0,3015
