arm,tof,off,u,v,n_b,res,delta_b,eventId,t_dream_ns,bunch
0,4902922.6225395035,4810368.116901398,-92554.5056381058,-91984.45420220867,3,-14.440132206305861,-91976.2207187973,10,446844430.0,3459
2,24345825.08723492,24251018.23392868,-94806.85330624133,-91976.2207187973,3,-2.0899070892482996,-91976.2207187973,11,466285170.0,3459
0,31129700.057985965,31034116.872576714,-95583.1854092516,-91963.80742120743,3,16.53003929555416,-91976.2207187973,12,473068300.0,3459
2,49918741.9127177,49947555.917019844,28814.00430214405,34617.940585926175,2,-19.854582898318768,34627.867877375335,44,1492863510.0,3460
0,50604328.600205764,50633082.747517586,28754.14731182158,34637.795168824494,2,19.854582898318768,34627.867877375335,45,1493549040.0,3460
2,54044403.516122505,53962155.16145706,-82248.3546654433,-75964.73728080094,1,,-75964.73728080094,67,2497907780.0,3461
2,1458421.0839053744,1452782.4769573212,-5638.6069480532315,-5469.039712951286,2,-35.331953041953966,-5451.373736430309,102,3446268840.0,3462
2,35015572.23194075,35006067.34485245,-9504.887088298798,-5433.707759909332,2,35.331953041953966,-5451.373736430309,103,3479822280.0,3462
0,7687157.481911775,7590494.2804813385,-96663.20143043622,-95769.43346836697,1,,-95769.43346836697,128,4453355080.0,3463
1,12476286.345575683,12421934.863113403,-54351.4824622795,-52900.89360059425,3,-32.81216084398329,-52880.3490207009,179,6459962710.0,3465
3,24317727.83581575,24262020.121009827,-55707.7148059234,-52880.3490207009,3,-1.9952910039573908,-52880.3490207009,180,6471802850.0,3465
0,37894949.12617968,37837687.354522705,-57261.77165697515,-52855.81385879964,3,34.80745184794068,-52880.3490207009,181,6485378580.0,3465
3,15688568.346730955,15621324.31575203,-67244.03097892553,-65419.957543194294,1,,-65419.957543194294,207,7464096790.0,3466
3,21589580.67239298,21602499.346832275,12918.674439296126,15428.84488460049,2,-3.8833269253373146,15430.786548063159,302,11473880440.0,3470
2,29496569.562940635,29508572.79345703,12003.230516396463,15432.728211525828,2,3.8833269253373146,15430.786548063159,303,11481786550.0,3470
1,3902638.426632421,3906231.043876648,3592.617244226858,4046.367957864888,2,-46.71539745759219,4069.725656593684,321,12457197870.0,3471
2,67798425.34093681,67794635.65870667,-3789.682230144739,4093.08335532248,2,46.71539745759219,4069.725656593684,322,12521086570.0,3471
0,14549310.033199634,14521156.151939392,-28153.881260242313,-26462.266744930297,2,-26.50893523171544,-26449.01227731444,345,13468760320.0,3472
2,54231283.80865838,54198542.70532608,-32741.103332296014,-26435.75780969858,2,26.50893523171544,-26449.01227731444,346,13508437890.0,3472
3,15365310.616859963,15382352.238754272,17041.621894309297,18828.110903920606,2,-7.093853799626231,18831.65783082042,369,14470594340.0,3473
1,23636216.926337697,23652304.003002167,16087.076664470136,18835.204757720232,2,7.093853799626231,18831.65783082042,370,14478864330.0,3473
3,17040211.747902296,17099519.18284607,59307.43494377285,61288.66082121804,2,-36.45649407431483,61306.8890682552,492,19491333760.0,3478
3,56128149.25471562,56182948.482364655,54799.22764903307,61325.11731529236,2,36.45649407431483,61306.8890682552,493,19530417370.0,3478
3,11796515.00896345,11724718.091266632,-71796.91769681871,-70425.36427100562,2,-26.35063116811216,-70412.18895542156,575,22496695670.0,3481
0,46147263.73937458,46071499.29046631,-75764.4489082694,-70399.0136398375,2,26.35063116811216,-70412.18895542156,576,22531042610.0,3481
1,4194479.688928632,4153423.8044662476,-41055.88446238451,-40568.20204240875,3,-28.426084894221276,-40559.86948491819,593,23489958920.0,3482
3,5869768.393542647,5828526.059707642,-41242.33383500576,-40559.86948491819,3,-15.92724865837954,-40559.86948491819,594,23491634030.0,3482
0,59941715.05591327,59894226.08937073,-47488.96654254198,-40519.68243011087,3,44.353333552600816,-40559.86948491819,595,23545699980.0,3482
1,55963605.13608028,55928022.7593956,-35582.37668468058,-29075.61818126589,1,,-29075.61818126589,619,24542649490.0,3483
1,47349250.52284047,47308987.455127716,-40263.06771275401,-34757.880230270326,1,,-34757.880230270326,669,26535822710.0,3485
1,4174749.950679429,4134467.54744339,-40282.40323603898,-39797.01474694582,3,4.084337781649083,-39798.89367124438,697,27493532490.0,3486
2,46179491.43897466,46134323.36299515,-45168.07597951591,-39798.89367124438,3,1.2659513338003308,-39798.89367124438,698,27535532540.0,3486
1,49017592.70896152,48972090.2427063,-45502.46625521779,-39803.30449821055,3,-5.350289115449414,-39798.89367124438,699,27538370320.0,3486
3,24148855.24249054,24152573.951896667,3718.7094061262906,6526.44076679647,3,20.63230736926198,6517.605558551848,752,29515318920.0,3488
3,26411816.72553809,26415263.490455627,3446.76491753757,6517.605558551848,3,7.3794950023293495,6517.605558551848,753,29517581620.0,3488
1,36824622.85510578,36826835.353019714,2212.4979139342904,6494.0113603025675,3,-28.01180237159133,6517.605558551848,754,29527993240.0,3488
1,2292145.79305786,2287893.161682129,-4252.631375730969,-3986.1289033871144,4,-7.926769368350506,-3982.165518702939,788,30494415950.0,3489
3,10160946.376618536,10155786.784828186,-5159.591790350154,-3978.202134018764,4,7.926769368350506,-3982.165518702939,789,30502283880.0,3489
1,17223737.056901343,17217744.13418579,-5992.922715552151,-3990.358776308596,4,-12.156642289832234,-3982.165518702939,790,30509345870.0,3489
3,59488346.29906361,59477458.748291016,-10887.550772592425,-3970.9787934571505,4,15.150109929963946,-3982.165518702939,791,30551605780.0,3489
2,70614009.20300001,70535749.94021606,-78259.2627839446,-70049.13579651713,1,,-70049.13579651713,819,31563582670.0,3490
3,1237633.1114369193,1207763.0667190552,-29870.044717864133,-29726.147987973876,2,-39.86051704827696,-29706.217729449738,840,32495114030.0,3491
0,33455250.17892649,33421674.12715149,-33576.05177500099,-29686.2874709256,2,39.86051704827696,-29706.217729449738,841,32527328090.0,3491
0,74324870.95279482,74278271.70063019,-46599.25216463208,-37957.67189274728,1,,-37957.67189274728,867,33569070400.0,3492
3,3773827.1628818167,3792212.518623352,18385.355741535313,18824.129868448712,1,,18824.129868448712,910,35500358390.0,3494
1,11694389.951604918,11633348.07598114,-61041.87562377751,-59682.19604139775,3,-30.27430208772421,-59657.56871622801,937,36509228190.0,3495
1,42149055.42804317,42084497.28646088,-64558.1415822953,-59657.56871622801,3,6.666685666888952,-59657.56871622801,938,36539679480.0,3495
3,46279715.30057083,46214688.190704346,-65027.109866485,-59646.274762392044,3,23.607616420835257,-59657.56871622801,939,36543809690.0,3495
2,77881530.21836734,77832176.44291687,-49353.77545046806,-40298.67065913975,1,,-40298.67065913975,977,37576321040.0,3496
2,52923890.880677104,52880936.35054779,-42954.53012931347,-36801.19214859605,2,-23.30785481631756,-36789.53822118789,1007,38552239080.0,3497
2,77796554.47532544,77750731.36617279,-45823.10915264487,-36777.88429377973,2,23.30785481631756,-36789.53822118789,1008,38577108990.0,3497
1,75464642.69949996,75463644.08823395,-998.6112660169601,7775.487621963024,1,,7775.487621963024,1032,39575777560.0,3498
3,58024292.36692255,58019525.00414276,-4767.362779788673,1978.9870460480452,2,-26.184462025761604,1992.079277060926,1055,40559263940.0,3499
0,74685966.37096763,74679287.97847748,-6678.392490148544,2005.1715080738068,2,26.184462025761604,1992.079277060926,1056,40575923780.0,3499
0,37039291.948056474,37035590.20693207,-3701.741124406457,604.7313992530107,1,,604.7313992530107,1087,41539227640.0,3500
2,41260770.39848931,41186411.362464905,-74359.03602440655,-69561.74199742079,1,,-69561.74199742079,1111,42544291140.0,3501
3,29046144.229448408,28997636.345077515,-48507.88437089324,-45130.75658405945,1,,-45130.75658405945,1129,43532954040.0,3502
0,59415225.42748138,59378834.48957825,-36390.937903136015,-29482.86751805991,2,6.647178277373314,-29486.191107198596,1150,44564190950.0,3503
3,60754191.56324951,60717638.29968262,-36553.26356689632,-29489.514696337283,2,-6.647178277373314,-29486.191107198596,1151,44565529760.0,3503
0,35908602.395089254,35885133.481987,-23468.91310225427,-19293.903229109943,5,8.88087521865964,-19302.561787880957,1171,45541604680.0,3504
0,40015695.94773789,39991754.49520874,-23941.452529147267,-19288.920419305563,5,13.86368502303958,-19302.561787880957,1172,45545711320.0,3504
2,43295195.72814623,43270859.33441925,-24336.393726982176,-19302.561787880957,5,-4.106962937861681,-19302.561787880957,1173,45548990440.0,3504
2,55627092.96450813,55601322.32507324,-25770.63943488896,-19303.006420776248,5,-4.773912280797958,-19302.561787880957,1174,45561320960.0,3504
2,71122650.78921634,71095060.69046783,-27590.098748505116,-19320.833184167743,5,-22.60067567229271,-19302.561787880957,1175,45576814770.0,3504
3,44126840.46981959,44091029.95889282,-35810.510926768184,-30679.985583417118,2,18.281819991767406,-30689.126493413,1194,46550708170.0,3505
1,50876002.26028226,50839388.75815582,-36613.502126440406,-30698.267403408885,2,-18.281819991767406,-30689.126493413,1195,46557456560.0,3505
0,449742.0627259275,412832.22606658936,-36909.83665933815,-36857.54619334923,3,14.97402173554292,-36857.54619334923,1223,47507947550.0,3506
0,14298572.336971425,14260058.204040527,-38514.132930897176,-36851.671105679125,3,23.786653240706073,-36857.54619334923,1224,47521794840.0,3506
1,57745664.67566106,57702057.35190582,-43607.32375523448,-36893.36932449043,3,-38.76067497624899,-36857.54619334923,1225,47565237040.0,3506
1,1793713.3497088994,1771512.8281555176,-22200.521553381812,-21991.970664593857,1,,-21991.970664593857,1266,49511090340.0,3508
0,71966244.93860868,71971426.67732239,5181.7387137115,13549.087012201548,1,,13549.087012201548,1292,50582188390.0,3509
2,41048686.73962654,40954972.25199127,-93714.48763526976,-88941.85208315402,1,,-88941.85208315402,1318,51552122340.0,3510
1,74790165.45308682,74744680.86347198,-45484.58961483836,-36788.910631135106,1,,-36788.910631135106,1338,52586718880.0,3511
0,4138926.635498709,4089761.949813843,-49164.68568486627,-48683.462289499585,3,23.332635109778494,-48700.496957007796,1365,53516961190.0,3512
0,21539926.400715612,21488721.506500244,-51204.894215367734,-48700.496957007796,3,-2.2193661525379866,-48700.496957007796,1366,53534360230.0,3512
3,30159881.369530782,30107661.657218933,-52219.712311849,-48713.09289221093,3,-21.113268957240507,-48700.496957007796,1367,53542979210.0,3512
0,37507732.05105943,37489202.17630005,-18529.8747593835,-14168.937791980803,2,-19.40560146421194,-14159.234991248697,1392,54551208420.0,3513
3,72087553.30127442,72065022.31654358,-22530.98473083973,-14149.532190516591,2,19.40560146421194,-14159.234991248697,1393,54585784400.0,3513
0,50666926.51419178,50615993.71583557,-50932.798356205225,-45041.87238500267,2,16.34542243182659,-45050.045096218586,1412,55565273020.0,3514
3,52098502.68767291,52047387.097854614,-51115.58981829882,-45058.2178074345,2,-16.34542243182659,-45050.045096218586,1413,55566704420.0,3514
3,7410082.264395475,7376566.205307007,-33516.05908846855,-32654.50601897575,2,-29.261632261797786,-32639.87520284485,1436,56522896900.0,3515
0,22433630.303072143,22398396.752548218,-35233.55052392557,-32625.244386713952,2,29.261632261797786,-32639.87520284485,1437,56537918800.0,3515
2,38939269.235072464,38898538.821014404,-40730.414058059454,-36203.03558421135,2,-19.841439485549927,-36193.114864468575,1453,57555329630.0,3516
3,57903386.637909204,57860471.15136719,-42915.48654201627,-36183.1941447258,2,19.841439485549927,-36193.114864468575,1454,57574291650.0,3516
2,23517960.33729788,23514450.484695435,-3509.852602444589,-775.4739283844829,2,-11.625429384410381,-769.6612136922777,1478,58540817170.0,3517
2,37908965.39214317,37903793.956207275,-5171.435935892165,-763.8484990000725,2,11.625429384410381,-769.6612136922777,1479,58555206580.0,3517
0,43810171.39403723,43795006.940834045,-15164.453203186393,-10070.746238432825,1,,-10070.746238432825,1503,59562037360.0,3518
3,34547292.175086245,34507452.51452637,-39839.66055987775,-35822.92706703395,2,-22.75574941188097,-35811.549192328006,1525,60553600470.0,3519
0,46817229.293437876,46775985.791511536,-41243.50192634016,-35800.171317622066,2,22.75574941188097,-35811.549192328006,1526,60565869060.0,3519
2,25772825.849480353,25749526.05126953,-23299.798210822046,-20303.25155616179,2,-49.41690552607179,-20278.543103398755,1573,62546591790.0,3521
3,74669435.48268332,74640500.00604248,-28935.476640835404,-20253.83465063572,2,49.41690552607179,-20278.543103398755,1574,62595482990.0,3521
2,71662403.62056002,71624870.68461609,-37532.93594393134,-29200.91457040608,2,9.539664685726166,-29205.684402748942,1631,64594283450.0,3523
1,73617641.45232606,73579871.64575195,-37769.80657410622,-29210.454235091805,2,-9.539664685726166,-29205.684402748942,1632,64596238460.0,3523
3,1653012.5783037846,1685062.404296875,32049.825993090402,32242.017929688795,3,-45.925455081509426,32275.083368703723,1646,65525253930.0,3524
2,41165650.89181248,41193139.740478516,27488.84866603464,32275.083368703723,3,3.672703440883197,32275.083368703723,1647,65564762190.0,3524
3,57582077.97975616,57607683.84857178,25605.868815615773,32300.803400836885,3,42.25275164062623,32275.083368703723,1648,65581176810.0,3524
0,837331.5522752729,821302.5504150391,-16029.001860233839,-15931.647263711784,3,-43.171530614141375,-15903.375530138612,1666,66525344810.0,3525
2,41387500.49436599,41366785.0901947,-20715.404171288013,-15903.375530138612,3,-0.7639302543830127,-15903.375530138612,1667,66565890480.0,3525
0,60242535.76056318,60219657.92478943,-22877.83577375114,-15873.575936056674,3,43.93546086852439,-15903.375530138612,1668,66584743440.0,3525
3,31420479.159550786,31410583.418014526,-9895.741536259651,-6242.555336840451,4,2.0492390990257263,-6243.579956389964,1690,67556857900.0,3526
2,43820949.39383729,43809606.09169006,-11343.302147224545,-6248.342049449682,4,-5.786712609231472,-6243.579956389964,1691,67569256980.0,3526
1,52830821.56137643,52818434.43977356,-12387.121602870524,-6244.6045759394765,4,-2.0492390990257263,-6243.579956389964,1692,67578265850.0,3526
1,56631808.51176794,56618986.86808777,-12821.643680170178,-6237.194720856845,4,7.409855082631111,-6243.579956389964,1693,67582066420.0,3526
1,63664097.77577196,63672948.6709137,8850.895141735673,16252.972055070102,3,-2.9738057889044285,16253.907535687089,1710,68590017970.0,3527
3,66478967.029017605,66487495.65797424,8528.628956638277,16257.984186030924,3,4.54439065232873,16253.907535687089,1711,68592832530.0,3527
1,77229311.32533093,77236585.96005249,7274.634721562266,16253.907535687089,3,-1.5705848634243011,16253.907535687089,1712,68603581670.0,3527
1,10101923.390932871,10119212.305892944,17288.914960073307,18463.442150825635,3,-36.41551576368511,18487.16891975701,1756,70538432410.0,3529
2,19736255.28675826,19752447.767074585,16192.480316326022,18487.16891975701,3,-0.8253623666241765,18487.16891975701,1757,70548065690.0,3529
1,75275720.59952891,75285481.0125885,9760.413059592247,18512.54641342163,3,37.240878130309284,18487.16891975701,1758,70603598980.0,3529
3,45887636.155074164,45830285.5120697,-57350.64300446212,-52015.394032783806,3,18.041493453085423,-52027.66774918139,1777,71575063220.0,3530
3,72087463.50233537,72027054.39248657,-60409.10984879732,-52027.66774918139,3,-0.36908114328980446,-52027.66774918139,1778,71601260110.0,3530
2,72546446.2809564,72485972.27069092,-60474.01026548445,-52039.203303292394,3,-17.672412309795618,-52027.66774918139,1779,71601719030.0,3530
1,13189837.284163054,13110857.366333008,-78979.91783004627,-77446.36605655588,7,18.959624210372567,-77461.56608247757,1802,72543206380.0,3531
1,13431797.551564673,13352786.247787476,-79011.30377719738,-77449.619844893,7,15.705835873261094,-77461.56608247757,1803,72543448310.0,3531
3,33547735.744236596,33466383.253479004,-81352.49075759202,-77451.97337145731,7,13.352309308946133,-77461.56608247757,1804,72563562000.0,3531
2,48120722.3346066,48037665.88380432,-83056.4508022815,-77461.56608247757,7,-1.0367572214454412,-77461.56608247757,1805,72578133350.0,3531
2,53053370.5581736,52969733.08061218,-83637.47756141424,-77469.08527905494,7,-12.315552087500691,-77461.56608247757,1806,72583065440.0,3531
2,57459952.32786387,57375792.70939636,-84159.61846750975,-77478.88314843923,7,-22.11342147178948,-77461.56608247757,1807,72587471520.0,3531
0,77831100.38464035,77744578.53523254,-86521.84940780699,-77472.607976228,7,-15.838249260559678,-77461.56608247757,1808,72607840400.0,3531
3,33995178.85782363,33978175.55819702,-17003.299626611173,-13050.759067967534,2,38.79829815775156,-13070.15821704641,1833,73564916310.0,3532
1,58680183.60777965,58660271.44163513,-19912.166144520044,-13089.557366125286,2,-38.79829815775156,-13070.15821704641,1834,73589598520.0,3532
0,26763698.141693436,26746439.48841858,-17258.653274856508,-14146.90019813925,1,,-14146.90019813925,1862,74558565200.0,3533
0,23335523.800080564,23297557.771362305,-37966.028718259186,-35252.86151702702,3,-41.23963985964656,-35230.33474820107,1876,75556031010.0,3534
2,54881513.21768762,54839901.93675232,-41611.28093530238,-35230.33474820107,3,-7.449486620724201,-35230.33474820107,1877,75587573500.0,3534
0,74918382.80330864,74874479.30778503,-43903.49552360177,-35192.909006133676,3,48.68912648037076,-35230.33474820107,1878,75607608170.0,3534
3,18862136.744279444,18825693.034942627,-36443.709336817265,-34250.652467891574,2,-6.4841530956327915,-34247.41039134376,1895,76552419560.0,3535
0,27026321.74860088,26988935.29257202,-37386.45602886006,-34244.16831479594,2,6.4841530956327915,-34247.41039134376,1896,76560582840.0,3535
1,47244838.33416904,47230630.168655396,-14208.165513642132,-8715.117794044316,2,-26.710443548858166,-8701.762572269887,1912,77581712200.0,3536
0,61521425.52978607,61505584.169052124,-15841.360733948648,-8688.407350495458,2,26.710443548858166,-8701.762572269887,1913,77595987220.0,3536
1,1765498.9788553226,1764714.6408996582,-784.3379556643777,-579.0674863029271,2,-66.67669472284615,-545.7291389415041,1939,78537176910.0,3537
3,42153471.40742169,42148057.93032837,-5413.477093324065,-512.390791580081,2,66.67669472284615,-545.7291389415041,1940,78577560440.0,3537
2,11795517.392750204,11832586.513778687,37069.121028482914,38440.55846377462,2,-40.14611563831568,38460.63152159378,1972,79548141360.0,3538
1,62722723.00218758,62753911.08131409,31188.079126507044,38480.70457941294,2,40.14611563831568,38460.63152159378,1973,79599062920.0,3538
3,32687637.051900096,32659000.917114258,-28636.134785838425,-24835.619078766555,5,-26.465952668339014,-24824.703457564116,2020,81570793190.0,3540
3,40412396.683066085,40382865.20617676,-29531.47688932717,-24832.821305550635,5,-23.66817945241928,-24824.703457564116,2021,81578517090.0,3540
1,51614099.17658135,51583273.42158508,-30825.75499626994,-24824.703457564116,5,-11.491407472640276,-24824.703457564116,2022,81589717550.0,3540
0,65044367.49489212,65012011.33442688,-32356.16046524048,-24793.602794632316,5,35.15958692505956,-24824.703457564116,2023,81603146350.0,3540
3,76634782.27503553,76601087.7528534,-33694.522182136774,-24784.373881056905,5,44.3885005004704,-24824.703457564116,2024,81614735480.0,3540
2,22994741.872657552,22997759.8903656,3018.0177080482244,5691.562985375524,3,-43.41825081408024,5728.709153562784,2565,102580076060.0,3561
0,43181938.52108491,43182646.56645203,708.0453671142459,5728.709153562784,3,12.301001466810703,5728.709153562784,2566,102600261040.0,3561
1,72369214.58334202,72366541.63601685,-2672.94732517004,5741.253318816423,3,31.117249347269535,5728.709153562784,2567,102629445070.0,3561
3,22368637.907766648,22368069.29159546,-568.6161711886525,2032.1334510408342,3,-21.15218298137188,2039.8025386855006,2595,103580328050.0,3562
2,42522590.32185316,42519686.12149048,-2904.2003626823425,2039.8025386855006,3,-9.64855151437223,2039.8025386855006,2596,103600479760.0,3562
3,74787155.52524757,74780526.96495056,-6628.560297012329,2066.7687293589115,3,30.80073449574411,2039.8025386855006,2597,103632740750.0,3562
0,8522755.056532905,8501585.698425293,-21169.358107611537,-20178.437154578045,1,,-20178.437154578045,2620,104567385170.0,3563
3,39100231.40812822,39101958.78341675,1727.3752885311842,6273.468460723758,1,,6273.468460723758,2642,105598851240.0,3564
3,15877684.998078147,15857010.52394104,-20674.47413710691,-18828.41254717484,4,-44.62845076993108,-18806.098321789876,2667,106576535740.0,3565
1,16772368.550536636,16751586.387908936,-20782.162627700716,-18832.078257273883,4,-48.29416086897254,-18806.098321789876,2668,106577430320.0,3565
0,43035872.43879701,43012084.97367859,-23787.465118423104,-18783.78409640491,4,44.62845076993108,-18806.098321789876,2669,106603690940.0,3565
3,48106991.67949696,48082621.53027344,-24370.14922352135,-18776.860935121775,4,51.55161205306649,-18806.098321789876,2670,106608761500.0,3565
2,36302626.99171488,36332886.45578003,30259.464065149426,34480.28626379371,2,-30.03444415330887,34495.30348587036,2696,107597869330.0,3566
1,77914642.72072814,77940094.08673096,25451.36600281298,34510.320707947016,2,30.03444415330887,34495.30348587036,2697,107639476730.0,3566
2,31587727.840332884,31614726.41307068,26998.57273779437,30671.20455322042,2,2.2886305265128613,30670.060237957165,2716,108594107840.0,3567
2,40697587.19705054,40723524.298950195,25937.101899653673,30668.91592269391,2,-2.2886305265128613,30670.060237957165,2717,108603216680.0,3567
3,3270344.879686566,3250032.490737915,-20312.38894865103,-19932.153538454324,1,,-19932.153538454324,2756,110567516110.0,3569
1,4680309.676628232,4673140.964202881,-7168.712425351143,-6624.543680093251,2,27.57261084858328,-6638.329985517543,2799,112570686720.0,3571
3,78769628.93377967,78753818.45552063,-15810.478259041905,-6652.116290941834,2,-27.57261084858328,-6638.329985517543,2800,112644767740.0,3571
3,6786328.905110514,6771967.815353394,-14361.089757120237,-13572.059043267742,1,,-13572.059043267742,2824,113573653160.0,3572
2,18474372.60701114,18475618.07911682,1245.4721056818962,3393.4445381872356,5,38.571337535977364,3358.5250776931643,2848,114586263380.0,3573
1,45287741.09877889,45285834.123291016,-1906.9754878729582,3358.5250776931643,5,0.018365614116191864,3358.5250776931643,2849,114613073720.0,3573
0,59601621.901540264,59598057.95137024,-3563.9501700252295,3365.792100548744,5,10.918899897485971,3358.5250776931643,2850,114627386010.0,3573
3,66126744.9681953,66122407.78633118,-4337.181864120066,3351.221323609352,5,-10.937265511602163,3358.5250776931643,2851,114633910390.0,3573
0,70009607.51951748,70004799.83625793,-4807.683259546757,3332.171346694231,5,-29.987242426723242,3358.5250776931643,2852,114637792800.0,3573
3,19046884.383719496,19054063.802261353,7179.41854185611,9393.955590102822,3,67.18525825068355,9329.952479064465,2871,115587743480.0,3574
1,56376426.03492295,56379201.231170654,2775.196247704327,9329.952479064465,3,-28.819408306851983,9329.952479064465,2872,115625068790.0,3574
1,71063472.13101244,71064533.334198,1061.203185558319,9323.588184639812,3,-38.36584994383156,9329.952479064465,2873,115639754190.0,3574
1,30496742.255131137,30498431.171310425,1688.9161792881787,5234.701632395387,3,-5.2618260979652405,5239.891007646918,2893,116600114640.0,3575
1,36655744.68609637,36656722.69873047,978.0126340985298,5239.891007646918,3,2.522236779332161,5239.891007646918,2894,116606272960.0,3575
1,72726591.6623053,72723375.94616699,-3215.71613830328,5240.035909339786,3,2.7395893186330795,5239.891007646918,2895,116642339780.0,3575
3,58395989.33219941,58433984.47991943,37995.14772002399,44784.71388947964,1,,44784.71388947964,2923,117628936870.0,3576
0,57824070.47722923,57750905.69833374,-73164.77889548987,-66441.70840414613,1,,-66441.70840414613,2947,118629228400.0,3577
1,19070715.662123796,19060397.42831421,-10318.233809586614,-8100.925953902304,5,24.381399476900697,-8108.684109073132,2967,119591342340.0,3578
1,25856831.054555647,25845716.05670166,-11114.997853986919,-8108.684109073132,5,12.74416672065854,-8108.684109073132,2968,119598127690.0,3578
0,28515734.103021815,28504333.764694214,-11400.338327601552,-8084.880095329136,5,40.42725805006921,-8108.684109073132,2969,119600786320.0,3578
2,60848180.90211408,60832964.29472351,-15216.60739056766,-8141.9305976852775,5,-37.12556619755924,-8108.684109073132,2970,119633115100.0,3578
3,73227106.99327092,73210437.06803894,-16669.925231978297,-8155.9794282615185,5,-51.174396773800254,-8108.684109073132,2971,119645492630.0,3578
3,36269569.79341571,36245492.348861694,-24077.444554015994,-19860.465839102864,4,4.057826384902,-19862.494752295315,2990,120609434030.0,3579
2,40703868.9175369,40679271.849487305,-24597.06804959476,-19864.523665487766,4,-4.057826384902,-19862.494752295315,2991,120613867830.0,3579
0,44585126.83314723,44560093.906677246,-25032.92646998167,-19849.117234639823,4,15.40643084794283,-19862.494752295315,2992,120617748670.0,3579
2,51916009.66815818,51890100.01672363,-25909.6514345482,-19873.497463583946,4,-13.031624481081963,-19862.494752295315,2993,120625078710.0,3579
2,3517896.3241611803,3506880.352203369,-11015.971957811154,-10606.954315618146,4,6.35393877280876,-10610.13128500455,3015,121577544950.0,3580
3,64411311.10892816,64393208.84700012,-18102.26192803681,-10613.308254390955,4,-6.35393877280876,-10610.13128500455,3016,121638431560.0,3580
0,74562542.32167551,74543271.91862488,-19270.403050631285,-10601.189280211926,4,12.118974179029465,-10610.13128500455,3017,121648581670.0,3580
2,75890752.77565584,75871315.77848816,-19436.997167676687,-10613.355449944735,4,-6.4011343265883625,-10610.13128500455,3018,121649909720.0,3580
0,18636903.35478602,18614970.888702393,-21932.466083627194,-19765.59657823667,4,16.511544082313776,-19778.798290848732,3036,122593556810.0,3581
2,30015120.18471819,29991848.288223267,-23271.896494925022,-19782.108122318983,4,-6.619662940502167,-19778.798290848732,3037,122604933740.0,3581
3,65415275.80697867,65387894.63619995,-27381.17077872157,-19775.48845937848,4,6.619662940502167,-19778.798290848732,3038,122640329950.0,3581
2,66041942.400907315,66014481.73919678,-27460.66171053797,-19782.118320524693,4,-6.629861146211624,-19778.798290848732,3039,122640956540.0,3581
3,1298248.3376564272,1280056.029876709,-18192.30777971819,-18041.363458135398,5,62.44922390463762,-18100.828979946673,3078,124577982110.0,3583
3,34116626.06573166,34094574.31341553,-22051.752316132188,-18085.091372445226,5,18.72130959481001,-18100.828979946673,3079,124610796780.0,3583
2,49849914.31007625,49826011.579833984,-23902.73024226725,-18106.7963841334,5,-13.836207937449217,-18100.828979946673,3080,124626528290.0,3583
3,56147641.45088574,56123012.465927124,-24628.98495861888,-18100.828979946673,5,-4.885101657360792,-18100.828979946673,3081,124632825320.0,3583
1,67112972.57743028,67087041.77423096,-25930.80319932103,-18127.733616046607,5,-34.77343985065818,-18100.828979946673,3082,124643789400.0,3583
3,18464494.044068716,18541484.791610718,76990.7475420013,79137.57141691819,2,23.168920237571,79125.9869567994,3110,125596108150.0,3584
0,56563390.755354635,56635928.66366577,72537.90831113607,79114.40249668062,2,-23.168920237571,79125.9869567994,3111,125634202770.0,3584
1,3157299.535544033,3183067.652481079,25768.11693704594,26135.208827405237,7,-1.7780765630304813,26135.208827405237,3139,126581769330.0,3585
2,13981602.731588442,14006117.612594604,24514.881006162614,26140.489510903135,7,6.14294868381694,26135.208827405237,3140,126592592430.0,3585
1,15816994.648728654,15841289.12776184,24294.47903318703,26133.4842970334,7,-4.364872120786458,26135.208827405237,3141,126594427610.0,3585
0,18589495.359035194,18613486.310638428,23990.951603233814,26152.309090971947,7,17.962528752628714,26135.208827405237,3142,126597199820.0,3585
0,25220041.564692423,25243255.658187866,23214.093495443463,26146.369204066694,7,12.02264184737578,26135.208827405237,3143,126603829620.0,3585
2,31219938.987366214,31242437.92124939,22498.933883175254,26128.80374213308,7,-9.045427021104842,26135.208827405237,3144,126609828830.0,3585
3,32692561.938987948,32714891.11341858,22329.1744306311,26130.262742895633,7,-7.5864262585528195,26135.208827405237,3145,126611301290.0,3585
2,17564593.85144969,17516741.68661499,-47852.164834700525,-45809.970266927034,1,,-45809.970266927034,3165,127597024690.0,3586
3,41037735.56350054,41018761.701797485,-18973.861703053117,-14202.499418772757,2,6.948637343943119,-14205.973737444729,3198,128621368310.0,3587
0,65546778.81846976,65524948.39854431,-21830.41992545128,-14209.4480561167,2,-6.948637343943119,-14205.973737444729,3199,128645874610.0,3587
3,52055998.111887276,52063361.215042114,7363.103154838085,13415.533257305622,2,-42.93346878886223,13436.999991700053,3222,129633275700.0,3588
3,79533582.90664533,79537794.18824768,4211.281602352858,13458.466726094484,2,42.93346878886223,13436.999991700053,3223,129660750260.0,3588
1,25640644.841316238,25632693.638442993,-7951.202873244882,-4970.024597674608,3,24.637416034936905,-4985.601250603795,3245,130607784450.0,3589
3,54512133.76854558,54500810.16799927,-11323.600546315312,-4985.601250603795,3,1.2724366411566734,-4985.601250603795,3246,130636652700.0,3589
3,63708138.57592773,63695727.65571594,-12410.920211784542,-5003.722776815295,3,-25.90985267609358,-4985.601250603795,3247,130645847660.0,3589
2,608189.3877756095,601481.8542785645,-6707.533497045049,-6636.8207282559015,3,24.015505091752857,-6660.322724103928,3268,131583635830.0,3590
1,48699433.05234637,48687109.53253174,-12323.519814632833,-6661.349742591381,3,-12.778016411466524,-6660.322724103928,3269,131631721680.0,3590
3,69124372.36280358,69109675.1097107,-14697.253092885017,-6660.322724103928,3,-11.237488680286333,-6660.322724103928,3270,131652144340.0,3590
1,55898276.81990798,55867094.66864014,-31182.15126784146,-24682.98833615333,2,-36.164526127278805,-24664.90607308969,3298,132639817430.0,3591
3,77283958.25452554,77250325.80422974,-33632.45029580593,-24646.82381002605,2,36.164526127278805,-24664.90607308969,3299,132661200760.0,3591
2,12513487.09379598,12491387.746765137,-22099.347030842677,-20644.43292448856,3,-26.353265224955976,-20636.510039454326,3320,133597313990.0,3592
2,15689913.80228611,15667453.06237793,-22460.73990818113,-20636.510039454326,3,-14.468937673605978,-20636.510039454326,3321,133600490070.0,3592
1,64015362.224548556,63987319.65765381,-28042.566894747317,-20599.64927907288,3,40.822202898561954,-20636.510039454326,3322,133648810160.0,3592
0,44990014.11375382,44980521.92755127,-9492.186202548444,-4261.301662646234,2,7.166152618825436,-4264.884738955647,3342,134630705950.0,3593
2,72771092.89187293,72758363.49795532,-12729.39391760528,-4268.4678152650595,2,-7.166152618825436,-4264.884738955647,3343,134658483920.0,3593
2,53235091.3216222,53178266.81600952,-56824.505612678826,-50634.9850788489,2,-5.726747691631317,-50632.12170500308,3390,136640708060.0,3595
0,60792769.37002571,60735071.877471924,-57697.49255378544,-50629.25833115727,2,5.726747691631317,-50632.12170500308,3391,136648264900.0,3595
0,75809710.55073558,75787110.87197876,-22599.678756818175,-13785.459630519152,1,,-13785.459630519152,3417,137664177700.0,3596
3,44593803.73478037,44604733.652923584,10929.918143212795,16114.736221775413,2,22.924088813364506,16103.27417736873,3437,138633850750.0,3597
1,48768512.74334266,48778934.35366821,10421.610325552523,16091.812132962048,2,-22.924088813364506,16103.27417736873,3438,138638024970.0,3597
2,11616904.088726109,11624712.35220337,7808.263477260247,9158.933958170936,2,-41.32693596370518,9179.597426152788,3458,139601811140.0,3598
2,72143220.20776199,72144032.54385376,812.3360917717218,9200.26089413464,2,41.32693596370518,9179.597426152788,3459,139662330740.0,3598
2,21138886.11571583,21131084.872039795,-7801.243676036596,-5343.474440984428,1,,-5343.474440984428,3484,140612203080.0,3599
0,27327769.06456185,27305736.64682007,-22032.417741782963,-18855.08144781366,2,-24.290697064250708,-18842.936099281535,3507,141619295540.0,3600
3,47267660.95822093,47243334.46621704,-24326.49200388789,-18830.79075074941,2,24.290697064250708,-18842.936099281535,3508,141639233230.0,3600
1,52032152.02414837,52009652.98907471,-22499.035073660314,-16449.377500474453,1,,-16449.377500474453,3533,142644866150.0,3601
3,78230690.22652067,78242826.30703735,12136.080516681075,21231.781331911683,1,,21231.781331911683,3556,143671956040.0,3602
3,2265783.42179658,2310453.594604492,44670.17280791234,44933.610188524704,3,-38.07686476339586,44933.610188524704,3577,144596963880.0,3603
1,3049807.718232907,3094379.9701538086,44572.251920901705,44926.84598710155,3,-48.22316689812578,44933.610188524704,3578,144597747810.0,3603
1,72046501.15510622,72083141.00372314,36639.84861692786,45016.52811947465,3,86.30003166152164,44933.610188524704,3579,144666736890.0,3603
1,68465913.22831953,68516921.5888977,51008.36057817936,58968.73343138397,1,,58968.73343138397,3598,145664137330.0,3604
1,23121017.097153693,23114426.845916748,-6590.251236945391,-3902.0242322944105,2,-22.718165177851915,-3890.6651497054845,3672,148621407580.0,3607
2,36494947.50818252,36486825.01925659,-8122.488925926387,-3879.3060671165586,2,22.718165177851915,-3890.6651497054845,3673,148634780040.0,3607
1,21460902.348646544,21454061.424194336,-6840.9244522079825,-4345.715137001127,1,,-4345.715137001127,3729,150621527470.0,3609
1,33647645.007259846,33646575.39932251,-1069.607937335968,2842.5256669670343,1,,2842.5256669670343,3754,151634632700.0,3610
0,30199004.731768727,30209399.8364563,10395.104687571526,13906.272889751941,3,10.257546616718173,13901.007218513638,3776,152632065160.0,3611
0,32094471.616402894,32104641.073883057,10169.457480162382,13901.007218513638,3,2.3590397592633963,13901.007218513638,3777,152633960410.0,3611
2,36005468.24248607,36015172.99371338,9704.75122731179,13891.023467756808,3,-12.61658637598157,13901.007218513638,3778,152637870960.0,3611
2,20360942.634651475,20402813.680847168,41871.046195693314,44238.36574745178,2,2.3142709881067276,44237.20861195773,3808,153623137140.0,3612
3,54996021.774089634,55033863.56573486,37841.79164522886,44236.051476463675,2,-2.3142709881067276,44237.20861195773,3809,153657768350.0,3612
3,67771064.93503806,67823964.54714966,52899.61211159825,60779.19656616449,1,,60779.19656616449,3826,154671521090.0,3613
0,29256568.3849818,29267711.10128784,11142.716306041926,14544.30962114036,3,42.730520121753216,14507.532530918717,3848,155633889350.0,3614
2,68233388.62697273,68239950.91488647,6562.287913739681,14495.625671118498,3,-30.29540491104126,14507.532530918717,3849,155672861770.0,3614
0,76729055.21674201,76734641.64007568,5586.423333674669,14507.532530918717,3,-12.435115210711956,14507.532530918717,3850,155681356500.0,3614
2,4597988.229707012,4597183.502746582,-804.7269604299217,-270.1295387754217,2,8.543987392447889,-274.4015324716456,3877,156610133160.0,3615
0,71973768.92671163,71965122.03009033,-8646.89662130177,-278.67352616786957,2,-8.543987392447889,-274.4015324716456,3878,156677501410.0,3615
2,9841530.42283278,9846094.122070312,4563.699237532914,5707.951142136008,3,31.29603013396263,5689.670028299093,3926,158617165430.0,3617
2,33692631.554561615,33694403.86050415,1772.3059425354004,5689.670028299093,3,3.87435937859118,5689.670028299093,3927,158641013850.0,3617
1,44684734.79523967,44685203.04501343,468.2497737556696,5663.640195704997,3,-35.17038951255381,5689.670028299093,3928,158652004700.0,3617
1,6337466.767012745,6374660.749572754,37193.982560008764,37930.825114667416,4,-23.452989807352424,37946.972574618645,3953,159614556720.0,3618
0,9443100.041588776,9479956.392364502,36856.35077572614,37954.27810447477,4,14.61105971224606,37946.972574618645,3954,159617662030.0,3618
3,12021402.50667308,12057944.473144531,36541.9664714504,37939.66704476252,4,-14.61105971224606,37946.972574618645,3955,159620240030.0,3618
2,65492962.681569904,65523307.27844238,30344.596872478724,37959.31166445464,4,19.644619692116976,37946.972574618645,3956,159673705640.0,3618
0,6899637.488799863,6904559.363250732,4921.874450869858,5724.079290810972,3,60.0358679741621,5671.545278415084,4023,162617819480.0,3621
1,42044403.75213102,42045186.89215088,783.1400198563933,5671.545278415084,3,-18.76515061967075,5671.545278415084,4024,162652960270.0,3621
1,58181370.36371116,58180262.2923584,-1108.071352764964,5656.541567258537,3,-41.27071735449135,5671.545278415084,4025,162669095420.0,3621
1,76842251.56065811,76877814.5715332,35563.01087509096,44497.281148567796,1,,44497.281148567796,4074,164689611210.0,3623
0,10000907.021997549,10069871.515289307,68964.493291758,70127.27554370649,3,40.87345947511494,70087.81763263047,4098,165623777570.0,3624
1,67641194.54738447,67703415.04919434,62220.501809865236,70084.98653583229,3,-22.56005233619362,70087.81763263047,4099,165681411380.0,3624
2,73001690.18751806,73063290.26803589,61600.080517828465,70087.81763263047,3,-18.31340713892132,70087.81763263047,4100,165686771280.0,3624
0,2481758.49063423,2463772.875732422,-17985.61490180809,-17697.066601120867,2,-15.577859790064394,-17689.277671225835,4118,166617117120.0,3625
2,53070570.88861766,53046719.007751465,-23851.88086619228,-17681.488741330802,2,15.577859790064394,-17689.277671225835,4119,166667700300.0,3625
0,16036133.482241865,16037046.633850098,913.1516082324088,2777.635635731742,1,,2777.635635731742,4147,167631567020.0,3626
2,36250049.19459167,36243705.84237671,-6343.352214962244,-2128.6431147754192,1,,-2128.6431147754192,4174,168652624480.0,3627
0,50769435.84039537,50765649.19543457,-3786.644960798323,2116.1995318830013,1,,2116.1995318830013,4198,169668027150.0,3628
0,56831548.95963843,56838285.724731445,6736.765093013644,13344.437410697341,1,,13344.437410697341,4224,170674956410.0,3629
0,63256412.05349252,63282584.969940186,26172.916447669268,33527.59268812835,1,,33527.59268812835,4266,172683151050.0,3631
1,19309460.153037578,19309102.91824341,-357.2347941696644,1887.8313294574618,3,-13.659525318071246,1895.2668913342059,4309,174641014460.0,3633
2,20329446.593569677,20328978.20288086,-468.3906888179481,1895.2668913342059,3,-2.5061825029551983,1895.2668913342059,4310,174642034340.0,3633
2,35281863.50461903,35279669.07904053,-2194.425578504801,1907.7148182168603,3,16.165707821026444,1895.2668913342059,4311,174656985100.0,3633
2,287750.0523364821,293891.4116821289,6141.359345646808,6174.815376496583,4,-104.62865764769958,6230.493319867877,4331,175622861900.0,3634
3,2151921.450039475,2157852.7937316895,5931.343692214228,6181.542605591472,4,-97.9014285528101,6230.493319867877,4332,175624725870.0,3634
0,69968243.21566778,69966399.28396606,-1843.931701719761,6291.113572895527,4,109.57096730405465,6230.493319867877,4333,175692534730.0,3634
2,76257917.09439385,76255330.20736694,-2586.8870269060135,6279.444034144282,4,97.9014285528101,6230.493319867877,4334,175698823690.0,3634
2,14199267.049502356,14224409.619903564,25142.570401208475,26793.486231094226,1,,26793.486231094226,4363,176637647030.0,3635
2,64973108.66156694,64989605.25595093,16496.594383984804,24050.866955399513,1,,24050.866955399513,4374,177689325120.0,3636
1,39994412.47107793,40007085.26086426,12672.789786331356,17322.847315728664,2,9.985812313854694,17317.854409571737,4402,178665222120.0,3637
1,40512650.31548038,40525252.86514282,12602.549662441015,17312.86150341481,2,-9.985812313854694,17317.854409571737,4403,178665740290.0,3637
2,22070696.017223254,22081860.498199463,11164.480976209044,13730.589586209506,4,-63.21260419860482,13786.880592409521,4431,179648206400.0,3638
2,44228580.45932523,44237218.06390381,8637.604578576982,13779.958994410932,4,-13.843195997178555,13786.880592409521,4432,179670361860.0,3638
3,68488835.14641607,68494665.91067505,5830.764258980751,13793.80219040811,4,13.843195997178555,13786.880592409521,4433,179694619420.0,3638
2,74556694.41420065,74561837.859375,5143.445174351335,13811.97902213037,4,32.020027719438076,13786.880592409521,4434,179700686620.0,3638
3,10261691.449241214,10346105.576446533,84414.1272053197,85607.23025746271,4,-21.80788879469037,85621.94798304234,4542,183640244110.0,3642
0,14941476.295125911,15025353.94216919,83877.64704327844,85614.85781982727,4,-14.180326430127025,85621.94798304234,4543,183644923380.0,3642
0,22071318.124209475,22154380.981414795,83062.85720532015,85629.0381462574,4,14.180326430127025,85621.94798304234,4544,183652052440.0,3642
1,76849624.27687974,76926357.74563599,76733.46875624359,85668.59623833,4,53.73841850273311,85621.94798304234,4545,183706824670.0,3642
2,18783930.322449915,18948886.00061035,164955.67816043645,167139.64215017483,1,,167139.64215017483,4572,184649791590.0,3643
3,3715726.6591278734,3824587.4002685547,108860.74114068132,109292.7600568477,4,-19.525360578671098,109304.87597020669,4593,185635768810.0,3644
3,6518434.860344938,6626974.443572998,108539.58322806004,109297.466522987,4,-14.81889443937689,109304.87597020669,4594,185638571210.0,3644
2,13353133.099641118,13460892.847259521,107759.74761840329,109312.28541742638,4,14.81889443937689,109304.87597020669,4595,185645405160.0,3644
2,32884312.021814186,32989822.556121826,105510.53430764005,109333.91695707291,4,36.450434085913,109304.87597020669,4596,185664934180.0,3644
0,58624861.65706426,58694527.53625488,69665.87919062376,76482.05581418425,1,,76482.05581418425,4617,186691664560.0,3645
2,8099209.214221917,8173621.375305176,74412.16108325869,75353.83734406158,3,0.23160943016409874,75353.83734406158,4647,187642075280.0,3646
3,64399800.36042839,64467671.10229492,67870.74186652899,75358.35721215606,3,7.011411571875215,75353.83734406158,4648,187698369590.0,3646
1,79016351.72481686,79082513.53121948,66161.80640262365,75348.85425710678,3,-7.243021002039313,75353.83734406158,4649,187712984500.0,3646
1,31629866.80191059,31693770.71484375,63903.91293315962,67581.4441478625,3,-48.293682750314474,67615.60832685977,4671,188666565030.0,3647
0,36652353.371901244,36715707.496154785,63354.12425354123,67615.60832685977,3,2.952585745602846,67615.60832685977,4672,188671586990.0,3647
1,78362051.78212121,78420584.67553711,58532.893415898085,67643.86733436584,3,45.34109700471163,67615.60832685977,4673,188713292060.0,3647
1,11913253.227915622,11936928.318817139,23675.090901516378,25060.217209151015,2,-35.20489380322397,25077.819656052627,4702,189647739700.0,3648
3,31038843.29479848,31060329.90261841,21486.60781992972,25095.42210295424,2,35.20489380322397,25077.819656052627,4703,189666863190.0,3648
3,2102071.2413592488,2147204.0343322754,45132.79297302663,45377.19591832021,2,11.500815419945866,45371.44551061024,4729,190638839550.0,3649
1,20352410.29699506,20395409.6645813,42999.36758624017,45365.69510290027,2,-11.500815419945866,45371.44551061024,4730,190657087840.0,3649
0,9491799.236277865,9537702.349853516,45903.11357565038,47006.70304675773,2,49.38422441855073,46982.01093454845,4756,191647112790.0,3650
1,68381973.40019369,68420980.10565186,39006.705458164215,46957.31882233918,2,-49.38422441855073,46982.01093454845,4757,191705996340.0,3650
2,5814593.105969733,5847745.710693359,33152.60472362675,33828.653971064836,3,5.1589619517326355,33828.653971064836,4783,192644345460.0,3651
2,34315994.57229334,34345833.95108032,29839.378786981106,33829.21984428167,3,6.007771776989102,33828.653971064836,4784,192672843680.0,3651
1,48630614.17430471,48658777.77581787,28163.601513162255,33817.77017394453,3,-11.166733728721738,33828.653971064836,4785,192687156690.0,3651
1,27563490.44837898,27598657.69659424,35167.24821525812,38371.99128752202,2,-16.33510622382164,38380.15884063393,4809,193666965100.0,3652
1,56217993.23831946,56249845.22909546,31851.990776002407,38388.32639374584,2,16.33510622382164,38380.15884063393,4810,193695616420.0,3652
2,45285174.06564754,45300446.18206787,15272.116420328617,20537.318522907794,2,-7.425438895821571,20541.031242355704,4826,194685583470.0,3653
2,63173293.755031824,63186493.48672485,13199.731693029404,20544.743961803615,2,7.425438895821571,20541.031242355704,4827,194703469600.0,3653
3,72135153.10478684,72157260.57406616,22107.469279319048,30494.45613834262,1,,30494.45613834262,4856,195713306220.0,3654
3,77201525.54374239,77248563.70547485,47038.16173246503,56014.20395824313,1,,56014.20395824313,4897,197720227730.0,3656
1,780259.3860809472,865391.2938842773,85131.9078033301,85222.62675152696,5,32.13890192634426,85205.48730549216,4920,198644737920.0,3657
3,13022171.916282358,13105884.700531006,83712.78424864821,85226.84195888974,5,36.35410928912461,85205.48730549216,4921,198656978470.0,3657
3,32304656.059385955,32386105.559295654,81449.49990969896,85205.48730549216,5,6.429732874152251,85205.48730549216,4922,198676258780.0,3657
1,43042894.926566616,43123065.91744995,80170.99088333547,85175.48839370906,5,-38.56863480049651,85205.48730549216,4923,198686995790.0,3657
1,45742306.555647954,45822163.43829346,79856.88264550269,85175.23448190093,5,-38.82254660862964,85205.48730549216,4924,198689694900.0,3657
0,3737513.000520143,3720880.1802978516,-16632.82022229163,-16198.268258767668,1,,-16198.268258767668,4947,199648561890.0,3658
3,43677911.01243431,43709152.123535156,31241.11110084504,36319.4404579401,1,,36319.4404579401,4976,200689359070.0,3659
1,50279267.48253313,50301664.0456543,22396.563121169806,28242.416876338422,2,-25.455317817628384,28255.144535247236,4996,201696852240.0,3660
2,78383829.75425148,78402984.12045288,19154.366201400757,28267.87219415605,2,25.455317817628384,28255.144535247236,4997,201724953690.0,3660
1,6019515.14003505,6046859.067504883,27343.927469832823,28043.802526641637,3,-59.19537499919534,28093.56227643788,5023,202653495810.0,3661
3,63994067.935196206,64014721.05569458,20653.120498374104,28093.56227643788,3,15.444249695166945,28093.56227643788,5024,202711463940.0,3661
0,69087327.69963261,69107407.5098877,20079.81025508046,28112.433526843786,3,43.75112530402839,28093.56227643788,5025,202716556650.0,3661
2,59336300.01226103,59351763.17440796,15463.162146925926,22362.05605712533,1,,22362.05605712533,5054,203707667540.0,3662
2,31078620.09894913,31114748.09613037,36127.99718124047,39741.43622098118,2,2.9666387140750885,39739.95290162414,5071,204680338190.0,3663
1,40806789.164696336,40841783.12359619,34993.958899855614,39738.469582267106,2,-2.9666387140750885,39739.95290162414,5072,204690065270.0,3663
3,24593450.826353014,24637834.84286499,44384.01651197672,47243.43996948376,2,-34.72747318819165,47260.80370607786,5114,206675663270.0,3665
1,63880792.32462406,63920643.220581055,39850.8959569931,47278.167442671955,2,34.72747318819165,47260.80370607786,5115,206714946260.0,3665
0,3907524.6322547905,3989364.489929199,81839.8576744087,82294.17649583565,2,-3.9398161224089563,82296.14640389686,5145,207655963460.0,3666
3,8776034.236008342,8857311.983184814,81277.7471764721,82298.11631195806,2,3.9398161224089563,82296.14640389686,5146,207660831430.0,3666
3,21652965.964858025,21722312.683380127,69346.71852210164,71864.25862827152,2,3.7145118191838264,71862.40137236193,5166,208674644990.0,3667
3,26963352.55625739,27032078.13394165,68725.5776842609,71860.54411645234,2,-3.7145118191838264,71862.40137236193,5167,208679954780.0,3667
2,24750020.369691797,24758324.964782715,8304.595090918243,11182.222525902092,4,-20.261119984090328,11199.48874925822,5190,209678599820.0,3668
1,41396254.56316286,41402638.01055908,6383.447396218777,11196.493852630258,4,-5.9897932559251785,11199.48874925822,5191,209695244210.0,3668
2,42308506.96627422,42314793.79324341,6286.826969191432,11205.938895598054,4,9.445042967796326,11199.48874925822,5192,209696156370.0,3668
2,44485913.5175824,44491943.72729492,6030.209712520242,11202.483645886183,4,5.9897932559251785,11199.48874925822,5193,209698333530.0,3668
3,19565021.014193878,19610343.289276123,45322.27508224547,47597.054674159735,2,5.027058508247137,47594.54114490561,5215,210674326330.0,3669
2,37006413.281361416,37049702.65917969,43289.37781827152,47592.02761565149,2,-5.027058508247137,47594.54114490561,5216,210691765770.0,3669
0,1738639.3893430615,1772084.2854919434,33444.896148881875,33647.043716099346,2,11.943930208915845,33641.07175099489,5244,211657362760.0,3670
1,31543938.93890349,31573906.49810791,29967.559204421937,33635.09978589043,2,-11.943930208915845,33641.07175099489,5245,211687164720.0,3670
2,6370951.772314215,6444431.681793213,73479.90947899781,74220.64525751956,4,1.7358938176184893,74219.77731061075,5295,213663794400.0,3672
3,10218169.832802221,10291203.89642334,73034.06362111866,74222.10651591234,4,3.1971522103995085,74219.77731061075,5296,213667641190.0,3672
0,24401306.502898686,24472688.328979492,71381.82608080655,74218.90936370194,4,-1.7358938176184893,74219.77731061075,5297,213681822740.0,3672
0,63326699.32407996,63393518.38024902,66819.05616906285,74181.90454736352,4,-38.7407101560384,74219.77731061075,5298,213720743750.0,3672
2,23693202.742490422,23742097.81793213,48895.075441706926,51649.82914356142,2,4.892625652253628,51647.382830735296,5324,214682055750.0,3673
2,70086457.19898638,70129953.34576416,43496.146777778864,51644.93651790917,2,-4.892625652253628,51647.382830735296,5325,214728443820.0,3673
0,45896907.027771205,45982961.41900635,86054.39123514295,91390.71810967475,3,22527.023597829044,91387.25707101822,5355,215705191200.0,3674
2,78649464.4737078,78686660.2149353,37195.74122750759,46340.1319526732,3,-45048.85563767329,91387.25707101822,5356,215737895050.0,3674
1,79601313.40924433,79683445.60632324,82132.19707891345,91387.25707101822,3,22521.832039844245,91387.25707101822,5357,215738891840.0,3674
3,5788910.837948225,5824097.118804932,35186.2808567062,35859.34408643842,3,-34.507999923080206,35882.039881400764,5385,216666013930.0,3675
1,45011957.18972175,45042605.793792725,30648.604070976377,35882.039881400764,3,-0.4643074795603752,35882.039881400764,5386,216705232620.0,3675
3,49916391.119551316,49946493.12088013,30102.00132881105,35905.66429132223,3,34.97230740264058,35882.039881400764,5387,216710136530.0,3675
2,35666272.055647984,35732169.33477783,65897.27912984788,70044.11381676793,2,32.80173251032829,70027.71295051277,5417,217696802800.0,3676
1,67228598.6259676,67290793.42489624,62194.79892863333,70011.3120842576,2,-32.80173251032829,70027.71295051277,5418,217728361570.0,3676
0,60689520.73018925,60755389.84094238,65869.1107531339,72925.34049600363,1,,72925.34049600363,5439,218722770540.0,3677
0,29050097.263837557,29081000.637451172,30903.37361361459,34280.961010582745,2,-39.42300174385309,34300.67251145467,5460,219692007640.0,3678
3,76550411.00187781,76575831.04724121,25420.045363396406,34320.3840123266,2,39.42300174385309,34300.67251145467,5461,219739502690.0,3678
3,32350129.080922432,32387878.245178223,37749.16425579041,41510.438694275916,2,8.897244162857533,41505.99007219449,5514,221697095820.0,3680
2,38452819.31160946,38489850.0329895,37030.72138004005,41501.54145011306,2,-8.897244162857533,41505.99007219449,5515,221703197820.0,3680
1,7073085.78737945,7108575.510986328,35489.72360687796,36312.09487800114,4,24.521696968004107,36299.83402951714,5543,222672720100.0,3681
0,12833518.082097512,12868348.88092041,34830.79882289842,36322.92218961753,4,35.34900858439505,36299.83402951714,5544,222678479900.0,3681
2,42711339.133499004,42742660.758392334,31321.624893330038,36287.573181033134,4,-24.521696968004107,36299.83402951714,5545,222708354350.0,3681
2,70528973.6168695,70557032.15988159,28058.543012097478,36258.783109262586,4,-53.31176873855293,36299.83402951714,5546,222736168850.0,3681
0,25772584.131909814,25804220.645111084,31636.513201270252,34633.03175198659,2,46.002285432070494,34610.03060927056,5608,225694038610.0,3684
1,59488274.31463018,59515944.78048706,27670.46585687995,34587.02946655452,2,-46.002285432070494,34610.03060927056,5609,225727750490.0,3684
1,11530629.170735892,11599340.672149658,68711.5014137663,70052.14091016725,3,20.76088299974799,70040.3519416824,5640,226680745300.0,3685
0,51476900.75173027,51540956.00387573,64055.25214546174,70040.3519416824,3,3.077430272474885,70040.3519416824,5641,226720687100.0,3685
3,65419035.26193846,65481451.55062866,62416.28869020194,70022.4081126526,3,-23.838313272222877,70040.3519416824,5642,226734627660.0,3685
3,34231204.94094893,34297057.706451416,65852.76550248265,69832.74826610088,3,-7.759492792189121,69836.54241736233,5667,227704435910.0,3686
2,67246829.23759748,67308855.07791138,62025.84031389654,69844.47310042381,3,9.827758692204952,69836.54241736233,5668,227737447860.0,3686
1,73854154.84159099,73915404.5328064,61249.69121541083,69836.54241736233,3,-2.068265900015831,69836.54241736233,5669,227744054440.0,3686
2,2359029.2434613984,2443153.3613586426,84124.11789724417,84398.39675316075,2,-62.19738914212212,84429.49544773181,5692,228673487350.0,3687
1,78974640.77750853,79049919.1734314,75278.39592286944,84460.59414230287,2,62.19738914212212,84429.49544773181,5693,228750094470.0,3687
2,59939485.00745495,60038963.1986084,99478.1911534518,106447.21598332375,1,,106447.21598332375,5723,229732043190.0,3688
2,37994146.48947874,38000543.282684326,6396.793205589056,10814.284451000392,3,15.006480179727077,10814.284451000392,5754,230710951120.0,3689
0,44745965.013848566,44751582.06954956,5617.055700995028,10819.565218374133,3,22.927631240338087,10814.284451000392,5755,230717702190.0,3689
1,76711844.41154201,76713704.29412842,1859.8825864046812,10778.990723267198,3,-37.934111420065165,10814.284451000392,5756,230749664460.0,3689
3,42893274.044220865,42910081.0960083,16807.05178743601,21794.153225019574,1,,21794.153225019574,5777,231716737500.0,3690
3,20123330.3171153,20154734.956359863,31404.639244563878,33744.33216354996,3,8.235305668786168,33744.33216354996,5795,232694828660.0,3691
0,31665623.57613837,31695691.59729004,30068.021151669323,33749.709723535925,3,16.301645647734404,33744.33216354996,5796,232706369670.0,3691
1,66916896.42193844,66942838.63366699,25942.211728550494,33722.48399222642,3,-24.53695131652057,33744.33216354996,5797,232741616980.0,3691
0,15170874.739169868,15203082.266601562,32207.52743169479,33971.4098330047,2,45.32958662323654,33948.74503969308,5819,233690774540.0,3692
2,53155260.82673292,53183006.668151855,27745.84141893685,33926.08024638146,2,-45.32958662323654,33948.74503969308,5820,233728754640.0,3692
0,74096255.2442268,74135744.37628174,39489.132054939866,48104.1317089051,1,,48104.1317089051,5846,234750569190.0,3693
3,28720833.484979443,28736782.52597046,15949.040991015732,19288.34565248713,4,28.151721578091383,19260.795753929764,5881,235706103670.0,3694
3,58830752.04785839,58843173.33041382,12421.282555431128,19261.39757695049,4,1.2036460414528847,19260.795753929764,5882,235736210200.0,3694
2,71690082.81921086,71700993.88287354,10911.063662678003,19246.30323240161,4,-15.094344548881054,19260.795753929764,5883,235749068080.0,3694
0,74797955.90618104,74808519.51535034,10563.60916930437,19260.193930909038,4,-1.2036460414528847,19260.795753929764,5884,235752175620.0,3694
1,48069288.19135161,48108657.54910278,39369.35775117576,44958.26234250516,2,9.880623139441013,44953.32203093544,5915,236726336070.0,3695
1,58696124.502619535,58734248.42214966,38123.91953012347,44948.381719365716,2,-9.880623139441013,44953.32203093544,5916,236736961710.0,3695
3,41184957.75168885,41238695.61254883,53737.86085997522,58526.340326443315,2,-9.814562000334263,58531.24760744348,5941,237720388720.0,3696
0,46267315.35569033,46320472.1171875,53156.76149716973,58536.15488844365,2,9.814562000334263,58531.24760744348,5942,237725470520.0,3696
2,12398514.297743028,12486302.94076538,87788.64302235283,89230.18950850889,1,,89230.18950850889,5958,238692538870.0,3697
1,15042295.170120351,15032823.249786377,-9471.920333974063,-7722.987580783665,4,7.700771778821945,-7729.945495244116,5977,239696055150.0,3698
3,40429697.24138792,40417265.88595581,-12431.355432108045,-7730.688352562487,4,-1.4857146367430687,-7729.945495244116,5978,239721439710.0,3698
1,62360555.24075933,62345554.50149536,-15000.73926396668,-7750.222216255963,4,-21.019578330218792,-7729.945495244116,5979,239743368100.0,3698
0,71631609.28568491,71615551.64205933,-16057.643625587225,-7729.202637925744,4,1.4857146367430687,-7729.945495244116,5980,239752638140.0,3698
3,4816361.2392801,4845687.117553711,29325.878273610957,29885.865418345667,2,-7.407251237891614,29889.569043964613,6007,240686689490.0,3699
1,67555638.34367563,67577677.07904053,22038.73536489904,29893.27266958356,2,7.407251237891614,29889.569043964613,6008,240749421770.0,3699
0,4537274.100709157,4560988.887054443,23714.786345286295,24242.324676051736,3,-6.6587758380919695,24242.324676051736,6029,241687294410.0,3700
1,14267623.382914925,14290193.904510498,22570.521595573053,24229.385057721287,3,-26.06820333376527,24242.324676051736,6030,241697023660.0,3700
1,73754815.6193479,73770508.89993286,15693.280584961176,24268.58184605837,3,32.72697917185724,24242.324676051736,6031,241756504250.0,3700
2,56975700.787089676,57006483.02774048,30782.24065080285,37406.67316695303,2,-16.114825002849102,37414.73057945445,6058,242740593670.0,3701
1,74437994.24576601,74466762.30090332,28768.05513730645,37422.787991955876,2,16.114825002849102,37414.73057945445,6059,242758054030.0,3701
3,10595145.389826814,10671561.647979736,76416.25815292262,77648.1311209444,3,-21.795963490381837,77663.97757870704,6083,243695161210.0,3702
2,57310565.075202,57381565.68637085,71000.61116884649,77663.97757870704,3,1.9737231535837054,77663.97757870704,6084,243741871430.0,3702
2,66744846.46424239,66814762.07241821,69915.6081758216,77675.87659016252,3,19.82224033679813,77663.97757870704,6085,243751304670.0,3702
0,3077870.1802727887,3103980.9640808105,26110.783808021806,26468.640631562565,3,46.70368879335001,26445.230467569083,6108,244688510350.0,3703
2,25928634.758723255,25952065.32699585,23430.568272594362,26445.230467569083,3,11.588442803127691,26445.230467569083,6109,244711358540.0,3703
2,74124612.17440966,74142392.5211792,17780.346769541502,26398.643417969346,3,-58.2921315964777,26445.230467569083,6110,244759549090.0,3703
2,23794691.809909992,23888789.306610107,94097.4967001155,96864.05030032992,4,-42.15394289791584,96903.32788377255,6133,245710187690.0,3704
2,56883293.82487551,56973586.340545654,90292.51567014307,96906.20424322784,4,5.752718910574913,96903.32788377255,6134,245743272640.0,3704
1,57285404.47117944,57375644.481658936,90240.01047949493,96900.45152431726,4,-5.752718910574913,96903.32788377255,6135,245743674700.0,3704
3,72485774.31131893,72574274.2114563,88499.90013736486,96927.65291044116,4,27.201386123895645,96903.32788377255,6136,245758873400.0,3704
3,56139282.32125048,56222952.587127686,83670.26587720215,90197.44995927066,1,,90197.44995927066,6196,248745317070.0,3707
1,8085281.315469437,8102749.147888184,17467.832418746315,18407.88931508083,1,,18407.88931508083,6210,249698167160.0,3708
0,26221936.242591336,26256137.849609375,34201.60701803863,37250.37069592625,3,-19.707339484244585,37266.43484145403,6233,250717171340.0,3709
3,44522323.32072729,44554413.24835205,32089.92762476206,37266.43484145403,3,4.388878807425499,37266.43484145403,6234,250735469700.0,3709
3,65225317.41513815,65255007.54006958,29690.124931432307,37273.72122936696,3,15.318460676819086,37266.43484145403,6235,250756170390.0,3709
0,33427660.776138857,33508948.691619873,81287.91548101604,85174.47202925012,1,,85174.47202925012,6260,251725330700.0,3710
2,40025037.7794836,40059897.12414551,34859.34466190636,39512.96292484552,2,-17.46388591825962,39521.69486780465,6301,253733701110.0,3712
0,42021183.17470227,42055827.89605713,34644.72135485709,39530.426810763776,2,17.46388591825962,39521.69486780465,6302,253735697050.0,3712
0,35565589.59229785,35582368.196136475,16778.60383862257,20913.73240916431,1,,20913.73240916431,6330,254730131100.0,3713
2,30608325.069561988,30630001.73574829,21676.6661863029,25235.425114315003,2,13.693826299160719,25228.578201165423,6354,255726027370.0,3714
1,46824789.24673154,46844566.76843262,19777.521701075137,25221.731288015842,2,-13.693826299160719,25228.578201165423,6355,255742242010.0,3714
0,10746323.074577477,10777471.944274902,31148.869697425514,32398.319744039327,2,3.369834993034601,32396.63482654281,6373,256707071280.0,3715
2,40077471.11347188,40105206.34881592,27735.235344037414,32394.949909046292,2,-3.369834993034601,32396.63482654281,6374,256736399150.0,3715
2,12807410.5731006,12904932.718536377,97522.14543577656,99011.2333430089,3,-10.946066901087761,99020.28071134537,6412,258711041990.0,3717
3,27676581.590728313,27772383.979522705,95802.38879439235,99020.28071134537,3,2.6249856036156416,99020.28071134537,6413,258725909510.0,3717
0,58104614.92386709,58196883.31323242,92268.38936533034,99024.07810847461,3,8.32108129747212,99020.28071134537,6414,258756334150.0,3717
0,8217851.491529239,8248714.75869751,30863.267168270424,31818.7376913419,1,,31818.7376913419,6436,259707262570.0,3718
3,9206244.514695633,9236530.585601807,30286.070906173438,31356.45959244296,1,,31356.45959244296,6461,260709152810.0,3719
1,2849968.409079316,2878894.390411377,28925.98133206088,29257.340545520186,2,-0.025675177574157715,29257.353383108974,6490,261703693980.0,3720
2,71869384.03962179,71890285.31933594,20901.279714152217,29257.36622069776,2,0.025675177574157715,29257.353383108974,6491,261772705690.0,3720
0,2011459.7930796952,2048880.8255310059,37421.03245131066,37654.900213780114,4,24.08586280257441,37642.08245831914,6515,262703722350.0,3721
0,17170933.818600953,17206590.744537354,35656.92593640089,37653.350565660745,4,22.53621468320489,37642.08245831914,6516,262718880130.0,3721
3,52544185.593187585,52575707.2170105,31521.623822912574,37630.81435097754,4,-22.53621468320489,37642.08245831914,6517,262754249410.0,3721
1,65809875.2930544,65839825.89096069,29950.597906291485,37602.15939220041,4,-51.19117346033454,37642.08245831914,6518,262767513590.0,3721
0,7398121.314474094,7412832.385223389,14711.070749294944,15571.233146895654,2,9.345717229880393,15566.560288280714,6540,263709996170.0,3722
0,23578877.156878944,23591697.582977295,12820.426098350435,15561.887429665774,2,-9.345717229880393,15566.560288280714,6541,263726175110.0,3722
2,854893.6500464096,895555.4144592285,40661.76441281894,40761.16091369535,4,58.059827227843925,40708.287316821516,6592,265705260150.0,3724
1,54833178.102882996,54867505.877593994,34327.77471099794,40703.101086467505,4,-10.372460708022118,40708.287316821516,6593,265759232350.0,3724
1,60888538.68080576,60922157.88418579,33619.203380033374,40698.572478190064,4,-14.901068985462189,40708.287316821516,6594,265765287030.0,3724
0,68290390.15760049,68323163.66595459,32773.508354097605,40713.47354717553,4,10.372460708022118,40708.287316821516,6595,265772688070.0,3724
1,3720856.7829236723,3803298.706604004,82441.92368033156,82874.53906408697,4,6.236129950731993,82871.42099911161,6648,267709984010.0,3726
3,10698826.894147338,10780466.44796753,81639.55382019095,82883.48159612343,4,15.178661987185478,82871.42099911161,6649,267716961210.0,3726
1,30484221.342544746,30563544.981781006,79323.6392362602,82867.96891191602,4,-6.570152170956135,82871.42099911161,6650,267736744380.0,3726
2,32853255.498783175,32932304.029937744,79048.53115456924,82868.30293413624,4,-6.236129950731993,82871.42099911161,6651,267739113150.0,3726
1,4528175.4521283265,4529531.56652832,1356.1143999937922,1882.5948520023376,4,19.69469458051026,1872.7475047120824,6677,268711650810.0,3727
1,7274009.039537514,7275048.872741699,1039.8332041855901,1885.5653555868194,4,22.665198164992034,1872.7475047120824,6678,268714396340.0,3727
2,32848726.98816913,32846770.643066406,-1956.345102723688,1862.9001574218273,4,-19.69469458051026,1872.7475047120824,6679,268739968180.0,3727
1,57837842.1615384,57832955.12054443,-4887.040993966162,1837.6306991577148,4,-44.96415284462273,1872.7475047120824,6680,268764954480.0,3727
1,3194171.7357888278,3221864.786315918,27693.050527090207,28064.42946260888,1,,28064.42946260888,6726,270712064520.0,3729
1,60151156.03030854,60166263.90875244,15107.878443904221,22101.513772413135,2,-10.995173618197441,22107.011359222233,6751,271769909810.0,3730
2,75524621.40196645,75537952.83843994,13331.436473488808,22112.508946031332,2,10.995173618197441,22107.011359222233,6752,271785281570.0,3730
0,12147514.98433293,12164878.414916992,17363.43058406189,18775.79396250099,1,,18775.79396250099,6772,272722771710.0,3731
1,27952343.41321952,27980915.65460205,28572.24138253182,31822.195486668497,2,18.170810755342245,31813.110081290826,6800,273739496640.0,3732
1,46929810.318868265,46956157.92340088,26347.60453261435,31804.024675913155,2,-18.170810755342245,31813.110081290826,6801,273758471970.0,3732
0,60981214.25019914,61078425.48522949,97211.23503035307,104301.37930190563,1,,104301.37930190563,6846,275774384550.0,3734
2,51728297.49308154,51802124.443481445,73826.95039990544,79841.27951186895,1,,79841.27951186895,6860,276766080770.0,3735
1,17252019.65509672,17236366.561828613,-15653.093268107623,-13647.240976803005,5,6.180718541145325,-13652.122878946364,6909,278733424140.0,3737
0,23510963.821961705,23494607.62713623,-16356.194825474173,-13622.629620015621,5,30.79207532852888,-13652.122878946364,6910,278739682410.0,3737
1,24889617.23482375,24873071.25390625,-16545.98091749847,-13652.122878946364,5,-1.1421346738934517,-13652.122878946364,6911,278741060880.0,3737
3,46656409.98083979,46637330.62780762,-19079.353032171726,-13654.720511741936,5,-5.038583867251873,-13652.122878946364,6912,278762825240.0,3737
1,50497093.01981312,50477552.872680664,-19540.147132456303,-13668.967307545245,5,-19.28537967056036,-13652.122878946364,6913,278766665480.0,3737
2,483256.20198839274,538360.342956543,55104.14096815023,55160.32804534031,1,,55160.32804534031,6934,279717588540.0,3738
0,65440342.1569624,65464824.527526855,24482.370564453304,32090.96729014069,1,,32090.96729014069,6960,280783423100.0,3739
3,23886849.907309342,23913004.996643066,26155.08933372423,28932.357942067087,2,-7.4807964488863945,28936.09834029153,6988,281742781700.0,3740
1,37309420.98619096,37334022.945129395,24601.95893843472,28939.838738515973,2,7.4807964488863945,28936.09834029153,6989,281756202780.0,3740
1,52729027.67947523,52731896.55200195,2868.872526720166,8999.554215222597,2,13.906250566244125,8992.601089939475,7515,302790870770.0,3761
1,77562574.12113759,77562541.74859619,-32.37254139780998,8985.647964656353,2,-13.906250566244125,8992.601089939475,7516,302815701530.0,3761
1,581291.4511229997,599622.2482910156,18330.797168015968,18398.382576128235,4,-7.182452826062217,18401.973802541266,7546,303739582050.0,3762
0,9312387.915050358,9329721.8850708,17333.9700204432,18416.69975356199,4,18.317177433753386,18401.973802541266,7547,303748312190.0,3762
3,21091984.18004299,21107937.429016113,15953.24897312373,18405.565028954297,4,7.182452826062217,18401.973802541266,7548,303760090460.0,3762
3,50908878.73535672,50921349.588012695,12470.85265597701,18389.90985047072,4,-15.655178483575583,18401.973802541266,7549,303789904010.0,3762
1,6557911.519963412,6585296.976074219,27385.456110807136,28147.92926534079,4,8.658245166763663,28140.534604109824,7568,304746468380.0,3763
2,38891950.1043033,38915567.498535156,23617.39423185587,28139.271020174026,4,-2.527167871594429,28140.534604109824,7569,304778798800.0,3763
0,62772543.72026801,62793387.10046387,20843.380195856094,28141.79818804562,4,2.527167871594429,28140.534604109824,7570,304802676730.0,3763
1,64937886.568592355,64958457.09039307,20570.52180071175,28120.699181109667,4,-21.099006935954094,28140.534604109824,7571,304804841810.0,3763
3,16650160.093606155,16723356.640441895,73196.54683573917,75132.42231246829,1,,75132.42231246829,7588,305757477930.0,3764
0,62501423.27994891,62503970.980407715,2547.700458802283,9814.595906540751,3,19.799977470189333,9796.96791267395,7622,306804245400.0,3765
1,63232362.51358402,63234807.60144043,2445.087856411934,9796.96791267395,3,-6.64201333001256,9796.96791267395,7623,306804976240.0,3765
1,64441231.82147945,64443532.01293945,2300.191460005939,9792.623945467174,3,-13.157964140176773,9796.96791267395,7624,306806184970.0,3765
2,40025907.592482775,40041823.33721924,15915.744736462831,20569.464130543172,1,,20569.464130543172,7644,307782661760.0,3766
3,48495680.24785878,48514338.49267578,18658.244817003608,24296.725023277104,1,,24296.725023277104,7669,308792051070.0,3767
3,23676584.48350005,23761415.421813965,84830.93831391633,87583.75984936208,3,37144.075200181454,87572.99412814528,7693,309768180740.0,3768
2,37437148.50651841,37446102.15130615,8953.644787743688,13306.375170215964,3,-74272.00181853771,87572.99412814528,7694,309781865490.0,3768
1,50206947.2253495,50288682.77423096,81735.54888145626,87572.99412814528,3,37127.92661835626,87572.99412814528,7695,309794708130.0,3768
2,77435632.59853564,77484686.96118164,49054.3626459986,58057.62395578623,1,,58057.62395578623,7727,310822907800.0,3769
0,31749997.498807743,31725318.832824707,-24678.66598303616,-20987.1674509719,3,19.00237948819995,-21004.586126744747,7746,311778069840.0,3770
2,65289102.55034456,65260503.78436279,-28598.7659817636,-21007.753534175456,3,-11.876745317131281,-21004.586126744747,7747,311811605180.0,3770
3,78629628.78284582,78599482.11224365,-30146.670602172613,-21004.586126744747,3,-7.125634171068668,-21004.586126744747,7748,311824944220.0,3770
2,57300107.61608892,57300495.192993164,387.57690424472094,7049.727449603379,1,,7049.727449603379,7781,312804501730.0,3771
2,4289419.378018582,4307593.248168945,18173.870150363073,18672.590987678617,4,16.504138130694628,18657.68882355094,7814,314753257870.0,3773
1,18932987.555915885,18949445.55218506,16457.99626917392,18659.290797553957,4,3.2039480060338974,18657.68882355094,7815,314767899790.0,3773
3,45915643.23209965,45928960.81365967,13317.581560015678,18656.086849547923,4,-3.2039480060338974,18657.68882355094,7816,314794879430.0,3773
2,65191914.544353336,65202971.70111084,11057.156757503748,18636.869381159544,4,-22.421416394412518,18657.68882355094,7817,314814153530.0,3773
3,35686590.70811959,35687844.74163818,1254.033518590033,5403.230608075857,1,,5403.230608075857,7836,315785500750.0,3774
0,30292381.566379353,30283968.100097656,-8413.466281697154,-4891.441371642053,2,34.95452620834112,-4908.918634746224,7859,316781003620.0,3775
3,67914866.8744918,67902044.17462158,-12822.699870213866,-4926.395897850394,2,-34.95452620834112,-4908.918634746224,7860,316818621870.0,3775
2,13176463.412668198,13216195.66418457,39732.251516371965,41264.24834085815,1,,41264.24834085815,7883,317764782380.0,3776
2,60264425.04842095,60303348.15759277,38923.10917182267,45929.91402622312,1,,45929.91402622312,7901,318812814410.0,3777
2,44593632.946999915,44551637.39196777,-41995.55503214151,-36810.75681068003,1,,-36810.75681068003,7932,319797962230.0,3778
2,41889712.21889955,41885812.45690918,-3899.7619903683662,970.6576425880194,1,,970.6576425880194,7958,320796124060.0,3779
3,19410665.43346843,19416253.005371094,5587.571902662516,7844.404929395765,6,10.617854285985231,7834.812509952113,7990,321774498960.0,3780
1,21194733.1823116,21200104.7578125,5371.5755009017885,7835.837944794446,6,2.050869684666395,7834.812509952113,7991,321776282820.0,3780
2,22988238.617232256,22993406.466552734,5167.849320478737,7840.63847938925,6,6.851404279470444,7834.812509952113,7992,321778076130.0,3780
2,29981863.4295254,29986204.135681152,4340.7061557509005,7826.627842601389,6,-9.210102193057537,7834.812509952113,7993,321785068960.0,3780
1,47212679.38765313,47215014.47906494,2335.0914118140936,7824.4000853300095,6,-11.43785946443677,7834.812509952113,7994,321802297850.0,3780
0,58866261.06196583,58867250.60546875,989.5435029193759,7833.78707510978,6,-2.050869684666395,7834.812509952113,7995,321813950140.0,3780
3,10801140.059430845,10801141.127990723,1.0685598775744438,1256.8920501153916,6,35.94711763970554,1223.3193396739662,8013,322766808500.0,3781
0,23410652.69756686,23409192.835266113,-1459.8623007461429,1262.039963055402,6,41.09503057971597,1223.3193396739662,8014,322779416610.0,3781
1,37753920.39461687,37750756.527648926,-3163.866967946291,1225.6937468722463,6,4.748814396560192,1223.3193396739662,8015,322793758240.0,3781
3,61391674.17488137,61385757.252319336,-5916.922562032938,1220.944932475686,6,-4.748814396560192,1223.3193396739662,8016,322817393350.0,3781
3,71124972.90942076,71117922.25604248,-7050.653378278017,1218.8821735978127,6,-6.811573274433613,1223.3193396739662,8017,322827125560.0,3781
3,79104918.2926043,79096925.36553955,-7992.927064746618,1204.4182190448046,6,-21.275527827441692,1223.3193396739662,8018,322835104600.0,3781
0,4012310.0964180017,4012815.105163574,505.00874557252973,971.5107297590002,4,52.83130299951881,933.7223135475069,8037,323760879810.0,3782
0,25750209.7647276,25748164.61279297,-2045.1519346311688,948.7652003355324,4,30.085773576050997,933.7223135475069,8038,323782615260.0,3782
3,55131470.81373122,55125978.7857666,-5492.027964621782,917.9802121371031,4,-30.784988198429346,933.7223135475069,8039,323811993210.0,3782
3,58768956.22070804,58763041.9699707,-5914.250737339258,918.6794267594814,4,-30.085773576050997,933.7223135475069,8040,323815630290.0,3782
3,23067007.486450598,23086337.7845459,19330.298095300794,22012.2455278486,2,-5.983707994222641,22015.237381845713,8082,325781741620.0,3784
2,24221220.364580117,24240422.44873047,19202.084150351584,22018.229235842824,2,5.983707994222641,22015.237381845713,8083,325782895710.0,3784
0,54707961.540087536,54742143.91052246,34182.37043492496,40543.138171203434,2,-13.664685763418674,40549.970514085144,8105,326814280280.0,3785
0,68403716.93470788,68436320.59613037,32603.661422491074,40556.80285696685,2,13.664685763418674,40549.970514085144,8106,326827974520.0,3785
3,6413326.39230387,6417889.548461914,4563.156158044003,5308.818735299632,3,19.87844135425985,5301.137214064598,8132,327766897390.0,3786
3,30673122.55302792,30674857.397460938,1734.844433017075,5301.137214064598,3,8.356159501709044,5301.137214064598,8133,327791154470.0,3786
2,45380688.96972568,45380689.40570068,0.43597500026226044,5276.743373826146,3,-28.234600855968893,5301.137214064598,8134,327805860370.0,3786
2,890038.2792386207,886045.7495117188,-3992.5297269019065,-3889.047041543876,4,12.181686594034545,-3897.647592418827,8153,328762218020.0,3787
1,11851917.135028582,11846645.073669434,-5272.061359148473,-3894.066456699744,4,7.162271438166499,-3897.647592418827,8154,328773178670.0,3787
3,55329808.37613252,55319474.07897949,-10334.297153025866,-3901.2287281379104,4,-7.162271438166499,-3897.647592418827,8155,328816651700.0,3787
1,79541507.53465888,79528332.15039062,-13175.384268254042,-3927.277766406536,4,-33.211309706792235,-3897.647592418827,8156,328840860670.0,3787
3,35263734.458686784,35261527.28692627,-2207.1717605143785,1892.8608141094446,2,18.800641909241676,1883.4604931548238,8191,329797479440.0,3788
1,59789201.39936821,59784123.907836914,-5077.4915312975645,1874.060172200203,2,-18.800641909241676,1883.4604931548238,8192,329822002150.0,3788
1,14170277.873815916,14171285.125610352,1007.2517944350839,2654.797120133415,1,,2654.797120133415,8224,330777305600.0,3789
1,24242063.538222875,24242657.213134766,593.6749118901789,3412.243384812027,2,0.3859654478728771,3412.050402088091,8243,331788223630.0,3790
0,59100875.727976315,59097416.0637207,-3459.6642556115985,3411.8574193641543,2,-0.3859654478728771,3412.050402088091,8244,331823078550.0,3790
1,12277559.447251562,12272336.973876953,-5222.473374608904,-3794.990028237924,4,13.878937428817153,-3801.9294969523326,8272,332777150810.0,3791
0,19404003.0504667,19397964.02886963,-6039.021597072482,-3782.963190149516,4,25.905775517225266,-3801.9294969523326,8273,332784276470.0,3791
1,28124252.692744926,28117173.716003418,-7078.976741507649,-3809.0351443625987,4,-14.045116124674678,-3801.9294969523326,8274,332792995720.0,3791
1,28369059.85795234,28361952.584228516,-7107.273723825812,-3808.868965666741,4,-13.878937428817153,-3801.9294969523326,8275,332793240500.0,3791
1,21761650.343237903,21759397.651611328,-2252.691626574844,277.48496006429195,3,-62.78407834470272,304.1232958585024,8288,333787508590.0,3792
3,35706880.61675315,35703033.183898926,-3847.4328542277217,304.1232958585024,3,-22.82657465338707,304.1232958585024,8289,333801452290.0,3792
0,75032388.8118993,75024041.38494873,-8347.426950573921,376.41478095948696,3,85.61065299808979,304.1232958585024,8290,333840773480.0,3792
3,50098707.34667556,50107517.01489258,8809.668217018247,14634.528664186597,3,-0.8959694281220436,14635.315771624446,8314,334816751580.0,3793
3,60022884.54195906,60030541.13623047,7656.594271406531,14635.315771624446,3,0.2846917286515236,14635.315771624446,8315,334826674650.0,3793
0,74958541.81212142,74964462.08990479,5920.2777833640575,14635.533495604992,3,0.61127769947052,14635.315771624446,8316,334841608640.0,3793
2,79420869.7175406,79511007.62414551,90137.90660490096,99371.98682768643,1,,99371.98682768643,8339,335847022810.0,3794
0,60745987.016710505,60791010.01409912,45022.997388616204,52085.79233558476,1,,52085.79233558476,8363,336829325210.0,3795
2,36577053.67982608,36554588.37060547,-22465.30922061205,-18212.58006775379,1,,-18212.58006775379,8393,337806011320.0,3796
0,1947237.7755278186,1959340.8881835938,12103.112655775156,12329.513473293511,5,46.600370715139434,12283.994452409446,8413,338772280700.0,3797
1,5565482.039080866,5577134.161499023,11652.122418157756,12299.208099920303,5,16.294997341930866,12283.994452409446,8414,338775898510.0,3797
1,41381295.90080774,41388768.588012695,7472.687204957008,12283.994452409446,5,-6.525473924353719,12283.994452409446,8415,338811710310.0,3797
2,51450649.361603886,51456942.03826904,6292.67666515708,12274.72427316755,5,-16.87700299732387,12283.994452409446,8416,338821778530.0,3797
2,56924553.38682298,56930216.73284912,5663.346026137471,12281.831752747297,5,-9.769523417577147,12283.994452409446,8417,338827251830.0,3797
2,13774093.85887194,13802518.682067871,28424.82319593057,30026.305125571787,4,11.46993138641119,30017.70150661841,8438,339784992560.0,3798
3,38371895.81190832,38397454.968444824,25559.156536504626,30020.567819051445,4,5.732624866068363,30017.70150661841,8439,339809587610.0,3798
3,54426364.769837394,54450050.75,23685.980162605643,30014.00729586184,4,-6.560523189604282,30017.70150661841,8441,339825640280.0,3798
0,60092766.566014305,60115794.5546875,23027.988673195243,30014.835194185376,4,-5.732624866068363,30017.70150661841,8442,339831306050.0,3798
2,27287667.288106274,27290948.596923828,3281.3088175542653,6453.982571031898,3,9.902943018823862,6451.572866968811,8471,340799408560.0,3799
3,37456044.943915896,37458141.58935547,2096.6454395726323,6451.572866968811,3,6.288386924192309,6451.572866968811,8472,340809575800.0,3799
2,53029528.628329866,53029799.59448242,270.96615255624056,6436.586389057338,3,-16.19132994301617,6451.572866968811,8473,340825147530.0,3799
3,2902940.5558160516,2890888.3525390625,-12052.20327698905,-11714.685114952736,2,17.88679138291627,-11723.628510644194,8525,342776779690.0,3801
1,38580601.66671996,38564383.417785645,-16218.248934313655,-11732.571906335652,2,-17.88679138291627,-11723.628510644194,8526,342812453350.0,3801
0,75189457.827145,75192996.6586914,3538.8315464109182,12280.935327872634,1,,12280.935327872634,8543,343849941800.0,3802
1,17345394.381021477,17368226.3046875,22831.923666022718,24848.63242002949,2,-18.372801184654236,24857.81882062182,8564,344793040430.0,3803
0,24980118.38506376,25002081.009887695,21962.62482393533,24867.005221214145,2,18.372801184654236,24857.81882062182,8565,344800674320.0,3803
2,17315593.99625677,17358126.63885498,42532.642598211765,44545.88653063774,3,41.47227592393756,44511.036111302674,8595,345793955790.0,3804
2,55897996.369969964,55936008.275756836,38011.90578687191,44511.036111302674,3,-10.80335307866335,44511.036111302674,8596,345832533850.0,3804
1,67701177.37708561,67737803.71069336,36626.33360774815,44497.79239812493,3,-30.66892284527421,44511.036111302674,8597,345844335700.0,3804
2,11459511.42398928,11424194.420776367,-35317.00321291201,-33984.63241189346,2,2.5771646685898304,-33985.92099422775,8625,346788934490.0,3805
0,52240677.00468761,52200615.892822266,-40061.11186534166,-33987.20957656205,2,-2.5771646685898304,-33985.92099422775,8626,346829711100.0,3805
3,60085698.40592687,60091300.02947998,5601.623553112149,12587.648275531828,2,16.215007960796356,12579.54077155143,8645,347838455600.0,3806
2,61159534.509194314,61164995.06530762,5460.556113302708,12571.433267571032,2,-16.215007960796356,12579.54077155143,8646,347839529300.0,3806
0,66420912.2593859,66411991.34802246,-8920.911363437772,-1198.3060273900628,1,,-1198.3060273900628,8673,348845646740.0,3807
0,49212766.44099796,49207859.32952881,-4907.1114691495895,814.7426847741008,2,33.24655183404684,798.1194088570774,8697,349829335220.0,3808
1,65360302.47553396,65353484.68096924,-6817.7945647239685,781.4961329400539,2,-33.24655183404684,798.1194088570774,8698,349845480920.0,3808
1,9193541.926592216,9176603.30444336,-16938.62214885652,-15869.710363028571,2,-21.889625899493694,-15858.765550078824,8748,351791086090.0,3810
0,13861651.206816494,13844191.724060059,-17459.48275643587,-15847.820737129077,2,21.889625899493694,-15858.765550078824,8749,351795753700.0,3810
3,15219803.079147879,15225491.957763672,5688.878615792841,7458.449801651761,4,14.983499651774764,7449.537436887622,8777,352797988530.0,3811
2,19586893.483124316,19592071.76904297,5178.285918653011,7455.608571775258,4,12.142269775271416,7449.537436887622,8778,352802355130.0,3811
1,34180644.94137356,34184114.30340576,3469.3620322048664,7443.466301999986,4,-12.142269775271416,7449.537436887622,8779,352816947240.0,3811
0,65013017.58210881,65012901.7678833,-115.81422550976276,7443.098463483155,4,-12.510108292102814,7449.537436887622,8780,352847776170.0,3811
2,25906517.894265816,25924546.842529297,18028.94826348126,21041.038981948048,1,,21041.038981948048,8800,353809599270.0,3812
0,19700742.01055129,19675976.16204834,-24765.84850294888,-22475.288945730776,7,10.280540388077497,-22484.46183550358,8830,354804245410.0,3813
0,42117319.066230625,42089952.53204346,-27366.534187167883,-22469.65123423934,7,15.918251879513264,-22484.46183550358,8831,354826659490.0,3813
3,43448892.54008904,43421356.37634277,-27536.163746267557,-22484.46183550358,7,-3.4787942711263895,-22484.46183550358,8832,354827990900.0,3813
2,48671957.88326441,48643812.230529785,-28145.65273462236,-22486.677136734128,7,-6.801746116951108,-22484.46183550358,8833,354833213380.0,3813
0,49864043.84847961,49835776.71954346,-28267.12893615663,-22469.552269376814,7,16.017216742038727,-22484.46183550358,8834,354834405350.0,3813
1,66247611.07797098,66217410.97979736,-30200.098173618317,-22497.642163783312,7,-17.766773166134953,-22484.46183550358,8835,354850787060.0,3813
3,69627309.2952371,69596725.35571289,-30583.93952420354,-22488.533845365047,7,-8.658454747870564,-22484.46183550358,8836,354854166390.0,3813
1,6669151.07476289,6653234.834777832,-15916.239985058084,-15140.833265624009,1,,-15140.833265624009,8859,355792110180.0,3814
3,10706962.94955976,10710488.732971191,3525.7834114320576,4770.65714764595,2,13.789444088935852,4763.762425601482,8878,356797013040.0,3815
1,67397485.93905875,67394406.6574707,-3079.281588047743,4756.8677035570145,2,-13.789444088935852,4763.762425601482,8879,356853697220.0,3815
0,33001420.270781726,33003642.04498291,2221.774201184511,6058.772754967213,1,,6058.772754967213,8898,357820211020.0,3816
1,867036.2959106152,852319.6287841797,-14716.667126435554,-14615.858828302007,3,39.26800698088482,-14647.943250253797,8946,359789832900.0,3818
3,56903284.5340386,56882020.577941895,-21263.956096708775,-14647.943250253797,3,-8.858625946799293,-14647.943250253797,8947,359845862860.0,3818
2,65287064.906451374,65264811.820495605,-22253.085955768824,-14662.310420311987,3,-30.409381034085527,-14647.943250253797,8948,359854245690.0,3818
0,8505529.70806399,8495452.883911133,-10076.824152857065,-9087.905951118097,2,24.19230435602367,-9100.002103296109,8977,360798335480.0,3819
1,12151330.93509081,12140806.029785156,-10524.90530565381,-9112.09825547412,2,-24.19230435602367,-9100.002103296109,8978,360801980850.0,3819
2,5246634.620953068,5253670.292236328,7035.671283259988,7645.6853156154975,1,,7645.6853156154975,9005,361795990470.0,3820
3,75315225.3726781,75288498.16253662,-26727.21014147997,-17970.483659356833,1,,-17970.483659356833,9572,382884673840.0,3841
0,49297326.57746069,49277177.03527832,-20149.54218237102,-14417.85641760379,3,21.238237507641315,-14437.237436518073,9596,383859517970.0,3842
1,69021561.78056234,68999095.85186768,-22465.928694665432,-14440.951873704791,3,-13.404946643859148,-14437.237436518073,9597,383879239980.0,3842
3,75695623.19012013,75672384.99822998,-23238.19189015031,-14437.237436518073,3,-7.833290863782167,-14437.237436518073,9598,383885913300.0,3842
3,76531284.07779485,76537029.42181396,5745.344019114971,14643.458824977279,1,,14643.458824977279,9623,384887674480.0,3843
3,1954974.3469508258,1937594.7170410156,-17379.629909810144,-17152.329579085344,5,25.674492764053866,-17159.328416047618,9647,385813978400.0,3844
2,6325819.32779734,6307924.511047363,-17894.816749976948,-17159.328416047618,5,15.669089779257774,-17159.328416047618,9648,385818348750.0,3844
3,8579874.96813485,8561724.090698242,-18150.877436608076,-17153.315284002572,5,24.688787846826017,-17159.328416047618,9649,385820602560.0,3844
3,62162690.57346766,62138266.38195801,-24424.191509649158,-17196.67972765118,5,-40.35787762608379,-17159.328416047618,9650,385874179350.0,3844
2,63230653.62538622,63206101.444885254,-24552.18050096929,-17200.4991331771,5,-44.17728315200657,-17159.328416047618,9651,385875247190.0,3844
0,16237197.114453025,16220733.096069336,-16464.018383689225,-14576.157154249027,3,24.943073704838753,-14584.852598693222,9676,386829159160.0,3845
2,22971697.68165514,22954441.96307373,-17255.718581408262,-14584.852598693222,3,11.899907038547099,-14584.852598693222,9677,386835892900.0,3845
1,47154460.05583908,47134360.16833496,-20099.8875041157,-14617.34785721451,3,-36.84298074338585,-14584.852598693222,9678,386860072930.0,3845
1,20217669.6638561,20245029.072143555,27359.408287454396,29710.069823369384,3,13.268790485337377,29701.23636759445,9702,387834045190.0,3846
2,32318059.44246509,32344003.13305664,25943.690591551363,29701.23636759445,3,0.018606822937726974,29701.23636759445,9703,387846144220.0,3846
0,53947513.128433704,53970933.14196777,23420.01353406906,29692.365698173642,3,-13.287397308275104,29701.23636759445,9704,387867771250.0,3846
1,6462880.230428781,6513686.74407959,50806.51365080848,51557.937737831846,5,21.883753592148423,51536.301200687885,9725,388821261260.0,3847
0,47492749.04779138,47538787.066345215,46038.018553838134,51559.89027682692,5,23.83629258722067,51536.301200687885,9726,388862286550.0,3847
2,59839831.124041885,59884409.98693848,44578.862896591425,51536.301200687885,5,-10.57105212379247,51536.301200687885,9727,388874632230.0,3847
3,68300956.25880855,68344550.8718872,43594.61307865381,51535.80676779151,5,-11.312701468355954,51536.301200687885,9728,388883092410.0,3847
2,78055547.41921502,78097995.77722168,42448.35800665617,51523.6953741014,5,-23.424095158465207,51536.301200687885,9729,388892845900.0,3847
2,13413200.132811347,13364549.314331055,-48650.818480292335,-47091.296826710925,2,51.24670575000346,-47116.920179585926,9752,389829046830.0,3848
2,73308888.41956472,73253222.4216919,-55665.99787282944,-47142.54353246093,2,-51.24670575000346,-47116.920179585926,9753,389888935780.0,3848
1,7272622.041250726,7245860.19543457,-26761.845816155896,-25916.2749278266,3,-3.843100535683334,-25916.2749278266,9789,390823787780.0,3849
3,10751561.360907413,10724404.112548828,-27157.24835858494,-25907.18926857598,3,9.785388340242207,-25916.2749278266,9790,390827266340.0,3849
2,13890122.249999955,13862589.60333252,-27532.646667435765,-25917.67438600585,3,-5.942287804558873,-25916.2749278266,9791,390830404540.0,3849
0,12464847.568914961,12423088.619628906,-41758.94928605482,-40309.69038438797,2,9.880644038319588,-40314.63070640713,9809,391829874620.0,3850
0,26545509.48175591,26502103.52593994,-43405.95581596717,-40319.57102842629,2,-9.880644038319588,-40314.63070640713,9810,391843953700.0,3850
2,26694205.575807635,26676823.44354248,-17382.132265154272,-14278.458927813917,2,12.195931371301413,-14284.556893499568,9837,392844959160.0,3851
2,45659685.16825983,45640085.76776123,-19599.400498598814,-14290.654859185219,2,-12.195931371301413,-14284.556893499568,9838,392863922510.0,3851
1,11722747.685690008,11688671.138183594,-34076.547506414354,-32713.570836098865,3,16.64050188101828,-32727.085089705884,9855,393830872590.0,3852
1,34626848.3228468,34590095.25445557,-36753.06839123368,-32727.085089705884,3,-3.630878529511392,-32727.085089705884,9856,393853774120.0,3852
3,73564781.79167482,73523495.24761963,-41286.54405519366,-32733.33758625388,3,-13.009623351506889,-32727.085089705884,9857,393892707700.0,3852
0,59972436.701112665,59938686.69067383,-33750.01043883711,-26777.154392004013,1,,-26777.154392004013,9883,394879973280.0,3853
3,20009461.182954047,20047773.544555664,38312.36160161719,40638.81522061303,2,-5.7714149579405785,40641.700928092,9904,395840978970.0,3854
2,20531983.748436864,20570241.128967285,38257.38053042069,40644.58663557097,2,5.7714149579405785,40641.700928092,9905,395841501440.0,3854
2,30136783.56787639,30153359.034729004,16575.466852612793,20079.400744453073,3,22.677906922996044,20058.61371254921,9932,396852026190.0,3855
1,62500661.394214064,62513449.41931152,12788.025097459555,20054.831962510943,3,-14.175265990197659,20058.61371254921,9933,396884386430.0,3855
2,70600731.9428863,70612581.97332764,11850.030441343784,20058.61371254921,3,-8.502640932798386,20058.61371254921,9934,396892485600.0,3855
0,62866727.566247985,62884931.86383057,18204.29758258164,25513.66611198336,1,,25513.66611198336,9951,397885710510.0,3856
0,36655099.7904479,36598503.703186035,-56596.08726186305,-52334.283868834376,2,25.725347757339478,-52347.146542713046,9982,398860345580.0,3857
2,56331492.28207157,56272582.7409668,-58909.5411047712,-52360.009216591716,2,-25.725347757339478,-52347.146542713046,9983,398880019750.0,3857
2,34485786.305026375,34475798.123291016,-9988.181735359132,-5978.599387302995,2,5.376548931002617,-5981.287661768496,10006,399859079460.0,3858
0,74430491.29865988,74415853.46221924,-14637.836440637708,-5983.975936233997,2,-5.376548931002617,-5981.287661768496,10007,399899019700.0,3858
1,14734127.158198915,14719455.955688477,-14671.20251043886,-12958.099736878648,2,11.678975330665708,-12963.939224543981,10028,400840204710.0,3859
1,32940701.505905144,32923901.788269043,-16799.717636100948,-12969.778712209314,2,-11.678975330665708,-12963.939224543981,10029,400858409240.0,3859
0,33614350.80602537,33584573.12652588,-29777.67949949205,-25869.41693470627,2,22.478974625468254,-25880.656422019005,10056,401859972590.0,3860
2,53656800.91968544,53624670.4720459,-32130.447639539838,-25891.89590933174,2,-22.478974625468254,-25880.656422019005,10057,401880012780.0,3860
0,40601086.693040565,40563763.88562012,-37322.80742044747,-32602.213287070394,2,3.577259548008442,-32604.001916844398,10112,403868704940.0,3862
0,41091555.02858135,41054171.61828613,-37383.41029521823,-32605.790546618402,2,-3.577259548008442,-32604.001916844398,10113,403869195350.0,3862
0,15244948.548527762,15230441.614257812,-14506.934269949794,-12734.439478717744,4,27.398198127746582,-12760.003003902733,10130,404844229120.0,3863
1,30473136.094255686,30456831.215759277,-16304.878496408463,-12761.837676845491,4,-3.669345885515213,-12760.003003902733,10131,404859455580.0,3863
0,62385285.24915592,62365273.68847656,-20011.560679361224,-12758.168330959976,4,3.669345885515213,-12760.003003902733,10132,404891364170.0,3863
2,78772818.28525761,78750867.93041992,-21950.354837685823,-12791.622051090002,4,-33.45372013002634,-12760.003003902733,10133,404907749840.0,3863
1,39381613.968180835,39389402.2121582,7788.243977367878,12367.052846856415,1,,12367.052846856415,10162,405869311860.0,3864
1,73415294.2506657,73436247.17669678,20952.92603108287,29488.75193051994,1,,29488.75193051994,10181,406904264610.0,3865
1,17416792.67523113,17353612.583374023,-63180.09185710549,-61155.08178911358,1,,-61155.08178911358,10211,407849145320.0,3866
0,3631974.595000748,3607620.867492676,-24353.727508072276,-23931.44625005219,2,49.8996727084741,-23956.39608640643,10236,408836228980.0,3867
2,61607697.1806799,61576552.85076904,-31144.329910859466,-23981.345922760665,2,-49.8996727084741,-23956.39608640643,10237,408894198180.0,3867
2,4655369.531925349,4621798.6044921875,-33570.927433161065,-33029.65842065308,4,-1.4505651900544763,-33028.933138058055,10260,409838138670.0,3868
1,49952880.887493625,49914039.19781494,-38841.68967868388,-33033.78413552791,4,-5.576280064880848,-33028.933138058055,10261,409883431120.0,3868
2,52735846.01469344,52696686.33239746,-39159.68229597807,-33028.20785546303,4,1.4505651900544763,-33028.933138058055,10262,409886213780.0,3868
2,77284590.53516059,77242592.84552002,-41997.68964056671,-33011.98964099586,4,17.66877965722233,-33028.933138058055,10263,409910759800.0,3868
0,29533188.563552797,29506922.24267578,-26266.32087701559,-22832.565575663,1,,-22832.565575663,10278,410863861560.0,3869
3,2953276.4318145793,2911959.5546875,-41316.87712707929,-40973.50652954681,3,32.3969141789712,-40985.73195004836,10298,411838178110.0,3870
2,4330072.369357736,4288583.189941406,-41489.1794163296,-40985.73195004836,3,14.058783426648006,-40985.73195004836,10299,411839554740.0,3870
3,77649698.46475169,77599644.23956299,-50054.225188702345,-41026.0749374032,3,-46.45569760561921,-40985.73195004836,10300,411912866140.0,3870
0,52469063.276466325,52422481.246154785,-46582.03031153977,-40481.57408092171,2,19.49643263965845,-40491.32229724154,10326,412888546480.0,3871
2,70245787.45113035,70197119.06591797,-48668.385212376714,-40501.07051356137,2,-19.49643263965845,-40491.32229724154,10327,412906321200.0,3871
2,70792161.66867247,70764960.8984375,-27200.77023497224,-18969.929873764515,3,-12.143035277724266,-18963.126059025526,10350,413907777640.0,3872
3,72995050.80588897,72967600.71466064,-27450.091228321195,-18963.126059025526,3,-1.9373131692409515,-18963.126059025526,10351,413909980290.0,3872
0,75892733.63849367,75864957.31884766,-27776.319646015763,-18952.447617948055,3,14.080348446965218,-18963.126059025526,10352,413912877660.0,3872
3,4331306.46770431,4364840.470336914,33534.00263260398,34037.593584636226,6,-11.706791263073683,34043.44698026776,10382,414842240720.0,3873
0,14193575.8315569,14225974.877807617,32399.046250717714,34049.3003758993,6,11.706791263073683,34043.44698026776,10383,414852101900.0,3873
1,20990138.690907884,21021723.458007812,31584.76709992811,34025.241817072034,6,-24.058558827266097,34043.44698026776,10384,414858897680.0,3873
3,35175346.97242322,35205307.880859375,29960.90843615681,34050.66440285742,6,13.070818221196532,34043.44698026776,10385,414873081330.0,3873
0,38982737.81311989,39012270.279541016,29532.46642112732,34064.898885674775,6,27.30530103854835,34043.44698026776,10386,414876888310.0,3873
1,42351572.469019875,42380684.70581055,29112.236790671945,34036.355843149126,6,-12.944532750174403,34043.44698026776,10387,414880256740.0,3873
2,45306627.134728804,45222515.62219238,-84111.51253642142,-78843.81613528728,1,,-78843.81613528728,10411,415884074220.0,3874
1,10463270.70784843,10418351.350708008,-44919.35714042187,-43702.81693565287,3,27.157402655109763,-43713.62350073457,10431,416850081690.0,3875
1,33549038.91954027,33501424.62713623,-47614.292404040694,-43713.62350073457,3,10.94755503255874,-43713.62350073457,10432,416873164870.0,3875
3,79196337.90324336,79143383.6036377,-52954.29960566759,-43746.325175881386,3,-38.1049576876685,-43713.62350073457,10433,416918807040.0,3875
1,39914342.0810149,39886149.58929443,-28192.491720467806,-23551.74378951639,4,9.565981924533844,-23558.236865017563,10458,417880433100.0,3876
1,57425767.007092774,57395528.63543701,-30238.371655762196,-23561.61098460853,4,-6.447026014328003,-23558.236865017563,10459,417897942560.0,3876
3,59526601.253027216,59496118.923461914,-30482.329565301538,-23561.309771440923,4,-6.145812846720219,-23558.236865017563,10460,417900043160.0,3876
0,70378586.67453018,70346848.75561523,-31737.918914943933,-23555.163958594203,4,6.145812846720219,-23558.236865017563,10461,417910893940.0,3876
1,6601868.347510591,6575484.177124023,-26384.170386567712,-25616.586473698728,1,,-25616.586473698728,10484,418847985020.0,3877
3,58196086.65339613,58168406.027648926,-27680.625747203827,-20914.301798328757,2,10.658459022641182,-20919.631027840078,10502,419900481880.0,3878
1,74135846.9026191,74106302.33947754,-29544.563141554594,-20924.9602573514,2,-10.658459022641182,-20919.631027840078,10503,419916419850.0,3878
3,1439420.9345433395,1408549.0139770508,-30871.920566288754,-30704.562434462598,1,,-30704.562434462598,10528,420844588340.0,3879
2,17789123.867330763,17757251.847717285,-31872.019613478333,-29803.719461787492,1,,-29803.719461787492,10549,421861833650.0,3880
3,73755748.37384665,73784877.38873291,29129.014886260033,37704.42459656298,1,,37704.42459656298,10569,422918723250.0,3881
2,25264636.554000504,25202988.356140137,-61648.197860367596,-58710.737195819616,3,9.308183897286654,-58711.9156806469,10610,424872040440.0,3883
3,49643639.52050041,49579155.654052734,-64483.86644767225,-58711.9156806469,3,7.540456656366587,-58711.9156806469,10611,424896416720.0,3883
2,61272284.05723539,61206431.89587402,-65852.16136136651,-58728.17507878691,3,-16.84864055365324,-58711.9156806469,10612,424908044050.0,3883
2,38615947.45295647,38630060.86480713,14113.41185066104,18603.198451183736,2,13.240426033735275,18596.57823816687,10636,425886328010.0,3884
2,57767618.87727778,57779492.328308105,11873.45103032887,18589.95802515,2,-13.240426033735275,18596.57823816687,10637,425905477530.0,3884
2,2614976.766556475,2593663.754333496,-21313.012222978752,-21008.97494248813,3,20.714294456411153,-21026.589200012386,10661,426851219210.0,3885
1,26128699.5648339,26104635.052368164,-24064.51246573776,-21026.589200012386,3,-5.707091829972342,-21026.589200012386,10662,426874730290.0,3885
1,33250940.9259073,33226042.12689209,-24898.79901520908,-21032.789273876697,3,-15.007202626438811,-21026.589200012386,10663,426881851730.0,3885
2,44017108.192657486,43993286.69641113,-23821.49624635279,-18703.729220233858,3,5.034417685121298,-18703.729220233858,10681,427893530660.0,3886
2,66783503.66386861,66757021.44934082,-26482.21452779323,-18717.4515305534,3,-15.54904779419303,-18703.729220233858,10682,427916294500.0,3886
0,71639118.39193554,71612089.00213623,-27029.389799311757,-18700.075745284557,3,10.514630109071732,-18703.729220233858,10683,427921149590.0,3886
3,27731110.646116905,27702290.5211792,-28820.124937705696,-25595.89305401966,2,43.85940707102418,-25617.822757555172,10705,428878118200.0,3887
1,64601680.91176729,64568530.071777344,-33150.83998994529,-25639.752461090684,2,-43.85940707102418,-25617.822757555172,10706,428914984610.0,3887
0,1408327.136184668,1378991.2575073242,-29335.878677343717,-29172.13574929838,2,62.73885111208074,-29203.50517485442,10782,431854534550.0,3890
2,79497918.16911036,79459440.25604248,-38477.91306787729,-29234.87460041046,2,-62.73885111208074,-29203.50517485442,10783,431932615360.0,3890
2,13846318.897106223,13850948.199829102,4629.302722878754,6239.182090114802,4,5.318767126649618,6236.522706551477,10812,432867863160.0,3891
1,22260783.646810673,22264429.300476074,3645.6536654010415,6233.8633229881525,4,-5.318767126649618,6236.522706551477,10813,432876276680.0,3891
1,64138635.03764863,64137405.70263672,-1229.3350119143724,6227.915247678757,4,-11.266842436045408,6236.522706551477,10814,432918149850.0,3891
0,79418876.02027535,79415885.06329346,-2990.956981897354,6242.89143833518,4,9.028115347027779,6236.522706551477,10815,432933428400.0,3891
1,20037966.48870997,19954616.280273438,-83350.20843653381,-81020.44057178497,3,-6.6110618487000465,-81014.85196321458,10849,433874889500.0,3892
2,25400517.555914003,25316551.489624023,-83966.06628997996,-81012.80705665797,3,4.839210841804743,-81014.85196321458,10850,433880251460.0,3892
0,39113920.630438484,39028358.093688965,-85562.53674951941,-81014.85196321458,3,1.7718510068953037,-81014.85196321458,10851,433893963330.0,3892
1,5165560.4802401345,5122035.583496094,-43524.89674404077,-42924.3090138901,1,,-42924.3090138901,10877,434860887590.0,3893
2,19834902.326168425,19807488.35217285,-27413.97399557382,-25107.81592978537,2,-20.41657166928053,-25097.60764395073,10905,435876416650.0,3894
0,28201515.998130683,28173149.673950195,-28366.324180487543,-25087.39935811609,2,20.41657166928053,-25097.60764395073,10906,435884782350.0,3894
0,5841160.044961315,5803737.508483887,-37422.53647742793,-36743.398353642784,2,69.67870915774256,-36778.237708221655,10928,436863311670.0,3895
1,79327554.09492613,79281517.78723145,-46036.30769468844,-36813.07706280053,2,-69.67870915774256,-36778.237708221655,10929,436936789790.0,3895
0,5814327.56354781,5782742.15222168,-31585.41132612992,-30909.392952692695,2,50.652094225399196,-30934.718999805395,10953,437864160070.0,3896
1,58788872.54632914,58751077.255493164,-37795.2908359766,-30960.045046918094,2,-50.652094225399196,-30934.718999805395,10954,437917128650.0,3896
0,26900401.247451715,26868367.000976562,-32034.24647515267,-28906.5992455557,3,25.19840259104967,-28925.98956527561,10982,438886160500.0,3897
1,47841990.272801176,47807490.18988037,-34500.08292080462,-28937.605731017888,3,-21.31132560223341,-28925.98956527561,10983,438907099720.0,3897
3,63746404.30110638,63710066.66503906,-36337.636067315936,-28925.98956527561,3,-3.8870769888162613,-28925.98956527561,10984,438923002370.0,3897
1,26056271.61356899,26053781.303222656,-2490.3103463351727,539.191889565438,2,-2.3090260066092014,540.3464025687426,11010,439886217610.0,3898
1,64140441.20256772,64133525.2432251,-6915.959342621267,541.5009155720472,2,2.3090260066092014,540.3464025687426,11011,439924297530.0,3898
0,67834091.45767815,67829522.34069824,-4569.116979911923,3317.795422181487,1,,3317.795422181487,11033,440928941020.0,3899
2,25384510.54515226,25396818.91442871,12308.369276449084,15259.767411775887,1,,15259.767411775887,11048,441887411820.0,3900
0,33308685.473617997,33220586.862182617,-88098.61143537983,-84225.88786948472,1,,-84225.88786948472,11069,442896197180.0,3901
2,31436605.47563638,31395378.164855957,-41227.310780424625,-37572.24961165711,1,,-37572.24961165711,11088,443895172750.0,3902
3,57447941.2981134,57421502.31585693,-26438.98225646466,-19759.643431954086,1,,-19759.643431954086,11109,444922082470.0,3903
0,1642082.711912898,1622652.8495483398,-19429.86236455827,-19238.941218161955,2,-32.06606539525092,-19222.90818546433,11133,445867151990.0,3904
2,69036074.83191404,69008841.2925415,-27233.53937253356,-19206.875152766705,2,32.06606539525092,-19222.90818546433,11134,445934538490.0,3904
0,70632867.06857622,70578532.40905762,-54334.65951859951,-46122.33997090161,2,-1.0981227159500122,-46121.79090954363,11162,446937014960.0,3905
3,78269538.56481624,78214317.10534668,-55221.45946955681,-46121.24184818566,2,1.0981227159500122,-46121.79090954363,11163,446944650780.0,3905
3,51435844.931454904,51407395.693237305,-28449.23821759969,-22468.91188632697,1,,-22468.91188632697,11182,447918691370.0,3906
2,47106083.48936033,47084962.08483887,-21121.4045214653,-15644.489505685866,1,,-15644.489505685866,11200,448915268520.0,3907
2,17394160.918455098,17414673.763427734,20512.84497263655,22535.22369878739,3,-1.930410973727703,22536.43545717746,11228,449886477730.0,3908
1,37289060.868073806,37307261.79095459,18200.922880783677,22536.43545717746,3,-0.11277338862419128,22536.43545717746,11229,449906370410.0,3908
2,54653938.12832358,54670121.51452637,16183.386202789843,22537.872762344778,3,2.0431843623518944,22536.43545717746,11230,449923733350.0,3908
0,11568059.413997356,11588524.755859375,20465.34186201915,21810.3332859464,3,-71.33656307309866,21878.536195613444,11257,450881627190.0,3909
0,44148878.68862629,44165624.137145996,16745.448519706726,21878.536195613444,3,30.967801427468657,21878.536195613444,11258,450914204440.0,3909
0,50051101.37353225,50067166.851623535,16065.478091284633,21884.80350242555,3,40.36876164563,21878.536195613444,11259,450920106010.0,3909
3,20313799.06743395,20278889.158569336,-34909.90886461362,-32548.07058601454,1,,-32548.07058601454,11280,451891179310.0,3910
1,14040427.899824891,14026815.285949707,-13612.613875184208,-11980.165904639289,4,-19.48604734055698,-11963.300845481455,11333,453886638350.0,3912
1,33858986.29391974,33843083.6663208,-15902.627598941326,-11965.921833664179,4,-5.241976365447044,-11963.300845481455,11334,453906454710.0,3912
2,35130903.05480979,35114857.78637695,-16045.268432833254,-11960.679857298732,4,5.241976365447044,-11963.300845481455,11335,453907726490.0,3912
1,74827518.98651895,74806904.27197266,-20614.71454629302,-11914.692553937435,4,51.2292797267437,-11963.300845481455,11336,453947418720.0,3912
2,42097282.781666875,42206371.429748535,109088.64808166027,113983.20146227628,1,,113983.20146227628,11358,454915712520.0,3913
2,13240713.644080311,13256722.934936523,16009.290856212378,17548.757906010374,1,,17548.757906010374,11382,455887824390.0,3914
1,13075789.18985248,13055590.22454834,-20198.96530414,-18678.67363792099,3,-25.86331078968942,-18660.670075058937,11403,456888533100.0,3915
3,40779154.12180893,40755752.15411377,-23401.9676951617,-18660.670075058937,3,1.1420335033908486,-18660.670075058937,11404,456916233390.0,3915
3,64855606.41202267,64829420.85058594,-26185.561436735094,-18644.950579203665,3,24.721277286298573,-18660.670075058937,11405,456940307170.0,3915
1,22759898.103526473,22739677.852905273,-20220.250621199608,-17574.010083943605,3,9.404088079929352,-17580.340251795948,11426,457899117860.0,3916
2,27244011.209345773,27223257.123291016,-20754.086054757237,-17586.488092251122,3,-9.31292438134551,-17580.340251795948,11427,457903601460.0,3916
3,30368803.928224824,30347692.677612305,-21111.25061251968,-17580.340251795948,3,-0.09116369858384132,-17580.340251795948,11428,457906725910.0,3916
0,4214133.387131367,4208544.114135742,-5589.272995624691,-5099.305485766381,1,,-5099.305485766381,11452,458881448100.0,3917
1,27282461.717818692,27342329.493347168,59867.77552847564,63039.844042375684,1,,63039.844042375684,11472,459905496700.0,3918
3,57782319.70244916,57817742.81878662,35423.11633746326,42141.332563109696,3,3.4618836417794228,42141.332563109696,11493,460936910770.0,3919
3,70959087.33776978,70992981.90362549,33894.5658557117,42144.814277112484,3,8.684454645961523,42141.332563109696,11494,460950086070.0,3919
1,72444137.02307251,72477845.03845215,33708.01537963748,42130.92708182335,3,-12.146338287740946,42141.332563109696,11495,460951570940.0,3919
2,1144690.901841675,1181358.6885986328,36667.78675695788,36800.87731181458,2,-38.88808016106486,36820.32135189511,11512,461881258720.0,3920
2,55527013.51506406,55557397.283447266,30383.768383204937,36839.76539197564,2,38.88808016106486,36820.32135189511,11513,461935635010.0,3920
1,31093255.249764223,31066789.036499023,-26466.213265199214,-22851.07263043523,2,0.6910650804638863,-22851.41816297546,11536,462912019060.0,3921
2,39328835.400234714,39301410.96411133,-27424.436123386025,-22851.763695515692,2,-0.6910650804638863,-22851.41816297546,11537,462920253720.0,3921
0,54701143.40872876,54672596.3682251,-28547.040503665805,-22187.065495699644,1,,-22187.065495699644,11558,463936510500.0,3922
3,15419673.351200394,15405312.62524414,-14360.725956253707,-12567.916317671537,3,-34.237407909706235,-12552.411638628691,11579,464898077870.0,3923
2,24068173.40616928,24052822.643859863,-15350.762309417129,-12552.411638628691,3,-10.980389345437288,-12552.411638628691,11580,464906725420.0,3923
2,71444225.22857186,71423403.6281128,-20821.600459069014,-12514.94618089497,3,45.21779725514352,-12552.411638628691,11581,464954096220.0,3923
0,34397978.96387434,34393575.22784424,-4403.736030101776,-404.36283784359694,3,-35.988273318856955,-376.71341470628977,11601,465917968640.0,3924
0,55275382.167026356,55268578.7131958,-6803.453830555081,-376.71341470628977,3,5.485861387103796,-376.71341470628977,11602,465938843740.0,3924
0,72120226.12786871,72111480.84082031,-8745.287048399448,-360.0357143431902,3,30.50241193175316,-376.71341470628977,11603,465955686720.0,3924
2,15445509.810238041,15430405.41204834,-15104.39818970114,-13308.584605980664,2,-11.880971994251013,-13302.644119983539,11638,466899882970.0,3925
1,37216408.53599906,37198784.76690674,-17623.769092321396,-13296.703633986413,2,11.880971994251013,-13302.644119983539,11639,466921651450.0,3925
2,13305681.509000663,13289953.747314453,-15727.76168620959,-14180.740973517299,4,-72.69191744178534,-14122.590381875634,11662,467898635200.0,3926
2,45065743.7441296,45046366.92297363,-19376.82115596533,-14137.131707675755,4,-29.08265160024166,-14122.590381875634,11663,467930391760.0,3926
1,66364872.59753092,66343048.458740234,-21824.13879068196,-14108.049056075513,4,29.08265160024166,-14122.590381875634,11664,467951688540.0,3926
1,74701490.01612599,74678709.91912842,-22780.09699757397,-14094.728101164103,4,42.40360651165247,-14122.590381875634,11665,467960024240.0,3926
0,38795007.31346731,38814444.32293701,19437.00946970284,23947.614944688976,2,-54.61341289430857,23974.92165113613,11687,468925020500.0,3927
2,79692928.73848009,79707665.25494385,14736.516463756561,24002.228357583284,2,54.61341289430857,23974.92165113613,11688,468965913910.0,3927
0,48672082.63753584,48704468.86065674,32386.22312089801,38045.2132236734,1,,38045.2132236734,11713,469935841150.0,3928
1,6100472.254680122,6058572.373962402,-41899.880717719905,-41190.59296505526,2,1.1448904275894165,-41191.16541026905,11734,470894108740.0,3929
1,12698670.053787585,12656001.871032715,-42668.182754870504,-41191.73785548285,2,-1.1448904275894165,-41191.16541026905,11735,470900706200.0,3929
1,6975363.241030317,6964102.769470215,-11260.471560101956,-10449.462262673303,4,3.737597206607461,-10451.331061276607,11754,471895875990.0,3930
1,25694606.884171583,25681166.23199463,-13440.652176953852,-10453.199859879911,4,-3.737597206607461,-10451.331061276607,11755,471914593140.0,3930
0,30553741.418271806,30539753.768493652,-13987.649778153747,-10435.237164616585,4,17.962695263326168,-10451.331061276607,11756,471919451750.0,3930
1,50395973.92150672,50379652.03961182,-16321.881894901395,-10462.458952896297,4,-12.996690222993493,-10451.331061276607,11757,471939291740.0,3930
1,16975921.241335504,16972013.183532715,-3908.0578027889132,-1934.3068333566189,2,-3.211035307496786,-1932.7013157028705,11779,472906723390.0,3931
1,17719091.001315728,17715099.747924805,-3991.2533909231424,-1931.095798049122,2,3.211035307496786,-1932.7013157028705,11780,472907466480.0,3931
3,20112879.523843385,20101693.124145508,-11186.399697877467,-8847.921868372709,4,30.317115914076567,-8873.48832423985,11797,473910751920.0,3932
2,46095740.691477925,46081503.00769043,-14237.683787494898,-8878.238984286785,4,-9.501320093870163,-8873.48832423985,11798,473936731850.0,3932
3,62024539.557065286,62008459.37011719,-16080.186948098242,-8868.737664192915,4,9.501320093870163,-8873.48832423985,11799,473952658880.0,3932
1,75389800.49608292,75372147.5836792,-17652.912403717637,-8887.515245050192,4,-18.777580857276917,-8873.48832423985,11800,473966022630.0,3932
1,25834647.623499785,25831299.248962402,-3348.374537382275,-344.64000851660967,1,,-344.64000851660967,11829,474917336100.0,3933
1,16343535.474170227,16325423.527832031,-18111.946338195354,-16211.721394432709,1,,-16211.721394432709,11856,475908746680.0,3934
3,37929119.62842369,37972004.19494629,42884.56652259827,47294.49724577367,1,,47294.49724577367,11875,476931218980.0,3935
2,23634272.447194375,23675500.46923828,41228.02204390615,43975.92405707762,2,-4.183443062007427,43978.01577860862,11900,477917872190.0,3936
2,26241029.29447858,26281958.418395996,40929.12391741574,43980.107500139624,2,4.183443062007427,43978.01577860862,11901,477920478660.0,3936
1,40928416.17273225,40885049.21636963,-43366.956362619996,-38608.304390221834,2,-45.705617152154446,-38585.45158164576,11918,478936001390.0,3937
0,55134786.53372066,55089813.541259766,-44972.992460891604,-38562.59877306968,2,45.705617152154446,-38585.45158164576,11919,478950206220.0,3937
0,15071732.260408897,15063379.202819824,-8353.057589072734,-6600.702253704891,6,0.5702377650886774,-6600.987372587435,11940,479911037220.0,3938
1,15492282.933167765,15483867.258728027,-8415.674439737573,-6614.422653552145,6,-13.720399847254157,-6600.987372587435,11941,479911457710.0,3938
3,15965534.138749719,15957065.070922852,-8469.067826867104,-6612.792221207172,6,-12.08996750228107,-6600.987372587435,11942,479911930910.0,3938
3,26997574.288422722,26987834.070617676,-9740.217805046588,-6601.272491469979,6,-0.5702377650886774,-6600.987372587435,11943,479922961730.0,3938
1,70096912.42923197,70082184.8258667,-14727.603365272284,-6577.5980197787285,6,23.6744716912508,-6600.987372587435,11944,479966056280.0,3938
3,72825943.22594848,72810902.2097168,-15041.016231685877,-6573.712808281183,6,27.559683188796043,-6600.987372587435,11945,479968785010.0,3938
0,32453419.816597257,32445071.49609375,-8348.32050350681,-4575.036690872163,1,,-4575.036690872163,11970,480929264580.0,3939
1,5301635.914175866,5305529.441955566,3893.5277797002345,4509.936684785411,4,-5.991503132507205,4512.932436351664,11996,481903011460.0,3940
3,23223460.800528713,23225276.590820312,1815.7902915999293,4515.928187917918,4,5.991503132507205,4512.932436351664,11997,481920931290.0,3940
1,27628179.222038988,27629476.22821045,1297.0061714611948,4509.270457327366,4,-6.657730590552092,4512.932436351664,11998,481925335510.0,3940
0,33615912.32581249,33616528.547302246,616.2214897572994,4524.665608823299,4,14.728924037888646,4512.932436351664,11999,481931322590.0,3940
0,4322000.9953266755,4418688.1658325195,96687.17050584406,97189.67953219637,2,3.8404532484710217,97187.75930557214,12021,482902977370.0,3941
0,76767893.04015747,76856153.25445557,88260.21429809928,97185.8390789479,2,-3.8404532484710217,97187.75930557214,12022,482975415170.0,3941
2,64294281.47825311,64354085.12207031,59803.64381720126,67278.99072726071,2,7.313017040491104,67275.33421874046,12067,484964874300.0,3943
2,74850727.36316183,74909296.3204956,58568.957333773375,67271.67771022022,2,-7.313017040491104,67275.33421874046,12068,484975429560.0,3943
0,3332285.9653625963,3354245.06439209,21959.099029493518,22346.536185984965,1,,22346.536185984965,12092,485904880790.0,3944
2,17803632.597442053,17803758.64581299,126.04837093502283,2196.0354190059006,3,24.30893040075898,2173.6432352513075,12116,486920234070.0,3945
2,75275775.28687942,75269192.95690918,-6582.329970240593,2169.809741958976,3,-15.029585169628263,2173.6432352513075,12117,486977699770.0,3945
3,75492835.68701614,75486231.95343018,-6603.733585968614,2173.6432352513075,3,-9.27934523113072,2173.6432352513075,12118,486977916810.0,3945
1,58039641.16792022,58064766.85223389,25125.6843136698,31873.818708986044,2,-18.7916719019413,31883.214544937015,12144,487961406900.0,3946
1,75952292.22978237,75975354.043396,23061.81361362338,31892.610380887985,2,18.7916719019413,31883.214544937015,12145,487979317570.0,3946
3,42873162.01020843,42912209.33532715,39047.32511872053,44032.08817677945,2,63834.93075220287,12114.622800678015,12171,488947149780.0,3947
0,47654861.08777456,47629517.52508545,-25343.562689110637,-19802.84257542342,2,-63834.93075220287,12114.622800678015,12172,488951867110.0,3947
0,27384925.80476533,27382761.458068848,-2164.3466964811087,1019.6350790373981,6,-15.387506294995546,1031.666073411703,12194,489932538040.0,3948
3,34614424.70405665,34611438.03656006,-2986.6674965918064,1037.8713396117091,6,9.561778120696545,1031.666073411703,12195,489939766750.0,3948
3,45377213.76499227,45372978.281066895,-4235.483925372362,1040.4194194674492,6,12.109857976436615,1031.666073411703,12196,489950528340.0,3948
2,50099006.3252601,50094216.45263672,-4789.872623383999,1035.0225853323936,6,6.713023841381073,1031.666073411703,12197,489955249600.0,3948
1,53952403.249898605,53947158.63873291,-5244.611165694892,1028.3095614910126,6,-6.713023841381073,1031.666073411703,12198,489959102560.0,3948
1,64962817.199232645,64956287.73852539,-6529.460707254708,1023.6152997165918,6,-11.407285615801811,1031.666073411703,12199,489970111740.0,3948
3,32997807.197263137,33017415.948425293,19608.751162156463,23445.329632267356,4,19.11291280388832,23435.77317586541,12233,490939043140.0,3949
0,58647250.78824664,58663877.373168945,16626.58492230624,23445.36467819661,4,19.147958733141422,23435.77317586541,12234,490964689720.0,3949
2,67436541.21452726,67452126.74108887,15585.52656160295,23426.216719463468,4,-19.11291280388832,23435.77317586541,12235,490973478010.0,3949
3,74369343.1347555,74384114.69134521,14771.556589707732,23418.307538986206,4,-27.022093281149864,23435.77317586541,12236,490980410030.0,3949
2,5167212.7994739,5170695.191101074,3482.391627173871,4083.171468647197,3,-29.135989164933562,4099.405131369829,12260,491912076950.0,3950
0,22802959.699717343,22804433.66229248,1473.9625751376152,4125.209784254432,3,33.92148424591869,4099.405131369829,12261,491929710770.0,3950
1,39136689.07984381,39136238.1529541,-450.9268897101283,4099.405131369829,3,-4.785495080985129,4099.405131369829,12262,491946042650.0,3950
2,37541462.310145736,37530217.99835205,-11244.31179368496,-6879.4530873298645,2,-6.506772838532925,-6876.199700910598,12281,492945333410.0,3951
0,65084990.894043565,65070550.66687012,-14440.227173447609,-6872.946314491332,2,6.506772838532925,-6876.199700910598,12282,492972873870.0,3951
2,6143871.880428462,6141547.7283325195,-2324.152095942758,-1609.818369503133,2,9.451085482724011,-1614.543912244495,12306,493914801190.0,3952
1,20198680.47731264,20194712.75415039,-3967.7231622487307,-1619.269454985857,2,-9.451085482724011,-1614.543912244495,12307,493928854420.0,3952
2,63573868.775910944,63519248.78704834,-54619.9888626039,-47228.40266570449,3,0.22243502736091614,-47228.40266570449,12323,494973092840.0,3953
3,68376093.18221322,68320916.58673096,-55176.59548225999,-47226.66579738259,3,2.827737510204315,-47228.40266570449,12324,494977894530.0,3953
2,70802668.0152103,70747205.36889648,-55462.64631381631,-47230.584404081106,3,-3.0501725375652313,-47228.40266570449,12325,494980320830.0,3953
1,68650809.62106225,68665637.77990723,14828.158844977617,22810.029172703624,2,-8.193017363548279,22814.125681385398,12349,495979056680.0,3954
3,79360247.0805755,79373838.2709961,13591.190420597792,22818.222190067172,2,8.193017363548279,22814.125681385398,12350,495989764930.0,3954
3,20705473.93986201,20741933.639282227,36459.699420217425,38867.0768273361,1,,38867.0768273361,12375,496932058470.0,3955
0,47274086.90261155,47295315.929992676,21229.027381122112,26725.475763902068,1,,26725.475763902068,12414,498960358190.0,3957
3,14530260.93511903,14533235.908081055,2974.972962025553,4664.372682906687,2,26.513504594564438,4651.115930609405,12435,499928474570.0,3958
3,61316700.9096958,61314209.61834717,-2491.2913486287,4637.859178312123,2,-26.513504594564438,4651.115930609405,12436,499975255760.0,3958
0,3613551.749815174,3609174.8303222656,-4376.919492908288,-3956.7802163469605,3,18.889419856946915,-3973.682518646121,12460,500918448270.0,3959
2,14716992.267415402,14711303.50012207,-5688.767293332145,-3977.656753761694,3,-12.425386265153065,-3973.682518646121,12461,500929550450.0,3959
0,25867643.20490528,25860661.951538086,-6981.253367193043,-3973.682518646121,3,-6.46403359179385,-3973.682518646121,12462,500940699860.0,3959
1,8355386.554831311,8335441.959533691,-19944.5952976197,-18973.133891894482,2,-7.975464318878949,-18969.146159735043,12509,502924937670.0,3961
2,14186089.54677847,14165475.004638672,-20614.542139798403,-18965.158427575603,2,7.975464318878949,-18969.146159735043,12510,502930767730.0,3961
2,17435895.688465863,17444224.49279785,8328.804331988096,10356.035463001579,3,11.911614798009396,10352.62432385236,12531,503934894130.0,3962
3,22404423.809784837,22412171.523742676,7747.713957838714,10352.62432385236,3,6.794906074181199,10352.62432385236,12532,503939862100.0,3962
2,50547732.86384621,50552191.4196167,4458.555770486593,10335.623372554779,3,-18.706520872190595,10352.62432385236,12533,503968002250.0,3962
1,285719.5287319656,239052.7666015625,-46666.762130403076,-46633.54218382086,3,5.745596328750253,-46633.54218382086,12577,505919507030.0,3964
0,3079545.9610712677,3032569.8508911133,-46976.11018015444,-46618.05851746863,3,28.971095857094042,-46633.54218382086,12578,505922300560.0,3964
3,70739442.292847,70684557.06500244,-54885.227844551206,-46660.51704283059,3,-34.716692185844295,-46633.54218382086,12579,505989952860.0,3964
0,61109546.72771029,61084532.175720215,-25014.5519900769,-17909.486799165606,1,,-17909.486799165606,12604,506981183530.0,3965
1,16319768.019907378,16324221.844848633,4453.824941255152,6351.286498263478,3,0.18899999745190144,6351.286498263478,12621,507937254520.0,3966
3,16904031.825797085,16908429.143798828,4397.318001743406,6362.710555654019,3,17.32508608326316,6351.286498263478,12622,507937838730.0,3966
1,39779218.94683565,39780933.39379883,1714.4469631761312,6339.484440878034,3,-17.51408608071506,6351.286498263478,12623,507960711340.0,3966
2,19632362.69789583,19633948.897399902,1586.1995040737092,3868.808757286519,1,,3868.808757286519,12649,508941475130.0,3967
0,11634048.337126676,11630776.483093262,-3271.8540334142745,-1919.19023052603,2,43.86832448095083,-1941.1243927665055,12666,509934333380.0,3968
2,49137129.2282259,49129453.109680176,-7676.118545725942,-1963.058555006981,2,-43.86832448095083,-1941.1243927665055,12667,509971832230.0,3968
1,40736963.618226156,40728650.306518555,-8313.311707600951,-3576.919479444623,2,0.5262999534606934,-3577.1826294213533,12690,510964342000.0,3969
2,41750937.34939887,41742505.619018555,-8431.730380311608,-3577.4457793980837,2,-0.5262999534606934,-3577.1826294213533,12691,510965355860.0,3969
3,10249260.206536938,10253551.766479492,4291.5599425546825,5483.217642955482,4,32.4214109107852,5451.3232769444585,12712,511934733340.0,3970
1,50215014.59522876,50214627.008239746,-387.5869890153408,5450.796232044697,4,-1.0540897995233536,5451.3232769444585,12713,511974694600.0,3970
1,51809351.54051247,51808779.63775635,-571.9027561247349,5451.85032184422,4,1.0540897995233536,5451.3232769444585,12714,511976288760.0,3970
2,71726381.93305224,71723487.56298828,-2894.370063960552,5445.089919492602,4,-6.760402351617813,5451.3232769444585,12715,511996203560.0,3970
2,8130822.270869917,8148541.845581055,17719.57471113745,18664.926548677497,3,10.226348402909935,18660.407963961363,12745,512933540980.0,3971
1,32705301.816979893,32720148.239868164,14846.42288827151,18648.99243658781,3,-13.674819731619209,18660.407963961363,12746,512958112700.0,3971
0,68235917.2084659,68246643.98468018,10726.776214271784,18660.407963961363,3,3.4484713287092745,18660.407963961363,12747,512993639360.0,3971
2,51946604.68021831,51896461.98132324,-50142.69889506698,-44102.98771304637,1,,-44102.98771304637,12767,513978189730.0,3972
3,31004082.187740922,31050473.02685547,46390.839114546776,49995.61180431768,2,-12.674271423369646,50001.94894002937,12793,514958187440.0,3973
0,64312778.25486864,64355309.04345703,42530.788588389754,50008.28607574105,2,12.674271423369646,50001.94894002937,12794,514991492430.0,3973
2,68941782.26539454,68916108.44299316,-25673.82240137458,-17658.12135951221,1,,-17658.12135951221,12839,516997923370.0,3975
0,13426158.588251252,13428835.628479004,2677.040227752179,4238.0685308761895,1,,4238.0685308761895,12861,517943284500.0,3976
3,69805754.0670728,69812754.04516602,6999.978093221784,15116.131131589413,2,-0.35612641274929047,15116.309194795787,12912,520001404910.0,3978
2,77394550.96041465,77400668.96282959,6118.002414941788,15116.487258002162,2,0.35612641274929047,15116.309194795787,12913,520008992860.0,3978
2,66407021.375401385,66395944.04608154,-11077.32931984216,-3356.339044637978,1,,-3356.339044637978,12941,520998931720.0,3979
2,5167330.995645345,5213855.487915039,46524.492269693874,47125.285853561945,1,,47125.285853561945,12965,521938613880.0,3980
2,45362196.052670404,45327688.43371582,-34507.618954584,-29233.461684308946,2,4.506546758115292,-29235.714957688004,13488,542997649270.0,4001
3,77819244.2186249,77780958.38745117,-38285.83117373288,-29237.96823106706,2,-4.506546758115292,-29235.714957688004,13489,543030102690.0,4001
0,10596410.184190877,10576987.564697266,-19422.619493611157,-18190.599470883608,3,11.744323663413525,-18193.396680653095,13512,543963785980.0,4002
1,17245993.26674431,17225776.82421875,-20216.442525558174,-18211.290908440948,3,-19.292832672595978,-18193.396680653095,13513,543970434800.0,4002
0,22819007.5704074,22798161.060668945,-20846.509738456458,-18193.396680653095,3,7.548509009182453,-18193.396680653095,13514,543976007210.0,4002
2,30121200.511940047,30166845.620239258,45645.10829921067,49147.23038529977,3,-12.54720664769411,49159.66330974549,13534,544984227660.0,4003
0,57526147.69771266,57568618.92932129,42471.23160862923,49159.66330974549,3,6.102180020883679,49159.66330974549,13535,545011629560.0,4003
0,66114506.31442793,66155979.22607422,41472.91164629161,49159.89187414944,3,6.4450266268104315,49159.66330974549,13536,545020216960.0,4003
1,47179305.54860556,47175427.01477051,-3878.533835053444,1606.8945396393538,2,-0.3416922464966774,1607.065385762602,13563,546002216820.0,4004
1,58803022.9340868,58797793.279296875,-5229.654789924622,1607.2362318858504,2,0.3416922464966774,1607.065385762602,13564,546013839240.0,4004
1,33271210.06073229,33245725.876098633,-25484.184633657336,-21615.818247053772,1,,-21615.818247053772,13595,546989175650.0,4005
1,42671407.13405725,42645436.78601074,-25970.34804651141,-21009.042559720576,5,-13.649651139974594,-20997.60317990929,13618,547999483200.0,4006
2,46061594.1912521,46035241.11340332,-26353.077848777175,-20997.60317990929,5,3.5094185769557953,-20997.60317990929,13619,548002873020.0,4006
0,49679326.28562945,49652564.388916016,-26761.89671343565,-20985.796729043126,5,17.52614077180624,-20997.60317990929,13620,548006490360.0,4006
2,56491162.91904004,56463582.8984375,-27580.02060253918,-21011.924179919064,5,-16.53127133846283,-20997.60317990929,13621,548013301410.0,4006
0,62649371.70927098,62621094.42956543,-28277.279705546796,-20993.182637251914,5,10.140232563018799,-20997.60317990929,13622,548019458950.0,4006
3,2884298.742315218,2870337.197998047,-13961.544317170978,-13626.193595531397,2,3.454853086732328,-13627.921022074763,13643,548960584480.0,4007
3,16762701.648177382,16747123.03930664,-15578.60887074098,-13629.648448618129,2,-3.454853086732328,-13627.921022074763,13644,548974461330.0,4007
3,37892678.52529165,37927625.69555664,34947.17026498914,39352.86406566948,1,,39352.86406566948,13661,549996503390.0,4008
3,3017096.8455433566,3061961.010131836,44864.164588479325,45214.95543741807,4,15.265537824481726,45207.32266850583,13691,550962600400.0,4009
1,35152239.83147982,35193352.45202637,41112.62054654956,45199.68989959359,4,-15.265537824481726,45207.32266850583,13692,550994731940.0,4009
0,41268489.378265254,41308914.17700195,40424.798736698925,45222.99023155123,4,23.300331957638264,45207.32266850583,13693,551000847530.0,4009
3,77323934.29529284,77360137.49584961,36203.20055676997,45193.47496403754,4,-21.48047338053584,45207.32266850583,13694,551036898920.0,4009
0,25922902.03976228,25867835.873413086,-55066.166349194944,-52052.17068415135,3,27.694885421544313,-52075.26099520177,13717,551986328000.0,4010
1,56868989.30794197,56810292.81237793,-58696.49556404352,-52084.470143944025,3,-20.75430426746607,-52075.26099520177,13718,552017270600.0,4010
2,64296729.367002904,64237178.474487305,-59550.89251559973,-52075.26099520177,3,-6.940581154078245,-52075.26099520177,13719,552024697520.0,4010
1,28983432.508562457,28965946.178955078,-17486.32960737869,-14116.493166808039,2,3.259171437472105,-14118.122752526775,13739,552990277600.0,4011
2,61816101.36323728,61794794.396240234,-21306.9669970423,-14119.752338245511,2,-3.259171437472105,-14118.122752526775,13740,553023106600.0,4011
3,16253413.973404659,16238053.654174805,-15360.31922985427,-13470.572503855452,2,-4.6766570042818785,-13468.234175353311,13764,553978401380.0,4012
0,55227560.55601336,55207673.4798584,-19887.076154962182,-13465.89584685117,2,4.6766570042818785,-13468.234175353311,13765,554017371180.0,4012
3,10610201.872842774,10589618.190673828,-20583.68216894567,-19350.058618582785,4,9.566138178110123,-19357.41154297255,13789,554973649450.0,4013
1,12695879.867648229,12675048.548828125,-20831.318820104003,-19355.198329184204,4,4.426427576690912,-19357.41154297255,13790,554975734890.0,4013
1,28428750.78665729,28406085.8170166,-22664.969640687108,-19359.624756760895,4,-4.426427576690912,-19357.41154297255,13791,554991466000.0,4013
2,47955723.04924737,47930785.54553223,-24937.503715142608,-19361.803079359233,4,-6.604750175029039,-19357.41154297255,13792,555010990790.0,4013
1,41446982.14369956,41402020.724853516,-44961.418846040964,-40142.474411554635,1,,-40142.474411554635,13837,557006222290.0,4015
2,40610959.91761972,40620251.2409668,9291.323347076774,14013.06541736424,1,,14013.06541736424,13889,559007220780.0,4017
1,24696134.707570337,24640337.549438477,-55797.1581318602,-52925.795857768506,3,7.530555922538042,-52925.795857768506,13915,559992136300.0,4018
3,35433300.971432,35376257.912353516,-57043.05907848477,-52923.311398908496,3,11.257244212552905,-52925.795857768506,13916,560002872270.0,4018
2,72084152.877125,72022828.47851562,-61324.39860936999,-52943.34142847359,3,-18.787800135090947,-52925.795857768506,13917,560039519010.0,4018
2,33856031.57617195,33821429.724609375,-34601.851562574506,-30665.4893354699,2,12.640653483569622,-30671.809662211686,13941,561002170190.0,4019
3,58346208.4169139,58308746.50866699,-37461.90824690461,-30678.12998895347,2,-12.640653483569622,-30671.809662211686,13942,561026657620.0,4019
