arm,tof,off,u,v,n_b,res,delta_b,eventId,t_dream_ns,bunch
2,22694390.65111117,22765572.355175972,71181.70406480134,73830.71795845032,2,-26.28026682138443,73843.85809186101,18,593289170.0,1188
0,71506107.79479839,71571618.20747566,65510.412677273154,73856.9982252717,2,26.28026682138443,73843.85809186101,19,642095440.0,1188
2,67560539.5680865,67589107.5353241,28567.967237591743,36454.00439670682,1,,36454.00439670682,54,1639062660.0,1189
2,48023700.99287458,48037419.76866531,13718.77579073608,19324.365872897208,3,-7.310031376779079,19325.557657837868,97,3621331020.0,1191
2,54044194.89956814,54057212.12203598,13017.222467839718,19325.557657837868,3,-5.52235396578908,19325.557657837868,98,3627350840.0,1191
0,66960431.00456044,66971952.809518814,11521.804958373308,19337.794150710106,3,12.832385342568159,19325.557657837868,99,3640265640.0,1191
0,78166910.35674715,78179396.50968552,12486.152938365936,21610.22393643856,1,,21610.22393643856,134,4652393700.0,1192
2,4261469.4485170245,4273277.352313995,11807.903796970844,12305.325911097229,2,-10.534331031143665,12310.5930766128,156,5579353790.0,1193
1,73187947.87489842,73191720.83598328,3772.961084857583,12315.860242128372,2,10.534331031143665,12310.5930766128,157,5648272550.0,1193
2,170549.3695540235,225041.8681488037,54492.49859478022,54512.40605369583,2,85.49228391423821,54469.65991173871,243,9579153940.0,1197
1,49721371.16462788,49769994.326931,48623.1623031199,54426.91376978159,2,-85.49228391423821,54469.65991173871,244,9628699120.0,1197
0,18493385.29308186,18525026.976146698,31641.68306483701,33800.33254501596,6,38.68439706042409,33762.404266260564,277,10598378670.0,1198
3,27180848.446646605,27211457.082658768,30608.636012163013,33781.33389523253,6,19.685747276991606,33762.404266260564,278,10607065140.0,1198
1,51821849.69962786,51849563.92915726,27714.2295293957,33763.16038456559,6,1.5122366100549698,33762.404266260564,279,10631703360.0,1198
1,54252994.85845994,54280422.76514244,27427.906682498753,33760.61415024102,6,-2.5462343245744705,33762.404266260564,280,10634134230.0,1198
2,70649202.38704658,70674717.47235107,25515.085304498672,33761.64814795554,6,-1.5122366100549698,33762.404266260564,281,10650528600.0,1198
1,76432989.01976791,76457820.91274643,24831.8929785192,33753.57115702331,6,-9.58922754228115,33762.404266260564,282,10656311730.0,1198
0,2948915.2389038447,2962581.6473236084,13666.40841976367,14010.621999195777,1,,14010.621999195777,298,11583730830.0,1199
3,9907160.176855505,10027128.508277893,119968.33142238855,121124.74955930002,5,12.070770183578134,121113.39978363365,327,12591686790.0,1200
1,16762551.372462645,16881697.02783966,119145.65537701547,121102.27241782099,5,-16.120113268494606,121113.39978363365,328,12598541390.0,1200
1,33664897.00461867,33782079.410778046,117182.40615937859,121111.95779459924,5,-6.434736490249634,121113.39978363365,329,12615441850.0,1200
1,56382452.959539935,56496985.08981323,114532.13027329743,121113.39978363365,5,-4.271752938628197,121113.39978363365,330,12638156860.0,1200
2,56806280.49922603,56920773.14351654,114492.64429050684,121123.38527854532,5,10.70648942887783,121113.39978363365,331,12638580650.0,1200
0,31427841.455652706,31453212.946544647,25371.49089194089,29039.921119622886,1,,29039.921119622886,353,13614105730.0,1201
3,45742094.65786429,45896673.66968918,154579.01182489097,159918.28028713167,3,-9.823182791471481,159922.3082586676,371,14629494910.0,1202
0,56102890.83075948,56256276.09195709,153385.2611976117,159933.8986811787,3,13.604408279061317,159922.3082586676,372,14639854560.0,1202
3,78590264.00697371,78741012.8280716,150748.8210978806,159922.3082586676,3,-3.781225487589836,159922.3082586676,373,14662339400.0,1202
3,77221648.58728847,77247248.17111206,25599.58382359147,34613.31867741048,1,,34613.31867741048,393,15661916210.0,1203
2,65207513.04702008,65278200.26158142,70687.2145613432,78298.59354425222,1,,78298.59354425222,417,16650878680.0,1204
0,70533616.12136532,70537802.37158203,4186.250216707587,12419.32119654119,1,,12419.32119654119,492,19659172130.0,1207
3,65006542.64929131,65002744.97782898,-3797.671462327242,3790.249152213335,1,,3790.249152213335,519,20654554540.0,1208
0,64188766.35332334,64231971.92808151,43205.574758172035,50698.040032967925,1,,50698.040032967925,542,21654652360.0,1209
0,10723254.518208621,10830467.377449036,107212.85924041457,108464.53639009222,2,-0.7568657994270325,108464.91482299194,598,23603123740.0,1211
0,24813233.71869181,24918802.675056458,105568.95636464655,108465.29325589165,2,0.7568657994270325,108464.91482299194,599,23617212140.0,1211
1,6202273.488869566,6180095.579711914,-22177.909157651477,-21453.94573881384,3,-2.3423578115180135,-21453.94573881384,626,24599465080.0,1212
0,14120485.171721753,14097399.218532562,-23085.953189190477,-21437.73262314871,3,21.977315686177462,-21453.94573881384,627,24607382420.0,1212
1,32740750.867172867,32715463.712810516,-25287.154362350702,-21465.474138855934,3,-19.63495787465945,-21453.94573881384,628,24626000570.0,1212
3,64699000.37788357,64757811.87310791,58811.49522434175,66363.5178162232,2,-6.3211571499705315,66366.67839479819,658,25658931630.0,1213
0,67069709.89242689,67128250.98657608,58541.09414918721,66369.83897337317,2,6.3211571499705315,66366.67839479819,659,25661302080.0,1213
3,4470000.28667363,4563489.319385529,93489.03271189891,94010.79569051508,3,56.37263765092939,93960.54689997062,686,26599695740.0,1214
1,29332848.491538245,29423385.14729309,90536.65575484559,93960.54689997062,3,-19.00054816575721,93960.54689997062,687,26624555750.0,1214
0,46071477.69878489,46160048.282131195,88570.58334630728,93948.29920575768,3,-37.37208948517218,93960.54689997062,688,26641292490.0,1214
3,5851268.575691078,5901288.117832184,50019.54214110598,50702.53433907963,2,94.89096374250948,50655.08885720838,707,27602004030.0,1215
3,69775071.4608059,69817534.5746994,42463.11389350891,50607.643375337124,2,-94.89096374250948,50655.08885720838,708,27665920570.0,1215
0,23953553.834579304,24000799.977226257,47246.14264695346,50042.13298154995,2,-11.12979805842042,50047.69788057916,740,28621065150.0,1216
0,67762465.14715174,67804608.80290985,42143.65575811267,50053.26277960837,2,11.12979805842042,50047.69788057916,741,28664869160.0,1216
0,7138267.230090257,7167720.254684448,29453.02459419146,30286.242342126556,4,-9.454203738830984,30290.96944399597,764,29605196590.0,1217
2,12806353.387226857,12835134.226394653,28780.839167796075,30275.667055940256,4,-20.0294899251312,30290.96944399597,765,29610864030.0,1217
0,18004346.226283275,18032540.356674194,28194.130390919745,30295.696545865387,4,9.454203738830984,30290.96944399597,766,29616061460.0,1217
2,69759704.80402109,69781862.69161987,22157.887598782778,30300.62340004742,4,14.381057920865715,30290.96944399597,767,29667811020.0,1217
2,48143362.361914665,48244002.70920563,100640.34729096293,106259.9049051851,2,36.05462634563446,106241.87759201229,790,30647208730.0,1218
0,77048369.63361694,77145599.97511292,97230.34149597585,106223.85027883947,2,-36.05462634563446,106241.87759201229,791,30676110460.0,1218
1,44705369.396606065,44810598.23310852,105228.83650245517,110447.09269945323,1,,110447.09269945323,834,32645744440.0,1220
1,43297681.39344756,43356967.50234985,59286.10890229046,64340.052025824785,1,,64340.052025824785,862,33645337320.0,1221
3,42293471.40511682,42334244.900878906,40773.495762087405,45710.221981577575,1,,45710.221981577575,934,36647253440.0,1224
0,37270618.261892274,37342818.77999878,72200.51810650527,76550.94932620227,3,42.9799688719213,76529.08779989928,955,37643229660.0,1225
3,40457537.48362356,40529344.14549255,71806.66186899692,76529.08779989928,3,10.187679417431355,76529.08779989928,956,37646416200.0,1225
1,68107200.17154293,68175737.17607117,68537.00452823937,76486.85091476142,3,-53.167648289352655,76529.08779989928,957,37674062720.0,1225
2,27094266.764642738,27150182.670921326,55915.90627858788,59078.49787230417,2,23.46195701882243,59066.76689379476,985,38633977510.0,1226
2,43590389.99318926,43644356.919425964,53966.92623670399,59055.03591528535,2,-23.46195701882243,59066.76689379476,986,38650471760.0,1226
0,23908259.254036922,23914566.38986206,6307.135825138539,9097.839127577841,2,6.683282397687435,9094.497486378998,1011,39631730540.0,1227
3,34809388.31807905,34814416.33097839,5028.01289934665,9091.155845180154,2,-6.683282397687435,9094.497486378998,1012,39642630440.0,1227
3,52987426.76727389,52972778.19050598,-14648.576767906547,-8463.593357115984,2,17.448038525879383,-8472.317376378924,1032,40661691530.0,1228
2,56250430.10707006,56235383.206596375,-15046.900473684072,-8481.041395641863,2,-17.448038525879383,-8472.317376378924,1033,40664954150.0,1228
1,63890524.883126915,63927063.07685089,36538.19372397661,43995.84661670029,1,,43995.84661670029,1055,41673561310.0,1229
3,36000343.36889568,36037416.12352753,37072.75463184714,41274.912390843034,1,,41274.912390843034,1074,42646638180.0,1230
3,15380129.317406315,15444248.930122375,64119.61271606013,65914.86586360075,1,,65914.86586360075,1108,43627170540.0,1231
3,59427658.69311433,59448567.77268982,20909.07957548648,27845.802220530808,1,,27845.802220530808,1133,44672146570.0,1232
0,303176.53189933056,293795.9427947998,-9380.58910453075,-9345.200674959051,2,38.602344788087066,-9364.501847353094,1198,47615975430.0,1235
0,67161762.21532685,67144538.92263031,-17223.292696535587,-9383.803019747138,2,-38.602344788087066,-9364.501847353094,1199,47682826480.0,1235
0,29173429.073117804,29214566.342910767,41137.26979296282,44542.5526281856,3,29.354437544941902,44514.23637513816,1218,48645805890.0,1236
1,43653183.130016476,43692599.8507843,39416.72076782584,44512.16000614315,3,-16.23449551872909,44514.23637513816,1219,48660283990.0,1236
3,44692927.64373165,44732225.076179504,39297.432447850704,44514.23637513816,3,-13.119942026212811,44514.23637513816,1220,48661323620.0,1236
0,53905137.07077709,53935317.43486786,30180.364090770483,36472.4676874131,1,,36472.4676874131,1244,49671566360.0,1237
2,26108732.52147659,26101782.19680786,-6950.324668727815,-3902.770043525845,2,1.6827109418809414,-3903.6113989967853,1266,50644705230.0,1238
2,53371411.26120108,53361277.0042572,-10134.256943881512,-3904.4527544677258,2,-1.6827109418809414,-3903.6113989967853,1267,50671964850.0,1238
3,23975496.705167487,23967969.01194763,-7527.693219855428,-4729.141592912376,2,39.3739704862237,-4748.828578155488,1290,51643526020.0,1239
2,69033028.533808,69020202.10408783,-12826.429720163345,-4768.5155633986,2,-39.3739704862237,-4748.828578155488,1291,51688578460.0,1239
1,20075388.179744214,20131573.834518433,56185.6547742188,58528.964318241924,3,-10.68002632074058,58531.44565110654,1315,52640603260.0,1240
0,27505862.505329132,27561199.71305847,55337.2077293396,58547.84303801879,3,17.63805334456265,58531.44565110654,1316,52648032920.0,1240
1,37980823.49583698,38034921.611213684,54098.11537670344,58531.44565110654,3,-6.958027023822069,58531.44565110654,1317,52658506690.0,1240
3,55101969.91688144,55193553.86930847,91583.95242702961,98015.75692538172,3,-5.331066787242889,98015.75692538172,1335,53676610030.0,1241
1,66716543.833229505,66806770.53419495,90226.70096544176,98014.22230793536,3,-7.632992956787348,98015.75692538172,1336,53688223300.0,1241
3,68068411.69134626,68158494.32624054,90082.63489428163,98027.95367640257,3,12.964059744030237,98015.75692538172,1337,53689575030.0,1241
3,40777082.19475723,40888245.31904602,111163.12428878993,115922.84923302382,1,,115922.84923302382,1382,55664274810.0,1243
1,29770025.6225728,29745629.14492035,-24396.47765244916,-20921.556792013347,3,53.882687471807,-20966.050148054957,1403,56654165860.0,1244
2,63098197.31752078,63069866.0993042,-28331.218216583133,-20966.050148054957,3,-12.857346590608358,-20966.050148054957,1404,56687490250.0,1244
3,74729410.34379807,74699702.68786621,-29707.65593186021,-20984.82881091535,3,-41.025340881198645,-20966.050148054957,1405,56699120140.0,1244
0,3175110.666099865,3217970.446762085,42859.78066221997,43230.39701397298,3,27.61931937886402,43205.41601730138,1426,57628493620.0,1245
3,47952166.65098879,47989774.826805115,37608.17581632733,43205.41601730138,3,-9.852175628533587,43205.41601730138,1427,57673265630.0,1245
1,50932056.07280668,50969311.14292145,37255.07011476904,43200.13937188685,3,-17.767143750330433,43205.41601730138,1428,57676245180.0,1245
0,61308310.5180877,61323792.44768524,15481.92959754169,22638.172250419855,1,,22638.172250419855,1443,58687588370.0,1246
3,69269003.3861403,69252679.21442413,-16324.171716168523,-8238.713278889656,1,,-8238.713278889656,1469,59696435810.0,1247
0,1394753.4235362536,1366560.1660995483,-28193.257436705288,-28030.454158399254,5,30.57021223101765,-28057.492576882243,1487,60629468920.0,1248
0,2021318.6513223727,1993037.288925171,-28281.362397201825,-28045.422984984936,5,15.60138564533554,-28057.492576882243,1488,60630095400.0,1248
1,11849969.90472727,11820522.155006409,-29447.749720862135,-28064.5561643783,5,-13.098383444710635,-28057.492576882243,1489,60639922930.0,1248
0,27415528.260181658,27384270.676605225,-31257.58357643336,-28057.492576882243,5,-2.5030022006249055,-28057.492576882243,1490,60655486750.0,1248
2,54544148.897116646,54509696.09978485,-34452.7973317951,-28086.10476591438,5,-34.646984980790876,-28057.492576882243,1491,60682612300.0,1248
1,56518001.48329824,56509322.749420166,-8678.733878076077,-2081.6423997357488,1,,-2081.6423997357488,1536,62686564170.0,1250
2,21910959.25179424,21914264.747894287,3305.4961000457406,5863.063578877598,4,-11.289277907460928,5871.658547863364,1563,63652901550.0,1251
1,40978841.497667186,40979927.18650818,1085.6888409927487,5868.9642389416695,4,-5.388617843389511,5871.658547863364,1564,63671967300.0,1251
2,42941836.22632134,42942698.17225647,861.9459351301193,5874.352856785059,4,5.388617843389511,5871.658547863364,1565,63673930080.0,1251
0,53456653.424075454,53456299.88725281,-353.5368226468563,5886.217300094664,4,17.253061152994633,5871.658547863364,1566,63684443730.0,1251
1,34845035.24549446,34834680.51635742,-10354.729137040675,-6287.425286099315,1,,-6287.425286099315,1588,64666756670.0,1252
1,10099999.348039746,10159699.819335938,59700.471296191216,60879.39868005924,3,16.368089893832803,60866.04180048406,1640,66644001810.0,1254
3,40450045.95906513,40506190.4493866,56144.49032146484,60866.04180048406,3,-3.667229468934238,60866.04180048406,1641,66674348440.0,1254
2,63166599.26601161,63220086.1330719,53486.86706028879,60860.01937984675,3,-12.700860424898565,60866.04180048406,1642,66697062440.0,1254
1,59164245.91345355,59196023.414245605,31777.500792056322,38683.476451039314,2,12.667798087000847,38677.142551995814,1673,67694039820.0,1255
2,78910952.84681845,78940412.73574829,29459.888929843903,38670.80865295231,2,-12.667798087000847,38677.142551995814,1674,67713784300.0,1255
3,21320686.235643126,21394760.13760376,74073.9019606337,76562.56953177974,3,12.132345162332058,76551.23975242674,1695,68657170980.0,1256
1,33555369.48216975,33628003.954940796,72634.47277104855,76551.23975242674,3,-4.862323867157102,76551.23975242674,1696,68669404280.0,1256
3,53332758.79333836,53403083.13549805,70324.34215968847,76549.63462080806,3,-7.270021295174956,76551.23975242674,1697,68689179450.0,1256
1,68994940.32743824,69019504.27885437,24563.951416134834,32617.419708296657,2,-16.11215651035309,32625.475786551833,1729,69705783580.0,1257
2,71427847.02533063,71452143.1066742,24296.08134356141,32633.53186480701,2,16.11215651035309,32625.475786551833,1730,69708216230.0,1257
2,45529848.87637119,45507261.1441803,-22587.7321908921,-17273.23822172731,1,,-17273.23822172731,1760,70683254770.0,1258
1,4511049.4505249,4489732.697402954,-21316.753121946007,-20790.198659520596,3,3.645961068570614,-20790.198659520596,1783,71643156850.0,1259
3,28967517.34653067,28943350.391204834,-24166.955325834453,-20785.707638017833,3,10.382493322715163,-20790.198659520596,1784,71667610580.0,1259
1,52956733.61308387,52929750.23074341,-26983.382340461016,-20801.9816031605,3,-14.028454391285777,-20790.198659520596,1785,71691597090.0,1259
0,9751957.41949977,9746740.658721924,-5216.760777845979,-4078.458759006113,5,25.5977353900671,-4101.543882496655,1842,73650306980.0,1261
2,25378152.723230027,25371088.902008057,-7063.821221970022,-4101.543882496655,5,-1.055884886533022,-4101.543882496655,1843,73665931400.0,1261
0,53009734.00950438,52999452.01538086,-10281.994123518467,-4094.406888924539,5,9.649605471640825,-4101.543882496655,1844,73693559890.0,1261
2,54796512.65717701,54786003.810424805,-10508.846752204001,-4112.696902498603,5,-14.721516788005829,-4101.543882496655,1845,73695346450.0,1261
3,64778925.89134938,64767257.9703064,-11667.921042986214,-4106.569106295705,5,-8.593720585107803,-4101.543882496655,1846,73705327750.0,1261
3,33813020.394252986,33883104.957733154,70084.56348016858,74031.40489079058,3,3.0820745415985584,74031.40489079058,1871,74675369140.0,1262
0,39692141.15518235,39761547.96026611,69406.80508376658,74039.8897523582,3,15.809366893023252,74031.40489079058,1872,74681247610.0,1262
2,42017955.090606794,42087067.280044556,69112.1894377619,74016.75588013977,3,-18.89144143462181,74031.40489079058,1873,74683573140.0,1262
2,15970122.53959984,16006273.616073608,36151.0764737688,38015.1968699079,3,7.299824547022581,38008.39895122126,1892,75658546680.0,1263
3,24171338.967873827,24206525.95541382,35186.98753999174,38008.39895122126,3,-2.897053482942283,38008.39895122126,1893,75666746970.0,1263
2,34024154.80148771,34058190.71044922,34035.90896151215,38007.3951395005,3,-4.402771064080298,38008.39895122126,1894,75676598680.0,1263
1,45900190.33319227,45939597.18133545,39406.848143182695,44764.57040076703,8,-2.9771192967891693,44766.05896041542,1917,76689429890.0,1264
0,46572372.491968274,46611724.09449768,39351.60252940655,44787.78557956964,8,23.215178802609444,44766.05896041542,1918,76690102020.0,1264
3,61457571.858229816,61495165.740493774,37593.882263958454,44767.54752006382,8,2.9771192967891693,44766.05896041542,1919,76704985530.0,1264
0,68825593.83667354,68862341.90583801,36748.06916446984,44781.77040433884,8,17.200003571808338,44766.05896041542,1920,76712352740.0,1264
3,71048552.4648976,71085021.6979065,36469.233008891344,44762.41018630564,8,-5.137333758175373,44766.05896041542,1921,76714575430.0,1264
0,71879271.41986968,71915657.88311768,36386.46324799955,44776.606503382325,8,12.03610261529684,44766.05896041542,1922,76715406070.0,1264
2,75823740.12489623,75859649.76985168,35909.64495545626,44760.20825751126,8,-7.339262552559376,44766.05896041542,1923,76719350080.0,1264
1,76243960.0852823,76279807.84022522,35847.754942923784,44747.368626222014,8,-20.178893841803074,44766.05896041542,1924,76719770240.0,1264
0,5829839.7762257885,5869630.007720947,39790.23149515875,40470.72240599152,2,-2.578162551857531,40472.011487267446,1949,77650361200.0,1265
0,48265625.667236574,48300465.13894653,34839.47170995921,40473.300568543375,2,2.578162551857531,40472.011487267446,1950,77692792230.0,1265
3,1819054.8560478557,1790935.87840271,-28118.97764514573,-27906.647573761176,5,39.547013896051794,-27932.975074991584,1976,78647210220.0,1266
1,15775146.127723552,15745371.790969849,-29774.336753703654,-27932.975074991584,5,11.053725451231003,-27932.975074991584,1977,78661164720.0,1266
2,16580942.15278374,16551078.090667725,-29864.062116015702,-27928.643500562757,5,17.55108709447086,-27932.975074991584,1978,78661970430.0,1266
3,33336821.817360505,33304971.146362305,-31850.670998200774,-27959.414100322872,5,-28.60481254570186,-27932.975074991584,1979,78678724400.0,1266
0,54169601.028595746,54135305.480529785,-34295.54806596041,-27972.574783965945,5,-41.765496188774705,-27932.975074991584,1980,78699554830.0,1266
0,27274628.64519442,27363485.642700195,88856.99750577658,92040.64192857593,1,,92040.64192857593,2001,79673695260.0,1267
2,43411957.882461175,43388268.74484253,-23689.137618646026,-18621.855515807867,2,39.0446460545063,-18641.37783883512,2022,80690743850.0,1268
1,70860584.83530329,70833652.69857788,-26932.13672541082,-18660.900161862373,2,-39.0446460545063,-18641.37783883512,2023,80718189360.0,1268
1,41775017.66181617,41735557.64909363,-39460.01272254437,-34583.803270846605,2,-11.992504365742207,-34577.807018663734,2041,81689980720.0,1269
0,54780293.9951735,54739327.9276886,-40966.067484900355,-34571.81076648086,2,11.992504365742207,-34577.807018663734,2042,81702984550.0,1269
0,53626779.86884072,53661502.0953064,34722.226465679705,40981.83868122846,2,17.257928110659122,40973.20971717313,2075,82702817300.0,1270
1,64535520.361079395,64568952.00152588,33431.64044648409,40964.5807531178,2,-17.257928110659122,40973.20971717313,2076,82713724800.0,1270
0,44147651.0807966,44177054.53627014,29403.455473542213,34556.61172623932,1,,34556.61172623932,2103,83694316350.0,1271
0,17810219.413765065,17787960.503372192,-22258.91039287299,-20180.003785453737,3,26.83173080906272,-20203.468703113496,2133,84668934740.0,1272
2,43904808.95398554,43879480.67489624,-25328.279089301825,-20203.468703113496,3,-8.365645680576563,-20203.468703113496,2134,84695026380.0,1272
2,73839812.40152436,73810983.21083069,-28829.19069367647,-20210.202329412103,3,-18.466085128486156,-20203.468703113496,2135,84724958020.0,1272
0,18437687.01868236,18494884.419052124,57197.400369763374,59349.54844151065,3,-9.654204703867435,59352.43702901155,2160,85670564280.0,1273
1,57032491.89698053,57085187.18838501,52695.29140447825,59352.43702901155,3,-5.32132345251739,59352.43702901155,2161,85709154760.0,1273
2,78493264.83524752,78543468.6386261,50203.803378582,59365.96826341748,3,14.975528156384826,59352.43702901155,2162,85730613140.0,1273
2,14001026.060208688,14070889.46760559,69863.40739690326,71497.68403948843,6,-24.576421603560448,71520.384899728,2177,86667156830.0,1274
0,39330031.52294816,39396963.15452576,66931.63157759607,71522.4488215372,6,3.9394831731915474,71520.384899728,2178,86692483020.0,1274
3,47652072.95162658,47718024.93904114,65951.98741456121,71514.19903110713,6,-8.061429984867573,71520.384899728,2179,86700804120.0,1274
3,47865232.5436108,47931163.96017456,65931.41656376421,71518.509338364,6,-3.7511227279901505,71520.384899728,2180,86701017260.0,1274
1,70897721.50390676,70960968.19300842,63246.68910166621,71522.260461092,6,3.7511227279901505,71520.384899728,2181,86724047170.0,1274
1,79928652.35598543,79990846.72218323,62194.366197794676,71524.07739588618,6,5.568057522177696,71520.384899728,2182,86733077090.0,1274
2,35320529.86994903,35364126.34197998,43596.47203095257,47719.27822543681,1,,47719.27822543681,2203,87689480810.0,1275
3,63032918.54807927,63031957.9861145,-960.5619647651911,6396.986407339573,1,,6396.986407339573,2227,88718169430.0,1276
0,15014117.150928687,15058325.455535889,44208.30460720137,45960.83480486646,4,-3.0261575616896152,45962.34788364731,2248,89671122030.0,1277
3,34865017.87558961,34906904.29852295,41886.42293334007,45956.05926658958,4,-7.801695838570595,45962.34788364731,2249,89690970700.0,1277
2,56589496.11358827,56628854.53782654,39358.42423826456,45963.86096242815,4,3.0261575616896152,45962.34788364731,2250,89712692750.0,1277
1,63355699.59576264,63394273.466812134,38573.87104949355,45969.096197903156,4,8.261393036693335,45962.34788364731,2251,89719458200.0,1277
2,8249591.523084867,8250548.761169434,957.2380845667794,1920.1757063576952,3,-13.599542601965368,1920.1757063576952,2294,91666221400.0,1279
2,30639962.775442537,30638305.94267273,-1656.8327698074281,1919.6319320127368,3,-14.415204119402915,1920.1757063576952,2295,91688609260.0,1279
0,45826097.36166564,45822696.20651245,-3401.155153185129,1947.9185659065843,3,28.014746721368283,1920.1757063576952,2296,91703793720.0,1279
3,70362258.73413606,70324890.69255066,-37368.0415854007,-29154.97238074243,2,-13.993056163191795,-29147.975852660835,2325,92729250640.0,1280
0,78264540.85081577,78226264.40452576,-38276.446290016174,-29140.97932457924,2,13.993056163191795,-29147.975852660835,2326,92737152050.0,1280
2,3796979.9204715025,3838989.1124420166,42009.19197051413,42452.39631637465,3,14.617566267959774,42451.49718897045,2347,93663705990.0,1281
0,43639328.47782762,43676686.15296936,37357.675141736865,42451.49718897045,3,13.268875161651522,42451.49718897045,2348,93703543870.0,1281
1,49106158.929155305,49142851.048950195,36692.119794890285,42424.06031124294,3,-27.886441429611295,42451.49718897045,2349,93709010060.0,1281
2,10143975.435133047,10172713.075836182,28737.64070313424,29921.70121736452,2,-35.94697326794267,29939.67470399849,2363,94670986420.0,1282
0,69157766.90541373,69179652.07929993,21885.173886194825,29957.648190632463,2,35.94697326794267,29939.67470399849,2364,94729993630.0,1282
0,1891482.817176268,1904367.8940887451,12885.076912477147,13105.861173192738,8,-6.952708308817819,13109.337527347147,2394,95663709770.0,1283
1,27800520.471506633,27810368.917617798,9848.446111164987,13093.475515648723,8,-19.338365852832794,13109.337527347147,2395,95689615890.0,1283
2,37325930.501748845,37334675.176086426,8744.6743375808,13101.561905637383,8,-11.251975864171982,13109.337527347147,2396,95699140240.0,1283
3,38145451.22596151,38154101.41278076,8650.186819255352,13102.733346305788,8,-10.08053519576788,13109.337527347147,2397,95699959670.0,1283
0,53205534.86918631,53212452.25546265,6917.386276334524,13127.828462429345,8,21.96728923660703,13109.337527347147,2398,95715018090.0,1283
2,62185955.95907987,62191821.01663208,5865.057552210987,13123.74380018562,8,17.88262699288316,13109.337527347147,2399,95723997500.0,1283
0,73870902.41287486,73875427.35824585,4524.945370987058,13147.562732100487,8,41.70155890774913,13109.337527347147,2400,95735681160.0,1283
3,74752245.98994446,74756633.311203,4387.321258544922,13112.813881501555,8,6.952708308817819,13109.337527347147,2401,95736562370.0,1283
1,3876896.1116081793,3934467.4942474365,57571.38263925724,58023.91524177417,3,6.747140973806381,58018.60690018535,2426,96666714460.0,1284
2,32642639.89839194,32696845.399520874,54205.501128934324,58015.729301415384,3,-5.531769564375281,58018.60690018535,2427,96695476970.0,1284
3,43955395.55861069,44008283.45037842,52887.89176772535,58018.60690018535,3,-1.2153714094311,58018.60690018535,2428,96706788460.0,1284
0,51338149.751950115,51319894.7722168,-18254.97973331809,-12262.50899207592,2,31.491159856319427,-12278.25457200408,2452,97715079550.0,1285
1,53428545.64646097,53410015.173080444,-18530.47338052839,-12294.00015193224,2,-31.491159856319427,-12278.25457200408,2453,97717169680.0,1285
3,54993941.339288875,54926823.167037964,-67118.1722509116,-60698.977441325784,2,-9.944056525826454,-60694.00541306287,2471,98719653140.0,1286
0,72891198.27556157,72822000.9812622,-69197.29429936409,-60689.03338479996,2,9.944056525826454,-60694.00541306287,2472,98737548400.0,1286
0,12920450.135140669,12957149.222442627,36699.08730195835,38207.23318903521,1,,38207.23318903521,2494,99678574910.0,1287
0,7939253.5515003055,7890399.677932739,-48853.873567566276,-47927.160297911614,3,2.9555288264527917,-47927.160297911614,2513,100674425630.0,1288
2,10773485.40839273,10724286.662948608,-49198.74544412084,-47941.20506911911,3,-18.111627984791994,-47927.160297911614,2514,100677259530.0,1288
0,40475203.78464246,40422560.27001953,-52643.51462292671,-47919.02658435702,3,15.156099158339202,-47927.160297911614,2515,100706957940.0,1288
1,6940950.144214205,6931167.552490234,-9782.591723971069,-8972.405909784138,3,-40.19589572772384,-8952.612433955073,2534,101674322190.0,1289
1,51968009.38813704,51952990.7842865,-15018.603850543499,-8952.612433955073,3,-10.505681984126568,-8952.612433955073,2535,101719344220.0,1289
0,65497615.70395094,65481058.65499878,-16557.048952162266,-8911.807594157755,3,50.701577711850405,-8952.612433955073,2536,101732872350.0,1289
0,26562548.574233867,26543716.550079346,-18832.024154521525,-15731.497627697885,1,,-15731.497627697885,2559,102694877410.0,1290
3,22008430.199787468,21985373.71772766,-23056.482059806585,-20487.537236705422,2,-9.530390180647373,-20482.7720416151,2609,104692184240.0,1292
2,35098378.48984076,35073803.60752869,-24574.882312074304,-20478.006846524775,2,9.530390180647373,-20482.7720416151,2610,104705272730.0,1292
1,24842327.666686244,24895819.633377075,53491.96669083089,56391.699587445706,3,-16.484811034053564,56406.51556196809,2643,105695991200.0,1293
3,68970557.76168126,69018916.99269104,48359.23100978136,56409.85323499143,3,10.745660284534097,56406.51556196809,2644,105740114500.0,1293
2,73871480.65655383,73919264.48725891,47783.830705076456,56406.51556196809,3,5.739150749519467,56406.51556196809,2645,105745014870.0,1293
1,14102662.75153042,14040774.281982422,-61888.46954799816,-60242.329312706366,3,-24.08024904318154,-60222.90895573795,2664,106686138590.0,1294
0,60853036.289860025,60785719.60014343,-67316.68971659243,-60213.58917158842,3,19.02996263373643,-60222.90895573795,2665,106732883750.0,1294
2,73408913.54295927,73340121.94252014,-68791.60043913126,-60222.90895573795,3,5.050286409445107,-60222.90895573795,2666,106745438210.0,1294
1,48096768.872087404,48054332.289382935,-42436.58270446956,-36822.4637382254,1,,-36822.4637382254,2720,108722020570.0,1296
1,53882612.20322608,53844066.69586182,-38545.50736426562,-32256.03299384564,1,,-32256.03299384564,2748,109728769040.0,1297
2,21398522.36346778,21334659.22154236,-63863.14192542061,-61365.38889402896,2,-16.88165682554245,-61356.94806561619,2775,110697169040.0,1298
3,49348839.64599523,49281730.87121582,-67108.77477940917,-61348.50723720342,2,16.88165682554245,-61356.94806561619,2776,110725116240.0,1298
2,65044033.38208118,65071121.61993408,27088.23785290122,34680.53459163755,2,2.165828190743923,34679.45167754218,2801,111741806300.0,1299
2,70966699.6766687,70993094.42256165,26394.74589294195,34678.36876344681,2,-2.165828190743923,34679.45167754218,2802,111747728300.0,1299
3,67446857.17442922,67429685.66574097,-17171.508688256145,-9298.741162359715,2,-8.870768412947655,-9294.30577815324,2819,112745149440.0,1300
3,78027794.78017594,78009397.07711792,-18397.70305801928,-9289.870393946767,2,8.870768412947655,-9294.30577815324,2820,112755729200.0,1300
3,34678830.68516254,34718156.876312256,39326.19114971906,43374.094691731036,4,-13.042332902550697,43380.61585818231,2839,113713400310.0,1301
3,52540050.482172385,52577304.85600281,37254.37383042276,43387.13702463359,4,13.042332902550697,43380.61585818231,2840,113731259540.0,1301
0,56291785.7619711,56328607.62768555,36821.86571444571,43392.552051618695,4,18.45735988765955,43380.61585818231,2841,113735010860.0,1301
1,61477567.61403151,61513763.81422424,36196.2001927346,43372.1994632557,4,-14.937561377882957,43380.61585818231,2842,113740196040.0,1301
0,8300982.828723297,8329371.268768311,28388.440045013092,29357.376342192292,1,,29357.376342192292,2869,114687926080.0,1302
1,24085693.2989426,24173375.559753418,87682.26081081852,90493.67518928275,1,,90493.67518928275,2891,115704715810.0,1303
3,13010780.50548365,13023932.645111084,13152.139627434313,14670.829371348023,2,4.8899255357682705,14668.38440858014,2943,117695508310.0,1305
2,21782078.951009024,21794202.366592407,12123.415583383292,14665.939445812255,2,-4.8899255357682705,14668.38440858014,2944,117704278620.0,1305
2,9157513.249422591,9143155.386993408,-14357.862429182976,-13288.947198018432,1,,-13288.947198018432,2974,118692603120.0,1306
2,50221225.31777553,50189442.21324158,-31783.104533955455,-25921.00734579563,3,11.07039001211524,-25927.784817248583,2991,119734534320.0,1307
2,53016425.530594856,52984309.377471924,-32116.15312293172,-25927.784817248583,3,0.9041828326880932,-25927.784817248583,2992,119737329200.0,1307
1,54609452.74803914,54577142.062194824,-32310.68584431708,-25936.37065436691,3,-11.974572844803333,-25927.784817248583,2993,119738922040.0,1307
3,57565008.45979175,57600759.407547,35750.947755247355,42470.25163708627,1,,42470.25163708627,3015,120742853180.0,1308
0,17038775.534791157,17004234.793304443,-34540.74148671329,-32551.882044911385,4,-7.131838724017143,-32548.316125549376,3032,121703227210.0,1309
0,40700229.90298934,40662936.13783264,-37293.76515670121,-32543.01083396375,4,8.87121094763279,-32548.316125549376,3033,121726886020.0,1309
3,72734993.80954136,72693959.03146362,-41034.7780777365,-32544.750206187367,4,7.131838724017143,-32548.316125549376,3035,121758917190.0,1309
1,74336577.59759638,74295341.67692566,-41235.920670717955,-32558.9471449852,4,-14.196938797831535,-32548.316125549376,3036,121760518580.0,1309
0,57698112.958228216,57639967.34516907,-58145.61305914819,-51410.772489361465,4,14.569000236690044,-51418.05698947981,3051,122744782670.0,1310
3,64139361.362905115,64080447.76647949,-58913.5964256227,-51426.89797259867,4,-16.125483237206936,-51418.05698947981,3052,122751223180.0,1310
1,71567462.74473011,71507683.65600586,-59779.08872425556,-51425.341489598155,4,-14.569000236690044,-51418.05698947981,3053,122758650450.0,1310
0,74331967.10736804,74271880.96109009,-60086.146277949214,-51409.710913956165,4,15.630575641989708,-51418.05698947981,3054,122761414660.0,1310
2,20894735.610249657,20874161.597579956,-20574.01266970113,-18135.06439448148,2,-9.82190689444542,-18130.153441034257,3083,123708887340.0,1311
1,55186731.0665357,55162164.12576294,-24566.940772756934,-18125.242487587035,2,9.82190689444542,-18130.153441034257,3084,123743175500.0,1311
1,30333487.245348245,30352847.09501648,19359.849668234587,22900.54086329788,1,,22900.54086329788,3104,124719317610.0,1312
1,18084770.107576072,18134904.03933716,50133.93176108599,52244.88543307036,1,,52244.88543307036,3123,125708094160.0,1313
2,24382992.099323124,24470693.348358154,87701.2490350306,90547.36576196924,5,-18.69223001599312,90563.13424827904,3171,127720612120.0,1315
3,41425123.171452954,41510845.08938599,85721.91793303192,90557.28577851504,5,-8.772213470190763,90563.13424827904,3172,127737652350.0,1315
1,65038365.15619848,65121336.65533447,82971.49913599342,90563.13424827904,5,0.0004911758005619049,90563.13424827904,3173,127761262950.0,1315
2,69127197.80341889,69209697.87904358,82500.07562468946,90568.98173569143,5,8.771722294390202,90563.13424827904,3174,127765351330.0,1315
3,75594694.24927232,75676448.17970276,81753.9304304421,90577.75824017823,5,17.54822678118944,90563.13424827904,3175,127771818110.0,1315
0,3532929.825819296,3520448.2246398926,-12481.601179403253,-12069.218210512307,4,68.29163925582543,-12135.391133995727,3294,132723686900.0,1320
1,30569725.60829333,30554024.069641113,-15701.538652215153,-12133.272418223321,4,4.2374315448105335,-12135.391133995727,3295,132750720600.0,1320
2,32524609.053495802,32508675.092681885,-15933.96081391722,-12137.509849768132,4,-4.2374315448105335,-12135.391133995727,3296,132752675260.0,1320
0,55349146.915029645,55330540.28048706,-18606.63454258442,-12145.97818773985,4,-12.705769516527653,-12135.391133995727,3297,132775497230.0,1320
2,65062554.12633766,65079062.58920288,16508.46286521852,24102.92144692689,1,,24102.92144692689,3324,133786186330.0,1321
3,36100071.59647564,36058006.80380249,-42064.792673148215,-37850.994087807834,3,9.947714488953352,-37856.196714662015,3350,134758137930.0,1322
3,39263441.51858191,39221002.27737427,-42439.24120764434,-37856.196714662015,3,2.1437742076814175,-37856.196714662015,3351,134761300940.0,1322
2,78965352.91931781,78918269.96282959,-47082.956488221884,-37865.68688993156,3,-12.09148869663477,-37856.196714662015,3352,134800998390.0,1322
3,43701145.66370492,43690855.18292236,-10290.480782553554,-5189.443093940616,3,-13.519655924290419,-5183.406948648393,3374,135766634290.0,1323
0,53337115.174513504,53325720.93362427,-11394.240889236331,-5168.439927384257,3,17.985093910247087,-5183.406948648393,3375,135776269200.0,1323
2,63413019.98712401,63400434.66427612,-12585.322847887874,-5183.406948648393,3,-4.465437985956669,-5183.406948648393,3376,135786343960.0,1323
3,26834264.835809253,26851723.64453125,17458.808721996844,20591.051462888718,1,,20591.051462888718,3407,136750725630.0,1324
0,49629717.177336454,49581377.40823364,-48339.76910281181,-42546.715992830694,1,,-42546.715992830694,3474,139776078330.0,1327
0,66851838.9511945,66810855.61254883,-40983.33864567429,-33180.024914093316,1,,-33180.024914093316,3494,140794193380.0,1328
3,37812807.497122124,37771112.36795044,-41695.129171684384,-37281.41064724326,4,-16.745170056819916,-37265.32010288164,3530,141766027220.0,1329
2,56848346.580978796,56804444.955078125,-43901.625900670886,-37265.97472857684,4,-1.3092513903975487,-37265.32010288164,3531,141785060640.0,1329
3,70589366.0990336,70543861.85513306,-45504.24390053749,-37264.66547718644,4,1.3092513903975487,-37265.32010288164,3532,141798800120.0,1329
3,74785381.80258414,74739402.58657837,-45979.21600577235,-37249.855588808656,4,16.11913976818323,-37265.32010288164,3533,141802995680.0,1329
3,5381925.1026944555,5433248.087005615,51322.9843111597,51951.19216175936,4,9.331326516345143,51944.17732400261,3554,142734602860.0,1330
1,15385271.510347128,15435422.150787354,50150.6404402256,51946.4938127622,4,4.632977519184351,51944.17732400261,3555,142744605080.0,1330
1,31802387.05043485,31850616.762023926,48229.711589075625,51941.86083524302,4,-4.632977519184351,51944.17732400261,3556,142761020350.0,1330
1,79919226.84935386,79961815.80548096,42588.95612709224,51917.56712830067,4,-28.926684461534023,51944.17732400261,3557,142809131770.0,1330
1,24720667.893598538,24707394.17550659,-13273.718091946095,-10388.185992091894,1,,-10388.185992091894,3583,143754920540.0,1331
1,61945396.228257865,61910450.50177002,-34945.72648784518,-27715.119692586362,1,,-27715.119692586362,3611,144793041260.0,1332
2,51244881.22191082,51280196.484802246,35315.26289142668,41296.846817694604,2,1.5266269966959953,41296.08350419626,3631,145783333570.0,1333
1,68595878.37495525,68629166.80755615,33288.43260090053,41295.32019069791,2,-1.5266269966959953,41296.08350419626,3632,145800682620.0,1333
0,12693491.074201513,12684584.654083252,-8906.420118261129,-7424.766139028594,2,13.274521389976144,-7431.403399723582,3658,146745714410.0,1334
2,49329702.49195042,49316506.417541504,-13196.07440891862,-7438.04066041857,2,-13.274521389976144,-7431.403399723582,3659,146782346500.0,1334
0,55982913.73215619,55979526.87799072,-3386.8541654646397,3147.7789323478937,2,-1.0579591765999794,3148.3079119361937,3689,147789954180.0,1335
0,60612701.82811016,60608775.617614746,-3926.2104954123497,3148.8368915244937,2,1.0579591765999794,3148.3079119361937,3690,147794583450.0,1335
2,8012551.395143382,8052258.197967529,39706.802824147046,40642.071820597164,5,6.9121263502165675,40636.06247138232,3716,148742939320.0,1336
2,18287589.579532705,18326091.01412964,38501.434596933424,40636.06247138232,5,-2.101897472050041,40636.06247138232,3717,148753213200.0,1336
0,35739067.78008105,35775540.875427246,36473.095346197486,40644.755583785474,5,9.595889538526535,40636.06247138232,3718,148770662730.0,1336
1,36046006.19352123,36082419.466033936,36413.272512704134,40620.760287329555,5,-18.306858660187572,40636.06247138232,3719,148770969610.0,1336
0,38481735.82350904,38517878.28091431,36142.457405269146,40634.256917111576,5,-4.810228878166527,40636.06247138232,3720,148773405080.0,1336
3,59030540.93551168,59044004.802948,13463.86743631959,20354.236316092312,2,0.6512075290083885,20353.910712327808,3742,149794934810.0,1337
3,66373254.95026521,66385861.08459473,12606.134329520166,20353.585108563304,2,-0.6512075290083885,20353.910712327808,3743,149802276700.0,1337
2,66940988.41619179,66880085.95358276,-60902.462609022856,-53088.74286235869,1,,-53088.74286235869,3762,150803698660.0,1338
2,11676906.908070423,11651560.9112854,-25345.99678502232,-23983.004091812298,1,,-23983.004091812298,3780,151749359470.0,1339
2,65572300.176796585,65527816.84725952,-44483.32953706384,-36829.37059728801,1,,-36829.37059728801,3803,152804113530.0,1340
1,8933665.83534741,8882444.83883667,-51220.99651074037,-50178.209978912026,1,,-50178.209978912026,3870,155750158680.0,1343
1,14809307.376718845,14780591.202423096,-28716.174295749515,-26987.550619559363,1,,-26987.550619559363,3887,156756916490.0,1344
2,78414135.75828779,78381848.29995728,-32287.458330512047,-23134.529826045036,1,,-23134.529826045036,3917,157821433740.0,1345
3,31943079.16933606,31848938.287963867,-94140.88137219101,-90412.30976935104,1,,-90412.30976935104,3967,159776755570.0,1347
2,350516.92440805165,309438.83184814453,-41078.09255990712,-41037.17829977162,5,-6.94965866568964,-41033.01869299286,3985,160746022570.0,1348
2,1120109.0617638244,1078945.2977905273,-41163.763973297086,-41033.01869299286,5,-0.7102484975475818,-41033.01869299286,3986,160746792080.0,1348
0,5736800.528146984,5695104.09753418,-41696.43061280437,-41026.7997538941,5,8.298742488143034,-41033.01869299286,3987,160751408260.0,1348
0,23100808.2522811,23057084.36050415,-43723.89177694917,-41027.438589219004,5,7.6599071632372215,-41033.01869299286,3988,160768770320.0,1348
0,38982231.10439798,38936641.43173218,-45589.672665804625,-41039.45259651542,5,-9.223955409484915,-41033.01869299286,3989,160784649950.0,1348
1,7941115.419332859,7902908.641113281,-38206.778219577856,-37279.84762248583,1,,-37279.84762248583,4040,162755383220.0,1350
3,34292197.131748706,34273050.031677246,-19147.10007146001,-15144.326520837843,2,-28.269605815410614,-15130.191717930138,4078,164783560820.0,1352
2,61597140.65830532,61574834.64489746,-22306.013407856226,-15116.056915022433,2,28.269605815410614,-15130.191717930138,4079,164810862730.0,1352
2,55150744.49778028,55093657.46228027,-57087.03550000489,-50649.53776474297,1,,-50649.53776474297,4097,165805328200.0,1353
1,20829638.29918769,20809956.375305176,-19681.92388251424,-17250.57412289828,3,-28.328080642968416,-17230.35189587623,4115,166771901930.0,1354
2,62338522.60940894,62314015.7628479,-24506.846561037004,-17230.35189587623,3,2.0052598901093006,-17230.35189587623,4116,166813406180.0,1354
0,69183373.93411352,69158084.33062744,-25289.603486075997,-17214.140188634396,3,26.322820752859116,-17230.35189587623,4117,166820250280.0,1354
2,51206540.32813111,51198889.92687988,-7650.401251226664,-1673.2926846146584,2,-17.80097159743309,-1664.3921988159418,4151,167803223600.0,1355
0,71035786.0479258,71025838.86920166,-9947.178724139929,-1655.4917130172253,2,17.80097159743309,-1664.3921988159418,4152,167823050640.0,1355
3,62249047.371187955,62188692.147491455,-60355.22369650006,-53089.173072464764,2,-2.1679942682385445,-53088.089075330645,4204,169815978550.0,1357
1,78252679.74499041,78190458.65744019,-62221.087550222874,-53087.005078196526,2,2.1679942682385445,-53088.089075330645,4205,169831980390.0,1357
3,11434771.260984486,11391290.947509766,-43480.313474720344,-42145.58418382518,3,-8.594329694285989,-42140.277608715,4223,170766028520.0,1358
3,23178822.854911514,23133977.017822266,-44845.837089248,-42140.277608715,3,-0.6344670290127397,-42140.277608715,4224,170777771260.0,1358
1,41945320.63067251,41898290.840423584,-47029.790248923004,-42133.70209954679,3,9.228796723298728,-42140.277608715,4225,170796535660.0,1358
1,38479053.334081784,38418757.47558594,-60295.85849584639,-55804.37209890038,2,-33.914856411516666,-55787.41467069462,4274,172794829400.0,1360
3,68587725.6070331,68523949.21383667,-63776.39319643378,-55770.45724248886,2,33.914856411516666,-55787.41467069462,4275,172824934730.0,1360
3,5925071.994383832,5877452.226531982,-47619.76785185002,-46928.160913585685,3,-15.425875240005553,-46928.160913585685,4307,173763180350.0,1361
1,19270619.100467674,19221440.942626953,-49178.15784072131,-46928.78536268696,3,-16.362548891920596,-46928.160913585685,4308,173776524400.0,1361
1,58603977.58312,58550240.32034302,-53737.262776985765,-46896.6847140044,3,31.78842413192615,-46928.160913585685,4309,173815853380.0,1361
2,11567898.046434777,11518467.674621582,-49430.371813194826,-48080.10323289223,4,30.85292582027614,-48096.79729292169,4332,174769702020.0,1362
2,29916458.06816008,29864883.41647339,-51574.65168669075,-48082.63842713088,4,28.317731581628323,-48096.79729292169,4333,174788048520.0,1362
1,71983953.55753222,71927440.23904419,-56513.318488031626,-48110.956158712506,4,-28.317731581628323,-48096.79729292169,4334,174830111270.0,1362
1,75635858.7088368,75578913.46920776,-56945.23962903023,-48116.60687753558,4,-33.96845040470362,-48096.79729292169,4335,174833762760.0,1362
1,51657107.907643646,51662146.54977417,5038.64213052392,11068.343419127166,1,,11068.343419127166,4358,175810751600.0,1363
3,17571236.455869257,17574538.002563477,3301.5466942191124,5352.557898517698,4,-18.79460407420993,5368.620278386399,4375,176777643280.0,1364
0,26960515.977552146,26962734.886138916,2218.908586770296,5365.88805418089,4,-5.464448411017656,5368.620278386399,4376,176787031520.0,1364
0,30596728.04423705,30598528.188323975,1800.1440869234502,5371.562193512917,4,5.674139332026243,5368.620278386399,4377,176790667330.0,1364
3,40156710.24727684,40157394.28805542,684.0407785773277,5371.352502591908,4,5.464448411017656,5368.620278386399,4378,176800226240.0,1364
0,42909403.83404228,42852651.03915405,-56752.79488822818,-51744.17365349084,1,,-51744.17365349084,4396,177803851290.0,1365
1,9527469.975762293,9499623.522735596,-27846.45302669704,-26734.354414969683,3,-43.55207835137844,-26704.394914716482,4421,178771389490.0,1366
3,39167093.60806752,39135817.41491699,-31276.193150527775,-26704.394914716482,3,1.3871720284223557,-26704.394914716482,4422,178801025820.0,1366
3,77492373.9669792,77456651.42181396,-35722.545165240765,-26677.209758520126,3,42.164906322956085,-26704.394914716482,4423,178839346830.0,1366
3,15310851.129575815,15278234.310668945,-32616.81890686974,-30829.652289826423,1,,-30829.652289826423,4449,179778054900.0,1367
2,9515596.589879055,9495470.086273193,-20126.503605861217,-19015.790920931846,3,-23.101668506860733,-18998.983665075153,4472,180773182690.0,1368
2,24125478.03833571,24103662.996398926,-21815.041936784983,-18998.983665075153,3,2.1092152781784534,-18998.983665075153,4473,180787790950.0,1368
0,29635583.31630692,29613137.693450928,-22445.622855991125,-18986.394839774817,3,20.99245322868228,-18998.983665075153,4474,180793300450.0,1368
0,6628109.918766782,6606102.679443359,-22007.239323422313,-21233.5699381819,2,-28.122373095713556,-21219.508751634043,4494,181771180850.0,1369
1,65163595.57962406,65134783.87936401,-28811.700260043144,-21205.447565086186,2,28.122373095713556,-21219.508751634043,4495,181829709800.0,1369
2,1540616.733764283,1504994.6654968262,-35622.06826745672,-35442.23902263283,3,11.699297173181549,-35453.85496015102,4541,183767874000.0,1371
1,40576775.60716167,40536585.40814209,-40190.19901958108,-35453.85496015102,3,-5.724609104101546,-35453.85496015102,4542,183806905770.0,1371
2,56100696.52400317,56058694.12097168,-42002.40303149074,-35454.021679461,3,-5.974688069080003,-35453.85496015102,4543,183822427950.0,1371
2,25106181.992979147,25064271.661865234,-41910.331113912165,-38979.799691487104,2,52.00331750139594,-39005.8013502378,4565,184792348830.0,1372
1,60599643.99931015,60553538.6730957,-46105.32621444762,-39031.8030089885,2,-52.00331750139594,-39005.8013502378,4566,184827838260.0,1372
2,48528836.64136486,48529163.28701782,326.6456529647112,5991.197941757739,3,-10.072576235979795,6000.086304761469,4636,187818602660.0,1375
3,51252583.17593275,51252600.779296875,17.603364124894142,6000.086304761469,3,3.2599682696163654,6000.086304761469,4637,187821326110.0,1375
1,68367890.0051303,68365912.18432617,-1977.8208041340113,6002.454731225967,3,6.81260796636343,6000.086304761469,4638,187838439500.0,1375
0,23952771.925056916,23887433.595947266,-65338.329109650105,-62542.43004382774,4,72.68266962841153,-62591.53391112201,4661,188794888550.0,1376
1,25373456.75648331,25307927.072174072,-65529.684309236705,-62567.955108787864,4,47.15760466828942,-62591.53391112201,4662,188796309050.0,1376
1,63124689.08238549,63054703.71551514,-69985.36687035114,-62617.10653755814,4,-49.151428770273924,-62591.53391112201,4663,188834056000.0,1376
3,73152971.59401157,73081817.6647644,-71153.92924717069,-62615.112713456154,4,-47.15760466828942,-62591.53391112201,4664,188844083160.0,1376
2,6567552.822968567,6512446.744293213,-55106.0786753539,-54339.477846859954,1,,-54339.477846859954,4683,189778394880.0,1377
3,45764146.76155518,45714398.20666504,-49748.55489014089,-44406.71238526702,1,,-44406.71238526702,4706,190818445640.0,1378
1,49164117.89443037,49121741.79321289,-42376.101217478514,-36637.39541244507,3,-15.415882837027311,-36634.127068169415,4729,191822759740.0,1379
3,49435285.03296425,49392880.54797363,-42404.48499061912,-36634.127068169415,3,-10.513366423547268,-36634.127068169415,4730,191823030880.0,1379
2,76598836.67933542,76553285.81051636,-45550.86881905794,-36609.83199104667,3,25.92924926057458,-36634.127068169415,4731,191850191410.0,1379
0,18933980.178342093,18879804.052215576,-54176.12612651661,-51966.04799198732,4,-7.81381044909358,-51962.14108676277,4757,192793395220.0,1380
1,41005725.20486581,40948962.69692993,-56762.507935881615,-51976.094524003565,4,-17.86034246534109,-51962.14108676277,4758,192815464480.0,1380
0,56254364.66613525,56195842.67376709,-58521.99236816168,-51955.67402677983,4,10.373965207487345,-51962.14108676277,4759,192830711430.0,1380
0,74357767.222489,74297129.54141235,-60637.68107664585,-51958.234181538224,4,7.81381044909358,-51962.14108676277,4760,192848812800.0,1380
3,21350508.540155727,21315544.115112305,-34964.42504342273,-32472.276449136436,2,-11.83124715089798,-32466.360825560987,4792,193796734640.0,1381
0,33964871.200284764,33928446.188812256,-36425.01147250831,-32460.445201985538,2,11.83124715089798,-32466.360825560987,4793,193809347600.0,1381
2,4592337.121919132,4548336.421600342,-44000.70031879004,-43464.657513001934,3,-31.107044199481606,-43453.09795551747,4826,194780859760.0,1382
1,33702099.739107475,33654712.74700928,-47386.99209819734,-43453.09795551747,3,-13.76770797278732,-43453.09795551747,4827,194809966270.0,1382
0,66517550.35219374,66466372.05548096,-51178.29671278596,-43414.00298208743,3,44.87475217226893,-43453.09795551747,4828,194842778080.0,1382
1,8512492.063834807,8483805.568572998,-28686.495261808857,-27692.870445292443,3,-32.09777193516493,-27669.232037052512,4851,195785705060.0,1383
3,44402052.84398906,44369200.760528564,-32852.083460494876,-27669.232037052512,3,3.359840424731374,-27669.232037052512,4852,195821590620.0,1383
0,54065199.486714505,54031236.38644409,-33963.10027041286,-27652.313309662044,3,28.737931510433555,-27669.232037052512,4853,195831252700.0,1383
0,57608821.273263484,57623141.22766113,14319.954397648573,21044.372351653874,4,11.575123362243176,21033.76651968807,4877,196835729090.0,1384
3,58154606.22513416,58168848.72143555,14242.49630139023,21030.621271930635,4,-4.11453915387392,21033.76651968807,4878,196836274800.0,1384
2,69704697.26164186,69717595.68243408,12898.420792222023,21034.73581108451,4,1.938582792878151,21033.76651968807,4879,196847823600.0,1384
3,71363945.25734651,71376648.0630188,12702.805672287941,21032.79722829163,4,-1.938582792878151,21033.76651968807,4880,196849482660.0,1384
2,60199546.62662561,60197288.182281494,-2258.4443441182375,4768.377299025655,1,,4768.377299025655,4899,197839309830.0,1385
1,65086684.50745203,65024319.42391968,-62365.083532355726,-54767.80832006782,1,,-54767.80832006782,4925,198845005480.0,1386
3,46169374.83212433,46113379.60281372,-55995.2293106094,-50606.08636019379,1,,-50606.08636019379,4951,199826980970.0,1387
1,31157996.037728917,31108500.01663208,-49496.021096836776,-45859.088708076626,3,-23.95547504350543,-45839.550977125764,4967,200812824650.0,1388
0,49278869.6196395,49227286.80389404,-51582.81574545801,-45830.71548894048,3,18.604353660717607,-45839.550977125764,4968,200830943520.0,1388
2,70063609.11880136,70009591.35864258,-54017.76015877724,-45839.550977125764,3,5.351121382787824,-45839.550977125764,4969,200851725920.0,1388
0,73729324.04996045,73674819.82080078,-54504.22915966809,-45898.13760249317,2,-0.8790678232908249,-45897.69806858152,4994,201856284850.0,1389
2,77436978.92284954,77382042.79492188,-54936.12792766094,-45897.258534669876,2,0.8790678232908249,-45897.69806858152,4995,201859992090.0,1389
0,52503998.687337115,52457270.610687256,-46728.07664985955,-40599.52161910385,2,-0.39795834571123123,-40599.32263993099,5015,202835949880.0,1390
2,70762355.66112986,70713496.76675415,-48858.89437571168,-40599.12366075814,2,0.39795834571123123,-40599.32263993099,5016,202854206190.0,1390
2,33950410.96688704,33898583.111846924,-51827.8550401181,-47864.97664743662,3,-17.342138025909662,-47847.91292210668,5039,203818290680.0,1391
0,40106064.15743883,40053534.84448242,-52529.312956407666,-47847.91292210668,3,8.253449968993664,-47847.91292210668,5040,203824445660.0,1391
0,61124830.50644854,61069848.32449341,-54982.18195512891,-47847.356096714735,3,9.088688056915998,-47847.91292210668,5041,203845462070.0,1391
2,26216308.837305132,26253928.775909424,37619.93860429153,40680.05012778938,3,-12.406853664666414,40688.64369803667,5085,205812441040.0,1393
1,53653706.892562926,53688132.78097534,34425.88841241598,40688.64369803667,3,0.48350170627236366,40688.64369803667,5086,205839875370.0,1393
1,62493110.458379105,62526512.18963623,33401.731257125735,40696.27026487142,3,11.92335195839405,40688.64369803667,5087,205848713790.0,1393
1,70259866.06463218,70163546.95352173,-96319.11111044884,-88117.99374042451,1,,-88117.99374042451,5112,207858302070.0,1395
0,37527842.99226071,37482511.74597168,-45331.24628902972,-40950.790386363864,2,-5.1289386972785,-40948.225917015225,5154,209827384190.0,1397
0,43605009.31665477,43558973.83908081,-46035.47757396102,-40945.661447666585,2,5.1289386972785,-40948.225917015225,5155,209833460680.0,1397
1,52055632.848735124,52018826.429504395,-36806.41923072934,-30730.199922665954,4,-22.674444273114204,-30711.58658451587,5175,210842782000.0,1398
3,55259177.5207991,55222011.71847534,-37165.8023237586,-30715.6476906389,4,-8.122212246060371,-30711.58658451587,5176,210845985200.0,1398
3,58283008.470997296,58245497.832733154,-37510.63826414198,-30707.52547839284,4,8.122212246060371,-30711.58658451587,5177,210849008700.0,1398
2,67787541.60380507,67748924.18710327,-38617.41670179367,-30704.88261857629,4,10.76507206261158,-30711.58658451587,5178,210858512170.0,1398
1,25468404.045720972,25426255.73904419,-42148.30667678267,-39175.494707368314,3,-6.107639454305172,-39175.494707368314,5202,211817108080.0,1399
3,59459522.50574922,59413419.648864746,-46102.85688447207,-39162.41492024809,3,13.512041226029396,-39175.494707368314,5203,211851095400.0,1399
1,64904417.00467191,64857664.64550781,-46752.359164096415,-39176.35921557993,3,-7.404401771724224,-39175.494707368314,5204,211856539670.0,1399
1,24664596.140238762,24609504.84991455,-55091.29032421112,-52212.30322730541,2,-29.636142127215862,-52197.485156241804,5229,212817170930.0,1400
1,50056913.830997586,49998888.24606323,-58025.58493435383,-52182.6670851782,2,29.636142127215862,-52197.485156241804,5230,212842560430.0,1400
1,11409024.773316529,11356476.988861084,-52547.784455444664,-51216.06043596752,2,-40.31601474620402,-51195.90242859442,5253,213804816390.0,1401
0,44548850.538647436,44492474.807769775,-56375.730877660215,-51175.744421221316,2,40.31601474620402,-51195.90242859442,5254,213837952540.0,1401
2,25917285.146075793,25899193.6512146,-18091.494861193,-15066.287024900317,5,-11.508819706737995,-15055.764415889978,5281,214820218810.0,1402
3,42983186.308605865,42963115.283081055,-20071.025524809957,-15053.79199449718,5,6.633709453046322,-15055.764415889978,5282,214837282810.0,1402
0,45568789.80416687,45548423.409729004,-20366.394437864423,-15047.35506977886,5,13.070634171366692,-15055.764415889978,5283,214839868130.0,1402
1,74107627.69325288,74083912.35702515,-23715.336227729917,-15065.086992010474,5,-10.308786816895008,-15055.764415889978,5284,214868403750.0,1402
1,75807588.99309781,75783684.55062866,-23904.442469149828,-15055.764415889978,5,3.675077363848686,-15055.764415889978,5285,214870103530.0,1402
0,790869.8745499859,785300.1156921387,-5569.758857847191,-5477.444183355197,3,-8.284935961477458,-5477.444183355197,5308,215796035350.0,1403
3,10961612.640029132,10954853.410766602,-6759.229262530804,-5479.72964402847,3,-11.713126971386373,-5477.444183355197,5309,215806204950.0,1403
2,45493093.63171831,45482324.83917236,-10768.792545944452,-5458.58885075897,3,19.99806293286383,-5477.444183355197,5310,215840732580.0,1403
2,612413.2912426001,564137.8463439941,-48275.44489860593,-48203.96065643802,3,-38.23243742249906,-48174.787876781076,5365,217797574420.0,1405
0,24719027.27505056,24667967.146575928,-51060.128474630415,-48174.787876781076,3,5.526732062920928,-48174.787876781076,5366,217821678360.0,1405
2,56872444.62785947,56817649.495269775,-54795.13258969784,-48156.66856124997,3,32.70570535957813,-48174.787876781076,5367,217853828190.0,1405
2,64490313.87755374,64443904.00576782,-46409.87178591639,-38882.20822826773,1,,-38882.20822826773,5389,218862295940.0,1406
3,14678200.150663305,14630620.065093994,-47580.08556931093,-45866.76544846594,3,-31.27723845653236,-45855.7581881769,5409,219813378160.0,1407
2,27652794.028739706,27603710.484588623,-49083.544151082635,-45855.7581881769,3,-14.766348022967577,-45855.7581881769,5410,219826351310.0,1407
0,72917689.19545755,72863362.62414551,-54326.57131204009,-45815.21823184192,3,46.043586479499936,-45855.7581881769,5411,219871611170.0,1407
3,18394582.385774657,18345880.45855713,-48701.927217528224,-46554.8105552271,4,-25.965638235211372,-46529.02955375612,5438,220817952050.0,1408
0,45499636.171282426,45447795.989715576,-51840.18156684935,-46529.214190520346,4,-0.3692735284566879,-46529.02955375612,5439,220845054090.0,1408
3,56818224.99389546,56765064.01376343,-53160.98013203591,-46528.84491699189,4,0.3692735284566879,-46529.02955375612,5440,220856371410.0,1408
2,76343274.00953129,76287854.35299683,-55419.65653446317,-46508.45038458705,4,20.76380593329668,-46529.02955375612,5441,220875894290.0,1408
1,3976070.749074773,3927913.9252929688,-48156.82378180418,-47692.71497102594,4,-22.997329925652593,-47679.140209498815,5467,221804437430.0,1409
1,12162194.534800477,12113086.333892822,-49108.20090765506,-47688.56277789734,4,-18.845136797055602,-47679.140209498815,5468,221812622640.0,1409
3,64732832.1903151,64677614.92489624,-55217.265418857336,-47661.29379205406,4,27.26898584328592,-47679.140209498815,5469,221865187410.0,1409
1,68522395.55086139,68466727.52294922,-55668.027912169695,-47669.71764110029,4,18.845136797055602,-47679.140209498815,5470,221868976540.0,1409
3,55932434.24035014,55890866.59307861,-41567.64727152884,-35038.90641719103,1,,-35038.90641719103,5486,222857290210.0,1410
0,3770508.1516313986,3802931.2142333984,32423.062601999845,32863.17701764265,3,-10.09665630524978,32872.76445950568,5506,223806072680.0,1411
3,51291046.18548502,51317932.99581909,26886.810334071517,32873.782888390124,3,5.812149815959856,32872.76445950568,5507,223853587900.0,1411
1,59544732.71791634,59570655.09420776,25922.376291424036,32872.76445950568,3,4.2845064892899245,32872.76445950568,5508,223861840660.0,1411
2,24694893.87787312,24696474.117095947,1580.2392228282988,4462.762838039547,1,,4462.762838039547,5535,224827954980.0,1412
2,3382313.6465204386,3319141.489135742,-63172.15738469642,-62777.35516329948,5,-19.587473743595183,-62762.60136201233,5564,225807493250.0,1413
0,14833353.348613694,14768858.904907227,-64494.44370646775,-62763.013252398,5,-5.24556284211576,-62762.60136201233,5565,225818943020.0,1413
0,40532364.98704735,40464880.892822266,-67484.09422508627,-62752.93401709944,5,9.873290105722845,-62762.60136201233,5566,225844639160.0,1413
2,47697838.143346354,47629507.98840332,-68330.15494303405,-62762.60136201233,5,-4.627727263607085,-62762.60136201233,5567,225851803820.0,1413
0,50296525.59496634,50227906.05493164,-68619.54003469646,-62748.65338470787,5,14.153922497294843,-62762.60136201233,5568,225854402230.0,1413
2,32967062.2368789,32911938.94985962,-55123.28701928258,-51275.1904900223,2,13.27130614221096,-51281.82614309341,5593,226837963740.0,1414
3,49452424.06799208,49395363.24771118,-57060.82028089464,-51288.46179616451,2,-13.27130614221096,-51281.82614309341,5594,226854447240.0,1414
1,48884805.486609675,48838291.3364563,-46514.15015337616,-40808.047226309776,1,,-40808.047226309776,5611,227854732650.0,1415
1,29233982.219018042,29193582.871124268,-40399.34789377451,-36986.99696286023,1,,-36986.99696286023,5633,228835977440.0,1416
0,40503540.29780575,40455820.59475708,-47719.7030486688,-42991.907416686416,1,,-42991.907416686416,5656,229848100390.0,1417
0,29152361.686272882,29094766.011688232,-57595.6745846495,-54192.85085050389,2,-4.2769920490682125,-54190.71235447936,5681,230837645000.0,1418
0,38591135.81116737,38532442.668029785,-58693.14313758165,-54188.57385845482,2,4.2769920490682125,-54190.71235447936,5682,230847082720.0,1418
3,24224746.533042684,24207885.95855713,-16860.57448555529,-14032.929050050676,3,-4.85442603379488,-14031.36666597426,5699,231833606470.0,1419
1,37659241.426320225,37640814.266204834,-18427.160115391016,-14031.36666597426,3,-2.510849919170141,-14031.36666597426,5700,231847039460.0,1419
1,46914962.71773661,46895461.76309204,-19500.954644568264,-14024.782582059503,3,7.365275952965021,-14031.36666597426,5701,231856294150.0,1419
3,18077641.210072428,18092519.192321777,14877.982249349356,16988.103797271848,2,6.342142883688211,16984.932725830004,5729,232828416760.0,1420
2,24724852.926731158,24738948.667785645,14095.741054486483,16981.76165438816,2,-6.342142883688211,16984.932725830004,5730,232835063220.0,1420
1,60013335.53875548,60045475.88848877,32140.349733293056,39145.435795761645,2,-23.293313466012478,39157.08245249465,6232,253889535370.0,1441
2,73608366.70247394,73638943.45883179,30576.756357848644,39168.72910922766,2,23.293313466012478,39157.08245249465,6233,253903128900.0,1441
2,3424008.6661122227,3450945.9140319824,26937.247919759713,27336.91701279441,3,-31.187562506180257,27353.13366964087,6289,255834832910.0,1443
0,14042593.147407949,14068307.152496338,25714.00508838892,27353.13366964087,3,-6.862577236490324,27353.13366964087,6290,255845450320.0,1443
0,53516509.550143115,53537645.884765625,21136.334622509778,27383.07548096031,3,38.05013974267058,27353.13366964087,6291,255884919840.0,1443
0,16705226.44897106,16629436.327972412,-75790.12099864706,-73840.19523768872,3,-0.31853711046278477,-73840.19523768872,6315,256848982970.0,1444
1,16984599.37527372,16908755.045166016,-75844.3301077038,-73861.79440472648,3,-32.71728766709566,-73840.19523768872,6316,256849262290.0,1444
3,63899406.256726146,63818129.6081543,-81276.64857184887,-73817.95899643004,3,33.035824777558446,-73840.19523768872,6317,256896171880.0,1444
2,1135934.8598118215,1109058.4933166504,-26876.366495171096,-26743.77394081792,3,-37.372770107816905,-26736.163050387055,6420,261837841600.0,1449
3,7632685.75171103,7605058.659667969,-27627.09204306081,-26736.163050387055,3,-25.956434461520985,-26736.163050387055,6421,261844337630.0,1449
0,64575251.39147708,64541037.17425537,-34214.217221707106,-26676.63929103315,3,63.32920456933789,-26736.163050387055,6422,261901273870.0,1449
2,8137307.442251347,8093385.634521484,-43921.80772986263,-42971.976522548124,3,-34.21445703320205,-42944.34478242695,6447,262845736540.0,1450
3,45880132.0418577,45831832.31613159,-48299.72572610527,-42944.34478242695,3,7.2331531485542655,-42944.34478242695,6448,262883475160.0,1450
1,71458817.10140406,71407544.85653687,-51272.24486719072,-42931.17934860289,3,26.981303884647787,-42944.34478242695,6449,262909050990.0,1450
0,37389624.01466761,37396552.5406189,6928.5259512886405,11292.848175920546,3,1.478569209575653,11292.848175920546,6473,263875892310.0,1451
1,40980226.699868694,40986716.052368164,6489.352499470115,11272.789585828781,3,-28.609315928071737,11292.848175920546,6474,263879482490.0,1451
0,48425614.4163315,48431271.862335205,5657.446003705263,11309.94962759316,3,27.130746718496084,11292.848175920546,6475,263886927080.0,1451
3,31108761.45124723,31136358.28314209,27596.83189485967,31228.017352335155,1,,31228.017352335155,6500,264870591820.0,1452
2,12269945.481156245,12218765.278656006,-51180.202500239015,-49747.98708835244,1,,-49747.98708835244,6539,266853565190.0,1454
0,8939195.07095017,8944095.842407227,4900.771457057446,5944.20339162834,1,,5944.20339162834,6574,267851134270.0,1455
2,12300249.316111736,12290411.59991455,-9837.716197185218,-8401.963555281982,3,-0.9154939576983452,-8401.963555281982,6599,268855411150.0,1456
2,15426880.651319314,15416677.2421875,-10203.409131813794,-8402.69891186431,3,-2.018528831191361,-8401.963555281982,6600,268858537430.0,1456
3,36153631.510774806,36141012.06317139,-12619.447603419423,-8399.397210784256,3,2.934022788889706,-8401.963555281982,6601,268879261860.0,1456
0,33430965.892820906,33407927.91973877,-23037.973082136363,-19135.727170817554,2,-12.94611919671297,-19129.254111219198,6628,269877420400.0,1457
0,43153783.19925525,43129623.27166748,-24159.927587769926,-19122.78105162084,2,12.94611919671297,-19129.254111219198,6629,269887142140.0,1457
3,72942927.24794918,72927945.61920166,-14981.628747522831,-6467.3297432512045,1,,-6467.3297432512045,6658,270917855020.0,1458
1,15026720.322513118,15001120.97265625,-25599.349856868386,-23845.34854781069,2,-19.107607247307897,-23835.794744187035,6689,271860816750.0,1459
3,26064808.953294702,26037940.284729004,-26868.668565697968,-23826.24094056338,2,19.107607247307897,-23835.794744187035,6690,271871853620.0,1459
0,34187389.57869595,34147554.230895996,-39835.3477999568,-35844.807962432504,2,5.96151851862669,-35847.78872169182,6714,272880879740.0,1460
0,34541655.265280694,34501772.60412598,-39882.66115471721,-35850.76948095113,2,-5.96151851862669,-35847.78872169182,6715,272881233960.0,1460
1,12960907.328207362,12960320.982666016,-586.3455413468182,926.5227314587682,3,-51.8890137989074,976.2101874873042,6745,273860553070.0,1461
0,55968035.77314795,55962483.489990234,-5552.283157713711,980.6133030280471,3,29.246843555010855,976.2101874873042,6746,273903555430.0,1461
1,66073133.29529185,66066397.08654785,-6736.208743996918,976.2101874873042,3,22.642170243896544,976.2101874873042,6747,273913659390.0,1461
0,13077923.577460233,13082247.526245117,4323.948784884065,5850.47583684884,4,-5.327296124771237,5853.519078914076,6774,274861610410.0,1462
2,39893098.96599464,39894304.38861084,1205.422616198659,5861.964183948934,4,10.729159094393253,5853.519078914076,6775,274888422590.0,1462
1,49338608.85236102,49338701.014038086,92.16167706251144,5851.235024854541,4,-4.56810811907053,5853.519078914076,6776,274897867030.0,1462
0,55534469.04717255,55533842.56213379,-626.4850387573242,5855.803132973611,4,4.56810811907053,5853.519078914076,6777,274904062200.0,1462
0,55063429.168562226,54996576.27886963,-66852.88969259709,-60425.583882018924,1,,-60425.583882018924,6810,275904428600.0,1463
0,2154222.1242090035,2127982.0885009766,-26240.03570802696,-25988.58307267027,3,-40.95400982396677,-25955.777467556298,6864,277853257020.0,1465
3,43737022.1394521,43705961.13659668,-31061.002855420113,-25955.777467556298,3,8.254397846991196,-25955.777467556298,6865,277894835190.0,1465
1,65955687.29715416,65922049.10650635,-33638.1906478107,-25939.48065813631,3,32.699611976975575,-25955.777467556298,6866,277917051380.0,1465
1,2679888.054165214,2653076.9862060547,-26811.067959159147,-26498.256709981244,4,-33.65481752483174,-26469.510109419003,6894,278854672730.0,1466
3,13634392.581563994,13606326.682067871,-28065.899496123195,-26474.418326381594,4,-9.816433925181627,-26469.510109419003,6895,278865626030.0,1466
3,61107091.21591215,61073498.68334961,-33592.53256253898,-26459.777331523597,4,14.640994857996702,-26469.510109419003,6896,278913093420.0,1466
3,75234370.18039069,75199123.80969238,-35246.370698302984,-26464.601892456412,4,9.816433925181627,-26469.510109419003,6897,278927219110.0,1466
2,3801033.7747300575,3765769.0618896484,-35264.71284040902,-34821.035306419246,2,-42.11710119526833,-34799.97675582161,6925,279856702920.0,1467
0,35330187.1287476,35291284.27709961,-38902.85164798796,-34778.91820522398,2,42.11710119526833,-34799.97675582161,6926,279888228580.0,1467
2,21026731.77656354,20992737.21307373,-33994.56348980963,-31540.20789725706,4,-32.74782460555434,-31507.59185342118,6951,280874829540.0,1468
3,50183168.70268091,50145803.324035645,-37365.37864526361,-31507.723634190857,4,-0.26356153935194016,-31507.59185342118,6952,280903982740.0,1468
1,52674767.830600776,52637111.882385254,-37655.94821552187,-31507.460072651505,4,0.26356153935194016,-31507.59185342118,6953,280906474060.0,1468
0,72599104.97955279,72559160.38800049,-39944.59155230224,-31470.425371155143,4,37.298263035714626,-31507.59185342118,6954,280926396200.0,1468
1,53543457.738125116,53536187.20013428,-7270.537990838289,-1020.651591911912,1,,-1020.651591911912,6973,281908233800.0,1469
2,38705595.37980896,38698552.506103516,-7042.87370544672,-2524.944076962769,2,-22.04764035344124,-2513.9202567860484,7001,282894318710.0,1470
0,51169920.999331884,51161445.26873779,-8475.730594091117,-2502.896436609328,2,22.04764035344124,-2513.9202567860484,7002,282906781660.0,1470
3,5293940.182544245,5347249.021728516,53308.83918427024,53926.77695185784,3,-23.304797905497253,53926.77695185784,7031,283861849930.0,1471
1,9365101.264427241,9417930.326599121,52829.062171880156,53922.20821604133,3,-30.157901630271226,53926.77695185784,7032,283865920630.0,1471
3,48641449.707824215,48689749.96600342,48300.258179202676,53977.95528348535,3,53.46269953576848,53926.77695185784,7033,283905192630.0,1471
3,4143291.049137623,4074909.7017211914,-68381.34741643164,-67897.71973400889,1,,-67897.71973400889,7052,284861571110.0,1472
1,50186099.985680394,50157767.719055176,-28332.266625218093,-22474.269458696246,2,-43.222328558564186,-22452.658294416964,7077,285908468760.0,1473
2,78446115.65497592,78414527.94647217,-31587.708503752947,-22431.047130137682,2,43.222328558564186,-22452.658294416964,7078,285936725650.0,1473
0,17877600.837700084,17847457.39855957,-30143.43914051354,-28056.66740329191,1,,-28056.66740329191,7100,286877053010.0,1474
2,49294036.304286085,49271862.572021484,-22173.732264600694,-16419.861669369042,1,,-16419.861669369042,7133,287909327980.0,1475
0,3504813.444152743,3470524.169555664,-34289.27459707903,-33880.17352664564,1,,-33880.17352664564,7154,288864430100.0,1476
0,13141913.029975813,13120881.286499023,-21031.743476789445,-19497.747224556282,2,-10.676305869594216,-19492.409071621485,7178,289874943210.0,1477
0,32921520.308392126,32898190.456848145,-23329.851543981582,-19487.070918686688,2,10.676305869594216,-19492.409071621485,7179,289894720610.0,1477
2,27782605.44359563,27756431.339111328,-26174.10448430106,-22931.166220247746,1,,-22931.166220247746,7202,290890478400.0,1478
2,72253037.15198779,72271610.34924316,18573.197255373,27006.96849939227,1,,27006.96849939227,7235,291935853420.0,1479
1,18135656.198715236,18079554.28112793,-56101.91758730635,-53985.02421134338,1,,-53985.02421134338,7262,292882608560.0,1480
0,77744983.58565415,77714441.98504639,-30541.6006077677,-21466.77921925485,1,,-21466.77921925485,7289,293943074430.0,1481
3,10511083.712932028,10499967.967346191,-11115.74558583647,-9888.834177598357,3,22.571184638887644,-9904.959468752146,7315,294876754100.0,1482
2,27714658.933745123,27701518.96710205,-13139.966643072665,-9904.959468752146,3,-1.616752091795206,-9904.959468752146,7316,294893955730.0,1482
3,61818886.04875417,61801752.357666016,-17133.691088154912,-9917.851255722344,3,-20.954432547092438,-9904.959468752146,7317,294928056120.0,1482
2,35161335.265837,35201743.90356445,40408.637727454305,44512.86185359955,1,,44512.86185359955,7341,295902330730.0,1483
3,27352722.430132233,27351678.814941406,-1043.6151908263564,2149.144767370075,3,-11.516586478799582,2149.144767370075,7370,296895469290.0,1484
1,28509078.470506832,28507883.504943848,-1194.9655629843473,2132.77062189579,3,-36.07780469022691,2149.144767370075,7371,296896625500.0,1484
0,58089809.67689526,58085217.66741943,-4592.009475827217,2188.552085801959,3,47.594391169026494,2149.144767370075,7372,296926202970.0,1484
2,53869870.6456645,53860734.3369751,-9136.308689400554,-2848.321583546698,1,,-2848.321583546698,7396,297922878040.0,1485
3,25956324.622090273,25953841.638061523,-2482.984028749168,546.78070955351,2,10.049582447856665,541.7559183295816,7421,298895899520.0,1486
1,31259199.30112751,31256087.286865234,-3112.0142622739077,536.7311271056533,2,-10.049582447856665,541.7559183295816,7422,298901201790.0,1486
3,4190448.8722214326,4172386.8848876953,-18061.987333737314,-17572.855131256394,3,-14.874966007657349,-17565.80027044192,7444,299875029570.0,1487
3,11612974.130366571,11594052.799987793,-18921.33037877828,-17565.80027044192,3,-4.2926747859455645,-17565.80027044192,7445,299882451270.0,1487
2,60495089.80822778,60470478.32910156,-24611.47912621498,-17550.160060055554,3,19.167640793602914,-17565.80027044192,7446,299931327920.0,1487
2,37768726.49895464,37756677.89898682,-12048.599967822433,-7640.02681954205,1,,-7640.02681954205,7469,300909516660.0,1488
2,1319974.0974081038,1351004.443359375,31030.345951271243,31184.420576011995,3,-32.61917568719946,31201.772769022733,7500,301873993240.0,1489
3,18710896.84855692,18739914.582702637,29017.734145715833,31201.772769022733,3,-6.590886171092279,31201.772769022733,7501,301891382230.0,1489
0,30928206.28294667,30955828.479614258,27622.196667589247,31232.306734375656,3,39.21006185829174,31201.772769022733,7502,301903598200.0,1489
1,17037070.430970136,17064357.27911377,27286.848143633455,29275.50855635479,2,-14.79444608464837,29282.905779397115,7526,302890664350.0,1490
2,25300612.255541187,25326949.33215332,26337.076612133533,29290.30300243944,2,14.79444608464837,29282.905779397115,7527,302898926980.0,1490
1,48926069.84368813,48912780.187805176,-13289.655882954597,-7578.736353546381,2,-23.778688363730907,-7566.8470093645155,7545,303923432460.0,1491
1,65967426.97028598,65952171.93231201,-15255.037973970175,-7554.95766518265,2,23.778688363730907,-7566.8470093645155,7546,303940471930.0,1491
0,30992219.918346606,30981195.251037598,-11024.667309008539,-7407.08521919325,2,-8.310532171279192,-7402.92995310761,7584,305907262050.0,1493
2,56548347.303376675,56534347.89508057,-13999.408296108246,-7398.774687021971,2,8.310532171279192,-7402.92995310761,7585,305932815320.0,1493
2,72179449.22959137,72156069.39031982,-23379.83927154541,-14954.657613903284,1,,-14954.657613903284,7609,306949342830.0,1494
1,3968405.8833723217,3948102.0963745117,-20303.786997810006,-19840.572872244753,2,-28.55323684681207,-19826.296253821347,7626,307881993930.0,1495
0,5794392.084078598,5773903.711181641,-20488.37289695721,-19812.01963539794,2,28.55323684681207,-19826.296253821347,7627,307883819740.0,1495
0,24895339.42084305,24882751.20550537,-12588.21533767879,-9682.294618029147,1,,-9682.294618029147,7645,308903831320.0,1496
2,4818530.764715291,4813624.795166016,-4905.969549275003,-4343.524179450236,3,-28.744560371153057,-4326.568019457161,7666,309884628650.0,1497
2,20562789.265788354,20556062.49609375,-6726.76969460398,-4326.568019457161,3,-3.310320381540805,-4326.568019457161,7667,309900371160.0,1497
0,34447252.601060845,34438928.73736572,-8323.863695122302,-4302.991218701005,3,32.05488075269386,-4326.568019457161,7668,309914254090.0,1497
3,763714.4223813938,777626.5473632812,13912.124981887406,14001.269922889303,2,14.540641247760504,13993.999602265423,7690,310881503470.0,1498
1,1968294.036736574,1982051.0159301758,13756.979193601757,13986.729281641543,2,-14.540641247760504,13993.999602265423,7691,310882707900.0,1498
1,47472794.75260545,47493773.06488037,20978.31227491796,26519.59755563736,4,-22.76902875304222,26542.190245203674,7715,311929163180.0,1499
3,50305989.67926988,50326660.054504395,20670.375234514475,26542.366584390402,4,0.3526783734560013,26542.190245203674,7716,311931996080.0,1499
2,59467247.314969845,59486847.98522949,19600.67025964707,26542.013906016946,4,-0.3526783734560013,26542.190245203674,7717,311941156310.0,1499
1,76004069.25746113,76021752.0466919,17682.789230763912,26554.401539370418,4,12.387633353471756,26542.190245203674,7718,311957691290.0,1499
2,6763734.516763842,6768352.51763916,4618.000875318423,5407.501108363271,3,-18.77819523587823,5413.152984537184,7760,313890262830.0,1501
3,14440709.710230246,14444437.264282227,3727.5540519803762,5413.152984537184,3,-10.30038097500801,5413.152984537184,7761,313897938950.0,1501
3,37686660.10507016,37687700.51678467,1040.4117145091295,5439.405622661114,3,29.07857621088624,5413.152984537184,7762,313921182320.0,1501
0,9941267.641430799,9933553.317382812,-7714.324047986418,-6553.924700522795,3,-33.08025271259248,-6530.072830595076,7790,314894312770.0,1502
3,44678138.953153014,44666393.802612305,-11745.150540709496,-6530.072830595076,3,2.6975521789863706,-6530.072830595076,7791,314929045770.0,1502
1,75311075.47175653,75295773.13342285,-15302.338333681226,-6511.61606502533,3,30.382700533606112,-6530.072830595076,7792,314959675290.0,1502
0,56457352.43077755,56440732.94976807,-16619.481009483337,-10029.468821585178,1,,-10029.468821585178,7809,315941729720.0,1503
0,12539056.224511724,12528282.061645508,-10774.162866216153,-9310.535370655358,4,-8.430368542671204,-9306.320186384022,7834,316898679520.0,1504
1,28084981.42844112,28072380.673461914,-12600.754979204386,-9322.521729826927,4,-20.41672771424055,-9306.320186384022,7835,316914223690.0,1504
1,44307220.066527426,44292746.179504395,-14473.887023031712,-9302.105002112687,4,8.430368542671204,-9306.320186384022,7836,316930444130.0,1504
2,71921689.060673,71904029.37133789,-17659.689335107803,-9264.59485976398,4,45.940510891377926,-9306.320186384022,7837,316958055540.0,1504
0,16211104.735860463,16182250.552001953,-28854.183858510107,-26961.93469716981,4,-13.883198652416468,-26950.928684655577,7862,317903232310.0,1505
0,27184177.05494599,27154050.16265869,-30126.892287299037,-26953.80587079376,4,-5.754372276365757,-26950.928684655577,7863,317914204160.0,1505
1,47207246.55556239,47174788.215026855,-32458.34053553641,-26948.051498517394,4,5.754372276365757,-26950.928684655577,7864,317934224990.0,1505
3,73808645.63386193,73773116.05895996,-35529.57490196824,-26914.224493965507,4,39.58137682825327,-26950.928684655577,7865,317960823440.0,1505
2,11612233.7666183,11598039.108825684,-14194.657792616636,-12839.214103603736,2,-37.3986253682524,-12820.51479091961,7885,318899496450.0,1506
3,60490987.30893742,60471124.65325928,-19862.655678145587,-12801.815478235483,2,37.3986253682524,-12820.51479091961,7886,318948369760.0,1506
0,77984546.44479603,77974455.51635742,-10090.928438603878,-988.1439577192068,1,,-988.1439577192068,7911,319966776840.0,1507
2,27143351.351121694,27187354.163269043,44002.81214734912,47171.133163526654,3,-14.176527313888073,47183.55361638963,7931,320916860150.0,1508
3,61868009.2125824,61907974.704589844,39965.49200744182,47187.06576529145,3,9.722375333309174,47183.55361638963,7932,320951580930.0,1508
3,76758092.40053889,76796316.328125,38223.927586108446,47183.55361638963,3,4.454151980578899,47183.55361638963,7933,320966469340.0,1508
0,29478268.64498257,29467866.294189453,-10402.350793115795,-6961.485409166664,4,-10.65877578034997,-6951.588204368949,7976,322920924970.0,1510
0,44772264.47713865,44760086.062805176,-12178.414333477616,-6952.349775351584,4,-1.5231419652700424,-6951.588204368949,7977,322936217260.0,1510
2,55536359.96870257,55522926.63317871,-13433.335523858666,-6950.826633386314,4,1.5231419652700424,-6951.588204368949,7978,322946980150.0,1510
2,62396081.963094026,62381855.13269043,-14226.830403596163,-6943.617094613612,4,8.73268073797226,-6951.588204368949,7979,322953839110.0,1510
3,256686.85469214257,237481.85229492188,-19205.0023972207,-19175.040498051443,5,-40.9781717431033,-19137.016680918634,8011,323892584040.0,1511
1,35931350.79998347,35908018.03100586,-23332.768977612257,-19138.664410099387,5,-4.602083791047335,-19137.016680918634,8012,323928254740.0,1511
0,37309517.7820275,37286031.70227051,-23486.079756990075,-19131.107971698046,5,6.732573810964823,-19137.016680918634,8013,323929632760.0,1511
1,40816276.91564722,40792375.59899902,-23901.316648200154,-19137.016680918634,5,-2.130490019917488,-19137.016680918634,8014,323933139120.0,1511
3,68336156.67942986,68309069.22521973,-27087.45421013236,-19110.882762789726,5,26.957782719284296,-19137.016680918634,8015,323960655940.0,1511
3,7637507.951028845,7635899.399719238,-1608.5513096069917,-717.05944334995,5,-24.546577668748796,-695.7474014386535,8039,324900826000.0,1512
3,27263736.14613775,27259849.274353027,-3886.871784724295,-704.4987942278385,5,-11.985928546637297,-695.7474014386535,8040,324920450040.0,1512
3,55204003.96301726,55196870.970214844,-7132.992802418768,-689.278329923749,5,10.844767909497023,-695.7474014386535,8041,324948387190.0,1512
3,57980291.74668132,57972828.22125244,-7463.525428876281,-695.7474014386535,5,1.141160637140274,-695.7474014386535,8042,324951163160.0,1512
2,58339762.10012376,58332266.570495605,-7495.529628157616,-685.7922471836209,5,14.330850649625063,-695.7474014386535,8043,324951522600.0,1512
1,882423.9477137057,934485.3661499023,52061.41843619663,52164.419804839534,4,-45.35514933790546,52205.43911640905,8059,325895041280.0,1513
0,18219341.31164016,18269415.753356934,50074.4417167753,52201.10327864066,4,-8.67167553678155,52205.43911640905,8060,325912376290.0,1513
0,35400752.72193714,35448836.85479736,48084.13286022097,52216.3031065017,4,15.19982786104083,52205.43911640905,8061,325929555790.0,1513
2,52954907.65727644,53000936.244628906,46028.58735246956,52209.77495417744,4,8.67167553678155,52205.43911640905,8062,325947107970.0,1513
2,46187890.13017543,46185870.560180664,-2019.5699947625399,3371.734162904322,2,28.644128240644932,3357.4120987839997,8086,326941247230.0,1514
2,75432568.07975367,75427106.26623535,-5461.813518315554,3343.090034663677,2,-28.644128240644932,3357.4120987839997,8087,326970488600.0,1514
3,54925556.203462206,54908309.65423584,-17246.549226365983,-10835.336705349386,1,,-10835.336705349386,8111,327950894370.0,1515
1,751198.0453561969,804885.5458374023,53687.50048120541,53775.1844419525,1,,53775.1844419525,8148,328897658270.0,1516
1,66016304.975223765,66023946.892456055,7641.91723228991,15347.702850207686,2,-9.50780165195465,15352.456751033664,8181,329963863220.0,1517
1,69529459.40934724,69536700.75970459,7241.350357353687,15357.210651859641,2,9.50780165195465,15352.456751033664,8182,329967375990.0,1517
3,55880253.642728105,55933100.562805176,52846.920077070594,59369.57012552768,2,-5.361533969640732,59372.2508925125,8208,330954659100.0,1518
3,64872146.572747245,64923949.271240234,51802.698492988944,59374.93165949732,2,5.361533969640732,59372.2508925125,8209,330963649990.0,1518
1,59820035.044191256,59811617.26885986,-8417.775331392884,-1435.252364076674,2,-14.884582661092281,-1427.8100727461278,8258,332960340620.0,1520
2,69070527.44875133,69061044.78973389,-9482.659017443657,-1420.3677814155817,2,14.884582661092281,-1427.8100727461278,8259,332969590090.0,1520
2,13922265.75241994,13921258.680908203,-1007.0715117361397,618.011795245111,3,-41.49749052897096,649.0964728072286,8310,334916223340.0,1522
3,43367266.43579584,43362853.466796875,-4412.968998968601,649.0964728072286,3,5.129525814205408,649.0964728072286,8311,334945665070.0,1522
3,64652742.4229955,64645865.72198486,-6876.701010636985,669.9220987409353,3,36.36796471476555,649.0964728072286,8312,334966948180.0,1522
0,41160614.20176898,41146550.89007568,-14063.311693295836,-9258.818787194788,2,-20.506632760167122,-9248.565470814705,8328,335944353450.0,1523
3,60381268.97250284,60364982.627075195,-16286.345427647233,-9238.312154434621,2,20.506632760167122,-9248.565470814705,8329,335963571970.0,1523
2,42088120.560710184,42075390.0993042,-12730.461405985057,-7817.704864650965,2,-6.381521567702293,-7814.514103867114,8359,336946136810.0,1524
0,47945530.990531415,47932123.201538086,-13407.78899332881,-7811.323343083262,2,6.381521567702293,-7814.514103867114,8360,336951993570.0,1524
3,28495176.320142288,28492097.759765625,-3078.560376662761,247.55307288840413,2,-40.73554268106818,267.9208442289382,8387,337933450980.0,1525
0,69430465.79778998,69422649.78118896,-7816.016601011157,288.2886155694723,2,40.73554268106818,267.9208442289382,8388,337974381720.0,1525
1,29712291.964029618,29741203.41937256,28911.455342940986,32379.637213733047,3,-22.828906390815973,32400.133570991457,8403,338935571760.0,1526
0,36015513.6041471,36043714.4743042,28200.87015710026,32404.79866925627,3,14.913276894018054,32400.133570991457,8404,338941874300.0,1526
1,47880998.78652556,47907809.98699951,26811.200473949313,32400.133570991457,3,7.915629496797919,32400.133570991457,8405,338953738450.0,1526
0,1200525.7014747038,1187373.0737304688,-13152.627744235098,-13012.495792169124,1,,-13012.495792169124,8453,340908821040.0,1528
0,6499930.320495504,6516351.927856445,16421.607360941358,17180.31491962634,3,-3.1491539794951677,17180.31491962634,8483,341915036560.0,1529
1,35686816.43338116,35699827.89916992,13011.465788759291,17177.02696224302,3,-8.081090054474771,17180.31491962634,8484,341944220170.0,1529
1,50855714.49931303,50866968.242248535,11253.74293550849,17189.90118496865,3,11.230244033969939,17180.31491962634,8485,341959387380.0,1529
1,61176194.236332394,61203860.20043945,27665.964107058942,34806.785422064364,1,,34806.785422064364,8543,344972504190.0,1532
0,14955406.970951656,14954695.04522705,-711.9257246050984,1033.7514984700829,9,-6.978808930143714,1036.2668171674013,8600,346928074950.0,1534
1,21090264.860449597,21088816.873535156,-1447.9869144409895,1013.784608528018,9,-26.945698872208595,1036.2668171674013,8601,346934209100.0,1534
2,27386656.80047547,27384477.959960938,-2178.8405145332217,1017.8804497048259,9,-22.849857695400715,1036.2668171674013,8602,346940504790.0,1534
1,35590391.56748175,35587260.28765869,-3131.2798230573535,1023.0261105969548,9,-17.70419680327177,1036.2668171674013,8603,346948707610.0,1534
2,39688767.89163488,39685171.4675293,-3596.4241055846214,1036.2668171674013,9,-3.205830884166062,1036.2668171674013,8604,346952805540.0,1534
3,45843259.088637844,45838953.20550537,-4305.883132472634,1045.1937976330519,9,10.184639814309776,1036.2668171674013,8605,346958959350.0,1534
2,63433635.64000432,63427292.42889404,-6343.211110278964,1061.11116117239,9,26.102003353647888,1036.2668171674013,8606,346976547770.0,1534
0,64941332.17311634,64934835.505371094,-6496.667745247483,1083.641144439578,9,48.63198662083596,1036.2668171674013,8607,346978055320.0,1534
3,67892550.75955024,67885691.95318604,-6858.80636420846,1065.9849642813206,9,30.975806462578475,1036.2668171674013,8608,346981006190.0,1534
2,15003437.957390059,15017871.982055664,14434.024665605277,16185.308329159394,6,-25.797821251675487,16207.543658683077,8631,347929046660.0,1535
3,23691780.033387728,23705212.084350586,13432.050962857902,16197.485621955246,6,-13.62052845582366,16207.543658683077,8632,347937734040.0,1535
3,25821912.396850653,25835102.302612305,13189.905761651695,16203.981166955084,6,-7.1249834559857845,16207.543658683077,8633,347939863940.0,1535
0,39438217.62861561,39449839.775268555,11622.146652944386,16225.59197320044,6,21.610806245356798,16207.543658683077,8634,347953478740.0,1535
1,47899250.87900092,47909870.921569824,10620.042568907142,16211.10615041107,6,7.1249834559857845,16207.543658683077,8635,347961938810.0,1535
3,79973266.97830433,79980183.63470459,6916.6564002633095,16251.575262054801,6,47.59409509971738,16207.543658683077,8636,347994009270.0,1535
1,38814718.902990125,38827381.7633667,12662.860376574099,17193.527501888573,1,,17193.527501888573,8665,348953786060.0,1536
3,7970987.4587020185,8023120.54498291,52133.08628089167,53063.50370644871,5,-23.607657457701862,53083.13458431512,8693,349923872270.0,1537
3,9762150.114896316,9814072.319763184,51922.20486686751,53061.696633083746,5,-25.41473082266748,53083.13458431512,8694,349925663230.0,1537
3,44135883.12064267,44183814.472595215,47931.351952545345,53083.13458431512,5,5.838659341912717,53083.13458431512,8695,349960033130.0,1537
1,68291213.78651693,68336333.54919434,45119.762677401304,53091.088143497705,5,17.768998115789145,53083.13458431512,8696,349984185760.0,1537
3,73157677.37930806,73202241.2019043,44563.82259623706,53103.18841505051,5,29.869269668590277,53083.13458431512,8697,349989051690.0,1537
3,7091302.187003606,7144671.577026367,53369.39002276119,54197.12575297803,3,-23.562540251761675,54217.86793465912,8719,350923952270.0,1538
0,18823747.043744624,18875767.700561523,52020.65681689978,54217.86793465912,3,7.550732269883156,54217.86793465912,8720,350935683420.0,1538
3,39441773.3725274,39491393.02081299,49619.64828559011,54223.508651800454,3,16.01180798187852,54217.86793465912,8721,350956299140.0,1538
0,36960199.21263887,36945995.83673096,-14203.37590791285,-9889.178504183888,2,-6.458448991179466,-9885.949279688299,8742,351954684280.0,1539
1,67167660.01961604,67149937.12145996,-17722.89815607667,-9882.720055192709,2,6.458448991179466,-9885.949279688299,8743,351984888360.0,1539
3,14403208.341115076,14387590.729370117,-15617.611744958907,-13936.390178129077,3,-47.43086253106594,-13905.524278745055,8761,352933020480.0,1540
1,65106553.0137938,65085047.8951416,-21505.11865219474,-13905.524278745055,3,-1.1320134550333023,-13905.524278745055,8762,352983718170.0,1540
0,68347783.33391307,68325933.01098633,-21850.32292674482,-13872.394352450967,3,48.56287598609924,-13905.524278745055,8763,352986959070.0,1540
1,44763376.34261538,44766039.98284912,2663.6402337402105,7888.667319998145,3,-14.006497524678707,7900.0532251521945,8799,354965147270.0,1542
3,55417399.62861599,55418831.058654785,1431.4300387948751,7900.0532251521945,3,3.0723602063953876,7900.0532251521945,8800,354975800110.0,1542
3,55785475.66097927,55786869.36834717,1393.7073678970337,7905.294409893453,3,10.93413731828332,7900.0532251521945,8801,354976168150.0,1542
0,62184199.46415044,62246623.1350708,62423.67092035711,69682.15214060247,2,-2.239914894104004,69683.27209804952,8831,355983491410.0,1543
2,76037220.61067408,76098029.52081299,60808.91013890505,69684.39205549657,2,2.239914894104004,69683.27209804952,8832,355997342880.0,1543
0,3340676.415036193,3348648.4442749023,7972.029238709249,8361.971333813854,1,,8361.971333813854,8861,356925591810.0,1544
1,11350373.403241351,11352783.080627441,2409.6773860901594,3734.555295592174,3,-48.28115985915065,3763.7401097156107,8882,357934467650.0,1545
2,25885374.077425107,25886116.33453369,742.2571085840464,3763.7401097156107,3,-4.503938673995435,3763.7401097156107,8883,357949001050.0,1545
3,54860935.012841634,54858333.27606201,-2601.7367796227336,3801.9328011870384,3,52.78509853314608,3763.7401097156107,8884,357977973400.0,1545
0,40741456.94821434,40779643.17053223,38186.22231788933,42941.78888773173,3,-23.272997491061687,42964.8768722713,8900,358964801130.0,1546
0,54821902.748489134,54858468.51184082,36565.7633516863,42964.8768722713,3,11.358979318290949,42964.8768722713,8901,358978880020.0,1546
2,73900281.7020576,73934620.90228271,34339.20022511482,42965.246898174286,3,11.914018172770739,42964.8768722713,8902,358997956260.0,1546
1,16876078.39018365,16925873.93005371,49795.53987006098,51765.40840776265,2,-19.711344815790653,51775.26408017054,8926,359941859880.0,1547
1,28445285.973383367,28493750.80316162,48464.82977825403,51785.11975257844,2,19.711344815790653,51775.26408017054,8927,359953427810.0,1547
0,22514350.3032576,22564483.01763916,50132.71438156068,52760.71297718957,3,-40.29836778715253,52780.52981708944,8947,360948460040.0,1548
0,42220740.230990306,42268592.52416992,47852.29317961633,52780.52981708944,3,-10.57310793735087,52780.52981708944,8948,360968164240.0,1548
3,79381426.22199225,79424981.87890625,43555.65691399574,52821.49287286401,3,50.8714757245034,52780.52981708944,8949,361005320800.0,1548
0,10301757.933216047,10285884.580322266,-15873.352893780917,-14670.875139977783,4,-14.248636048287153,-14663.75082195364,8970,361937101950.0,1549
1,28604247.207698416,28586230.53375244,-18016.67394597456,-14677.829143509269,4,-21.20263957977295,-14663.75082195364,8971,361955402380.0,1549
2,56248885.89242993,56227663.58709717,-21222.305332764983,-14656.626503929496,4,14.248636048287153,-14663.75082195364,8972,361983043940.0,1549
2,56633505.88389018,56612241.82092285,-21264.062967330217,-14653.489181108773,4,17.38595886901021,-14663.75082195364,8973,361983428520.0,1549
1,9471696.867520673,9486463.223022461,14766.355501787737,15871.943970067427,3,-49.04107188992202,15916.146374881268,9019,363938006950.0,1551
1,44530923.9754389,44541642.22784424,10718.25240533799,15916.146374881268,3,17.262535330839455,15916.146374881268,9020,363973062290.0,1551
1,62326189.74183311,62334840.51043701,8650.768603898585,15925.82370903343,3,31.778536559082568,15916.146374881268,9021,363990855570.0,1551
0,47220894.48782848,47226404.49865723,5510.010828748345,11021.892927363515,2,-19.220270916819572,11031.503062821925,9054,365977532130.0,1553
3,77102325.9741825,77104367.28051758,2041.3063350766897,11041.113198280334,2,19.220270916819572,11031.503062821925,9055,366007410230.0,1553
1,14925695.744991068,14921762.055725098,-3933.6892659701407,-2191.4801003355533,1,,-2191.4801003355533,9079,366946143040.0,1554
1,51754486.7618318,51772812.28314209,18325.521310292184,24366.589193470776,1,,24366.589193470776,9109,367983849800.0,1555
2,77571276.79837203,77599026.85424805,27750.055876016617,36804.6012544781,1,,36804.6012544781,9129,369010594650.0,1556
0,8998470.448199367,8961821.40234375,-36649.04585561715,-35598.694973528385,3,29.087162698619068,-35606.759033871815,9156,369942844670.0,1557
3,10169919.870874323,10133126.022949219,-36793.8479251042,-35606.759033871815,3,16.9910721834749,-35606.759033871815,9157,369944015980.0,1557
1,66657286.03804277,66613856.62835693,-43429.40968583524,-35648.805238582194,3,-46.078234882093966,-35606.759033871815,9158,370000496970.0,1557
0,5844702.737941287,5851997.268981934,7294.531040646136,7976.756837983616,5,43.63722134847194,7936.8192670717835,9189,370940565540.0,1558
3,17850399.87744297,17856272.137878418,5872.260435447097,7955.857127223164,5,22.737510588020086,7936.8192670717835,9190,370952569870.0,1558
1,24239285.32283739,24244392.799621582,5107.476784192026,7936.8192670717835,5,-5.8192796390503645,7936.8192670717835,9191,370958958020.0,1558
3,43539796.95432006,43542644.17010498,2847.215784922242,7929.419966198504,5,-16.918230948969722,7936.8192670717835,9192,370978256360.0,1558
2,54530843.97891639,54532403.69824219,1559.7193257957697,7924.858868569136,5,-21.479328578338027,7936.8192670717835,9193,370989246170.0,1558
1,22170132.04729182,22187993.66369629,17861.616404470056,20449.435955129564,2,22.614153690636158,20438.128878284246,9217,371957768160.0,1559
0,73335892.0524504,73347758.7062378,11866.653787389398,20426.821801438928,2,-22.614153690636158,20438.128878284246,9218,372008928160.0,1559
2,5752508.150380796,5752226.326904297,-281.82347649894655,389.64086233079433,1,,389.64086233079433,9241,372942251090.0,1560
0,4285562.713336118,4318956.366760254,33393.65342413634,33893.88783643022,2,8.042172901332378,33889.866749979556,9268,373941676170.0,1561
0,23287991.56260609,23319159.106018066,31167.54341197759,33885.84566352889,2,-8.042172901332378,33889.866749979556,9269,373960676460.0,1561
3,3272299.2434309176,3268416.2338867188,-3883.009544198867,-3501.0488080289215,2,-2.9767376761883497,-3499.5604391908273,9295,374941574350.0,1562
0,10718611.247026844,10713862.039794922,-4749.207231922075,-3498.072070352733,2,2.9767376761883497,-3499.5604391908273,9296,374949019830.0,1562
1,644137.6929003684,646731.708190918,2594.015290549607,2669.20257908036,2,-6.735251770121977,2672.570204965421,9325,375939816130.0,1563
1,8425593.518746937,8427285.975036621,1692.4562896844,2675.937830850482,2,6.735251770121977,2672.570204965421,9326,375947596720.0,1563
0,32390641.337056443,32429245.00189209,38603.66483564675,42384.47835230455,2,9.612084727734327,42379.67230994068,9359,376972500410.0,1564
0,63345822.05900889,63380802.85308838,34980.794079490006,42374.866267576814,2,-9.612084727734327,42379.67230994068,9360,377003452110.0,1564
3,68353953.12827715,68377344.97174072,23391.84346356988,31370.492210134864,1,,31370.492210134864,9381,378009392280.0,1565
3,7435563.075205289,7404546.26953125,-31016.805674038827,-30148.885922584683,2,25.80046332255006,-30161.786154245958,9397,378949317750.0,1566
2,37014025.60957335,36979530.442871094,-34495.16670225561,-30174.686385907233,2,-25.80046332255006,-30161.786154245958,9398,378978892870.0,1566
1,48172532.96679279,48160942.624694824,-11590.342097967863,-5967.3795305639505,2,1.3161951899528503,-5968.037628158927,9426,379990916050.0,1567
3,60860697.05003486,60847624.359558105,-13072.690476752818,-5968.695725753903,2,-1.3161951899528503,-5968.037628158927,9427,380003602790.0,1567
0,20047146.199844748,20045263.233825684,-1882.966019064188,457.04696598649025,4,14.237313061952591,448.56249900721014,9449,380963652710.0,1568
0,29110345.21886443,29107401.614868164,-2943.6039962656796,454.3153450898826,4,11.505692165344954,448.56249900721014,9450,380972714890.0,1568
2,60576065.082935005,60569437.12164307,-6627.96129193902,442.80965292453766,4,-11.505692165344954,448.56249900721014,9451,381004177070.0,1568
1,64964739.99131061,64957596.968444824,-7143.0228657871485,440.0183129757643,4,-14.297032114118338,448.56249900721014,9452,381008565250.0,1568
0,39666520.80798899,39661630.45251465,-4890.355474337935,-260.2613533511758,2,25.01283500343561,-272.7677708528936,9472,381984159780.0,1569
0,75668752.87384675,75659635.12731934,-9117.746527418494,-285.2741883546114,2,-25.01283500343561,-272.7677708528936,9473,382020157950.0,1569
1,41399482.60066824,41398403.93713379,-1078.6635344475508,3753.7114028185606,3,9.469284240156412,3749.9222329333425,9495,382986754150.0,1570
2,55521329.92070775,55518599.08843994,-2730.832267805934,3749.9222329333425,3,3.785529412329197,3749.9222329333425,9496,383000874410.0,1570
3,75441575.00586271,75436507.61297607,-5067.392886638641,3738.562004223466,3,-13.254813652485609,3749.9222329333425,9497,383020792410.0,1570
0,67374506.74684452,67362814.07458496,-11692.672259554267,-3828.3498728573322,2,6.327678397297859,-3831.513712055981,9521,384013593420.0,1571
3,71926513.50654913,71914283.17138672,-12230.3351624161,-3834.67755125463,2,-6.327678397297859,-3831.513712055981,9522,384018144910.0,1571
3,25860978.82750143,25866905.922424316,5927.094922885299,8945.73037648946,1,,8945.73037648946,9550,384972995870.0,1572
3,13615915.438394899,13714492.983154297,98577.54475939833,100166.86917553097,2,32.913076154887676,100150.41263745353,9572,385961747070.0,1573
0,69714638.89253019,69806635.37316895,91996.48063875735,100133.95609937608,2,-32.913076154887676,100150.41263745353,9573,386017839470.0,1573
2,2847019.9834350254,2879975.3764038086,32955.392968783155,33287.71277448116,4,15.66897490946576,33279.878287026426,9596,386951950060.0,1574
0,18844329.429123987,18875421.915405273,31092.486281286925,33292.09988808632,4,20.056088514626026,33279.878287026426,9597,386967945580.0,1574
3,31929229.07676375,31958771.82849121,29542.751727461815,33269.70667144284,4,-18.00610303832218,33279.878287026426,9598,386981028990.0,1574
0,60016236.231433615,60042502.85058594,26266.61915232241,33272.04379957169,4,-15.66897490946576,33279.878287026426,9599,387009112850.0,1574
0,68987943.76167172,69039062.76446533,51119.002793610096,59171.654408201575,1,,59171.654408201575,9626,388019016960.0,1575
3,21970286.994317975,21974755.33404541,4468.339727435261,7032.83226614818,1,,7032.83226614818,9664,389973776670.0,1577
0,32282412.264149822,32292225.194396973,9812.930247150362,13581.11067212373,1,,13581.11067212373,9689,390984998880.0,1578
3,8151562.820697462,8169931.174194336,18368.35349687375,19319.848670237698,4,-23.114937006495893,19331.406138740946,9718,391961791920.0,1579
2,8808754.258342844,8827038.15637207,18283.89802922681,19312.104195887223,4,-30.859411356970668,19331.406138740946,9719,391962449030.0,1579
1,63036104.096186936,63048089.1395874,11985.043400466442,19342.963607244194,4,23.114937006495893,19331.406138740946,9720,392016670330.0,1579
0,69184737.35870588,69196030.90441895,11293.545713067055,19369.168156921864,4,49.319486684165895,19331.406138740946,9721,392022818300.0,1579
1,43932013.81763272,43913753.62548828,-18260.192144438624,-13132.20625717938,3,-32.648245859891176,-13105.799211852252,9771,393999319180.0,1581
0,48413519.93700014,48394763.04589844,-18756.891101703048,-13105.799211852252,3,6.9623221307992935,-13105.799211852252,9772,394003800210.0,1581
2,75532168.36096498,75510258.51470947,-21909.846255511045,-13093.316810786724,3,25.685923729091883,-13105.799211852252,9773,394030915830.0,1581
2,32492481.415356416,32481521.553894043,-10959.861462373286,-7167.160612564534,1,,-7167.160612564534,9803,394988752420.0,1582
1,56504983.827251464,56511962.44049072,6978.613239258528,13574.18522530049,1,,13574.18522530049,9827,396013686640.0,1583
3,1655399.492280649,1700205.4841308594,44805.991850210354,44999.21916889027,1,,44999.21916889027,9861,396959764220.0,1584
0,25391101.58887851,25433763.47668457,42661.887806061655,45625.67660823837,2,23.05289288237691,45614.15016179718,9873,397984457620.0,1585
2,75872285.2689453,75909031.66290283,36746.39395752549,45602.62371535599,2,-23.05289288237691,45614.15016179718,9874,398034933120.0,1585
1,76459717.29809538,76438580.60949707,-21136.688598304987,-12211.89054839313,1,,-12211.89054839313,9898,399036338180.0,1586
1,2780088.989256883,2787898.1591186523,7809.169861769304,8133.677114303224,1,,8133.677114303224,9911,399963579820.0,1587
1,56906411.78165154,56911113.02557373,4701.243922188878,11343.672783344984,2,-19.469904959201813,11353.407735824585,9937,401018566760.0,1588
2,73676592.8091087,73679356.01531982,2763.20621111989,11363.142688304186,2,19.469904959201813,11353.407735824585,9938,401035335080.0,1588
1,2533364.1505625937,2529017.9712524414,-4346.179310152307,-4050.4711355781183,4,-64.27792715188116,-4013.545694047585,9956,401965101140.0,1589
1,5854516.989765215,5849792.720214844,-4724.269550370984,-4040.898179668933,4,-54.70497124269605,-4013.545694047585,9957,401968421930.0,1589
1,54403386.23460235,54393049.779418945,-10336.455183401704,-3986.193208426237,4,54.70497124269605,-4013.545694047585,9958,402016965410.0,1589
3,57120018.22400743,57109377.30432129,-10640.91968613863,-3973.5575081035495,4,67.34067156538367,-4013.545694047585,9959,402019681750.0,1589
3,1384342.3908627988,1411065.9040527344,26723.51318993559,26885.101235340117,6,-47.748451062710956,26930.94318217598,10016,403965725240.0,1591
2,22797378.42311098,22821627.573425293,24249.15031431243,26910.185506224632,6,-22.664180178195238,26930.94318217598,10017,403987135900.0,1591
0,33104781.563043565,33127850.240844727,23068.677801162004,26932.849686402828,6,3.813008453696966,26930.94318217598,10018,403997442170.0,1591
0,36341201.50714065,36363895.37890625,22693.871765598655,26935.816358171403,6,6.779680222272873,26930.94318217598,10019,404000678230.0,1591
3,37742595.429911986,37765118.943603516,22523.51369152963,26929.03667794913,6,-3.813008453696966,26930.94318217598,10020,404002079460.0,1591
3,60724662.013804264,60744523.40789795,19861.394093684852,26949.510088279843,6,20.473410330712795,26930.94318217598,10021,404025058970.0,1591
0,5964728.483418295,5981372.117797852,16643.634379556403,17339.870240977965,1,,17339.870240977965,10052,404971209220.0,1592
0,78371761.07606477,78389024.72503662,17263.64897185564,26411.631270736456,1,,26411.631270736456,10070,406044542890.0,1593
0,12602334.178522365,12558504.32788086,-43829.85064150579,-42358.836995687336,1,,-42358.836995687336,10097,406979611640.0,1594
1,6236807.867762277,6233878.351623535,-2929.5161387417465,-2201.521677568555,1,,-2201.521677568555,10139,408974990130.0,1596
3,13477840.159607694,13474944.419494629,-2895.7401130646467,-1322.5326016563922,3,-52.6435323972255,-1281.362215526402,10160,409983118770.0,1597
0,44289113.96212797,44282662.93133545,-6451.03079251945,-1281.362215526402,3,9.112046797759831,-1281.362215526402,10161,410013926630.0,1597
0,60075201.16340539,60066930.44012451,-8270.723280876875,-1258.4159229919314,3,43.53148559946567,-1281.362215526402,10162,410029710970.0,1597
3,26182627.512373175,26172419.579833984,-10207.932539191097,-7151.752484887838,3,-0.9003079645335674,-7151.752484887838,10182,410996670820.0,1598
3,40163059.95493015,40151215.3805542,-11844.5743759498,-7156.5214791968465,3,-8.05379942804575,-7151.752484887838,10183,411010649680.0,1598
2,74526561.91273513,74510717.58032227,-15844.332412868738,-7145.182874649763,3,8.954107392579317,-7151.752484887838,10184,411045009340.0,1598
0,13200823.888278399,13193954.439025879,-6869.449252519757,-5328.5766014214605,3,10.538192993029952,-5338.76444054395,10212,411984594940.0,1599
3,41902233.16366242,41892002.63977051,-10230.52389191091,-5339.465148285031,3,-5.794627302326262,-5338.76444054395,10213,412013293120.0,1599
3,65245940.0723183,65232985.443481445,-12954.628836855292,-5338.76444054395,3,-4.74356569070369,-5338.76444054395,10214,412036634210.0,1599
0,10784384.468699232,10826178.04711914,41793.57841990888,43052.39099307731,3,23.792970698326826,43033.81318162382,10277,413983983290.0,1601
1,16937773.47740816,16978819.79034424,41046.31293607876,43023.382863134146,3,-19.719224216416478,43033.81318162382,10278,413990135960.0,1601
1,34912118.57161385,34951077.25061035,38958.67899650335,43033.81318162382,3,-4.073746481910348,43033.81318162382,10279,414008108300.0,1601
1,60992886.524320975,60948475.07550049,-44411.448820486665,-37292.02418818325,2,-0.10954994708299637,-37291.96941320971,10299,415035015630.0,1602
1,72033164.39869063,71987464.37756348,-45700.02112714946,-37291.914638236165,2,0.10954994708299637,-37291.96941320971,10300,415046054670.0,1602
1,36364739.18597919,36421755.197143555,57016.0111643672,61260.70320406556,3,-16.189736302942038,61269.5348899886,10320,416011342290.0,1603
3,38026856.7331508,38083687.56451416,56830.8313633576,61269.5348899886,3,-2.942207418382168,61269.5348899886,10321,416013004230.0,1603
0,38331966.22998285,38388776.16339111,56809.933408260345,61284.250990748405,3,19.131943721324205,61269.5348899886,10322,416013309320.0,1603
3,40234948.62801993,40240038.76361084,5090.135590910912,9786.579728335142,1,,9786.579728335142,10343,417016096260.0,1604
2,74006907.83562571,74000414.9230957,-6492.912530004978,2145.5801308602095,1,,2145.5801308602095,10361,418050769420.0,1605
0,24496781.122893393,24522311.586486816,25530.463593423367,28389.86240001768,2,14.577144041657448,28382.57382799685,10381,419002155590.0,1606
1,39090922.19086452,39114734.56903076,23812.378166243434,28375.28525597602,2,-14.577144041657448,28382.57382799685,10382,419016748080.0,1606
3,70285906.9827846,70271268.55889893,-14638.423885673285,-6434.266876682639,1,,-6434.266876682639,10406,420048845290.0,1607
0,71447729.8648053,71437570.57641602,-10159.288389280438,-1819.517033830285,1,,-1819.517033830285,10439,421050888130.0,1608
3,2787175.367198051,2778991.112182617,-8184.255015433766,-7858.920601954684,2,-57.61060852371156,-7830.115297692828,10462,421983140840.0,1609
0,55474605.777282596,55460329.16668701,-14276.610595583916,-7801.309993430972,2,57.61060852371156,-7830.115297692828,10463,422035822420.0,1609
2,6405659.278702568,6437479.793395996,31820.51469342783,32568.218418464065,2,30.223108522593975,32553.106864202768,10488,422987652070.0,1610
2,41418945.660984084,41446649.009521484,27703.348537400365,32537.99530994147,2,-30.223108522593975,32553.106864202768,10489,423022661400.0,1610
2,5612177.075977869,5677970.379150391,65793.3031725213,66448.38729777653,1,,66448.38729777653,10507,423987829250.0,1611
2,1240342.8341452607,1221109.900817871,-19232.93332738965,-19088.15370095917,5,25.670024457154796,-19106.96859335713,10523,424984318790.0,1612
0,13619168.607380284,13598493.056152344,-20675.551227940246,-19085.84708406031,5,27.976641356013715,-19106.96859335713,10524,424996696230.0,1612
1,14033736.215871781,14012991.152526855,-20745.063344925642,-19106.96859335713,5,-2.5523141397861764,-19106.96859335713,10525,424997110730.0,1612
2,37752279.56727597,37728752.23504639,-23527.332229584455,-19120.67885747552,5,-23.11771031736862,-19106.96859335713,10526,425020826600.0,1612
2,57680496.73029078,57654630.72302246,-25866.007268317044,-19133.22296138853,5,-35.661814230377786,-19106.96859335713,10527,425040752570.0,1612
2,27249314.022782594,27241093.811279297,-8220.21150329709,-5039.521942231804,2,26.546047385782003,-5052.794965924695,10553,426011207490.0,1613
2,75625005.09992495,75611111.66607666,-13893.433848291636,-5066.067989617586,2,-26.546047385782003,-5052.794965924695,10554,426059577730.0,1613
1,6949730.7444562055,6945271.787780762,-4458.956675443798,-3647.7459413819015,4,-28.95097380131483,-3623.9994244538248,10618,427992660800.0,1615
1,26273078.995152034,26266383.053222656,-6695.941929377615,-3629.203881327063,4,-10.408913746476173,-3623.9994244538248,10619,428011982000.0,1615
3,28494867.722920872,28487922.850524902,-6944.872395969927,-3618.7949675805867,4,10.408913746476173,-3623.9994244538248,10620,428014203550.0,1615
3,75508186.40227091,75495796.96118164,-12389.441089272499,-3575.710950449109,4,53.49293087795377,-3623.9994244538248,10621,428061211640.0,1615
2,73853870.46470623,73834573.31958008,-19297.14512614906,-10676.515827551484,1,,-10676.515827551484,10661,430061307570.0,1617
2,12152951.935371611,12178215.066040039,25263.130668427795,26681.689951227978,3,-26.140784135088325,26706.448380172253,10708,432001440090.0,1619
1,53955854.67864771,53976263.103393555,20408.424745842814,26706.448380172253,3,10.99685928132385,26706.448380172253,10709,432043238330.0,1619
2,71345951.9247669,71364333.24658203,18381.321815133095,26709.21309055388,3,15.143924853764474,26706.448380172253,10710,432060626480.0,1619
2,33901627.293413565,33911572.52105713,9945.227643564343,13902.41173800081,2,-51.47480856627226,13928.149142283946,10722,433024073120.0,1620
0,69680887.8687306,69686708.21942139,5820.35069078207,13953.886546567082,2,51.47480856627226,13928.149142283946,10723,433059848420.0,1620
0,71401937.55179933,71397095.63586426,-4841.915935069323,3492.510290160775,1,,3492.510290160775,10750,434062457620.0,1621
3,55075701.73210122,55062342.01037598,-13359.72172524035,-6930.983393654227,2,-1.0042852610349655,-6930.48125102371,10772,435047003420.0,1622
2,56224079.49927624,56210586.73687744,-13492.762398801744,-6929.979108393192,2,1.0042852610349655,-6930.48125102371,10773,435048151670.0,1622
3,17564063.285080284,17565883.523132324,1820.2380520403385,3870.411964457482,3,9.5689915753901,3864.277213573456,10798,436010398170.0,1623
1,21453522.426684175,21454875.662475586,1353.2357914112508,3857.408732190728,3,-9.935856824740767,3864.277213573456,10799,436014287180.0,1623
3,36837130.57453522,36836695.019592285,-435.5549429357052,3864.277213573456,3,0.366865249350667,3864.277213573456,10800,436029669070.0,1623
2,51684904.39571776,51676096.314697266,-8808.081020496786,-2775.1351731717587,2,-15.180778361856937,-2767.54478399083,10823,437045369200.0,1624
0,52747448.361511074,52738531.435302734,-8916.926208339632,-2759.9543948099017,2,15.180778361856937,-2767.54478399083,10824,437046431640.0,1624
0,14596466.863790529,14576403.967651367,-20062.89613916166,-18359.116376364604,1,,-18359.116376364604,10846,438009168910.0,1625
3,38834109.885746874,38815618.11175537,-18491.77399150282,-13958.84344419837,4,-26.68339278548956,-13935.320957582444,10877,439034264800.0,1626
0,39652681.31328509,39634114.35272217,-18566.96056292206,-13938.481863752007,4,-6.321812339127064,-13935.320957582444,10878,439035083300.0,1626
0,62284762.80383223,62263560.42425537,-21202.37957686186,-13932.16005141288,4,6.321812339127064,-13935.320957582444,10879,439057712850.0,1626
3,71423206.91999915,71400938.4597168,-22268.460282355547,-13931.551379680634,4,6.9304840713739395,-13935.320957582444,10880,439066850270.0,1626
2,22121723.07204321,22128252.059814453,6528.987771242857,9111.156760495156,1,,9111.156760495156,10903,440018467970.0,1627
2,40682974.88142271,40621594.51843262,-61380.36299009621,-56631.622768223286,1,,-56631.622768223286,10925,441037834090.0,1628
0,13600026.114612816,13597592.227966309,-2433.886646507308,-846.416919497773,3,-21.883314663544297,-829.3278198540211,10945,442011637600.0,1629
3,37902574.152880274,37897320.628479004,-5253.524401269853,-829.3278198540211,3,3.750334802083671,-829.3278198540211,10946,442035937440.0,1629
3,47143560.7877285,47137238.1930542,-6322.594674304128,-819.7393898144364,3,18.132979861460626,-829.3278198540211,10947,442045177400.0,1629
2,75118228.2385714,75195060.48345947,76832.24488806725,85600.45696872473,1,,85600.45696872473,10980,443074160780.0,1630
2,4493632.677012453,4508079.829345703,14447.15233325027,14971.673814234324,2,16.274482739157975,14963.536572864745,11001,444004495160.0,1631
2,35183220.27954114,35194068.90020752,10848.620666377246,14955.399331495166,2,-16.274482739157975,14963.536572864745,11002,444035181290.0,1631
3,8559616.684861507,8564864.526123047,5247.841261539608,6246.9667225871235,2,7.0147092808038,6243.459367946722,11030,445009438480.0,1632
3,24244612.511616915,24248022.499328613,3409.987711697817,6239.95201330632,2,-7.0147092808038,6243.459367946722,11031,445025121710.0,1632
0,28787721.04222866,28820120.671936035,32399.62970737368,35759.89058327302,3,2.1090760566294193,35759.89058327302,11050,446030614650.0,1633
0,34648076.2666762,34679793.76068115,31717.494004949927,35761.807722359896,3,4.984784686937928,35759.89058327302,11051,446036474350.0,1633
0,54033478.07024273,54062924.74127197,29446.671029239893,35753.75529207289,3,-7.0938607435673475,35759.89058327302,11052,446055857570.0,1633
3,19492822.09404467,19508490.557922363,15668.463877692819,17943.773109272122,2,14.654643505811691,17936.445787519217,11072,447022234550.0,1634
2,44689232.10798013,44701944.853881836,12712.745901703835,17929.11846576631,2,-14.654643505811691,17936.445787519217,11073,447047428120.0,1634
3,4370638.405381586,4385105.16796875,14466.762587163597,14976.927501390688,3,13.724421416409314,14963.506452847272,11097,448008035500.0,1635
1,20923988.00994858,20936509.15362549,12521.143676906824,14963.506452847272,3,-6.407151398714632,14963.506452847272,11098,448024586980.0,1635
1,23989162.325110003,24001325.078063965,12162.752953961492,14962.899707101285,3,-7.317270017694682,14963.506452847272,11099,448027651810.0,1635
2,21532438.948038083,21547057.575378418,14618.627340335399,17132.011850822717,3,0.034811919555068016,17132.011850822717,11118,449026106320.0,1636
2,29683370.46515193,29697040.145629883,13669.680477954447,17134.486472588032,3,3.746744567528367,17132.011850822717,11119,449034256340.0,1636
3,43926832.651972294,43938834.738464355,12002.086492061615,17129.46760521829,3,-3.781556487083435,17132.011850822717,11120,449048498200.0,1636
1,4370773.865770901,4381143.491943359,10369.626172458753,10879.80689836666,8,3.2803543508052826,10877.006252443418,11141,450009880860.0,1637
1,21127234.72458192,21135636.544921875,8401.82033995539,10867.907188471407,8,-9.578772399574518,10877.006252443418,11142,450026635430.0,1637
2,23450706.644010495,23458845.875305176,8139.231294680387,10876.526544015855,8,-0.9594168551266193,10877.006252443418,11143,450028958650.0,1637
0,23998854.597469702,24006943.35809326,8088.760623559356,10890.038711950183,8,13.512167934328318,10877.006252443418,11144,450029506750.0,1637
0,48138026.43231143,48143292.50897217,5266.076660737395,10885.011435955763,8,8.484891939908266,10877.006252443418,11145,450053643210.0,1637
2,62004191.73872707,62007818.834472656,3627.095745585859,10864.565475679934,8,-12.920485191047192,10877.006252443418,11146,450067507800.0,1637
0,70336413.13854751,70339080.57214355,2667.433596044779,10877.485960870981,8,0.9594168551266193,10877.006252443418,11147,450075839100.0,1637
2,74845720.338225,74847839.8651123,2119.5268872976303,10855.930349454284,8,-21.555611416697502,10877.006252443418,11148,450080347880.0,1637
1,3660733.3017902253,3685178.025756836,24444.723966610618,24872.024858996738,7,3.964248950127512,24870.492048818618,11161,451010069360.0,1638
0,14429285.149961658,14452488.575561523,23203.425599865615,24887.690995015204,7,19.630384968593717,24870.492048818618,11162,451020836720.0,1638
3,30978878.111203216,31000132.57849121,21254.46728799492,24870.492048818618,7,1.6650336829479784,24870.492048818618,11163,451037384440.0,1638
2,38484634.620154224,38505008.111450195,20373.491295970976,24865.629171274602,7,-5.629282633075491,24870.492048818618,11164,451044889350.0,1638
0,54020270.237983674,54038836.77044678,18566.532463103533,24872.075035229325,7,4.014425182715058,24870.492048818618,11165,451060423250.0,1638
3,56881428.628265426,56899643.63183594,18215.003570511937,24854.516260817647,7,-16.742193090030923,24870.492048818618,11166,451063284070.0,1638
2,75066157.19226767,75082240.12609863,16082.933830961585,24845.06789316237,7,-26.190560745308176,24870.492048818618,11167,451081466750.0,1638
1,8781040.691669177,8816667.575256348,35626.88358717039,36651.85487415083,4,2.893424240872264,36650.40816203039,11191,452016133470.0,1639
3,16442410.62427327,16477152.393493652,34741.769220381975,36661.01767513715,4,12.056225227192044,36650.40816203039,11192,452023793990.0,1639
3,33163887.716746848,33196665.6071167,32777.89036985114,36648.961449909955,4,-2.893424240872264,36650.40816203039,11193,452040513580.0,1639
1,64973788.07764003,65002819.5335083,29031.455868273973,36615.553189352155,4,-36.301684798672795,36650.40816203039,11194,452072319880.0,1639
3,13258392.647722289,13208744.58404541,-49648.06367687881,-48100.47128406167,1,,-48100.47128406167,11219,453021444340.0,1640
1,5527761.919944745,5509012.662109375,-18749.257835369557,-18104.027110657655,1,,-18104.027110657655,11265,455015504550.0,1642
0,63413058.02226508,63394097.02545166,-18960.99681341648,-11559.076474502683,3,7.098563425242901,-11562.863474011421,11321,458076000810.0,1645
3,69648957.68510073,69629258.38970947,-19699.295391261578,-11569.48660184443,3,-8.516627587378025,-11562.863474011421,11322,458082236000.0,1645
0,79772006.1938805,79751131.9038086,-20874.29007190466,-11562.863474011421,3,1.4180641621351242,-11562.863474011421,11323,458092357920.0,1645
1,14434600.5668468,14425569.1875,-9031.379346799105,-7346.493507003412,2,-25.855433790013194,-7333.565790108405,11354,459027931630.0,1646
2,36575367.430873916,36563777.51507568,-11589.91579823196,-7320.6380732133985,2,25.855433790013194,-7333.565790108405,11355,459050069940.0,1646
0,76735236.27578089,76759166.36437988,23930.0885989964,32887.04673688114,1,,32887.04673688114,11370,460091125150.0,1647
0,18832134.399259634,18783429.70501709,-48704.69424254447,-46506.50410659239,4,-1.4886517189443111,-46505.370584741235,11394,461034089680.0,1648
0,37718827.01284672,37667922.97570801,-50904.03713871539,-46501.288532450795,4,4.437182158231735,-46505.370584741235,11395,461052974260.0,1648
1,58520924.06005895,58467587.45074463,-53336.60931432247,-46505.72571460903,4,-0.710259735584259,-46505.370584741235,11396,461073774020.0,1648
1,75912233.49650706,75856867.58831787,-55365.908189192414,-46505.01545487344,4,0.710259735584259,-46505.370584741235,11397,461091163380.0,1648
3,20870814.228310477,20854041.80340576,-16772.42490471527,-14336.268864549696,2,1.8286450877785683,-14337.183187093586,11424,462036985890.0,1649
0,53118622.11351165,53098083.71875,-20538.394761651754,-14338.097509637475,2,-1.8286450877785683,-14337.183187093586,11425,462069230080.0,1649
1,16981748.063655045,16965965.592407227,-15782.471247818321,-13800.26836558804,4,8.716419514268637,-13804.65166266635,11491,465035768610.0,1652
1,23961280.75255117,23944683.541748047,-16597.21080312133,-13800.318540230393,4,8.666244871914387,-13804.65166266635,11492,465042747360.0,1652
3,53117648.82168842,53097639.65325928,-20009.168429143727,-13808.984785102308,4,-8.666244871914387,-13804.65166266635,11493,465071900450.0,1652
1,60489180.94094893,60468295.80267334,-20885.13827559352,-13824.508924871683,4,-24.19038464128971,-13804.65166266635,11494,465079271140.0,1652
2,11738546.414311817,11710920.364196777,-27626.050115039572,-26255.86252019368,2,18.823403792455792,-26265.27422208991,11529,467032290670.0,1654
2,36773892.536430754,36743325.39984131,-30567.136589445174,-26274.685923986137,2,-18.823403792455792,-26265.27422208991,11530,467057323190.0,1654
2,6505691.844564475,6516791.651550293,11099.80698581785,11859.18706122879,1,,11859.18706122879,11555,468027960250.0,1655
1,17067627.26643052,17092686.220458984,25058.954028464854,27051.181202810258,2,-39.53348411247134,27070.947944866493,11580,469039463670.0,1656
3,65278983.83634882,65298454.829589844,19470.993241026998,27090.71468692273,2,39.53348411247134,27070.947944866493,11581,469087669660.0,1656
3,48093441.8567163,48060454.587524414,-32987.269191883504,-27373.538573145866,1,,-27373.538573145866,11631,471072218950.0,1658
1,56212909.3765542,56191605.95568848,-21303.420865722,-14741.941413372755,1,,-14741.941413372755,11667,473082111140.0,1660
0,58197316.933399126,58173124.31152344,-24192.621875688434,-17399.51147674769,1,,-17399.51147674769,11685,474084951280.0,1661
1,11731014.336818727,11696616.978149414,-34397.35866931267,-33028.050259910524,1,,-33028.050259910524,11715,475039385140.0,1662
1,55343400.353500605,55394053.80737305,50653.453872442245,57113.43945707381,2,-17.00561172515154,57121.94226293638,11741,476083928590.0,1663
3,65046701.411998406,65096239.24890137,49537.836902961135,57130.44506879896,2,17.00561172515154,57121.94226293638,11742,476093630820.0,1663
2,20201910.826330237,20224668.131896973,22757.305566735566,25115.38352881372,3,-48.90681855380535,25141.76065827906,11769,477049759480.0,1664
2,51210461.54352917,51229625.73791504,19164.19438587129,25141.76065827906,3,-9.341124355793,25141.76065827906,11770,477080764580.0,1664
0,70320509.3586789,70337487.98272705,16978.624048143625,25186.82003645599,3,58.24794290959835,25141.76065827906,11771,477099872530.0,1664
0,44253182.516714215,44301240.59399414,48058.07727992535,53223.551741309464,1,,53223.551741309464,11838,480076702050.0,1667
0,32461573.032419033,32401452.15472412,-60120.877694912255,-56331.78464128077,2,31.081276580691338,-56347.325279571116,11873,481065779860.0,1668
2,74699320.37626818,74634238.1954956,-65082.180772572756,-56362.86591786146,2,-31.081276580691338,-56347.325279571116,11874,481108012840.0,1668
0,56552313.68678196,56554064.876464844,1751.1896828860044,8352.286270022392,1,,8352.286270022392,11895,482090749980.0,1669
1,62350650.70170942,62325867.521606445,-24783.180102974176,-17505.269780285656,1,,-17505.269780285656,11918,483097446470.0,1670
2,8391499.175308675,8387740.704711914,-3758.4705967605114,-2778.9687345754355,4,-19.462395695969462,-2769.237536727451,11936,484044364660.0,1671
2,14634150.250670709,14629662.037902832,-4488.212767876685,-2780.034393241629,4,-20.528054362162948,-2769.237536727451,11937,484050606610.0,1671
1,51034781.44926161,51026064.882995605,-8716.566266007721,-2759.506338879466,4,19.462395695969462,-2769.237536727451,11938,484087003180.0,1671
3,70397530.30664079,70386575.96746826,-10954.339172527194,-2737.1528762429953,4,41.81585833244026,-2769.237536727451,11939,484106363780.0,1671
0,19646989.16928223,19664399.382141113,17410.2128588818,19703.517318028957,3,-18.8111344948411,19703.517318028957,11977,486057455620.0,1673
1,37065942.27265315,37081309.3928833,15367.120230153203,19693.660544492304,3,-33.59629479981959,19703.517318028957,11978,486074872610.0,1673
0,68776420.74051614,68788143.77539062,11723.034874483943,19750.99636055529,3,52.40742929466069,19703.517318028957,11979,486106579590.0,1673
1,33620965.36915994,33601304.12835693,-19661.24080300331,-15736.817109502852,2,-6.055887244641781,-15733.789165880531,12006,487072404290.0,1674
3,63326330.27697251,63303207.71875,-23122.55822250992,-15730.76122225821,2,6.055887244641781,-15733.789165880531,12007,487102106330.0,1674
2,8846571.178801388,8830287.344970703,-16283.833830684423,-15251.213465411216,3,-46.46352672204375,-15211.217581674457,12026,488048492540.0,1675
0,41032297.34245837,41012309.54510498,-19987.79735338688,-15198.282295703888,3,32.93322783894837,-15211.217581674457,12027,488080674710.0,1675
1,63510240.80615269,63487616.324523926,-22624.481628760695,-15211.217581674457,3,13.530298883095384,-15211.217581674457,12028,488103150120.0,1675
1,59131706.332541406,59121021.42108154,-10684.911459863186,-3782.7339994460344,1,,-3782.7339994460344,12052,489099732230.0,1676
1,41946561.66423668,41975341.51977539,28779.85553871095,33676.0885483399,2,1.852489560842514,33675.16230355948,12069,490083467100.0,1677
1,63008915.31020622,63035234.79968262,26319.489476397634,33674.23605877906,2,-1.852489560842514,33675.16230355948,12070,490104527090.0,1677
0,883563.7874187027,820005.5789794922,-63558.208439210546,-63455.07402221835,3,-27.919066911330447,-63439.50655752048,12099,491043259020.0,1678
3,30412829.436975174,30345839.97796631,-66989.45900886506,-63439.50655752048,3,-4.567869864520617,-63439.50655752048,12100,491072784990.0,1678
1,66083784.63933503,66012656.17376709,-71128.46556793898,-63414.803353093565,3,32.48693677585106,-63439.50655752048,12101,491108451970.0,1678
0,65504951.12337037,65485726.173461914,-19224.949908457696,-11578.85232001543,1,,-11578.85232001543,12131,492108756770.0,1679
1,4671661.695313113,4652452.825805664,-19208.869507448748,-18663.567501875572,3,-25.5621469123289,-18652.845711529255,12149,493048822790.0,1680
1,34571553.75018881,34548865.52288818,-22688.22730062902,-18652.845711529255,3,-9.479461392853409,-18652.845711529255,12150,493078719340.0,1680
2,76627019.8919774,76599452.40045166,-27567.49152573943,-18623.16499839723,3,35.04160830518231,-18652.845711529255,12151,493120770120.0,1680
2,35708877.404168874,35685070.94207764,-23806.462091237307,-19638.325840108097,1,,-19638.325840108097,12201,495081632680.0,1682
2,4079628.1432815394,4067421.592102051,-12206.551179488655,-11730.354581016116,2,-52.729174378328025,-11703.989993826952,12224,496050876570.0,1683
1,55301629.1112601,55283496.3760376,-18132.735222503543,-11677.625406637788,2,52.729174378328025,-11703.989993826952,12225,496102092880.0,1683
0,1570389.1392859058,1546162.3653564453,-24226.77392946044,-24043.469485981157,4,-11.107149420073256,-24034.277154160663,12256,497049271000.0,1684
1,27110485.75974346,27083285.083007812,-27200.676735647023,-24036.191971760243,4,-3.8296351991593838,-24034.277154160663,12257,497074808240.0,1684
1,36036612.84711304,36008374.093444824,-28238.75366821885,-24032.362336561084,4,3.8296351991593838,-24034.277154160663,12258,497083733370.0,1684
1,68521010.57578617,68489014.92211914,-31995.65366703272,-23997.50505787134,4,38.68691388890147,-24034.277154160663,12259,497116214160.0,1684
3,52215602.52429068,52241113.099975586,25510.575684905052,31605.46753190458,1,,31605.46753190458,12291,498100802780.0,1685
0,67114698.92226692,67136787.74743652,22088.825169607997,29922.82136039436,1,,29922.82136039436,12311,499116643920.0,1686
3,44301950.30635363,44279266.19256592,-22684.113787710667,-17512.946882136166,2,-4.338873863220215,-17510.777445204556,12342,500094642090.0,1687
2,50485359.33415973,50461957.79779053,-23401.53636920452,-17508.608008272946,2,4.338873863220215,-17510.777445204556,12343,500100824810.0,1687
3,5406191.543937056,5421087.963928223,14896.41999116633,15527.460354037583,3,-35.041985323652625,15545.941441703588,12366,501056674090.0,1688
3,28291949.320719935,28304192.8704834,12243.549763463438,15545.941441703588,3,-7.320353824645281,15545.941441703588,12367,501079557300.0,1688
1,61626974.16861674,61635359.793029785,8385.62441304326,15579.063237018883,3,42.362339148297906,15545.941441703588,12368,501112888620.0,1688
1,40472015.51087397,40472320.3972168,304.8863428235054,5029.002228572965,1,,5029.002228572965,12390,502092594080.0,1689
3,25021826.69836481,25000850.645874023,-20976.052490785718,-18055.367481552064,2,18.236197374761105,-18064.485580239445,12410,503078038240.0,1690
1,61986559.916082695,61961250.900756836,-25309.01532585919,-18073.603678926826,2,-18.236197374761105,-18064.485580239445,12411,503114998810.0,1690
2,11653640.270290453,11642387.503051758,-11252.767238695174,-9892.490355206653,3,-6.404627187177539,-9892.490355206653,12434,504065527320.0,1691
0,63945996.07003651,63928657.37200928,-17338.6980272308,-9874.570232972503,3,20.475556164048612,-9892.490355206653,12435,504117813830.0,1691
1,72632543.15321851,72614167.48272705,-18375.670491456985,-9897.60122306645,3,-14.070928976871073,-9892.490355206653,12436,504126499380.0,1691
3,45934690.02885442,45907989.392822266,-26700.636032156646,-21338.886780656874,2,-6.461180180311203,-21335.65619056672,12456,505100694700.0,1692
0,58609094.791829094,58580921.19085693,-28173.600972160697,-21332.425600476563,2,6.461180180311203,-21335.65619056672,12457,505113367690.0,1692
3,4080528.6186596183,4149384.6669921875,68856.04833256919,69332.3500394728,2,-22.702278168872,69343.70117855724,12490,506059786580.0,1693
1,55501651.9419435,55564528.53668213,62876.59473863244,69355.05231764168,2,22.702278168872,69343.70117855724,12491,506111201960.0,1693
2,18369794.589018963,18386434.077087402,16639.488068439066,18783.711362991482,2,-61.784732308238745,18814.6037291456,12520,507075026180.0,1694
0,65715021.7855465,65726196.66345215,11174.877905651927,18845.49609529972,2,61.784732308238745,18814.6037291456,12521,507122366160.0,1694
0,44845716.47141349,44825074.394104004,-20642.07730948925,-15407.439031258225,4,8.466473095119,-15411.672267805785,12593,510104177740.0,1697
3,54725152.75281172,54703349.02697754,-21803.725834183395,-15415.905504353344,4,-8.466473095119,-15411.672267805785,12594,510114056060.0,1697
0,55012395.288573965,54990567.70788574,-21827.580688223243,-15406.23183234781,4,9.673672005534172,-15411.672267805785,12595,510114343280.0,1697
1,55906146.86548582,55884193.603759766,-21953.26172605157,-15427.589278452098,4,-20.15024719387293,-15411.672267805785,12596,510115236910.0,1697
1,17603067.909075063,17579586.85510254,-23481.05397252366,-21426.327226217836,3,-16.798757169395685,-21425.008715480566,12616,511077817620.0,1698
1,30583122.08829397,30558127.24963379,-24994.83866018057,-21425.008715480566,3,-14.82099106349051,-21425.008715480566,12617,511090796220.0,1698
2,74664714.14664623,74634604.82299805,-30109.323648184538,-21394.048222616315,3,31.619748232886195,-21425.008715480566,12618,511134872900.0,1698
0,8841583.835467044,8845650.459472656,4066.624005611986,5098.662220785394,3,-41.72377869300544,5135.859960794449,12643,512069934320.0,1699
0,49280532.142408974,49279924.760131836,-607.3822771385312,5144.912038162351,3,27.650947372429073,5135.859960794449,12644,512110368780.0,1699
1,72943324.58405554,72939946.09863281,-3378.485422730446,5135.859960794449,3,14.07283132057637,5135.859960794449,12645,512134028910.0,1699
0,6817813.714079417,6798685.032104492,-19128.6819749251,-18332.869321016595,3,14.889586120843887,-18346.498421039432,12680,513068807910.0,1700
1,14037756.940118132,14017771.877624512,-19985.06249362044,-18346.498421039432,3,-5.554063913412392,-18346.498421039432,12681,513076027030.0,1700
1,18604521.547923546,18584000.90661621,-20520.641307335347,-18349.019393235445,3,-9.335522207431495,-18346.498421039432,12682,513080593280.0,1700
1,7673568.708057845,7624675.244812012,-48893.46324583329,-47997.762170002796,3,-20.26300152949989,-47988.24407151528,13203,534088225410.0,1721
2,15193492.42458257,15143730.712646484,-49761.711936086416,-47988.24407151528,3,-5.985853798221797,-47988.24407151528,13204,534095744500.0,1721
2,32075003.916072264,32023293.191223145,-51710.72484911978,-47966.754265431315,3,26.248855327721685,-47988.24407151528,13205,534112624140.0,1721
1,4612453.288889771,4652095.882141113,39642.593251341954,40180.984126598574,6,10.486428626812994,40175.07633219659,13254,536086954170.0,1723
3,9654643.10906294,9693702.727966309,39059.61890336871,40186.56186153367,6,16.06416356191039,40175.07633219659,13255,536091995800.0,1723
2,24496903.486497533,24534214.571105957,37311.084608424455,40170.49769797176,6,-9.157268449664116,40175.07633219659,13256,536106836380.0,1723
2,31609529.34747649,31646001.909362793,36472.56188630313,40162.19972238317,6,-17.455244038254023,40175.07633219659,13257,536113948200.0,1723
0,34292482.740850285,34328659.58892822,36176.84807793796,40179.654966421425,6,9.157268449664116,40175.07633219659,13258,536116630870.0,1723
1,71859904.00115386,71891637.07635498,31733.075201123953,40120.95778505504,6,-58.69718136638403,40175.07633219659,13259,536154194020.0,1723
2,2221892.382290072,2217382.006286621,-4510.376003450714,-4251.0245239879005,2,-59.24630610598251,-4221.401370934909,13283,537085489930.0,1724
0,59097630.805954516,59086540.82775879,-11089.978195726871,-4191.778217881918,2,59.24630610598251,-4221.401370934909,13284,537142359350.0,1724
2,60772537.16467124,60758564.568603516,-13972.596067726612,-6878.8918226361275,3,-6.622468777000904,-6878.8918226361275,13312,538144897930.0,1725
2,63914712.51062475,63900370.13946533,-14342.371159419417,-6881.894953995943,3,-11.1271658167243,-6878.8918226361275,13313,538148039750.0,1725
0,65077243.61793791,65062784.800964355,-14458.816973552108,-6862.64375372231,3,17.749634593725204,-6878.8918226361275,13314,538149202170.0,1725
2,9874025.710841183,9875027.663085938,1001.9522447548807,2154.5027448479086,3,-44.733060359954834,2171.3906433470547,13331,539094883780.0,1726
2,13494744.826450553,13495341.036376953,596.2099264003336,2171.3906433470547,3,-19.401212611235678,2171.3906433470547,13332,539098504110.0,1726
0,72146695.97890627,72140501.70135498,-6194.277551293373,2227.080967068672,3,64.13427297119051,2171.3906433470547,13333,539157149540.0,1726
1,15346634.996942895,15324109.735168457,-22525.261774437502,-20733.918267901987,5,-42.6041201017797,-20698.76596979052,13354,540101269580.0,1727
3,34697981.26237804,34673220.87200928,-24760.390368759632,-20710.251466214657,5,-18.93731841444969,-20698.76596979052,13355,540120618780.0,1727
0,37210521.51653486,37185479.33416748,-25042.182367376983,-20698.76596979052,5,-1.7090737782418728,-20698.76596979052,13356,540123131050.0,1727
2,61628664.70239663,61600787.20391846,-27877.49847817421,-20683.862325809896,5,20.646392192691565,-20698.76596979052,13357,540147546470.0,1727
2,76205571.41956413,76176010.2654419,-29561.15412223339,-20666.02137479186,5,38.487343210726976,-20698.76596979052,13358,540162121760.0,1727
1,59484748.18901585,59493248.34399414,8500.1549782902,15443.541422776878,1,,15443.541422776878,13386,541146296510.0,1728
2,18229673.94456907,18261750.821105957,32076.87653688714,34204.74418040365,3,-8.412635203450918,34206.30530285835,13406,542105997420.0,1729
3,21409328.92897883,21441036.219848633,31707.290869802237,34206.30530285835,3,-6.070951521396637,34206.30530285835,13407,542109176720.0,1729
2,35904150.57960527,35934179.658325195,30029.07871992886,34220.00832835585,3,14.483586724847555,34206.30530285835,13408,542123669930.0,1729
1,28878028.716916114,28826907.471069336,-51121.245846778154,-47750.443763200194,3,-39.95555651932955,-47718.45141476393,13432,543117483190.0,1730
2,47822331.01353798,47769030.47705078,-53300.536487199366,-47718.45141476393,3,8.032966135069728,-47718.45141476393,13433,543136425400.0,1730
1,64104170.825169414,64048985.709350586,-55185.115818828344,-47702.5249985978,3,31.92259038425982,-47718.45141476393,13434,543152705430.0,1730
1,17679695.03372936,17677061.682250977,-2633.351478382945,-569.680393319577,2,-64.22497968003154,-537.5679034795612,13480,545108030550.0,1732
1,76672035.82050496,76662580.78405762,-9455.03644734621,-505.45541363954544,2,64.22497968003154,-537.5679034795612,13481,545167016340.0,1732
0,9681911.011375181,9669145.751220703,-12765.260154478252,-11635.134337024763,4,0.6393897999078035,-11635.454031924717,13512,546100917050.0,1733
0,14642267.872413166,14628922.97277832,-13344.899634845555,-11635.773726824671,4,-0.6393897999078035,-11635.454031924717,13513,546105876850.0,1733
3,17829735.935279846,17816008.33581543,-13727.599464416504,-11646.414781436324,4,-11.280444411560893,-11635.454031924717,13514,546109063950.0,1733
0,32412235.36132677,32396841.37145996,-15393.989866808057,-11610.65577706322,4,25.11794976145029,-11635.454031924717,13515,546123644850.0,1733
1,70450517.65174946,70419900.23864746,-30617.41310200095,-22394.041831836104,1,,-22394.041831836104,13546,547162518760.0,1734
2,10877570.097573193,10853703.14465332,-23866.952919872478,-22597.263208411634,6,-31.58594422414899,-22567.590482430533,13575,548103835990.0,1735
1,11607505.662207458,11583549.79272461,-23955.869482848793,-22600.97768414393,6,-35.300419956445694,-22567.590482430533,13576,548104565840.0,1735
0,31404240.236905366,31378008.884277344,-26231.352628022432,-22565.677264187485,6,3.82643648609519,-22567.590482430533,13577,548124360390.0,1735
2,39940991.318388104,39913759.68286133,-27231.635526776314,-22569.50370067358,6,-3.82643648609519,-22567.590482430533,13578,548132896180.0,1735
3,48453511.593282364,48425300.5925293,-28211.000753067434,-22555.24081750214,6,14.26288317143917,-22567.590482430533,13579,548141407760.0,1735
3,73366995.68924955,73335916.1875,-31079.501749545336,-22515.70314821601,6,53.80055245757103,-22567.590482430533,13580,548166318490.0,1735
0,60391511.786117315,60401621.09667969,10109.310562372208,17158.539433032274,2,-0.4744087755680084,17158.77663742006,13595,549154231740.0,1736
0,64071864.00211563,64081544.19616699,9680.194051362574,17159.013841807842,2,0.4744087755680084,17158.77663742006,13596,549157911680.0,1736
1,4850171.816332668,4959004.817749023,108833.00141635537,109399.14010346867,4,-42.8906111177057,109438.6535134092,13623,550099726330.0,1737
2,32031153.57594104,32136850.00012207,105696.4241810292,109435.27631223202,4,-6.754402354359627,109438.6535134092,13624,550126904300.0,1737
0,33421222.69473844,33526763.61682129,105540.92208284885,109442.03071458638,4,6.754402354359627,109438.6535134092,13625,550128294220.0,1737
2,58528113.09159097,58630728.32385254,102615.23226156831,109446.95500452071,4,11.678692288696766,109438.6535134092,13626,550153398300.0,1737
0,60034195.48014575,60101754.349365234,67558.86921948195,74566.3901688531,3,-10.35697353258729,74571.89459564537,13646,551155874890.0,1738
0,63775119.458196476,63842247.1706543,67127.71245782077,74571.89459564537,3,-2.100333344191313,74571.89459564537,13647,551159615400.0,1738
0,70960225.44349873,71026524.17602539,66298.73252665997,74581.59968912601,3,12.457306876778603,74571.89459564537,13648,551166799710.0,1738
1,50282029.2864743,50326844.03137207,44814.7448977679,50683.93945903331,2,-54.114344857633114,50710.99663146213,13674,552147103700.0,1739
0,77059257.7937759,77101001.0678711,41743.27409519255,50738.05380389094,2,54.114344857633114,50710.99663146213,13675,552173877980.0,1739
0,56536670.10810795,56492128.81542969,-44541.29267825931,-37942.022095523775,3,15.060416620224714,-37948.05814397335,13698,553154205450.0,1740
1,60905074.036928,60859998.755371094,-45075.281556904316,-37966.10688031465,3,-21.066760566085577,-37948.05814397335,13699,553158573340.0,1740
3,72563233.2572735,72516815.22009277,-46418.03718072176,-37948.05814397335,3,6.006343945860863,-37948.05814397335,13700,553170230210.0,1740
2,39007552.578149214,39038682.506347656,31129.928198441863,35683.10392919183,2,-12.833099775016308,35689.520479079336,13719,554137593640.0,1741
2,53998550.73658346,54027943.666259766,29392.929676309228,35695.937028966844,2,12.833099775016308,35689.520479079336,13720,554152582970.0,1741
1,16072652.504794532,16086879.10571289,14226.600918358192,16102.689175033942,3,-30.63537664525211,16105.516718432307,13738,555115558200.0,1742
1,20986950.73423078,21000606.53881836,13655.804587580264,16105.516718432307,3,-26.39406154770404,16105.516718432307,13739,555120471950.0,1742
1,67412931.02165174,67421223.34655762,8292.324905872345,16161.13238492608,3,57.02943819295615,16105.516718432307,13740,555166892780.0,1742
2,19565412.987450384,19558970.28088379,-6442.706566594541,-4158.924127332866,3,-18.17362825013697,-4147.584434386343,13768,556119961880.0,1743
0,29837543.4967034,29829913.110351562,-7630.386351838708,-4147.584434386343,3,-1.1640888303518295,-4147.584434386343,13769,556130232870.0,1743
0,49363669.35981376,49353773.44470215,-9895.915111608803,-4133.916563779116,3,19.3377170804888,-4147.584434386343,13770,556149756820.0,1743
0,60069880.39103578,60074207.67895508,4327.287919297814,11338.974207416177,1,,11338.974207416177,13796,557161333100.0,1744
3,31092816.366817974,31081034.038208008,-11782.328609965742,-8153.004350300878,2,-12.343987550586462,-8146.832356525585,13822,558133253190.0,1745
0,34336787.780380294,34324639.14160156,-12148.638778731227,-8140.660362750292,2,12.343987550586462,-8146.832356525585,13823,558136496810.0,1745
1,19983352.294319157,19990240.375,6888.080680843443,9220.647290941328,1,,9220.647290941328,13837,559123032990.0,1746
3,14646375.913101941,14647958.091308594,1582.1782066524029,3291.783627739176,1,,3291.783627739176,13856,560118609200.0,1747
1,836009.8190013017,875190.75,39180.93099869834,39278.51465537399,2,-19.23361849039793,39288.13146461919,13877,561105705990.0,1748
0,12367123.60839835,12404977.798095703,37854.18969735317,39297.74827386439,2,19.23361849039793,39288.13146461919,13878,561117235830.0,1748
1,4589171.779566258,4643746.494262695,54574.71469643712,55110.38802608475,4,-27.720557626336813,55135.76108777523,13904,562110421240.0,1749
0,36563259.42220989,36614129.666381836,50870.24417194724,55138.10858371109,4,4.694991871714592,55135.76108777523,13905,562142391770.0,1749
3,39722848.4127451,39773345.15734863,50496.74460352957,55133.41359183937,4,-4.694991871714592,55135.76108777523,13906,562145551000.0,1749
2,49643225.947917074,49692569.60205078,49343.654133707285,55138.284061573446,4,4.870469734072685,55135.76108777523,13907,562155470270.0,1749
2,35452160.22154245,35423508.1862793,-28652.03526315093,-24513.864451229572,3,2.88928896933794,-24513.864451229572,13939,563142147820.0,1750
3,39198217.75920461,39169120.98413086,-29096.775073751807,-24521.34385611117,3,-8.329818353056908,-24513.864451229572,13940,563145893450.0,1750
3,43865811.97211745,43836179.55004883,-29632.422068618238,-24512.16362428665,3,5.440529383718967,-24513.864451229572,13941,563150560530.0,1750
3,51931836.02462849,51917425.80517578,-14410.21945270896,-8348.4503897354,1,,-8348.4503897354,13962,564159519370.0,1751
0,842873.6450296857,846789.9058837891,3916.2608541033696,4014.6456942429068,3,-34.59062876540702,4024.358586732298,13982,565109286120.0,1752
3,23457229.75691405,23458516.05883789,1286.301923841238,4024.358586732298,3,-20.02129003131995,4024.358586732298,13983,565131897950.0,1752
2,77868051.27192824,77863036.19946289,-5015.0724653452635,4074.1140592843294,3,54.61191879672697,4024.358586732298,13984,565186302720.0,1752
2,24784681.031497385,24833841.01525879,49159.98376140371,52052.98782621324,2,-42.7610045671463,52074.368328496814,14006,566134171830.0,1753
3,54073082.478539735,54118866.52026367,45784.041723936796,52095.74883078039,2,42.7610045671463,52074.368328496814,14007,566163456990.0,1753
0,7110231.265722849,7128319.41003418,18088.14431133028,18918.089547556825,1,,18918.089547556825,14034,567117406760.0,1754
1,48280364.671703756,48272991.591674805,-7373.080028951168,-1737.530752837658,2,-21.833430968225002,-1726.6140373535454,14051,568159478330.0,1755
3,63194055.16113372,63184963.10668945,-9092.054444268346,-1715.697321869433,2,21.833430968225002,-1726.6140373535454,14052,568174390370.0,1755
3,26960647.601908416,26979238.815063477,18591.213155061007,21738.207986388355,1,,21738.207986388355,14076,569139048980.0,1756
1,9373202.795777395,9423578.00012207,50375.204344674945,51469.29604406096,4,-8.813850972801447,51473.70296954736,14123,571123287520.0,1758
3,12441388.027876843,12491413.910644531,50025.88276768848,51478.10989503376,4,8.813850972801447,51473.70296954736,14124,571126355370.0,1758
0,30184485.6421014,30232442.432861328,47956.790759928524,51480.089669682086,4,10.793625621125102,51473.70296954736,14125,571144096480.0,1758
2,69424238.67074043,69467592.24072266,43353.56998223066,51457.14833433926,4,-20.961560694500804,51473.70296954736,14126,571183331810.0,1758
0,5033311.934942022,4991287.385375977,-42024.5495660454,-41437.033758650534,1,,-41437.033758650534,14150,572119806750.0,1759
2,30537401.95332831,30531751.760253906,-5650.193074405193,-2085.6998349130154,1,,-2085.6998349130154,14180,573146158840.0,1760
3,40546411.27410841,40534083.150268555,-12328.123839855194,-7595.324072107673,1,,-7595.324072107673,14205,574157047990.0,1761
1,627650.2811775433,631545.9425048828,3895.661327339476,3968.92411464022,3,-50.10721213428769,4007.0261433050036,14229,575117986730.0,1762
2,41486913.86736186,41486078.31311035,-835.5542515069246,4007.0261433050036,3,7.045830862887669,4007.0261433050036,14230,575158841450.0,1762
1,74279907.04684907,74275267.72473145,-4639.322117626667,4031.036510244012,3,43.06138127140002,4007.0261433050036,14231,575191630790.0,1762
0,20488782.80259622,20472048.08605957,-16734.71653664857,-14343.153302259743,1,,-14343.153302259743,14256,576138727920.0,1763
0,43845125.76619815,43862331.447631836,17205.681433685124,22323.525270469487,2,3.784285821020603,22321.633127558976,14300,578163863440.0,1765
2,60372062.77225575,60387335.55456543,15272.782309681177,22319.740984648466,2,-3.784285821020603,22321.633127558976,14301,578180388520.0,1765
0,11415322.187112313,11468775.578857422,53453.39174510911,54785.85083330423,4,-19.261453941464424,54802.10133132525,14323,579132349340.0,1766
0,18097908.288580842,18150594.891723633,52686.603142790496,54799.090375404805,4,-6.021911840885878,54802.10133132525,14324,579139031190.0,1766
0,27647199.818303443,27698781.040527344,51581.22222390026,54808.355199843645,4,9.26482443884015,54802.10133132525,14325,579148579420.0,1766
1,37680518.13137082,37730924.966674805,50406.83530398458,54805.11228724569,4,6.021911840885878,54802.10133132525,14326,579158611610.0,1766
2,9912804.139989648,9862117.958862305,-50686.18112734333,-49529.104196064174,2,-22.16819304227829,-49518.020099543035,14351,580131700360.0,1767
2,53326550.1028728,53270818.599121094,-55731.50375170261,-49506.936003021896,2,22.16819304227829,-49518.020099543035,14352,580175109260.0,1767
0,22780731.50306935,22777394.444580078,-3337.0584892705083,-677.9664172753692,4,27.074091471731663,-704.6636569574475,14387,581145399300.0,1768
1,57826317.604454346,57818863.5123291,-7454.092125244439,-704.2868051677942,4,0.7537035793066025,-704.6636569574475,14388,581180440930.0,1768
1,64423332.468508765,64415103.21826172,-8229.250247046351,-709.4051272645593,4,-5.118322096765041,-704.6636569574475,14389,581187037200.0,1768
2,67114619.88709326,67106080.85961914,-8539.02747412026,-705.0405087471008,4,-0.7537035793066025,-704.6636569574475,14390,581189728190.0,1768
0,9826429.444596661,9832539.190551758,6109.745955096558,7256.740757638589,1,,7256.740757638589,14411,582133348070.0,1769
1,10359429.685262598,10364286.24230957,4856.557046972215,6065.766564356163,1,,6065.766564356163,14433,583134730240.0,1770
3,2624759.1762066116,2641380.987060547,16621.810853935312,16928.187157760374,5,-24.967409902252257,16951.681589581072,14455,584127905080.0,1771
3,53255083.03228937,53265818.48815918,10735.455869808793,16951.681589581072,5,-0.40809015557169914,16951.681589581072,14456,584178529750.0,1771
3,60842680.90952608,60852533.64526367,9852.735737591982,16954.62754574418,5,4.010844089090824,16951.681589581072,14457,584186116500.0,1771
2,65218706.68392284,65228043.5501709,9336.866248056293,16949.551813729107,5,-3.602753933519125,16951.681589581072,14458,584190492030.0,1771
3,76628125.80617803,76636141.15710449,8015.350926458836,16959.80654218793,5,9.189840532839298,16951.681589581072,14459,584201900180.0,1771
1,4965908.926956749,4976246.790649414,10337.863692665473,10917.51185085252,3,-75.76514979451895,10993.081369571388,14503,586132041150.0,1773
0,56985236.46154906,56989577.91320801,4341.451658949256,10993.081369571388,3,37.58912828378379,10993.081369571388,14504,586184054720.0,1773
2,66096507.7480585,66099786.07336426,3278.3253057599068,10993.472631722689,3,38.176021510735154,10993.081369571388,14505,586193164970.0,1773
1,66253172.43473077,66212700.09106445,-40472.34366631508,-32738.90957786888,1,,-32738.90957786888,14554,588195077030.0,1775
1,12762529.624896675,12751467.102783203,-11062.522113472223,-9572.809575507417,4,18.595025410875678,-9586.745134558529,14576,589142468020.0,1776
1,23948333.203194298,23935955.736572266,-12377.466622032225,-9582.085668198764,4,9.318932719528675,-9586.745134558529,14577,589153652560.0,1776
2,44524809.8325748,44510021.247680664,-14788.584894135594,-9591.404600918293,4,-9.318932719528675,-9586.745134558529,14578,589174226720.0,1776
2,52761103.88323064,52745343.42602539,-15760.45720525086,-9601.89144424349,4,-19.80577604472637,-9586.745134558529,14579,589182462080.0,1776
3,69286829.41851844,69269271.07165527,-17558.346863165498,-9470.807673498988,3,2.5345554053783417,-9470.807673498988,14605,590199827800.0,1777
3,70529415.87615305,70511715.36560059,-17700.510552465916,-9467.929848313332,3,6.851293183863163,-9470.807673498988,14606,590201070250.0,1777
1,71416006.11742854,71398191.2944336,-17814.822994947433,-9478.754609495401,3,-9.385848589241505,-9470.807673498988,14607,590201956730.0,1777
2,1237322.9889437917,1202041.0291748047,-35281.95976898703,-35137.53263547062,5,-24.144152287160978,-35132.883429873735,14623,591132641910.0,1778
1,3140977.9933749186,3105462.287475586,-35515.70589933265,-35149.073700565845,5,-35.68521738238633,-35132.883429873735,14624,591134545340.0,1778
2,20102253.72864856,20064774.399780273,-37479.32886828482,-35132.883429873735,5,-17.17034389183391,-35132.883429873735,14625,591151504730.0,1778
2,59788704.91548501,59746632.15600586,-42072.759479150176,-35093.89353649318,5,41.31449617899489,-35132.883429873735,14626,591191186770.0,1778
2,74517243.6846532,74473464.52124023,-43779.16341295838,-35081.101549491286,5,54.10648318089079,-35132.883429873735,14627,591205913670.0,1778
3,38397446.28877288,38396727.85241699,-718.4363558888435,3763.5244186148047,2,-4.497950077056885,3765.773393653333,14647,592170654420.0,1779
2,53688056.378974274,53685557.63659668,-2498.7423775941133,3768.0223686918616,2,4.497950077056885,3765.773393653333,14648,592185943320.0,1779
1,36072120.74309141,36055213.88354492,-16906.859546490014,-12696.32353823632,2,-31.83364224433899,-12680.40671711415,14675,593169210420.0,1780
0,42046118.79407787,42028546.45031738,-17572.343760490417,-12664.489895991981,2,31.83364224433899,-12680.40671711415,14676,593175183780.0,1780
1,25602415.73569754,25642143.25012207,39727.51442452893,42715.9689742662,3,-6.05420233681798,42715.9689742662,14692,594159636970.0,1781
0,68604604.45122063,68639325.78039551,34721.32917487621,42729.23532021046,3,13.845316579565406,42715.9689742662,14693,594202634350.0,1781
2,79652047.662907,79685465.04956055,33417.38665354252,42714.81103299558,3,-7.791114242747426,42715.9689742662,14694,594213680540.0,1781
2,28339317.896847352,28399209.682128906,59891.785281553864,63199.706080105156,1,,63199.706080105156,14721,595163331510.0,1782
3,75650752.89399451,75679293.64489746,28540.750902950764,37371.12218552828,2,10.496826320886612,37365.873772367835,14741,596211547480.0,1783
1,79071216.93913499,79099347.93786621,28130.99873122573,37360.62535920739,2,-10.496826320886612,37365.873772367835,14742,596214967550.0,1783
0,23174214.341364305,23175809.904052734,1595.5626884289086,4300.584237955511,4,16.238859966397285,4284.575306188315,14762,597159973280.0,1784
3,44390139.59434737,44389242.478881836,-897.1154655367136,4284.345377989113,4,-0.45985639840364456,4284.575306188315,14763,597181186810.0,1784
2,53306889.00945333,53304941.53234863,-1947.4771046936512,4274.795693203807,4,-10.009541183710098,4284.575306188315,14764,597190102550.0,1784
0,79785138.09620786,79780109.9420166,-5028.1541912555695,4284.805234387517,4,0.45985639840364456,4284.575306188315,14765,597216577840.0,1784
2,74867589.8302084,74872983.93945312,5394.109244719148,14133.065434068441,1,,14133.065434068441,14790,598212528280.0,1785
2,60113460.76704268,60132070.87414551,18610.107102826238,25626.880331739783,1,,25626.880331739783,14810,599198694040.0,1786
1,44045023.23272799,44054759.971069336,9736.738341346383,14877.915308080614,1,,14877.915308080614,14828,600183518020.0,1787
0,22478727.963892344,22469614.29272461,-9113.67116773501,-6489.830607160926,2,69.01194031536579,-6524.336577318609,14840,601162849500.0,1788
1,67870516.91206196,67856035.85009766,-14481.061964303255,-6558.842547476292,2,-69.01194031536579,-6524.336577318609,14841,601208236130.0,1788
1,7260587.062309519,7281997.8798828125,21410.817573293112,22258.313163713552,2,1.148014553822577,22257.73915643664,14904,604150353620.0,1791
0,22517599.031015188,22537227.818359375,19628.787344187498,22257.16514915973,2,-1.148014553822577,22257.73915643664,14905,604165608920.0,1791
1,13475191.292215444,13443842.885375977,-31348.406839467585,-29775.50851840526,2,12.279356949031353,-29781.648196879774,14929,605157407130.0,1792
0,62603212.46399417,62566117.28540039,-37095.17859377712,-29787.78787535429,2,-12.279356949031353,-29781.648196879774,14930,605206529630.0,1792
2,45208020.35724887,45195474.64770508,-12545.709543794394,-7268.7811665683985,2,-20.311050184071064,-7258.625641476363,14952,606189989360.0,1793
0,51916102.2461522,51902793.84350586,-13308.40264634043,-7248.470116384327,2,20.311050184071064,-7258.625641476363,14953,606196696710.0,1793
3,37390043.1088852,37383964.01574707,-6079.093138128519,-1714.7219945192337,1,,-1714.7219945192337,14974,607183028490.0,1794
2,2132523.2871474465,2146203.1586914062,13679.871543959714,13928.791371904314,2,-29.262810815125704,13943.422777311876,14996,608148681180.0,1795
3,32096854.026680313,32107065.559814453,10211.533134140074,13958.05418271944,2,29.262810815125704,13943.422777311876,14997,608178642180.0,1795
2,14543919.849811196,14532543.729125977,-11376.120685219765,-9678.474498435855,1,,-9678.474498435855,15028,609161926190.0,1796
3,16966276.01058489,16951685.90588379,-14590.10470110178,-12609.707801867276,3,-34.53625456057489,-12599.328030969948,15054,610165240820.0,1797
0,18717311.98045393,18702527.864990234,-14784.11546369642,-12599.328030969948,3,-18.96659821458161,-12599.328030969948,15055,610166991670.0,1797
2,78778548.53817841,78756802.05834961,-21746.47982880473,-12551.015063643456,3,53.5028527751565,-12599.328030969948,15056,610227046220.0,1797
2,6021100.444070675,6041293.445922852,20193.001852176152,20895.817758388817,3,-37.63485002703965,20914.21565266326,15076,611155194110.0,1798
1,28879265.210009225,28896808.479248047,17543.269238822162,20914.21565266326,3,-10.038008615374565,20914.21565266326,15077,611178049730.0,1798
0,43103021.69416389,43118943.162353516,15921.468189626932,20952.689564168453,3,47.67285864241421,20914.21565266326,15078,611192271930.0,1798
2,42951850.48163308,43002936.85266113,51086.37102805078,56099.94686856866,1,,56099.94686856866,15102,612193079560.0,1799
2,7503884.216038417,7453509.276489258,-50374.93954915926,-49499.04497899022,3,-12.047418394125998,-49499.04497899022,15114,613158453350.0,1800
1,8757917.606085282,8707393.517944336,-50524.08814094588,-49501.81590748578,3,-16.203811137471348,-49499.04497899022,15115,613159707240.0,1800
1,33123580.17391607,33070241.62854004,-53338.54537603259,-49472.179213706404,3,28.251229531597346,-49499.04497899022,15116,613184070200.0,1800
0,13569529.690563682,13572122.760498047,2593.0699343644083,4176.97995130159,3,-15.65054783783853,4192.455424949527,15140,614165402700.0,1801
3,58094826.98817152,58092238.29638672,-2588.691784799099,4192.455424949527,3,7.562662634067237,4192.455424949527,15141,614209923020.0,1801
1,79278382.02215403,79273321.01965332,-5061.002500712872,4192.8055733293295,3,8.087885203771293,4192.455424949527,15142,614231104200.0,1801
0,3342019.3728657644,3361409.0600585938,19389.687192829326,19779.786045345943,3,-27.989186447579414,19791.997023180127,15174,615156061560.0,1802
3,36278570.44955051,36294127.81262207,15557.36307156086,19791.997023180127,3,-9.67271969630383,19791.997023180127,15175,615188994430.0,1802
0,63546086.49236826,63558492.59765625,12406.105287991464,19823.55344040692,3,37.66190614388324,19791.997023180127,15176,615216258920.0,1802
0,58200558.909478754,58192496.459228516,-8062.45025023818,-1268.9614300504327,1,,-1268.9614300504327,15203,616211803480.0,1803
3,8779897.35860084,8789509.427978516,9612.069377675653,10636.90720854327,2,-17.609923128038645,10645.71217010729,15275,619165039080.0,1806
3,44257948.02322935,44263436.509643555,5488.486414201558,10654.51713167131,2,17.609923128038645,10645.71217010729,15276,619200513170.0,1806
1,18741357.50873036,18677194.61376953,-64162.894960828125,-61975.30080200359,2,-11.612900357693434,-61969.494351824746,15339,621176712900.0,1808
0,67451947.98019633,67382110.93054199,-69837.04965433478,-61963.6879016459,2,11.612900357693434,-61969.494351824746,15340,621225418040.0,1808
0,11642475.447905798,11646894.669067383,4419.221161585301,5778.194825699553,2,29.52149952761829,5763.434075935744,15359,622170473340.0,1809
2,54957482.02869193,54956815.76293945,-666.265752479434,5748.673326171935,2,-29.52149952761829,5763.434075935744,15360,622213783460.0,1809
2,10858395.718164317,10849967.634765625,-8428.08339869231,-7160.631826084107,6,-14.306282330304384,-7150.011964309961,15386,623170567790.0,1810
2,14598596.419482041,14589730.459472656,-8865.9600093849,-7161.931673154235,6,-15.60612940043211,-7150.011964309961,15387,623174307570.0,1810
2,33098265.24413269,33087255.50732422,-11009.736808471382,-7146.325543753803,6,7.372841112315655,-7150.011964309961,15388,623192805180.0,1810
1,37443619.87640356,37432095.553100586,-11524.323302976787,-7153.698384866118,6,-7.372841112315655,-7150.011964309961,15389,623197150040.0,1810
0,50026916.08290476,50013947.76940918,-12968.313495583832,-7128.897148288786,6,24.80123657733202,-7150.011964309961,15390,623209731950.0,1810
1,60967319.721171305,60953067.53015137,-14252.191019937396,-7135.750685289502,6,17.947699576616287,-7150.011964309961,15391,623220671120.0,1810
3,11276681.273629885,11279109.174194336,2427.9005644507706,3744.17672393471,1,,3744.17672393471,15410,624171843770.0,1811
3,2078264.1950374104,2059056.7783203125,-19207.41671709786,-18964.83030832559,1,,-18964.83030832559,15439,625163525040.0,1812
3,69362781.72389914,69392847.05114746,30065.327248319983,38161.73200812936,1,,38161.73200812936,15470,626231705720.0,1813
1,61891463.31763969,61894112.486572266,2649.168932572007,9873.480382353067,1,,9873.480382353067,15501,627225165660.0,1814
1,71462675.6596697,71492891.7722168,30216.11254709959,38557.628457799554,1,,38557.628457799554,15519,628235642040.0,1815
1,35395422.99743459,35469548.275024414,74125.27758982778,78256.825721398,3,-39.83396674692631,78296.53039611876,15543,629200563160.0,1816
3,70779861.07014531,70849895.78649902,70034.71635371447,78296.53039611876,3,19.723045334219933,78296.53039611876,15544,629235943670.0,1816
1,78796829.78159593,78865928.97192383,69099.19032789767,78296.78898017108,3,20.110921412706375,78296.53039611876,15545,629243959740.0,1816
1,11620618.50308786,11585928.918823242,-34689.58426461741,-33333.161863122135,1,,-33333.161863122135,15574,630177647100.0,1817
0,10691688.17313423,10676108.604125977,-15579.569008253515,-14331.57645570673,2,3.7438818495720625,-14333.448396631517,15592,631177584880.0,1818
3,23392886.145635627,23375820.279174805,-17065.866460822523,-14335.320337556303,2,-3.7438818495720625,-14333.448396631517,15593,631190284650.0,1818
2,62162419.320255615,62159673.685180664,-2745.6350749507546,4510.303847298026,1,,4510.303847298026,15612,632229912190.0,1819
1,26462678.96411559,26460334.924438477,-2344.0396771132946,744.8295204229653,1,,744.8295204229653,15629,633195108420.0,1820
0,8254318.0476861335,8246377.285766602,-7940.761919531971,-6977.272591835819,3,-14.169573173858225,-6977.272591835819,15678,635178655380.0,1822
2,19110392.319531422,19101177.43371582,-9214.885815601796,-6984.215887259692,3,-24.58451630966738,-6977.272591835819,15679,635189510230.0,1822
1,54086532.08723745,54073276.82006836,-13255.267169088125,-6941.99015006423,3,38.754089483525604,-6977.272591835819,15680,635224482490.0,1822
3,35925377.42489931,35939743.52856445,14366.103665143251,18559.510987512767,1,,18559.510987512767,15705,636207213630.0,1823
0,15407395.796514887,15435654.881958008,28259.08544312045,30057.521283823997,3,-31.22451139613986,30088.55619096011,15728,637187626940.0,1824
3,49858207.84826886,49882476.68066406,24268.83239520341,30088.55619096011,3,15.327849308028817,30088.55619096011,15729,637222073920.0,1824
3,53275210.62922588,53299080.98950195,23870.360276073217,30088.935399480164,3,15.896662088111043,30088.55619096011,15730,637225490540.0,1824
3,15834214.13732846,15825608.787841797,-8605.349486663938,-6757.093065524474,2,-45.193482825532556,-6734.4963241117075,15825,641191479250.0,1828
1,66570438.16916004,66555955.802490234,-14482.366669803858,-6711.899582698941,2,45.193482825532556,-6734.4963241117075,15826,641242209830.0,1828
1,7757080.9072819315,7759663.3525390625,2582.4452571310103,3487.8943354273215,1,,3487.8943354273215,15861,642184257800.0,1829
2,4680352.66437237,4734492.011474609,54139.34710223973,54685.66356544383,4,-28.604810325428843,54709.52999266982,15903,644182981840.0,1831
3,14672423.981238186,14725416.126953125,52992.14571493864,54704.791609570384,4,-9.47676619887352,54709.52999266982,15904,644192972810.0,1831
0,14974208.344535738,15027174.741088867,52966.39655312896,54714.26837576926,4,9.47676619887352,54709.52999266982,15905,644193274570.0,1831
0,79210742.01830156,79256259.76123047,45517.742928907275,54763.65569028258,4,58.86408071219921,54709.52999266982,15906,644257503950.0,1831
3,41135077.04377973,41176969.669799805,41892.62602007389,46694.13808886707,1,,46694.13808886707,15926,645220377050.0,1832
1,1119803.7252050573,1090109.0275878906,-29694.697617166676,-29563.987977422308,3,-55.58695364324376,-29513.04416372627,15952,646181192650.0,1833
2,57913491.25070055,57877218.22583008,-36273.024870470166,-29513.04416372627,3,20.828766900813207,-29513.04416372627,15953,646237980020.0,1833
2,63516490.24773795,63479572.49633789,-36917.75140006095,-29503.75788383186,3,34.75818674243055,-29513.04416372627,15954,646243582400.0,1833
3,10324445.019138522,10325226.019897461,781.0007589384913,1986.1266739871353,4,-16.062841532751918,1999.4840643722564,15981,647191297430.0,1834
3,22981028.18194288,22980347.899658203,-680.2822846770287,2002.1895155198872,4,5.4109022952616215,1999.4840643722564,15982,647203952610.0,1834
1,35927145.28501466,35924948.44995117,-2196.8350634872913,1996.7786132246256,4,-5.4109022952616215,1999.4840643722564,15983,647216897270.0,1834
1,68181540.49160554,68175610.33496094,-5930.15664459765,2028.367152288556,4,31.58853906393051,1999.4840643722564,15984,647249148080.0,1834
0,56421235.28711745,56430323.78808594,9088.50096848607,15674.297365054488,1,,15674.297365054488,16001,648238249320.0,1835
0,27199430.4764205,27200249.321166992,818.8447464928031,3993.711626112461,1,,3993.711626112461,16029,649209913820.0,1836
0,36699132.27514577,36694955.209472656,-4177.065673112869,106.65856413543224,2,5.857681006193161,103.72972363233566,16042,650220258990.0,1837
2,47614122.06781193,47608665.08691406,-5456.9808978661895,100.80088312923908,2,-5.857681006193161,103.72972363233566,16043,650231172750.0,1837
0,4696921.406821722,4735762.8291015625,38841.422279840335,39389.672737644054,5,-44.961354858241975,39418.00765610486,16088,652190031980.0,1839
1,33482526.438352898,33518020.643066406,35494.20471350849,39402.469054825604,5,-32.16503767669201,39418.00765610486,16089,652218814370.0,1839
3,38183037.98406507,38217999.05786133,34961.07379625738,39418.00765610486,5,-8.857135757803917,39418.00765610486,16090,652223514370.0,1839
0,57849119.955674395,57881818.74926758,32698.79359318316,39451.26052889973,5,41.022173434495926,39418.00765610486,16091,652243178280.0,1839
2,78037487.27612829,78067836.04260254,30348.76647424698,39457.73049966991,5,47.49214420467615,39418.00765610486,16092,652263364390.0,1839
2,56701614.875469014,56673204.64343262,-28410.23203639686,-21791.708194687963,1,,-21791.708194687963,16128,654243810790.0,1841
3,23660796.153246246,23656267.73864746,-4528.414598785341,-1766.5965483114123,4,3.5205540768802166,-1768.3568253498524,16149,655211651290.0,1842
1,29742801.66980388,29737559.809570312,-5241.860233567655,-1770.1171023882926,4,-3.5205540768802166,-1768.3568253498524,16150,655217732610.0,1842
0,30470365.305676375,30465056.46850586,-5308.837170515209,-1752.168816640973,4,17.94828574731946,-1768.3568253498524,16151,655218460110.0,1842
1,64377902.453749925,64368580.76245117,-9321.691298753023,-1807.149019755423,4,-40.552471444010735,-1768.3568253498524,16152,655252363790.0,1842
0,8622054.715573411,8676854.072021484,54799.35644807294,55805.77001891844,2,4.920436942949891,55803.309800446965,16177,656197512500.0,1843
0,26440847.71793466,26493562.24658203,52714.52864737064,55800.84958197549,2,-4.920436942949891,55803.309800446965,16178,656215329290.0,1843
0,24667071.115276974,24680855.596435547,13784.48115857318,16663.757148157805,3,-24.64589275419712,16683.383129775524,16201,657214469140.0,1844
0,50558984.79786362,50569776.69848633,10791.900622710586,16693.42295204848,3,19.85281308181584,16683.383129775524,16202,657240358180.0,1844
3,56673610.49151537,56683678.619628906,10068.128113538027,16683.383129775524,3,4.793079672381282,16683.383129775524,16203,657246472110.0,1844
3,13306919.715927273,13312409.162597656,5489.446670383215,7042.703409066424,3,-20.873572131618857,7048.650748580694,16220,658203981270.0,1845
1,36618717.79986252,36621492.11279297,2774.3129304498434,7048.650748580694,3,-11.95256286021322,7048.650748580694,16221,658227290460.0,1845
1,57653446.64294549,57653795.51928711,348.8763416185975,7078.503213815391,3,32.82613499183208,7048.650748580694,16222,658248322860.0,1845
2,2127953.649728814,2137663.706176758,9710.056447943673,9958.442882716656,3,-23.71070858463645,9979.701159454882,16243,659193716030.0,1846
3,35907815.33741551,35913608.58605957,5793.248644061387,9984.606023147702,3,15.534002061933279,9979.701159454882,16244,659227492130.0,1846
1,45352899.35179053,45357585.21350098,4685.861710444093,9979.701159454882,3,8.17670652270317,9979.701159454882,16245,659236936150.0,1846
1,32838705.49387517,32857306.032836914,18600.5389617458,22433.652987144887,3,-25.948189072310925,22449.636509634554,16270,660225304410.0,1847
2,44390574.86073628,44407842.9855957,17268.124859422445,22449.636509634554,3,-1.9729053378105164,22449.636509634554,16271,660236855000.0,1847
0,57620478.44546637,57636222.232666016,15743.787199646235,22469.565842799842,3,27.92109441012144,22449.636509634554,16272,660250083440.0,1847
0,23219645.206165813,23241119.39038086,21474.184215046465,24184.508704580367,2,28.092452876269817,24170.46247814223,16302,661216603880.0,1848
1,51501234.60969262,51519379.51904297,18144.9093503505,24156.416251704097,2,-28.092452876269817,24170.46247814223,16303,661244882270.0,1848
0,68526192.01054424,68533556.73925781,7364.728713572025,15363.48212826252,1,,15363.48212826252,16338,662262776130.0,1849
1,66633052.21280983,66622984.919433594,-10067.293376237154,-2289.517634138465,1,,-2289.517634138465,16354,663261735170.0,1850
0,78464216.68771815,78468434.05749512,4217.369776964188,13376.144002512097,1,,13376.144002512097,16384,664274421110.0,1851
0,19307737.63847989,19325155.00354004,17417.365060150623,19671.070217762142,1,,19671.070217762142,16410,665216165100.0,1852
3,7489684.820053827,7598550.296875,108865.47682117298,109739.71395987272,1,,109739.71395987272,16437,666205301150.0,1853
1,56659202.93511566,56650931.84509277,-8271.09002288431,-1657.516735740006,1,,-1657.516735740006,16469,667255349330.0,1854
3,26017003.976081017,26056411.377075195,39407.40099417791,42444.24855987355,3,-21.040450356900692,42460.66369730979,16510,669226447830.0,1856
3,40715735.779706895,40753443.87915039,37708.09944349527,42460.66369730979,3,3.5822557974606752,42460.66369730979,16511,669241144930.0,1856
3,50736490.19044742,50773037.86303711,36547.67258968949,42469.91432315111,3,17.458194559440017,42460.66369730979,16512,669251164570.0,1856
3,28765280.85901525,28810415.850219727,45134.99120447785,48492.632738973945,2,-1.3220911137759686,48493.29378453083,16536,670230133420.0,1857
3,60741765.16901331,60783169.01147461,41403.84246130288,48493.95483008772,2,1.3220911137759686,48493.29378453083,16537,670262106320.0,1857
0,38632033.48329571,38609966.07507324,-22067.408222466707,-17558.06514247507,2,18.179921887815,-17567.155103418976,16567,671240840780.0,1858
0,53533952.66626622,53510127.64428711,-23825.021979108453,-17576.245064362884,2,-18.179921887815,-17567.155103418976,16568,671255741010.0,1858
3,42272954.24098979,42264160.712524414,-8793.528465375304,-3859.197121940553,4,7.5486395582556725,-3866.4206438288093,16590,672245361540.0,1859
1,45483801.832884476,45474625.96801758,-9175.864866897464,-3866.745761498809,4,-0.6502353399991989,-3866.4206438288093,16591,672248572020.0,1859
2,47269111.375540055,47259727.76977539,-9383.60576466471,-3866.0955261588097,4,0.6502353399991989,-3866.4206438288093,16592,672250357130.0,1859
3,76799839.83843185,76786992.16223145,-12847.676200404763,-3883.1771799325943,4,-17.081653773784637,-3866.4206438288093,16593,672279884530.0,1859
2,4709826.235441318,4749584.593017578,39758.35757626034,40308.11435652152,2,3.6582983769476414,40306.28520733304,16613,673208676220.0,1860
2,18881278.986983433,18919379.516479492,38100.52949605882,40304.45605814457,2,-3.6582983769476414,40306.28520733304,16614,673222846080.0,1860
0,72145471.56750032,72170878.06896973,25406.501469403505,33827.71706774831,1,,33827.71706774831,16652,674277030420.0,1861
3,8069931.598903248,8069149.85559082,-781.7433124277741,160.22341648489237,4,15.729555875062943,148.6586477253586,16676,675213801090.0,1862
3,26407705.2759046,26404775.646972656,-2929.628931943327,152.82343484088778,4,8.32957423105836,148.6586477253586,16677,675232136800.0,1862
1,29342172.6572832,29338892.17163086,-3280.4856523424387,144.49386060982943,4,-8.32957423105836,148.6586477253586,16678,675235070930.0,1862
2,60588920.80577772,60581988.68395996,-6932.1218177601695,140.14971766620874,4,-12.673717174679041,148.6586477253586,16679,675266314170.0,1862
2,65832027.53056588,65815321.93493652,-16705.5956293568,-9021.319886662066,1,,-9021.319886662066,16695,676272443260.0,1863
3,4054942.6580094732,4116092.0993652344,61149.44135576114,61622.75652884273,3,-17.927474890369922,61628.64067515731,16737,678212484780.0,1865
1,35343405.25570391,35400908.420043945,57503.16434003413,61628.64067515731,3,-9.101255418499932,61628.64067515731,16738,678243769740.0,1865
2,64181464.87871627,64235625.99304199,54161.11432572454,61652.72733230889,3,27.028730308869854,61628.64067515731,16739,678272604590.0,1865
2,44374578.039798945,44333508.56298828,-41069.47681066394,-35889.83239723742,1,,-35889.83239723742,16760,679253623970.0,1866
0,7355359.238732174,7364169.427368164,8810.188635990024,9668.74655524455,3,-22.409694585949183,9680.969548072666,16798,681218335590.0,1868
2,33472915.666257285,33478689.493286133,5773.827028848231,9680.969548072666,3,-4.075205343775451,9680.969548072666,16799,681244450230.0,1868
2,54407742.78618659,54411093.35864258,3350.5724559873343,9701.342951588333,3,26.484899929724634,9680.969548072666,16800,681265382730.0,1868
2,34224103.65191801,34243055.30041504,18951.64849703014,22946.473802775145,2,-11.744831018149853,22952.34621828422,16821,682246103420.0,1869
3,40268869.72719692,40287127.54223633,18257.815039411187,22958.218633793294,2,11.744831018149853,22952.34621828422,16822,682252147520.0,1869
3,75991196.44482133,75992608.94384766,1412.4990263283253,10282.608749568462,1,,10282.608749568462,16849,683288727650.0,1870
0,55334192.44549309,55328499.10021973,-5693.34527336061,765.5655136853456,1,,765.5655136853456,16871,684268966090.0,1871
0,46285084.22624792,46318531.98168945,33447.75544153154,38850.40462779999,1,,38850.40462779999,16897,685260804710.0,1872
2,54362519.05519955,54464643.74609375,102124.6908942014,108470.18262758851,2,-16.56633735448122,108478.46579626575,16925,686269870400.0,1873
0,60208968.07108258,60310426.89868164,101458.82759906352,108486.74896494299,2,16.56633735448122,108478.46579626575,16926,686275716210.0,1873
0,5549526.852369084,5621744.97265625,72218.12028716598,72865.89153430331,3,-23.120478624477983,72865.89153430331,16948,687222004930.0,1874
1,15783069.743047114,15854087.979370117,71018.23632300273,72860.52288960479,3,-31.17344567226246,72865.89153430331,16949,687232237320.0,1874
0,54259507.25848677,54326091.29199219,66584.0335054174,72917.5011362508,3,54.29392429674044,72865.89153430331,16950,687270709500.0,1874
1,46819198.50433068,46836454.25354004,17255.74920935929,22720.743147030473,3,-7.017784439027309,22720.743147030473,17005,689265012830.0,1876
1,61930444.70374927,61945934.861328125,15490.157578855753,22719.019150078297,3,-9.60377986729145,22720.743147030473,17006,689280122380.0,1876
0,64713989.34845346,64729172.07897949,15182.730526030064,22736.502712860703,3,16.62156430631876,22720.743147030473,17007,689282905630.0,1876
2,1571200.3032252402,1597215.283569336,26014.980344095733,26198.379471084103,3,-5.907906325068325,26198.379471084103,17038,690220673980.0,1877
0,5828908.898829287,5854445.731811523,25536.83298223652,26217.21523594763,3,22.345740970224142,26198.379471084103,17039,690224931230.0,1877
1,71879171.19549969,71896972.42346191,17801.227962225676,26191.35951887071,3,-16.437834645155817,26198.379471084103,17040,690290974060.0,1877
0,24521881.210661624,24532765.350341797,10884.139680173248,13746.468306839466,2,-4.667614541947842,13748.80211411044,17073,691244480280.0,1878
0,56458567.71245681,56465728.69433594,7160.981879130006,13751.135921381414,2,4.667614541947842,13748.80211411044,17074,691276413390.0,1878
1,54112727.13064039,54115016.77600098,2289.6453605890274,8605.980008915067,1,,8605.980008915067,17111,692274958400.0,1879
0,1697040.3208169008,1706658.9287109375,9618.607894036686,9816.695758876856,3,-54.32880987832323,9870.952418409288,17136,693223407390.0,1880
0,63422187.51488826,63424655.48132324,2467.9664349853992,9870.952418409288,3,27.056179420324042,9870.952418409288,17137,693285125670.0,1880
2,71511144.41279018,71512668.33605957,1523.9232693910599,9871.096719101071,3,27.272630457999185,9870.952418409288,17138,693293213720.0,1880
2,31867513.72254423,31877729.623046875,10215.90050264448,13935.651691596955,1,,13935.651691596955,17165,694254480220.0,1881
1,13575079.992155876,13616138.95727539,41058.965119514614,42643.52299812995,5,-72.53635520674288,42710.221118569374,17188,695237075110.0,1882
1,16200137.800038116,16240896.902832031,40759.1027939152,42650.07183428481,5,-65.98751905187964,42710.221118569374,17189,695239699880.0,1882
2,68561159.07002006,68595866.45617676,34707.3861566931,42710.221118569374,5,24.236407374963164,42710.221118569374,17190,695292055090.0,1882
0,72600402.18887162,72634657.90759277,34255.71872115135,42730.03631968796,5,49.889843260869384,42710.221118569374,17191,695296093900.0,1882
3,79274708.7403873,79308177.25866699,33468.51827968657,42721.89758810401,5,41.75111167691648,42710.221118569374,17192,695302767450.0,1882
1,43322807.42156194,43374787.39416504,51979.97260309756,57036.848574601114,2,-17.004795163869858,57045.35097218305,17215,696267768540.0,1883
2,49228872.683919095,49280180.27294922,51307.58903012425,57053.853369764984,2,17.004795163869858,57045.35097218305,17216,696273673960.0,1883
1,50922522.12614679,50920534.11804199,-1988.008104801178,3955.9482977092266,2,-12.103098303079605,3961.9998468607664,17237,697276189830.0,1884
3,55812608.36495562,55810061.662231445,-2546.702724173665,3968.051396012306,2,12.103098303079605,3961.9998468607664,17238,697281079380.0,1884
0,28336380.411869336,28329946.085083008,-6434.326786328107,-3126.7488671541214,2,10.189481750130653,-3131.8436080291867,17301,700256208000.0,1887
0,53214030.21700728,53204681.84484863,-9348.372158646584,-3136.938348904252,2,-10.189481750130653,-3131.8436080291867,17302,700281082850.0,1887
1,30376890.822145037,30375336.22644043,-1554.5957046076655,1991.16179427132,1,,1991.16179427132,17328,701259094860.0,1888
0,24273377.92835283,24310953.418823242,37575.49047041312,40408.812429416925,1,,40408.812429416925,17351,702253914150.0,1889
3,28503481.273444492,28604303.897583008,100822.62413851544,104149.70698781684,1,,104149.70698781684,17391,704260080650.0,1891
3,37198774.71942519,37158714.51293945,-40060.20648573339,-35718.16123881191,2,18.31030225008726,-35727.316389936954,17430,706270572230.0,1893
3,78929872.47991666,78884922.88024902,-44949.59966763854,-35736.471541062,2,-18.31030225008726,-35727.316389936954,17431,706312298630.0,1893
1,64031655.72502207,64056636.04040527,24980.315383203328,32454.441842757165,1,,32454.441842757165,17485,708299155500.0,1895
0,33516745.918378495,33531057.65258789,14311.734209395945,18223.992836322635,2,5.339380826801062,18221.323145909235,17515,709269496330.0,1896
3,69554802.32784541,69564902.1628418,10099.834996387362,18218.653455495834,2,-5.339380826801062,18221.323145909235,17516,709305530340.0,1896
1,7406572.913746279,7403550.927368164,-3021.9863781146705,-2157.4505174933,2,-4.201397177763283,-2155.3498189044185,17536,710244265460.0,1897
1,16282353.983952511,16278300.169067383,-4053.8148851282895,-2153.249120315537,2,4.201397177763283,-2155.3498189044185,17537,710253140250.0,1897
2,30109521.659300797,30111718.162963867,2196.5036630705,5711.052365116775,4,-15.951366119086742,5719.028048176318,17562,711267817240.0,1898
3,35170319.65404667,35171924.923339844,1605.2692931741476,5710.542126446962,4,-16.46160478889942,5719.028048176318,17563,711272877470.0,1898
2,66479329.32367578,66477301.1496582,-2028.1740175783634,5731.65834479779,4,20.605979681015015,5719.028048176318,17564,711304182990.0,1898
1,72135068.17550458,72132375.17797852,-2692.997526064515,5727.003731235862,4,15.951366119086742,5719.028048176318,17565,711309838090.0,1898
2,45998894.533034936,46042578.326660156,43683.79362522066,49053.037179000676,4,23.429931931197643,49037.14246272668,17585,712284634690.0,1899
2,50973385.76975973,51016465.48352051,43079.71376077831,49029.60724706948,4,-15.07043131440878,49037.14246272668,17586,712289608600.0,1899
2,57055152.66845575,57097537.55541992,42384.886964172125,49044.67767838389,4,15.07043131440878,49037.14246272668,17587,712295689700.0,1899
3,73611157.87131515,73651591.52893066,40433.65761551261,49025.95616744459,4,-18.72151093930006,49037.14246272668,17588,712312243830.0,1899
0,43555521.99077203,43611918.76611328,56396.77534125,61480.8150351271,2,25.065763257443905,61468.28215349838,17608,713283101800.0,1900
2,62984725.719422944,63038829.5456543,54103.826231352985,61455.74927186966,2,-25.065763257443905,61468.28215349838,17609,713302528800.0,1900
3,39329212.400292926,39287793.649902344,-41418.75039058179,-36828.028759129345,1,,-36828.028759129345,17636,714279730220.0,1901
1,52748918.017382145,52788972.72241211,40054.70502996445,46211.84838979691,2,6.229528069496155,46208.733625762165,17692,716294912590.0,1903
1,55950863.29193154,55990538.01879883,39674.72686728835,46205.61886172742,2,-6.229528069496155,46208.733625762165,17693,716298114170.0,1903
0,13471573.040137582,13501290.3828125,29717.342674918473,31289.818653728813,4,34.93601194396615,31270.94973825477,17725,717256533260.0,1904
0,18443573.369349584,18472707.55102539,29134.18167580664,31287.016834724694,4,32.13419293984771,31270.94973825477,17726,717261504700.0,1904
1,46043550.38308041,46069430.80969238,25880.426611974835,31254.882641784847,4,-32.13419293984771,31270.94973825477,17727,717289101550.0,1904
1,62407182.01664922,62431145.666503906,23963.649854689837,31248.158822879195,4,-38.85801184549928,31270.94973825477,17728,717305463340.0,1904
1,16762377.00375977,16786184.44946289,23807.445703120902,25764.042390653864,3,-11.76760352216661,25766.37662792951,17752,718260742830.0,1905
0,34768154.851847604,34789881.76525879,21726.913411185145,25785.24336042255,3,20.033851130865514,25766.37662792951,17753,718278746610.0,1905
0,64644053.804930076,64662274.572631836,18220.767701759934,25766.37662792951,3,-8.266247608698905,25766.37662792951,17754,718308619140.0,1905
1,15773508.630982434,15787510.349975586,14001.71899315156,15842.889534251764,2,13.688082912936807,15836.045492795296,17778,719260633740.0,1906
2,62030529.27637866,62039117.93383789,8588.65745922923,15829.201451338828,2,-13.688082912936807,15836.045492795296,17779,719306885560.0,1906
1,71071456.56352517,71056773.68139648,-14682.882128685713,-6387.031459107995,1,,-6387.031459107995,17802,720316825870.0,1907
2,2375486.573629721,2419098.443359375,43611.86972965393,43889.14956652885,2,6.958166209515184,43885.670483424095,17822,721249029340.0,1908
1,67429228.22943789,67465239.71105957,36011.481621682644,43882.19140031934,2,-6.958166209515184,43885.670483424095,17823,721314075780.0,1908
0,45198966.02420029,45242864.86291504,43898.83871474862,49174.71022050083,1,,49174.71022050083,17846,722292791020.0,1909
0,32036722.540711086,32008180.857666016,-28541.68304507062,-24802.180873721838,1,,-24802.180873721838,17876,723280467880.0,1910
3,15304511.423075287,15310873.833251953,6362.4101766664535,8148.836788356304,2,7.748721558600664,8144.962427577004,17940,726266363230.0,1913
1,26742331.73355204,26747351.309814453,5019.576262414455,8141.0880667977035,2,-7.748721558600664,8144.962427577004,17941,726277799760.0,1913
1,22626293.111275475,22636985.65283203,10692.541556555778,13333.60673142597,1,,13333.60673142597,17973,727274545940.0,1914
3,15117626.02747693,15119277.611450195,1651.5839732661843,3416.196295376867,3,-4.8011996522545815,3416.196295376867,17995,728267891930.0,1915
1,56718431.279659614,56715226.57702637,-3204.7026332467794,3415.7841114997864,3,-5.4194754678756,3416.196295376867,17996,728309488070.0,1915
2,65149286.23336734,65145107.861816406,-4178.371550932527,3426.210878558457,3,10.220675120130181,3416.196295376867,17997,728317917990.0,1915
1,33137572.588831984,33196735.22595215,59162.63712016493,63030.63655399531,1,,63030.63655399531,18047,730287746600.0,1917
2,9163695.610099662,9126348.718017578,-37346.89208208397,-36277.255211832,2,10.234632052481174,-36282.37252785824,18077,731264645820.0,1918
1,10442869.282883417,10405362.84399414,-37506.438889276236,-36287.48984388448,2,-10.234632052481174,-36282.37252785824,18078,731265924840.0,1918
1,15836444.157782739,15842839.567871094,6395.410088354722,8243.926809728146,2,35.295949935913086,8226.278834760189,18101,732272168730.0,1919
1,74623851.4860577,74623349.61120605,-501.87485164403915,8208.630859792233,2,-35.295949935913086,8226.278834760189,18102,732330949510.0,1919
1,70615449.656685,70636633.21582031,21183.559135317802,29426.182174757123,2,-16.29530704021454,29434.32982827723,18125,733327856460.0,1920
2,76265006.86548026,76285547.27258301,20540.40710274875,29442.477481797338,2,16.29530704021454,29434.32982827723,18126,733333505400.0,1920
2,45346049.62337851,45347848.51062012,1798.8872416093946,7091.927152708173,3,-10.764451138675213,7101.1370306015015,18150,734303492220.0,1921
3,58266429.219611034,58266729.17907715,299.95946611464024,7101.1370306015015,3,3.050365701317787,7101.1370306015015,18151,734316411160.0,1921
2,68513755.17797872,68512862.12243652,-893.0555422008038,7104.246177092195,3,7.714085437357426,7101.1370306015015,18152,734326657340.0,1921
2,16635681.982172996,16630893.830566406,-4788.151606589556,-2846.3434576708823,1,,-2846.3434576708823,18179,735275638610.0,1922
2,400696.5993918912,453244.14318847656,52547.54379658535,52594.31530392583,3,-8.277513188601006,52596.33578225551,18254,738262113780.0,1925
1,2888213.512695289,2940472.720336914,52259.207641624846,52596.33578225551,3,-5.246795694081811,52596.33578225551,18255,738264601020.0,1925
0,37772022.63892365,37820222.53088379,48199.89196013659,52608.849851973355,3,13.524308882682817,52596.33578225551,18256,738299480930.0,1925
0,17089826.354430556,17050785.102783203,-39041.25164735317,-37046.43327355757,2,15.052118632942438,-37053.959332874045,18279,739279628890.0,1926
0,58229754.566904284,58185896.18481445,-43858.382089830935,-37061.485392190516,2,-15.052118632942438,-37053.959332874045,18280,739320764190.0,1926
2,57743577.64176657,57746965.78039551,3388.138628937304,10128.28608623147,2,-20.02508683502674,10138.298629648983,18305,740321156990.0,1927
3,77232202.94250828,77233336.28686523,1133.3443569540977,10148.311173066497,2,20.02508683502674,10138.298629648983,18306,740340643450.0,1927
0,16946050.871373266,16939536.66845703,-6514.202916234732,-4536.16680630669,4,-13.180123660713434,-4529.576744476333,18335,741281203890.0,1928
0,19628583.5464039,19621754.350097656,-6829.196306243539,-4538.040252465755,4,-15.053569819778204,-4529.576744476333,18336,741283886120.0,1928
0,33172393.44430731,33164002.15563965,-8391.288667660207,-4519.224752373993,4,16.94205393269658,-4529.576744476333,18337,741297428430.0,1928
0,34000350.047876775,33991858.353637695,-8491.694239079952,-4522.9866826459765,4,13.180123660713434,-4529.576744476333,18338,741298256290.0,1928
3,8287819.545561116,8292155.7236328125,4336.178071696311,5303.577878183685,3,-47.339342285878956,5342.323144048452,18359,742273440170.0,1929
0,46489944.53448281,46489860.29602051,-84.2384622991085,5342.323144048452,3,10.778556511271745,5342.323144048452,18360,742311638050.0,1929
0,65219227.52461495,65216974.28955078,-2253.2350641712546,5359.511296890676,3,36.56078577460721,5342.323144048452,18361,742330365250.0,1929
3,49588657.9492358,49703098.94921875,114440.99998295307,120229.26043437421,2,-11.780616372823715,120235.15074256063,18385,743315719900.0,1930
2,59056577.838679016,59169925.47167969,113347.63300067186,120241.04105074704,2,11.780616372823715,120235.15074256063,18386,743325186770.0,1930
3,18975594.751833193,19027812.381347656,52217.629514463246,54432.56513052061,1,,54432.56513052061,18413,744286099950.0,1931
0,12375539.823691294,12379423.911376953,3884.087685659528,5328.628649033606,2,7.828778058290482,5324.714260004461,18435,745280410240.0,1932
2,43191013.096518025,43191292.404174805,279.3076567798853,5320.799870975316,2,-7.828778058290482,5324.714260004461,18436,745311222250.0,1932
3,30210646.54574001,30257187.188964844,46540.643224835396,50066.995778910816,3,-34.81291355192661,50100.879262283444,18470,746299162570.0,1933
2,68051665.9044153,68093823.41955566,42157.515140369534,50100.879262283444,3,16.01231150701642,50100.879262283444,18471,746336999380.0,1933
1,77355697.33833963,77396770.69470215,41073.35636252165,50102.73812264204,3,18.800602044910192,50100.879262283444,18472,746346302370.0,1933
2,23409549.044945553,23418105.548950195,8556.504004642367,11288.995113015175,2,-19.468116104602814,11298.729171067476,18499,747293292150.0,1934
1,45201793.21533269,45207825.47705078,6032.261718094349,11308.463229119778,2,19.468116104602814,11298.729171067476,18500,747315081970.0,1934
1,42605014.76296174,42661930.53857422,56915.77561248094,61888.866883412,3,7.8077465035021305,61885.37055609375,18523,748313413620.0,1935
2,58626414.793420225,58681456.966918945,55042.17349871993,61885.37055609375,3,2.563255526125431,61885.37055609375,18524,748329433220.0,1935
3,68895514.92552039,68949349.8104248,53834.884904414415,61876.74771772325,3,-10.371002029627562,61885.37055609375,18525,748339701160.0,1935
3,25586006.24849874,25622501.69909668,36495.45059793815,39481.98974222317,1,,39481.98974222317,18547,749297352790.0,1936
2,14357297.256144142,14323404.846679688,-33892.40946445428,-32216.54689156264,1,,-32216.54689156264,18570,750286956030.0,1937
3,6702363.710318886,6690895.236206055,-11468.474112831056,-10686.137417307124,2,-9.89668664894998,-10681.189073982649,18601,751280208210.0,1938
1,79457282.07040498,79437331.1394043,-19950.93100067973,-10676.240730658174,2,9.89668664894998,-10681.189073982649,18602,751352954980.0,1938
0,4859442.393649815,4868185.150512695,8742.756862880662,9309.977662683465,3,-27.968148845247924,9331.114131487906,18622,752279225160.0,1939
0,27087433.757512834,27093603.07763672,6169.320123884827,9331.114131487906,3,3.7365543614141643,9331.114131487906,18623,752301450680.0,1939
0,48872072.87986514,48875713.040649414,3640.1607842743397,9344.777491569519,3,24.23159448383376,9331.114131487906,18624,752323232890.0,1939
2,2888533.587335027,2900103.4478759766,11569.86054094974,11907.026042449754,7,-45.29230994032696,11928.455189459026,18649,753278158690.0,1940
1,10851182.063880527,10861816.88269043,10634.818809902295,11901.428365172818,7,-50.88998721726239,11928.455189459026,18650,753286120440.0,1940
1,18620486.398111425,18630231.205322266,9744.807210840285,11918.292629919946,7,-34.0257224701345,11928.455189459026,18651,753293888890.0,1940
1,24138915.035780188,24148025.864257812,9110.828477624804,11928.455189459026,7,-18.781883161514997,11928.455189459026,18652,753299406710.0,1940
2,54419902.819523364,54425526.81115723,5623.991633862257,11976.181515321136,7,52.807605631649494,11928.455189459026,18653,753329684350.0,1940
2,56038941.80965661,56044379.37634277,5437.566686160862,11978.739688828588,7,55.365779139101505,11928.455189459026,18654,753331303210.0,1940
0,76089338.66237324,76092477.30297852,3138.6406052708626,12020.206027045846,7,96.83211735635996,11928.455189459026,18655,753351351400.0,1940
0,21766557.96618656,21794773.85913086,28215.892944298685,30756.605112154037,3,17.4565865509212,30746.81575447321,19196,775316563470.0,1962
1,68977987.06842068,69000667.06030273,22679.991882055998,30731.48129673302,3,-20.229136580601335,30746.81575447321,19197,775363769580.0,1962
0,75208970.43527514,75230938.44702148,21968.01174634695,30746.81575447321,3,2.772550029680133,30746.81575447321,19198,775369999880.0,1962
3,3278859.057564183,3304794.2010498047,25935.14348562155,26317.86991931731,2,29.534951055888087,26303.102443789365,19226,776298938930.0,1963
1,54555518.41908566,54575438.734375,19920.315289340913,26288.33496826142,2,-29.534951055888087,26303.102443789365,19227,776350209810.0,1963
1,633929.8225636212,639959.5737304688,6029.7511668475345,6103.746936700307,4,-23.324054875411093,6125.751068755984,19253,777297202840.0,1964
2,42861264.23307961,42862385.662109375,1121.429029762745,6124.431145936251,4,-2.6398456394672394,6125.751068755984,19254,777339425460.0,1964
3,51008215.13858025,51008388.25061035,173.11203010380268,6127.070991575718,4,2.6398456394672394,6125.751068755984,19255,777347571500.0,1964
3,78058402.4186286,78055434.03381348,-2968.3848151266575,6143.0205405801535,4,18.58939464390278,6125.751068755984,19256,777374618670.0,1964
0,52650983.72668064,52651161.85534668,178.12866604328156,6323.840597704053,2,-15.51126877963543,6331.596232093871,19278,778350139710.0,1965
0,72007888.77098718,72005822.9666748,-2065.804312378168,6339.351866483688,2,15.51126877963543,6331.596232093871,19279,778369494460.0,1965
3,54693920.652485885,54709821.70056152,15901.048075638711,22285.22282321751,2,17.40724241733551,22276.519202008843,19296,779353091040.0,1966
2,70859670.78047577,70873667.46618652,13996.68571075797,22267.815580800176,2,-17.40724241733551,22276.519202008843,19297,779369254960.0,1966
3,7723002.046065578,7719142.512207031,-3859.533858546987,-2958.0626520616934,1,,-2958.0626520616934,19321,780307057830.0,1967
2,31424897.043960713,31403147.092163086,-21749.951797626913,-18081.86525784433,1,,-18081.86525784433,19345,781331623340.0,1968
1,27254287.21813122,27225331.46862793,-28955.749503292143,-25774.47944355756,3,-0.20824961364269257,-25774.47944355756,19366,782328362230.0,1969
2,36053955.04976882,36023971.05981445,-29983.98995436728,-25775.574345588684,3,-1.8506026603281498,-25774.47944355756,19367,782337160910.0,1969
2,37200140.96915211,37170025.79638672,-30115.172765389085,-25772.96804229915,3,2.0588522739708424,-25774.47944355756,19368,782338306970.0,1969
0,4448663.957545501,4442981.541503906,-5682.41604159493,-5163.143556473777,3,-15.378437889739871,-5163.143556473777,19389,783306441460.0,1970
1,41026910.799313925,41016953.57104492,-9957.228269003332,-5168.341958209872,3,-23.176040493883193,-5163.143556473777,19390,783343015600.0,1970
2,75125443.22995979,75111546.98742676,-13896.242533028126,-5127.188278958201,3,38.554478383623064,-5163.143556473777,19391,783377110350.0,1970
1,4908211.8263147045,4937080.462768555,28868.636453850195,29441.549889630638,2,17.76455098669976,29432.66761413729,19414,784307852030.0,1971
1,27099467.972084388,27125728.55871582,26260.586631432176,29423.78533864394,2,-17.76455098669976,29432.66761413729,19415,784330040780.0,1971
1,29948389.209421337,29993114.607421875,44725.39800053835,48221.13843824342,3,2.3602285124361515,48221.13843824342,19447,785333818760.0,1972
2,39220658.33597403,39264302.02844238,43643.692468352616,48221.74307333678,3,3.2671811524778605,48221.13843824342,19448,785343089990.0,1972
1,47694704.489325754,47737353.114868164,42648.62554240972,48215.813346125185,3,-5.627409664914012,48221.13843824342,19449,785351563080.0,1972
1,41229095.9534636,41198907.89196777,-30188.06149582565,-25375.57502362877,2,-15.092155642807484,-25368.028945807368,19478,786346037330.0,1973
0,41603432.836848296,41573216.17285156,-30216.663996733725,-25360.482867985964,2,15.092155642807484,-25368.028945807368,19479,786346411640.0,1973
2,40641229.084144175,40621948.06262207,-19281.02152210474,-14537.154098920524,2,-1.0783354714512825,-14536.614931184798,19496,787346304900.0,1974
2,56614729.16876587,56593584.7109375,-21144.457828372717,-14536.075763449073,2,1.0783354714512825,-14536.614931184798,19497,787362276610.0,1974
2,30002450.558679074,29970438.23022461,-32012.328454464674,-28510.277679219842,3,35.85832900181413,-28543.48019246012,19525,788336557010.0,1975
1,58993564.63370325,58958135.10070801,-35429.5329952389,-28543.48019246012,3,-13.945440858602524,-28543.48019246012,19526,788365544840.0,1975
2,73211004.19535193,73173909.81311035,-37094.38224157691,-28548.791823983192,3,-21.912888143211603,-28543.48019246012,19527,788379760680.0,1975
3,66142065.4985424,66115221.40734863,-26844.091193765402,-19123.626117005944,2,-3.906270742416382,-19121.672981634736,19546,789373621500.0,1976
3,74569556.59560154,74541732.7076416,-27823.88795994222,-19119.719846263528,2,3.906270742416382,-19121.672981634736,19547,789382048050.0,1976
1,20424708.104868226,20400042.803222656,-24665.301645569503,-22281.21756174043,4,-12.03930951282382,-22271.04639295861,19574,790328767540.0,1977
2,30629942.53375058,30604105.939819336,-25836.593931242824,-22261.298847056925,4,11.615686632692814,-22271.04639295861,19575,790338971650.0,1977
1,41072015.054674506,41044947.98901367,-27067.065660834312,-22272.914533689618,4,-3.7362814620137215,-22271.04639295861,19576,790349412540.0,1977
1,44823952.03583165,44796450.759765625,-27501.27606602758,-22269.178252227604,4,3.7362814620137215,-22271.04639295861,19577,790353164060.0,1977
1,47156270.33876346,47108995.32849121,-47275.01027224958,-41770.671459175646,2,6.179039143025875,-41773.76097874716,19597,791356393340.0,1978
1,55210799.699637175,55162578.341430664,-48221.358206510544,-41776.85049831867,2,-6.179039143025875,-41773.76097874716,19598,791364446960.0,1978
0,58820486.16453379,58814822.31115723,-5663.853376559913,1201.9967569112778,3,0.12517883628606796,1201.9967569112778,19657,793369853310.0,1980
3,64911658.62678014,64905274.34008789,-6384.286692246795,1192.5585381686687,3,-14.032149277627468,1201.9967569112778,19658,793375943790.0,1980
0,66342340.427789845,66335807.7701416,-6532.65764824301,1211.1846179813147,3,13.9069704413414,1201.9967569112778,19659,793377374330.0,1980
3,9702056.900040641,9725560.09362793,23503.19358728826,24635.6709434893,6,22.400698294863105,24615.236143253744,19708,795322607000.0,1982
1,11369191.941910692,11392482.438110352,23290.496199660003,24617.57071232982,6,4.300467135384679,24615.236143253744,19709,795324273930.0,1982
3,53799664.115718976,53817997.59375,18333.478031024337,24613.270245194435,6,-3.931796118617058,24615.236143253744,19710,795366699640.0,1982
1,59918092.5468166,59935689.49743652,17596.95061992109,24590.91939738393,6,-26.28264392912388,24615.236143253744,19711,795372817360.0,1982
0,69014946.32533774,69031507.72387695,16561.398539215326,24617.202041313052,6,3.931796118617058,24615.236143253744,19712,795381913220.0,1982
1,73868020.45184052,73883995.43823242,15974.98639190197,24597.26735469699,6,-19.934686616063118,24615.236143253744,19713,795386765730.0,1982
2,20801382.62453644,20753124.025512695,-48258.599023744464,-45830.54742162675,3,-30.731893675401807,-45812.615876916796,19757,797335424800.0,1984
0,24083422.719322424,24034798.954101562,-48623.76522086188,-45812.615876916796,3,-3.8345766104757786,-45812.615876916796,19758,797338706490.0,1984
0,55616212.997663446,55563934.15270996,-52278.84495348483,-45787.015178985894,3,34.566470285877585,-45812.615876916796,19759,797370235770.0,1984
0,13283693.245686226,13254758.032958984,-28935.212727241218,-27384.667109703645,3,-40.42370621301234,-27346.255137495697,19779,798328760180.0,1985
2,61670030.55836275,61635485.83862305,-34544.719739705324,-27346.255137495697,3,17.19425209891051,-27346.255137495697,19780,798377141130.0,1985
2,65897750.60353069,65862716.42456055,-35034.1789701432,-27342.23166948557,3,23.229454114101827,-27346.255137495697,19781,798381368380.0,1985
2,32289864.0832826,32250068.08642578,-39795.99685681984,-36026.94661459699,3,28.496316585689783,-36048.62293193489,19807,799348650030.0,1986
1,44184429.537744254,44143223.46557617,-41206.072168082,-36048.62293193489,3,-4.018159421160817,-36048.62293193489,19808,799360543240.0,1986
1,62976310.37543872,62932897.17175293,-43413.2036857903,-36062.26293043047,3,-24.478157164528966,-36048.62293193489,19809,799379333000.0,1986
3,6876315.006930891,6839902.32421875,-36412.682712141424,-35610.041466095485,3,-21.818968682549894,-35594.24562243,19831,800324080440.0,1987
0,31409118.111466933,31369869.6673584,-39248.444108534604,-35582.19937239587,3,19.94417186686769,-35594.24562243,19832,800348610520.0,1987
2,32606384.41128897,32566984.169433594,-39400.24185537547,-35594.24562243,3,1.8747968156822026,-35594.24562243,19833,800349807640.0,1987
0,34067275.324016675,34013808.81518555,-53466.50883112848,-49489.98938897252,2,33.15407361090183,-49506.56642577797,19851,801352149180.0,1988
3,55850461.10099616,55794418.78503418,-56042.31596197933,-49523.14346258342,2,-33.15407361090183,-49506.56642577797,19852,801373929890.0,1988
1,22552656.20420227,22544991.748291016,-7664.455911252648,-5031.986040525138,3,2.6863275840878487,-5033.050336375833,19916,803342539360.0,1990
1,38905464.20860068,38895886.654785156,-9577.5538155213,-5036.29439984262,3,-3.776211392134428,-5033.050336375833,19917,803358890330.0,1990
2,39144457.76364311,39134855.55725098,-9602.206392131746,-5033.050336375833,3,1.0898838080465794,-5033.050336375833,19918,803359129300.0,1990
0,42210528.43935782,42172868.890625,-37659.54873281717,-32732.504071734846,1,,-32732.504071734846,19940,804363063060.0,1991
2,48289186.23145831,48282622.209472656,-6564.021985650063,-927.4430086389184,1,,-927.4430086389184,19961,805370048350.0,1992
1,71014424.4355771,71015461.15185547,1036.716278374195,9325.90984480083,1,,9325.90984480083,19978,806393663970.0,1993
3,68983062.15483066,69018497.25622559,35435.10139492154,43487.18320156634,1,,43487.18320156634,20008,807392639530.0,1994
1,33214428.65847005,33213020.791259766,-1407.8672102838755,2469.1032860167325,2,-1.632413949817419,2469.919492991641,20038,808357771350.0,1995
0,76246342.3411119,76239913.1850586,-6429.156053304672,2470.73569996655,2,1.632413949817419,2469.919492991641,20039,808400798440.0,1995
2,29402100.0536882,29378519.462890625,-23580.590797573328,-20148.616229847074,4,-21.42563047260046,-20132.620231345296,20061,809354881460.0,1996
1,45325094.98697384,45299666.34313965,-25428.64383418858,-20138.04986331612,4,-10.859263941645622,-20132.620231345296,20062,809370802680.0,1996
3,51367121.64063273,51340998.59753418,-26123.043098554015,-20127.190599374473,4,10.859263941645622,-20132.620231345296,20063,809376844040.0,1996
1,70804018.53939569,70775629.3416748,-28389.197720885277,-20124.563886016607,4,13.485977299511433,-20132.620231345296,20064,809396278760.0,1996
2,8763778.830799356,8733599.654663086,-30179.176136270165,-29156.21974847652,2,4.743347926065326,-29158.591422439553,20090,810335112210.0,1997
1,54178126.03961879,54142641.1081543,-35484.931464493275,-29160.963096402586,2,-4.743347926065326,-29158.591422439553,20091,810380521460.0,1997
1,10070951.412821164,10025840.970336914,-45110.44248425029,-43934.905734885484,4,-30.447770964354277,-43914.78906241804,20107,811337307870.0,1998
0,40158514.785865575,40109922.80554199,-48591.98032358289,-43904.45796392113,4,20.66219699382782,-43914.78906241804,20108,811367392090.0,1998
1,46052786.392915964,46003485.73864746,-49300.65426850319,-43925.12016091496,4,-20.66219699382782,-43914.78906241804,20109,811373285680.0,1998
0,64049137.48218526,63997763.09777832,-51374.38440693915,-43898.217380695045,4,26.90278021991253,-43914.78906241804,20110,811391280040.0,1998
3,2892120.7145632384,2873663.3056640625,-18457.408899175934,-18119.824688488618,3,27.350041972473264,-18127.981613464653,20130,812331007360.0,1999
1,11136173.305153515,11116745.448242188,-19427.85691132769,-18127.981613464653,3,15.114654508419335,-18127.981613464653,20131,812339250480.0,1999
2,73613387.4743804,73586628.54772949,-26758.92665091157,-18166.367847457528,3,-42.4646964808926,-18127.981613464653,20132,812401720650.0,1999
1,33200239.178345915,33176425.221191406,-23813.95715450868,-19938.642932243645,1,,-19938.642932243645,20166,813362249770.0,2000
3,55880872.234562516,55903576.20385742,22703.969294905663,29226.69154880196,1,,29226.69154880196,20195,814385856630.0,2001
2,7289838.532213969,7204994.776977539,-84843.7552364301,-83992.8452538196,3,-4.82597921974957,-83992.8452538196,20222,815338133430.0,2002
0,21718815.80659448,21632298.517822266,-86517.2887722142,-83982.1493313834,3,11.217904434539378,-83992.8452538196,20223,815352560800.0,2002
0,32469893.101384804,32382109.14794922,-87783.9534355849,-83993.8892178163,3,-6.391925214789808,-83992.8452538196,20224,815363310660.0,2002
1,21349983.186148055,21315127.65991211,-34855.52623594552,-32363.438963864,1,,-32363.438963864,20252,816353052320.0,2003
3,7557173.843920322,7512630.349487305,-44543.49443301745,-43661.379604863934,3,17.58092214819044,-43661.379604863934,20270,817340142420.0,2004
0,19858510.990424253,19812533.860595703,-45977.12982854992,-43659.135380957276,3,20.947258008178324,-43661.379604863934,20271,817352442380.0,2004
1,77959115.65959439,77906317.05786133,-52798.60173305869,-43698.785673066974,3,-38.52818015636876,-43661.379604863934,20272,817410536430.0,2004
1,74667255.51126646,74625351.61999512,-41903.89127133787,-33188.3192037493,1,,-33188.3192037493,20303,818408105870.0,2005
0,10520552.034882383,10543795.181030273,23243.146147890016,24471.162750657648,2,72.74232004210353,24434.791590636596,20331,819344925640.0,2006
1,79109235.86028321,79124400.2163086,15164.356025382876,24398.420430615544,2,-72.74232004210353,24434.791590636596,20332,819413506560.0,2006
2,49969931.66040555,49926719.646484375,-43212.01392117143,-37379.249108575284,4,-2.4289942905306816,-37378.03461143002,20349,820385193470.0,2007
2,52100928.187260754,52057469.86071777,-43458.32654298097,-37376.820114284754,4,2.4289942905306816,-37378.03461143002,20350,820387324230.0,2007
0,62452819.748650365,62408162.32397461,-44657.4246757552,-37367.58862088621,4,11.660487689077854,-37378.03461143002,20351,820397674970.0,2007
3,64987318.73472996,64942340.685424805,-44978.04930515587,-37392.37261148542,4,-15.552497200667858,-37378.03461143002,20352,820400209160.0,2007
1,8581319.146293066,8564623.040771484,-16696.105521582067,-15694.446830065921,3,1.98118357360363,-15694.446830065921,20370,821344694660.0,2008
2,11673063.748090107,11656008.843261719,-17054.904828388244,-15692.360729914159,3,5.1103338012471795,-15694.446830065921,20371,821347786060.0,2008
0,52660567.95107439,52638720.62512207,-21847.32595232129,-15700.49529736489,3,-7.09151737485081,-15694.446830065921,20372,821388768960.0,2008
0,21333553.933274806,21346305.46520996,12751.531935155392,15241.7014946267,5,32.37819144129753,15211.055870167911,20390,822358406950.0,2009
2,55593916.31022855,55602638.138916016,8721.828687466681,15211.055870167911,5,-6.040273789316416,15211.055870167911,20391,822392663440.0,2009
2,57697935.706194535,57706408.47705078,8472.770856246352,15207.590736202896,5,-11.237974736839533,15211.055870167911,20392,822394767220.0,2009
0,60618084.14147121,60626235.06738281,8150.925911605358,15226.60155171156,5,17.27824852615595,15211.055870167911,20393,822397687060.0,2009
0,79749310.64941624,79755207.21533203,5896.5659157931805,15205.343365117908,5,-13.48534582182765,15211.055870167911,20394,822416816120.0,2009
0,193460.05481424375,229901.5977783203,36441.542964076565,36464.12468398028,3,-49.095902509609004,36510.38615625352,20429,823338215110.0,2010
0,45384001.16240223,45415214.07873535,31212.91633312404,36510.38615625352,3,20.296305900250445,36510.38615625352,20430,823383400630.0,2010
1,66025120.052514166,66053929.29296875,28809.24045458436,36516.055016726255,3,28.79959660935856,36510.38615625352,20431,823404039440.0,2010
1,44520272.094599694,44447631.38623047,-72640.70836922526,-67444.05774570256,2,-16.03070490807295,-67436.04239324853,20449,824383420680.0,2011
3,79173931.89666268,79097262.25354004,-76669.64312264323,-67428.02704079449,2,16.03070490807295,-67436.04239324853,20450,824418070470.0,2011
0,62410827.38263514,62377687.95739746,-33139.42523767799,-25854.490762360394,1,,-25854.490762360394,20503,826403067020.0,2013
3,14634551.254295792,14594780.84008789,-39770.414207901806,-38062.18902592175,5,-13.57051202468574,-38049.44390626252,20530,827356147370.0,2014
1,22859292.72295513,22818563.071411133,-40729.65154399723,-38061.389375030994,5,-12.770861133933067,-38049.44390626252,20531,827364371190.0,2014
0,29533764.709206335,29492272.42163086,-41492.28757547587,-38044.944386176765,5,10.47225446999073,-38049.44390626252,20532,827371044930.0,2014
2,52737061.07337567,52692855.87011719,-44205.2032584846,-38049.44390626252,5,5.1473420187830925,-38049.44390626252,20533,827394245620.0,2014
3,53613557.70706653,53569251.84509277,-44305.86197375506,-38047.793121531606,5,7.623519115149975,-38049.44390626252,20534,827395122020.0,2014
1,21126660.81243232,21078999.78955078,-47661.022881537676,-45195.00302319974,4,-32.73398433625698,-45174.343618329614,20573,829364388780.0,2016
3,25713646.58193069,25665458.725708008,-48187.8562226817,-45186.41819779575,4,-24.14915893226862,-45174.343618329614,20574,829368975260.0,2016
2,43421348.05761489,43371117.41040039,-50230.647214502096,-45162.26903886348,4,24.14915893226862,-45174.343618329614,20575,829386681000.0,2016
0,45829594.83056304,45779096.35144043,-50498.4791226089,-45148.99715974182,4,37.421038053929806,-45174.343618329614,20576,829389088990.0,2016
2,12683191.81554208,12656647.787841797,-26544.027700282633,-25063.575907075778,3,-43.230402721092105,-25033.5486651659,20594,830356855210.0,2017
1,37187389.52729905,37158015.2623291,-29374.264969944954,-25033.5486651659,3,1.8104601437225938,-25033.5486651659,20595,830381356690.0,2017
2,59732261.15399128,59700281.73413086,-31979.41986042261,-25007.14234354347,3,41.41994257736951,-25033.5486651659,20596,830403899060.0,2017
2,31562177.223396022,31770699.368774414,208522.1453783922,212206.25601453707,3,-28.9924479983747,212219.22487755865,20618,831376847930.0,2018
0,45827161.78834407,46034063.86242676,206902.0740826875,212251.27204751223,3,38.53160146437585,212219.22487755865,20619,831391111360.0,2018
2,46699631.66876368,46906399.85620117,206768.18743748963,212219.22487755865,3,-9.539153466001153,212219.22487755865,20620,831391983700.0,2018
1,3224649.0426446684,3228320.632446289,3671.589801620692,4047.9885447034612,3,-28.879567101364955,4054.512103834655,20641,832349442050.0,2019
3,3712927.271414077,3716548.390258789,3621.118844712153,4054.512103834655,3,-19.094228404574096,4054.512103834655,20642,832349930280.0,2019
0,39150246.26641528,39149775.65881348,-470.6076018065214,4099.224119774997,3,47.97379550593905,4054.512103834655,20643,832385363670.0,2019
3,22020354.309826322,21998763.268310547,-21591.041515775025,-19020.704845074564,5,4.9908771850168705,-19024.041928090155,20667,833369205080.0,2020
1,33488176.88046404,33465240.607055664,-22936.27340837568,-19027.349516429007,5,-4.976129846647382,-19024.041928090155,20668,833380671610.0,2020
1,36832405.688753165,36809075.25012207,-23330.438631094992,-19031.15798919648,5,-8.784602614119649,-19024.041928090155,20669,833384015460.0,2020
2,62671335.979856335,62644996.595458984,-26339.38439735025,-19024.041928090155,5,-0.014747338369488716,-19024.041928090155,20670,833409851500.0,2020
2,75121636.50234593,75093849.42260742,-27787.079738512635,-19018.469826593995,5,7.225895665585995,-19024.041928090155,20671,833422300410.0,2020
2,46987420.731094316,47071207.337646484,83786.60655216873,89271.23631186783,1,,89271.23631186783,20694,834395188220.0,2021
3,32978895.663033254,32922278.639892578,-56617.02314067632,-52767.54534893483,2,-26.12490177899599,-52754.48289804533,20718,835382144880.0,2022
0,75533401.31976175,75471843.22595215,-61558.093809604645,-52741.42044715583,2,26.12490177899599,-52754.48289804533,20719,835424694640.0,2022
1,1888384.6141347443,1945166.1190185547,56781.50488381041,57001.92750525451,4,-20.936047300929204,57014.46641965024,20747,836352079230.0,2023
3,18394201.325772118,18449060.322875977,54858.99710385874,57006.06928674504,4,-16.794265810400248,57014.46641965024,20748,836368583200.0,2023
0,30088120.399881992,30141636.623291016,53516.223409023136,57028.27403855324,4,22.204751808196306,57014.46641965024,20749,836380275830.0,2023
0,47108644.37972011,47160168.46362305,51524.083902940154,57022.86355255544,4,16.794265810400248,57014.46641965024,20750,836397294440.0,2023
1,76164159.96603048,76186980.01452637,22820.04849588871,31710.34747107327,1,,31710.34747107327,20775,837427309790.0,2024
3,5523117.397216442,5598474.944580078,75357.54736363608,76002.23595415149,5,21.149571207351983,75990.63765022904,20796,838357734710.0,2025
3,6973542.086032705,7048728.2841796875,75186.19814698212,76000.18827158306,5,19.101888638921082,75990.63765022904,20797,838359184970.0,2025
2,34836235.9754053,34908160.33630371,71924.36089841276,75990.63765022904,5,4.775956607889384,75990.63765022904,20798,838387044530.0,2025
1,64860071.752967045,64928472.46435547,68400.71138842404,75971.53511565924,5,-23.877845246810466,75990.63765022904,20799,838417064980.0,2025
3,73277287.25122696,73344703.81176758,67416.56054061651,75969.88788045943,5,-25.52508044661954,75990.63765022904,20800,838425481250.0,2025
2,32176014.94220274,32162889.412963867,-13125.52923887223,-9369.76809355244,2,-17.90502582117915,-9360.81558064185,20823,839385372900.0,2026
1,61359779.51202377,61343265.39855957,-16514.113464199007,-9351.863067731261,2,17.90502582117915,-9360.81558064185,20824,839414553410.0,2026
2,45947600.02307452,45979238.87036133,31638.84728680551,37002.103463724256,1,,37002.103463724256,20839,840400166710.0,2027
3,19334034.16496785,19361058.044799805,27023.879831954837,29280.654464535415,3,-12.937846157699823,29292.34013313055,20861,841374522220.0,2028
3,45974967.31342445,45998895.70727539,23928.393850937486,29294.84448825568,3,8.347189422696829,29292.34013313055,20862,841401160180.0,2028
1,51857169.40911119,51880408.69567871,23239.286567524076,29292.34013313055,3,4.5906567350029945,29292.34013313055,20863,841407041720.0,2028
1,5220939.109276277,5208677.772094727,-12261.33718155045,-11651.920500090346,1,,-11651.920500090346,20890,842361386340.0,2029
2,24762116.084138848,24954008.109375,191892.0252361521,194782.39539640024,4,11.321264702826738,194771.34389702603,20922,843382085350.0,2030
3,53128808.259271145,53317377.84716797,188569.58789682388,194771.07413169742,4,-0.5395306572318077,194771.34389702603,20923,843410448850.0,2030
2,61022155.779730454,61209801.60021973,187645.82048927248,194768.6615897864,4,-2.9520725682377815,194771.34389702603,20924,843418341310.0,2030
3,63850489.978319064,64037808.61218262,187318.6338635534,194771.61366235465,4,0.5395306572318077,194771.34389702603,20925,843421169330.0,2030
0,28336652.726322055,28393054.026611328,56401.30028927326,59708.90999448672,2,-13.573113489896059,59715.69655123167,20962,844386762930.0,2031
3,50120841.888474315,50174713.99169922,53872.103224903345,59722.483107976615,2,13.573113489896059,59715.69655123167,20963,844408544690.0,2031
1,16578325.708501201,16581600.80078125,3275.092280048877,5210.2054897565395,3,0.001016233116388321,5210.2054897565395,20986,845376012020.0,2032
1,28734387.60500601,28736244.979003906,1857.3739978969097,5211.409502144903,3,1.8070348156616092,5210.2054897565395,20987,845388166720.0,2032
1,46844160.72560312,46843901.81738281,-258.90822030603886,5208.999444901943,3,-1.8080510487779975,5210.2054897565395,20988,845406274460.0,2032
0,32276577.532793924,32351789.37072754,75211.83793361485,78979.3372967057,1,,78979.3372967057,21004,846392740990.0,2033
1,20961281.71269321,21008059.974487305,46778.261794093996,49224.977695800364,2,-1.0091960579156876,49225.48229382932,21024,847382462670.0,2034
2,38439920.64278205,38484659.71105957,44739.06827752292,49225.98689185828,2,1.0091960579156876,49225.48229382932,21025,847399939350.0,2034
2,317485.74500781717,439146.9296875,121661.18467968283,121698.24335918168,2,5.28760683874134,121695.59955576231,21084,850364878590.0,2037
0,40913553.207871124,41030470.5090332,116917.30116207898,121692.95575234294,2,-5.28760683874134,121695.59955576231,21085,850405470100.0,2037
3,63440369.56725904,63393898.06982422,-46471.497434824705,-39066.38914240897,2,-15.389706328511238,-39058.69428924471,21115,851428951060.0,2038
0,68357485.5504966,68310455.48999023,-47030.06050635874,-39050.999436080456,2,15.389706328511238,-39058.69428924471,21116,851433867640.0,2038
0,19719402.93489054,19675167.94165039,-44234.99324014783,-41933.23624864966,1,,-41933.23624864966,21144,852386170870.0,2039
0,44782637.46724698,44748724.704956055,-33912.76229092479,-28685.486940436065,2,-17.970125757157803,-28676.501877557486,21189,854413178600.0,2041
0,75777025.00324778,75739512.37597656,-37512.62727122009,-28667.516814678907,2,17.970125757157803,-28676.501877557486,21190,854444169530.0,2041
1,74983956.47807899,74932431.18969727,-51525.28838172555,-42772.74923825264,1,,-42772.74923825264,21213,855444297090.0,2042
1,4558447.998454165,4614643.367919922,56195.36946575716,56727.45654696692,4,-58.48839796613902,56766.63014296256,21238,856374885720.0,2043
1,22890873.81686249,22944949.18371582,54075.366853330284,56747.31534099206,4,-38.62960394099355,56766.63014296256,21239,856393216110.0,2043
2,50940910.533219635,50991750.37536621,50839.84214657545,56785.94494493306,4,38.62960394099355,56766.63014296256,21240,856421263040.0,2043
1,63889406.48414135,63938740.91479492,49334.43065357208,56791.95300062746,4,44.63765963539481,56766.63014296256,21241,856434210090.0,2043
2,46270924.1689794,46331654.435424805,60730.26644540578,66131.26279203594,1,,66131.26279203594,21261,857417635360.0,2044
3,8394848.21184961,8355716.121582031,-39132.09026757814,-38152.197487456724,3,-8.794537825509906,-38146.393331706524,21303,859381732570.0,2046
3,57696890.81353609,57652009.72229004,-44881.09124605358,-38146.393331706524,3,-0.08830420020967722,-38146.393331706524,21304,859431029090.0,2046
2,77732661.51196456,77685447.7163086,-47213.795655965805,-38140.412567555904,3,8.882842025719583,-38146.393331706524,21305,859451062620.0,2046
0,42269607.96088457,42323741.37438965,54133.41350507736,59067.35425232351,1,,59067.35425232351,21327,860416603140.0,2047
3,12453230.289865505,12410015.60168457,-43214.68818093464,-41761.0787597429,4,20.68520094640553,-41772.28416107409,21353,861387681010.0,2048
0,32333441.2512286,32287904.310058594,-45536.94117000699,-41762.80436145887,4,18.95959923043847,-41772.28416107409,21354,861407558990.0,2048
1,50909616.17861255,50861879.00683594,-47737.17177661508,-41794.72182716429,4,-31.917465705424547,-41772.28416107409,21355,861426133050.0,2048
3,51985883.90624231,51938034.064453125,-47849.841789186,-41781.763960689306,4,-18.95959923043847,-41772.28416107409,21356,861427209210.0,2048
0,4075445.2978948005,4082172.960083008,6727.662188207265,7203.370541998185,3,24.166874889284372,7184.477149376646,21383,862380286750.0,2049
1,4884004.8579085115,4890619.247192383,6614.389283871278,7184.477149376646,3,-4.173214043024927,7184.477149376646,21384,862381095200.0,2049
3,33827660.95572379,33830886.33557129,3225.379847496748,7173.930184841156,3,-19.993660846259445,7184.477149376646,21385,862410035600.0,2049
0,12635156.603589986,12657996.673461914,22840.069871928543,24314.914731431752,2,28.913504727184772,24300.45797906816,21414,863389799050.0,2050
2,32475990.337438077,32496485.56274414,20495.22530606389,24286.001226704568,2,-28.913504727184772,24300.45797906816,21415,863409637630.0,2050
0,52121464.754403226,52178735.954589844,57271.20018661767,63355.1037561968,1,,63355.1037561968,21438,864430324760.0,2051
2,40115156.9981849,40146606.114868164,31449.116683267057,36131.578083872795,1,,36131.578083872795,21472,865419272020.0,2052
1,38454550.43770262,38517132.286865234,62581.849162615836,67070.47544694692,2,13.35263455659151,67063.79912966862,21492,866418668320.0,2053
1,76755288.58267915,76813386.40673828,58097.82405912876,67057.12281239033,2,-13.35263455659151,67063.79912966862,21493,866456964750.0,2053
2,1638300.8655690206,1686644.110961914,48343.24539289344,48534.47686597356,2,11.160883106524125,48528.896424420294,21519,867382866260.0,2054
3,32072854.756644405,32117634.352905273,44779.59626086801,48523.31598286703,2,-11.160883106524125,48528.896424420294,21520,867413297390.0,2054
1,23356977.69744689,23328899.364746094,-28078.332700796425,-25351.978008776903,1,,-25351.978008776903,21543,868405543100.0,2055
0,69939412.26009414,69904016.52416992,-35395.735924214125,-27232.023681893945,2,-3.280282273888588,-27230.383540757,21563,869453063060.0,2056
3,79269045.1432625,79232563.68164062,-36481.46162188053,-27228.743399620056,2,3.280282273888588,-27230.383540757,21564,869462391650.0,2056
3,71383997.52220681,71321562.09509277,-62435.42711403966,-54103.09494757652,1,,-54103.09494757652,21613,871456378830.0,2058
2,936579.6054629714,971902.599609375,35322.994146403624,35432.31686079246,1,,35432.31686079246,21629,872386896420.0,2059
3,2793993.409737702,2734773.3447265625,-59220.06501113949,-58893.9347582967,4,-16.403180225286633,-58878.16690332536,21646,873389651800.0,2060
0,11360548.8741005,11300344.006225586,-60204.86787491478,-58878.8022285793,4,-1.2706505078822374,-58878.16690332536,21647,873398217410.0,2060
0,21282450.180118654,21221088.444091797,-61361.73602685705,-58877.531578071415,4,1.2706505078822374,-58878.16690332536,21648,873408138200.0,2060
1,78718583.22695658,78650534.69238281,-68048.53457376361,-58860.06928899884,4,18.732939580455422,-58878.16690332536,21649,873465567910.0,2060
2,53506366.55196798,53462630.66723633,-43735.88473165035,-37490.327819645405,1,,-37490.327819645405,21696,875442231260.0,2062
0,53719369.25820769,53772412.384521484,53043.12631379068,59313.54607128352,1,,59313.54607128352,21719,876443468520.0,2063
2,9132756.72969937,9144342.30444336,11585.574743989855,12651.600258233026,4,-49.38817082159221,12681.691125564277,21743,877399806890.0,2064
3,9532970.813430367,9544520.466552734,11549.653122367337,12662.393822073936,4,-38.59460698068142,12681.691125564277,21744,877400207070.0,2064
1,54563271.61959561,54569603.68334961,6332.06375399977,12700.988429054618,4,38.59460698068142,12681.691125564277,21745,877445232360.0,2064
2,61699192.53119563,61704710.91455078,5518.383355148137,12720.25190296024,4,57.85808088630438,12681.691125564277,21746,877452367500.0,2064
1,72000143.10283469,71939820.75927734,-60322.34355734289,-51918.09149540961,1,,-51918.09149540961,21771,878463593110.0,2065
3,16967327.09867795,17009724.322875977,42397.22419802472,44377.74378603324,3,-52.65517037734389,44430.122969701886,21790,879409557470.0,2066
3,71845868.43697993,71881912.31567383,36043.87869389355,44430.122969701886,3,25.91360512562096,44430.122969701886,21791,879464429910.0,2066
3,76874621.77630237,76910079.2232666,35457.446964234114,44430.67494311929,3,26.741565251722932,44430.122969701886,21792,879469458100.0,2066
0,63801765.09725335,63789446.20275879,-12318.894494563341,-4871.602131433785,1,,-4871.602131433785,21813,880457356020.0,2067
2,38146044.872862,38181872.755859375,35827.88299737871,40280.49881815165,2,21.012931905686855,40269.99235219881,21831,881432717790.0,2068
1,62518238.82291211,62551200.83666992,32962.01375781,40259.485886245966,2,-21.012931905686855,40269.99235219881,21832,881457087230.0,2068
2,41747104.5835654,41761604.962768555,14500.379203155637,19373.33048708737,1,,19373.33048708737,21860,882437332280.0,2069
3,24807667.77776113,24758589.837280273,-49077.94048085809,-46182.2532768026,2,12.94432008638978,-46188.725436845794,21884,883421333720.0,2070
1,25535362.32103141,25486186.49572754,-49175.825303871185,-46195.19759688899,2,-12.94432008638978,-46188.725436845794,21885,883422061320.0,2070
1,819134.2223952732,879578.7221679688,60444.49977269559,60540.11361707002,1,,60540.11361707002,21907,884398365180.0,2071
1,526356.7658572894,499731.3811035156,-26625.384753773804,-26563.94550179271,4,1.8020768803544343,-26564.846540232887,21961,887401313300.0,2074
2,13633434.567790892,13605281.192260742,-28153.375530149788,-26562.006185036153,4,3.7413936369121075,-26564.846540232887,21962,887414418910.0,2074
3,20511389.557751954,20482429.608154297,-28959.949597656727,-26565.747578673065,4,-1.8020768803544343,-26564.846540232887,21963,887421296090.0,2074
2,74635154.10205092,74599851.06726074,-35303.03479017317,-26591.209775328636,4,-27.264273535925895,-26564.846540232887,21964,887475413760.0,2074
1,7495143.572270017,7418824.693725586,-76318.87854443118,-75444.00423019752,2,-11.331906139850616,-75438.3382771276,21989,888409170910.0,2075
2,19807732.89287152,19729988.153198242,-77744.73967327923,-75432.67232405767,2,11.331906139850616,-75438.3382771276,21990,888421482130.0,2075
0,15422404.391016308,15407359.278198242,-15045.11281806603,-13244.925091797486,3,1.6028459519147873,-13244.925091797486,22013,889418058030.0,2076
2,26913068.399379585,26896666.51220703,-16401.88717255369,-13260.446047004312,3,-21.678586858324707,-13244.925091797486,22014,889429547390.0,2076
3,63224132.246268116,63203519.76855469,-20612.477713428438,-13232.60982849449,3,20.07574090640992,-13244.925091797486,22015,889465854410.0,2076
2,62561349.978965044,62603497.443237305,42147.464272260666,49449.968571558595,1,,49449.968571558595,22034,890466229990.0,2077
1,11770558.497475768,11749201.888427734,-21356.609048033133,-19982.684827059507,5,-2.580887995660305,-19982.5077521652,22053,891416357210.0,2078
1,22808140.643590104,22785491.20288086,-22649.44070924446,-19987.149291861802,5,-7.045352797955275,-19982.5077521652,22054,891427393550.0,2078
0,34898350.644673966,34874315.68359375,-24034.96108021587,-19961.433963127434,5,21.162326484918594,-19982.5077521652,22055,891439482430.0,2078
3,35267658.32253401,35243563.9876709,-24094.334863111377,-19977.700125962496,5,4.896163649857044,-19982.5077521652,22056,891439851680.0,2078
1,75120892.00903422,75092140.97827148,-28751.03076273203,-19982.5077521652,5,-2.315275654196739,-19982.5077521652,22057,891479700440.0,2078
3,55414729.6742876,55429422.536865234,14692.86257763207,21161.17411226034,1,,21161.17411226034,22080,892460940020.0,2079
0,28573768.235745013,28599984.572143555,26216.336398541927,29551.62352803722,4,22.212144929915667,29538.299608781934,22102,893435108080.0,2080
0,38667014.46156193,38692048.22314453,25033.76158259809,29547.187834456563,4,17.776451349258423,29538.299608781934,22103,893445200190.0,2080
1,40310317.33648374,40335140.67700195,24823.34051821381,29528.58210514486,4,-18.605729311704636,29538.299608781934,22104,893446843290.0,2080
1,44056936.62847064,44081323.47229004,24386.84381940216,29529.411383107305,4,-17.776451349258423,29538.299608781934,22105,893450589490.0,2080
0,1650110.4911242286,1635125.3857421875,-14985.105382041074,-14792.495424618479,3,-32.51717442786321,-14780.425102576613,22123,894409106670.0,2081
1,45281530.960530326,45261465.02648926,-20065.934041067958,-14780.425102576613,3,-14.411691365065053,-14780.425102576613,22124,894452733210.0,2081
2,78807259.4208191,78783321.07336426,-23938.347454845905,-14739.531397804618,3,46.92886579292826,-14780.425102576613,22125,894486255220.0,2081
3,25359136.453554366,25295605.32836914,-63531.12518522516,-60571.06752916798,1,,-60571.06752916798,22152,895433810960.0,2082
0,29598564.42483439,29663378.491088867,64814.06625447795,68268.97322240844,4,5.3618983291089535,68266.29227324389,22175,896439088310.0,2083
2,65408175.24034486,65468804.05029297,60628.80994810909,68263.61132407933,4,-5.3618983291089535,68266.29227324389,22176,896474893900.0,2083
0,72299545.90160385,72359352.40466309,59806.503059238195,68245.70305989683,4,-23.270162511616945,68266.29227324389,22177,896481784480.0,2083
0,72528912.51921442,72588721.35119629,59808.83198186755,68274.80491361022,4,11.19358953088522,68266.29227324389,22178,896482013850.0,2083
1,21985616.202228714,21932512.43762207,-53103.76460664347,-50537.48275861144,3,1.581974033266306,-50537.48275861144,22198,897432436950.0,2084
2,25493046.988829598,25439536.331176758,-53510.65765284002,-50534.96922378987,3,5.352276265621185,-50537.48275861144,22199,897435943990.0,2084
2,66691794.935823195,66633467.143066406,-58327.79275678843,-50543.16024149954,3,-6.934250298887491,-50537.48275861144,22200,897477138110.0,2084
3,11661823.329463687,11703697.491210938,41874.161747250706,43235.393802341074,2,31.776106473058462,43219.505749104545,22243,899424107330.0,2086
2,78959941.4728854,78993928.45263672,33986.97975131869,43203.617695868015,2,-31.776106473058462,43219.505749104545,22244,899491397870.0,2086
2,27734844.190021463,27744962.384887695,10118.194866232574,13355.55817450583,4,-25.518021181225777,13377.27344570309,22271,900441201330.0,2087
2,62594967.656220645,62601042.30407715,6074.647856503725,13381.076195687056,4,7.605499967932701,13377.27344570309,22272,900476057570.0,2087
1,62972057.54615582,62978080.572509766,6023.026353947818,13373.470695719123,4,-7.605499967932701,13377.27344570309,22273,900476434610.0,2087
2,71424210.78053887,71429261.75939941,5050.978860542178,13388.004939332604,4,14.534243613481522,13377.27344570309,22274,900484885830.0,2087
