arm,tof,off,u,v,n_b,res,delta_b,eventId,t_dream_ns,bunch
3,17637571.75574436,17655015.28363228,17443.527887918055,19495.82286895439,4,-3.5247957445681095,19497.666909061372,15,507218670.0,1762
3,40149914.04256409,40164738.2140131,14824.171449013054,19495.986153423786,4,-3.3615112751722336,19497.666909061372,16,529728530.0,1762
2,50066498.90191887,50080177.83541393,13678.93349505961,19504.634778514504,4,8.64862509071827,19497.666909061372,17,539644030.0,1762
1,62476822.683252975,62489052.27341366,12229.590160682797,19499.34766469896,4,3.3615112751722336,19497.666909061372,18,552052980.0,1762
2,47766876.17312392,47796834.49213982,29958.31901589781,35516.437876448035,3,-0.16819218546152115,35516.437876448035,34,1538334960.0,1763
1,57214619.8970393,57243476.968211174,28857.071171872318,35514.52259901166,3,-3.041108340024948,35516.437876448035,35,1547781660.0,1763
1,59180812.54337101,59209444.99674034,28632.45336933434,35518.689538255334,3,3.2093005254864693,35516.437876448035,36,1549747640.0,1763
1,8566700.610092819,8575421.988357544,8721.378264725208,9718.193297406659,4,-7.401691431179643,9721.894143122248,111,4501969610.0,1766
1,14507217.269905265,14515245.818681717,8028.548776451498,9716.5979934372,4,-8.996995400637388,9721.894143122248,112,4507909470.0,1766
0,26380531.741353065,26387203.52615547,6671.784802407026,9741.404228460044,4,23.21093105338514,9721.894143122248,113,4519781500.0,1766
1,41494154.13931135,41499051.50479889,4897.365487538278,9725.594988837838,4,7.401691431179643,9721.894143122248,114,4534893440.0,1766
3,45423033.731574684,45432948.961961746,9915.230387061834,15200.621451191604,1,,15200.621451191604,128,5539693360.0,1767
0,2119212.1618781826,2141097.742340088,21885.580461905338,22132.170442873612,3,3.6566795827820897,22132.170442873612,156,6497308460.0,1768
1,9889231.10059727,9910200.433540344,20969.332943074405,22120.036658706143,3,-14.543996668420732,22132.170442873612,157,6505077610.0,1768
1,48357056.0174682,48373566.21657944,16510.199111238122,22136.990867875516,3,10.887317085638642,22132.170442873612,158,6543541210.0,1768
0,14601793.396353258,14603765.112054825,1971.715701567009,3670.76972762309,1,,3670.76972762309,176,7510662290.0,1769
3,24345455.927717213,24384676.022880554,39220.09516334161,42052.91465252265,2,-35.87165929749608,42070.8504821714,226,9522233370.0,1771
0,76063903.08144894,76097141.12749481,33238.04604586959,42088.78631182015,2,35.87165929749608,42070.8504821714,227,9573946150.0,1771
2,8710705.26273382,8733926.268629074,23221.00589525327,24234.5772042498,4,-28.955888032913208,24254.63859598711,255,10507525580.0,1772
2,17378159.861426044,17400383.495523453,22223.634097408503,24245.74409969151,4,-17.78899259120226,24254.63859598711,256,10516192090.0,1772
0,28024806.084682044,28045808.671785355,21002.587103310972,24263.533092282712,4,17.78899259120226,24254.63859598711,257,10526837580.0,1772
2,60863801.39560165,60880988.726825714,17187.33122406155,24269.39874791354,4,23.65464822202921,24254.63859598711,258,10559672960.0,1772
0,17321900.14242111,17279934.36405182,-41965.77836929262,-39950.21470686793,2,28.657276280224323,-39964.543345008045,309,12517916790.0,1774
3,54407898.29615414,54361588.56082153,-46309.73533260822,-39978.87198314816,2,-28.657276280224323,-39964.543345008045,310,12554998670.0,1774
3,6820913.968514059,6827455.722667694,6541.754153635353,7335.430726437829,2,-12.278529179282486,7341.569991027471,333,13508281350.0,1775
0,29623896.189060643,29627796.883369446,3900.6943088024855,7347.709255617112,2,12.278529179282486,7341.569991027471,334,13531081830.0,1775
2,4014435.6157056447,4018276.088027954,3840.4723223093897,4307.589121600147,2,51.11524016177282,4282.031501519261,357,14506363240.0,1776
1,28588436.52175264,28589366.466018677,929.9442660361528,4256.4738814383745,2,-51.11524016177282,4282.031501519261,358,14530934480.0,1776
1,19706347.84802407,19728733.649627686,22385.801603615284,24678.817861359566,2,-23.667654868215322,24690.651688793674,387,15522970000.0,1777
2,65262057.63691819,65279166.277023315,17108.64010512829,24702.48551622778,2,23.667654868215322,24690.651688793674,388,15568520710.0,1777
0,3352343.116302672,3376970.4867782593,24627.370475587435,25017.446674713865,3,39.978224873542786,24989.17568623647,406,16507508200.0,1778
1,26344050.112031393,26365950.498794556,21900.38676316291,24965.761213444173,3,-37.549967030994594,24989.17568623647,407,16530497320.0,1778
0,31292252.338780195,31313600.370815277,21348.03203508258,24989.17568623647,3,-2.4282578425481915,24989.17568623647,408,16535445000.0,1778
0,17346396.572237797,17338490.49874115,-7906.073496647179,-5887.659447520971,2,38.56066590547562,-5906.939780473709,437,17522398780.0,1779
1,52002436.67641888,51990459.49071503,-11977.185703851283,-5926.220113426447,2,-38.56066590547562,-5906.939780473709,438,17557050960.0,1779
1,32953628.603376962,32969174.042339325,15545.438962362707,19379.899143517017,4,17.30488322675228,19371.24670190364,488,19539777940.0,1781
0,53065578.8735883,53078791.5878067,13212.714218400419,19387.38625921309,4,24.79199892282486,19371.24670190364,489,19559887680.0,1781
1,67209103.28104489,67220645.4730835,11542.192038610578,19362.594260290265,4,-17.30488322675228,19371.24670190364,490,19574029620.0,1781
1,79877721.92238557,79887778.33845901,10056.416073441505,19350.929517135024,4,-28.969626381993294,19371.24670190364,491,19586696830.0,1781
1,54333219.85879472,54390954.869335175,57735.01054045558,64057.18436142802,1,,64057.18436142802,513,20562088890.0,1782
2,31207157.98489147,31156845.07302475,-50312.911866720766,-46681.66973249987,2,12.2653115876019,-46687.80238829367,532,21539833790.0,1783
1,37508455.09826574,37457396.70675278,-51058.391512960196,-46693.93504408747,2,-12.2653115876019,-46687.80238829367,533,21546134380.0,1783
1,44253455.30059926,44256981.109695435,3525.809096172452,8675.108867399395,2,-29.909119814634323,8690.063427306712,551,22553734980.0,1784
0,61604568.70945589,61606105.464775085,1536.7553191930056,8705.017987214029,2,29.909119814634323,8690.063427306712,552,22571084210.0,1784
2,14835133.524208374,14840841.42092514,5707.896716766059,7434.102029854432,4,-8.201242273673415,7440.028393080458,580,23525221780.0,1785
0,25049035.715245295,25053569.232032776,4533.516787480563,7448.204307403415,4,10.450793370604515,7440.028393080458,581,23535434570.0,1785
3,33327699.05950353,33331258.826271057,3559.766767527908,7437.753514032811,4,-4.549758095294237,7440.028393080458,582,23543712310.0,1785
1,55729234.74110787,55730192.43128586,957.6901779845357,7442.303272128105,4,4.549758095294237,7440.028393080458,583,23566111380.0,1785
3,12375158.86893563,12399063.718963623,23904.85002799332,25344.81448500417,3,-3.361508870497346,25346.708521060646,613,24523643170.0,1786
1,39871939.06209023,39892646.3008728,20707.238782569766,25346.708521060646,3,-0.5204547857865691,25346.708521060646,614,24551136920.0,1786
3,53498308.71545393,53517433.33475113,19124.61929719895,25349.643466688693,3,3.881963656283915,25346.708521060646,615,24564761790.0,1786
2,34341878.02692738,34338511.113105774,-3366.913821607828,629.0820495933294,2,-16.185312435030937,637.1747058108449,640,25546517870.0,1787
2,42741638.08832912,42737309.96986771,-4328.118461415172,645.2673620283604,2,16.185312435030937,637.1747058108449,641,25554916720.0,1787
0,6851981.255222283,6867097.766162872,15116.51094058901,15913.802480205894,4,-23.60726623237133,15931.26239829138,663,26519919200.0,1788
3,36333120.84633958,36344818.26595688,11697.419617295265,15925.115050144494,4,-12.294696293771267,15931.26239829138,664,26549397100.0,1788
2,66319555.17449267,66327775.689186096,8220.514693424106,15937.409746438265,4,12.294696293771267,15931.26239829138,665,26579380240.0,1788
0,79052311.64612247,79059068.16386795,6756.517745479941,15954.987051650882,4,29.872001506388187,15931.26239829138,666,26592111610.0,1788
2,5100089.335691221,5113955.5123176575,13866.176626436412,14459.61930048652,3,-14.479174936190248,14465.564724057913,691,27519088110.0,1789
2,17494210.097703464,17506640.04890442,12429.951200954616,14465.564724057913,3,-5.561039579100907,14465.564724057913,692,27531480870.0,1789
2,47200258.73471373,47209249.1792717,8990.444557964802,14482.632226787508,3,20.040214515291154,14465.564724057913,693,27561183660.0,1789
0,12050583.282921359,12091096.394454956,40513.11153359711,41915.308612231165,2,27.69507773593068,41901.4610733632,718,28526938460.0,1790
2,54747219.16298954,54782736.43004608,35517.267056539655,41887.613534495234,2,-27.69507773593068,41901.4610733632,719,28569630360.0,1790
1,43503130.04063207,43547271.745918274,44141.705286204815,49203.69775762409,2,-17.333861239254475,49212.36468824372,739,29559345050.0,1791
3,78852910.74915527,78892956.51361084,40045.76445557177,49221.031618863344,2,17.333861239254475,49212.36468824372,740,29594690950.0,1791
2,42424433.740669556,42451481.48299408,27047.742324523628,31984.218481503427,3,-2.76399939507246,31984.218481503427,768,30559172340.0,1792
0,47894027.49112318,47920458.18047333,26430.689350150526,32003.60344529152,3,26.313446287065744,31984.218481503427,769,30564641350.0,1792
1,63388789.35036368,63413383.83860016,24594.48823647946,31970.36151650548,3,-23.549446891993284,31984.218481503427,770,30580134370.0,1792
1,2051786.5711011388,2047522.6312103271,-4263.9398908116855,-4025.195502392249,3,4.689514091005549,-4027.027251953259,797,31519683030.0,1793
1,11080974.057032065,11075657.655723572,-5316.401308493689,-4027.027251953259,3,1.941889749490656,-4027.027251953259,798,31528711220.0,1793
1,63550695.64170693,63539268.18634796,-11427.455358967185,-4032.7427810132504,3,-6.631403840496205,-4027.027251953259,799,31581175150.0,1793
1,4332629.098409889,4343362.159736633,10733.061326744035,11237.202887526713,4,-7.967640661634505,11242.774580530822,828,32522829010.0,1794
3,23532888.01870648,23541395.25616455,8507.237458072603,11245.507138215005,4,5.12850534170866,11242.774580530822,829,32542027160.0,1794
3,67686732.01930976,67690096.41918945,3364.399879693985,11240.378632873297,4,-4.791895315051079,11242.774580530822,830,32586176130.0,1794
1,76512460.44599476,76514802.68244934,2342.236454576254,11245.170528188348,4,4.791895315051079,11242.774580530822,831,32595000890.0,1794
0,62931374.90465675,62934206.56549072,2831.6608339697123,10154.309702821076,1,,10154.309702821076,851,33582323330.0,1795
2,42655031.86497245,42663837.34235382,8805.477381370962,13768.78576785326,2,8.329014413058758,13764.62126064673,872,34562930100.0,1796
3,49090359.82168724,49098408.1599884,8048.338301166892,13760.456753440201,2,-8.329014413058758,13764.62126064673,873,34569364710.0,1796
0,75356171.34181021,75336601.48200226,-19569.85980795324,-10801.470690861344,1,,-10801.470690861344,900,35596521030.0,1797
2,50373106.67384268,50379840.05679321,6733.382950529456,12594.760890617967,1,,12594.760890617967,956,37573332210.0,1799
1,109338.64107169403,189609.05116271973,80270.4100910257,80283.13265552677,1,,80283.13265552677,983,38524014840.0,1800
3,13599526.932275573,13588429.474517822,-11097.457757750526,-9515.026726195589,2,18.768625928089023,-9524.411039159633,1016,40539278860.0,1802
0,37888154.023162246,37874211.58985138,-13942.433310866356,-9533.795352123678,2,-18.768625928089023,-9524.411039159633,1017,40563564790.0,1802
1,28420037.449455366,28417324.641212463,-2712.8082429021597,594.126579310745,2,28.29346117004752,579.9798487257212,1051,41554965140.0,1803
1,45967440.7062504,45962657.80150604,-4782.904744356871,565.8331181406975,2,-28.29346117004752,579.9798487257212,1052,41572510580.0,1803
2,61331793.99280027,61318045.483161926,-13748.509638346732,-6611.986837334931,2,7.383849732577801,-6615.67876220122,1076,42588769180.0,1804
2,79754512.86146472,79738613.3138504,-15899.547614321113,-6619.370687067509,2,-7.383849732577801,-6615.67876220122,1077,42607189860.0,1804
3,22286744.05569158,22288824.557861328,2080.5021697469056,4673.771447543055,2,18.470338620245457,4664.536278232932,1096,43550605720.0,1805
1,28562094.512978934,28563426.349609375,1331.8366304412484,4655.301108922809,2,-18.470338620245457,4664.536278232932,1097,43556880360.0,1805
2,11030426.63503806,11011984.326782227,-18442.308255832642,-17158.815860435367,3,29.994074128568172,-17186.643159344792,1115,44540246010.0,1806
1,68409796.05514416,68384644.96447754,-25151.090666621923,-17190.976709783077,3,-18.24719989299774,-17186.643159344792,1116,44597619020.0,1806
3,79484812.97062737,79458377.53262329,-26435.43800407648,-17186.643159344792,3,-11.74687423557043,-17186.643159344792,1117,44608692820.0,1806
1,28237705.438559607,28218687.040672302,-19018.397887304425,-15732.679084848613,1,,-15732.679084848613,1136,45558305760.0,1807
0,11138784.880987251,11149538.191673279,10753.310686027631,12049.41156786494,5,49.36865524016321,12009.780695088208,1168,46542135530.0,1808
2,19133019.658349182,19142829.517715454,9809.859366271645,12036.163574166596,5,36.12066154181957,12009.780695088208,1169,46550128870.0,1808
2,42203079.99141425,42210179.05251312,7099.061098873615,12009.780695088208,5,-3.4536570757627487,12009.780695088208,1170,46573196360.0,1808
2,55828581.95974599,55834076.091812134,5494.132066145539,11990.305130161345,5,-32.667004466056824,12009.780695088208,1171,46586820340.0,1808
0,77032410.59020467,77035426.98932648,3016.3991218060255,11979.834214836359,5,-43.137919791042805,12009.780695088208,1172,46608021820.0,1808
0,60371482.161138125,60405231.53910065,33749.37796252221,40774.1595794484,1,,40774.1595794484,1199,47592278770.0,1809
2,58756127.23380467,58690620.81990814,-65506.41389653087,-58669.593800373375,3,4.741073440760374,-58669.593800373375,1222,48591524100.0,1810
1,61585776.82058449,61519943.591171265,-65833.22941322625,-58667.153355680406,3,8.401740480214357,-58669.593800373375,1223,48594353440.0,1810
1,75991109.66879372,75923585.88232422,-67523.78646950424,-58681.516391947865,3,-13.142813920974731,-58669.593800373375,1224,48608757170.0,1810
3,12852636.336030766,12843201.794944763,-9434.541086003184,-7939.01769929193,2,-11.845661161467433,-7933.094868711196,1254,49546479680.0,1811
0,58674187.26145375,58659432.80379486,-14754.45765888691,-7927.172038130462,2,11.845661161467433,-7933.094868711196,1255,49592296190.0,1811
1,17923432.392211042,17902974.165542603,-20458.226668439806,-18372.669152308255,2,17.098372008651495,-18381.21833831258,1276,50552443370.0,1812
0,77862939.05768168,77835489.21537781,-27449.84230387211,-18389.767524316907,2,-17.098372008651495,-18381.21833831258,1277,50612376250.0,1812
3,506936.6453616405,499709.6659851074,-7226.979376533069,-7167.99259834236,4,-2.162873100140132,-7166.91116179229,1297,51535887310.0,1813
1,2577348.0907371957,2569877.0600128174,-7471.030724378303,-7171.132380986586,4,-5.302655744366348,-7166.91116179229,1298,51537957490.0,1813
3,5097160.649354777,5089401.7177352905,-7758.9316194867715,-7165.82972524222,4,2.162873100140132,-7166.91116179229,1299,51540477030.0,1813
0,63348331.71368623,63333817.04701233,-14514.666673898697,-7143.501014962792,4,24.4915833795676,-7166.91116179229,1300,51598721800.0,1813
1,72159006.76081899,72144284.55960083,-14722.201218158007,-6325.831839054823,1,,-6325.831839054823,1322,52608439280.0,1814
2,4628753.390360306,4642390.958305359,13637.56794505287,14176.166312392801,1,,14176.166312392801,1346,53541812190.0,1815
3,19043085.93415428,19068207.310302734,25121.376148454845,27337.21573381871,1,,27337.21573381871,1394,55558073260.0,1817
1,1626461.8777838405,1579377.6978302002,-47084.17995364033,-46894.92603621632,4,11.97062822431326,-46900.911350328475,1447,57542469410.0,1819
3,20121526.861617222,20072295.08795166,-49231.77366556227,-46890.447480712086,4,16.449183728545904,-46900.911350328475,1448,57560962440.0,1819
3,56312621.18043706,56259154.733436584,-53466.44700047374,-46913.95148589462,4,-19.02544967830181,-46900.911350328475,1449,57597149520.0,1819
0,75810764.19803366,75755036.01615906,-55728.18187460303,-46906.89666444063,4,-11.97062822431326,-46900.911350328475,1450,57616645520.0,1819
1,34983000.104027376,35168974.6489563,185974.54492892325,190045.141297251,1,,190045.141297251,1478,58576912410.0,1820
3,21781776.90932679,21769099.910057068,-12676.999269723892,-10142.487600650638,1,,-10142.487600650638,1504,59564665430.0,1821
2,11180854.994457074,11233803.51108551,52948.516628436744,54249.51275798306,1,,54249.51275798306,1524,60554990180.0,1822
1,60610307.92749585,60594621.49504852,-15686.432447329164,-8633.861238479614,1,,-8633.861238479614,1545,61605357330.0,1823
0,44834922.706598386,44849494.801864624,14572.095266237855,19789.05416058749,1,,19789.05416058749,1563,62590475290.0,1824
3,73620285.92755443,73611410.65159607,-8875.275958359241,-308.87320156395435,1,,-308.87320156395435,1590,63620172500.0,1825
1,19644647.3670009,19639980.62892151,-4666.73807939142,-2380.9012446030974,2,78.90736798197031,-2420.3549285940826,1612,64567080820.0,1826
3,73944303.9320412,73933240.01817322,-11063.913867980242,-2459.8086125850677,2,-78.90736798197031,-2420.3549285940826,1613,64621374410.0,1826
1,12361339.39091079,12423671.642211914,62332.25130112469,63770.60773375444,2,-45.83726458437741,63793.52636604663,1639,65560786530.0,1827
0,74439808.98515269,74494963.66828918,55154.68313649297,63816.44499833882,2,45.83726458437741,63793.52636604663,1641,65622858200.0,1827
2,35536196.57851718,35536769.372039795,572.7935226112604,4707.759429097176,1,,4707.759429097176,1668,66584919880.0,1828
3,63466878.51364665,63455888.53001404,-10989.983632609248,-3605.0239545181394,1,,-3605.0239545181394,1692,67613745360.0,1829
2,40739466.78777846,40788937.66511536,49470.877336896956,54211.29196859896,2,-2.9112444072961807,54212.74759080261,1724,68591994190.0,1830
2,78733243.47410241,78778296.33454895,45052.8604465425,54214.20321300626,2,2.9112444072961807,54212.74759080261,1725,68629983780.0,1830
0,12935000.972696478,12963422.016113281,28421.043416803703,29926.150692543015,1,,29926.150692543015,1745,69565116680.0,1831
1,4561372.107336337,4573924.039321899,12551.931985562667,13082.68991597183,2,41.48047783412039,13061.94967705477,1771,70557671210.0,1832
2,28631347.799386207,28641057.486083984,9709.68669777736,13041.20943813771,2,-41.48047783412039,13061.94967705477,1772,70581738490.0,1832
3,49715123.3504561,49688370.15036011,-26753.20009599626,-20968.38461534679,1,,-20968.38461534679,1818,72604517160.0,1834
2,22878420.869495988,22862867.008987427,-15553.860508561134,-12891.74414839968,1,,-12891.74414839968,1837,73578541620.0,1835
0,920857.8783377653,928381.79296875,7523.914630984655,7631.06498184544,3,70.82198552158661,7562.019691735506,1866,74557505000.0,1836
3,35356414.15444179,35359862.127578735,3447.973136946559,7562.019691735506,3,-32.745949643314816,7562.019691735506,1867,74591936690.0,1836
1,38020171.44204392,38023305.90893555,3134.4668916240335,7558.466300912201,3,-38.076035878271796,7562.019691735506,1868,74594600150.0,1836
1,51920179.23004769,51900572.39653015,-19606.83351753652,-13565.439343556762,1,,-13565.439343556762,1898,75609412620.0,1837
0,29320602.625737872,29307015.363754272,-13587.261983599514,-10175.538054529577,2,20.877307828515768,-10185.976708443835,1928,76587689020.0,1838
3,39385093.32086344,39370314.08477783,-14779.236085608602,-10196.415362358093,2,-20.877307828515768,-10185.976708443835,1929,76597752380.0,1838
3,55708806.67304051,55667991.93652344,-40814.736517071724,-34332.500418029726,1,,-34332.500418029726,1957,77614968380.0,1839
3,12464539.853562629,12481744.446426392,17204.59286376275,18654.95762693137,3,45.76778355240822,18625.908608183265,1976,78572627900.0,1840
1,36894582.81892055,36908915.700790405,14332.881869852543,18625.908608183265,3,2.19425543025136,18625.908608183265,1977,78597055220.0,1840
2,77219922.95719412,77229530.17437744,9607.217183321714,18592.471078574657,3,-47.96203898265958,18625.908608183265,1978,78637376080.0,1840
3,37669152.63466649,37688777.82772827,19625.19306178391,24008.348178744316,3,-0.5019149780273438,24008.348178744316,1999,79598789150.0,1841
1,55227239.81892993,55244820.922805786,17581.10387585312,24007.30520710349,3,-2.066372439265251,24008.348178744316,2000,79616345300.0,1841
1,72466607.72504234,72482185.9584198,15578.233377456665,24010.394980341196,3,2.568287417292595,24008.348178744316,2001,79633582770.0,1841
2,6445953.174384929,6397237.462280273,-48715.7121046558,-47965.665696284734,2,19.78030050639063,-47975.55584653793,2026,80568416410.0,1842
1,45451464.11697106,45398189.97177124,-53274.1451998204,-47985.445996791124,2,-19.78030050639063,-47975.55584653793,2027,80607417600.0,1842
3,4758451.363682511,4726451.059249878,-32000.304432633333,-31446.61450374592,1,,-31446.61450374592,2052,81567609820.0,1843
0,5308264.233644768,5295255.141708374,-13009.091936393641,-12391.426183103584,2,30.08984970021993,-12406.471107953694,2076,82569022610.0,1844
2,32383789.958886072,32367600.28868103,-16189.670205041766,-12421.516032803804,2,-30.08984970021993,-12406.471107953694,2077,82596095120.0,1844
0,9414255.414909624,9414121.191940308,-134.2229693159461,961.2129220739007,1,,961.2129220739007,2098,83574053580.0,1845
0,29695272.732079126,29675169.07925415,-20103.65282497555,-16648.332555692643,4,54.85105748102069,-16692.8914790228,2122,84595205070.0,1846
3,46221599.367481984,46199538.45655823,-22060.91092375666,-16682.59934487194,4,20.584268301725388,-16692.8914790228,2123,84611729540.0,1846
2,59566521.50480381,59542887.204208374,-23634.30059543252,-16703.183613173664,4,-20.584268301725388,-16692.8914790228,2124,84625072970.0,1846
1,66756821.77430039,66732343.425079346,-24478.34922104329,-16710.574145503342,4,-27.974800631403923,-16692.8914790228,2125,84632262470.0,1846
1,32195954.02981567,32163823.04550171,-32130.98431396112,-28384.68659338355,2,-2.761897549033165,-28383.305644609034,2154,85598607610.0,1847
3,32779055.56686405,32746859.495178223,-32196.07168582827,-28381.924695834517,2,2.761897549033165,-28383.305644609034,2155,85599190650.0,1847
1,66055986.261043385,66046822.16166687,-9164.099376514554,-1477.8730099648237,1,,-1477.8730099648237,2173,86633351950.0,1848
0,21712043.74249011,21731803.33770752,19759.595217410475,22285.99278606847,2,37.087330255657434,22267.44912094064,2205,87589916740.0,1849
0,56739573.337710336,56755220.06781006,15646.730099722743,22248.905455812812,2,-37.087330255657434,22267.44912094064,2206,87624940370.0,1849
3,29567525.320783958,29589168.41557312,21643.094789162278,25083.55046287179,1,,25083.55046287179,2231,88598720280.0,1850
2,56580066.334884524,56519717.404678345,-60348.93020617962,-53765.314968556166,1,,-53765.314968556166,2258,89626588160.0,1851
1,13987515.669341877,13999701.711105347,12186.041763469577,13813.618881391361,1,,13813.618881391361,2288,90584937980.0,1852
0,65211037.08947261,65197563.01374817,-13474.075724437833,-5886.167027011514,1,,-5886.167027011514,2306,91637059240.0,1853
0,9344738.321462065,9322490.27281189,-22248.048650175333,-21160.701717058197,1,,-21160.701717058197,2327,92582114850.0,1854
0,38312960.429367095,38292853.278808594,-20107.150558501482,-15649.082436271012,3,-2.622138172388077,-15649.082436271012,2350,93611950620.0,1855
3,59448551.855824396,59425984.59173584,-22567.26408855617,-15649.873968578875,3,-3.80943663418293,-15649.082436271012,2351,93633083880.0,1855
0,60208988.8823151,60186339.96166992,-22648.920645177364,-15643.046627618372,3,6.431574806571007,-15649.082436271012,2352,93633844240.0,1855
3,45767597.029979184,45727501.12561035,-40095.90436883271,-34770.42017069459,4,32.67163898050785,-34798.804616719484,2374,94620299440.0,1856
0,70710821.63239376,70667799.25535583,-43022.37703792751,-34794.51742376387,4,8.574385911226273,-34798.804616719484,2375,94645239890.0,1856
2,72363483.76965296,72320249.19300842,-43234.57664453983,-34814.414469867945,4,-19.897046104073524,-34798.804616719484,2376,94646892350.0,1856
0,74077501.45272836,74034078.75689697,-43422.695831388235,-34803.0918096751,4,-8.574385911226273,-34798.804616719484,2377,94648606190.0,1856
0,22011732.770407893,21973241.19192505,-38491.578482843935,-35930.30931755155,4,94.76025082916021,-36005.19747506827,2397,95597410010.0,1857
3,49260052.47611953,49218335.286972046,-41717.18914748728,-35985.32538175583,4,39.744186624884605,-36005.19747506827,2398,95624655270.0,1857
3,71827670.76597536,71783287.88104248,-44382.88493287563,-36025.06956838071,4,-39.744186624884605,-36005.19747506827,2399,95647220360.0,1857
1,77672240.73018819,77627162.29563904,-45078.43454915285,-36040.549287855625,4,-55.223906099796295,-36005.19747506827,2400,95653064270.0,1857
2,55592713.19303927,55570393.84138489,-22319.35165438056,-15850.624107964337,2,10.542661845684052,-15855.895438887179,2425,96631902550.0,1858
3,65600937.34892996,65577442.904953,-23494.443976953626,-15861.166769810021,2,-10.542661845684052,-15855.895438887179,2426,96641909660.0,1858
3,39693935.76238826,39707065.68557739,13129.923189133406,17748.680593542755,1,,17748.680593542755,2449,97616932260.0,1859
1,60869529.06883176,60898989.432128906,29460.36329714954,36543.09728887677,1,,36543.09728887677,2469,98639092200.0,1860
0,7633528.151543022,7574895.0155181885,-58633.13602483366,-57744.90425858088,2,13.464344112202525,-57751.63643063698,2489,99586722100.0,1861
1,62743498.6269823,62678439.47065735,-65059.15632495284,-57758.36860269308,2,-13.464344112202525,-57751.63643063698,2490,99641825980.0,1861
0,38732022.941379406,38688607.050979614,-43415.8903997913,-38909.06046941131,3,7.8835587576031685,-38912.94486320019,2514,100618687920.0,1862
0,70996484.64821973,70949310.60420227,-47174.04401746392,-38912.94486320019,3,2.0569680742919445,-38912.94486320019,2515,100650948820.0,1862
3,79664118.43201444,79615927.8301239,-48190.60189053416,-38920.943193137646,3,-9.940526831895113,-38912.94486320019,2516,100659615490.0,1862
3,74551877.79120979,74510074.36312866,-41803.42808112502,-33128.62597477436,1,,-33128.62597477436,2541,101655370740.0,1863
0,63481159.15627558,63438258.41099548,-42900.745280094445,-35514.123916849494,2,14.064343892037868,-35521.15608879551,2592,103646063110.0,1865
2,65786747.45936571,65743564.373168945,-43183.0861967653,-35528.18826074153,2,-14.064343892037868,-35521.15608879551,2593,103648368430.0,1865
2,30696007.18592099,30645801.24595642,-50205.939964570105,-46634.17496437952,1,,-46634.17496437952,2615,104614179460.0,1866
0,6037055.180626754,6012246.690002441,-24808.49062431231,-24106.023288160563,2,111.98981789499521,-24162.01819710806,2640,105590406890.0,1867
3,65091229.111924514,65059437.13088989,-31791.981034621596,-24218.013106055558,2,-111.98981789499521,-24162.01819710806,2641,105649454440.0,1867
0,19744328.88405723,19734554.175750732,-9774.708306498826,-7477.272603113204,2,18.092835921794176,-7486.319021074101,2655,106605055440.0,1868
3,28980765.484673396,28969897.93850708,-10867.546166315675,-7495.365439034998,2,-18.092835921794176,-7486.319021074101,2656,106614290840.0,1868
3,25454820.735776376,25363027.112960815,-91793.62281556055,-88831.71844671294,1,,-88831.71844671294,2681,107611582970.0,1869
3,1922960.2027859832,1871679.8027954102,-51280.39999057306,-51056.645744378446,3,-21.034899268997833,-51039.050297196954,2708,108588919590.0,1870
3,31192960.228495087,31138291.588104248,-54668.64039083943,-51039.050297196954,3,5.358271503238939,-51039.050297196954,2709,108618186380.0,1870
2,55139853.988538876,55082405.783966064,-57448.20457281172,-51032.17139302194,3,15.676627765758894,-51039.050297196954,2710,108642130640.0,1870
2,7211380.453077683,7170911.019226074,-40469.43385160901,-39630.322883549146,4,13.730896566994488,-39641.19615648314,2729,109595072820.0,1871
1,34022140.62340805,33978537.778167725,-43602.845240324736,-39644.05378011614,4,-5.715247265994549,-39641.19615648314,2730,109621880610.0,1871
1,38356335.0474128,38312221.38883972,-44113.65857307613,-39650.543411940336,4,-12.204879090189934,-39641.19615648314,2731,109626214320.0,1871
0,50703134.331766665,50657596.213516235,-45538.11825042963,-39638.338532850146,4,5.715247265994549,-39641.19615648314,2732,109638559770.0,1871
2,18645235.979024846,18597612.59286499,-47623.38615985587,-45453.84010499716,4,45.6704613044858,-45490.82085107267,2757,110607407830.0,1872
1,38286457.49957244,38236503.00474548,-49954.49482695758,-45499.510566301644,4,-17.37943045794964,-45490.82085107267,2758,110627046840.0,1872
2,39831400.48187244,39781283.59803772,-50116.88383471966,-45482.131135843694,4,17.37943045794964,-45490.82085107267,2759,110628591630.0,1872
2,63103975.03766411,63051111.899871826,-52863.13779228181,-45520.405297882855,4,-38.27416203916073,-45490.82085107267,2760,110651861600.0,1872
0,49226224.43369643,49172647.84614563,-53576.58755079657,-47848.659991398454,1,,-47848.659991398454,2783,111638845210.0,1873
3,71893076.8012934,71825821.08901978,-67255.71227362752,-58890.28631058335,1,,-58890.28631058335,2799,112662401640.0,1874
2,8185774.373859551,8187250.182388306,1475.8085287548602,2428.299262514338,2,22.691577875986695,2416.9534735763445,2822,113599601800.0,1875
0,28034605.80867119,28033749.330078125,-856.4785930663347,2405.607684638351,2,-22.691577875986695,2416.9534735763445,2823,113619448420.0,1875
0,43882026.42950677,43841092.79689026,-40933.63261651248,-35827.55203772336,1,,-35827.55203772336,2895,116637938080.0,1878
3,42823986.312192336,42776588.70353699,-47397.60865534842,-42414.64085265994,3,3.1600307039916515,-42415.35912255943,2914,117637737520.0,1879
1,53169312.69966165,53120705.71458435,-48606.98507729918,-42420.24264416844,3,-5.24265655875206,-42415.35912255943,2915,117648081700.0,1879
1,79205718.86693715,79154087.18815613,-51631.67878101766,-42415.35912255943,3,2.0826258547604084,-42415.35912255943,2916,117674115240.0,1879
3,15687598.032095421,15647005.145690918,-40592.88640450314,-38767.488943239674,1,,-38767.488943239674,2941,118611501930.0,1880
2,61164405.55512434,61109079.44258118,-55326.112543165684,-48209.06693863124,2,6.552873633801937,-48212.34337544814,2964,119657876360.0,1881
1,72195418.50475237,72138802.27871704,-56616.22603532672,-48215.61981226504,2,-6.552873633801937,-48212.34337544814,2965,119668906150.0,1881
1,40070796.57056336,40058555.05583191,-12241.514731451869,-7578.906078360975,2,55.77267783135176,-7606.792417276651,2979,120637688890.0,1882
2,66327157.64897935,66311805.19055176,-15352.458427593112,-7634.678756192327,2,-55.77267783135176,-7606.792417276651,2980,120663942300.0,1882
2,8643236.491703348,8620249.25517273,-22987.236530618742,-21981.515838593245,5,21.46541191264987,-21991.285435713828,3003,121607223400.0,1883
0,23732363.463155642,23707627.3828125,-24736.080343142152,-21974.5998458229,5,28.38140468299389,-21991.285435713828,3004,121622310870.0,1883
0,44406759.927512474,44379601.50389099,-27158.423621483147,-21991.285435713828,5,6.811016231775284,-21991.285435713828,3005,121642982970.0,1883
0,72843009.00230616,72812518.36585999,-30490.63644617796,-22014.67706529796,5,-28.276428144425154,-21991.285435713828,3006,121671416060.0,1883
3,77189095.78334913,77158081.90420532,-31013.87914380431,-22032.212276011705,5,-45.81163885816932,-21991.285435713828,3007,121675761650.0,1883
0,48810537.361502506,48778555.93431091,-31981.427191592753,-26301.868676625192,1,,-26301.868676625192,3026,122648279950.0,1884
2,10117571.485937811,10118245.460662842,673.9747250303626,1851.2479613013566,5,-29.526776928454638,1877.3634637743235,3071,124611468650.0,1886
0,44105926.46491269,44102678.51750183,-3247.9474108591676,1884.186012685299,5,14.203090224415064,1877.3634637743235,3072,124645453290.0,1886
1,64180251.657111764,64174646.29223633,-5605.364875435829,1862.6023811474442,5,-18.172357082366943,1877.3634637743235,3073,124665525380.0,1886
2,66581291.660120934,66575421.673065186,-5869.987055748701,1877.3634637743235,5,3.9692668579518795,1877.3634637743235,3074,124667926170.0,1886
3,79965978.67961156,79958560.17842102,-7418.501190543175,1886.281745031476,5,16.298822570592165,1877.3634637743235,3075,124681309390.0,1886
1,4329853.90775414,4256344.22026062,-73509.68749351986,-73005.8688518973,2,-8.214301564730704,-73001.76170111494,3101,125606529800.0,1887
1,21900263.193461873,21824717.240264893,-75545.95319698006,-72997.65455033258,2,8.214301564730704,-73001.76170111494,3102,125624098280.0,1887
3,10492665.579417577,10448745.929275513,-43919.65014206432,-42698.73123074509,2,2.420720659196377,-42699.94159107469,3129,126613587470.0,1888
1,11576397.50395983,11532349.330841064,-44048.1731187664,-42701.15195140429,2,-2.420720659196377,-42699.94159107469,3130,126614671080.0,1888
1,28027660.559824824,28009477.642196655,-18182.91762816906,-14921.639494553208,1,,-14921.639494553208,3169,128632909490.0,1890
2,2082448.9635039382,2060640.8226470947,-21808.14085684344,-21565.828614815604,3,-19.331173993181437,-21551.513510867953,3198,129607866430.0,1891
0,14262207.685742691,14239006.664291382,-23201.021451309323,-21541.48137077689,3,17.189692064886913,-21551.513510867953,3199,129620044870.0,1891
3,74556366.39265615,74526139.55474854,-30226.837907612324,-21551.513510867953,3,2.1414819282945246,-21551.513510867953,3200,129680332370.0,1891
0,66936461.82207832,66878041.1474762,-58420.674602121115,-50631.99674168974,1,,-50631.99674168974,3227,130673614480.0,1892
2,33737273.608809754,33684966.640197754,-52306.968612000346,-48381.32406976819,1,,-48381.32406976819,3256,131641294370.0,1893
2,77808266.95163015,77771021.31149292,-37245.64013722539,-28191.92696404457,1,,-28191.92696404457,3285,132686293540.0,1894
1,22635022.199796245,22642034.331329346,7012.131533101201,9645.92620164156,1,,9645.92620164156,3312,133632045320.0,1895
3,9434727.643994356,9339262.072113037,-95465.57188131846,-94367.75385628827,3,43.90599011443555,-94407.23442944139,3332,134619719570.0,1896
1,31518362.301046908,31420287.612976074,-98074.68807083368,-94407.23442944139,3,-15.314869615249336,-94407.23442944139,3333,134641800730.0,1896
2,34614892.60828096,34516448.7593689,-98443.84891206026,-94416.08526336402,3,-28.591120499186218,-94407.23442944139,3334,134644896910.0,1896
2,2275757.6677999306,2234565.0869750977,-41192.5808248329,-40927.77532301191,1,,-40927.77532301191,3361,135613425020.0,1897
2,7657760.5218986105,7560820.498413086,-96940.02348552458,-96048.97205833811,4,63.37987248878926,-96089.27373468317,3430,138621413560.0,1900
2,14190398.103510771,14092680.723602295,-97717.37990847602,-96066.19553853944,4,46.15639228746295,-96089.27373468317,3431,138627945460.0,1900
1,38612887.34340832,38512282.02407837,-100605.31932994723,-96112.3519308269,4,-46.15639228746295,-96089.27373468317,3432,138652365210.0,1900
0,77386670.01386252,77281495.94470215,-105174.06916037202,-96169.41269926727,4,-103.21716072782874,-96089.27373468317,3433,138691134660.0,1900
2,52824432.35365392,52762792.95748901,-61639.396164909005,-55492.78375721723,3,15.08689696341753,-55504.12481923401,3462,139667432910.0,1901
1,68206237.347787,68142789.30328369,-63448.04450330138,-55511.61648912728,3,-13.162200901657343,-55504.12481923401,3463,139682813000.0,1901
2,72520445.5865399,72456503.0355835,-63942.55095639825,-55504.12481923401,3,-1.9246960617601871,-55504.12481923401,3464,139687126740.0,1901
1,52683877.332050815,52640890.9107666,-42986.42128421366,-36856.16375628114,3,-1.860955961048603,-36856.16375628114,3491,140668210030.0,1902
3,67220945.66024372,67176262.39978027,-44683.26046344638,-36861.4802711606,3,-9.835728280246258,-36856.16375628114,3492,140682745490.0,1902
0,72979666.32294002,72934327.33688354,-45338.98605647683,-36847.125329479575,3,11.69668424129486,-36856.16375628114,3493,140688503590.0,1902
1,77963609.44376594,77953310.11175537,-10299.332010567188,-1227.5432983338833,1,,-1227.5432983338833,3516,141694400890.0,1903
3,42050980.93042519,41954586.14187622,-96394.78854896873,-91501.76708851755,1,,-91501.76708851755,3533,142659364970.0,1904
2,75817900.16239321,75787613.85540771,-30286.306985497475,-21464.19143973291,1,,-21464.19143973291,3548,143694011210.0,1905
1,1778058.6462937957,1744345.6908874512,-33712.955406344496,-33506.06179954251,2,11.685903801117092,-33511.90475144307,3570,144620907730.0,1906
0,41600941.62655156,41562583.22363281,-38358.40291874856,-33517.74770334363,2,-11.685903801117092,-33511.90475144307,3571,144660726210.0,1906
1,16652008.063387938,16603766.50958252,-48241.55380541831,-46303.93829655275,2,-0.9525471217930317,-46303.46202299185,3594,145636651160.0,1907
1,36190521.634981394,36140007.54653931,-50514.08844208717,-46302.985749430954,2,0.9525471217930317,-46303.46202299185,3595,145656187520.0,1907
1,2504042.8379988754,2447639.1986083984,-56403.63939047698,-56112.27079280978,2,75.80609982693568,-56150.17384272325,3631,147624282240.0,1909
1,43884171.657302186,43822877.25021362,-61294.407088562846,-56188.07689263672,2,-75.80609982693568,-56150.17384272325,3632,147665657730.0,1909
1,73865902.51137875,73796071.94384766,-69830.56753109396,-61235.58500781655,1,,-61235.58500781655,3651,148696530130.0,1910
2,72606106.82691804,72570658.85372925,-35447.9731887877,-26999.579572200775,2,-2.5595729649066925,-26998.29978571832,3671,149696164820.0,1911
3,76606985.44670738,76571074.49377441,-35910.952932968736,-26997.01999923587,2,2.5595729649066925,-26998.29978571832,3672,149700165260.0,1911
2,39110381.5038215,39131519.43014526,21137.926323764026,25688.781780414283,2,-16.291694082319736,25696.927627455443,3701,150663666740.0,1912
2,75818543.04403105,75835425.92715454,16882.883123487234,25705.073474496603,2,16.291694082319736,25696.927627455443,3702,150700370870.0,1912
1,24544695.213418387,24550523.05267334,5827.839254952967,8683.842082049698,3,52.819183219224215,8640.692352443933,3733,151650046630.0,1913
1,48733325.658842675,48736295.77697754,2970.1181348636746,8640.692352443933,3,-11.905411189422011,8640.692352443933,3734,151674232550.0,1913
1,59739248.62789976,59740918.76596069,1670.1380609348416,8621.353445217013,3,-40.9137720298022,8640.692352443933,3735,151685237240.0,1913
2,15447287.049635634,15353239.79989624,-94047.24973939359,-92249.81468871795,3,-22.098348865285516,-92240.4884628281,3762,152641825370.0,1914
1,38529092.9685796,38432369.26296997,-96723.70560962707,-92240.4884628281,3,-8.109010030515492,-92240.4884628281,3763,152664904640.0,1914
0,67495001.51306748,67394932.89971924,-100068.61334824562,-92214.94421687722,3,30.207358895801008,-92240.4884628281,3764,152693867380.0,1914
1,33505527.307498306,33451357.303894043,-54170.00360426307,-50271.32489256561,1,,-50271.32489256561,3787,153660740700.0,1915
1,13759155.104293171,13715898.697235107,-43256.407058063895,-41655.40180887841,2,-1.0210714098066092,-41654.8912731735,3818,154641903120.0,1916
1,49771905.23175268,49724459.42843628,-47445.803316399455,-41654.3807374686,2,1.0210714098066092,-41654.8912731735,3819,154677911900.0,1916
1,6886566.649076149,6835927.935241699,-50638.71383444965,-49837.397963637486,1,,-49837.397963637486,3842,155635900370.0,1917
1,5198179.268449629,5138455.373596191,-59723.89485343732,-59119.03850637842,3,-17.099449546076357,-59108.53348994255,3866,156635119830.0,1918
1,39693592.59422528,39629865.34326172,-63727.25096356124,-59108.53348994255,3,-1.3419248922728002,-59108.53348994255,3867,156669611450.0,1918
2,59594613.903390616,59528584.17297363,-66029.73041698337,-59095.344623722136,3,18.441374438349158,-59108.53348994255,3868,156689510290.0,1918
2,20305398.690454908,20251710.46887207,-53688.2215828374,-51325.50020613894,4,55.89031929895282,-51371.15845290944,3896,157651146280.0,1919
2,40257844.28554793,40201798.98577881,-56045.29976911843,-51360.92638038099,4,20.464145056903362,-51371.15845290944,3897,157671096490.0,1919
2,57329437.245075725,57271385.0430603,-58052.202015422285,-51381.39052543789,4,-20.464145056903362,-51371.15845290944,3898,157688166180.0,1919
2,61166426.31056692,61107921.68103027,-58504.629536643624,-51387.34879848361,4,-26.422418102622032,-51371.15845290944,3899,157692002740.0,1919
0,7215774.764628498,7177827.369232178,-37947.39539632015,-37107.77310937457,3,32.66839995235205,-37130.72320186719,3922,158638958540.0,1920
1,9108806.460659586,9070615.843383789,-38190.61727579683,-37130.72320186719,3,-1.756738786585629,-37130.72320186719,3923,158640851340.0,1920
3,34993250.191248395,34952028.242370605,-41221.94887778908,-37150.15981678665,3,-30.911661165766418,-37130.72320186719,3924,158666732910.0,1920
0,21286508.02892836,21244310.66253662,-42197.36639174074,-39720.48384824023,3,14.420088045299053,-39723.06516420841,3946,159653967140.0,1921
0,26448599.837366126,26405799.232421875,-42800.60494425148,-39723.06516420841,3,10.548114093020558,-39723.06516420841,3947,159659128660.0,1921
2,29977092.604172677,29933857.748840332,-43234.85533234477,-39746.74270836264,3,-24.96820213831961,-39723.06516420841,3948,159662656740.0,1921
3,66215600.92749432,66201746.23968506,-13854.6878092587,-6149.888796575367,1,,-6149.888796575367,3972,160699802880.0,1922
2,44138651.73510558,44119493.544677734,-19158.190427847207,-14022.249115735292,1,,-14022.249115735292,3996,161678680700.0,1923
3,18074216.420036744,18022997.18130493,-51219.238731812686,-49116.13609621674,1,,-49116.13609621674,4037,163654332170.0,1925
1,64172374.57195233,64107863.89779663,-64510.67415569723,-57043.6234709993,1,,-57043.6234709993,4060,164701294580.0,1926
3,66628632.278869435,66579234.01763916,-49398.261230275035,-41645.40219089389,1,,-41645.40219089389,4080,165704671900.0,1927
1,3311626.0970819173,3252680.8212890625,-58945.27579285484,-58559.93739637779,4,30.08966904086992,-58584.63767172489,4095,166642248080.0,1928
2,10560954.79610359,10501146.68283081,-59808.11327277869,-58579.248278031126,4,10.778787387534976,-58584.63767172489,4096,166649496590.0,1928
2,24388517.153748248,24327082.491851807,-61434.66189644113,-58596.83183441684,4,-17.583556385710835,-58584.63767172489,4097,166663322610.0,1928
0,34621848.78482213,34559230.18469238,-62618.6001297459,-58590.02706541866,4,-10.778787387534976,-58584.63767172489,4098,166673554820.0,1928
2,11069168.018171558,10988878.764801025,-80289.25337053277,-79001.25305606052,3,17.597593408077955,-79015.70260037482,4118,167650909460.0,1929
3,61747460.79493755,61661260.20285034,-86200.59208720922,-79015.70260037482,3,-4.076723063364625,-79015.70260037482,4119,167701582150.0,1929
2,69404651.45429745,69317553.58099365,-87097.87330380082,-79021.99869856238,3,-13.52087034471333,-79015.70260037482,4120,167709238490.0,1929
1,65393134.56708956,65328533.313201904,-64601.25388765335,-56992.15646059066,1,,-56992.15646059066,4137,168706110580.0,1930
0,10340364.868722852,10310267.451538086,-30097.417184766382,-28894.21987302415,3,26.406383480876684,-28905.45921018347,4161,169652007130.0,1931
0,24423709.08730492,24391961.703125,-31747.384179919958,-28905.45921018347,3,9.547377741895616,-28905.45921018347,4162,169666088910.0,1931
2,47460789.734919965,47426331.43875122,-34458.296168744564,-28935.793302826583,3,-35.9537612227723,-28905.45921018347,4163,169689123420.0,1931
0,2647764.719918154,2536601.9756774902,-111162.74424066395,-110854.6522696768,4,16.63157413294539,-110864.69708805904,4196,170645136280.0,1932
1,7041357.451987423,6929655.224822998,-111702.22716442496,-110882.89994872175,4,-24.78961641341448,-110864.69708805904,4197,170649529360.0,1932
0,14210063.15990971,14097551.57699585,-112511.58291386068,-110858.11033230834,4,13.173511501401663,-110864.69708805904,4198,170656697300.0,1932
3,16492868.059824932,16380077.677886963,-112790.38193796948,-110871.28384380974,4,-13.173511501401663,-110864.69708805904,4199,170658979840.0,1932
1,21522711.11332129,21442500.468841553,-80210.64447973669,-77706.27751767263,1,,-77706.27751767263,4224,171664874500.0,1933
1,28891359.051486604,28812595.092193604,-78763.9592930004,-75402.18183305115,3,53.57234638184309,-75450.95372101665,4253,172673095790.0,1934
2,60553539.232140556,60471042.31277466,-82496.91936589777,-75450.95372101665,3,-19.585485566407442,-75450.95372101665,4254,172704754430.0,1934
0,75634861.8600174,75550600.48803711,-84261.37198029459,-75460.55463784933,3,-33.98686081543565,-75450.95372101665,4255,172719834080.0,1934
0,7269043.635552306,7213153.884307861,-55889.7512444444,-55043.93063054327,2,78.82473140116781,-55083.34299624385,4277,173652386280.0,1935
3,39903741.10934031,39843975.183776855,-59765.92556345463,-55122.75536194444,2,-78.82473140116781,-55083.34299624385,4278,173685017300.0,1935
3,23398135.61042946,23318813.04562378,-79322.56480567902,-76599.97481744736,3,35.636505886912346,-76629.71696008742,4307,174669387220.0,1936
1,71457956.72818372,71373000.42678833,-84956.30139538646,-76641.50568658113,3,-26.659797813743353,-76629.71696008742,4308,174717441700.0,1936
0,78953121.43588656,78867304.7913208,-85816.64456576109,-76629.71696008742,3,-8.976708073168993,-76629.71696008742,4309,174724936050.0,1936
1,1809903.7737035875,1761152.8005065918,-48750.97319699568,-48540.37411440257,3,0.03262763097882271,-48540.37411440257,4355,176649617490.0,1938
2,4474689.198800413,4425626.575592041,-49062.62320837192,-48541.95163795538,3,-2.333657698240131,-48540.37411440257,4356,176652281980.0,1938
2,46491069.28158573,46437120.752838135,-53948.52874759585,-48538.861846111715,3,2.3010300672613084,-48540.37411440257,4357,176694293730.0,1938
2,11870664.17173268,11844841.72732544,-25822.44440724142,-24441.182585116476,3,0.18056831136345863,-24441.182585116476,4392,178661514390.0,1940
1,18380462.657530036,18353872.091522217,-26590.566007819027,-24451.828783467412,3,-15.788729215040803,-24441.182585116476,4393,178668023460.0,1940
2,21126014.47987996,21099125.37472534,-26889.10515461862,-24430.897523388267,3,15.608160903677344,-24441.182585116476,4394,178670768730.0,1940
3,21395438.416148365,21323040.633666992,-72397.78248137236,-69908.2248774916,1,,-69908.2248774916,4477,182674625090.0,1944
0,21960110.455689043,21876832.399139404,-83278.05654963851,-80722.79411922395,3,34.86724724620581,-80734.98627253622,4502,183676089940.0,1945
3,27121541.802172117,27037650.973083496,-83890.82908862084,-80734.98627253622,3,16.579017277806997,-80734.98627253622,4503,183681250790.0,1945
0,58207755.0488697,58120201.70050049,-87553.34836921096,-80780.3364604041,3,-51.446264524012804,-80734.98627253622,4504,183712333530.0,1945
2,22527363.607022256,22446912.381866455,-80451.22515580058,-77829.9575625658,5,14.981146054342389,-77844.92691448703,4538,184677519110.0,1946
1,29748954.905864306,29667648.412261963,-81306.4936023429,-77844.92691448703,5,-7.472881827503443,-77844.92691448703,4539,184684739890.0,1946
0,30958424.406866677,30877001.048095703,-81423.35877097398,-77821.05909441411,5,23.879614206030965,-77844.92691448703,4540,184685949250.0,1946
2,47419633.486265466,47336270.82180786,-83362.66445760429,-77844.95050275326,5,-7.508264226838946,-77844.92691448703,4541,184702408620.0,1946
1,71204355.90638655,71118216.00515747,-86139.90122908354,-77854.61432687938,5,-17.17208835296333,-77844.92691448703,4542,184726190710.0,1946
2,24208896.61523346,24112819.386169434,-96077.22906402498,-93260.29951681197,2,11.335663422942162,-93265.96734852344,4562,185680094290.0,1947
1,26148081.78612273,26051767.579223633,-96314.20689909533,-93271.63518023491,2,-11.335663422942162,-93265.96734852344,4563,185682033250.0,1947
0,33214455.02072929,33162235.77886963,-52219.24185965955,-48354.432106882334,3,42.35811297222972,-48380.40130441636,4585,186689995680.0,1948
1,34828508.97282708,34776075.95162964,-52433.02119743824,-48380.40130441636,3,3.404316671192646,-48380.40130441636,4586,186691609530.0,1948
0,67620487.74293518,67564206.29318237,-56281.44975280762,-48413.17913529277,3,-45.762429643422365,-48380.40130441636,4587,186724397860.0,1948
2,39887897.70045121,39835996.099975586,-51901.600475624204,-47260.273801617324,2,42.52117495983839,-47281.53438909724,4613,187697609720.0,1949
3,73120364.78688723,73064553.75961304,-55811.02727419138,-47302.79497657716,2,-42.52117495983839,-47281.53438909724,4614,187730838480.0,1949
0,5121096.627413565,5034427.217437744,-86669.40997582115,-86073.52290863357,5,33.63802272826433,-86097.25528513268,4631,188663709010.0,1950
3,27708571.09492266,27619249.69052124,-89321.40440142155,-86097.25528513268,5,4.947721634060144,-86097.25528513268,4632,188686293970.0,1950
0,34401899.256497934,34311808.93716431,-90090.31933362782,-86087.33943594247,5,19.821495419368148,-86097.25528513268,4633,188692986570.0,1950
2,57531219.46847541,57438408.11117554,-92811.35729987174,-86117.066577591,5,-24.769217053428292,-86097.25528513268,4634,188716113310.0,1950
3,78282625.60943002,78187381.7633667,-95243.84606331587,-86134.93686281145,5,-42.639502273872495,-86097.25528513268,4635,188736862410.0,1950
2,6883709.261459438,6802481.28616333,-81227.97529610805,-80426.99190883432,1,,-80426.99190883432,4689,190667207280.0,1952
1,2355872.7651137216,2266406.118865967,-89466.6462477548,-89192.51861166302,2,2.0629903292283416,-89193.55010682764,4705,191663570200.0,1953
0,46027900.570014745,45933350.21548462,-94550.35453012586,-89194.58160199225,2,-2.0629903292283416,-89193.55010682764,4706,191707237410.0,1953
3,65180019.69233255,65084935.06137085,-95084.63096170127,-87500.33142597973,1,,-87500.33142597973,4726,192727246150.0,1954
3,25140281.204973064,25038774.10876465,-101507.09620841593,-98581.79142988473,3,1.8196543250232935,-98582.24330629781,4742,193688101840.0,1955
3,30100928.67055598,29998843.905151367,-102084.76540461183,-98582.24330629781,3,1.1418397054076195,-98582.24330629781,4743,193693061940.0,1955
1,49161653.244191825,49057347.85122681,-104305.39296501875,-98584.9788621217,3,-2.961494030430913,-98582.24330629781,4744,193712120560.0,1955
3,59693819.16812444,59625997.05825806,-67822.10986638069,-60876.180620893836,3,2.0401431545615196,-60876.56466601789,4763,194723530440.0,1956
2,65071725.88952735,65003274.31411743,-68451.57540991902,-60879.876862078905,3,-3.5042186230421066,-60876.56466601789,4764,194728907750.0,1956
3,74141392.69515866,74071889.09213257,-69503.60302609205,-60876.56466601789,3,1.464075468480587,-60876.56466601789,4765,194737976420.0,1956
0,55048583.64684335,54927393.926361084,-121189.72048226744,-114784.30745285004,1,,-114784.30745285004,4816,196720656990.0,1958
0,35871336.68233468,35766066.0480957,-105270.63423897326,-101096.67167452723,2,-9.321041785180569,-101092.01115363464,4841,197702356680.0,1959
0,39531881.011779554,39426193.76031494,-105687.25146461278,-101087.35063274205,2,9.321041785180569,-101092.01115363464,4842,197706016830.0,1959
1,19754829.707403883,19665609.671417236,-89220.03598664701,-86921.3784151189,2,-6.084999676793814,-86918.3359152805,4871,198687094220.0,1960
1,33745526.38527475,33654684.48703003,-90841.89824472368,-86915.29341544211,2,6.084999676793814,-86918.3359152805,4872,198701083380.0,1960
3,30665673.389940366,30604387.754760742,-61285.63517962396,-57717.39979780093,2,-13.435359191149473,-57710.68211820535,4900,199699017080.0,1961
1,62057131.51027496,61992206.623291016,-64924.886983945966,-57703.96443860978,2,13.435359191149473,-57710.68211820535,4901,199730405090.0,1961
2,12505608.444165345,12466957.172393799,-38651.27177154645,-37196.12829713896,3,-16.497354733757675,-37194.140236074105,4928,200681817730.0,1962
2,13248778.405916465,13210042.647491455,-38735.75842501037,-37194.140236074105,3,-13.515263136476278,-37194.140236074105,4929,200682560820.0,1962
2,53906882.7818335,53863445.09463501,-43437.687198489904,-37165.1216487363,3,30.012617870233953,-37194.140236074105,4930,200723214470.0,1962
1,13052138.543273654,12947590.926574707,-104547.6166989468,-103028.87938095815,1,,-103028.87938095815,4946,201683284430.0,1963
2,19648394.38037768,19639427.474334717,-8966.906042963266,-6680.6332084313035,4,-5.307489234954119,-6677.979463813826,4971,202690861250.0,1964
1,21523707.241091557,21514516.056243896,-9191.184847660363,-6686.701976895332,4,-11.376257698982954,-6677.979463813826,4972,202692736350.0,1964
1,32206163.82597057,32195741.014526367,-10422.8114442043,-6675.325719196349,4,5.307489234954119,-6677.979463813826,4973,202703417640.0,1964
2,54489912.216095,54476925.33654785,-12986.879547148943,-6646.473117806017,4,34.1600906252861,-6677.979463813826,4974,202725698960.0,1964
3,28671966.438684486,28592952.386749268,-79014.05193521827,-75677.80283962563,3,-11.067394971847534,-75677.80283962563,5035,204701775180.0,1966
0,40197132.87908414,40116802.21398926,-80330.66509488225,-75653.3560411036,3,25.602802811190486,-75677.80283962563,5036,204713299100.0,1966
3,65620543.09343994,65537227.42007446,-83315.67336547375,-75680.11484820396,3,-14.535407839342952,-75677.80283962563,5037,204738719680.0,1966
1,16232573.982998673,16122091.44519043,-110482.53780824319,-108593.72734295018,2,-36.89770552702248,-108575.27849018667,5059,205690218370.0,1967
3,53290353.46967125,53175595.81338501,-114757.65628623962,-108556.82963742316,2,36.89770552702248,-108575.27849018667,5060,205727272100.0,1967
0,34693403.24806252,34695287.57614136,1884.3280788362026,5921.227168299258,2,-17.72425477206707,5930.089295685291,5077,206709687630.0,1968
0,59156213.0530739,59155268.63070679,-944.4223671108484,5938.951423071325,2,17.72425477206707,5930.089295685291,5078,206734147760.0,1968
2,4838264.471625376,4703732.653930664,-134531.8176947115,-133968.8407708155,3,-14.893895511515439,-133957.36811809242,5102,207680720100.0,1969
0,40964046.61153261,40825322.69683838,-138723.91469423473,-133957.36811809242,3,2.3150835731066763,-133957.36811809242,5103,207716841910.0,1969
0,71435039.82454693,71292777.1697998,-142262.6547471285,-133950.52563251555,3,12.578811938408762,-133957.36811809242,5104,207747309550.0,1969
2,134417.40640157065,66512.19451904297,-67905.21188252768,-67889.57117119042,1,,-67889.57117119042,5139,208676966770.0,1970
0,3974136.402940303,3961131.5977783203,-13004.805161982775,-12542.377549686935,3,-35.76251887669787,-12524.504425659776,5161,209681775540.0,1971
3,41509307.55658527,41491953.059417725,-17354.497167542577,-12524.504425659776,3,-8.95283283595927,-12524.504425659776,5162,209719306590.0,1971
3,77296538.05792162,77275055.16351318,-21482.89440843463,-12488.725635960698,3,44.71535171265714,-12524.504425659776,5163,209755089910.0,1971
0,17126579.63295622,17110654.200408936,-15925.432547286153,-13932.596236836165,2,19.992282424122095,-13942.592378048226,5194,210695912230.0,1972
2,57824667.42905108,57803986.404418945,-20681.024632133543,-13952.588519260287,2,-19.992282424122095,-13942.592378048226,5195,210736605810.0,1972
0,11339299.926625703,11251628.40625,-87671.52037570253,-86352.0877094511,3,-0.02115512080490589,-86352.0877094511,5217,211691064320.0,1973
2,27104412.336531095,27014902.418121338,-89509.91840975732,-86356.06876579672,3,-5.992739639244974,-86352.0877094511,5218,211706827690.0,1973
3,55557761.90076366,55464949.17578125,-92812.72498241067,-86348.06434286386,3,6.0138947600498796,-86352.0877094511,5219,211735277910.0,1973
3,65776858.0789115,65667756.191223145,-109101.88768835366,-101448.14047342539,2,0.2640269994735718,-101448.27248692513,5242,212746390810.0,1974
3,68806032.37190665,68696577.74768066,-109454.62422598898,-101448.40450042486,2,-0.2640269994735718,-101448.27248692513,5243,212749419650.0,1974
0,16041387.090787167,16029505.776062012,-11881.31472515501,-10014.750627148896,2,17.223742220550776,-10023.362498259172,5260,213697633360.0,1975
2,45195009.102826186,45179718.27017212,-15290.832654066384,-10031.974369369447,2,-17.223742220550776,-10023.362498259172,5261,213726783750.0,1975
0,1877741.2898674388,1818810.9784545898,-58930.311412849,-58711.81880636979,1,,-58711.81880636979,5289,214684410690.0,1976
0,63406431.168225914,63386921.011413574,-19510.15681234002,-12132.230743259192,1,,-12132.230743259192,5307,215746922230.0,1977
0,23757202.96566493,23806736.995300293,49534.02963536233,52298.400439068675,2,1.6277147606015205,52297.586581688374,5334,216708281020.0,1978
3,40461886.629320666,40509475.28643799,47588.65711732209,52296.77272430807,2,-1.6277147606015205,52297.586581688374,5335,216724983860.0,1978
3,62873424.944219485,62788067.90298462,-85357.04123486578,-78041.13538113236,2,14.129516959190369,-78048.20013961196,5356,217748314700.0,1979
1,71335072.14499465,71248716.3831482,-86355.76184645295,-78055.26489809155,2,-14.129516959190369,-78048.20013961196,5357,217756775400.0,1979
0,12988971.48461027,12921192.722564697,-67778.76204557344,-66267.37480044365,5,45.09730549156666,-66299.66157785058,5375,218699354480.0,1980
1,30283040.799464617,30213217.425354004,-69823.37411061302,-66299.66157785058,5,10.947903543710709,-66299.66157785058,5376,218716646610.0,1980
3,32733567.295280516,32663462.504943848,-70104.79033666849,-66295.93632876873,5,16.535777166485786,-66299.66157785058,5377,218719096870.0,1980
1,47575063.22284359,47503202.140563965,-71861.08227962255,-66325.28263401985,5,-27.483680710196495,-66299.66157785058,5378,218733936700.0,1980
2,78355144.09630817,78279674.731781,-75469.36452716589,-66352.01712843776,5,-54.2181751281023,-66299.66157785058,5379,218764713360.0,1980
3,20230139.545996897,20168795.59765625,-61343.94834064692,-58989.984063088894,3,23.860764253884554,-59001.50436950475,5399,219707534430.0,1981
0,39255108.96168217,39191539.76147461,-63569.200207561255,-59001.50436950475,3,6.580304630100727,-59001.50436950475,5400,219726557290.0,1981
3,60010172.31660119,59944163.391448975,-66008.92515221238,-59026.18528518081,3,-30.44106888398528,-59001.50436950475,5401,219747310040.0,1981
1,45520443.1886622,45473710.456207275,-46732.732454925776,-41436.00689744204,2,-19.20553109049797,-41426.404131896794,5425,220733781530.0,1982
0,59336237.4593045,59287916.336639404,-48321.12266509235,-41416.801366351545,2,19.20553109049797,-41426.404131896794,5426,220747595820.0,1982
3,46299940.67917466,46195240.77935791,-104699.89981675148,-99312.47249999642,2,12.802726104855537,-99318.87386304885,5451,221735483240.0,1983
2,46846703.773876056,46741927.45037842,-104776.3234976381,-99325.27522610128,2,-12.802726104855537,-99318.87386304885,5452,221736029930.0,1983
0,43409666.821228355,43401066.84701538,-8599.97421297431,-3548.8570535704494,1,,-3548.8570535704494,5516,224735481350.0,1986
1,31608583.01169576,31582783.342437744,-25799.669258017093,-22121.71760056168,2,-7.7187617644667625,-22117.858219679445,5539,225724673890.0,1987
1,32837330.787652876,32811395.860961914,-25934.926690962166,-22113.99883879721,2,7.7187617644667625,-22117.858219679445,5540,225725902510.0,1987
0,8157790.885301382,8089953.188598633,-67837.69670274947,-66888.46210730169,1,,-66888.46210730169,5575,226702149060.0,1988
2,21569730.235745504,21531818.266693115,-37911.969052389264,-35402.13097954169,2,11.437109898775816,-35407.84953449108,5598,227716536110.0,1989
2,73677197.59603718,73633211.00299072,-43986.593046456575,-35413.568089440465,2,-11.437109898775816,-35407.84953449108,5599,227768637820.0,1989
0,21178530.37981776,21182767.377105713,4236.99728795141,6701.315630983561,2,-0.2766694612801075,6701.453965714201,5621,228717123200.0,1990
3,45915467.8607655,45916826.76272583,1358.9019603282213,6701.592300444841,2,0.2766694612801075,6701.453965714201,5622,228741857410.0,1990
1,28547432.83163227,28467753.477416992,-79679.35421527922,-76357.59575934336,4,-22.8617920614779,-76338.64334330708,5649,229725430390.0,1991
2,41046176.03273761,40965057.37692261,-81118.6558150053,-76342.55271933228,4,-7.81875205039978,-76338.64334330708,5650,229737927770.0,1991
3,42591445.51785448,42510157.96826172,-81287.54959276319,-76331.64006724209,4,10.912652090191841,-76338.64334330708,5651,229739472880.0,1991
1,52766760.65017245,52684286.014434814,-82474.6357376352,-76334.73396728188,4,7.81875205039978,-76338.64334330708,5652,229749647070.0,1991
0,6383584.128550645,6367218.494384766,-16365.634165879339,-15622.844974176958,3,5.961964612826705,-15622.844974176958,5697,231705124950.0,1993
0,56985706.05768141,56963440.39620972,-22265.661471694708,-15634.84629188478,3,-12.040011948905885,-15622.844974176958,5698,231755721480.0,1993
0,58515022.61758038,58492591.08465576,-22431.532924614847,-15622.76758569479,3,6.07804733607918,-15622.844974176958,5699,231757250640.0,1993
1,6324057.726513904,6245973.957275391,-78083.76923851296,-77347.90649552085,2,18.648795610293746,-77357.23089332599,5719,232705982600.0,1994
1,45099072.120596796,45016457.87017822,-82614.25041857362,-77366.55529113114,2,-18.648795610293746,-77357.23089332599,5720,232744753320.0,1994
1,8812000.874650806,8758208.021575928,-53792.853074878454,-52767.49508238584,1,,-52767.49508238584,5747,233709369040.0,1995
2,9269498.54759607,9254271.87664795,-15226.670948121697,-14148.078860197216,4,-8.347608864307404,-14140.273743879981,5774,234710819170.0,1996
3,10208454.824229084,10193126.159637451,-15328.664591632783,-14140.816236427054,4,-1.0849850941449404,-14140.273743879981,5775,234711758030.0,1996
0,19236489.266269423,19220111.19116211,-16378.075107313693,-14139.731251332909,4,1.0849850941449404,-14140.273743879981,5776,234720785070.0,1996
3,76244581.90253147,76221574.08920288,-23007.81332859397,-14136.049406856298,4,4.7668295707553625,-14140.273743879981,5777,234777786880.0,1996
0,56328666.41684,56346981.65322876,18315.236388757825,24869.598915338516,1,,24869.598915338516,5798,235758921270.0,1997
2,39869644.25116286,39805289.663757324,-64354.5874055326,-59715.38468956202,1,,-59715.38468956202,5836,237744364660.0,1999
2,17687086.930523396,17689249.388061523,2162.457538127899,4220.514068774879,2,-8.5536984577775,4224.790918003768,5861,238723173620.0,2000
2,77834220.83896533,77829393.17358398,-4827.665381342173,4229.0677672326565,2,8.5536984577775,4224.790918003768,5862,238783314130.0,2000
2,5219270.524754146,5263403.916748047,44133.39199390076,44740.702504154295,5,19.740026395767927,44722.88269902766,5877,239711703810.0,2001
0,10220305.138347862,10263863.467193604,43558.32884574123,44747.55609485321,5,26.593617094680667,44722.88269902766,5878,239716704300.0,2001
2,17506163.22803536,17548849.10635376,42685.87831839919,44722.88269902766,5,-6.989681294187903,44722.88269902766,5879,239723989330.0,2001
2,30051170.414311633,30092392.7243042,41222.309992566705,44719.042256489396,5,-12.750345101580024,44722.88269902766,5880,239736532950.0,2001
2,69695409.8389904,69731971.3449707,36561.50598029792,44671.213019028306,5,-60.57958256267011,44722.88269902766,5881,239776172770.0,2001
0,5560296.486928764,5554410.454620361,-5886.032308402471,-5239.040266004391,1,,-5239.040266004391,5910,240713041810.0,2002
3,55045255.33593346,55022235.791656494,-23019.544276967645,-16614.518527381122,1,,-16614.518527381122,5928,241763515200.0,2003
2,13909324.121828184,13844321.286437988,-65002.83539019525,-63384.356583693996,4,0.7026847507804632,-63384.707926069386,5951,242723312090.0,2004
1,50078011.05294686,50008791.068237305,-69219.98470955342,-63392.94388060272,4,-8.587296908721328,-63384.707926069386,5952,242759476780.0,2004
2,51855645.04768094,51786230.24481201,-69414.80286892503,-63380.91784532368,4,4.141423121094704,-63384.707926069386,5953,242761254230.0,2004
2,66684244.34805837,66613099.95877075,-71144.38928762078,-63385.05926844478,4,-0.7026847507804632,-63384.707926069386,5954,242776081190.0,2004
1,17393960.373665527,17301513.189666748,-92447.18399877846,-90423.23546042293,5,-9.253938302397728,-90415.95898661762,5985,243727710310.0,2005
1,23499309.194903716,23406146.016418457,-93163.17848525941,-90428.8160125576,5,-14.834490437060595,-90415.95898661762,5986,243733814980.0,2005
3,43934075.73736937,43838551.59631348,-95524.14105589688,-90412.00405762345,5,7.593165896832943,-90415.95898661762,5987,243754247510.0,2005
1,65894781.313100055,65796697.88543701,-98083.42766304314,-90415.95898661762,5,1.660772405564785,-90415.95898661762,5988,243776205790.0,2005
0,78966150.25078166,78866568.29840088,-99581.9523807764,-90393.50875170529,5,26.088471814990044,-90415.95898661762,5989,243789275740.0,2005
0,12582033.023753608,12499813.577209473,-82219.44654413499,-80755.41036140732,3,-1.9732955675572157,-80755.41036140732,6036,245724915780.0,2007
3,51355942.59373805,51269207.49673462,-86735.09700343013,-80759.35699278116,3,-7.893242628313601,-80755.41036140732,6037,245763685410.0,2007
0,58556744.79080391,58469183.65356445,-87561.13723945618,-80747.51713889837,3,9.866538195870817,-80755.41036140732,6038,245770885430.0,2007
0,9517054.184280641,9521410.803131104,4356.618850462139,5464.016331654042,1,,5464.016331654042,6064,246722856350.0,2008
0,1660905.4725040477,1637701.6170043945,-23203.855499653146,-23010.59375067777,3,76.74484130018391,-23078.696713641286,6100,247715937920.0,2009
1,42617049.83559993,42589012.250061035,-28037.585538893938,-23078.696713641286,3,-25.409603145089932,-23078.696713641286,6101,247756889480.0,2009
1,50230506.66013862,50201565.89456177,-28940.76557685435,-23095.980470314622,3,-51.335238155093975,-23078.696713641286,6102,247764502080.0,2009
3,22328903.431344874,22270712.632904053,-58190.79844082147,-55592.62352883071,1,,-55592.62352883071,6125,248737560960.0,2010
1,37919224.85890895,37918780.18469238,-444.67421656847,3967.579121954739,1,,3967.579121954739,6140,249754169330.0,2011
2,34649735.2458065,34571307.249572754,-78427.99623374641,-74396.17832116783,1,,-74396.17832116783,6163,250751807900.0,2012
0,19476368.4764185,19384384.974884033,-91983.5015344657,-89717.24550860748,3,-28.804388109594584,-89710.64880006015,6191,251737514020.0,2013
2,36324059.68514647,36230122.39526367,-93937.28988280147,-89710.64880006015,3,-18.90932528860867,-89710.64880006015,6192,251754359860.0,2013
3,74100630.91572246,74002342.38693237,-98288.52879008651,-89666.23344093561,3,47.713713398203254,-89710.64880006015,6193,251792132310.0,2013
1,13836946.705153855,13848734.514801025,11787.809647170827,13397.866670275107,1,,13397.866670275107,6211,252732775470.0,2014
1,77114765.13314712,77021312.82122803,-93452.31191909313,-84479.29411152005,1,,-84479.29411152005,6237,253796884320.0,2015
2,22202316.355470993,22208943.913085938,6627.557614944875,9211.00294714421,2,-34.9804784655571,9228.493186376989,6266,254742952720.0,2016
0,46183855.83420095,46187727.897857666,3872.063656717539,9245.983425609767,2,34.9804784655571,9228.493186376989,6267,254766931650.0,2016
0,19582085.24441333,19522076.9241333,-60008.32028003037,-57729.76312818006,2,-20.86403937265277,-57719.33110849373,6295,255741257020.0,2017
3,54484503.091765806,54420454.415649414,-64048.67611639202,-57708.899088807404,2,20.86403937265277,-57719.33110849373,6296,255776155610.0,2017
1,60468236.81128753,60418845.474365234,-49391.33692229539,-42355.29700487107,1,,-42355.29700487107,6321,256783320070.0,2018
3,5783915.450325405,5728229.925872803,-55685.52445260249,-55012.512270776555,3,37.02362426370382,-55039.699311662465,6354,258730591520.0,2020
1,27808721.326695472,27750445.82485962,-58275.50183585286,-55039.699311662465,3,-3.7569370651617646,-55039.699311662465,6355,258752613870.0,2020
0,67073710.77498244,67010846.75445557,-62864.020526871085,-55059.37247841805,3,-33.26668719854206,-55039.699311662465,6356,258791874510.0,2020
3,39955406.030913085,39930140.69320679,-25265.337706297636,-20616.155812211335,1,,-20616.155812211335,6372,259765721590.0,2021
2,23962468.524611637,23887949.12149048,-74519.40312115848,-71731.14776677266,9,28.455299604684114,-71751.35086607933,6393,260750655380.0,2022
3,29869172.64906975,29793963.157684326,-75209.49138542265,-71733.93624867871,9,25.66681769862771,-71751.35086607933,6394,260756561430.0,2022
1,35821606.442413956,35745686.91555786,-75919.5268560946,-71751.35086607933,9,6.269609685987234,-71751.35086607933,6395,260762513190.0,2022
0,41245736.50789697,41169203.88986206,-76532.61803490669,-71733.29422795027,9,26.308838427066803,-71751.35086607933,6396,260767936740.0,2022
3,42183914.052850306,42107258.17770386,-76655.87514644861,-71747.38568485528,9,12.21738152205944,-71751.35086607933,6397,260768874800.0,2022
3,52895585.70530893,52817662.95828247,-77922.74702645838,-71767.85526667535,9,-18.486991208046675,-71751.35086607933,6398,260779585270.0,2022
0,71213164.12469041,71133101.42913818,-80062.69555222988,-71776.38373216987,9,-27.015456702560186,-71751.35086607933,6399,260797900820.0,2022
3,72142104.98672524,72061935.77313232,-80169.21359291673,-71774.81089191139,9,-25.442616444081068,-71751.35086607933,6400,260798829660.0,2022
3,74036327.76847461,73955924.23999023,-80403.52848437428,-71788.71540251374,9,-39.34712704643607,-71751.35086607933,6401,260800723660.0,2022
2,3171436.5959908147,3098794.8578796387,-72641.73811117606,-72272.71206276305,3,62.683683233335614,-72324.09341237694,6422,261730776130.0,2023
1,41935942.56405339,41858738.83496094,-77203.72909244895,-72324.09341237694,3,-14.388341187499464,-72324.09341237694,6423,261769536310.0,2023
2,68731959.98251182,68651615.68371582,-80344.2987959981,-72346.69807961583,3,-48.29534204583615,-72324.09341237694,6424,261796329350.0,2023
2,45878742.122044034,45828342.88812256,-50399.23392147571,-45060.81696151942,1,,-45060.81696151942,6468,263775336240.0,2025
1,76232742.35424489,76208710.59725952,-24031.756985366344,-15161.370704829693,1,,-15161.370704829693,6500,264806698760.0,2026
3,7427676.929685906,7444264.208648682,16587.278962776065,17451.558031043038,1,,17451.558031043038,6529,265738887190.0,2027
0,2998665.9200128727,2986165.768371582,-12500.151641290635,-12151.229062680155,2,21.05627082614228,-12161.757198093226,6552,266735459160.0,2028
1,3632696.891404928,3620101.9081115723,-12594.983293355908,-12172.285333506297,2,-21.05627082614228,-12161.757198093226,6553,266736093100.0,2028
3,10779107.183621258,10802725.077575684,23617.89395442605,24872.143001820892,2,-42.285150561481714,24893.285577101633,6575,267744224710.0,2029
0,37207489.17247811,37228074.16433716,20584.991859048605,24914.428152382374,2,42.285150561481714,24893.285577101633,6576,267770650220.0,2029
0,13343990.68467617,13294921.991821289,-49068.69285488129,-47515.99583465606,3,21.178406968712807,-47523.50507894158,6590,268747800010.0,2030
0,47794317.05308528,47741232.23614502,-53084.816940262914,-47523.50507894158,3,9.91454054042697,-47523.50507894158,6591,268782246530.0,2030
1,68619370.78332606,68563835.44000244,-55535.34332361817,-47550.84340430796,3,-31.092947509139776,-47523.50507894158,6592,268803069260.0,2030
0,42542930.569275826,42505757.9229126,-37172.64636322856,-32222.38200172782,1,,-32222.38200172782,6651,270778910190.0,2032
1,30808311.796318047,30799499.916992188,-8811.879325859249,-5227.046643141657,1,,-5227.046643141657,6678,271768185060.0,2033
0,53938677.49336243,53928659.98083496,-10017.51252746582,-3741.2473682761192,2,7.07718400657177,-3744.785960279405,6700,272792263560.0,2034
3,64733504.9229601,64722224.25500488,-11280.667955219746,-3748.324552282691,2,-7.07718400657177,-3744.785960279405,6701,272803057190.0,2034
0,9047759.752427518,8982414.252380371,-65345.500047147274,-64292.7093236465,2,-71.70940262265503,-64256.85462233517,6722,273748320000.0,2035
1,79177371.27882628,79103937.25775146,-73434.02107481658,-64220.999921023846,2,71.70940262265503,-64256.85462233517,6723,273818441950.0,2035
2,25850631.244931325,25780524.466003418,-70106.77892790735,-67098.8183370009,3,-10.023879649117589,-67092.26612693444,6741,274766133460.0,2036
2,30077620.805509195,30007028.729370117,-70592.07613907754,-67092.26612693444,3,-0.19556454941630363,-67092.26612693444,6742,274770359990.0,2036
1,42672082.66133505,42600032.04614258,-72050.61519247293,-67085.32278776914,3,10.219444198533893,-67092.26612693444,6743,274782953070.0,2036
3,37227975.00229652,37164140.121154785,-63834.8811417371,-59503.06113219261,4,-12.940832905471325,-59495.552243463695,6761,275778455080.0,2037
0,43700808.74348718,43636240.71026611,-64568.033221066,-59483.03900000453,4,17.945187635719776,-59495.552243463695,6762,275784927220.0,2037
2,53073730.246745095,53008053.64202881,-65676.60471628606,-59500.98418764025,4,-10.86388835310936,-59495.552243463695,6763,275794299090.0,2037
3,57933525.2753999,57867294.052368164,-66231.22303173691,-59490.12029928714,4,10.86388835310936,-59495.552243463695,6764,275799158360.0,2037
3,48883604.05983978,48888171.81719971,4567.757359929383,10255.817862607539,1,,10255.817862607539,6789,276791098430.0,2038
1,25859154.271834463,25783952.46923828,-75201.80259618163,-72192.85027208179,3,-65.07064019143581,-72129.28865534067,6813,277769098150.0,2039
3,70759351.88279949,70678989.08758545,-80362.79521404207,-72129.28865534067,3,30.27178492024541,-72129.28865534067,6814,277813993460.0,2039
2,74932869.08109698,74852023.67651367,-80845.40458330512,-72126.27060844004,3,34.798855271190405,-72129.28865534067,6815,277818166520.0,2039
1,28994143.587219276,29032153.797851562,38010.210632286966,41383.948025818914,1,,41383.948025818914,6848,278773262290.0,2040
3,59390986.79506884,59324021.89782715,-66964.89724168926,-60054.20535018295,1,,-60054.20535018295,6876,279804560630.0,2041
0,28381769.55155278,28388735.442504883,6965.89095210284,10268.372949637473,1,,10268.372949637473,6896,280774531090.0,2042
2,24970219.290687174,24971475.08355713,1255.7928699553013,4161.309368219227,5,1.8444820828735828,4161.309368219227,6916,281772075040.0,2043
3,37395288.07565861,37395099.431762695,-188.64389591664076,4162.644540771842,5,3.847240911796689,4161.309368219227,6917,281784498740.0,2043
1,42454145.95582661,42453358.63024902,-787.3255775868893,4152.607871070504,5,-9.369083425030112,4161.309368219227,6918,281789557030.0,2043
2,51160592.34371756,51158795.61975098,-1796.7239665836096,4156.285231500864,5,-5.691722994670272,4161.309368219227,6919,281798262520.0,2043
0,58834738.08594374,58832058.894592285,-2679.1913514584303,4166.775846093893,5,7.978546233847737,4161.309368219227,6920,281805935830.0,2043
2,10639719.846019913,10707974.894348145,68255.04832823202,69493.07836672105,4,24.622343370690942,69477.53816699423,6941,282758752460.0,2044
0,28716609.654064365,28782754.83062744,66145.17656307667,69486.6203106381,4,18.1642872877419,69477.53816699423,6942,282776827350.0,2044
2,34264669.60653053,34330151.050598145,65481.44406761229,69468.45602335036,4,-18.1642872877419,69477.53816699423,6943,282782374780.0,2044
3,71397266.31563729,71458394.96368408,61128.64804679155,69436.38186347485,4,-50.23844716325402,69477.53816699423,6944,282819503250.0,2044
0,32000645.95392617,32040923.30041504,40277.34648887068,44000.91830423474,2,14.348632797598839,43993.743987835944,6981,283781132530.0,2045
1,38182371.96544282,38221915.66217041,39543.69672758877,43986.569671437144,2,-14.348632797598839,43993.743987835944,6982,283787313560.0,2045
1,16688968.109155424,16655855.622802734,-33112.486352689564,-31170.570199863985,1,,-31170.570199863985,7008,284766740600.0,2046
3,17677506.921264336,17634190.63317871,-43316.288085624576,-41259.34627786651,1,,-41259.34627786651,7027,285768657900.0,2047
1,16593785.102050617,16624817.825317383,31032.723266765475,32963.56399432942,2,-27.48446322605014,32977.30622594245,7049,286768574680.0,2048
2,35359016.871259965,35387893.5703125,28876.699052534997,32991.04845755547,2,27.48446322605014,32977.30622594245,7050,286787337870.0,2048
0,29563458.466071438,29598853.678894043,35395.212822604924,38835.19528006762,3,29.035972645506263,38807.400945454836,7073,287782505930.0,2049
2,31264056.269875824,31299223.324768066,35167.054892241955,38804.9176693894,3,-16.38044337183237,38807.400945454836,7074,287784206310.0,2049
1,55618629.38064179,55650965.03845215,32335.657810360193,38807.400945454836,3,-12.655529273673892,38807.400945454836,7075,287808558200.0,2049
3,51293599.682618976,51225140.35333252,-68459.32928645611,-62490.843451462686,1,,-62490.843451462686,7096,288805170380.0,2050
2,27848972.26449344,27776341.226501465,-72631.0379919745,-69390.55189803243,1,,-69390.55189803243,7138,290783574780.0,2052
0,9346095.443532085,9280336.950805664,-65758.49272642098,-64670.98787957057,3,-8.811312470585108,-64670.98787957057,7160,291765996630.0,2053
1,21746456.17628289,21679241.449523926,-67214.72675896436,-64684.32498461753,3,-28.816970041021705,-64670.98787957057,7161,291778395610.0,2053
0,52625006.8762891,52554243.44073486,-70763.43555423617,-64640.028149582446,3,37.62828251160681,-64670.98787957057,7162,291809270800.0,2053
0,16067157.312670846,16076096.864135742,8939.55146489665,10809.114167118445,4,64.40188085474074,10756.684024024755,7190,292773677630.0,2054
2,46222042.96951927,46227433.26208496,5390.292565688491,10768.655761785805,4,23.943475522100925,10756.684024024755,7191,292803829150.0,2054
2,69840931.38273333,69843549.4552002,2618.072466865182,10744.712286263704,4,-23.943475522100925,10756.684024024755,7192,292827445410.0,2054
3,74996030.80694965,74998048.06768799,2017.2607383430004,10743.744165554643,4,-24.911596231162548,10756.684024024755,7193,292832599940.0,2054
3,54106374.16772927,54056064.181274414,-50309.986454859376,-44014.2082329914,1,,-44014.2082329914,7217,293812658740.0,2055
2,34483663.68222134,34407538.6539917,-76125.02822963893,-72112.5342830345,1,,-72112.5342830345,7250,294793972350.0,2056
0,40352210.654000536,40302395.85369873,-49814.80030180514,-45119.44651128352,5,22.96029357239604,-45141.24404292554,7270,295800785210.0,2057
0,46937430.25594854,46886845.75866699,-50584.49728155136,-45122.89214275777,5,19.514662098139524,-45141.24404292554,7271,295807369700.0,2057
2,48921227.36254144,48870393.68017578,-50833.6823656559,-45141.24404292554,5,-8.013188153505325,-45141.24404292554,7272,295809353260.0,2057
2,49890456.565562055,49839507.77886963,-50948.78669242561,-45143.56956678629,5,-11.5014739446342,-45141.24404292554,7273,295810322380.0,2057
1,70924621.84442168,70871209.70947266,-53412.13494902849,-45159.39769817889,5,-27.32960533723235,-45141.24404292554,7274,295831354210.0,2057
1,25449743.83221267,25508230.906799316,58487.07458664477,61448.38821069896,3,-13.599173244088888,61450.816846586764,7301,296786930170.0,2058
1,37501680.37817627,37558767.52685547,57087.148679196835,61450.816846586764,3,-9.956219412386417,61450.816846586764,7302,296798980780.0,2058
1,54986476.09637306,55041551.0680542,55074.97168114036,61473.15792129934,3,23.555392656475306,61450.816846586764,7303,296816463670.0,2058
1,3981706.3538226495,3907578.428039551,-74127.92578309868,-73664.6173368413,1,,-73664.6173368413,7332,297766429370.0,2059
0,23366871.811476544,23322251.44580078,-44620.365675762296,-41901.41352036968,3,-19.459833316504955,-41897.327274642885,7358,298786738320.0,2060
3,42073680.53673662,42026887.546691895,-46792.99004472792,-41897.327274642885,3,-13.330464726313949,-41897.327274642885,7359,298805443070.0,2060
3,70074427.44934836,70024407.05999756,-50020.389350801706,-41866.58009946346,3,32.790298042818904,-41897.327274642885,7360,298833440760.0,2060
1,26687172.667191617,26720339.780700684,33167.1135090664,36272.41344952211,2,-46.54870856180787,36295.68780380301,7382,299791065660.0,2061
0,52403751.90147307,52433973.201293945,30221.29982087761,36318.962158083916,2,46.54870856180787,36295.68780380301,7383,299816779450.0,2061
3,5373007.190327626,5387434.354248047,14427.163920421153,15052.363116914406,3,9.258124036714435,15052.363116914406,7411,300770720480.0,2062
0,18185644.79565473,18198586.342651367,12941.546996638179,15057.615356720984,3,17.13648374658078,15052.363116914406,7412,300783531710.0,2062
2,69151483.85160796,69158466.0300293,6982.178421333432,15028.5946290344,3,-26.394607783295214,15052.363116914406,7413,300834491900.0,2062
1,42202540.98362274,42153914.4621582,-48626.521464534104,-43715.86458686739,1,,-43715.86458686739,7433,301808586400.0,2063
2,9692269.02759421,9644111.8359375,-48157.19165671058,-47029.40630418807,3,-23.570526115596294,-47009.61048980802,7488,303778040590.0,2065
2,58514302.86800693,58460484.575927734,-53818.29207919538,-47009.61048980802,3,6.123195454478264,-47009.61048980802,7489,303826857260.0,2065
3,64670764.19537362,64616237.09136963,-54527.10400398821,-47002.06106633693,3,17.44733066111803,-47009.61048980802,7490,303833013050.0,2065
0,13296658.57848606,13371574.665527344,74916.08704128303,76463.2765321657,3,-40.75095670297742,76496.55719544739,7513,304782615130.0,2066
3,45845684.49916554,45916846.485961914,71161.98679637164,76496.55719544739,3,9.170038219541311,76496.55719544739,7514,304815160600.0,2066
1,61685796.25754063,61755130.04107666,69333.78353603184,76511.49778228998,3,31.580918483436108,76496.55719544739,7515,304830998980.0,2066
0,17257358.48717834,17300469.300476074,43110.813297733665,45118.86694024503,2,-25.663223773241043,45131.69855213165,7547,305787550080.0,2067
0,39898169.440208465,39938671.44848633,40502.008277863264,45144.53016401827,2,25.663223773241043,45131.69855213165,7548,305810188420.0,2067
0,63031835.75238211,63055637.29974365,23801.547361545265,31135.8857813403,1,,31135.8857813403,7565,306834301830.0,2068
1,67681033.81447396,67725804.40570068,44770.59122672677,52645.90694095194,1,,52645.90694095194,7615,308840914200.0,2070
2,12319920.281583242,12358978.26586914,39057.98428589851,40491.521221186966,2,-88.52199419215322,40535.78221828304,7638,309786527980.0,2071
2,67686137.02652216,67718841.16021729,32704.13369512558,40580.04321537912,2,88.52199419215322,40535.78221828304,7639,309841888180.0,2071
2,14036583.58980532,14067830.33996582,31246.750160500407,32880.036785846576,1,,32880.036785846576,7664,310789255930.0,2072
1,18860373.253979836,18902319.76434326,41946.51036342606,44141.089634634554,1,,44141.089634634554,7694,311795046560.0,2073
0,24100124.653489128,24067741.165527344,-32383.487961784005,-29579.21504068002,3,-49.75799426808953,-29537.956165984273,7746,313802267340.0,2075
0,58974549.01899324,58938148.82733154,-36400.191661700606,-29537.956165984273,3,12.130317775532603,-29537.956165984273,7747,313837137960.0,2075
0,69738879.010116,69701243.28710938,-37635.723006621,-29520.95792683959,3,37.62767649255693,-29537.956165984273,7748,313847901120.0,2075
0,3169061.6772573604,3139787.6380004883,-29274.039256872144,-28905.28955226997,3,-36.664627267513424,-28897.0073505342,7767,314782267210.0,2076
1,38085043.60223412,38051715.04699707,-33328.555237047374,-28897.0073505342,3,-24.241324663860723,-28897.0073505342,7768,314817179350.0,2076
0,72543716.61654902,72506435.2401123,-37281.37643671036,-28840.24249947071,3,60.90595193137415,-28897.0073505342,7769,314851634280.0,2076
2,30573227.07795258,30620083.583496094,46856.505543515086,50413.983939923346,2,-49.95279950648546,50438.96033967659,7791,315810634920.0,2077
2,68190865.24537376,68233394.54278564,42529.29741188884,50463.93673942983,2,49.95279950648546,50438.96033967659,7792,315848248460.0,2077
2,63750062.254185125,63809741.91772461,59679.66353948414,67097.57427100837,1,,67097.57427100837,7827,316844850780.0,2078
2,598793.2800711554,579483.0999145508,-19310.18015660462,-19240.50500741822,5,-79.66059706208762,-19163.16934271902,7850,317782693240.0,2079
2,29314629.058729663,29292008.259277344,-22620.79945231974,-19209.77060315013,5,-48.92619279399514,-19163.16934271902,7851,317811405940.0,2079
0,53212877.732069865,53187522.75109863,-25354.980971232057,-19163.16934271902,5,20.975697852671146,-19163.16934271902,7852,317835301600.0,2079
2,76751122.23500836,76723039.4350586,-28082.799949765205,-19152.095364511013,5,34.37460842356086,-19163.16934271902,7853,317858837260.0,2079
1,79504982.3290002,79476572.66778564,-28409.66121456027,-19158.51947799325,5,27.950494941323996,-19163.16934271902,7854,317861590810.0,2079
3,11608595.227442782,11632430.955688477,23835.72824569419,25186.495916668326,3,-7.874578721821308,25186.495916668326,7878,318794653470.0,2080
1,15195959.36206046,15219369.113586426,23409.75152596645,25177.94227028638,3,-20.705048294737935,25186.495916668326,7879,318798240430.0,2080
0,24721096.848297235,24743431.118225098,22334.26992786303,25210.798720493913,3,28.579627016559243,25186.495916668326,7880,318807764550.0,2080
3,8650866.152672593,8633947.945373535,-16918.207299057394,-15911.598825247958,1,,-15911.598825247958,7904,319792632840.0,2081
2,33054549.5580723,32994894.460083008,-59655.09798929095,-55808.89471948147,2,-0.3875441551208496,-55808.70094740391,7932,320817951070.0,2082
3,36693950.48956862,36633872.301086426,-60078.18848219514,-55808.50717532635,2,0.3875441551208496,-55808.70094740391,7933,320821590070.0,2082
3,71211085.60302511,71226418.8034668,15333.2004416883,23619.270406484604,1,,23619.270406484604,7955,321857092090.0,2083
1,38606213.70038223,38591134.15759277,-15079.542789459229,-10587.351930573583,3,-60.85865027457476,-10533.940907940269,7976,322825451630.0,2084
0,69190047.89225923,69171477.94311523,-18569.949143990874,-10519.045652657747,3,41.600766599178314,-10533.940907940269,7978,322856032160.0,2084
2,71844955.5459592,71826061.77844238,-18893.767516821623,-10533.940907940269,3,19.257883675396442,-10533.940907940269,7979,322858686760.0,2084
2,24883939.22702635,24934930.465148926,50991.238122574985,53886.71513558179,2,-34.164955236017704,53903.7976131998,7997,323812704350.0,2085
2,44198244.86249955,44247022.86706543,48778.0045658797,53920.88009081781,2,34.164955236017704,53903.7976131998,7998,323832016560.0,2085
2,15643866.861059463,15619473.645141602,-24393.21591786109,-22572.906983753666,5,-25.857766652479768,-22554.801750443876,8021,324804412020.0,2086
2,23998099.982269015,23972752.77911377,-25347.203155245632,-22554.801750443876,5,-2.3628879003226757,-22554.801750443876,8022,324812765350.0,2086
1,28115444.783827245,28089607.710144043,-25837.073683202267,-22565.58104132861,5,-18.531824227422476,-22554.801750443876,8023,324816882230.0,2086
2,57358152.47670178,57328939.66156006,-29212.81514172256,-22538.66236833483,5,21.529027551412582,-22554.801750443876,8024,324846121740.0,2086
1,57909073.86145746,57879796.30718994,-29277.554267518222,-22539.296683758497,5,20.89471212774515,-22554.801750443876,8025,324846672600.0,2086
2,42819057.64338988,42826015.185913086,6957.54252320528,11939.936829589307,2,20.639437079429626,11929.617111049592,8048,325832517750.0,2087
3,62797301.296423405,62801913.5456543,4612.249230891466,11919.297392509878,2,-20.639437079429626,11929.617111049592,8049,325852493770.0,2087
0,34636699.34517844,34594296.0534668,-42403.29171164334,-38372.9906469509,1,,-38372.9906469509,8064,326825262060.0,2088
1,8983355.351403687,8937539.606567383,-45815.74483630434,-44770.44816191681,2,-88.61307078786194,-44726.141626522876,8085,327800486250.0,2089
0,76781072.83464283,76727456.80993652,-53616.02470630407,-44681.835091128945,2,88.61307078786194,-44726.141626522876,8086,327868276580.0,2089
0,1788889.2485390173,1833766.4271850586,44877.17864604131,45085.3324938186,1,,45085.3324938186,8112,328794223600.0,2090
0,40481195.48430453,40463406.22631836,-17789.257986173034,-13078.895614907146,1,,-13078.895614907146,8130,329833782450.0,2091
2,33897670.44797143,33980902.98944092,83232.54146948457,87176.84967089444,1,,87176.84967089444,8153,330828186130.0,2092
2,29321310.01815381,29291825.901123047,-29484.117030762136,-26072.310790028423,2,-2.9264299906790257,-26070.847575033084,8181,331824536080.0,2093
2,30868547.70657911,30838886.480529785,-29661.22604932636,-26069.384360037744,2,2.9264299906790257,-26070.847575033084,8182,331826083150.0,2093
3,53596913.909801364,53638786.92816162,41873.01836025715,48109.5161582157,1,,48109.5161582157,8206,332849770180.0,2094
0,22917725.194914505,22936676.278198242,18951.083283737302,21617.77306652814,3,20.52382832020521,21608.379162028432,8224,333820101050.0,2095
0,53461962.72111193,53477350.30529785,15387.584185920656,21608.379162028432,3,6.432971570640802,21608.379162028432,8225,333850641910.0,2095
2,79229846.42181022,79242213.41400146,12366.992191240191,21586.11931438744,3,-26.956799890846014,21608.379162028432,8226,333876406930.0,2095
2,6533375.491693194,6513137.278076172,-20238.21361702215,-19477.994811592624,5,-45.70489967055619,-19435.90248093009,8249,334804612530.0,2096
3,46907567.11364514,46882671.45373535,-24895.659909784794,-19437.529624439776,5,-5.23971251770854,-19435.90248093009,8250,334844982310.0,2096
2,56881728.11833494,56855680.724609375,-26047.393725566566,-19428.677342914045,5,8.03870977088809,-19435.90248093009,8251,334854955380.0,2096
1,62791717.04170747,62764974.74084473,-26742.30086274445,-19435.90248093009,5,-2.79899725317955,-19435.90248093009,8252,334860864710.0,2096
1,78831578.4284113,78802987.07971191,-28591.34869939089,-19418.56374938786,5,18.15230329707265,-19435.90248093009,8253,334876902820.0,2096
0,27122243.198318172,27167352.74786377,45109.549545597285,48265.47397562489,4,-31.05471032485366,48281.001330787316,8284,335826161030.0,2097
1,33352194.12004679,33396564.815979004,44370.69593221322,48251.53290608898,4,-44.99577986076474,48281.001330787316,8285,335832390280.0,2097
0,50834836.94596891,50877218.37011719,42381.42414827645,48296.52868594974,4,31.05471032485366,48281.001330787316,8286,335849871040.0,2097
2,78751831.11866418,78790968.39349365,39137.27482947707,48300.780440703034,4,35.306465078145266,48281.001330787316,8287,335877784960.0,2097
1,11020085.615502968,10998191.840148926,-21893.77535404265,-20611.486232133582,1,,-20611.486232133582,8314,336810985770.0,2098
2,3448206.0770975086,3408967.197570801,-39238.87952670781,-38837.64878340531,3,2.9384465096518397,-38837.64878340531,8332,337804306530.0,2099
1,17977284.44491467,17936348.735229492,-40935.70968517661,-38843.88598348573,3,-6.417353610973805,-38837.64878340531,8333,337818834000.0,2099
2,21223805.84330099,21182498.96826172,-41306.87503927201,-38837.2884763442,3,3.4789071013219655,-38837.64878340531,8334,337822080170.0,2099
2,25715575.1918275,25699734.65814209,-15840.533685408533,-12848.288118302822,3,39.92247672751546,-12884.373281478882,8355,338827498760.0,2100
1,43824048.109889045,43806064.40234375,-17983.707545295358,-12884.373281478882,3,-14.205268036574125,-12884.373281478882,8356,338845605200.0,2100
0,57333885.52280991,57314322.14581299,-19563.376996919513,-12892.047908581793,3,-25.717208690941334,-12884.373281478882,8357,338859113540.0,2100
3,22371941.236261453,22340354.094848633,-31587.141412820667,-28983.958653252572,3,13.87575676292181,-28988.99035627395,8385,339825076270.0,2101
0,51832964.95356479,51797944.71722412,-35020.23634067178,-28988.99035627395,3,6.328202230855823,-28988.99035627395,8386,339854534040.0,2101
3,77979625.85048671,77941545.51965332,-38080.330833390355,-29006.678463757038,3,-20.203958993777633,-28988.99035627395,8387,339880677800.0,2101
2,65189957.587417245,65235251.9743042,45294.38688695431,52879.842788897455,1,,52879.842788897455,8411,340868891700.0,2102
2,582083.9896345786,615142.6966552734,33058.707020694856,33126.437889037305,1,,33126.437889037305,8449,342806265340.0,2104
1,1203114.8817621002,1261031.298034668,57916.41627256782,58056.40984241082,3,-30.200751741649583,58084.425480725244,8471,343807921360.0,2105
0,11295929.806983523,11352699.846313477,56770.03932995349,58084.425480725244,3,11.822705729980953,58084.425480725244,8472,343818013090.0,2105
2,28198929.341068104,28253736.92993164,54807.588863536716,58088.7957075797,3,18.37804601166863,58084.425480725244,8473,343834914230.0,2105
1,75711364.11579439,75769674.35534668,58310.23955228925,67119.95864140987,2,0.1126391738653183,67119.90232182294,8497,344883402440.0,2106
1,77414432.02684939,77472543.98602295,58111.95917356014,67119.84600223601,2,-0.1126391738653183,67119.90232182294,8498,344885105320.0,2106
3,2602163.8454385893,2657483.5622558594,55319.71681727003,55622.50270377332,3,-15.411780314985663,55636.70774163306,8535,346812156970.0,2108
3,16643385.561103642,16697088.070129395,53702.509025752544,55639.12122654356,3,9.516003840370104,55636.70774163306,8536,346826196660.0,2108
1,34843104.869064145,34894687.25854492,51582.389480777085,55636.70774163306,3,5.895776474615559,55636.70774163306,8537,346844394370.0,2108
0,28401311.69503859,28352958.21057129,-48353.48446730152,-45048.728560209274,2,41.57471068203449,-45069.51591555029,8587,348839864920.0,2110
1,73394924.74396801,73341294.26080322,-53630.48316478729,-45090.30327089131,2,-41.57471068203449,-45069.51591555029,8588,348884853530.0,2110
0,5774649.336473841,5838871.747375488,64222.41090164706,64894.34488522541,3,-12.153125536628067,64902.14498330653,8634,350819145670.0,2112
1,70842816.64396971,70899475.5704956,56658.92652589083,64902.14498330653,3,-0.4529784149490297,64902.14498330653,8635,350884206670.0,2112
2,74741897.89199069,74798111.83032227,56213.9383315742,64910.851038217545,3,12.606103951577097,64902.14498330653,8636,350888105330.0,2112
0,11490600.434420718,11552855.590209961,62255.15578924306,63592.19367219135,2,-14.489113822579384,63599.43822910264,8658,351825852920.0,2113
3,29591511.944080632,29651675.380126953,60163.436046320945,63606.68278601393,2,14.489113822579384,63599.43822910264,8659,351843951850.0,2113
0,27292210.847940885,27260302.53100586,-31908.316935025156,-28732.615193296224,2,-27.787357840687037,-28718.72151437588,8689,352842561630.0,2114
2,70119035.60121837,70082171.77355957,-36863.82765880227,-28704.827835455537,2,27.787357840687037,-28718.72151437588,8690,352885383760.0,2114
0,53693339.66782838,53769890.47479248,76550.8069640994,82798.52479290962,2,-12.23266777396202,82804.6411267966,8717,353869944290.0,2115
0,77590362.57476136,77664144.97424316,73782.39948180318,82810.75746068358,2,12.23266777396202,82804.6411267966,8718,353893838690.0,2115
3,35113618.20104132,35159808.179748535,46189.97870721668,50275.77370201796,1,,50275.77370201796,8737,354852369310.0,2116
3,23067114.474798724,23113733.351135254,46618.87633652985,49302.94894693419,1,,49302.94894693419,8789,356842220280.0,2118
1,33883969.731847346,33909650.2545166,25680.522669255733,29623.236665338278,2,-59.91189185529947,29653.192611265928,8803,357854008470.0,2119
0,66512677.80770413,66534621.58959961,21943.78189548105,29683.148557193577,2,59.91189185529947,29653.192611265928,8804,357886633640.0,2119
1,71263902.1887863,71268001.57513428,4099.386347979307,12391.60201215744,2,-11.951388001441956,12397.577706158161,8827,358892332120.0,2120
3,71850974.97423536,71855018.00061035,4043.0263749957085,12403.553400158882,2,11.951388001441956,12397.577706158161,8828,358892919140.0,2120
3,1355338.9827638995,1415697.9215698242,60358.93880592473,60516.645061096875,1,,60516.645061096875,8852,359823414510.0,2121
1,56903605.63685265,56963186.26855469,59580.631702035666,66201.89373677969,1,,66201.89373677969,8875,360879962480.0,2122
0,6268028.2521537,6355371.750915527,87343.49876182713,88072.84195606224,3,-21.982959439978004,88074.48983757943,8909,362831334420.0,2124
3,18781486.47113822,18867375.560913086,85889.08977486566,88074.48983757943,3,-19.511137164197862,88074.48983757943,8910,362843846500.0,2124
3,52484862.29313402,52566870.35284424,82008.0597102195,88115.15999342501,3,41.494096604175866,88074.48983757943,8911,362877546200.0,2124
0,1866241.5693683196,1947205.7670288086,80964.19766048901,81181.35216788133,6,-16.759559073252603,81197.599539496,8953,364828929330.0,2126
0,19412870.711882964,19491808.931762695,78938.21987973154,81197.08735203743,6,-1.0243749171495438,81197.599539496,8954,364846474040.0,2126
3,19812088.406278618,19890976.501098633,78888.09482001513,81193.41497197002,6,-4.696754984557629,81197.599539496,8955,364846873210.0,2126
3,30355296.31565593,30432962.307250977,77665.99159504473,81198.11172695458,6,1.0243749171495438,81197.599539496,8956,364857415260.0,2126
3,48466903.71351202,48542482.03198242,75578.31847040355,81217.89202480763,6,20.80467277020216,81197.599539496,8957,364875524890.0,2126
3,62726936.57638745,62800855.20776367,73918.63137622178,81217.49195035547,6,20.40459831804037,81197.599539496,8958,364889783350.0,2126
0,31029148.045518506,31103234.680603027,74086.63508452103,77697.16411207244,4,-14.086053390055895,77704.20713876747,8974,365859108720.0,2127
2,32706866.565669805,32780744.465637207,73877.89996740222,77683.64709788561,4,-27.603067576885223,77704.20713876747,8975,365860786240.0,2127
2,61940422.56499047,62010926.47277832,70503.90778785199,77711.2501654625,4,14.086053390055895,77704.20713876747,8976,365890016600.0,2127
3,73190986.81203662,73260197.9720459,69211.16000927985,77727.60983420908,4,30.44572213664651,77704.20713876747,8977,365901265940.0,2127
2,27265681.9678935,27323200.264160156,57518.29626665637,60690.91112725809,1,,60690.91112725809,9002,366856333670.0,2128
3,28248688.190377295,28274385.182617188,25696.992239892483,28983.988987337798,2,-24.717713374644518,28996.34784402512,9034,367858266060.0,2129
0,42516156.75520656,42540218.312927246,24061.557720683515,29008.706700712442,2,24.717713374644518,28996.34784402512,9035,367872531980.0,2129
3,20654965.930002898,20775617.77557373,120651.84557083249,123055.24233647808,4,-30.057306829839945,123075.69084048644,9057,368851712350.0,2130
1,52184431.864213035,52301425.80383301,116993.9396199733,123066.08203766495,4,-19.217605642974377,123075.69084048644,9058,368883238350.0,2130
1,70137172.30646448,70252096.49591064,114924.18944616616,123085.29964330792,4,19.217605642974377,123075.69084048644,9059,368901189130.0,2130
3,75654430.14153498,75768712.90325928,114282.76172429323,123085.85601770878,4,19.773980043828487,123075.69084048644,9060,368906705780.0,2130
0,40820465.23973653,40886529.58569336,66064.34595683217,70814.18550930917,1,,70814.18550930917,9086,369872876520.0,2131
0,8042225.000446023,8143287.530151367,101062.52970534377,101998.31713874731,3,8.3440424175933,101992.47380145639,9108,370841139110.0,2132
2,20637014.6806119,20736600.84503174,99586.1644198373,101987.47239120305,3,-7.923078898806125,101992.47380145639,9109,370853732500.0,2132
3,24029113.728051603,24128310.191711426,99196.46365982294,101992.47380145639,3,-0.4209635187871754,101992.47380145639,9110,370857124230.0,2132
1,49693366.931741156,49703784.94598389,10418.014242731035,16200.29816237092,3,-13.604660596698523,16204.141901753843,9135,371883716900.0,2133
1,54245665.07274589,54255557.228637695,9892.155891805887,16204.141901753843,3,-7.8390515223145485,16204.141901753843,9136,371888268700.0,2133
3,55783925.17569889,55793657.86260986,9732.686910972,16223.663744181395,3,21.44371211901307,16204.141901753843,9137,371889806810.0,2133
3,62772109.04504617,62838472.03491211,66362.98986593634,73667.10667556524,2,-4.157842844724655,73669.1855969876,9165,372897773730.0,2134
3,71466603.63450608,71531959.09716797,65355.462661892176,73671.26451840997,2,4.157842844724655,73669.1855969876,9166,372906467270.0,2134
2,45950367.68098134,46070694.99066162,120327.30968028307,125674.06093801558,1,,125674.06093801558,9192,373881964010.0,2135
3,654243.1637247722,703365.551940918,49122.3882161458,49198.51547333761,3,-25.670652124332264,49198.51547333761,9222,374837644420.0,2136
3,9019926.205324765,9068074.616271973,48148.41094720736,49197.962979475036,3,-26.499392918194644,49198.51547333761,9223,374846009180.0,2136
2,58817674.98775965,58860081.4152832,42406.42752355337,49250.40927144885,3,52.17004504252691,49198.51547333761,9224,374895801490.0,2136
0,40557061.0935491,40583911.45172119,26850.35817208886,31569.548210293055,1,,31569.548210293055,9249,375878500520.0,2137
0,53478453.85336512,53521201.566467285,42747.713102161884,48970.42697438598,4,5.5903600081801414,48967.63179438189,9268,376892388880.0,2138
1,56571241.47224463,56554473.095825195,-16768.37641943246,-10185.788036391139,4,-59156.215010777116,48967.63179438189,9269,376895422170.0,2138
3,61672222.97586703,61714011.677612305,41788.70174527168,48964.8366143778,4,-5.5903600081801414,48967.63179438189,9270,376900581740.0,2138
3,62267028.341098405,62308758.05596924,41729.71487083286,48975.060858257115,4,10.224243879318237,48967.63179438189,9271,376901176490.0,2138
1,67837527.1899127,67932158.58447266,94631.39455994964,102524.91972915828,1,,102524.91972915828,9298,377907771140.0,2139
0,37731083.60614042,37892659.294555664,161575.68841524422,165966.04977486283,3,-0.6368026062846184,165966.04977486283,9348,379879633440.0,2141
2,41194305.68834315,41355458.20831299,161152.51996983588,165945.85932415724,3,-30.922478664666414,165966.04977486283,9349,379883096260.0,2141
2,69964396.5295955,70122243.03729248,157846.5076969862,165987.51383078098,3,31.559281270951033,165966.04977486283,9350,379911863220.0,2141
0,25038635.9882463,25126635.13861084,87999.15036454052,90912.62777981535,2,-44.50514968857169,90934.88035465963,9375,380867947610.0,2142
0,67138523.86385159,67221668.8071289,83144.9432773143,90957.13292950392,2,44.50514968857169,90934.88035465963,9376,380910042900.0,2142
0,5507802.288344417,5515713.030029297,7910.741684880108,8551.625540630892,2,1.1870622131973505,8551.032009524293,9402,381849356680.0,2143
2,35741747.3915208,35746138.9463501,4391.55482929945,8550.438478417695,2,-1.1870622131973505,8551.032009524293,9403,381879587290.0,2143
3,34723915.56488761,34744144.38659668,20228.82170906663,24269.271189451218,2,15.665933407843113,24261.438222747296,9426,382879463320.0,2144
3,60230513.85951276,60247759.086120605,17245.226607844234,24253.605256043375,2,-15.665933407843113,24261.438222747296,9427,382904967090.0,2144
2,54813511.84600418,54921850.74713135,108338.90112716705,114716.96137335151,2,6.318447284400463,114713.80214970931,9450,383900537100.0,2145
2,59321155.22517273,59428963.30175781,107808.0765850842,114710.64292606711,2,-6.318447284400463,114713.80214970931,9451,383905044240.0,2145
1,20953355.67040935,21032203.28741455,78847.6170051992,81285.73418333381,3,55.12008623406291,81237.63475548476,9479,384867716510.0,2146
1,62409045.11498432,62483020.87878418,73975.76379986107,81237.63475548476,3,-17.029055539518595,81237.63475548476,9480,384909167580.0,2146
1,69369376.67655808,69442528.49993896,73151.82338088751,81223.59343871474,3,-38.091030694544315,81237.63475548476,9481,384916127130.0,2146
3,48240809.97799517,48364393.64215088,123583.66415570676,129196.9296080023,3,20.198911502957344,129176.91052564234,9503,385896017010.0,2147
2,59896805.67083519,60019012.6730957,122207.0022605136,129176.55086735636,3,-10.369199465960264,129176.91052564234,9504,385907671700.0,2147
3,60918017.92085476,61040106.45526123,122088.53440646827,129176.91052564234,3,-9.82971203699708,129176.91052564234,9505,385908692800.0,2147
2,23733619.84151711,23844651.541992188,111031.70047507808,113793.32716366649,2,-51.95137211680412,113819.30284972489,9529,386872498030.0,2148
0,77807590.6605101,77912382.30456543,104791.64405533671,113845.27853578329,2,51.95137211680412,113819.30284972489,9530,386926566090.0,2148
0,47059964.61436206,47162694.072143555,102729.45778149366,108205.32092882693,3,13.571405038237572,108191.93085430562,9552,387896828390.0,2149
3,48171260.91054952,48273847.30596924,102586.39541971684,108191.56819327176,3,-7.057698294520378,108191.93085430562,9553,387897939550.0,2149
0,53748405.54309343,53850343.34869385,101937.80560041964,108191.93085430562,3,-6.513706743717194,108191.93085430562,9554,387903516080.0,2149
2,759693.6334965065,797020.37890625,37326.74540974351,37415.14280666085,3,31.228464156854898,37406.30907919258,9608,389852334720.0,2151
0,37721888.31166837,37754905.3293457,33017.01767732948,37406.30907919258,3,17.977872954448685,37406.30907919258,9609,389889292830.0,2151
1,76464315.25312418,76492779.4407959,28464.18767172098,37361.51960581541,3,-49.20633711130358,37406.30907919258,9610,389928030940.0,2151
1,48366162.00782801,48487694.9710083,121532.96318028867,127160.81450331956,1,,127160.81450331956,9632,390900959780.0,2152
0,8669909.548254851,8797412.950317383,127503.40206253156,128512.22641195543,4,-1.5435623656958342,128513.65035374835,9656,391862319320.0,2153
0,40451982.67565243,40575799.44055176,123816.76489932835,128523.7280894965,4,10.197356320917606,128513.65035374835,9657,391894097900.0,2153
3,40781508.97085923,40905277.4342041,123768.463344872,128513.76997432113,4,0.23924114555120468,128513.65035374835,9658,391894427380.0,2153
1,57788304.56014809,57910093.88592529,121789.32577720284,128513.53073317558,4,-0.23924114555120468,128513.65035374835,9659,391911432300.0,2153
2,5141864.204316294,5222127.372802734,80263.16848644055,80861.47205372434,4,66.08729023020715,80822.6721911151,9684,392859734940.0,2154
0,32451447.16163971,32528521.094543457,77073.932903748,80849.95961873606,4,54.574855241924524,80822.6721911151,9685,392887041500.0,2154
1,62906780.98882635,62980255.66320801,73474.67438165843,80794.46152041107,4,-55.49809832498431,80822.6721911151,9686,392917493420.0,2154
1,71416528.44078285,71489013.85040283,72485.40961998701,80795.38476349413,4,-54.574855241924524,80822.6721911151,9687,392926002230.0,2154
2,22225213.92819761,22300601.071411133,75387.14321352169,77973.25289057568,2,8.119635093957186,77969.1930730287,9738,394878730860.0,2156
3,25089427.886592247,25164473.63232422,75045.74573197216,77965.13325548172,2,-8.119635093957186,77969.1930730287,9739,394881594750.0,2156
3,37738682.46510293,37846920.92633057,108238.46122763306,112629.7067849338,4,31.262685649096966,112601.36793130264,9765,395895289450.0,2157
1,56231412.93301549,56337468.33093262,106055.3979171291,112598.44409928471,4,-5.847664035856724,112601.36793130264,9766,395913780110.0,2157
3,58737083.3871728,58842853.07476807,105769.68759526312,112604.29176332057,4,5.847664035856724,112601.36793130264,9767,395916285510.0,2157
2,65916153.50067717,66021069.36407471,104915.86339753866,112585.81892611831,4,-18.472837202250957,112601.36793130264,9768,395923463770.0,2157
0,30336942.63860227,30490662.402160645,153719.76355837286,157249.7480698116,1,,157249.7480698116,9797,396888919210.0,2158
2,60663440.43371788,60723224.48754883,59784.05383095145,66842.80749946088,1,,66842.80749946088,9816,397920219940.0,2159
0,68801002.4983106,68810732.13250732,9729.634196728468,17735.268649861217,1,,17735.268649861217,9858,399930356680.0,2161
1,22242240.739095524,22355692.193359375,113451.45426385105,116039.54516819865,1,,116039.54516819865,9874,400884805500.0,2162
1,46234381.65230116,46293760.72973633,59379.077435165644,64758.87635138631,2,8.531767919659615,64754.61046742648,9899,401909791730.0,2163
0,78341840.69373265,78397475.2388916,55634.545158952475,64750.34458346665,2,-8.531767919659615,64754.61046742648,9900,401941895640.0,2163
1,51644846.76150656,51761622.205322266,116775.44381570816,122784.80050453544,2,-28.034864597022533,122798.81793683395,9933,402916230840.0,2164
0,65118444.468568966,65233680.16925049,115235.70068152249,122812.83536913246,2,28.034864597022533,122798.81793683395,9934,402929702980.0,2164
2,16782272.891378507,16805427.460021973,23154.568643465638,25107.34167267382,2,3.1856203339993954,25105.74886250682,9954,403882307600.0,2165
1,18575123.775804054,18598066.544006348,22942.768202293664,25104.156052339822,2,-3.1856203339993954,25105.74886250682,9955,403884100250.0,2165
2,12570755.727581553,12684065.51171875,113309.78413719684,114772.50810196996,5,-49.20998055115342,114813.66822710633,9977,404879127220.0,2166
1,14905543.034123573,15018581.296081543,113038.26195796952,114772.66007025912,5,-49.05801226198673,114813.66822710633,9978,404881461750.0,2166
2,39644720.03025627,39754920.667785645,110200.63752937317,114813.66822710633,5,12.454223008826375,114813.66822710633,9979,404906198240.0,2166
2,57164375.83389181,57272553.99676514,108178.16287332773,114829.76793793589,5,36.60378925316036,114813.66822710633,9980,404923715980.0,2166
1,78206746.17603225,78312495.87713623,105749.70110398531,114849.78102898598,5,56.61688030324876,114813.66822710633,9981,404944756050.0,2166
1,59160537.1162294,59281302.14794922,120765.03171981871,127648.90865483135,1,,127648.90865483135,10002,405926759700.0,2167
1,49008865.60906179,49132564.54864502,123698.93958322704,129401.57542838156,1,,129401.57542838156,10025,406917610020.0,2168
0,42651633.9283659,42666020.29486084,14386.366494938731,19349.27949999273,1,,19349.27949999273,10043,407912180700.0,2169
1,37658314.03772019,37658025.7331543,-288.3045658916235,4093.589379839599,3,-55.61780671030283,4148.91400668025,10066,408908115730.0,2170
3,77361246.19358608,77356393.99578857,-4852.197797507048,4149.500366419554,3,28.248673159629107,4148.91400668025,10067,408947814340.0,2170
3,79440216.02927803,79435121.33770752,-5094.6915705055,4148.91400668025,3,27.369133550673723,4148.91400668025,10068,408949893080.0,2170
2,18076206.588985503,18080180.196350098,3973.6073645949364,6076.941574797034,2,-48.24528415501118,6101.06421687454,10102,409889430900.0,2171
2,75611572.80431399,75608899.88372803,-2672.9205859601498,6125.186858952045,2,48.24528415501118,6101.06421687454,10103,409946959970.0,2171
2,38385899.76921541,38449351.49383545,63451.72462003678,67918.27991063148,3,-13.950021479278803,67920.23478315026,10119,410910679250.0,2172
3,39310169.73415819,39373515.86627197,63346.13211378455,67920.23478315026,3,-11.017712701112032,67920.23478315026,10120,410911603420.0,2172
1,69411044.98612222,69470912.59265137,59867.60652914643,67944.22508107126,3,24.967734180390835,67920.23478315026,10121,410941701000.0,2172
1,78010290.66845617,78025591.24194336,15300.573487192392,24377.79399266839,1,,24377.79399266839,10142,411951231810.0,2173
0,21378839.905575335,21384513.05633545,5673.150760114193,8160.776973415166,1,,8160.776973415166,10168,412895539330.0,2174
1,25046945.84732416,25083089.592590332,36143.745266173035,39058.189610589296,2,-28.8719845674932,39072.62560287304,10195,413900162040.0,2175
1,67714982.0062468,67746189.80194092,31207.795694112778,39087.06159515679,2,28.8719845674932,39072.62560287304,10196,413942825400.0,2175
0,10454424.301379764,10587978.016845703,133553.71546593867,134770.1846500449,1,,134770.1846500449,10240,415887508150.0,2177
3,5313448.473887805,5366452.518432617,53004.04454481229,53622.3135325145,4,4.5395317655056715,53619.453109757975,10265,416883268560.0,2178
2,15000911.256061409,15052783.534973145,51872.27891173586,53617.77400074899,4,-3.358218017965555,53619.453109757975,10266,416892954950.0,2178
3,19355018.027910467,19406387.024353027,51368.99644256011,53621.13221876696,4,3.358218017965555,53619.453109757975,10267,416897308580.0,2178
1,62129383.07642986,62175756.58660889,46373.510179027915,53602.83986388892,4,-18.292354878038168,53619.453109757975,10268,416940078210.0,2178
1,15149784.656554747,15280835.21069336,131050.554138612,132813.3720278889,3,-44.09298923611641,132854.39927909523,10291,417894106090.0,2179
3,39424254.25857147,39552527.411865234,128273.15329376608,132860.5307551548,3,26.64510166272521,132854.39927909523,10292,417918377930.0,2179
1,48276126.49156816,48403363.51599121,127237.0244230479,132854.39927909523,3,17.4478875733912,132854.39927909523,10293,417927228820.0,2179
1,22956483.986434266,23108366.019714355,151882.0332800895,154553.23300758377,2,6.8638572581112385,154549.8010789547,10319,418902953780.0,2180
2,40170989.10462004,40320861.20678711,149872.1021670699,154546.36915032566,2,-6.8638572581112385,154549.8010789547,10320,418920166380.0,2180
1,31616698.868962977,31727776.122070312,111077.25310733542,114756.14912002161,3,-40.16197746619582,114791.64629647136,10342,419912574410.0,2181
0,72750179.85669437,72856515.67474365,106335.81804928184,114800.97589850426,3,27.078190257772803,114791.64629647136,10343,419953703400.0,2181
3,75684482.75373486,75790467.80883789,105985.05510303378,114791.64629647136,3,13.083787208423018,114791.64629647136,10344,419956637370.0,2181
1,3945489.7816999173,4004081.997741699,58592.21604178194,59051.31035413081,4,64.83147578174248,59013.25132680684,10397,421886872850.0,2183
3,13398113.415079214,13455594.444152832,57481.02907361835,59040.02377526462,4,53.544896915555,59013.25132680684,10398,421896324420.0,2183
2,69352077.03894846,69402993.76074219,50916.72179372609,58986.478878349066,4,-53.544896915555,59013.25132680684,10399,421952272160.0,2183
2,73821781.57744747,73872176.54632568,50394.96887820959,58984.81752181053,4,-55.206253454089165,59013.25132680684,10400,421956741370.0,2183
0,6400770.994503361,6466170.421630859,65399.4271274982,66144.21617038362,3,-5.8433081563562155,66149.91224248707,10431,423891298120.0,2185
0,19523222.024837617,19587100.52368164,63878.498844023794,66150.20671459287,3,3.142508157528937,66149.91224248707,10432,423904419130.0,2185
1,48589087.43052203,48649583.55200195,60496.12147992104,66149.91224248707,3,2.7007999988272786,66149.91224248707,10433,423933481790.0,2185
3,27021091.721967034,27144713.560913086,123621.8389460519,126765.99346409366,1,,126765.99346409366,10461,424912900900.0,2186
0,77316569.69122124,77334636.24676514,18066.555543899536,27063.055182605982,1,,27063.055182605982,10488,425964138120.0,2187
3,50416654.05808459,50448785.242126465,32131.18404187262,37997.629123821855,1,,37997.629123821855,10514,426938140120.0,2188
0,5443338.684249159,5558673.614562988,115334.93031382933,115968.3132316405,5,23.911997840739787,115957.4645742476,10537,427894179990.0,2189
0,21239984.702697482,21353477.434448242,113492.73175076023,115964.20087396353,5,19.79964016377926,115957.4645742476,10538,427909974890.0,2189
0,36956234.47980285,37067891.743896484,111657.26409363747,115957.4645742476,5,9.695190589874983,115957.4645742476,10539,427925689400.0,2189
2,74808822.13883731,74916041.27319336,107219.13435605168,115923.8343192339,5,-36.99840487167239,115957.4645742476,10540,427963537780.0,2189
3,75283576.98670486,75390748.38250732,107171.39580246806,115931.33789335191,5,-29.49483075365424,115957.4645742476,10541,427964012490.0,2189
2,44801071.11209166,44832951.24975586,31880.137664198875,37093.15761171281,1,,37093.15761171281,10559,428934422650.0,2190
2,12601272.574925113,12716262.753540039,114990.1786149256,116456.45349779166,2,8.361321931704879,116452.27283682581,10601,430904183940.0,2192
1,20718175.99230812,20832213.3326416,114037.34033348039,116448.09217585996,2,-8.361321931704879,116452.27283682581,10602,430912299940.0,2192
3,28608912.07550127,28664806.129577637,55894.05407636613,59222.96621226147,1,,59222.96621226147,10626,431921149620.0,2193
1,22717454.284804218,22724531.196472168,7076.911667950451,9720.298073761165,1,,9720.298073761165,10649,432916160300.0,2194
0,45722915.951588586,45815173.79418945,92257.84260086715,97578.12774132192,2,-3.1924926936626434,97579.72398766875,10676,433940151130.0,2195
2,72137935.55983993,72227122.96252441,89187.40268447995,97581.32023401558,2,3.1924926936626434,97579.72398766875,10677,433966563240.0,2195
3,48113657.41777812,48193041.90344238,79384.48566426337,84982.95573742688,4,21.74368007481098,84972.08389738947,10705,434943530180.0,2196
0,65318231.10087316,65395617.15093994,77386.05006678402,84986.4317811653,4,25.21972381323576,84972.08389738947,10706,434960732860.0,2196
3,70231998.16491765,70308787.23291016,76789.06799250841,84961.21205735207,4,-21.74368007481098,84972.08389738947,10707,434965646060.0,2196
2,73014305.7148287,73090770.29241943,76464.57759073377,84960.46893210709,4,-22.486805319786072,84972.08389738947,10708,434968428060.0,2196
0,22200989.380992588,22295658.488464355,94669.10747176781,97252.39839818329,1,,97252.39839818329,10727,435918584910.0,2197
1,10021485.804110909,10035107.700378418,13621.896267509088,14787.98904394731,2,-4.459614176303148,14790.21885103546,10760,436907331340.0,2198
3,77192208.3021208,77198018.72174072,5810.41961991787,14792.448658123612,2,4.459614176303148,14790.21885103546,10761,436974494660.0,2198
0,34819807.10738772,34828807.88543701,9000.77804929018,13052.385399594903,4,-13.596836313605309,13059.183817751706,10784,437933032150.0,2199
2,50036460.70438688,50043685.236694336,7224.5323074534535,13046.738368161023,4,-19.243867747485638,13059.183817751706,10785,437948247120.0,2199
0,71711562.07870696,71716303.26446533,4741.185758367181,13085.490800723433,4,33.1054011285305,13059.183817751706,10786,437969919870.0,2199
1,73210356.86045077,73214904.13897705,4547.27852627635,13065.982235908508,4,13.596836313605309,13059.183817751706,10787,437971418480.0,2199
0,29151842.64713852,29184089.718444824,32247.071306303144,35639.158447392285,4,3.54650104790926,35637.38519686833,10808,438928245460.0,2200
3,35617349.14917001,35648840.35235596,31491.20318594575,35635.611946344376,4,-3.54650104790926,35637.38519686833,10809,438934710250.0,2200
3,36312327.574952774,36343736.12084961,31408.545896835625,35633.82183979452,4,-5.336607597768307,35637.38519686833,10810,438935405150.0,2200
3,78010279.89605239,78036852.2368164,26572.340764015913,35649.56001602113,4,13.948069676756859,35637.38519686833,10811,438977098520.0,2200
3,59441615.13969132,59453597.954589844,11982.814898520708,18899.397867269814,1,,18899.397867269814,10835,439959521440.0,2201
2,8499280.065092038,8549024.946533203,49744.88144116476,50733.85146842152,2,-77.050388507545,50772.37666267529,10858,440909547580.0,2202
0,55934543.73048009,55978846.12963867,44302.39915858209,50810.901856929064,2,77.050388507545,50772.37666267529,10859,440956977690.0,2202
3,46229528.18528257,46350087.88153076,120559.69624818861,125938.93041852862,2,18.83872389048338,125929.51105658337,10885,441948263000.0,2203
1,49563784.69469685,49683937.580566406,120152.88586955518,125920.09169463813,2,-18.83872389048338,125929.51105658337,10886,441951596870.0,2203
1,13888676.854174744,13953141.815490723,64464.96131597832,66081.03762147948,2,-25.181560706347227,66093.62840183266,10908,442916855760.0,2204
2,64618415.67258303,64677002.94006348,58587.26748044789,66106.21918218583,2,25.181560706347227,66093.62840183266,10909,442967579930.0,2204
0,55960552.16104646,56039950.445739746,79398.28469328582,85909.81371363997,1,,85909.81371363997,10932,443959891000.0,2205
2,5012243.095716992,5058864.607910156,46621.51219316386,47204.73314282298,2,7.542586550116539,47200.96184954792,10980,445910822850.0,2207
2,52469933.827690884,52511025.6550293,41091.827338412404,47197.190556272864,2,-7.542586550116539,47200.96184954792,10981,445958275300.0,2207
0,34787212.38635056,34811720.55755615,24508.171205595136,28555.98585794121,2,52.84239176660776,28529.564662057906,11006,446941488990.0,2208
1,73603535.52934271,73623474.21911621,19938.689773499966,28503.143466174603,2,-52.84239176660776,28529.564662057906,11007,446980300980.0,2208
3,4905982.330376262,4930185.526611328,24203.19623506628,24774.05275959894,6,23.88006379827857,24762.1127276998,11029,447912539320.0,2209
2,8556164.042923953,8579943.301940918,23779.259016964585,24774.84802237898,6,24.675326578319073,24762.1127276998,11030,447916189100.0,2209
0,27288106.859007724,27309709.249816895,21602.3908091709,24777.615013740957,6,27.442317940294743,24762.1127276998,11031,447934918980.0,2209
1,41424133.08993238,41444063.1807251,19930.09079271555,24750.172695800662,6,-23.88006379827857,24762.1127276998,11032,447949053420.0,2209
2,46050643.61716545,46070035.01159668,19391.394431233406,24749.813723742962,6,-24.239035855978727,24762.1127276998,11033,447953679420.0,2209
3,75034906.53306061,75050908.53686523,16002.00380462408,24733.010782957077,6,-41.041976641863585,24762.1127276998,11034,447982660470.0,2209
1,62453901.17338324,62553407.702941895,99506.52955865115,106773.61993250251,1,,106773.61993250251,11065,448971085980.0,2210
0,28672404.157483183,28771540.311767578,99136.15428439528,102472.45431262627,1,,102472.45431262627,11098,449938254130.0,2211
1,55331466.78562664,55407403.00494385,75936.21931720525,82374.54842226207,1,,82374.54842226207,11122,450965842170.0,2212
1,46371064.22779901,46408404.921691895,37340.693892881274,42736.397093862295,1,,42736.397093862295,11172,452958855180.0,2214
2,51495197.16162082,51527142.443725586,31945.28210476786,37937.22567533702,3,-11.572153318673372,37937.22567533702,11195,453964958220.0,2215
1,58760773.32624533,58791868.20623779,31094.879992462695,37932.24070454389,3,-19.049609508365393,37937.22567533702,11196,453972222990.0,2215
2,77550532.17033023,77579473.80194092,28941.631610691547,37965.35495276749,3,30.621762827038765,37937.22567533702,11197,453991010710.0,2215
3,50119038.67741287,50212183.351745605,93144.67433273792,98976.48910613358,2,-3.979387477040291,98978.4787998721,11214,454964593220.0,2216
2,65279616.464422405,65371001.04437256,91384.57995015383,98980.46849361062,2,3.979387477040291,98978.4787998721,11215,454979752130.0,2216
3,11900020.978219897,11941332.960388184,41311.98216828704,42696.659926995635,2,8.57381609454751,42692.37301894836,11241,455927327400.0,2217
2,21308907.075865064,21349115.673095703,40208.59723063931,42688.08611090109,2,-8.57381609454751,42692.37301894836,11242,455936735240.0,2217
3,45173450.09067257,45182103.50097656,8653.410303995013,13909.75999776274,5,20.299868397414684,13890.171212151647,11269,456961509380.0,2218
1,65197069.11875959,65203371.58441162,6302.465652033687,13888.749046579003,5,-10.820354089140892,13890.171212151647,11270,456981530770.0,2218
0,72023311.6341325,72028840.02172852,5528.387596011162,13908.967589184642,5,19.507459819316864,13890.171212151647,11271,456988356280.0,2218
2,75195820.26513705,75200960.7055664,5140.440429359674,13890.171212151647,5,-8.687105730175972,13890.171212151647,11272,456991528420.0,2218
2,78617252.14456694,78621989.87371826,4737.729151323438,13885.575251311064,5,-13.99414935708046,13890.171212151647,11273,456994949470.0,2218
2,11091198.579327773,11175698.092834473,84499.51350669935,85790.07728119381,3,-97.76889343746006,85884.47897208482,11297,457928351870.0,2219
0,60189558.28401758,60268439.149902344,78880.86588476598,85884.47897208482,3,43.83364289905876,85884.47897208482,11298,457977444910.0,2219
0,68025865.66409741,68103841.43737793,77975.77328051627,85891.21337717772,3,53.935250538401306,85884.47897208482,11299,457985280360.0,2219
3,26560053.163116574,26681710.710754395,121657.54763782024,124748.0560455285,5,-15.730349909514189,124761.51163960993,11327,458944785160.0,2220
1,27401796.55304152,27523345.585754395,121549.03271287307,124737.48576729372,5,-26.300628144294024,124761.51163960993,11328,458945626800.0,2220
0,32181419.579054777,32302436.484191895,121016.90513711795,124761.51163960993,5,4.453041212633252,124761.51163960993,11329,458950405920.0,2220
2,41054953.51964624,41174942.45635986,119988.93671362102,124766.0611512661,5,11.277308696880937,124761.51163960993,11330,458959278480.0,2220
2,72589807.71272136,72706160.45172119,116352.7389998287,124799.23606339097,5,44.452220821753144,124761.51163960993,11331,458990809890.0,2220
3,10621414.930266941,10752248.17980957,130833.24954262935,132069.14963447675,3,7.5183324329555035,132069.14963447675,11350,459929876480.0,2221
0,38990969.62352897,39118505.44769287,127535.82416389883,132072.7849412784,3,12.971292635425925,132069.14963447675,11351,459958242910.0,2221
3,49158693.13216475,49285023.54016113,126330.40799638629,132050.4776628092,3,-20.48962506838143,132069.14963447675,11352,459968409490.0,2221
3,19966365.480123468,20002102.089294434,35736.60917096585,38059.880890671164,2,27.074031751602888,38046.34387479536,11369,460940185670.0,2222
1,44513079.33587641,44545932.63330078,32853.29742436856,38032.80685891956,2,-27.074031751602888,38046.34387479536,11370,460964729650.0,2222
0,38162015.10463943,38261041.78619385,99026.68155441433,103467.1857887879,1,,103467.1857887879,11393,461959397760.0,2223
1,23539262.09393159,23549263.70574951,10001.611817922443,12740.623180806637,4,16.06699351966381,12729.182314481586,11464,464947596210.0,2226
2,34744024.46484339,34752715.483947754,8691.019104361534,12733.8084416762,4,9.252254389226437,12729.182314481586,11465,464958799730.0,2226
3,67655573.50849405,67660415.09741211,4841.588918060064,12713.942089661956,4,-19.866352014243603,12729.182314481586,11466,464991707630.0,2226
0,69062988.09079441,69067676.52807617,4688.437281757593,12724.556187286973,4,-9.252254389226437,12729.182314481586,11467,464993114900.0,2226
1,7222897.396584753,7293910.416931152,71013.0203463994,71853.47141760308,4,-20.773448589257896,71870.29307959974,11519,466933252980.0,2228
2,42688955.39109479,42755854.47668457,66899.0855897814,71866.34129300714,4,-7.90357318520546,71870.29307959974,11520,466968715140.0,2228
3,58587710.65320421,58652767.67480469,65057.0216004774,71874.24486619234,4,7.90357318520546,71870.29307959974,11521,466984612150.0,2228
3,73752927.95012671,73816225.33917236,63297.38904565573,71879.22593142092,4,12.884638413786888,71870.29307959974,11522,466999775700.0,2228
0,14523063.189895898,14615632.934204102,92569.74430820346,94259.63734487817,2,-29.363171342760324,94274.31893054955,11544,467941491690.0,2229
1,46544264.82456362,46633137.96838379,88873.14382016659,94289.00051622093,2,29.363171342760324,94274.31893054955,11545,467973509390.0,2229
1,18294977.297676504,18429228.34918213,134251.05150562525,136379.8417158723,3,8.648466523736715,136371.35497915,11567,468946298540.0,2230
1,30398430.43984763,30531264.65563965,132834.21579201892,136371.35497915,3,-4.0816385596990585,136371.35497915,11568,468958400650.0,2230
2,70040172.08300109,70168393.29119873,128221.20819763839,136371.0315195471,3,-4.566827964037657,136371.35497915,11569,468998038020.0,2230
0,75466101.5679386,75596734.89837646,130633.33043786883,139414.51095585525,1,,139414.51095585525,11593,470004455530.0,2231
2,48352966.27512112,48384011.12969971,31044.854578584433,36671.170455783606,1,,36671.170455783606,11617,470978254560.0,2232
3,46597955.8408622,46613388.86541748,15433.024555280805,20855.128698818386,2,-22.349455438554287,20866.303426537663,11647,471977425190.0,2233
3,62479634.773920976,62493242.1673584,13607.393437422812,20877.47815425694,2,22.349455438554287,20866.303426537663,11648,471993305140.0,2233
3,220582.05529186883,322865.9135131836,102283.85822131476,102309.52498833073,3,-42.02790177351562,102332.61996193416,11667,472932040320.0,2234
3,15014460.29042795,15115045.838745117,100585.54831716791,102332.61996193416,3,-7.385441368358443,102332.61996193416,11668,472946832590.0,2234
0,61508159.31366664,61603372.75494385,95213.44127720594,102370.48581827432,3,49.413343141874066,102332.61996193416,11669,472993321200.0,2234
2,61976487.341155335,62023171.01837158,46683.677216246724,53895.21606490016,1,,53895.21606490016,11691,473994704280.0,2235
0,7530293.805482206,7585507.45123291,55213.64575070422,56089.86524376925,5,-13.911496319808066,56089.86524376925,11705,474941209340.0,2236
2,16642371.253572136,16696521.971069336,54150.717497199774,56087.21167390607,5,-17.0130888200365,56089.86524376925,11706,474950320410.0,2236
1,34866359.06662257,34918391.01171875,52031.94509617984,56088.96919849515,5,-15.255564230959862,56089.86524376925,11707,474968542390.0,2236
1,67552243.74435428,67600501.99884033,48258.25448605418,56118.58428168297,5,29.16706055076793,56089.86524376925,11708,475001224700.0,2236
0,76626490.82428645,76673726.7487793,47235.9244928509,56152.12705808878,5,62.70983695657924,56089.86524376925,11709,475010297980.0,2236
3,13558360.660733018,13680549.199707031,122188.53897401318,123766.17992824689,2,-67.84434669837356,123800.10210159607,11735,475948260530.0,2237
1,79962205.20959705,80076734.89001465,114529.6804175973,123834.02427494526,2,67.84434669837356,123800.10210159607,11736,476014657120.0,2237
1,70853615.37278825,70887291.34008789,33675.96729964018,41920.44228926301,1,,41920.44228926301,11751,477006484660.0,2238
1,15810577.463811893,15918697.249206543,108119.78539464995,109959.4926528614,2,-13.659144116565585,109966.32222491968,11780,477952418850.0,2239
2,16963260.911701187,17071260.23083496,107999.31913377345,109973.15179697797,2,13.659144116565585,109966.32222491968,11781,477953571420.0,2239
3,28878647.035490543,29014336.15032959,135689.1148390472,139049.41313808784,3,15.338367190212011,139041.1774996221,11800,478966506520.0,2240
3,44107154.52826384,44241063.42944336,133908.90117952228,139041.1774996221,3,2.9849094916135073,139041.1774996221,11801,478981733340.0,2240
3,66731233.50516647,66862495.67956543,131262.17439895868,139026.97204217315,3,-18.32327668182552,139041.1774996221,11802,479004354910.0,2240
1,18634734.44255584,18774721.037353516,139986.59479767457,142154.91890141368,3,-4.24399046972394,142154.91890141368,11834,479957276970.0,2241
0,34477820.552855924,34615984.574279785,138164.02142386138,142175.83546819538,3,27.130859702825546,142154.91890141368,11835,479973118330.0,2241
3,77263671.9208886,77396824.06671143,133152.14582282305,142142.49031557143,3,-22.886869233101606,142154.91890141368,11836,480015899430.0,2241
3,10225983.899564743,10412088.391845703,186104.49228096008,187294.3803065829,2,52.32344778999686,187268.2185826879,11852,480949941310.0,2242
1,67874433.1540189,68053777.39135742,179344.23733852804,187242.0568587929,2,-52.32344778999686,187268.2185826879,11853,481007583350.0,2242
0,7813802.562997625,7918587.567565918,104785.00456829276,105694.2129335329,1,,105694.2129335329,11880,481948547010.0,2243
2,12122607.01958891,12214940.214355469,92333.1947665587,93743.77247464284,2,13.744503315538168,93736.90022298507,11898,482953808460.0,2244
2,33564995.229747206,33654819.65936279,89824.429615587,93730.0279713273,2,-13.744503315538168,93736.90022298507,11899,482975248470.0,2244
3,16611085.564959306,16696211.735046387,85126.17008708045,87059.02388388664,2,23.991627275943756,87047.02807024866,11928,483959254830.0,2245
1,50763595.57547282,50844723.792785645,81128.2173128277,87035.03225661069,2,-23.991627275943756,87047.02807024866,11929,483993403550.0,2245
2,15903535.979022127,16059972.539733887,156436.56071176007,158287.08455497772,4,11.80538671463728,158279.5683223456,11958,484959563690.0,2246
3,33804433.14924732,33958783.54754639,154350.3982990682,158283.85747642815,4,8.578308165073395,158279.5683223456,11959,484977462610.0,2246
2,34226268.24361992,34380560.97918701,154292.7355670929,158275.27916826308,4,-8.578308165073395,158279.5683223456,11960,484977884390.0,2246
2,64691901.01167955,64842635.48492432,150734.4732447639,158261.97564694285,4,-21.881829485297203,158279.5683223456,11961,485008346650.0,2246
0,78438957.5531911,78482607.49511719,43649.94192609191,52777.04179751873,1,,52777.04179751873,12006,487024006960.0,2248
1,11778857.905102959,11851990.139404297,73132.23430133797,74502.81361326016,1,,74502.81361326016,12030,487958324880.0,2249
3,2478228.0110522546,2580315.8508911133,102087.8398388587,102376.204642097,2,-20.708827865775675,102386.55905602989,12048,488949945260.0,2250
0,50150554.15942535,50247115.59100342,96561.43157806993,102396.91346996278,2,20.708827865775675,102386.55905602989,12049,488997612350.0,2250
0,28508176.140159655,28543641.08178711,35464.94162745401,38782.13220341131,3,3.0796303153038025,38779.63597801328,12098,490977885990.0,2252
0,35726045.72221178,35760667.134765625,34621.412553846836,38778.46916817874,3,-2.414922533556819,38779.63597801328,12099,490985103060.0,2252
3,76868231.33004068,76898066.63470459,29835.304663911462,38779.63597801328,3,-0.6647077817469835,38779.63597801328,12100,491026240710.0,2252
2,37972923.00493942,38161650.79437256,188727.78943313658,193146.29104875028,3,-17.93052015826106,193164.08754261583,12141,492989325400.0,2254
3,54823743.35885261,55010528.195617676,186784.8367650658,193164.08754261583,3,8.764220640063286,193164.08754261583,12142,493006174380.0,2254
3,70962262.69547758,71147169.93395996,184907.23848238587,193164.35559520125,3,9.166299518197775,193164.08754261583,12143,493022311120.0,2254
1,43004186.27316867,43110330.81726074,106144.54409207404,111148.47983074188,2,-16.339630782604218,111156.64964613318,12168,493995346190.0,2255
0,55274292.96582629,55379026.10888672,104733.14306043088,111164.81946152449,2,16.339630782604218,111156.64964613318,12169,494007614960.0,2255
1,3560303.502799692,3579467.8037719727,19164.30097228056,19578.575290250592,5,-10.903105807490647,19583.153368219733,12217,495957638220.0,2257
3,18094781.65069429,18112259.30847168,17477.657777391374,19583.153368219733,5,-4.939043659716845,19583.153368219733,12218,495972171100.0,2257
0,21968713.15730165,21985755.72137451,17042.564072862267,19598.82750736177,5,17.060123320668936,19583.153368219733,12219,495976044620.0,2257
0,39932097.01500499,39947046.34875488,14949.333749890327,19595.803423896432,5,14.036039855331182,19583.153368219733,12220,495994006020.0,2257
3,40572153.01650571,40587012.45178223,14859.435276515782,19580.38139986247,5,-9.096996195614338,19583.153368219733,12221,495994645990.0,2257
2,29572650.706601493,29592756.665222168,20105.958620674908,23547.01068053767,2,9.434843447059393,23542.29325881414,12244,496984541730.0,2258
2,77381212.02152477,77395745.57598877,14533.554463997483,23537.57583709061,2,-9.434843447059393,23542.29325881414,12245,497032345010.0,2258
0,1290983.1787134963,1312993.8368530273,22010.658139531035,22160.876000298187,2,5.945092850364745,22157.903453873005,12268,497957201010.0,2259
0,7705426.448508393,7726684.781616211,21258.333107817918,22154.930907447822,2,-5.945092850364745,22157.903453873005,12269,497963614740.0,2259
0,5298725.005581366,5378448.255981445,79723.25040007941,80339.80617575161,2,23.732556937262416,80327.93989728298,12291,498962171400.0,2260
3,59481963.55796117,59555358.35369873,73394.79573755711,80316.07361881435,2,-23.732556937262416,80327.93989728298,12292,499016348640.0,2260
3,7248108.265823212,7276571.468994141,28463.203170928173,29306.587760482915,2,16.77701532561332,29298.199252820108,12322,499965040750.0,2261
1,33065651.959660556,33091094.275268555,25442.31560799852,29289.8107451573,2,-16.77701532561332,29298.199252820108,12323,499990855430.0,2261
3,24250084.95777805,24333452.881591797,83367.92381374538,86189.64600644633,3,15.233015477657318,86181.42221917957,12349,500982985750.0,2262
2,41759603.96729137,41840926.27246094,81322.30516956747,86181.42221917957,3,2.8973345775157213,86181.42221917957,12350,501000493330.0,2262
1,48759069.821300216,48839563.65527344,80493.83397322148,86167.40376275778,3,-18.13035005517304,86181.42221917957,12351,501007492010.0,2262
3,3911737.2787697585,3960601.632446289,48864.35367653053,49319.52057226468,2,25.386461407877505,49306.82734156074,12377,501963596790.0,2263
1,26672362.4938592,26718553.051330566,46190.55747136474,49294.1341108568,2,-25.386461407877505,49306.82734156074,12378,501986354880.0,2263
1,16418440.492899066,16529106.557250977,110666.06435191073,112576.50210868567,6,-3.7209067828953266,112578.36256207712,12405,502977023690.0,2264
1,16685446.21485086,16796084.931518555,110638.71666769497,112580.22301546857,6,3.7209067828953266,112578.36256207712,12406,502977290670.0,2264
2,17480444.782148764,17591000.091003418,110555.30885465443,112589.32065568492,6,12.818546999245882,112578.36256207712,12407,502978085590.0,2264
3,46729486.5898222,46836632.00402832,107145.41420611739,112582.82317163795,6,6.3210629522800446,112578.36256207712,12408,503007331400.0,2264
1,60995674.28713598,61101145.14239502,105470.85525903851,112568.26741633564,6,-11.955599132925272,112578.36256207712,12409,503021596000.0,2264
3,67561430.0732031,67666145.16583252,104715.09262941778,112576.49133956432,6,-3.7316759042441845,112578.36256207712,12410,503028161040.0,2264
3,61203063.85550508,61267650.92633057,64587.070825487375,71708.61468164623,3,4.443583350628614,71708.61468164623,12430,504022729370.0,2265
0,64886538.69418446,64950708.49890137,64169.80471690744,71719.95501781255,3,21.45408760011196,71708.61468164623,12431,504026412450.0,2265
2,78998076.35032743,79060572.57897949,62496.22865206003,71688.38717877865,3,-25.897670950740576,71708.61468164623,12432,504040522400.0,2265
1,1405926.7810351192,1513555.8903198242,107629.10928470502,107792.70189917483,3,1.379643021384254,107792.11436948925,12456,504963892110.0,2266
1,14215161.43514542,14321297.899475098,106136.46432967857,107790.53014281765,3,-1.8779915143968537,107792.11436948925,12457,504976699930.0,2266
2,46808253.91168636,46910599.45178223,102345.54009586573,107792.11436948925,3,0.49834849301259965,107792.11436948925,12458,505009289430.0,2266
3,38332403.80173287,38405797.52648926,73393.72475638986,77854.05529524386,1,,77854.05529524386,12538,508003702830.0,2269
3,15123794.12705754,15219255.616699219,95461.48964167945,97221.28329190612,4,23.83251391351223,97201.30145276524,12562,508981466370.0,2270
1,19532266.383284464,19627198.775146484,94932.3918620199,97205.15212753788,4,7.7013495452702045,97201.30145276524,12563,508985874340.0,2270
1,33807428.2157288,33900691.85882568,93263.64309688658,97197.4507779926,4,-7.7013495452702045,97201.30145276524,12564,509000147920.0,2270
0,76632690.80054353,76720971.11108398,88280.3105404526,97197.23453040421,4,-7.917597133666277,97201.30145276524,12565,509042968460.0,2270
3,5748981.372239621,5858037.563232422,109056.19099280052,109725.1382707879,4,11.151548512279987,109715.90403230395,12589,509973048150.0,2271
1,8938740.426000696,9047418.142028809,108677.71602811292,109717.82134233229,4,3.8346200566738844,109715.90403230395,12590,509976237550.0,2271
3,34778123.585610434,34883790.81524658,105667.22963614762,109713.98672227561,4,-3.8346200566738844,109715.90403230395,12591,510002074080.0,2271
3,40664309.68576121,40769284.976379395,104975.29061818123,109706.96002432704,4,-10.861318005248904,109715.90403230395,12592,510007959610.0,2271
0,58377297.60497038,58516561.56921387,139263.96424348652,146056.70400042832,2,17.901601761579514,146047.75319954753,12615,511026696130.0,2272
1,67493140.7164349,67631326.06622314,138185.34978824854,146038.80239866674,2,-17.901601761579514,146047.75319954753,12616,511035810950.0,2272
2,24077506.59705627,24175063.057373047,97556.46031677723,100358.10141734034,1,,100358.10141734034,12646,511993391430.0,2273
1,59888636.04591736,59991793.570617676,103157.5247003138,110126.12269555777,2,-0.8325100913643837,110126.53895060346,12669,513030205450.0,2274
2,67572942.56672022,67675206.78363037,102264.21691015363,110126.95520564914,2,0.8325100913643837,110126.53895060346,12670,513037888910.0,2274
0,20716170.910426296,20785133.000976562,68962.0905502662,71372.60908278078,1,,71372.60908278078,12693,513991983590.0,2275
2,40764739.78238985,40792068.04748535,27328.265095502138,32071.620474420488,1,,32071.620474420488,12718,515012944710.0,2276
2,4912431.869434562,4958943.3732299805,46511.50379541889,47083.11078361049,4,10.588160578161478,47075.22835317906,12740,515978024470.0,2277
2,14096099.734950567,14141537.45715332,45437.72220275365,47077.93408332579,4,5.411460293456912,47075.22835317906,12741,515987207120.0,2277
1,39156792.299699396,39199284.8717041,42492.57200470567,47048.827787704766,4,-29.106295621022582,47075.22835317906,12742,516012265020.0,2277
0,42944776.30813782,42986851.80792236,42075.49978454411,47072.52262303233,4,-5.411460293456912,47075.22835317906,12743,516016052610.0,2277
1,64340848.64186974,64421399.15234375,80550.5104740113,88037.16467856616,1,,88037.16467856616,12799,518039376470.0,2279
2,13553012.657052387,13657660.99987793,104648.34282554314,106225.36148997024,2,14.128628846257925,106218.29717554711,12825,518989590550.0,2280
2,64145755.67926992,64244502.95880127,98747.27953135222,106211.23286112398,2,-14.128628846257925,106218.29717554711,12826,519040177700.0,2280
1,2708645.933302178,2733762.321838379,25116.38853620086,25431.56460075779,1,,25431.56460075779,12852,519979632680.0,2281
3,2700977.862471248,2791491.7481689453,90513.88569769729,90828.16951112729,2,28.233763854019344,90814.05262920028,12915,522982363670.0,2284
1,22410849.516294733,22499041.74194336,88192.22564862669,90799.93574727327,2,-28.233763854019344,90814.05262920028,12916,523002071340.0,2284
1,23134340.287103407,23245786.198364258,111445.91126085073,114137.80621772632,4,7.588597301393747,114134.01191907562,12940,524003751160.0,2285
0,27352575.88953833,27463540.51501465,110964.62547631934,114147.35125024617,4,17.133629821240902,114134.01191907562,12941,524007968940.0,2285
1,39766751.94224802,39876254.929626465,109502.98737844825,114130.21762042493,4,-7.588597301393747,114134.01191907562,12942,524020381730.0,2285
3,52741843.200989015,52849835.92889404,107992.72790502757,114129.73029917479,4,-8.075918551534414,114134.01191907562,12943,524033355390.0,2285
2,71093565.2043713,71211230.71514893,117665.51077762246,125937.90615457296,2,5.236777886748314,125935.28776562959,12970,525052717040.0,2286
1,74492735.26974785,74610000.01879883,117264.74905097485,125932.66937668622,2,-5.236777886748314,125935.28776562959,12971,525056115830.0,2286
3,15025841.014900051,15065246.663330078,39405.64843002707,41154.044327590615,4,-3.782997038215399,41155.93582610972,13019,526998428920.0,2288
0,35690911.11752934,35727920.84106445,37009.72353511304,41162.6919124797,4,8.6475848890841,41155.93582610972,13020,527019091720.0,2288
3,38424387.404296115,38461074.19793701,36686.79364089668,41157.82732462883,4,3.782997038215399,41155.93582610972,13021,527021824890.0,2288
0,58039346.57162595,58073744.769470215,34398.19784426689,41151.61386553943,4,-6.213459089398384,41155.93582610972,13022,527041437680.0,2288
1,24945197.81540207,24982579.36102295,37381.54562088102,40284.15063853562,4,-7.571748793125153,40287.93651293218,13051,528009265560.0,2289
2,30398405.09973838,30435166.158325195,36761.05858681351,40298.19482538849,4,14.044186852872372,40287.93651293218,13052,528014718180.0,2289
3,43823631.980387114,43858824.41693115,35192.436544038355,40291.722387328744,4,7.571748793125153,40287.93651293218,13053,528028141920.0,2289
3,57603063.36458181,57636640.51898193,33577.154400125146,40279.80482573807,4,-11.91756159067154,40287.93651293218,13054,528041919820.0,2289
0,13989418.855655365,14044515.024902344,55096.16924697906,56723.96781827137,2,47.11166178807616,56700.41198737733,13072,528999251540.0,2290
2,76084523.23371167,76132346.95025635,47823.71654467285,56676.85615648329,2,-47.11166178807616,56700.41198737733,13073,529061339750.0,2290
1,6274523.09803267,6305159.199829102,30636.101796431467,31366.200726194307,5,-2.1583188641816378,31366.200726194307,13099,529992438040.0,2291
0,23383325.611583266,23411985.030395508,28659.418812241405,31380.285519812256,5,18.869442048482597,31366.200726194307,13100,530009544970.0,2291
0,26325480.243651345,26353797.116638184,28316.87298683822,31380.086660783738,5,18.670583019964397,31366.200726194307,13101,530012486800.0,2291
1,27102659.399070762,27130862.38482666,28202.98575589806,31356.63142933324,5,-16.51226415578276,31366.200726194307,13102,530013263870.0,2291
2,79761552.86592679,79783601.76379395,22048.897867158055,31329.893964201212,5,-43.249729287810624,31366.200726194307,13103,530065916930.0,2291
1,50604990.09025392,50665313.271118164,60323.1808642447,66211.54058948904,2,2.0678204372525215,66210.50667927042,13152,532038633630.0,2293
1,53674040.58421031,53734004.58477783,59964.000567525625,66209.47276905179,2,-2.0678204372525215,66210.50667927042,13153,532041702340.0,2293
3,70553265.42197227,70672002.5748291,118737.15285682678,126946.67934530973,2,0.1314961463212967,126946.61359723657,13182,533059552520.0,2294
0,71059451.3709259,71178129.49285889,118678.1219329834,126946.54784916341,2,-0.1314961463212967,126946.61359723657,13183,533060058650.0,2294
0,16620110.380221585,16724252.393615723,104142.01339413784,106075.91731186211,2,8.495457738637924,106071.66958299279,13227,535007584760.0,2296
0,56764465.61900484,56863927.969055176,99462.35005033761,106067.42185412347,2,-8.495457738637924,106071.66958299279,13228,535047724680.0,2296
2,34362512.007136844,34448179.07409668,85667.06695983559,89665.46378592402,2,-4.773008868098259,89667.85029035807,13253,536026306890.0,2297
3,54836324.89428184,54919614.4163208,83289.52203895897,89670.23679479212,2,4.773008868098259,89667.85029035807,13254,536046778450.0,2297
3,71470358.09544739,71470052.99053955,-305.10490784049034,8011.133815005422,1,,8011.133815005422,13301,538065302140.0,2299
2,17422969.295714863,17544438.682617188,121469.38690232486,123496.71089768782,2,-14.841557677835226,123504.13167652674,13328,539012257300.0,2300
2,78951359.22820657,79065684.05810547,114324.82989889383,123511.55245536566,2,14.841557677835226,123504.13167652674,13329,539073778920.0,2300
0,26790932.885168828,26818418.80529785,27485.920129023492,30603.293532740325,2,16.381399024277925,30595.102833228186,13349,540022531480.0,2301
2,62424708.62547173,62448031.844055176,23323.21858344227,30586.912133716047,2,-16.381399024277925,30595.102833228186,13350,540058161310.0,2301
2,41259068.754239336,41297959.37414551,38890.619906172156,43691.495043590665,2,34.63387177139521,43674.17810770497,13396,542039085380.0,2303
2,56091178.93444015,56128309.06695557,37130.13251541555,43656.86117181927,2,-34.63387177139521,43674.17810770497,13397,542053915820.0,2303
0,23996845.878322903,24115075.169433594,118229.29111069068,121021.54658887163,1,,121021.54658887163,13420,543022809350.0,2304
1,36800397.263675034,36880030.27746582,79633.01379078627,83915.08116663247,1,,83915.08116663247,13450,544036534590.0,2305
2,5775086.970082694,5805358.560302734,30271.59022004064,30943.5751263462,1,,30943.5751263462,13464,545006383840.0,2306
2,29979028.181867972,30087849.78503418,108821.60316620767,112309.94101259857,1,,112309.94101259857,13484,546031585470.0,2307
3,31115855.730592497,31148772.21923828,32916.48864578456,36537.1069163084,1,,36537.1069163084,13508,547033597390.0,2308
2,26914531.368614078,26944760.93786621,30229.56925213337,33361.324485205114,3,14.910606941208243,33348.15643151477,13536,548030307480.0,2309
1,27919135.315072864,27949234.821289062,30099.506216198206,33348.15643151477,3,-4.8414735943078995,33348.15643151477,13537,548031311960.0,2309
1,53016816.337240696,53043992.01049805,27175.67325735092,33344.67132501304,3,-10.069133346900344,33348.15643151477,13538,548056406870.0,2309
3,73241035.33454798,73312745.59521484,71710.26066686213,80232.5341013521,2,9.371565118432045,80227.84831879288,13561,549077608050.0,2310
2,78747241.8790207,78818302.06994629,71060.19092558324,80223.16253623366,2,-9.371565118432045,80227.84831879288,13562,549083113640.0,2310
1,16374633.002558049,16409200.83178711,34567.82922906056,36473.16957822256,3,-2.1170756723731756,36473.16957822256,13589,550021682030.0,2311
0,40276159.96631932,40307965.30371094,31805.337391614914,36491.84197960049,3,25.89152639452368,36473.16957822256,13590,550045580940.0,2311
1,67555371.17294404,67583969.21057129,28598.037627249956,36458.73132818937,3,-23.774450722150505,36473.16957822256,13591,550072857110.0,2311
0,4610465.5728824,4640273.261962891,29807.68908049073,30344.159490732476,5,23.32204039208591,30323.78433502093,13614,551010885270.0,2312
1,5154501.833213933,5184219.949707031,29718.116493098438,30317.89056565985,5,-11.929219080135226,30323.78433502093,13615,551011429220.0,2312
3,23296404.387373116,23324029.489990234,27625.102617118508,30335.855234459043,5,15.017784118652344,30323.78433502093,13616,551029569140.0,2312
1,25660857.188035086,25688195.09375,27337.905714914203,30323.78433502093,5,-3.0885650385171175,30323.78433502093,13617,551031933320.0,2312
1,78545706.48366997,78566873.09692383,21166.613253861666,30306.134352952242,5,-23.685431787744164,30323.78433502093,13618,551084812320.0,2312
0,48221215.13657276,48244606.02770996,23390.891137197614,29001.876548044384,2,22.231812089681625,28990.760641999543,13658,553056309930.0,2314
3,55202397.18789753,55224953.521972656,22556.33407512307,28979.644735954702,2,-22.231812089681625,28990.760641999543,13659,553063290320.0,2314
1,39565337.41116029,39661553.3137207,96215.90256041288,100819.69635450095,2,-17.496314018964767,100828.44451151043,13678,554048657080.0,2315
0,63476176.57792945,63569627.729003906,93451.15107445419,100837.19266851991,2,17.496314018964767,100828.44451151043,13679,554072565300.0,2315
0,23025258.055021413,23056873.78112793,31615.726106517017,34294.92833445221,3,12.962042026221752,34288.35985355824,13722,556034025450.0,2317
2,40783755.65132612,40813285.65600586,29530.004679739475,34275.57273129374,3,-16.0713627114892,34288.35985355824,13723,556051781970.0,2317
0,58155478.45493111,58182999.88574219,27521.430811077356,34288.35985355824,3,3.1093206852674484,34288.35985355824,13724,556069151790.0,2317
3,19703455.68120026,19804938.970336914,101483.28913665563,103775.96886397898,2,3.434641368687153,103774.25154329464,13750,557031643590.0,2318
3,55008402.21455513,55105774.01123047,97371.79667533934,103772.5342226103,2,-3.434641368687153,103774.25154329464,13751,557066944640.0,2318
2,48615124.52068636,48680722.0534668,65597.53278043866,71254.35319982469,1,,71254.35319982469,13776,558061466700.0,2319
2,54209171.14317619,54390734.19018555,181563.04700935632,187870.78661228716,2,19.242729984223843,187861.16524729505,13802,559068125690.0,2320
1,62519926.81829874,62700503.58911133,180576.77081258595,187851.54388230294,2,-19.242729984223843,187861.16524729505,13803,559076435510.0,2320
3,24800316.223106407,24896953.99987793,96637.77677152306,99523.52347280458,4,20.37712775543332,99509.33571673557,13826,560039694850.0,2321
1,40063669.69992511,40158511.06689453,94841.3669694215,99503.14634504914,4,-12.37874337285757,99509.33571673557,13827,560054956500.0,2321
0,59166573.81037544,59259204.756103516,92630.94572807848,99515.525088422,4,12.37874337285757,99509.33571673557,13828,560074057310.0,2321
1,62752589.5697907,62844782.92224121,92193.35245051235,99495.19798824191,4,-20.327100180089474,99509.33571673557,13829,560077642910.0,2321
3,73118601.55797902,73130208.84997559,11607.291996568441,20115.31912614405,1,,20115.31912614405,13852,561088934430.0,2322
1,22636236.819434017,22737497.00402832,101260.18459430337,103894.12059509754,1,,103894.12059509754,13874,562039426610.0,2323
3,24081262.398555335,24120025.094848633,38762.696293298155,41564.77441618219,3,9.93360297754407,41555.3977137357,13898,563041823370.0,2324
3,49813780.429934934,49849538.41870117,35757.98876623809,41554.28391267359,3,-5.802152285352349,41555.3977137357,13899,563067553040.0,2324
0,69519532.28184077,69552998.4375,33466.15565922856,41555.3977137357,3,-4.13145069219172,41555.3977137357,13900,563087256620.0,2324
1,2909705.6304620765,2969681.9725341797,59976.34207210317,60314.91329632746,2,1.3133708988316357,60314.256610878045,13975,566028879120.0,2327
0,49083078.51063427,49137680.83935547,54602.32872119546,60313.59992542863,2,-1.3133708988316357,60314.256610878045,13976,566075047400.0,2327
1,24581371.5352753,24712761.158203125,131389.6229278259,134249.89338497445,4,14.893701788038015,134242.44653408043,14103,571071944940.0,2332
2,40566945.7773675,40696483.82763672,129538.0502692163,134258.3904820159,4,23.390798829495907,134242.44653408043,14104,571087928760.0,2332
1,61064829.841679856,61191959.02355957,127129.18187971413,134234.64092688262,4,-15.252458091825247,134242.44653408043,14105,571108424360.0,2332
2,74578659.66141783,74704216.74267578,125557.08125795424,134234.9996831864,4,-14.893701788038015,134242.44653408043,14106,571121936700.0,2332
0,841971.8573137303,888411.7083740234,46439.85106029315,46537.82229130319,3,-42.12580141075887,46565.21411579847,14174,574051828720.0,2335
0,40665085.78509866,40706919.23950195,41833.45440329611,46565.21411579847,3,-1.0380646678386256,46565.21411579847,14175,574091647470.0,2335
3,70509837.31642473,70548227.52526855,38390.20884382725,46594.68206962943,3,43.16386607859749,46565.21411579847,14176,574121488960.0,2335
3,463011.78877898,504483.33044433594,41471.541665355966,41525.41737928253,2,18.44490839925129,41516.194925082906,14202,575052331780.0,2336
3,29966203.569279935,30004223.696166992,38020.12688705698,41506.97247088328,2,-18.44490839925129,41516.194925082906,14203,575081831700.0,2336
3,18406030.28212405,18439695.193481445,33664.91135739535,35806.62361188978,2,8.85342025756836,35802.196901760995,14232,576071188140.0,2337
3,34390351.73677262,34422147.87072754,31796.133954919875,35797.77019163221,2,-8.85342025756836,35802.196901760995,14233,576087170690.0,2337
0,51499424.66359378,51569618.80969238,70194.14609860629,76186.58157821745,2,18.64516445249319,76177.2589959912,14255,577105193480.0,2338
2,75129629.02636474,75197054.93395996,67425.90759521723,76167.93641376495,2,-18.64516445249319,76177.2589959912,14256,577128821060.0,2338
3,1041536.1243412758,1096378.3582763672,54842.23393509141,54963.42631860962,3,40.24814157560468,54960.29181569349,14282,578055785100.0,2339
3,6322921.640515387,6377146.201782227,54224.561266839504,54960.29181569349,3,35.546387201407924,54960.29181569349,14283,578061065900.0,2339
3,79376501.53229572,79422151.4050293,45649.872733578086,54886.06453837454,3,-75.7945287770126,54960.29181569349,14284,578134111350.0,2339
3,30069504.827986144,30104642.90270996,35138.07472381741,38636.940366737545,2,25.60359212011099,38624.13857067749,14313,579085696660.0,2340
3,72488367.986353,72518544.6295166,30176.643163606524,38611.33677461743,2,-25.60359212011099,38624.13857067749,14314,579128110820.0,2340
1,2451508.487610022,2474362.1755371094,22853.687927087303,23138.943666072562,6,13.811957718804479,23127.40520389378,14342,580058996210.0,2341
0,5225753.246971251,5248305.284057617,22552.037086365744,23160.10192144662,6,34.97021309286356,23127.40520389378,14343,580061770170.0,2341
3,41556119.84262887,41574414.08154297,18294.238914102316,23129.678699433804,6,4.5469910800457,23127.40520389378,14344,580098096500.0,2341
1,48431828.78379891,48449312.21789551,17483.434096597135,23118.926357768476,6,-10.752341665327549,23127.40520389378,14345,580104971440.0,2341
3,66765757.659155264,66781110.58911133,15352.929956063628,23121.744804643095,6,-7.933894790709019,23127.40520389378,14346,580123303350.0,2341
3,72143327.2602614,72158057.8470459,14730.586784496903,23125.131708353758,6,-4.5469910800457,23127.40520389378,14347,580128680330.0,2341
2,64192847.33671237,64217617.580078125,24770.243365757167,32239.676246427,2,2.952990747988224,32238.199751053005,14369,581121610960.0,2342
0,77115055.22967449,77138318.90136719,23263.671692699194,32236.72325567901,2,-2.952990747988224,32238.199751053005,14370,581134531740.0,2342
2,49093119.32849963,49116058.29382324,22938.965323612094,28651.40487008542,2,16.68752846866846,28643.061105851084,14417,583111865520.0,2344
1,74697919.47357616,74717862.39550781,19942.921931654215,28634.71734161675,2,-16.68752846866846,28643.061105851084,14418,583137467480.0,2344
1,32150818.2424146,32193212.755004883,42394.512590281665,46135.558343566954,2,-13.708998441696167,46142.4128427878,14438,584095808570.0,2345
0,61482038.90544996,61521034.16760254,38995.26215258241,46149.26734200865,2,13.708998441696167,46142.4128427878,14439,584125136570.0,2345
1,31583.48185845757,67291.41430664062,35707.932448183055,35711.607479088634,3,13.543893288515392,35704.22705270909,14462,585064610660.0,2346
2,8704677.249896776,8739368.607055664,34691.35715888813,35704.22705270909,3,2.4732537191957817,35704.22705270909,14463,585073282790.0,2346
3,29131532.058926463,29163834.235229492,32302.17630302906,35691.90011889115,3,-16.017147007711174,35704.22705270909,14464,585093707380.0,2346
1,75785976.58669347,75804671.52575684,18694.939063370228,27513.340005159378,2,-15.786653637886047,27521.23333197832,14492,586141232420.0,2347
2,76969841.34542745,76988414.31750488,18572.972077429295,27529.126658797264,2,15.786653637886047,27521.23333197832,14493,586142416170.0,2347
1,15063577.743516086,15107386.239379883,43808.49586379714,45561.282779568806,4,7.286408672109246,45554.97292784229,14521,587081450940.0,2348
1,32184895.1445906,32226701.993774414,41806.84918381274,45551.86010057479,4,-4.089384213089943,45554.97292784229,14522,587098570360.0,2348
3,56612346.63877328,56651313.263793945,38966.62502066791,45553.9963708967,4,-1.95311389118433,45554.97292784229,14523,587122995120.0,2348
3,60256676.54814181,60295221.07470703,38544.52656522393,45555.94948478788,4,1.95311389118433,45554.97292784229,14524,587126639050.0,2348
3,70862932.37908281,70916143.63452148,53211.255438670516,61456.81454834342,1,,61456.81454834342,14539,588138155220.0,2349
2,38858420.17715058,38917567.4029541,59147.225803524256,63668.7632240355,1,,63668.7632240355,14564,589107103600.0,2350
1,18580993.593240723,18582698.299804688,1704.7065639644861,3866.7774216867983,2,-9.948757078498602,3871.7518002260476,14582,590087690670.0,2351
0,77766940.11585602,77761767.93762207,-5172.17823395133,3876.726178765297,2,9.948757078498602,3871.7518002260476,14583,590146870100.0,2351
2,46236685.95951204,46252409.14807129,15723.188559249043,21103.25560297817,1,,21103.25560297817,14604,591116238580.0,2352
1,7236190.552529385,7259494.049926758,23303.4973973725,24145.495250503533,2,2.080980504862964,24144.4547602511,14625,592078103490.0,2353
2,73726344.54460005,73741909.21520996,15564.670609906316,24143.41426999867,2,-2.080980504862964,24144.4547602511,14627,592144586310.0,2353
1,23643468.198157806,23664795.392822266,21327.194664459676,24078.331373602152,2,1.8239731639623642,24077.41938702017,14646,593095403050.0,2354
1,58624737.4286928,58641992.404418945,17254.975726142526,24076.50740043819,2,-1.8239731639623642,24077.41938702017,14647,593130380460.0,2354
2,22900640.48687741,22937743.274291992,37102.78741458058,39767.48923321068,4,14.625275623053312,39760.176595399156,14673,594095535080.0,2355
2,23202653.402201906,23239721.435424805,37068.03322289884,39767.87704400346,4,15.013086415827274,39760.176595399156,14674,594095837060.0,2355
2,28640718.074174352,28677138.325073242,36420.2508988902,39752.86395758763,4,-14.625275623053312,39760.176595399156,14675,594101274510.0,2355
1,52309935.105206534,52343594.21166992,33659.10646338761,39745.852346636355,4,-21.636886574327946,39760.176595399156,14676,594124941110.0,2355
1,75871558.98010278,75880341.85595703,8782.875854253769,17611.235100895166,1,,17611.235100895166,14703,595149416960.0,2356
0,21337035.718361698,21372917.139282227,35881.42092052847,38364.18282910809,2,28.46156682446599,38349.952045695856,14718,596095782370.0,2357
1,23783994.007650178,23819562.240722656,35568.233072478324,38335.72126228362,2,-28.46156682446599,38349.952045695856,14719,596098229030.0,2357
1,36816363.18327601,36881848.99243164,65485.809155628085,69769.73431422561,2,-12.690094776451588,69776.07936161384,14766,598113110690.0,2359
0,67288060.62629133,67350013.46105957,61952.83476823568,69782.42440900207,2,12.690094776451588,69776.07936161384,14767,598143579040.0,2359
0,46148101.1693857,46113821.561035156,-34279.60835054517,-28909.8489683643,2,17.568665266036987,-28918.633300997317,14786,599123311630.0,2360
1,53853378.403937384,53818184.646484375,-35193.757453009486,-28927.417633630335,2,-17.568665266036987,-28918.633300997317,14787,599131016040.0,2360
3,21081573.383005057,21105595.389526367,24022.006521310657,26475.043018933386,2,-13.297274366021156,26481.691656116396,14806,600099147490.0,2361
0,21984369.637495935,22008299.892578125,23930.255082190037,26488.340293299407,2,13.297274366021156,26481.691656116396,14807,600100050200.0,2361
2,2904338.9628607305,3017688.6520996094,113349.6892388789,113687.63600157667,2,3.5996995298191905,113685.83615181176,14836,601081973600.0,2362
1,11016157.057902798,11128559.262207031,112402.2043042332,113684.03630204685,2,-3.5996995298191905,113685.83615181176,14837,601090084520.0,2362
3,14980526.825373925,15067518.708496094,86991.88312216848,88735.00629369915,1,,88735.00629369915,14884,603096312560.0,2364
3,24436757.632950865,24464981.868530273,28224.235579408705,31067.678868394345,1,,31067.678868394345,14936,605107514270.0,2366
2,7138150.31169408,7152026.374755859,13876.063061779365,14706.65302401688,2,48.19571255054325,14682.555167741608,14955,606091121480.0,2367
1,73096641.79193951,73102794.77734375,6152.985404238105,14658.457311466336,2,-48.19571255054325,14682.555167741608,14956,606157072650.0,2367
0,76859709.2090667,76866494.31652832,6785.107461616397,15728.44714795053,1,,15728.44714795053,15007,608162628530.0,2369
2,39210161.696378216,39243824.795166016,33663.09878779948,38225.564594857395,2,-2.2298638895154,38226.67952680215,15034,609125876750.0,2370
3,45848241.45163928,45881134.37817383,32892.9265345484,38227.79445874691,2,2.2298638895154,38226.67952680215,15035,609132514100.0,2370
2,7059753.933015664,7071815.62121582,12061.688200156204,12883.156016969122,2,34.30688838753849,12866.002572775353,15054,610094651440.0,2371
3,62421693.035888284,62427278.5423584,5585.506470113993,12848.849128581583,2,-34.30688838753849,12866.002572775353,15055,610150007240.0,2371
0,1357047.543431465,1399087.5625,42040.01906853495,42197.92413057969,1,,42197.92413057969,15079,611089846980.0,2372
3,79740298.96950641,79791683.15771484,51384.188208431005,60662.71121759713,1,,60662.71121759713,15105,612169181060.0,2373
0,4962654.281678198,4933796.150146484,-28858.13153171353,-28280.680700275116,1,,-28280.680700275116,15140,613095230700.0,2374
0,28529731.789181113,28536498.061523438,6766.272342324257,10085.97111787647,3,27.836952226236463,10070.21393975243,15166,614119662680.0,2375
3,32048935.611224316,32055276.634399414,6341.023175098002,10070.21393975243,3,4.201185040175915,10070.21393975243,15167,614123181480.0,2375
1,76900105.5375399,76901203.55175781,1098.0142179131508,10046.054391548038,3,-32.03813726641238,10070.21393975243,15168,614168027680.0,2375
0,69968348.00826773,69969012.83496094,664.8266932070255,8806.292618185282,1,,8806.292618185282,15198,615162017510.0,2376
3,31156630.263747126,31177114.517578125,20484.253830999136,24109.616596452892,4,10.695318944752216,24104.268936980516,15221,616124082670.0,2377
0,44960185.0687588,44979070.47253418,18885.40377537906,24116.938106797636,4,18.016829289495945,24104.268936980516,15222,616137884710.0,2377
3,55694346.748486206,55711965.11621094,17618.367724731565,24098.92127750814,4,-10.695318944752216,24104.268936980516,15223,616148617670.0,2377
0,56683569.89514582,56698709.107543945,15139.212398126721,21734.87123450637,4,-2374.745361946523,24104.268936980516,15224,616149604420.0,2377
0,5482271.416731638,5526243.810302734,43972.39357109647,44610.30667325389,2,36.22246325109154,44592.19544162834,15248,617099349610.0,2378
1,12153343.262693927,12196503.192749023,43159.930055096745,44574.084210002795,2,-36.22246325109154,44592.19544162834,15249,617106019910.0,2378
3,29913340.535227872,29905327.53466797,-8013.000559903681,-4532.306080151349,3,27.85114287957549,-4556.082491114736,15312,619125567080.0,2380
1,59546810.16263962,59535317.107299805,-11493.055339813232,-4564.231954947114,3,-20.037669314071536,-4556.082491114736,15313,619155197250.0,2380
2,66652525.56475338,66640213.84301758,-12311.721735805273,-4556.082491114736,3,-7.813473565503955,-4556.082491114736,15314,619162302190.0,2380
3,27224166.029720377,27260356.2388916,36190.209171224385,39357.993267551064,1,,39357.993267551064,15366,621124691210.0,2382
2,67542697.7197608,67515988.28796387,-26709.43179693818,-18850.21276976168,1,,-18850.21276976168,15386,622165851230.0,2383
2,18628331.85841597,18638495.453857422,10163.595441453159,12331.174545172602,2,31.713120225816965,12315.317985059693,15413,623117819470.0,2384
2,66672891.4754387,66677432.927856445,4541.452417746186,12299.461424946785,2,-31.713120225816965,12315.317985059693,15414,623165858700.0,2384
0,23642718.662743308,23671104.225219727,28385.562476418912,31136.611970167607,3,39.821480482816696,31100.218670777977,15437,624123717340.0,2385
1,57475705.841041945,57500118.228515625,24412.38747368008,31100.218670777977,3,-14.768468601629138,31100.218670777977,15438,624157546560.0,2385
1,73953779.74495953,73976267.89941406,22488.154454529285,31093.362308591604,3,-25.053011881187558,31100.218670777977,15439,624174022810.0,2385
0,52319552.689334586,52324094.744506836,4542.055172249675,10629.920150570571,3,23.006186816841364,10621.716059781611,15456,625153304600.0,2386
0,62405113.03452003,62408473.3371582,3360.3026381731033,10621.716059781611,3,10.700050633400679,10621.716059781611,15457,625163389040.0,2386
1,75199523.4865868,75201365.43676758,1841.9501807838678,10592.11186772585,3,-33.70623745024204,10621.716059781611,15458,625176182010.0,2386
1,6750828.053306086,6759903.581787109,9075.528481023386,9861.049907867797,3,0.6124764317646623,9861.049907867797,15484,626108611250.0,2387
1,11865867.900647871,11874352.438110352,8484.537462480366,9865.24119400233,3,6.899405633565038,9861.049907867797,15485,626113725730.0,2387
0,77395903.54629602,77396753.44909668,849.9028006643057,9855.633668869734,3,-7.511882065329701,9861.049907867797,15486,626179248530.0,2387
2,16717334.771653976,16720308.043701172,2973.2720471955836,4918.488924171776,2,13.558935228735209,4911.709456557408,15502,627119486610.0,2388
0,66359942.45209589,66357125.787597656,-2816.664498232305,4904.92998894304,2,-13.558935228735209,4911.709456557408,15503,627169123730.0,2388
3,2781972.6224513473,2785768.2830810547,3795.6606297073886,4119.368934314232,3,41.345490822568536,4087.8962672976777,15535,628106422080.0,2389
3,7488313.066429358,7491529.628051758,3216.561622399837,4087.8962672976777,3,-5.8635097022634,4087.8962672976777,15536,628111127870.0,2389
1,73082985.97791246,73078550.24560547,-4435.732306987047,4068.15061968565,3,-35.481981120305136,4087.8962672976777,15537,628176715290.0,2389
0,37412828.60396499,37433064.48327637,20235.87931137532,24589.208751142025,2,19.51568564027548,24579.450908321887,15562,629141973730.0,2390
3,60064795.9663682,60082376.56359863,17580.597230434418,24569.69306550175,2,-19.51568564027548,24579.450908321887,15563,629164623180.0,2390
2,5353838.420207178,5409470.75793457,55632.33772739209,56255.30645977985,5,2.303417365066707,56255.30645977985,15588,630110838980.0,2391
0,45442978.81497434,45493946.669433594,50967.854459255934,56255.56631873548,5,2.693205798510462,56255.30645977985,15589,630150923700.0,2391
0,46461589.41384497,46512450.46740723,50861.05356225371,56267.29020783305,5,14.417094896081835,56255.30645977985,15590,630151942210.0,2391
2,53130391.6374881,53180459.86364746,50068.226159363985,56250.43976609409,5,-4.996623163577169,56255.30645977985,15591,630158610260.0,2391
2,66481596.98568925,66530098.57299805,48501.58730879426,56237.33742873371,5,-18.09896052395925,56255.30645977985,15592,630171959980.0,2391
1,46868867.06804367,46891091.00012207,22223.932078398764,27677.559254668653,1,,27677.559254668653,15618,631153281060.0,2392
3,14569779.154276356,14577452.01965332,7672.8653769642115,9368.194249169901,2,15.40222449786961,9360.493136920966,15653,633122793430.0,2394
3,56220107.36443102,56222918.42578125,2811.0613502264023,9352.792024672031,2,-15.40222449786961,9360.493136920966,15654,633164439150.0,2394
1,9023731.231231619,9036307.197143555,12575.965911936015,13625.960694242269,2,6.439293872565031,13622.741047305986,15681,634118114410.0,2395
0,62457379.832512364,62463731.85876465,6352.026252284646,13619.521400369704,2,-6.439293872565031,13622.741047305986,15682,634171542160.0,2395
1,38629301.94944229,38624863.59509277,-4438.354349516332,56.52304118126631,1,,56.52304118126631,15728,636149476360.0,2397
3,21255153.168473516,21253770.505249023,-1382.663224492222,1090.5708903223276,2,165.29252907633781,1007.9246257841587,15753,637133017240.0,2398
1,77848809.07999879,77840675.92773438,-8133.152264416218,925.2783612459898,2,-165.29252907633781,1007.9246257841587,15754,637189604490.0,2398
0,15583528.478522908,15599446.317260742,15917.838737834245,17731.126741772518,3,76.46660274453461,17662.067755922675,15776,638128234000.0,2399
3,42753983.641061634,42766670.88647461,12687.24541297555,17662.067755922675,3,-27.121876030229032,17662.067755922675,15777,638155401390.0,2399
0,55859823.64564541,55870971.08984375,11147.444198340178,17647.25252213329,3,-49.34472671430558,17662.067755922675,15778,638168505770.0,2399
1,29237359.47376203,29279886.053344727,42526.57958269492,45928.61739933491,3,46.0234923325479,45897.40635765344,15813,639142841450.0,2400
0,60562244.89978701,60601095.32751465,38850.427727639675,45897.40635765344,3,-0.7930701896548271,45897.40635765344,15814,639174162850.0,2400
0,77522944.79189709,77559792.0600586,36847.26816150546,45867.78145635128,3,-45.230422142893076,45897.40635765344,15815,639191121650.0,2400
3,9149415.121263072,9201915.385864258,52500.26460118592,53564.883869236335,3,2.449281712062657,53564.883869236335,15841,640123685420.0,2401
0,9597937.244104479,9650392.654907227,52455.410802748054,53572.21977776848,3,13.453144510276616,53564.883869236335,15842,640124133900.0,2401
0,30930839.207087122,30980792.766601562,49953.559514440596,53552.64939728007,3,-15.902426222339272,53564.883869236335,15843,640145464430.0,2401
0,29213288.3756225,29159412.580566406,-53875.795056093484,-50476.558134872466,2,93.2325013615191,-50523.174385553226,15871,641144622190.0,2402
1,66675062.542135336,66616734.489868164,-58328.05226717144,-50569.790636233985,2,-93.2325013615191,-50523.174385553226,15872,641182079740.0,2402
1,31997073.564835526,31985379.075927734,-11694.488907791674,-7971.332773014903,4,46.68973655998707,-8013.286607094109,15899,642148266300.0,2403
2,67161668.40487425,67145844.97143555,-15823.433438703418,-8008.550704613328,4,9.471804961562157,-8013.286607094109,15900,642183426980.0,2403
1,69552721.53964992,69536610.41320801,-16111.126441910863,-8018.02250957489,4,-9.471804961562157,-8013.286607094109,15901,642185817760.0,2403
1,77051569.56293243,77034574.75549316,-16994.807439267635,-8029.143022149801,4,-20.592317536473274,-8013.286607094109,15902,642193315770.0,2403
0,13767225.927208308,13746411.325317383,-20814.601890925318,-19212.65752667375,1,,-19212.65752667375,15930,643130930340.0,2404
0,28387819.18242576,28380535.776245117,-7283.406180642545,-3980.2202524729073,2,34.15822172537446,-3997.2993633355945,15955,644146405720.0,2405
3,61102110.766322866,61090986.59082031,-11124.175502553582,-4014.3784741982818,2,-34.15822172537446,-3997.2993633355945,15956,644179116370.0,2405
0,15801398.038375549,15754811.250610352,-46586.787765197456,-44748.14861823246,4,36.85670021548867,-44782.06653541513,16016,646135550060.0,2407
1,28833136.035576046,28785001.905151367,-48134.130424678326,-44779.12775238231,4,5.877566065639257,-44782.06653541513,16017,646148580330.0,2407
1,43509780.31604466,43459932.544433594,-49847.77161106467,-44785.00531844795,4,-5.877566065639257,-44782.06653541513,16018,646163255350.0,2407
3,73242380.09174164,73189061.51330566,-53318.57843597233,-44796.14852651954,4,-17.020774137228727,-44782.06653541513,16019,646192984660.0,2407
0,59754743.59223306,59708903.267456055,-45840.3247770071,-38887.30640998483,1,,-38887.30640998483,16087,649182195600.0,2410
1,19520688.19750042,19499601.57006836,-21086.627432059497,-18815.214395791292,5,102.27181115746498,-18904.986736364663,16107,650142845140.0,2411
0,45698496.94286512,45674322.1829834,-24174.759881719947,-18857.31611930579,5,60.1700876429677,-18904.986736364663,16108,650169020020.0,2411
1,54480923.057520926,54455678.71032715,-25244.34719377756,-18904.986736364663,5,-11.335837945342064,-18904.986736364663,16109,650177801430.0,2411
2,66419764.56006451,66393106.01904297,-26658.54102154076,-18929.98567753285,5,-48.83424969762564,-18904.986736364663,16110,650189738930.0,2411
2,76178006.04479274,76150196.60473633,-27809.440056413412,-18945.422852903605,5,-64.27142506837845,-18904.986736364663,16111,650199496080.0,2411
1,11654681.285884634,11646888.92163086,-7792.364253774285,-6436.234042663127,2,14.54470295831561,-6443.506394142285,16138,651135838410.0,2412
0,69975386.8914687,69960793.82775879,-14593.063709914684,-6450.778745621443,2,-14.54470295831561,-6443.506394142285,16139,651194152670.0,2412
0,15421151.344698435,15396799.260742188,-24352.083956247196,-22557.690037129447,4,25.21545703150332,-22580.671611376107,16165,652140493510.0,2413
1,42878637.24720462,42851062.08203125,-27575.165173366666,-22585.83822775632,4,-7.400499165058136,-22580.671611376107,16166,652167947940.0,2413
3,52691426.37687266,52662712.33544922,-28714.04142343998,-22582.90549416095,4,-4.46776556968689,-22580.671611376107,16167,652177759650.0,2413
3,52945379.91269058,52916640.78918457,-28739.12350600958,-22578.437728591263,4,4.46776556968689,-22580.671611376107,16168,652178013580.0,2413
3,24051827.28148031,24063515.04663086,11687.765150550753,14486.41822468862,2,12.787408608943224,14480.024520384148,16215,654150935540.0,2415
1,30636676.18445156,30647584.953979492,10908.769527930766,14473.630816079676,2,-12.787408608943224,14480.024520384148,16216,654157519650.0,2415
1,36435714.9119403,36423462.68334961,-12252.2285906896,-8012.595387220383,1,,-8012.595387220383,16245,655164245530.0,2416
3,22180005.4504212,22202725.62548828,22720.175067082047,25301.02431864664,4,15.091970641165972,25292.52720661089,16287,657151835040.0,2418
1,35232879.89109515,35254066.15124512,21186.26014997065,25285.932348005474,4,-13.189717210829258,25292.52720661089,16288,657164886460.0,2418
3,40886400.11862557,40906941.729003906,20541.610378339887,25299.122065216303,4,13.189717210829258,25292.52720661089,16289,657170539370.0,2418
2,68920205.22964308,68937471.0411377,17265.811494618654,25285.316290602088,4,-13.805774614214897,25292.52720661089,16290,657198570070.0,2418
3,35638647.96428238,35585787.22692871,-52860.73735366762,-48713.85027868301,1,,-48713.85027868301,16313,658166136150.0,2419
2,29710084.659867305,29703652.547729492,-6432.112137813121,-2975.0683634206653,2,-16.65366354584694,-2966.741531647742,16338,659161105130.0,2420
0,46532483.022544354,46524110.12207031,-8372.9004740417,-2958.4146998748183,2,16.65366354584694,-2966.741531647742,16339,659177925690.0,2420
1,16886321.256024435,16895937.827392578,9616.571368142962,11581.451389148831,5,5.132224872708321,11578.003738842905,16366,660149183560.0,2421
1,22104770.145264655,22113776.05407715,9005.908812493086,11578.003738842905,5,-0.039250586181879044,11578.003738842905,16367,660154401430.0,2421
1,26172522.067969818,26181051.286987305,8529.21901748702,11574.634589709342,5,-5.092974286526442,11578.003738842905,16368,660158468730.0,2421
3,33683761.30315944,33691425.55371094,7664.250551499426,11583.668440893292,5,7.34927661716938,11578.003738842905,16369,660165979150.0,2421
2,67724619.06649533,67728308.2911377,3689.224642366171,11569.611904710531,5,-10.115659285336733,11578.003738842905,16370,660200016240.0,2421
2,34692016.913402945,34722928.25280762,30911.339404672384,34948.07718124241,3,8.856627270579338,34939.51247088611,16401,661167947570.0,2422
1,73786326.4321955,73812680.22155762,26353.789362117648,34939.51247088611,3,-3.990438263863325,34939.51247088611,16402,661207037560.0,2422
1,79016903.79502705,79042648.37438965,25744.57936260104,34938.92863705754,3,-4.866189006716013,34939.51247088611,16403,661212267560.0,2422
2,4457926.868668972,4558910.678466797,100983.80979782529,101502.53091573715,4,3.501964919269085,101500.77993327752,16422,662138758680.0,2423
3,36124147.39663449,36221447.87414551,97300.47751101851,101503.85694573075,4,4.827994912862778,101500.77993327752,16423,662170421410.0,2423
1,48049942.676657885,48145845.2623291,95902.58567121625,101493.64194358885,4,-8.888972148299217,101500.77993327752,16424,662182345880.0,2423
3,65333333.139933035,65427230.02990723,93896.88997419178,101499.02895081788,4,-3.501964919269085,101500.77993327752,16425,662199627370.0,2423
2,17464182.991684366,17479206.220214844,15023.228530477732,17055.34812143445,2,-0.005051031708717346,17055.350646950305,16445,663152741150.0,2424
3,48915441.13660068,48926804.724731445,11363.588130764663,17055.35317246616,2,0.005051031708717346,17055.350646950305,16446,663184188940.0,2424
3,66565396.27473316,66567130.43334961,1734.1586164459586,9479.659560523927,1,,9479.659560523927,16465,664202742220.0,2425
0,34402413.45721261,34480354.7623291,77941.30511648953,81944.34484619647,3,14.000204056501389,81936.8438545838,16491,665171598560.0,2426
1,41996401.350581296,42073438.525390625,77037.17480932921,81923.84542969614,3,-16.74892069399357,81936.8438545838,16492,665179191690.0,2426
3,43843782.063859396,43920617.27722168,76835.213362284,81936.8438545838,3,2.74871663749218,81936.8438545838,16493,665181038880.0,2426
0,2375013.4948005686,2381669.6638183594,6656.169017790817,6932.523855223786,4,29.27229646546766,6907.512888997793,16538,667141458750.0,2428
2,44639064.72803558,44640782.33325195,1717.6052163764834,6911.774219237268,4,8.522660478949547,6907.512888997793,16539,667183718120.0,2428
3,54803664.107513905,54804190.44470215,526.337188243866,6903.251558758318,4,-8.522660478949547,6907.512888997793,16540,667193881590.0,2428
2,64147260.37185425,64146693.55493164,-566.8169226124883,6897.311492085457,4,-14.462727151811123,6907.512888997793,16541,667203224150.0,2428
2,54318603.50120842,54290754.53112793,-27848.97008048743,-21528.49700821936,1,,-21528.49700821936,16572,668194308390.0,2429
2,68620436.11227337,68627718.58581543,7282.473542064428,15267.097422271967,1,,15267.097422271967,16600,669209520400.0,2430
0,3053715.126543511,3071378.6323242188,17663.50578070758,18018.83384482609,4,20.362668417859823,18004.014543920755,16624,670144921820.0,2431
2,39717588.437605955,39730965.39916992,13376.961563967168,17998.47117640823,4,-11.086735025048256,18004.014543920755,16625,670181581630.0,2431
2,45120122.23176439,45132862.50512695,12740.27336256206,17990.41786558181,4,-19.14004585146904,18004.014543920755,16626,670186983560.0,2431
0,64951689.93103029,64962141.75769043,10451.826660141349,18009.55791143328,4,11.086735025048256,18004.014543920755,16627,670206812960.0,2431
3,28029747.497744482,28048793.442993164,19045.945248682052,22307.466216873378,1,,22307.466216873378,16654,671170848330.0,2432
2,29237381.689115956,29269067.143798828,31685.4546828717,35087.495084475726,1,,35087.495084475726,16672,672172980690.0,2433
0,3542071.016153923,3579026.4178466797,36955.40169275692,37367.55449188361,5,18.437882537487894,37356.3287730068,16693,673148250700.0,2434
0,5298254.75940684,5335005.725097656,36750.96569081582,37367.46674898639,5,18.350139640271664,37356.3287730068,16694,673150006690.0,2434
2,52407755.11603663,52438998.892333984,31243.776297353208,37341.904445685446,5,-19.993315311148763,37356.3287730068,16695,673197110970.0,2434
2,53926707.64843233,53957769.6439209,31061.99548856914,37336.86784534156,5,-25.0299156550318,37356.3287730068,16696,673198629750.0,2434
0,79839175.57151574,79867241.87207031,28066.300554573536,37356.3287730068,5,1.643175670877099,37356.3287730068,16697,673224539380.0,2434
2,40895289.9836972,40882868.21069336,-12421.773003838956,-7663.226898752153,3,-10.880978409200907,-7656.272128388286,16723,674186496800.0,2435
2,60585046.378165856,60570348.326660156,-14698.051505699754,-7648.419712297618,3,11.32980127260089,-7656.272128388286,16724,674206184400.0,2435
3,67432369.28928414,67416866.63586426,-15502.65341988206,-7656.272128388286,3,-0.44882286339998245,-7656.272128388286,16725,674213030960.0,2435
1,55437774.87222802,55420184.98925781,-17589.88297020644,-11139.183933757246,1,,-11139.183933757246,16753,675201918380.0,2436
1,28048128.389399707,28036307.157592773,-11821.23180693388,-8557.572051599622,2,-3.664167709648609,-8555.739967744797,16782,676175399310.0,2437
2,33047606.020738058,33035206.717529297,-12399.303208760917,-8553.907883889973,2,3.664167709648609,-8555.739967744797,16783,676180398240.0,2437
2,8339265.817451343,8329470.278442383,-9795.539008960128,-8825.188122812659,2,17.452763114124537,-8833.91450436972,16810,677156606480.0,2438
1,8743987.899269283,8734127.814331055,-9860.08493822813,-8842.640885926783,2,-17.452763114124537,-8833.91450436972,16811,677157011140.0,2438
1,2376700.8422797406,2352545.950439453,-24154.891840287484,-23878.340664332733,1,,-23878.340664332733,16833,678151517790.0,2439
1,23105080.40150044,23077000.93798828,-28079.463512159884,-25390.973214227706,1,,-25390.973214227706,16850,679173145490.0,2440
1,16345966.626276683,16347201.311401367,1234.6851246841252,3136.6898752171546,3,-6.53760271333158,3141.7108282521367,16876,680167284720.0,2441
0,57798889.61180878,57795308.91931152,-3580.692497253418,3144.7441276088357,3,5.5437758741900325,3141.7108282521367,16877,680208733080.0,2441
0,58297707.65010176,58294065.88220215,-3641.767899610102,3141.7108282521367,3,0.9938268391415477,3141.7108282521367,16878,680209231840.0,2441
3,37385148.35693747,37383156.28051758,-1992.076419889927,2358.0321665257215,3,-5.654334716498852,2358.0321665257215,16905,681189243890.0,2442
1,39732119.24562792,39729851.990722656,-2267.2549052610993,2355.9455014020205,3,-8.784332402050495,2358.0321665257215,16906,681191590600.0,2442
0,54429894.49640882,54425932.50109863,-3961.99531018734,2371.4275010824203,3,14.438667118549347,2358.0321665257215,16907,681206286770.0,2442
0,35649428.212646455,35669237.93432617,19809.721679717302,23957.863136537373,1,,23957.863136537373,16933,682188427960.0,2443
1,14234153.452599265,14165345.723754883,-68807.72884438187,-67151.45313394815,2,7.926984749734402,-67155.41662632301,16959,683167883120.0,2444
1,67608727.02738512,67533700.74511719,-75026.28226792812,-67159.38011869788,2,-7.926984749734402,-67155.41662632301,16960,683221251800.0,2444
1,24271208.619073674,24267753.935180664,-3454.6838930100203,-630.5037664920092,3,-3.510643346235156,-629.686557430774,16977,684178799620.0,2445
2,26474530.763538584,26470820.51989746,-3710.2436411231756,-629.686557430774,3,-2.284829754382372,-629.686557430774,16978,684181002700.0,2445
3,35402509.87042999,35397766.16052246,-4743.709907531738,-624.299688860774,3,5.795473100617528,-629.686557430774,16979,684189929700.0,2445
1,56989333.33281597,56972783.78637695,-16549.546439014375,-9918.309192113578,4,10.47669842094183,-9926.745277240872,17005,685212437920.0,2446
2,78406275.46912897,78387223.38623047,-19052.08289849758,-9928.78589053452,4,-4.081226587295532,-9926.745277240872,17006,685233852490.0,2446
1,79722047.22233316,79702835.375,-19211.847333163023,-9935.448083981872,4,-10.743420034646988,-9926.745277240872,17007,685235168110.0,2446
2,79968863.69549024,79949633.87219238,-19229.82329785824,-9924.704663947225,4,4.081226587295532,-9926.745277240872,17008,685235414910.0,2446
0,26837987.907424144,26820620.79296875,-17367.114455394447,-14244.265763618052,2,11.057177819311619,-14249.794352527708,17035,686183153620.0,2447
3,40014421.93841179,39995510.56652832,-18911.37188346684,-14255.322941437364,2,-11.057177819311619,-14249.794352527708,17036,686196328590.0,2447
1,16048967.40561755,16016530.942504883,-32436.463112667203,-30569.016974758357,2,4.671169329434633,-30571.352559423074,17087,688174157750.0,2449
2,44820414.72232771,44784625.763427734,-35788.95889997482,-30573.68814408779,2,-4.671169329434633,-30571.352559423074,17088,688202926020.0,2449
0,13930033.804456212,13888403.045288086,-41630.75916812569,-40009.87059806287,5,32.961761984974146,-40038.94531707466,17111,689172939640.0,2450
0,31718890.23802104,31675184.735351562,-43705.50266947597,-40014.715743646026,5,28.116616401821375,-40038.94531707466,17112,689190726530.0,2450
2,43197380.20800695,43152314.8470459,-45065.360961049795,-40038.94531707466,5,-8.227743741124868,-40038.94531707466,17113,689202203730.0,2450
2,50568150.761647075,50522219.96911621,-45930.79253086448,-40046.71940302104,5,-19.888872660696507,-40038.94531707466,17114,689209573680.0,2450
3,67426503.00549373,67378607.32470703,-47895.68078669906,-40049.98209169507,5,-23.151561334729195,-40038.94531707466,17115,689226430170.0,2450
0,61327715.12218732,61322653.73510742,-5061.387079894543,2074.6611067056656,1,,2074.6611067056656,17138,690221220210.0,2451
0,71395581.46453872,71470922.95324707,75341.48870834708,83649.02647697926,1,,83649.02647697926,17168,691232299820.0,2452
2,74101656.99026398,74145251.25268555,43594.26242156327,52216.67716400325,1,,52216.67716400325,17190,692235976100.0,2453
3,39842506.96666959,39785906.10095215,-56600.86571744084,-51964.820676095784,2,13.375713653862476,-51971.508532922715,17236,694203545920.0,2455
2,53949805.96323669,53891550.20678711,-58255.75644958019,-51978.196389749646,2,-13.375713653862476,-51971.508532922715,17237,694217651650.0,2455
1,8936762.434630312,8904665.590942383,-32096.843687929213,-31056.968531344086,1,,-31056.968531344086,17256,695173525370.0,2456
2,20644938.32401456,20621139.741455078,-23798.582559481263,-21396.352598752826,3,-2.0521619953215122,-21396.352598752826,17280,696186094090.0,2457
0,36103867.12443539,36078285.61743164,-25581.507003746927,-21380.487366713583,3,21.745686063542962,-21396.352598752826,17281,696201551330.0,2457
2,43317590.212499976,43291141.69580078,-26448.516699194908,-21408.113506801426,3,-19.69352406822145,-21396.352598752826,17282,696208764230.0,2457
2,43911670.289659485,43885284.42492676,-26385.86473272741,-21276.334816001356,3,-9.548134963959455,-21270.169086925685,17323,698211168710.0,2459
2,44504999.5507415,44478550.81237793,-26448.738363571465,-21270.169086925685,3,-0.299541350454092,-21270.169086925685,17324,698211761980.0,2459
0,73037909.1276637,73008147.08557129,-29762.04209241271,-21263.404275149107,3,9.847676314413548,-21270.169086925685,17325,698240291750.0,2459
1,12339038.321987264,12327489.718261719,-11548.603725545108,-10112.842229023576,2,-12.078439686447382,-10106.803009180352,17350,699180523570.0,2460
3,14545269.526017401,14533476.28527832,-11793.240739081055,-10100.763789337128,2,12.078439686447382,-10106.803009180352,17351,699182729570.0,2460
3,38568467.592947826,38537437.29638672,-31030.29656110704,-26542.497811742127,1,,-26542.497811742127,17372,700207637820.0,2461
2,56994901.99237785,56989092.08642578,-5809.905952066183,821.9792599976063,1,,821.9792599976063,17391,701226998850.0,2462
3,4016170.463044065,4034193.7458496094,18023.282805544324,18490.6014704057,2,10.492195869330317,18485.355372471036,17420,702174944700.0,2463
2,78024061.85194147,78033463.13830566,9401.286364197731,18480.10927453637,2,-10.492195869330317,18485.355372471036,17421,702248944420.0,2463
1,2371151.58225586,2414968.4630126953,43816.88075683545,44092.78622494219,3,-4.347775757778436,44092.78622494219,17449,703174282600.0,2464
2,17822286.765694767,17864304.38659668,42017.62090191245,44091.40918673575,3,-6.413333067437634,44092.78622494219,17450,703189732030.0,2464
0,35801777.9257151,35841714.915771484,39936.99005638808,44102.858814664185,3,10.76110882521607,44092.78622494219,17451,703207709550.0,2464
0,48836316.93597781,48774939.14733887,-61377.788638941944,-55695.2304314971,2,20.795862533152103,-55705.62836276367,17478,704221578740.0,2465
3,65042864.83814861,64979580.47155762,-63284.366590991616,-55716.02629403025,2,-20.795862533152103,-55705.62836276367,17479,704237783480.0,2465
2,10156832.1225397,10116385.90258789,-40446.21995180845,-39264.37837650627,2,23.15046888589859,-39275.95361094922,17497,705183796190.0,2466
1,54864125.17434438,54818453.69592285,-45671.47842153162,-39287.52884539217,2,-23.15046888589859,-39275.95361094922,17498,705228498530.0,2466
0,6020661.375993142,5992520.438720703,-28140.93727243878,-27440.377507433295,1,,-27440.377507433295,17518,706180536250.0,2467
2,22885337.855804645,22870074.813964844,-15263.041839800775,-12600.120624158531,2,15.317276153713465,-12607.779262235388,17539,707198323170.0,2468
3,60160793.5611232,60141177.857177734,-19615.703945465386,-12615.437900312245,2,-15.317276153713465,-12607.779262235388,17540,707235594500.0,2468
3,32986122.267355785,32948578.806152344,-37543.461203441024,-33705.22008325532,2,-15.896926272660494,-33697.27162011899,17560,708209275670.0,2469
0,34435566.20147285,34397869.98095703,-37696.220515817404,-33689.32315698266,2,15.896926272660494,-33697.27162011899,17561,708210724970.0,2469
2,4250707.830131644,4225736.852050781,-24970.978080863133,-24476.368819086812,4,3.0685696909204125,-24477.903103932273,17581,709181462940.0,2470
1,23143827.944516268,23116651.818603516,-27176.125912752002,-24483.12697898224,4,-6.758159895427525,-24477.903103932273,17582,709200353970.0,2470
2,33325833.93259126,33297479.82397461,-28354.108616650105,-24476.33889495209,4,3.0984938256442547,-24477.903103932273,17583,709210534860.0,2470
2,73956727.42512241,73923642.43688965,-33084.98823276162,-24479.437388777733,4,-3.0685696909204125,-24477.903103932273,17584,709251161270.0,2470
3,22535511.262706302,22515568.82385254,-19942.438853763044,-17320.223205257207,2,-7.213480401784182,-17316.616465056315,17610,710200629890.0,2471
0,49737083.58360721,49713983.203125,-23100.38048221171,-17313.009724855423,2,7.213480401784182,-17316.616465056315,17611,710227828470.0,2471
1,11483049.66815659,11466481.188720703,-16568.479435887188,-15232.320154592395,8,18.605087466537952,-15248.779660962522,17640,711190500750.0,2472
0,28009958.43408081,27991480.56213379,-18477.871947020292,-15218.653619840741,8,32.271622218191624,-15248.779660962522,17641,711207025850.0,2472
2,40297165.624033056,40277225.75,-19939.8740330562,-15250.925242058933,8,-4.291162192821503,-15248.779660962522,17642,711219311670.0,2472
1,41264617.539787985,41244569.85949707,-20047.680290915072,-15246.159500859678,8,4.76574119925499,-15248.779660962522,17643,711220279020.0,2472
3,48113163.20777993,48092318.16113281,-20845.046647116542,-15246.634079866111,8,4.291162192821503,-15248.779660962522,17644,711227126810.0,2472
2,66750576.664131254,66727554.68457031,-23021.979560941458,-15254.931161865592,8,-8.297081999480724,-15248.779660962522,17645,711245762160.0,2472
1,74550299.1529131,74526357.19494629,-23941.957966804504,-15267.339549645782,8,-20.70546977967024,-15248.779660962522,17646,711253561010.0,2472
0,79195565.02750552,79171098.91149902,-24466.11600649357,-15250.977841377258,8,-4.343761511147022,-15248.779660962522,17647,711258205780.0,2472
2,23422964.354910683,23365868.833007812,-57095.52190287039,-54370.04286004603,3,16.710735382512212,-54384.55429852381,17704,713204250480.0,2474
1,33124758.689380728,33066519.7623291,-58238.927051626146,-54384.55429852381,3,-5.056422334164381,-54384.55429852381,17705,713213951190.0,2474
3,58758549.74224773,58697323.68737793,-61226.054869800806,-54388.95289233327,3,-11.65431304834783,-54384.55429852381,17706,713239582150.0,2474
3,31980389.499777608,31966325.108276367,-14064.391501240432,-10343.176712103188,3,18.833742670714855,-10346.299518018961,17755,715214612170.0,2476
0,53618998.72560954,53602413.35852051,-16585.367089033127,-10346.299518018961,3,14.149533797055483,-10346.299518018961,17756,715236248390.0,2476
3,74877854.37503792,74858763.92114258,-19090.45389534533,-10377.721391528845,3,-32.98327646777034,-10346.299518018961,17757,715257504870.0,2476
3,24883519.943486035,24853091.768188477,-30428.175297558308,-27532.747072078288,2,14.445693664252758,-27539.969918910414,17782,716208375900.0,2477
1,67875925.18882778,67840480.00292969,-35445.18589809537,-27547.19276574254,2,-14.445693664252758,-27539.969918910414,17783,716251363550.0,2477
3,51103493.846338585,51063159.314453125,-40334.53188546002,-34388.16662687063,2,11.662487283349037,-34393.99787051231,17809,717235495390.0,2478
1,72457330.20989819,72414499.29870605,-42830.91119213402,-34399.82911415398,2,-11.662487283349037,-34393.99787051231,17810,717256846860.0,2478
1,9018063.851108456,8973256.248657227,-44807.60245122947,-43758.267121139914,3,27.87037182226777,-43783.73882459849,17865,719195168460.0,2480
1,53105235.640383616,53055267.81774902,-49967.82263459265,-43788.53616132587,3,-17.53318845666945,-43783.73882459849,17866,719239250740.0,2480
0,66139168.10290981,66087688.458740234,-51479.644169576466,-43783.73882459849,3,-10.337183365598321,-43783.73882459849,17867,719252283240.0,2480
1,2292953.6786270444,2303670.3474121094,10716.668785064947,10983.475202159025,1,,10983.475202159025,17894,720189352800.0,2481
1,7603268.808867998,7672728.480834961,69459.67196696252,70344.3827781789,3,-10.665617685765028,70350.95971696079,17917,721195683890.0,2482
2,34062319.888076685,34128707.381103516,66387.49302683026,70350.95971696079,3,-0.8002095129340887,70350.95971696079,17918,721222140030.0,2482
0,78951801.70190904,79012974.0649414,61172.363032370806,70359.13707476854,3,11.465827198699117,70350.95971696079,17919,721267024570.0,2482
0,4858940.210048862,4871744.861450195,12804.65140133351,13370.034139066935,4,26.90629268437624,13354.58455367107,17966,723194861160.0,2484
0,8981808.834250882,8994129.758789062,12320.924538180232,13366.04126095958,4,22.913414577022195,13354.58455367107,17967,723198983570.0,2484
2,54880102.84715584,54887040.30065918,6937.453503340483,13323.262229830027,4,-42.779031129553914,13354.58455367107,17968,723244876760.0,2484
0,65472681.03170161,65478405.806152344,5724.774450734258,13343.127846382558,4,-22.913414577022195,13354.58455367107,17969,723255468190.0,2484
2,14118578.206921339,14051561.972167969,-67016.23475337029,-65373.40729420073,2,58.1026147287339,-65402.4586015651,17997,724204973080.0,2485
0,65011348.287577316,64938352.10461426,-72996.18296305835,-65431.50990892947,2,-58.1026147287339,-65402.4586015651,17998,724255860180.0,2485
0,14584206.910269015,14530740.380615234,-53466.52965378016,-51769.521978413686,2,32.89476875402033,-51785.969362790696,18019,725206332340.0,2486
0,43500808.4569519,43443944.317871094,-56864.13908080757,-51802.41674716771,2,-32.89476875402033,-51785.969362790696,18020,725235245720.0,2486
2,41128764.81516603,41086988.17272949,-41776.642436534166,-36990.92937039584,3,-4.706373482942581,-36989.47013747692,18044,726233739900.0,2487
3,46485207.51989162,46442815.5592041,-42391.96068751812,-36982.97585634887,3,7.223897587507963,-36989.47013747692,18045,726239095760.0,2487
2,77321994.40604575,77276007.80505371,-45986.600992038846,-36989.47013747692,3,-2.517524104565382,-36989.47013747692,18046,726269929140.0,2487
1,79731508.53262049,79688568.25183105,-42940.28078943491,-33662.780629098415,1,,-33662.780629098415,18073,727273252770.0,2488
1,467923.20092716033,456787.24060058594,-11135.960326574394,-11081.513124313671,1,,-11081.513124313671,18128,729195802680.0,2490
1,9307875.276230067,9268930.760131836,-38944.51609823108,-37861.45852216147,2,-11.512367075309157,-37855.702338623814,18149,730205519020.0,2491
2,48351129.087809294,48307653.03955078,-43476.04825851321,-37849.94615508616,2,11.512367075309157,-37855.702338623814,18150,730244557980.0,2491
1,59161222.76267037,59152780.42272949,-8442.339940875769,-1558.3832245394588,1,,-1558.3832245394588,18175,731256267380.0,2492
0,31500928.78297708,31490479.78137207,-10449.001605011523,-6783.5765150636435,1,,-6783.5765150636435,18203,732229552830.0,2493
3,61177339.8682212,61102876.64086914,-74463.22735206038,-67344.67672029138,1,,-67344.67672029138,18227,733260069550.0,2494
1,17632081.052904267,17585473.014526367,-46608.03837789968,-44556.382291041315,1,,-44556.382291041315,18249,734217423000.0,2495
3,65383221.04268928,65307849.845458984,-75371.19723029435,-67763.25333370268,1,,-67763.25333370268,18274,735266008850.0,2496
1,11549611.656351231,11507578.835083008,-42032.821268223226,-40688.91688254662,2,-12.357454502955079,-40682.73815529514,18292,736213079370.0,2497
3,61517069.24167398,61469234.60095215,-47834.640721835196,-40676.55942804366,2,12.357454502955079,-40682.73815529514,18293,736263041330.0,2497
2,39154769.13624035,39105630.150756836,-49138.98548351228,-44582.965114340186,4,9.895912073552608,-44588.53894371539,18325,737241550500.0,2498
3,52381908.9530472,52331229.615478516,-50679.33756868541,-44584.21686101705,4,8.644165396690369,-44588.53894371539,18326,737254776180.0,2498
2,61380349.86090125,61328614.82714844,-51735.033752813935,-44592.86102641374,4,-8.644165396690369,-44588.53894371539,18327,737263773620.0,2498
3,72755854.24658778,72702795.5657959,-53058.68079188466,-44592.86267480254,4,-8.645813785493374,-44588.53894371539,18328,737275147870.0,2498
3,45921504.40512693,45878482.10546875,-43022.29965817928,-37678.906910166144,1,,-37678.906910166144,18345,738249224720.0,2499
0,17111479.497247875,17100484.78173828,-10994.715509593487,-9003.636239916086,1,,-9003.636239916086,18367,739221308450.0,2500
0,60424029.36743037,60429183.91674805,5154.549317680299,12185.445289194584,1,,12185.445289194584,18399,740265574580.0,2501
0,75644479.1114862,75554656.84094238,-89822.2705438137,-81020.33414499462,1,,-81020.33414499462,18419,741281629120.0,2502
0,19397644.54284145,19351912.697143555,-45731.84569789469,-43474.74993151054,2,3.9143927209079266,-43476.70712787099,18445,742226258240.0,2503
0,37699986.668009005,37652121.26074219,-47865.40726681799,-43478.664324231446,2,-3.9143927209079266,-43476.70712787099,18446,742244558560.0,2503
0,25028802.279620178,24991827.91064453,-36974.368975646794,-34062.03580353409,2,-0.18457886576652527,-34061.94351410121,18470,743232740380.0,2504
0,30485223.778097875,30447614.688476562,-37609.089621312916,-34061.851224668324,2,0.18457886576652527,-34061.94351410121,18471,743238196200.0,2504
0,15469946.495836115,15450641.428588867,-19305.067247247323,-17504.99555994384,6,-0.8879511188715696,-17504.551584384404,18494,744224064110.0,2505
2,19363559.066428035,19343787.721923828,-19771.344504207373,-17518.214898988605,6,-14.107290163636208,-17504.551584384404,18495,744227957280.0,2505
0,39325584.732521415,39303506.18017578,-22078.552345633507,-17502.655998304486,6,2.339561639353633,-17504.551584384404,18496,744247917120.0,2505
1,46313936.93139408,46291023.630737305,-22913.30065677315,-17524.24474631995,6,-20.13713749498129,-17504.551584384404,18497,744254904680.0,2505
0,51670823.96860638,51647311.0144043,-23512.954202085733,-17500.574824392796,6,4.420735551044345,-17504.551584384404,18498,744260261000.0,2505
0,69621306.912422,69595701.72033691,-25605.1920850873,-17504.10760882497,6,0.8879511188715696,-17504.551584384404,18499,744278209500.0,2505
0,32212326.154389612,32157250.71850586,-55075.435883753,-51327.23311470449,2,26.246508091688156,-51340.356368750334,18521,745241700820.0,2506
2,33130863.688847817,33075655.126098633,-55208.56274918467,-51353.47962279618,2,-26.246508091688156,-51340.356368750334,18522,745242619230.0,2506
0,31899164.324228954,31853245.93811035,-45918.38611860201,-42206.622631628066,2,45.934921722859144,-42229.590092489496,18555,746242269980.0,2507
1,63924691.73445492,63875000.94641113,-49690.788043789566,-42252.557553350925,2,-45.934921722859144,-42229.590092489496,18556,746274291930.0,2507
1,5169604.870293455,5163646.935424805,-5957.934868650511,-5356.403417713009,7,-21.90840424504131,-5335.546276174486,18595,748217369560.0,2509
3,21562993.677563503,21555137.121826172,-7856.55573733151,-5347.5015254803,7,-13.006512012332678,-5335.546276174486,18596,748233761150.0,2509
0,26599748.42540407,26591326.454711914,-8421.970692157745,-5326.843372691423,7,9.171045772731304,-5335.546276174486,18597,748238797370.0,2509
0,37673416.126092404,37663699.03112793,-9717.09496447444,-5333.443750761449,7,2.570667702704668,-5335.546276174486,18598,748249869810.0,2509
0,41798857.553441875,41788663.91271973,-10193.64072214812,-5329.956153891981,7,6.058264572173357,-5335.546276174486,18599,748253994800.0,2509
3,57000719.46253079,56988751.35412598,-11968.108404815197,-5335.546276174486,7,-0.5831204168498516,-5335.546276174486,18600,748269194980.0,2509
2,63687207.72204083,63674460.642456055,-12747.079584777355,-5336.482560753822,7,-1.9875472858548164,-5335.546276174486,18601,748275880730.0,2509
2,13524831.092730101,13543294.857788086,18463.76505798474,20037.50453614816,2,-28.298907045274973,20051.6539896708,18611,749226691290.0,2510
0,67937282.88891876,67949443.55969238,12160.670773625374,20065.803443193436,2,28.298907045274973,20051.6539896708,18612,749281097770.0,2510
2,31832915.68358794,31846221.801879883,13306.118291944265,17010.17313542962,2,6.504407778382301,17006.92093154043,18663,751246796470.0,2512
2,78842445.95839694,78850275.57763672,7829.619239777327,17003.66872765124,2,-6.504407778382301,17006.92093154043,18664,751293800810.0,2512
1,10494318.4124922,10462276.958984375,-32041.453507825732,-30820.342274056748,3,-7.850333619862795,-30813.21229982376,18685,752226355450.0,2513
2,19241504.39943372,19208453.700439453,-33050.69899426773,-30811.77158105001,3,5.005705890245736,-30813.21229982376,18686,752235101680.0,2513
0,19955044.52267821,19921909.35595703,-33135.16672118008,-30813.21229982376,3,2.8446277296170592,-30813.21229982376,18687,752235815140.0,2513
1,35664152.596630655,35641914.76281738,-22237.833813272417,-18087.979037873447,3,-14.972922302782536,-18076.219202056527,18716,753252447320.0,2514
2,55490857.139896385,55466324.045043945,-24533.09485244006,-18076.219202056527,3,2.66683142259717,-18076.219202056527,18717,753272271850.0,2514
3,74625230.67302579,74598477.54260254,-26753.130423247814,-18069.7930290848,3,12.306090880185366,-18076.219202056527,18718,753291404120.0,2514
1,62991859.52402115,62960191.67150879,-31667.85251235962,-24338.165697328746,1,,-24338.165697328746,18753,754280656850.0,2515
0,30183801.535063148,30139384.56213379,-44416.97292935848,-40904.807804994285,3,-13.695531070232391,-40892.03692094982,18775,755248764050.0,2516
0,60595340.414321564,60547399.39709473,-47941.017226837575,-40890.18762689829,3,8.234736073762178,-40892.03692094982,18776,755279172250.0,2516
0,64672671.87348991,64624254.57165527,-48417.30183463544,-40892.03692094982,3,5.460794996470213,-40892.03692094982,18777,755283249130.0,2516
3,4957274.608845776,4915321.474243164,-41953.134602611884,-41376.309745979495,3,-8.37088265735656,-41374.839995503426,18796,756224421960.0,2517
1,33705993.278252974,33660696.43347168,-45296.844781294465,-41374.839995503426,3,-6.166256943251938,-41374.839995503426,18797,756253167510.0,2517
0,50449985.846505165,50402754.48522949,-47231.36127567291,-41361.03773114085,3,14.537139600608498,-41374.839995503426,18798,756269909670.0,2517
2,11325096.20760122,11280401.858886719,-44694.348714500666,-43376.56878263317,2,-0.09608434699475765,-43376.52074045967,18822,757231697110.0,2518
2,60735754.65581157,60685311.01501465,-50443.64079692215,-43376.472698286176,2,0.09608434699475765,-43376.52074045967,18823,757281102320.0,2518
1,10580574.854850274,10573927.541748047,-6647.313102226704,-5416.165131757036,2,-0.7604370955377817,-5415.784913209267,18842,758231861750.0,2519
1,35119309.99613786,35109808.13415527,-9501.861982584,-5415.404694661498,2,0.7604370955377817,-5415.784913209267,18843,758256397780.0,2519
1,14115693.475790959,14142280.701049805,26587.225258845836,28229.71705280617,1,,28229.71705280617,18867,759236382140.0,2520
2,16930661.171574518,16875890.23852539,-54770.93304912746,-52800.89366789907,1,,-52800.89366789907,18920,761240952980.0,2522
2,7703272.497511365,7658943.933227539,-44328.56428382639,-43432.21711636335,5,-9.270679945126176,-43425.403986662626,18944,762232576120.0,2523
1,27972225.83950333,27925550.52282715,-46675.31667618081,-43420.488886173815,5,6.861687235534191,-43425.403986662626,18945,762252842850.0,2523
3,28664901.02954982,28618136.305419922,-46764.72412989661,-43429.29716015607,5,-6.350723737850785,-43425.403986662626,18946,762253535440.0,2523
3,44600166.67864983,44551559.28112793,-48607.39752189815,-43417.754667676985,5,9.595905732363462,-43425.403986662626,18947,762269468960.0,2523
3,68681759.82043123,68630342.65698242,-51417.16344881058,-43425.403986662626,5,-0.5109634976834059,-43425.403986662626,18948,762293547890.0,2523
0,19222983.580288544,19186254.92541504,-36728.654873505235,-34491.88252928853,3,0.9763934724032879,-34491.88252928853,18983,763245006620.0,2524
2,29714657.68027228,29676701.045410156,-37956.63486212492,-34499.058974415064,3,-9.788274217396975,-34491.88252928853,18984,763255497130.0,2524
0,36907588.44905715,36868807.25012207,-38781.198935076594,-34486.6588711068,3,8.811880744993687,-34491.88252928853,18985,763262689280.0,2524
3,31433234.618200876,31382372.09436035,-50862.523840524256,-47204.975594200194,2,-0.26108218729496,-47204.84505310655,19015,764258064970.0,2525
2,35376919.22978608,35325598.08276367,-51321.14702241123,-47204.7145120129,2,0.26108218729496,-47204.84505310655,19016,764262008220.0,2525
3,51026809.45127691,50975237.955444336,-51571.49583257735,-45634.05351424962,1,,-45634.05351424962,19047,765278563890.0,2526
1,37484353.60060409,37450263.736694336,-34089.86390975118,-29728.211873561144,3,-3.0373684987425804,-29727.612461693585,19074,766265903040.0,2527
1,45466473.19458465,45431455.13647461,-35018.05811004341,-29727.612461693585,3,-2.138250697404146,-29727.612461693585,19075,766273884280.0,2527
3,59209523.773374,59172911.45983887,-36612.313535131514,-29722.736548431218,3,5.175619196146727,-29727.612461693585,19076,766287625820.0,2527
1,20084736.98242502,20092048.526367188,7311.543942168355,9648.589283514768,4,-6.838684793561697,9655.319109175354,19101,767249463710.0,2528
1,25656214.731692858,25662884.603515625,6669.87182276696,9655.210250042379,4,-0.21771826595067978,9655.319109175354,19102,767255034580.0,2528
0,35580602.46208142,35586134.177368164,5531.715286746621,9671.848229445517,4,16.63797940313816,9655.319109175354,19103,767264957890.0,2528
2,39729796.41670646,39734828.91455078,5032.497844323516,9655.42796830833,4,0.21771826595067978,9655.319109175354,19104,767269106610.0,2528
3,11925005.853873717,11910019.114746094,-14986.739127622917,-13599.15414701216,1,,-13599.15414701216,19131,768242253870.0,2529
3,3933235.022466307,3857517.3477783203,-75717.67468798673,-75260.0063304808,3,-8.128040863201022,-75252.46291393042,19152,769235102390.0,2530
3,41274743.98128609,41194689.98852539,-80053.99276070297,-75251.29366530478,3,4.940956900827587,-75252.46291393042,19153,769272439790.0,2530
3,73262742.48727453,73178965.22509766,-83777.2621768713,-75252.46291393042,3,3.1870839623734355,-75252.46291393042,19154,769304424260.0,2530
3,33827230.94449035,33782840.73510742,-44390.20938292891,-40454.097470745444,3,3.4500922486186028,-40454.097470745444,19182,770265860870.0,2531
1,37967267.788510285,37922385.5279541,-44882.260556183755,-40464.4169774279,3,-12.029167775064707,-40454.097470745444,19183,770270000440.0,2531
2,63738855.89868627,63690988.61376953,-47867.284916736186,-40450.678148560226,3,8.579075526446104,-40454.097470745444,19184,770295769200.0,2531
0,24031285.646105126,23993169.741088867,-38115.90501625836,-35319.64215182513,6,14.180268689990044,-35332.18661598861,19207,771256940210.0,2532
2,37023272.46108703,36983630.63769531,-39641.82339172065,-35333.82242051512,6,-3.271609053015709,-35332.18661598861,19208,771269930750.0,2532
0,47110744.68227349,47069949.21850586,-40795.46376763284,-35313.69188864529,6,20.1305318698287,-35332.18661598861,19209,771280017130.0,2532
3,55507777.48734215,55465988.092041016,-41789.395301133394,-35330.550811462104,6,3.271609053015709,-35332.18661598861,19210,771288413220.0,2532
1,70463454.81379783,70419917.03234863,-43537.78144919872,-35338.70525756478,6,-8.154446102678776,-35332.18661598861,19211,771303367240.0,2532
1,75373949.20906746,75329837.13415527,-44112.07491219044,-35341.61717544496,6,-11.066363982856274,-35332.18661598861,19212,771308277190.0,2532
1,34414592.27436871,34369287.79785156,-45304.476517148316,-41300.0196691677,4,-14.000543735921383,-41289.524926014245,19233,772268210550.0,2533
3,44153069.15342316,44106638.50378418,-46430.64963898063,-41293.03072659671,4,-7.011601164937019,-41289.524926014245,19234,772277947960.0,2533
0,46275056.13451289,46228385.583618164,-46670.55089472234,-41286.019125431776,4,7.011601164937019,-41289.524926014245,19235,772280069720.0,2533
0,69928102.39647207,69878691.56860352,-49410.827868551016,-41274.044893592596,4,18.985833004117012,-41289.524926014245,19236,772303720170.0,2533
0,13673336.093525644,13658378.499511719,-14957.594013925642,-13366.574602218345,2,0.5694573875516653,-13366.85933091212,19277,774249270680.0,2535
3,46363131.38721374,46344369.463012695,-18761.92420104146,-13367.144059605896,2,-0.5694573875516653,-13366.85933091212,19278,774281956870.0,2535
0,18392907.763969183,18382322.05114746,-10585.71282172203,-8445.527493868023,2,14.66325319930911,-8452.859120467678,19330,776255809850.0,2537
3,24705198.487660043,24693863.618041992,-11334.869618050754,-8460.190747067332,2,-14.66325319930911,-8452.859120467678,19331,776262121430.0,2537
2,19764510.331859283,19786496.760009766,21986.428150482476,24286.2121524103,4,-12.043937627226114,24298.199844677,19356,777258105120.0,2538
3,43553461.622898765,43572691.91748047,19230.29458170384,24298.143599316478,4,-0.11249072104692459,24298.199844677,19357,777281891460.0,2538
3,47386104.13832353,47404888.58190918,18784.443585649133,24298.256090037525,4,0.11249072104692459,24298.199844677,19358,777285723680.0,2538
0,71009523.74698842,71025584.74719238,16061.000203967094,24323.616578251123,4,25.472978934645653,24298.199844677,19359,777309344520.0,2538
2,3917623.172825913,3825728.6674804688,-91894.5053454442,-91438.65357137192,4,4.344347479753196,-91440.8257451118,19380,778243124430.0,2539
2,29064093.809298493,28969275.559570312,-94818.24972818047,-91436.37297784165,4,6.624941010028124,-91440.8257451118,19381,778268268130.0,2539
3,42606533.76759429,42510133.10449219,-96400.66310210526,-91442.99791885167,4,-4.344347479753196,-91440.8257451118,19382,778281809070.0,2539
2,56892389.40758887,56794326.123046875,-98063.28454199433,-91443.32761950791,4,-4.674048135988414,-91440.8257451118,19383,778296093350.0,2539
1,63634568.196733624,63596266.419677734,-38301.77705588937,-30897.305128626525,1,,-30897.305128626525,19408,779303711410.0,2540
3,33423828.800436437,33394181.60498047,-29647.19545596838,-25758.023122947663,1,,-25758.023122947663,19884,800292414220.0,2561
1,34313792.598327205,34278102.7409668,-35689.85736040771,-31697.129489183426,2,-14.752323359251022,-31689.7533275038,19928,802295080320.0,2563
2,79902564.94844016,79861585.16711426,-40979.781325906515,-31682.377165824175,2,14.752323359251022,-31689.7533275038,19929,802340664080.0,2563
3,12728435.963282894,12700199.44555664,-28236.517726253718,-26755.446204297245,1,,-26755.446204297245,19953,803274385180.0,2564
2,61275996.25257349,61282499.79431152,6503.541738033295,13633.571954704821,1,,13633.571954704821,19992,805324804990.0,2566
0,25779313.632232316,25786538.756713867,7225.124481551349,10224.786607079208,1,,10224.786607079208,20012,806290272860.0,2567
1,5085000.724794166,5029402.193725586,-55598.531068580225,-55006.84409428574,5,1.8831142392009497,-55008.012101992965,20040,807270442780.0,2568
2,30597465.112258144,30538896.857421875,-58568.25483626872,-55007.95611987263,5,0.7710886523127556,-55008.012101992965,20041,807295952430.0,2568
2,34653742.45644693,34594702.16015625,-59040.296290680766,-55008.012101992965,5,0.6871154718101025,-55008.012101992965,20042,807300008260.0,2568
3,62063726.40274508,62001495.27050781,-62231.132237270474,-55009.44231505692,5,-1.458204124122858,-55008.012101992965,20043,807327415220.0,2568
3,65692807.60576962,65630153.17443848,-62654.43133114278,-55010.46416794509,5,-2.4800570122897625,-55008.012101992965,20044,807331043900.0,2568
0,52185372.25736749,52122132.66381836,-63239.59354913235,-57167.34170798212,3,31.148807525634766,-57195.63667318225,20068,808318430980.0,2569
1,52434398.01267461,52371101.14770508,-63296.86496952921,-57195.63667318225,3,-11.293640274554491,-57195.63667318225,20069,808318679950.0,2569
0,74136616.8377448,74070789.01074219,-65827.82700261474,-57201.344357833266,3,-19.855167251080275,-57195.63667318225,20070,808340379770.0,2569
0,58660180.47532502,58615262.744262695,-44917.731062322855,-38092.07526098192,2,20.063394472002983,-38102.10695821792,20102,809325756100.0,2570
1,69094621.15112936,69048469.21276855,-46151.93836081028,-38112.13865545392,2,-20.063394472002983,-38102.10695821792,20103,809336189370.0,2570
2,44470497.60620888,44420560.39013672,-49937.216072164476,-44762.661416605115,1,,-44762.661416605115,20129,810312460590.0,2571
3,3653969.7344302526,3604301.033935547,-49668.7004947057,-49243.5272423625,3,3.488289512693882,-49243.60771781951,20176,812273495120.0,2573
3,9345477.421023116,9295146.380371094,-50331.040652021766,-49243.60771781951,3,3.367576327174902,-49243.60771781951,20177,812279186000.0,2573
1,22853513.776300527,22801604.134765625,-51909.641534902155,-49250.423345930874,3,-6.855865839868784,-49243.60771781951,20178,812292692540.0,2573
2,30299639.35256858,30258550.107666016,-41089.244902566075,-37563.60097427294,1,,-37563.60097427294,20201,813301020650.0,2574
0,26038094.427064642,26049820.150268555,11725.723203912377,14755.49687391892,2,72.11415915563703,14719.439794341102,20250,815298611220.0,2576
1,79083925.93879142,79089407.17358398,5481.234792560339,14683.382714763284,2,-72.11415915563703,14719.439794341102,20251,815351651130.0,2576
0,7185458.65330635,7081910.431640625,-103548.22166572511,-102712.12693937402,1,,-102712.12693937402,20281,816280613130.0,2577
1,20597752.589734856,20560916.20336914,-36836.386365715414,-34439.64690259844,2,-2.1671491153538227,-34438.563328040764,20305,817294886280.0,2578
2,23017247.221770536,22980131.471923828,-37115.74984670803,-34437.47975348309,2,2.1671491153538227,-34438.563328040764,20306,817297305510.0,2578
1,67349075.27633831,67289816.8157959,-59258.46054241061,-51421.77128148079,1,,-51421.77128148079,20327,818342522680.0,2579
0,41833130.223600365,41816137.46130371,-16992.762296654284,-12125.08978550136,2,16.130391605198383,-12133.15498130396,20353,819317895900.0,2580
3,44407960.282214954,44390651.78417969,-17308.498035266995,-12141.22017710656,2,-16.130391605198383,-12133.15498130396,20354,819320470430.0,2580
1,20907967.839159615,20859728.02758789,-48239.81157172471,-45806.97568852082,1,,-45806.97568852082,20377,820297880370.0,2581
2,1753935.8591984669,1705947.9754638672,-47987.88373459969,-47783.79703770392,3,30.30101071484387,-47804.753757510334,20401,821279608600.0,2582
3,21649400.701461017,21599076.8392334,-50323.862227618694,-47804.753757510334,3,-1.134068994782865,-47804.753757510334,20402,821299501850.0,2582
0,33118214.06345223,33066537.009887695,-51677.05356453359,-47823.442339327186,3,-29.166941720061004,-47804.753757510334,20403,821310969380.0,2582
1,55212287.23350944,55152661.68701172,-59625.54649772495,-53201.08503840119,2,-7.907458774745464,-53197.131309013814,20426,822333961830.0,2583
3,74786287.76327181,74724392.5078125,-61895.255459308624,-53193.17757962644,2,7.907458774745464,-53197.131309013814,20427,822353533680.0,2583
3,9056689.484200444,9076068.672973633,19379.18877318874,20433.018553763628,1,,20433.018553763628,20467,824289685050.0,2585
0,20807742.392241634,20743888.669311523,-63853.72293011099,-61432.54920678586,2,11.538558259606361,-61438.31848591566,20492,825302279100.0,2586
0,41712849.150078356,41646551.38562012,-66297.76445823908,-61444.087765045464,2,-11.538558259606361,-61438.31848591566,20493,825323181890.0,2586
0,18537195.60965401,18482515.8079834,-54679.801670610905,-52522.827114302665,4,4.951030787080526,-52525.302629696205,20515,826300890880.0,2587
0,46226967.08899662,46169067.21484375,-57899.874152868986,-52520.93798982352,4,6.840155266225338,-52525.302629696205,20516,826328577600.0,2587
0,68550665.5774,68490161.29382324,-60504.283576756716,-52527.778145089746,4,-4.951030787080526,-52525.302629696205,20517,826350898830.0,2587
1,79585487.63337624,79523674.1069336,-61813.52644264698,-52553.01716761291,4,-30.190053310245275,-52525.302629696205,20518,826361932410.0,2587
1,11715306.732012643,11684432.762451172,-30873.969561470672,-29510.78501768224,3,-0.8199519738554955,-29510.78501768224,20541,827294934690.0,2588
2,20212221.874453157,20180371.02770996,-31850.84674319625,-29498.96735282615,3,16.906545310281217,-29510.78501768224,20542,827303430680.0,2588
3,55442238.706003755,55406266.52478027,-35972.18122348189,-29520.96277859062,3,-16.08659333642572,-29510.78501768224,20543,827338656790.0,2588
0,46479439.87533435,46440824.23754883,-38615.63778552413,-33207.32407326996,1,,-33207.32407326996,20556,828330605420.0,2589
2,15163015.867671594,15109076.408447266,-53939.4592243284,-52175.10176097974,3,-6.283080659806728,-52175.10176097974,20576,829300144600.0,2590
0,21819443.514448516,21764745.879760742,-54697.63468777388,-52158.740160010755,3,18.259320793673396,-52175.10176097974,20577,829306800310.0,2590
1,35240793.65234753,35184514.162109375,-56279.490238152444,-52178.897200629115,3,-11.976240133866668,-52175.10176097974,20578,829320220160.0,2590
1,40408773.07196307,40353245.892578125,-55527.17938494682,-50825.24403274059,4,-2.5714181661605835,-50823.95832365751,20611,830326288970.0,2591
0,57423666.94410385,57366172.294799805,-57494.64930404723,-50812.873315028846,4,12.370717711746693,-50823.95832365751,20612,830343302000.0,2591
1,65526039.45359707,65467572.962524414,-58466.491072654724,-50841.92892996967,4,-19.256315395236015,-50823.95832365751,20613,830351403450.0,2591
0,67573515.97372505,67514830.49609375,-58685.47763130069,-50822.67261457443,4,2.5714181661605835,-50823.95832365751,20614,830353450720.0,2591
1,69291440.31066555,69258325.32104492,-33114.98962062597,-25052.288181468844,1,,-25052.288181468844,20642,831356055360.0,2592
1,36199062.521769084,36178797.79956055,-20264.72220853716,-16052.625704526901,3,1.5387212559580803,-16052.625704526901,20666,832323901790.0,2593
1,39556006.50603053,39535347.36035156,-20659.145678967237,-16056.437622189522,3,-4.179155237972736,-16052.625704526901,20667,832327258360.0,2593
0,51258222.37032734,51236206.10974121,-22016.26058612764,-16051.891229376197,3,2.640433982014656,-16052.625704526901,20668,832338959290.0,2593
3,2443989.6645807056,2355214.9493408203,-88774.71523988526,-88490.33438566187,4,33.18066076701507,-88511.90662342869,20688,833290981120.0,2594
2,2995360.428439608,2906511.5922851562,-88848.8361544516,-88500.29820042849,4,23.216846000403166,-88511.90662342869,20689,833291532420.0,2594
0,23758793.242158197,23667505.17126465,-91288.07089354843,-88523.51504642889,4,-23.216846000403166,-88511.90662342869,20690,833312293540.0,2594
2,41755059.80469105,41661635.59863281,-93424.20605823398,-88565.61776406318,4,-65.31956363469362,-88511.90662342869,20691,833330287780.0,2594
3,38888200.73144108,38839112.35083008,-49088.380611002445,-44563.37794692069,1,,-44563.37794692069,20707,834328306150.0,2595
0,36369150.39767207,36320595.06164551,-48555.33602656424,-44323.44822140783,2,24.03109011054039,-44335.4637664631,20726,835326659760.0,2596
1,49113399.74522522,49063337.466552734,-50062.278672486544,-44347.47931151837,2,-24.03109011054039,-44335.4637664631,20727,835339402580.0,2596
2,74997489.42410113,74939611.05163574,-57878.37246538699,-49151.71931454539,1,,-49151.71931454539,20749,836366187250.0,2597
3,25656346.515333913,25608432.858642578,-47913.65669133514,-44928.30292981118,1,,-44928.30292981118,20778,837317721770.0,2598
2,1243263.2685721382,1195936.5668945312,-47326.70167760691,-47182.03647076711,3,46.439393347129226,-47217.53571917489,20799,838294234260.0,2599
2,16659478.7237557,16610322.70324707,-49156.0205086302,-47217.53571917489,3,-6.80947926454246,-47217.53571917489,20800,838309648740.0,2599
0,41824765.59617529,41772659.48095703,-52106.115218259394,-47239.41600905359,3,-39.629914082586765,-47217.53571917489,20801,838334811230.0,2599
1,55214782.837648496,55148217.1451416,-66565.69250689447,-60140.94066089392,2,-7.938144288957119,-60136.97158874944,20825,839349102020.0,2600
1,58474064.30251298,58407127.30053711,-66937.00197587162,-60133.00251660496,2,7.938144288957119,-60136.97158874944,20826,839352360950.0,2600
1,4789515.119089354,4770637.366088867,-18877.753000486642,-18320.448515684344,2,1.2861062129959464,-18321.091568790842,20852,840299583220.0,2601
2,32271636.876096763,32249560.037353516,-22076.83874324709,-18321.73462189734,2,-1.2861062129959464,-18321.091568790842,20853,840327062310.0,2601
3,15121022.507653192,15162985.020019531,41962.512366339564,43721.98351295479,2,20.180441668257117,43711.89329212066,20882,841310919710.0,2602
1,25450261.69996187,25491002.12915039,40740.429188519716,43701.80307128653,2,-20.180441668257117,43711.89329212066,20883,841321247790.0,2602
1,2106419.746694335,2129527.036743164,23107.29004882928,23352.39151370013,3,-10.591305320616812,23360.887564226985,20910,842298877100.0,2603
0,36556695.91351866,36575807.28112793,19111.367609269917,23365.07807381451,3,8.438534850953147,23360.887564226985,20911,842333323590.0,2603
0,68426474.40462202,68441873.23754883,15398.832926809788,23360.887564226985,3,2.1527704696636647,23360.887564226985,20912,842365189850.0,2603
2,27590181.591761008,27525596.641479492,-64584.95028151572,-61374.57688143477,2,-1.3095373399555683,-61373.92211276479,20959,844326099530.0,2605
3,53399676.311423115,53332089.4967041,-67586.81471901387,-61373.26734409481,2,1.3095373399555683,-61373.92211276479,20960,844351906180.0,2605
1,62480778.063593134,62412264.75256348,-68513.31102965772,-61243.09328047186,1,,-61243.09328047186,21000,846362763720.0,2607
1,511011.54828795244,471299.2840576172,-39712.26423033525,-39652.80329941312,3,27.113468761497643,-39665.82238724083,21020,847301698360.0,2608
2,29664379.3275856,29621261.779663086,-43117.54792251438,-39665.82238724083,3,7.584837019938277,-39665.82238724083,21021,847330848500.0,2608
1,78186678.10093823,78137886.3449707,-48791.75596752763,-39694.01114910841,3,-34.69830578143592,-39665.82238724083,21022,847379365420.0,2608
2,18412038.21149323,18369184.74279785,-42853.468695379794,-40711.05736260861,2,8.723951153457165,-40715.41933818534,21060,849321390560.0,2610
1,25708771.550888002,25665060.315673828,-43711.235214173794,-40719.78131376207,2,-8.723951153457165,-40715.41933818534,21061,849328686480.0,2610
0,33696985.39278884,33660078.61608887,-36906.77669997513,-32985.820065163076,1,,-32985.820065163076,21089,850337617690.0,2611
0,11792433.436676044,11766441.18725586,-25992.249420184642,-24620.090469311923,3,32.79849191009998,-24652.06777895242,21109,851316616030.0,2612
1,46745199.6776665,46715108.372558594,-30091.30510790646,-24652.06777895242,3,-15.16747255064547,-24652.06777895242,21110,851351564910.0,2612
3,62269673.21337363,62237773.849487305,-31899.36388632655,-24653.710143491626,3,-17.631019359454513,-24652.06777895242,21111,851367087670.0,2612
2,25940958.45263026,25909935.913330078,-31022.53930018097,-28004.068301290274,2,3.174703426659107,-28005.655653003603,21131,852331717770.0,2613
0,45510779.60388015,45477476.759765625,-33302.844114527106,-28007.243004716933,2,-3.174703426659107,-28005.655653003603,21132,852351285430.0,2613
1,19880038.58635208,19784560.338134766,-95478.24821731448,-93165.02143198624,4,-5.430844001471996,-93162.3060099855,21159,853326505460.0,2614
1,28566411.007281765,28469927.449951172,-96483.55733059347,-93159.59058798477,4,5.430844001471996,-93162.3060099855,21160,853335190880.0,2614
0,34865496.54611534,34768289.09692383,-97207.44919151068,-93150.52545145154,4,14.49598053470254,-93162.3060099855,21161,853341489280.0,2614
1,36773277.67302837,36675827.48132324,-97450.19170513004,-93171.27994506806,4,-11.689357083290815,-93162.3060099855,21162,853343396830.0,2614
3,24279184.010926444,24207146.807006836,-72037.20391960815,-69212.0957823135,3,-1.2200409714132547,-69212.0957823135,21184,854331796120.0,2615
0,29712144.434741262,29639483.727661133,-72660.70708012953,-69203.42363183573,3,11.788184745237231,-69212.0957823135,21185,854337228490.0,2615
3,36159920.339281484,36086494.46948242,-73425.86979906261,-69218.32785084844,3,-10.568143773823977,-69212.0957823135,21186,854343675540.0,2615
3,14205831.688154725,14134422.892700195,-71408.79545453005,-69755.81524394453,2,10.234683267772198,-69760.93258557841,21232,856323467620.0,2617
3,25842985.159155235,25770212.038330078,-72773.12082515657,-69766.0499272123,2,-10.234683267772198,-69760.93258557841,21233,856335103480.0,2617
2,11779977.904962627,11723207.02331543,-56770.88164719753,-55400.172012908384,2,8.982286082580686,-55404.663155949675,21250,857321916500.0,2618
2,39390241.488365896,39330248.91430664,-59992.57405925542,-55409.154298990965,2,-8.982286082580686,-55404.663155949675,21251,857349523710.0,2618
0,34638790.282375515,34624633.14526367,-14157.137111842632,-10126.592747226357,3,52.80851513892412,-10174.610871434212,21309,860347524350.0,2621
1,56186994.43471653,56170281.94616699,-16712.488549537957,-10174.610871434212,3,-19.218671172857285,-10174.610871434212,21310,860369070130.0,2621
1,69707224.89994875,69688929.62646484,-18295.273483902216,-10184.191653296351,3,-33.58984396606684,-10174.610871434212,21311,860382588860.0,2621
2,44116914.01080715,44085302.357177734,-31611.653629414737,-26478.241703040898,2,-4.447448514401913,-26476.017978783697,21338,861357948100.0,2622
3,72322659.82862173,72287770.62243652,-34889.20618520677,-26473.794254526496,2,4.447448514401913,-26476.017978783697,21339,861386150740.0,2622
0,21501171.825545717,21397339.65600586,-103832.16953985766,-101330.30887360126,1,,-101330.30887360126,21360,862336170030.0,2623
1,9340715.134939328,9284138.057739258,-56577.07720007002,-55490.198402002454,2,9.359307032078505,-55494.87805551849,21403,864325818960.0,2625
2,30726692.73944925,30667617.846191406,-59074.89325784519,-55499.55770903453,2,-9.359307032078505,-55494.87805551849,21404,864347202570.0,2625
2,39112756.268640846,39049716.16687012,-63040.10177072883,-58488.96998817474,1,,-58488.96998817474,21428,865356458910.0,2626
2,56369565.83475499,56296250.290527344,-73315.5442276448,-66756.42267463356,1,,-66756.42267463356,21454,866374615580.0,2627
3,7459581.075743086,7396237.484375,-63343.591368085705,-62475.59995666053,3,45.080231877975166,-62498.47864694521,21479,867326579220.0,2628
1,29662802.317801654,29596852.29711914,-65950.02068251371,-62498.47864694521,3,10.762196450959891,-62498.47864694521,21480,867348779970.0,2628
2,66182323.75162807,66112079.942993164,-70243.808634907,-62542.881730131805,3,-55.84242832893506,-62498.47864694521,21481,867385295420.0,2628
2,26835321.49683007,26838132.18371582,2810.686885751784,5933.22531593591,3,-1.97670479118824,5933.906881228089,21496,868346940480.0,2629
3,52753736.264834575,52753534.37573242,-201.88910215348005,5936.497160226107,3,2.9310616441071033,5933.906881228089,21497,868372856040.0,2629
3,69177149.87520078,69175034.37939453,-2115.495806246996,5933.906881228089,3,-0.9543568529188633,5933.906881228089,21498,868389277640.0,2629
1,6025232.172467519,5998677.805541992,-26554.36692552641,-25853.275305978023,4,31.632569224573672,-25879.78206055984,21526,869327080050.0,2630
1,62438004.47701227,62404854.32849121,-33150.14852105826,-25884.907875202596,4,-10.251629285514355,-25879.78206055984,21527,869383486570.0,2630
0,72694455.21050914,72660121.88049316,-34333.33001597226,-25874.656245917082,4,10.251629285514355,-25879.78206055984,21528,869393741900.0,2630
2,78771670.4157774,78736614.87866211,-35055.53711529076,-25889.723017930984,4,-15.066772013902664,-25879.78206055984,21529,869399818430.0,2630
1,213761.61324470158,161182.19201660156,-52579.42122810002,-52554.54808274444,4,13.502482088544639,-52561.29932378871,21558,870322202470.0,2631
1,25171687.241904642,25116190.232177734,-55497.00972690806,-52568.050564832985,4,-13.502482088544639,-52561.29932378871,21559,870347157630.0,2631
0,25763562.497935407,25708016.6282959,-55545.869639508426,-52548.04030447453,4,20.010260358452797,-52561.29932378871,21560,870347749460.0,2631
3,59353285.06050103,59293802.1126709,-59482.94783013314,-52576.64288495481,4,-22.09480221036938,-52561.29932378871,21561,870381335450.0,2631
2,17137962.358529598,17155823.92126465,17861.562735050917,19855.723531145602,1,,19855.723531145602,21577,871340095470.0,2632
3,13775507.195061795,13772730.01184082,-2777.183220975101,-1174.2752544377,3,116.91555235348642,-1281.8727555572987,21628,873338663490.0,2634
1,48389491.69895834,48382579.260253906,-6912.438704431057,-1281.8727555572987,3,-44.4806993259117,-1281.8727555572987,21629,873373273550.0,2634
2,56554300.67387369,56546419.54785156,-7881.126022130251,-1300.508858025074,3,-72.43485302757472,-1281.8727555572987,21630,873381437440.0,2634
0,5043070.475701863,4941354.42175293,-101716.05394893326,-101129.24594783038,1,,-101129.24594783038,21657,874330826060.0,2635
0,2886465.774705127,2813330.9979248047,-73134.7767803222,-72798.90972875757,1,,-72798.90972875757,21680,875329530230.0,2636
1,3633281.011076279,3550297.6962890625,-82983.31478721648,-82560.54885962792,5,1.9456213805824518,-82562.25305200368,21701,876331170320.0,2637
2,15094964.578901611,15010647.91015625,-84316.66874536127,-82560.22968032397,5,2.2648006845265627,-82562.25305200368,21702,876342630740.0,2637
3,40530701.41691309,40443423.041015625,-87278.37589746714,-82562.25305200368,5,-0.6106671830639243,-82562.25305200368,21703,876368063670.0,2637
2,55794014.994941525,55704960.1081543,-89054.88678722829,-82562.73591001332,5,-1.3349541975185275,-82562.25305200368,21704,876383325300.0,2637
3,64078630.37765517,63988609.666137695,-90020.71151747555,-82564.56883882731,5,-3.1678830115124583,-82562.25305200368,21705,876391609000.0,2637
0,20173384.932323433,20107180.306274414,-66204.6260490194,-63857.2656968981,1,,-63857.2656968981,21730,877348590230.0,2638
0,19519289.38477163,19439227.43811035,-80061.9466612786,-77790.69638983905,2,2.7451912984251976,-77792.06898548827,21758,878348845360.0,2639
0,43259940.026410446,43177112.88977051,-82827.13663993776,-77793.44158113748,2,-2.7451912984251976,-77792.06898548827,21759,878372583390.0,2639
3,56472238.93809482,56411609.69836426,-60629.23973055929,-54058.17121015489,1,,-54058.17121015489,21786,879386686270.0,2640
0,19549041.87124864,19486874.875976562,-62166.99527207762,-59892.28302301839,3,42.334593538194895,-59918.292295604944,21825,881351574460.0,2642
2,43036567.86495122,42971641.869018555,-64925.99593266845,-59918.292295604944,3,3.3206846583634615,-59918.292295604944,21826,881375059370.0,2642
3,70646855.11946467,70578683.76000977,-68171.35945490003,-59950.942937508225,3,-45.655278196558356,-59918.292295604944,21828,881402666580.0,2642
2,5847776.3797392575,5794987.285522461,-52789.09421679657,-52108.65122381784,1,,-52108.65122381784,21858,882338810440.0,2643
1,10651949.273641516,10535477.586303711,-116471.68733780459,-115232.23429203965,3,11.970628429204226,-115241.88856512308,21881,883344457150.0,2644
1,23254093.20704039,23136140.856445312,-117952.35059507936,-115246.52127581462,3,-9.459847233258188,-115241.88856512308,21882,883357057890.0,2644
2,35437262.01988672,35317896.677368164,-119365.34251855314,-115241.88856512308,3,-2.5107811959460378,-115241.88856512308,21883,883369239720.0,2644
2,9516004.472321965,9426557.84753418,-89446.62478778511,-88339.34945031069,2,21.232860321179032,-88349.96588047128,21901,884344198350.0,2645
2,69073653.16460848,68977255.22241211,-96397.94219636917,-88360.58231063187,2,-21.232860321179032,-88349.96588047128,21902,884403749410.0,2645
0,11920414.318800358,11837000.661132812,-83413.6576675456,-82026.60695460439,2,29.052661813795567,-82041.13328551129,21923,885347461750.0,2646
1,26816065.924401186,26730889.966918945,-85175.9574822411,-82055.65961641818,2,-29.052661813795567,-82041.13328551129,21924,885362355730.0,2646
0,1112098.7043956115,1023875.7044677734,-88222.9999278381,-88093.59693398746,1,,-88093.59693398746,21954,886337549630.0,2647
3,28274452.136866912,28192781.72229004,-81670.41457687318,-78380.41995541379,2,10.736156325787306,-78385.78803357668,21979,887365577020.0,2648
2,65825873.69195272,65739823.08520508,-86050.60674764216,-78391.15611173958,2,-10.736156325787306,-78385.78803357668,21980,887403124290.0,2648
3,47282081.29264071,47178591.1940918,-103490.09854891151,-97988.39006695151,2,23.92214196920395,-98000.35113793612,22001,888385482960.0,2649
2,73732401.90840453,73625810.14770508,-106591.76069945097,-98012.31220892072,2,-23.92214196920395,-98000.35113793612,22002,888411930340.0,2649
1,21502649.37794317,21439718.452026367,-62930.92591680214,-60428.89332362637,1,,-60428.89332362637,22054,890361525080.0,2651
1,21122582.950426143,21043932.93005371,-78650.02037243173,-76192.21203146502,1,,-76192.21203146502,22100,892362985450.0,2653
0,7332142.788381127,7218494.406982422,-113648.38139870483,-112795.21861341782,1,,-112795.21861341782,22125,893350046150.0,2654
3,2875669.883777787,2807434.6982421875,-68235.18553559948,-67900.57468602667,1,,-67900.57468602667,22145,894346497990.0,2655
0,16568244.036835331,16488398.655517578,-79845.38131775334,-77917.51252990216,1,,-77917.51252990216,22165,895361069100.0,2656
0,17152927.615659274,17049470.368896484,-103457.24676278979,-101461.34462029487,1,,-101461.34462029487,22189,896362542510.0,2657
3,32561622.60096899,32478325.896240234,-83296.7047287561,-79507.85808003321,2,9.79878344014287,-79512.75747175328,22209,897378826450.0,2658
2,53876452.79952261,53790666.11791992,-85786.68160268664,-79517.65686347336,2,-9.79878344014287,-79512.75747175328,22210,897400138920.0,2658
2,67076934.59890824,66986722.86425781,-90211.73465042561,-82406.71148017049,2,-14.726960957050323,-82399.34799969196,22239,898414252000.0,2659
0,75045308.54952484,74954184.34765625,-91124.2018685937,-82391.98451921344,2,14.726960957050323,-82399.34799969196,22240,898422219510.0,2659
0,33968507.41557614,33918937.61743164,-49569.79814449698,-45617.2474052161,2,28.163479410111904,-45631.329144921154,22265,899382053340.0,2660
1,61888464.33036477,61835617.622924805,-52846.7074399665,-45645.41088462621,2,-28.163479410111904,-45631.329144921154,22266,899409970190.0,2660
0,15604334.094377395,15555054.244140625,-49279.850236769766,-47464.14130654931,3,8.114922178909183,-47466.28072240576,22285,900364655440.0,2661
0,20369361.67635286,20319525.231567383,-49836.44478547573,-47466.28072240576,3,4.905798394232988,-47466.28072240576,22286,900369419940.0,2661
0,73184117.54375596,73128123.66149902,-55993.88225694001,-47478.23173505068,3,-13.020720573142171,-47466.28072240576,22287,900422228860.0,2661
