arm,tof,off,u,v,n_b,res,delta_b,eventId,t_dream_ns,bunch
1,57937545.63039026,57928028.002391815,-9517.627998441458,-2808.7576350346208,1,,-2808.7576350346208,13,554005160.0,2532
1,23751473.666522704,23684795.75676155,-66677.90976115316,-63927.61103802174,2,-20.190078869462013,-63917.51599858701,39,1520780350.0,2533
1,61356136.532559425,61285124.385959625,-71012.1465997994,-63907.42095915228,2,20.190078869462013,-63917.51599858701,40,1558380850.0,2533
2,38571228.60158251,38504876.26425171,-66352.33733080328,-61885.98706294596,4,-10.246019311249256,-61880.86405329034,67,2536538180.0,2534
1,41218327.86679676,41151664.20100212,-66663.66579464078,-61890.7950206697,4,-15.05397703498602,-61880.86405329034,68,2539184980.0,2534
0,43462902.49406953,43395993.97203255,-66908.52203698456,-61875.74104363471,4,10.246019311249256,-61880.86405329034,69,2541429320.0,2534
3,73285562.3276963,73215208.0651722,-70354.26252409816,-61868.17061571777,4,17.816447228193283,-61880.86405329034,70,2571248670.0,2534
0,8774947.93746696,8745577.96025467,-29369.97721229121,-28353.883287055418,2,12.50935230590403,-28360.13796320837,95,3507714380.0,2535
1,42234822.4463616,42201565.4780941,-33256.9682675004,-28366.392639361322,2,-12.50935230590403,-28360.13796320837,96,3541170520.0,2535
0,13177774.723808043,13136637.99653244,-41136.72727560252,-39610.80861028284,3,18.51862847432494,-39627.32902867347,122,4513043910.0,2536
2,17479543.75963339,17437888.39274788,-41655.36688550934,-39631.32544884086,3,-12.25662936270237,-39627.32902867347,123,4517345180.0,2536
0,27138434.19595311,27095664.375558853,-42769.82039425522,-39627.32902867347,3,-6.261999111622572,-39627.32902867347,124,4527003000.0,2536
1,2763535.7349421056,2794675.053079605,31139.318137499504,31459.321389080957,2,-5.369986793026328,31462.00638247747,160,5503668510.0,2537
2,45994339.26008503,46020478.0430851,26138.783000066876,31464.691375873983,2,5.369986793026328,31462.00638247747,161,5546894510.0,2537
1,29163124.648373388,29129656.587961197,-33468.060412190855,-30091.120285905898,3,-10.486166648566723,-30082.07640570402,192,6531049070.0,2538
1,64778257.34990029,64740674.28383064,-37583.06606964767,-30082.07640570402,3,3.0796536542475224,-30082.07640570402,193,6566660250.0,2538
2,78281546.54014802,78242402.74708176,-39143.7930662632,-30079.19183281064,3,7.4065129943192005,-30082.07640570402,194,6580162040.0,2538
3,1171146.1618247647,1065080.4401435852,-106065.72168117948,-105930.10896768258,2,17.131383744766936,-105938.67465955496,232,8504895570.0,2540
2,6891419.60334718,6784674.371982574,-106745.23136460595,-105947.24035142735,2,-17.131383744766936,-105938.67465955496,233,8510615190.0,2540
3,21914442.399890453,21836742.292354584,-77700.10753586888,-75162.52760307118,3,11.138100244104862,-75173.20640839636,250,9526501840.0,2541
3,46047578.51189628,45967072.313690186,-80506.19820609689,-75174.12499823421,3,-6.257992500439286,-75173.20640839636,251,9550632280.0,2541
2,70441581.12604561,70358251.1461525,-83329.97989311814,-75173.20640839636,3,-4.880107743665576,-75173.20640839636,252,9575023570.0,2541
1,224564.10399163095,144379.34074401855,-80184.7632476124,-80158.75987716304,6,-35.245534452667926,-80130.82738259993,273,10505718900.0,2542
3,21184765.0489894,21102173.821525574,-82591.22746382654,-80138.1404224895,6,-14.6260797791183,-80130.82738259993,274,10526676790.0,2542
2,36273669.07057053,36189325.05890274,-84344.01166778803,-80143.7069991678,6,-20.192656457424164,-80130.82738259993,275,10541764010.0,2542
0,56116349.21423529,56029734.63238144,-86614.58185385168,-80116.59668637812,6,21.54373611137271,-80130.82738259993,276,10561604510.0,2542
3,70641080.78455912,70552778.44078827,-88302.34377084672,-80122.46924978495,6,15.671172704547644,-80130.82738259993,277,10576127620.0,2542
2,71896051.42970562,71807602.7216835,-88448.70802211761,-80123.51434271038,6,14.6260797791183,-80130.82738259993,278,10577382450.0,2542
0,57414955.06964489,57337571.04424667,-77384.02539821714,-70735.66833904386,2,27.89354382455349,-70749.61511095613,298,11563779890.0,2543
2,79534983.54440632,79455010.23971939,-79973.30468693376,-70763.56188286841,2,-27.89354382455349,-70749.61511095613,299,11585897430.0,2543
3,36892482.40150287,36797386.82268524,-95095.57881762832,-90823.61874195188,1,,-90823.61874195188,323,12544153230.0,2544
3,47664056.28492223,47572352.14110947,-91704.14381276071,-86184.89077692479,1,,-86184.89077692479,350,13555783750.0,2545
1,24932158.01661104,24828691.98448944,-103466.03212159872,-100579.01621173322,4,35.83759228140116,-100599.679050304,385,14533948740.0,2546
1,31056604.774091728,30952424.07439041,-104180.69970131665,-100584.50429659337,4,30.34950742125511,-100599.679050304,386,14540072500.0,2546
1,61075004.30145984,60967317.27568436,-107687.02577548474,-100614.85380401462,4,-30.34950742125511,-100599.679050304,387,14570087530.0,2546
1,79039088.19012916,78929295.4104805,-109792.77964866161,-100640.45898094773,4,-55.95468435436487,-100599.679050304,388,14588049590.0,2546
1,14981720.114937428,14929799.62759018,-51920.48734724894,-50185.681066134945,1,,-50185.681066134945,427,16525832750.0,2548
0,12435942.029126566,12312639.713703156,-123302.31542341039,-121862.29717596062,2,63.726402973756194,-121894.1603774475,446,17524130220.0,2549
1,60377578.67321622,60248661.23597336,-128917.43724286556,-121926.02357893437,2,-63.726402973756194,-121894.1603774475,447,17572066460.0,2549
1,16451354.486780996,16361441.919319153,-89912.56746184267,-88007.58506479114,3,45.539312437176704,-88039.51495943218,497,19529933060.0,2551
0,48170104.737649746,48076487.37184143,-93617.36580831558,-88039.51495943218,3,-2.355529524385929,-88039.51495943218,498,19561648250.0,2551
2,55369322.78106688,55274844.56393051,-94478.21713636816,-88066.73379502445,3,-43.183782912790775,-88039.51495943218,499,19568846640.0,2551
1,19727425.343227655,19654171.27531433,-73254.06791332364,-70969.73332870379,3,24.666974190622568,-70969.73332870379,524,20534095390.0,2552
0,27514754.209087968,27440605.78712845,-74148.42195951939,-70962.35466824472,3,35.734964879229665,-70969.73332870379,525,20541881860.0,2552
0,71719715.55887917,71640384.33805084,-79331.22082832456,-71026.44593754411,3,-60.40193906985223,-70969.73332870379,526,20586081840.0,2552
2,2336565.2179418677,2232522.817089081,-104042.40085278684,-103771.83859523432,2,131.14366451604292,-103837.41042749234,547,21517592400.0,2553
1,65966444.403618634,65854902.84573364,-111541.55788499117,-103902.98225975037,2,-131.14366451604292,-103837.41042749234,548,21581215070.0,2553
1,33629224.41479577,33524166.59992981,-105057.81486596167,-101163.72331330925,2,47.75350420922041,-101187.60006541386,578,22549745580.0,2554
2,65151338.61600053,65042582.94862366,-108755.66737687588,-101211.47681751847,2,-47.75350420922041,-101187.60006541386,579,22581264140.0,2554
1,7532116.708030516,7445545.752716064,-86570.95531445183,-85698.77486554906,2,35.03857382386923,-85716.29415246099,606,23524551530.0,2555
2,32187634.369842753,32098173.393577576,-89460.97626517713,-85733.81343937293,2,-35.03857382386923,-85716.29415246099,607,23549204270.0,2555
3,9732743.001805756,9582626.420520782,-150116.58128497377,-148989.57960809954,3,-8.035935072228312,-148989.57960809954,655,25528497680.0,2557
1,16838666.28137552,16687724.037658691,-150942.24371682853,-148992.412602216,3,-12.285426246933639,-148989.57960809954,656,25535602810.0,2557
1,59016236.27929376,58860431.8273468,-155804.4519469589,-148970.6747438386,3,20.32136131916195,-148989.57960809954,657,25577775710.0,2557
2,30889169.464928478,30812104.399665833,-77065.06526264548,-73488.25800719857,2,80.62266799807549,-73528.56934119761,683,26550514920.0,2558
1,75852121.6633477,75769769.49636841,-82352.166979298,-73568.88067519665,2,-80.62266799807549,-73528.56934119761,684,26595472790.0,2558
3,17271705.83187443,17166034.758003235,-105671.07387119532,-103671.09899963066,2,40.968621488660574,-103691.58331037499,707,27537782150.0,2559
0,52146536.19660173,52036785.82778168,-109750.36882005632,-103712.06762111932,2,-40.968621488660574,-103691.58331037499,708,27572653060.0,2559
0,46088291.92456919,45986307.87226868,-101984.05230051279,-96647.26468846202,1,,-96647.26468846202,735,28567449100.0,2560
1,5582976.125145371,5477286.758239746,-105689.36690562498,-105042.88693036791,1,,-105042.88693036791,756,29527832520.0,2561
3,14703513.585240528,14606747.498191833,-96766.08704869449,-95063.49565555528,3,0.16017108038067818,-95063.49565555528,787,30537834680.0,2562
1,19973024.054758623,19875643.484176636,-97380.5705819875,-95067.79692734778,3,-6.291736608371139,-95063.49565555528,788,30543103600.0,2562
2,30192822.599409025,30094266.910820007,-98555.68858901784,-95059.51472592354,3,6.13156552799046,-95063.49565555528,789,30553322270.0,2562
1,44876392.53447384,44785166.18559265,-91226.34888118505,-86029.89299726486,1,,-86029.89299726486,805,31568911750.0,2563
1,17656327.197414234,17603068.41786194,-53258.779552295804,-51214.26750104502,1,,-51214.26750104502,816,32542603210.0,2564
1,29585760.0335873,29461914.377418518,-123845.65616878122,-120419.77703447267,1,,-120419.77703447267,843,33555409520.0,2565
2,36860604.005354196,36772757.59742737,-87846.40792682767,-83578.13920577615,1,,-83578.13920577615,870,34563551070.0,2566
3,2332017.3081950955,2281717.0731658936,-50300.235029201955,-50030.1993962517,2,-13.351330371107906,-50023.52373106615,926,36530897860.0,2568
0,3433466.4794703647,3383052.0536117554,-50414.42585860938,-50016.84806588059,2,13.351330371107906,-50023.52373106615,927,36531999200.0,2568
0,3564397.4895436335,3479865.6022491455,-84531.88729448803,-84119.14836292295,3,-0.9308870113454759,-84119.14836292295,946,37533047520.0,2569
2,29459690.920362987,29372157.5931015,-87533.32726148516,-84122.04628331587,3,-5.277767600724474,-84119.14836292295,947,37558939930.0,2569
1,71361504.32406352,71269126.63952637,-92377.68453715742,-84114.38866850734,3,6.2086546120699495,-84119.14836292295,948,37600837090.0,2569
2,71506535.13183303,71405594.55735779,-100940.57447524369,-92660.48478356004,1,,-92660.48478356004,1006,39602753690.0,2571
1,817632.8373291648,748290.9316558838,-69341.90567328106,-69247.2279880112,2,-22.08633806463331,-69236.18481897889,1028,40532970770.0,2572
0,42836974.88585278,42762789.44241333,-74185.44343944639,-69225.14164994657,2,22.08633806463331,-69236.18481897889,1029,40574985460.0,2572
1,15691406.839568576,15642353.392868042,-49053.44670053385,-47236.46233986132,4,-19.267429245635867,-47217.65306695178,1073,42549688040.0,2574
3,25135438.104362696,25085310.354751587,-50127.749611109495,-47217.19491061568,4,0.9163126721978188,-47217.65306695178,1074,42559131040.0,2574
3,26287857.213137496,26237595.102996826,-50262.11014067009,-47218.11122328788,4,-0.9163126721978188,-47217.65306695178,1075,42560283330.0,2574
3,69208352.04833186,69153129.5071106,-55222.541221261024,-47208.56933298707,4,9.541890300810337,-47217.65306695178,1076,42603199060.0,2574
3,8105445.916386666,7983954.4647369385,-121491.4516497273,-120552.88262166455,3,21.395776703953743,-120571.15016437322,1097,43542942200.0,2575
1,37986208.05126858,37861238.29321289,-124969.75805568695,-120571.15016437322,3,-6.005537359043956,-120571.15016437322,1098,43572819620.0,2575
3,53226649.61943254,53099908.8400116,-126740.77942094207,-120577.4066323638,3,-15.390239344909787,-120571.15016437322,1099,43588058360.0,2575
1,6731391.42917005,6631381.011268616,-100010.417901434,-99230.95732932538,1,,-99230.95732932538,1121,44542455110.0,2576
0,71690084.17305088,71596735.42346954,-93348.74958133698,-85047.40585291386,1,,-85047.40585291386,1141,45608259370.0,2577
1,71560093.27479073,71462262.33193207,-97830.94285866618,-89544.65140897036,1,,-89544.65140897036,1167,46609009330.0,2578
3,22569528.87987013,22490934.231437683,-78594.6484324485,-75981.21284813434,1,,-75981.21284813434,1215,48561782070.0,2580
0,8352577.894815033,8300483.252914429,-52094.64190060459,-51127.456258084625,2,11.695395316928625,-51133.30395574309,1234,49548464980.0,2581
3,36307739.25811852,36252395.85664368,-55343.40147484094,-51139.15165340155,2,-11.695395316928625,-51133.30395574309,1235,49576417020.0,2581
1,1564867.483424739,1528452.1939849854,-36415.28943975363,-36234.085818371736,2,-35.848226494155824,-36216.16170512466,1261,50542625480.0,2582
2,78054560.17253053,78009323.61756134,-45236.55496919155,-36198.23759187758,2,35.848226494155824,-36216.16170512466,1262,50619106700.0,2582
2,20332670.727551833,20217181.21054077,-115489.51701106131,-113135.09811794385,3,11.28517753444612,-113145.24849041924,1291,51562221000.0,2583
2,26898091.20024156,26781831.290870667,-116259.90937089175,-113145.24849041924,3,-3.9403811786323786,-113145.24849041924,1292,51568785680.0,2583
1,30825450.340257958,30708733.39324951,-116716.94700844586,-113147.51810053736,3,-7.344796355813742,-113145.24849041924,1293,51572712600.0,2583
2,34318934.20245374,34221253.802345276,-97680.40010846406,-93706.44370300323,2,-6.506732054054737,-93703.1903369762,1314,52577082690.0,2584
2,41016022.66440326,40917573.282562256,-98449.3818410039,-93699.93697094917,2,6.506732054054737,-93703.1903369762,1315,52583779040.0,2584
2,17814827.697854415,17731201.395713806,-83626.30214060843,-81563.43654506281,2,-6.291954953223467,-81560.2905675862,1343,53561446020.0,2585
2,78919678.56894651,78828982.93070984,-90695.63823667169,-81557.14459010959,2,6.291954953223467,-81560.2905675862,1344,53622544080.0,2585
0,31161714.127839513,31084454.817237854,-77259.31060165912,-73650.94407334924,3,20.187182638794184,-73665.09493531287,1376,54575686840.0,2586
2,56852638.15076337,56772377.7395401,-80260.41122327,-73677.1675766632,3,-19.148072332143784,-73665.09493531287,1377,54601374880.0,2586
2,71691886.76195726,71609920.11456299,-81966.6473942697,-73665.09493531287,3,-1.0391103066504002,-73665.09493531287,1378,54616212490.0,2586
3,587659.6632806079,474302.6735305786,-113356.98975002929,-113288.941777754,3,38.893732872908004,-113308.62142487708,1397,55545950230.0,2587
1,2545467.1250225333,2431863.7515716553,-113603.37345087808,-113308.62142487708,3,9.374262188270222,-113308.62142487708,1398,55547907800.0,2587
1,35059862.37991307,34942455.57823181,-117406.80168125778,-113347.04959637672,3,-48.267995061178226,-113308.62142487708,1399,55580418540.0,2587
3,15802654.03390098,15709671.603294373,-92982.43060660735,-91152.56439191662,2,1.2533349934965372,-91153.19105941337,1419,56562054230.0,2588
1,16071045.142449811,15978030.380195618,-93014.76225419343,-91153.81772691011,2,-1.2533349934965372,-91153.19105941337,1420,56562322590.0,2588
1,2439585.0818456383,2387508.7805633545,-52076.30128228385,-51793.8098533405,5,-23.851612580940127,-51777.6693160031,1442,57549580600.0,2589
3,8724948.110557139,8672160.137039185,-52787.97351795435,-51777.6693160031,5,-5.747763395309448,-51777.6693160031,1443,57555865280.0,2589
0,10268442.254618753,10215493.103004456,-52949.15161429718,-51760.118713941425,5,19.51391390990466,-51777.6693160031,1444,57557408620.0,2589
1,31490714.448687576,31435286.389671326,-55428.059016250074,-51781.59593969956,5,-11.637698940001428,-51777.6693160031,1446,57578628510.0,2589
0,34190595.42837705,34134874.08577728,-55721.342599764466,-51762.24716551602,5,17.385462335310876,-51777.6693160031,1447,57581328110.0,2589
0,19497269.167062696,19472373.017196655,-24896.149866040796,-22638.46618512273,1,,-22638.46618512273,1477,58567591960.0,2590
1,26529195.125152558,26461324.36116028,-67870.76399227977,-64798.81938358769,5,-8.33696161583066,-64792.44581653923,1571,62578115350.0,2594
1,30636375.624870725,30568035.64402771,-68339.98084301502,-64792.44581653923,5,1.1448259260505438,-64792.44581653923,1572,62582222080.0,2594
2,31259251.128581293,31190832.805511475,-68418.32306981832,-64798.66225752607,5,-8.179835554212332,-64792.44581653923,1573,62582844880.0,2594
2,43761711.73026252,43691855.82966614,-69855.90059638023,-64788.51902740449,5,7.035009628161788,-64792.44581653923,1574,62595345960.0,2594
0,64283989.78394086,64211772.3061676,-72217.4777732566,-64773.72175614536,5,21.832280887290835,-64792.44581653923,1575,62615865970.0,2594
3,27792839.31864679,27702423.067855835,-90416.25079095364,-87197.98267153278,1,,-87197.98267153278,1604,63580226040.0,2595
3,73543889.44290748,73474372.65788269,-69516.78502479196,-61000.78016257286,1,,-61000.78016257286,1628,64626902600.0,2596
0,32966405.73893913,32916107.52131653,-50298.217622600496,-46480.87707005441,2,86.93674840033054,-46524.34544425458,1675,66588240250.0,2598
3,77404765.89705187,77349235.00869751,-55530.88835436106,-46567.81381845474,2,-86.93674840033054,-46524.34544425458,1676,66632673580.0,2598
1,19536339.69329538,19515568.78627014,-20770.907025236636,-18508.699177946895,2,2.9106908924877644,-18510.15452339314,1701,67575747380.0,2599
1,21915057.207068592,21894007.94607544,-21049.260993152857,-18511.609868839383,2,-2.9106908924877644,-18510.15452339314,1702,67578125830.0,2599
1,5353558.372885227,5351599.345199585,-1959.0276856422424,-1339.1131083881482,2,-5.548466197215021,-1336.3388752895407,1728,68562531780.0,2600
2,63518432.95126051,63509744.278152466,-8688.673108041286,-1333.5646421909332,2,5.548466197215021,-1336.3388752895407,1729,68620690190.0,2600
0,43756501.47931081,43681230.38014221,-75271.09916859865,-70204.32091993839,2,64.84464401751757,-70236.74324194714,1758,69601870180.0,2601
2,73731980.72762254,73653173.77719116,-78806.9504313767,-70269.1655639559,2,-64.84464401751757,-70236.74324194714,1759,69631842260.0,2601
2,22847332.639911152,22861015.362548828,13682.722637675703,16328.326471302658,1,,16328.326471302658,1787,70581979360.0,2602
0,38779311.959044695,38700298.48158264,-79013.4774620533,-74523.03220959008,1,,-74523.03220959008,1815,71598919470.0,2603
1,10183642.006464742,10113132.803863525,-70509.20260121673,-69329.98913427815,3,8.449139887467027,-69338.3914837949,1842,72571274720.0,2604
2,17183009.095940873,17111680.90663147,-71328.1893094033,-69338.48506453633,3,-4.29475549980998,-69338.3914837949,1843,72578273300.0,2604
0,22980593.912357405,22908594.486068726,-71999.42628867924,-69338.3914837949,3,-4.154384387657046,-69338.3914837949,1844,72584070240.0,2604
2,19264872.15355134,19184947.4611969,-79924.69235444069,-77693.9190546833,6,17.498287584632635,-77710.43756983615,1867,73581295010.0,2605
2,24237612.45828051,24157104.799621582,-80507.65865892917,-77701.06755929068,6,10.349782977253199,-77710.43756983615,1868,73586267190.0,2605
2,26939131.35930568,26858302.48838806,-80828.87091761827,-77709.45779740438,6,1.959544863551855,-77710.43756983615,1869,73588968400.0,2605
0,41841671.04309886,41759114.575042725,-82556.46805613488,-77711.41734226793,6,-1.959544863551855,-77710.43756983615,1870,73603869280.0,2605
2,50997080.527012944,50913442.85241699,-83637.67459595203,-77732.47446285188,6,-23.01666544750333,-77710.43756983615,1871,73613023650.0,2605
2,53076993.08809692,52993123.37385559,-83869.71424132586,-77723.67091082036,6,-14.2131134159863,-77710.43756983615,1872,73615103340.0,2605
3,75203512.73681164,75094712.45761108,-108800.2792005539,-100092.09848053753,1,,-100092.09848053753,1894,74638194680.0,2606
0,28322686.43081115,28219298.473999023,-103387.95681212842,-100108.33511707187,5,60.71997905522585,-100155.9162543863,1914,75592186590.0,2607
1,40965541.260212645,40860650.85858154,-104890.40163110197,-100146.80224850774,5,22.252847619354725,-100155.9162543863,1915,75604828000.0,2607
3,57143069.92534304,57036297.13493347,-106772.79040956497,-100155.9162543863,5,8.581838801503181,-100155.9162543863,1916,75621003720.0,2607
1,68455724.59682122,68347615.58139038,-108109.01543083787,-100182.19393786788,5,-30.834686420857906,-100155.9162543863,1917,75632315090.0,2607
3,70863832.81081814,70755444.60725403,-108388.20356410742,-100182.53550189734,5,-31.17625045031309,-100155.9162543863,1918,75634722930.0,2607
1,50064706.40542397,49975257.52154541,-89448.88387855887,-83651.64788243175,2,-20.77783750742674,-83641.25896367803,1942,76614847050.0,2608
0,52998471.9728278,52908704.15179443,-89767.82103336602,-83630.87004492432,2,20.77783750742674,-83641.25896367803,1943,76617780510.0,2608
1,25488564.747983344,25476849.390533447,-11715.357449896634,-8763.912496834993,2,12.413716182112694,-8770.11935492605,1964,77591251140.0,2609
3,46650351.150217906,46636172.952819824,-14178.197398081422,-8776.326213017106,2,-12.413716182112694,-8770.11935492605,1965,77612410560.0,2609
3,46846891.39229387,46788768.38372803,-58123.008565843105,-52698.37902967632,1,,-52698.37902967632,1995,78613484710.0,2610
0,20730946.912115894,20653871.529312134,-77075.38280376047,-74674.84557301179,2,-10.505171541124582,-74669.59298724122,2020,79588292240.0,2611
0,78664820.83778468,78581047.51495361,-83773.32283106446,-74664.34040147066,2,10.505171541124582,-74669.59298724122,2021,79646219680.0,2611
3,22766869.97780462,22729174.12826538,-37695.84953923896,-35059.56286882982,5,35.609564159065485,-35076.964244902134,2042,80591304210.0,2612
3,24206272.53211805,24168397.568725586,-37874.96339246258,-35072.00129539147,5,23.17113759741187,-35076.964244902134,2043,80592743440.0,2612
0,37805050.19184886,37765595.59686279,-39454.59498606622,-35076.964244902134,5,15.72671333141625,-35076.964244902134,2044,80606340700.0,2612
0,57078940.591623925,57037217.76269531,-41722.82892861217,-35113.38062107563,5,-38.89785092882812,-35076.964244902134,2045,80625612410.0,2612
0,62734035.86890067,62691641.99156189,-42393.87733878195,-35129.5980283916,5,-55.11525824479759,-35076.964244902134,2046,80631266860.0,2612
3,7973876.675422097,7953853.46887207,-20023.206550026312,-19099.872564661317,2,35.623151750303805,-19117.68414053647,2073,81577478280.0,2613
2,27121612.248812113,27099336.209625244,-22276.039186868817,-19135.49571641162,2,-35.623151750303805,-19117.68414053647,2074,81596623850.0,2613
2,12558643.692731401,12460426.668319702,-98217.0244116988,-96762.79794148915,3,7.918582754209638,-96767.25555422157,2097,82582991420.0,2614
0,56844154.368720606,56740804.85189819,-103349.51682241261,-96767.25555422157,3,1.2321636555716395,-96767.25555422157,2098,82627272000.0,2614
1,64191548.597918406,64087341.368621826,-104207.22929657996,-96774.17749426514,3,-9.150746409781277,-96767.25555422157,2099,82634618570.0,2614
0,68575443.4303689,68514465.76713562,-60977.66323328018,-53036.97891394794,1,,-53036.97891394794,2145,84640817910.0,2616
1,2466440.360553923,2420629.0193481445,-45811.34120577853,-45525.740073421504,2,-7.657783859875053,-45521.91118149157,2173,85575669390.0,2617
3,42423887.477252424,42373456.92657471,-50430.55067771673,-45518.08228956163,2,7.657783859875053,-45521.91118149157,2174,85615622400.0,2617
2,4896087.35318805,4797762.046630859,-98325.3065571906,-97758.36477560364,4,10.163368152454495,-97764.38941479102,2192,86579026200.0,2618
1,18156570.33120931,18056691.616485596,-99878.7147237137,-97776.27708555013,4,-16.026399724185467,-97764.38941479102,2193,86592285190.0,2618
3,24805112.150741927,24704471.317947388,-100640.83279453963,-97768.52814375609,4,-8.277457930147648,-97764.38941479102,2194,86598933000.0,2618
0,63636733.41348132,63531604.35574341,-105129.05773790926,-97760.25068582594,4,8.277457930147648,-97764.38941479102,2195,86637760310.0,2618
1,69052961.90757218,69030027.39517212,-22934.512400060892,-14938.533892408013,2,-3.4881943315267563,-14936.78979524225,2230,87644186200.0,2619
0,77877600.0518114,77853647.17980957,-23952.872001826763,-14935.045698076487,2,3.4881943315267563,-14936.78979524225,2231,87653009860.0,2619
3,34167598.749316856,34047768.55862427,-119830.19069258869,-115873.7581557259,1,,-115873.7581557259,2262,88610213400.0,2620
3,9703758.298984392,9609054.329406738,-94703.96957765333,-93580.32418057323,4,49.56749487668276,-93621.76367857307,2286,89586639040.0,2621
1,27728206.60881306,27631382.18914795,-96824.41966510937,-93613.63568169624,4,16.255993753671646,-93621.76367857307,2287,89604661450.0,2621
2,57153026.01410781,57052778.09541321,-100247.91869460046,-93629.89167544991,4,-16.255993753671646,-93621.76367857307,2288,89634082980.0,2621
1,67567488.05511764,67466020.63504028,-101467.42007735372,-93643.45181617141,4,-29.816134475171566,-93621.76367857307,2289,89644496270.0,2621
1,53572762.47882901,53581819.939086914,9057.460257902741,15260.91113884002,2,-20.138069324195385,15270.980173502117,2331,91632505290.0,2623
3,78012040.9097813,78018288.56512451,6247.655343204737,15281.049208164215,2,20.138069324195385,15270.980173502117,2332,91656941870.0,2623
0,48232539.81241994,48125860.412857056,-106679.39956288785,-101094.31905286014,2,29.02391818910837,-101108.8310119547,2350,92628084780.0,2624
1,62307484.50094088,62199146.271118164,-108338.2298227176,-101123.34297104925,2,-29.02391818910837,-101108.8310119547,2351,92642158130.0,2624
1,29818033.26346291,29739338.49456787,-78694.76889503747,-75241.99371307716,1,,-75241.99371307716,2383,93610585680.0,2625
2,37741631.08286658,37758938.07008362,17306.98721703887,21677.27435094118,1,,21677.27435094118,2409,94619526870.0,2626
0,15950780.577690445,15934235.284103394,-16545.293587051332,-14698.275078991428,3,-9.615563793107867,-14698.275078991428,2439,95598707590.0,2627
1,57922151.760684334,57900744.01358032,-21407.747104011476,-14700.65927169472,3,-13.191852848045528,-14698.275078991428,2440,95640674290.0,2627
3,65057091.435345665,65034881.49836731,-22209.93697835505,-14676.65975870192,3,22.807416641153395,-14698.275078991428,2441,95647808460.0,2627
3,13645239.32985357,13600189.660995483,-45049.66885808669,-43469.62019110285,2,1.9888637606054544,-43470.61462298315,2463,96597380080.0,2628
3,58740917.65825609,58690644.15248108,-50273.505775012076,-43471.60905486345,2,-1.9888637606054544,-43470.61462298315,2464,96642470740.0,2628
3,27572917.684403766,27558274.120529175,-14643.563874591142,-11450.761551454663,3,-24.857746712863445,-11430.840018033981,2490,97612270790.0,2629
2,66485286.28516816,66466156.79029846,-19129.494869701564,-11430.840018033981,3,5.024553418159485,-11430.840018033981,2491,97651178850.0,2629
2,74046767.5344845,74026772.33132935,-19995.20315515995,-11420.967591449618,3,19.83319329470396,-11430.840018033981,2492,97658739500.0,2629
1,3642829.732296762,3532213.361038208,-110616.37125855405,-110194.55027590739,3,-23.679308207239956,-110184.22069269232,2540,99590200880.0,2631
2,13984319.766242072,13872516.23310852,-111803.53313355148,-110184.22069269232,3,-8.184933384647593,-110184.22069269232,2541,99600541230.0,2631
1,75677605.68590301,75558685.08641052,-118920.59949249029,-110157.52124270797,3,31.86424159188755,-110184.22069269232,2542,99662227680.0,2631
3,28151845.163360856,28139149.414718628,-12695.748642228544,-9435.909488935024,2,-15.520034898072481,-9428.149471485987,2568,100615712330.0,2632
2,70660578.21695966,70642975.69528198,-17602.521677672863,-9420.389454036951,2,15.520034898072481,-9428.149471485987,2569,100658216350.0,2632
1,13709524.419801787,13671307.079742432,-38217.3400593549,-36629.84750895947,2,-26.833938755095005,-36616.430539581925,2604,101602254040.0,2633
3,55212834.31848958,55169837.94213867,-42996.37635090947,-36603.01357020438,2,26.833938755095005,-36616.430539581925,2605,101643752760.0,2633
3,9243076.209778553,9146345.77935791,-96730.43042064272,-95660.12964459509,6,-28.423668764531612,-95636.20291213319,2633,102598661620.0,2634
3,19670218.535164855,19572288.26109314,-97930.27407171577,-95652.56374179944,6,-20.857765968888998,-95636.20291213319,2634,102609087610.0,2634
0,33845514.50463003,33745963.66181946,-99550.8428105712,-95631.70597583055,6,8.993872605264187,-95636.20291213319,2635,102623261350.0,2634
3,37511101.24997969,37411116.95716858,-99984.29281111062,-95640.69984843582,6,-8.993872605264187,-95636.20291213319,2636,102626926520.0,2634
0,51074998.11182302,50973465.14413452,-101532.96768850088,-95618.74509906769,6,21.95474936813116,-95636.20291213319,2637,102640488930.0,2634
0,73389281.67374417,73285173.45419312,-104108.21955105662,-95610.11747483909,6,30.582373596727848,-95636.20291213319,2638,102662800740.0,2634
1,33360820.34419152,33357129.651412964,-3690.692778557539,172.31896056234837,1,,172.31896056234837,2665,103623774100.0,2635
2,50054501.729886755,49970463.78625488,-84037.94363187253,-78241.88928478211,1,,-78241.88928478211,2766,107644216830.0,2639
0,55146850.22007136,55133434.74932861,-13415.470742747188,-7029.748581908643,1,,-7029.748581908643,2810,109651169940.0,2641
1,17710849.482710004,17639477.42451477,-71372.05819523335,-69321.23274323344,2,-13.931683719158173,-69314.26690137386,2836,110614671350.0,2642
3,20318135.579474896,20246475.542617798,-71660.03685709834,-69307.30105951428,2,13.931683719158173,-69314.26690137386,2837,110617278360.0,2642
3,24246831.245015293,24300805.30961609,53974.06460079551,56781.72318861261,1,,56781.72318861261,2868,111622228150.0,2643
3,34415364.1677913,34406746.678497314,-8617.489293985069,-4632.3667935580015,3,-13.531407341361046,-4621.039274543524,2887,112633408780.0,2644
2,69452735.9090764,69440077.0072937,-12658.901782691479,-4616.631497889757,3,10.071536161005497,-4621.039274543524,2888,112668442270.0,2644
1,71322918.35165904,71310038.48457336,-12879.867085680366,-4621.039274543524,3,3.459871180355549,-4621.039274543524,2889,112670312240.0,2644
1,30076392.627056472,29987556.822525024,-88835.80453144759,-85353.11266146228,2,-35.658868957310915,-85335.28322698362,2909,113629938260.0,2645
3,64799239.45764102,64706418.58456421,-92820.87307681143,-85317.45379250497,2,35.658868957310915,-85335.28322698362,2910,113664657280.0,2645
3,4167863.0434054583,4197066.5944366455,29203.551031187177,29686.1681760177,4,-3.705824315547943,29688.021088175476,2938,114605047190.0,2646
3,10928035.064728681,10956455.787200928,28420.722472246736,29686.13283401355,4,-3.7411663196980953,29688.021088175476,2939,114611806610.0,2646
0,17543760.645286083,17571425.638198853,27664.992912769318,29696.470335140824,4,10.302159123122692,29688.021088175476,2940,114618421610.0,2646
2,41295539.334880434,41320447.39741516,24908.062534727156,29689.87400033325,4,3.705824315547943,29688.021088175476,2941,114642170740.0,2646
1,15619117.542849898,15554378.424453735,-64739.11839616299,-62930.50476495735,1,,-62930.50476495735,2958,115617443100.0,2647
1,22270719.385072816,22196708.363479614,-74011.0215932019,-71432.18661445752,2,-17.538210336118937,-71423.41750928946,2987,116624988070.0,2648
3,31412338.739497617,31337286.70352173,-75052.03597588837,-71414.6484041214,2,17.538210336118937,-71423.41750928946,2988,116634128690.0,2648
2,70455935.91775963,70387902.75346375,-68033.16429588199,-59874.72859996557,1,,-59874.72859996557,3009,117674122030.0,2649
2,19722089.4677585,19623716.038650513,-98373.42910798639,-96089.71239035577,2,-6.720324531197548,-96086.35222809017,3024,118624324990.0,2650
3,61923427.12713793,61820173.72009277,-103253.40704515576,-96082.99206582457,2,6.720324531197548,-96086.35222809017,3025,118666521640.0,2650
1,68073552.60825592,68049347.5561676,-24205.052088320255,-16322.484149754047,1,,-16322.484149754047,3055,119673650380.0,2651
3,15061652.392906036,15072862.804153442,11210.411247406155,12954.47327597998,2,2.891083037480712,12953.02773446124,3086,120621667400.0,2652
3,18131626.78089188,18142478.81378174,10852.032889857888,12951.5821929425,2,-2.891083037480712,12953.02773446124,3087,120624737030.0,2652
0,51836213.80431973,51820675.22239685,-15538.581922881305,-9536.214463934302,3,1.5245231166481972,-9536.214463934302,3116,121659385830.0,2653
0,61215287.87237922,61198672.48034668,-16615.392032541335,-9526.97594369948,3,15.382303468883038,-9536.214463934302,3117,121668763870.0,2653
1,72884967.50688915,72866979.29977417,-17988.207114979625,-9548.502030402422,3,-16.906826585531235,-9536.214463934302,3118,121680432230.0,2653
2,3342509.015880594,3303418.115081787,-39090.90079880692,-38703.855413434096,1,,-38703.855413434096,3139,122611869010.0,2654
2,28076851.494349934,28037293.29850769,-39558.19584224373,-36307.040570843965,3,16.36901954934001,-36311.98096181452,3161,123637571400.0,2655
2,49826825.85189359,49784744.18028259,-42081.67161099613,-36311.98096181452,3,8.958433093503118,-36311.98096181452,3162,123659318950.0,2655
3,73536046.06838834,73491196.13352966,-44849.93485867977,-36334.83821897209,3,-25.327452642843127,-36311.98096181452,3163,123683025510.0,2655
2,21772919.078530706,21683190.206451416,-89728.87207929045,-87207.6798206009,1,,-87207.6798206009,3185,124632177990.0,2656
1,4651425.940297325,4588645.263687134,-62780.67661019135,-62242.06536425557,4,31.126456984318793,-62257.62859274773,3234,126617169420.0,2658
2,12178302.545783859,12114650.96244812,-63651.58333573863,-62241.39841787517,4,31.79340336471796,-62257.62859274773,3235,126624695460.0,2658
0,48014940.724537045,47947107.64906311,-67833.07547393441,-62273.19182123989,4,-31.126456984318793,-62257.62859274773,3236,126660528080.0,2658
0,72783825.01449028,72713084.77331543,-70740.24117484689,-62312.24787168205,4,-70.18250742647797,-62257.62859274773,3237,126685294170.0,2658
1,17135969.59082622,17149908.050628662,13938.459802441299,15922.71711409092,1,,15922.71711409092,3312,129632570410.0,2661
2,2014824.6135519715,2020542.6944885254,5718.080936553888,5951.387283763615,4,-17.85165707138367,5960.313112299307,3350,130618458530.0,2662
1,5972993.662537299,5978244.656494141,5250.993956841528,5942.635960785672,4,-26.602980049327016,5960.313112299307,3351,130622416250.0,2662
3,50192730.987321556,50192893.13964844,162.15232688188553,5974.212912388146,4,22.82562862453051,5960.313112299307,3352,130666631100.0,2662
3,55956887.152798474,55956376.87145996,-510.2813385128975,5969.238940834999,4,17.85165707138367,5960.313112299307,3353,130672394610.0,2662
2,35246317.73455654,35170685.28112793,-75632.45342861116,-71551.11077082902,3,5.208293158560991,-71551.56971950829,3379,131652629450.0,2663
2,40085175.95571394,40008973.22970581,-76202.7260081321,-71561.06840846688,3,-9.728163298219442,-71551.56971950829,3380,131657467760.0,2663
1,70991544.41031513,70911772.38418579,-79772.02612933517,-71551.56971950829,3,4.519870139658451,-71551.56971950829,3381,131688370700.0,2663
0,74202815.5455352,74132643.31433105,-70172.2312041521,-61579.92608183622,1,,-61579.92608183622,3426,133693575750.0,2665
0,3549465.536670802,3530339.5487976074,-19125.98787319474,-18714.977985119447,1,,-18714.977985119447,3445,134623823510.0,2666
1,247816.55863183696,253922.49377441406,6105.935142577102,6134.631027908064,1,,6134.631027908064,3472,135621493720.0,2667
0,25949054.00314046,25966771.405517578,17717.402377117425,20722.169622018933,1,,20722.169622018933,3506,136648133360.0,2668
0,25166935.987338882,25121160.971740723,-45775.01559815928,-42860.81360451132,3,-1.1681204475462437,-42860.81360451132,3522,137648300180.0,2669
3,34864010.88409512,34817106.78057861,-46904.10351650417,-42867.03002944589,3,-10.492757849395275,-42860.81360451132,3523,137657996170.0,2669
3,62622763.93479667,62572660.27926636,-50103.65553031117,-42852.26093868166,3,11.660878296941519,-42860.81360451132,3524,137685751850.0,2669
3,11564239.06803801,11567318.831573486,3079.763535477221,4418.843054894358,2,-23.300830241292715,4430.493470015004,3548,138635676790.0,2670
3,77859250.27165857,77854676.7140503,-4573.557608276606,4442.143885135651,2,23.300830241292715,4430.493470015004,3549,138701964450.0,2670
1,31864466.741206855,31811798.393432617,-52668.347774237394,-48978.60610085726,2,-8.324882812798023,-48974.44365945086,3566,139656907940.0,2671
1,52092828.57276147,52037826.20941162,-55002.363349847496,-48970.28121804446,2,8.324882812798023,-48974.44365945086,3567,139677134060.0,2671
1,79401177.83276057,79339635.8243103,-61542.0084502697,-52347.759660720825,1,,-52347.759660720825,3592,140705374700.0,2672
1,8790766.894669937,8781277.562133789,-9489.332536147907,-8471.406856874004,5,24.16892865113914,-8492.362018197775,3617,141635731430.0,2673
0,33312254.52563802,33299915.813690186,-12338.711947835982,-8481.323881193995,5,14.25190433114767,-8492.362018197775,3618,141660250180.0,2673
2,33627280.606600635,33614894.37811279,-12386.228487841785,-8492.362018197775,5,-2.3053011745214462,-8492.362018197775,3619,141660565160.0,2673
2,34934822.48209304,34922278.419433594,-12544.062659449875,-8498.789552852511,5,-11.946603156626225,-8492.362018197775,3620,141661872550.0,2673
2,68430758.16281924,68414295.77307129,-16462.389747947454,-8538.45923987031,5,-51.61629017442465,-8492.362018197775,3621,141695364720.0,2673
2,38213494.36849233,38195843.397247314,-17650.971245013177,-13226.04476492852,3,18.670613184571266,-13231.96964161098,3646,142666117860.0,2674
0,59840866.07247961,59820704.83773804,-20161.234741576016,-13231.96964161098,3,9.783298160880804,-13231.96964161098,3647,142687742820.0,2674
1,71385025.70982601,71363502.22918701,-21523.480638995767,-13257.461114615202,3,-28.45391134545207,-13231.96964161098,3648,142699285670.0,2674
1,43185574.519078955,43165690.50390625,-19884.015172705054,-14883.347335204482,1,,-14883.347335204482,3667,143672090180.0,2675
2,74357641.68518496,74264880.65750122,-92761.0276837349,-84150.79448923469,1,,-84150.79448923469,3693,144704162010.0,2676
2,46935144.2366923,46872869.736816406,-62274.49987589568,-56839.65111339092,2,-3.3099291771650314,-56837.99614880234,3712,145677667620.0,2677
3,59836025.99117062,59772260.94534302,-63765.04582760483,-56836.34118421376,2,3.3099291771650314,-56837.99614880234,3713,145690567070.0,2677
3,22870747.981081106,22860427.359405518,-10320.62167558819,-7672.306465655565,5,-6.955022569745779,-7667.191132850945,3745,146654564590.0,2678
3,28295646.31895931,28284702.63723755,-10943.681721761823,-7667.191132850945,5,0.7179766371846199,-7667.191132850945,3746,146659988890.0,2678
0,30241601.694357425,30230443.76913452,-11157.92522290349,-7656.10299102217,5,13.645808231085539,-7667.191132850945,3747,146661934640.0,2678
2,61368091.39075151,61353311.92062378,-14779.470127731562,-7673.3601758778095,5,-8.008732791990042,-7667.191132850945,3748,146693057650.0,2678
3,72653666.92374367,72637590.49032593,-16076.433417737484,-7663.511753320694,5,6.237045932561159,-7667.191132850945,3749,146704341980.0,2678
1,41027006.74920812,40939902.78405762,-87103.9651505053,-82353.24837981164,1,,-82353.24837981164,3770,147673631750.0,2679
0,43421241.374340646,43421253.66070557,12.286364920437336,5040.243214473128,2,11.541155874729156,5034.472636535764,3794,148677021610.0,2680
3,52958893.86209375,52957790.19610596,-1103.665987789631,5028.702058598399,2,-11.541155874729156,5034.472636535764,3795,148686558190.0,2680
3,76552125.78335737,76536296.5123291,-15829.271028265357,-6964.927840515971,1,,-6964.927840515971,3820,149711134390.0,2681
3,48778742.00428717,48818238.92831421,39496.9240270406,45145.25194697827,2,-20.904092527925968,45155.703993242234,3842,150684346720.0,2682
0,72797802.92519432,72834539.46936035,36736.5441660285,45166.1560395062,2,20.904092527925968,45155.703993242234,3843,150708363130.0,2682
2,23024214.317312505,23042030.06576538,17815.748452875763,20481.834276732057,4,-24.29061546549201,20499.46865241602,3865,151659594860.0,2683
1,42591059.91001685,42606620.89633179,15560.986314937472,20492.812412634492,4,-13.312479563057423,20499.46865241602,3866,151679159540.0,2683
1,49048804.942184225,49063631.46725464,14826.525070413947,20506.12489219755,4,13.312479563057423,20499.46865241602,3867,151685616580.0,2683
0,59345001.56336047,59358654.545684814,13652.9823243469,20524.82885965705,4,32.01644702255726,20499.46865241602,3868,151695911650.0,2683
0,3413885.786448568,3370129.750305176,-43756.036143392324,-43360.725694398396,2,-21.512007388286293,-43349.96969070425,3883,152640866440.0,2684
1,59568770.814601,59518533.843048096,-50236.97155290097,-43339.21368701011,2,21.512007388286293,-43349.96969070425,3884,152697015100.0,2684
3,29631736.522583704,29602128.47329712,-29608.0492865853,-26176.84631086886,2,-10.214199889451265,-26171.739210924134,3908,153667986320.0,2685
0,31340966.43912723,31311170.68399048,-29795.75513675064,-26166.632110979408,2,10.214199889451265,-26171.739210924134,3909,153669695370.0,2685
2,25091173.492732815,25121495.04437256,30321.55163974315,33226.98072544113,3,-10.764870379120111,33235.86325953156,3932,154664422100.0,2686
2,48161480.89811166,48189139.90911865,27659.011006996036,33235.86325953156,3,2.558930756524205,33235.86325953156,3933,154687489850.0,2686
1,56340646.965017386,56367362.635253906,26715.67023652047,33239.62793210894,3,8.205939622595906,33235.86325953156,3934,154695668110.0,2686
3,44673003.44757341,44707821.2399292,34817.792355790734,39990.69682754576,1,,39990.69682754576,3985,156686024680.0,2688
2,26631802.69552292,26658871.1635437,27068.468020781875,30152.294059392065,3,-16.479757577180862,30164.08458891511,4003,157668999090.0,2689
0,29673329.85892938,29700067.302703857,26737.443774476647,30173.46304502338,3,15.273720869794488,30164.08458891511,4004,157672040300.0,2689
2,46872112.3904582,46896848.92504883,24736.534590631723,30164.08458891511,3,1.2060367073863745,30164.08458891511,4005,157689237160.0,2689
3,75839494.73584959,75788781.21099854,-50713.52485105395,-41931.700680330396,1,,-41931.700680330396,4028,158719085850.0,2690
0,25425194.794568144,25393048.870544434,-32145.92402371019,-29201.816985949874,2,13.977555736899376,-29208.805763818324,4052,159669645490.0,2691
0,43518341.41219142,43484086.41711426,-34254.99507716298,-29215.794541686773,2,-13.977555736899376,-29208.805763818324,4053,159687736610.0,2691
0,26339196.16279021,26382982.51663208,43786.35384187102,46836.297546073794,2,-14.887871697545052,46843.74148192257,4073,160671550070.0,2692
2,75005194.76858738,75043360.7374878,38165.96890041232,46851.18541777134,2,14.887871697545052,46843.74148192257,4074,160720210670.0,2692
1,3290473.818188575,3256507.7827453613,-33966.03544321377,-33585.015466612764,2,-46.59766356367618,-33561.716634830926,4094,161649402900.0,2693
2,69316981.85719845,69275416.88873291,-41564.96846553683,-33538.41780304909,2,46.59766356367618,-33561.716634830926,4095,161715422110.0,2693
0,11643436.869116422,11689029.416778564,45592.547662142664,46940.79788036458,3,-22.487009147182107,46962.490017071366,4127,162658770070.0,2694
2,68699541.96677205,68738549.40249634,39007.435724288225,46962.490017071366,3,10.051195912994444,46962.490017071366,4128,162715819850.0,2694
3,76539462.47173142,76577563.6746521,38101.20292067528,46964.07976195216,3,12.435813234187663,46962.490017071366,4129,162723658900.0,2694
0,27483532.999201514,27493807.094451904,10274.09525039047,13456.547285832465,1,,13456.547285832465,4151,163675587610.0,2695
1,42233288.112946674,42252865.77813721,19577.665190532804,24468.06315073371,1,,24468.06315073371,4227,166693205350.0,2698
3,50994316.58702874,50986951.9513855,-7364.63564324379,-1459.7555602118373,2,-3.224153511226177,-1458.1434834562242,4246,167702893030.0,2699
1,73952027.1258021,73942007.32928467,-10019.796517431736,-1456.5314067006111,2,3.224153511226177,-1458.1434834562242,4247,167725848190.0,2699
2,17514591.46092846,17538564.302459717,23972.841531258076,26000.94131182134,2,1.4868367612361908,26000.197893440723,4281,168670414940.0,2700
1,78927504.37895387,78944364.43359375,16860.05463987589,25999.454475060105,2,-1.4868367612361908,26000.197893440723,4282,168731821020.0,2700
3,39904248.35349638,39925670.01257324,21421.659076862037,26042.36618897319,1,,26042.36618897319,4308,169693807670.0,2701
3,47218105.90186198,47173597.00479126,-44508.89707072079,-39041.28279996663,1,,-39041.28279996663,4332,170701999200.0,2702
1,18394320.23099484,18435936.204315186,41615.973320346326,43745.94117642194,3,-20.486600637435913,43754.47203938663,4351,171674161970.0,2703
1,40261454.14979426,40300546.55212402,39092.40232976526,43754.47203938663,3,-7.690306190401316,43754.47203938663,4352,171696026680.0,2703
3,65882830.301164374,65918979.791137695,36149.48997332156,43778.38351473212,3,28.17690682783723,43754.47203938663,4353,171721645230.0,2703
0,26722003.846099168,26665286.353637695,-56717.49246147275,-53623.22159267217,3,12.50408035889268,-53635.65532389283,4375,172683416080.0,2704
3,43413713.16794827,43355050.2868042,-58662.881144069135,-53635.79602216929,3,-6.357563886791468,-53635.65532389283,4376,172700105920.0,2704
2,47806851.70987743,47747680.26654053,-59171.44333690405,-53635.65532389283,3,-6.1465164721012115,-53635.65532389283,4377,172704498570.0,2704
3,16133614.555360373,16164670.56616211,31056.010801736265,32924.20054583624,5,-8.437124107033014,32924.20054583624,4395,173673787050.0,2705
2,17530320.709034447,17561214.201141357,30893.492106910795,32923.41325365752,5,-9.618062375113368,32924.20054583624,4396,173675183600.0,2705
1,22111585.573828276,22141943.32357788,30357.749749604613,32918.157849915326,5,-14.873466117307544,32924.20054583624,4397,173679764350.0,2705
1,50238057.78139156,50265185.14642334,27127.365031778812,32944.67422734946,5,20.86732760258019,32924.20054583624,4398,173707887720.0,2705
2,53117950.946262345,53144742.02230835,26791.07604600489,32941.862086229026,5,18.055186482146382,32924.20054583624,4399,173710767290.0,2705
2,12652070.661608541,12575608.575897217,-76462.08571132459,-74997.0408777222,3,-13.846918921917677,-74989.09653512388,4446,175672172920.0,2707
2,21678386.78387614,21600887.441436768,-77499.34243937209,-74989.09653512388,3,-1.9304050244390965,-74989.09653512388,4447,175681198240.0,2707
3,30993711.19393216,30915144.98989868,-78566.2040334791,-74977.29138247669,3,15.777323946356773,-74989.09653512388,4448,175690512540.0,2707
1,51580154.08822915,51588907.30581665,8753.21758750081,14725.934645794332,1,,14725.934645794332,4473,176712017070.0,2708
2,76818373.7860433,76782766.44644165,-35607.339601650834,-26712.166261970997,1,,-26712.166261970997,4492,177738167670.0,2709
1,28176265.28541935,28239055.898406982,62790.612987633795,66053.27986570075,4,7.154904868453741,66049.70241326652,4514,178690528140.0,2710
1,36729343.86513358,36791136.92062378,61793.05549019575,66046.1249608323,4,-7.154904868453741,66049.70241326652,4515,178699080260.0,2710
0,40797809.744916156,40859148.37988281,61338.634966656566,66062.81190082431,4,16.686939992010593,66049.70241326652,4516,178703148290.0,2710
3,73435966.19396783,73493489.6425476,57523.44857977331,66026.95648378134,4,-26.323381919413805,66049.70241326652,4517,178735782780.0,2710
0,38774552.94670595,38747947.695617676,-26605.251088276505,-22115.356905013323,1,,-22115.356905013323,4535,179702053610.0,2711
3,42886994.85419731,42858333.00994873,-28661.844248577952,-23695.750403523445,2,17.71058990061283,-23704.60569847375,4558,180707102720.0,2712
1,45200189.87936199,45171242.46841431,-28947.410947680473,-23713.460993424058,2,-17.71058990061283,-23704.60569847375,4559,180709415640.0,2712
3,1699813.9920995561,1781813.799835205,81999.80773564894,82196.63746999158,4,19.23880659742281,82180.64490159135,4598,181667068400.0,2713
3,3818342.3987249015,3900084.1454162598,81741.74669135828,82183.89113978855,4,6.492476394400001,82180.64490159135,4599,181669186680.0,2713
3,15153099.743557291,15233522.49105835,80422.7475010585,82177.39866339415,4,-6.492476394400001,82180.64490159135,4600,181680520170.0,2713
2,38266287.80224185,38343987.16064453,77699.35840268433,82130.39809138328,4,-53.49304840527475,82180.64490159135,4601,181703630740.0,2713
1,2958724.9295909842,3089211.515991211,130486.58640022669,130829.19155855058,3,-4.794050297234207,130832.54408039153,4626,182669396430.0,2714
0,32250507.04443333,32377608.028411865,127100.98397853598,130835.4271373041,3,4.5593178330454975,130832.54408039153,4627,182698684960.0,2714
2,41808503.13702956,41934494.471069336,125991.33403977752,130832.54408039153,3,0.23473246418870986,130832.54408039153,4628,182708241890.0,2714
0,7386885.333689072,7405649.044128418,18763.7104393458,19619.073840640485,2,9.742307797074318,19614.202686741948,4653,183674837450.0,2715
0,10315010.793960622,10333425.700195312,18414.90623469092,19609.33153284341,2,-9.742307797074318,19614.202686741948,4654,183677765240.0,2715
1,34191485.854542725,34272342.21862793,80856.3640852049,84815.56262622774,4,54.213381856679916,84764.25521225482,4678,184702735900.0,2716
3,69882264.41633868,69958939.57003784,76675.15369915962,84767.16118013859,4,5.811935767531395,84764.25521225482,4679,184738422660.0,2716
3,73463468.59320474,73539723.24990845,76254.65670371056,84761.34924437106,4,-5.811935767531395,84764.25521225482,4680,184742003460.0,2716
2,76118310.94325198,76194241.15142822,75930.20817624032,84744.31783248484,4,-22.843347653746605,84764.25521225482,4681,184744657990.0,2716
3,8512697.211389033,8539515.25402832,26818.04263928719,27803.76927669905,3,-8.791062651202083,27810.79878550768,4701,185678006430.0,2717
0,34750325.2721065,34774115.6847229,23790.41261640191,27814.321893192828,3,7.037862089462578,27810.79878550768,4702,185704241150.0,2717
1,79267190.7489524,79285822.81396484,18632.065012440085,27810.79878550768,3,1.7532005617395043,27810.79878550768,4703,185748753060.0,2717
0,66218921.44156159,66322233.89141846,103312.44985686988,110980.2610270232,2,3.6060741990804672,110978.45798992366,4725,186736740150.0,2718
0,78991975.89287835,79093805.68252563,101829.78964728117,110976.65495282412,2,-3.6060741990804672,110978.45798992366,4726,186749511780.0,2718
1,61483355.23895161,61494837.39074707,11482.151795461774,18601.60870923847,1,,18601.60870923847,4746,187732972270.0,2719
1,6803047.493157256,6819262.46081543,16214.967658173293,17002.725634647533,3,-5.255095848813653,17002.725634647533,4768,188679273040.0,2720
2,34029364.584503874,34042438.38592529,13073.801421418786,17014.227151617408,3,11.997179605998099,17002.725634647533,4769,188706496340.0,2720
0,76927819.00278854,76935912.89056396,8093.887775421143,17001.734309375286,3,-6.742083757184446,17002.725634647533,4770,188749390010.0,2720
2,29423644.927189894,29440236.892303467,16591.965113572776,19999.0721507743,2,-6.486765220761299,20002.31553338468,5303,209722370850.0,2741
0,56574728.66451706,56588183.16027832,13454.49576126039,20005.55891599506,2,6.486765220761299,20002.31553338468,5304,209749518920.0,2741
3,44641575.485331565,44655257.61376953,13682.128437966108,18851.39371302724,1,,18851.39371302724,5326,210738520550.0,2742
2,1751787.4757107855,1708726.9934997559,-43060.48221102962,-42857.63421408902,2,-52.15206714044325,-42831.5581805188,5373,212697550820.0,2744
0,65159888.69474395,65109538.03198242,-50350.66276153177,-42805.482146948576,2,52.15206714044325,-42831.5581805188,5374,212760951920.0,2744
1,63626422.53934023,63679666.752319336,53244.212979108095,60611.82608489692,1,,60611.82608489692,5399,213760426700.0,2745
2,16209851.94506368,16304170.590911865,94318.64584818482,96195.66349065118,1,,96195.66349065118,5438,215714968080.0,2747
2,65326980.755260825,65343714.47149658,16733.716235756874,24298.245253182948,1,,24298.245253182948,5455,216765091450.0,2748
2,22228652.98521523,22218300.75830078,-10352.226914450526,-7778.263008862734,3,-18.499251134693623,-7764.294145509601,5477,217722973410.0,2749
0,33381209.60106001,33369579.9342041,-11629.66685590893,-7764.294145509601,3,2.45404389500618,-7764.294145509601,5478,217734124740.0,2749
0,57680283.51331959,57665849.19921875,-14434.314100839198,-7755.23336994648,3,16.045207239687443,-7764.294145509601,5479,217758421120.0,2749
1,30292511.926191106,30278642.412994385,-13869.513196721673,-10361.795821338892,1,,-10361.795821338892,5510,218731897230.0,2750
0,54658202.14555636,54766781.15005493,108579.00449857116,114908.1437208429,2,-11.145668506622314,114913.71655509621,5577,221759157310.0,2753
0,60967232.80187735,61075092.39868164,107859.59680429101,114919.28938934952,2,11.145668506622314,114913.71655509621,5578,221765465650.0,2753
1,3519747.0342233265,3516448.2682495117,-3298.765973814763,-2891.1973357638344,3,-22.913737405091524,-2879.4147473927587,5610,222708958090.0,2754
2,14219715.491457667,14215189.506652832,-4525.9848048351705,-2879.4147473927587,3,-5.239854848477989,-2879.4147473927587,5611,222719656880.0,2754
2,71218083.59642713,71206979.75549316,-11103.840933963656,-2857.152449324727,3,28.153592253569514,-2879.4147473927587,5612,222776648930.0,2754
2,49371358.81803051,49358021.37057495,-13337.4474555552,-7620.49755076319,3,-18.00691293552518,-7609.76838439703,5633,223755741650.0,2755
2,53599548.42289938,53585732.10195923,-13816.32094015181,-7609.76838439703,3,-1.913163386285305,-7609.76838439703,5634,223759969380.0,2755
0,55526138.17676346,55512113.32211304,-14024.85465042293,-7595.212891258299,3,19.920076321810484,-7609.76838439703,5635,223761895770.0,2755
2,21202042.413394332,21267741.56588745,65699.15249311924,68154.24016456306,1,,68154.24016456306,5660,224728563580.0,2756
3,4331290.922202861,4324286.453704834,-7004.468498026952,-6502.927243783139,4,-41.59820531960577,-6475.250884193927,5713,226713592180.0,2758
2,30440941.54511407,30430927.46762085,-10014.077493220568,-6489.172729924321,4,-27.84369146078825,-6475.250884193927,5714,226739698940.0,2758
0,62871521.20437876,62857779.67593384,-13741.52844492346,-6461.329038463533,4,27.84369146078825,-6475.250884193927,5715,226772125940.0,2758
2,77436283.24095587,77420863.30184937,-15419.93910650909,-6453.2150239646435,4,35.957705959677696,-6475.250884193927,5716,226786689090.0,2758
0,30527625.975946613,30503975.228424072,-23650.74752254039,-20115.80514714867,3,-38.02402811869979,-20079.153895519674,5748,227740700710.0,2759
0,62380752.59305344,62353450.068237305,-27302.524816133082,-20079.153895519674,3,16.952849324792624,-20079.153895519674,5749,227772550330.0,2759
0,75884962.02470514,75856098.52731323,-28863.49739190936,-20076.408342540264,3,21.071178793907166,-20079.153895519674,5750,227786053040.0,2759
3,17030988.03029626,17041350.909332275,10362.879036016762,12334.980021875352,1,,12334.980021875352,5775,228728116570.0,2760
3,55950323.5460308,55923501.69094849,-26821.855082310736,-20343.094834931195,1,,-20343.094834931195,5797,229767949380.0,2761
1,21955701.75493381,21938794.68511963,-16907.069814182818,-14364.712259873748,1,,-14364.712259873748,5839,231735840650.0,2763
3,45510468.14059263,45507757.35522461,-2710.7853680178523,2559.093216083944,1,,2559.093216083944,5858,232760339210.0,2764
0,33573175.81126118,33566716.313964844,-6459.497296333313,-2571.895884245634,1,,-2571.895884245634,5916,234750179270.0,2766
3,17537527.629937004,17620977.252685547,83449.62274854258,85480.37841973454,2,-3.603846810758114,85482.18034313992,5938,235735125060.0,2767
1,73328060.03657877,73405053.00592041,76992.9693416357,85483.9822665453,2,3.603846810758114,85482.18034313992,5939,235790909390.0,2767
1,4811058.314212687,4824064.914764404,13006.600551716983,13563.696407084353,1,,13563.696407084353,5959,236723422700.0,2768
2,46785300.76911503,46777633.95678711,-7666.8123279213905,-2249.314669750631,2,-0.9051084667444229,-2248.8621155172586,5984,237766270110.0,2769
1,53496686.423112705,53488243.37188721,-8443.051225498319,-2248.4095612838864,2,0.9051084667444229,-2248.8621155172586,5985,237772980750.0,2769
3,24666095.52486129,24720590.717437744,54495.19257645309,57351.39981559664,1,,57351.39981559664,6016,238745111480.0,2770
3,13935057.061417246,13981127.554168701,46070.492751454934,47684.10082398355,1,,47684.10082398355,6038,239735345490.0,2771
1,49923487.383026876,50009967.29476929,86479.91174241155,92260.79530069232,2,-1.1370029896497726,92261.36380218714,6073,240772334960.0,2772
2,58435063.05412692,58520558.506103516,85495.45197659731,92261.93230368197,2,1.1370029896497726,92261.36380218714,6074,240780845590.0,2772
0,42944096.74035263,42939913.44363403,-4183.296718597412,789.4092317447066,3,7.63563459739089,781.8567164465785,6099,241766230460.0,2773
3,61246950.26022975,61240640.03451538,-6310.225714370608,781.8567164465785,3,-3.693138349801302,781.8567164465785,6100,241784531270.0,2773
2,75920892.72209518,75912883.16293335,-8009.559161826968,781.690477848053,3,-3.942496247589588,781.8567164465785,6101,241799203580.0,2773
2,12210077.834644202,12264877.532653809,54799.69800960645,56213.56234280206,2,-2.3615061659365892,56214.74309588503,6132,242736442790.0,2774
2,17818689.362174083,17872841.9732666,54152.611092519015,56215.923848968,2,2.3615061659365892,56214.74309588503,6133,242742050780.0,2774
3,12350421.247269958,12460034.445220947,109613.19795098901,111043.31333091855,1,,111043.31333091855,6153,243737630670.0,2775
0,30091854.42586817,30161525.515594482,69671.08972631395,73155.57199322805,2,10.265409510582685,73150.43928847276,6181,244756336740.0,2776
3,46330751.06882065,46398531.51226807,67780.44344741851,73145.30658371747,2,-10.265409510582685,73150.43928847276,6182,244772573820.0,2776
0,1130883.4993291884,1257014.7871704102,126131.28784122178,126262.23834508867,2,-41.99546874850057,126283.23607946292,6205,245728483700.0,2777
2,68120043.22372493,68238459.50622559,118416.28250065446,126304.23381383717,2,41.99546874850057,126283.23607946292,6206,245795465450.0,2777
2,22303885.26523638,22390138.244049072,86252.97881269082,88835.6542301029,2,22.96373075991869,88824.17236472294,6232,246750615530.0,2778
2,51158947.99988234,51241836.74682617,82888.74694383144,88812.69049934298,2,-22.96373075991869,88824.17236472294,6233,246779467360.0,2778
3,40457017.02505188,40573956.99633789,116939.97128601372,121624.68617267162,1,,121624.68617267162,6281,248770779500.0,2780
2,28448808.95738208,28556819.574645996,108010.61726391688,111304.84330010414,2,56.30612147599459,111276.69023936614,6297,249759753750.0,2781
3,58425859.84194127,58530342.96447754,104483.12253627181,111248.53717862815,2,-56.30612147599459,111276.69023936614,6298,249789727410.0,2781
3,23772603.740124702,23773516.8951416,913.1550168991089,3665.900494080037,3,27.568129766732454,3641.054098725319,6320,250756025100.0,2782
3,76144264.28970364,76139088.22888184,-5176.060821801424,3641.054098725319,3,-9.7014632653445,3641.054098725319,6321,250808390910.0,2782
2,79989457.46363999,79983830.705719,-5626.757920995355,3635.61062990129,3,-17.866666501387954,3641.054098725319,6322,250812235670.0,2782
1,40869303.54177053,40866473.02410889,-2830.5176616460085,1901.9378871917725,3,5.414812088012695,1896.5233733206987,6375,252775009370.0,2784
2,52519984.95129752,52515799.93002319,-4185.021274328232,1896.5233733206987,3,-2.706958718597889,1896.5233733206987,6376,252786658750.0,2784
0,61281989.61715366,61276790.00012207,-5199.61703158915,1896.5227768868208,3,-2.7078533694148064,1896.5233733206987,6377,252795419780.0,2784
0,41619443.31659149,41605201.76144409,-14241.555147394538,-9422.237263455987,1,,-9422.237263455987,6396,253776674520.0,2785
2,37732174.9630861,37701545.720336914,-30629.24274918437,-26260.05058541149,1,,-26260.05058541149,6413,254773683440.0,2786
0,60360049.96732985,60353264.93496704,-6785.032362811267,204.35156696289778,2,21.525447361171246,193.58884328231215,6438,255797184880.0,2787
3,69236368.8741957,69228534.48422241,-7834.389973282814,182.82611960172653,2,-21.525447361171246,193.58884328231215,6439,255806060190.0,2787
3,4037364.0466564223,4026134.096282959,-11229.950373463333,-10762.444342543837,2,4.078238083515316,-10764.483461585594,6479,257742659640.0,2789
2,9198692.259209909,9186860.575286865,-11831.68392304331,-10766.522580627352,2,-4.078238083515316,-10764.483461585594,6480,257747820390.0,2789
1,5982436.923182566,6026841.290740967,44404.36755840108,45097.103043450974,1,,45097.103043450974,6510,258745540950.0,2790
3,55037895.89970607,55120381.36395264,82485.46424656361,88858.5700564161,1,,88858.5700564161,6535,259795622060.0,2791
1,9783837.061852224,9868239.351898193,84402.29004596919,85535.20815270767,2,22.796899624168873,85523.80970289558,6562,260751375490.0,2792
3,31684065.989950612,31765909.54901123,81843.55906061828,85512.4112530835,2,-22.796899624168873,85523.80970289558,6563,260773273260.0,2792
1,32314683.783162944,32349062.67025757,34378.88709462434,38120.76159028709,4,-7.857617072761059,38126.86404123157,6595,262775803460.0,2794
3,34758011.22597919,34792111.535583496,34100.3096043095,38125.108875103295,4,-3.5103322565555573,38126.86404123157,6596,262778246520.0,2794
3,43943779.519376464,43976819.67449951,33040.15512304753,38128.61920735985,4,3.5103322565555573,38126.86404123157,6597,262787431270.0,2794
3,54888960.96864287,54920749.795410156,31788.82676728815,38144.68667668104,4,19.577801577746868,38126.86404123157,6598,262798375250.0,2794
3,26584764.08874707,26582380.928894043,-2383.159853026271,695.2193563878536,3,-9.77256721071899,697.2850306406617,6626,263770991330.0,2795
0,32659292.325764604,32656223.246185303,-3069.0795793011785,712.6988165564835,3,16.446623042225838,697.2850306406617,6627,263777065200.0,2795
1,62102022.8812515,62095529.0708313,-6493.810420200229,697.2850306406617,3,-6.674055831506848,697.2850306406617,6628,263806504640.0,2795
2,52676011.12997791,52772979.8638916,96968.73391368985,103068.34559187293,1,,103068.34559187293,6653,264798064690.0,2796
0,5256146.9825428,5347433.904571533,91286.92202873342,91895.55686704442,4,-2.4537016339600086,91897.33030462079,6682,265751612450.0,2797
0,19328409.895008232,19418069.77493286,89659.87992462888,91898.01056867838,4,1.360528115183115,91897.33030462079,6683,265765683150.0,2797
3,31946374.848937333,32034572.272766113,88197.42382878065,91896.6500405632,4,-1.360528115183115,91897.33030462079,6684,265778299710.0,2797
3,58042964.29703678,58128153.346191406,85189.04915462434,91910.12645846605,4,13.476417902857065,91897.33030462079,6685,265804393410.0,2797
2,50762008.565183945,50852352.51092529,90343.94574134797,96221.92574799806,2,-12.849038735032082,96228.35026736557,6715,266798066010.0,2798
0,58440939.90277289,58530407.51672363,89467.61395074427,96234.77478673309,2,12.849038735032082,96228.35026736557,6716,266805744100.0,2798
1,2781669.474881857,2794169.2482910156,12499.773409158457,12821.87645473564,3,-38.97160062333569,12858.64818111062,6738,267751022090.0,2799
0,58263960.02561202,58270076.406066895,6116.380454875529,12863.047929607332,3,22.785611684201285,12858.64818111062,6739,267806498250.0,2799
2,75987015.89734297,75991075.63916016,4059.741817191243,12858.64818111062,3,16.185988939134404,12858.64818111062,6740,267824219330.0,2799
0,9686005.664696563,9692607.518310547,6601.85361398384,7723.443347146735,3,6.768045415170491,7723.443347146735,6758,268758933250.0,2800
1,10406339.421895355,10412844.235717773,6504.813822418451,7709.814506852999,3,-13.675215025432408,7723.443347146735,6759,268759653490.0,2800
0,10984319.993455537,10990771.60168457,6451.608229033649,7723.536096610129,3,6.907169610261917,7723.443347146735,6760,268760231420.0,2800
2,28101560.525097977,28115854.412902832,14293.887804854661,17547.904255170375,3,-18.45486882328987,17560.105854034424,7299,289797102430.0,2821
3,52819267.86436018,52830711.7701416,11443.905781418085,17560.105854034424,3,-0.1524705272167921,17560.105854034424,7300,289821817400.0,2821
0,58114774.41772647,58125617.63757324,10843.219846770167,17572.612393952906,3,18.607339350506663,17560.105854034424,7301,289827112330.0,2821
3,35298497.33492611,35344993.755615234,46496.42068912089,50583.805476762354,5,-9.360378347337246,50591.13628989458,7327,290805217060.0,2822
2,46893139.76544058,46938300.91687012,45161.15142953396,50591.13628989458,5,1.6358413510024548,50591.13628989458,7328,290816810420.0,2822
0,55735877.68357627,55780020.619018555,44142.93544228375,50596.863959640265,5,9.393076311796904,50591.13628989458,7329,290825652180.0,2822
0,60654716.51244667,60698288.203063965,43571.69061729312,50595.1954203248,5,7.724536996334791,50591.13628989458,7330,290830570470.0,2822
2,75890340.09756875,75932128.77185059,41788.674281835556,50576.38608442247,5,-16.77977068722248,50591.13628989458,7331,290845804380.0,2822
3,1334128.8148286352,1442446.454284668,108317.63945603278,108472.12472408102,2,58.17674349830486,108443.03635233187,7346,291772223880.0,2823
3,35417458.34304567,35521771.13116455,104312.78811888397,108413.94798058271,2,-58.17674349830486,108443.03635233187,7347,291806303360.0,2823
0,46661807.93026201,46797517.56781006,135709.63754805177,141112.83536943048,2,-7.4796140268445015,141116.5751764439,7387,293819515450.0,2825
3,78607364.00081164,78739381.98657227,132017.98576062918,141120.31498345733,2,7.4796140268445015,141116.5751764439,7388,293851457460.0,2825
1,49231650.05200138,49363735.296936035,132085.24493465573,137786.0172815323,2,-20.858793660998344,137796.4466783628,7418,294823157090.0,2826
0,72658735.16817148,72788128.53570557,129393.36753408611,137806.8760751933,2,20.858793660998344,137796.4466783628,7419,294846581590.0,2826
1,38551051.198781684,38686366.66717529,135315.46839360893,139779.48222180456,3,-17.880936346948147,139786.19250124693,7497,297815611440.0,2829
2,62494057.85345748,62626607.554870605,132549.7014131248,139786.19250124693,3,-7.81551718339324,139786.19250124693,7498,297839551790.0,2829
0,77277529.99147715,77408390.184021,130860.19254384935,139808.5338150561,3,25.696453530341387,139786.19250124693,7499,297854333640.0,2829
0,21002364.83767241,21182568.00579834,180203.16812593117,182635.134159144,1,,182635.134159144,7528,298799153020.0,2830
2,4694050.576529788,4819586.007263184,125535.43073339574,126078.97769339476,3,-10.369372120127082,126085.76385220885,7555,299783865630.0,2831
0,15724613.63833339,15848885.739074707,124272.1007413175,126092.93027882092,3,10.559506019111723,126085.76385220885,7556,299794894980.0,2831
2,63841853.25590111,63960546.460876465,118693.20497535169,126085.76385220885,3,-0.19013389898464084,126085.76385220885,7557,299843006860.0,2831
1,906545.0498654266,950489.1696166992,43944.11975127261,44049.09301432618,1,,44049.09301432618,7600,301781998600.0,2833
2,624984.7226589418,713818.2689208984,88833.54626195668,88905.91628450085,2,20.755858226912096,88895.5383553874,7644,303783655980.0,2835
1,61175320.958753824,61257122.33105469,81801.37230086327,88885.16042627394,2,-20.755858226912096,88895.5383553874,7645,303844199560.0,2835
1,67432792.40104893,67480781.80841064,47989.40736171603,55797.77855761349,3,-13.969497174024582,55807.54190464318,7664,304851407010.0,2836
0,75302469.6301006,75349565.94488525,47096.314784660935,55815.954204931855,3,13.293973803520203,55807.54190464318,7665,304859275830.0,2836
2,78641499.46842365,78688200.72839355,46701.25996990502,55807.54190464318,3,0.6755233705043793,55807.54190464318,7666,304862614480.0,2836
3,21500122.81930891,21628462.811767578,128339.9924586676,130829.59631092846,1,,130829.59631092846,7687,305806498820.0,2837
0,11780405.436105398,11809104.705078125,28699.26897272654,30063.379447881132,2,5.530239012092352,30060.614328375086,7743,307798766750.0,2839
2,65369742.12097922,65392230.48962402,22488.368644803762,30057.84920886904,2,-5.530239012092352,30060.614328375086,7744,307852350120.0,2839
0,64547695.34195132,64673379.93310547,125684.59115415066,133158.88292115927,1,,133158.88292115927,7767,308852543860.0,2840
3,17552154.371229284,17695379.692504883,143225.3212755993,145257.77064834908,4,-2.6762009002268314,145259.1087487992,7803,309806592160.0,2841
0,37338551.36324656,37479499.52252197,140948.15927541256,145271.77184697986,4,14.001198630779982,145259.1087487992,7804,309826376370.0,2841
1,42691998.351357035,42832305.12609863,140306.77474159747,145250.2889926359,4,-10.157856613397598,145259.1087487992,7805,309831729200.0,2841
1,64005499.05825866,64143347.99688721,137848.9386285469,145260.4468492493,4,2.6762009002268314,145259.1087487992,7806,309853040340.0,2841
3,12460714.609935042,12569198.89074707,108484.2808120288,109927.1675971672,2,-14.17729440331459,109934.25624436885,7831,310802451510.0,2842
2,45178989.93830428,45283699.78808594,104709.84978165478,109941.34489157051,2,14.17729440331459,109934.25624436885,7832,310835166160.0,2842
1,19496944.37098652,19530244.84399414,33300.47300761938,35558.11907881871,2,14.243273478001356,35550.99744207971,7852,311810432190.0,2843
1,23322064.111849234,23354907.412353516,32843.30050428212,35543.87580534071,2,-14.243273478001356,35550.99744207971,7853,311814256870.0,2843
2,7557168.878650041,7687965.113037109,130796.23438706808,131671.31574872416,4,-8.852087018080056,131679.81550780684,7880,312799474290.0,2844
3,19754356.81365625,19883749.528381348,129392.7147250995,131680.16783574224,4,0.7046558707952499,131679.81550780684,7881,312811670130.0,2844
2,24746162.795345396,24874976.779907227,128813.98456183076,131679.46317987144,4,-0.7046558707952499,131679.81550780684,7882,312816661380.0,2844
1,66755298.06912743,66879255.33721924,123957.26809180528,131687.1889219582,4,7.72574208676815,131679.81550780684,7883,312858665850.0,2844
2,1247988.5652877507,1364957.6704101562,116969.10512240557,117113.61579175526,2,-2.811857288237661,117115.02172039938,7914,313794157800.0,2845
1,19721670.72330718,19836503.48272705,114832.75941986963,117116.4276490435,2,2.811857288237661,117115.02172039938,7915,313812629430.0,2845
3,16530182.413634911,16582072.07196045,51889.65832553804,53803.76859185845,2,-4.803507097065449,53806.17034540698,7941,314810377690.0,2846
3,19520120.203903787,19571668.446289062,51548.24238527566,53808.57209895551,2,4.803507097065449,53806.17034540698,7942,314813367300.0,2846
1,71469846.83279544,71581243.44262695,111396.60983151197,119672.4512065053,1,,119672.4512065053,7963,315866317610.0,2847
2,1388123.861613388,1416317.1819458008,28193.32033241284,28354.0579496969,1,,28354.0579496969,7986,316797112830.0,2848
3,33621098.03759909,33626394.55480957,5296.517210483551,9189.667770370841,1,,9189.667770370841,8015,317830233600.0,2849
2,25222451.49752534,25270085.012878418,47633.51535307616,50554.14575781673,1,,50554.14575781673,8034,318822744790.0,2850
1,459267.97245291097,559929.7994995117,100661.82704660075,100715.00792017288,4,-25.747889763792045,100729.8444378851,8078,320799896830.0,2852
3,5876676.667374707,5976715.111450195,100038.44407548849,100718.93306583352,4,-21.82274410314858,100729.8444378851,8079,320805313640.0,2852
0,31169648.376570582,31266779.847106934,97131.4705363512,100740.75580993667,4,21.82274410314858,100729.8444378851,8080,320830603820.0,2852
3,55092177.399312705,55186540.828125,94363.4288122952,100742.82014115155,4,23.887075318023562,100729.8444378851,8081,320854523690.0,2852
3,1126166.2272243528,1223322.6340332031,97156.40680885036,97286.81107682362,1,,97286.81107682362,8101,321801540660.0,2853
3,18218807.797455113,18318812.730041504,100004.93258639053,102114.57700365037,1,,102114.57700365037,8127,322819582870.0,2854
2,29931862.278678864,30048887.052490234,117024.77381137013,120490.72980895266,1,,120490.72980895266,8145,323832309560.0,2855
1,65936367.32354733,65975524.80737305,39157.483825713396,46792.576679483056,1,,46792.576679483056,8170,324869295900.0,2856
3,946009.798566285,1061834.6948242188,115824.8962579337,115934.4393362957,1,,115934.4393362957,8192,325805324460.0,2857
3,8771716.678362828,8800703.349121094,28986.670758266002,30002.390520285815,1,,30002.390520285815,8220,326814028950.0,2858
0,44498116.09302108,44530214.78649902,32098.69347794354,37251.34689181298,2,10.512253411114216,37246.09076510742,8240,327850646130.0,2859
2,75713348.91606328,75741822.53356934,28473.617506057024,37240.834638401866,2,-10.512253411114216,37246.09076510742,8241,327881857880.0,2859
0,2395261.458301584,2457452.3934936523,62190.93519206857,62468.29417293938,3,49.70823324751109,62448.44824858289,8266,328809554890.0,2860
3,6958288.885005235,7019931.599121094,61642.71411585901,62448.44824858289,3,19.939346712781116,62448.44824858289,8267,328814117390.0,2860
0,42798945.44212246,42856378.267578125,57432.82545566559,62388.72363080084,3,-69.6475799602922,62448.44824858289,8268,328849954000.0,2860
1,73809559.14199562,73868702.96759033,59143.82559470832,67690.59364427626,1,,67690.59364427626,8297,329881905940.0,2861
3,24649622.554905012,24691401.532836914,41778.97793190181,44633.277685686946,4,-11.85527116805315,44641.705241926014,8356,331834532610.0,2863
3,34318513.100148715,34359177.47003174,40664.3698830232,44638.27752699703,4,-6.855429857969284,44641.705241926014,8357,331844200430.0,2863
0,37397795.1055692,37438123.43713379,40328.331564590335,44658.80425739288,4,20.52673039585352,44641.705241926014,8358,331847279390.0,2863
3,61900134.360840686,61937611.77600098,37477.4151602909,44645.132956855,4,6.855429857969284,44641.705241926014,8359,331871778990.0,2863
3,40733477.15023543,40881959.70233154,148482.55209611356,153199.2796460688,5,50.667120553553104,153168.61171385646,8404,333852630350.0,2865
0,60724928.911535665,60871068.598083496,146139.6865478307,153171.3215862438,5,22.709060728549957,153168.61171385646,8405,333872619550.0,2865
0,62762018.2225067,62907919.314697266,145901.09219056368,153168.61171385646,5,18.64425214752555,153168.61171385646,8406,333874656410.0,2865
1,74126903.167617,74271437.5232544,144534.35563740134,153117.87049604952,5,-52.09615400061011,153168.61171385646,8407,333886019980.0,2865
2,74479241.61804682,74623745.9175415,144504.29949468374,153128.61333717406,5,-41.353312876075506,153168.61171385646,8408,333886372290.0,2865
0,8674642.700365912,8772089.601623535,97446.90125762299,98451.38035131618,4,34.94968477264047,98420.80850425921,8436,334821567840.0,2866
1,13010611.217627438,13107529.84197998,96918.62435254268,98425.18634197488,4,8.755675431340933,98420.80850425921,8437,334825903300.0,2866
1,16862168.411730073,16958632.289855957,96463.87812588364,98416.43066654354,4,-8.755675431340933,98420.80850425921,8438,334829754420.0,2866
2,73425906.49913311,73515714.5199585,89808.02082538605,98310.36386837065,4,-114.82247360423207,98420.80850425921,8439,334886311760.0,2866
2,61319230.83079624,61453517.16052246,134286.32972621918,141386.7818760574,1,,141386.7818760574,8488,336876221640.0,2868
0,31798751.17708046,31923421.36151123,124670.18443077058,128352.31657917425,2,44.3751976005733,128330.12898037396,8516,337847725860.0,2869
0,55265095.894713275,55387004.421691895,121908.5269786194,128307.94138157368,2,-44.3751976005733,128330.12898037396,8517,337871189550.0,2869
1,16445302.10002628,16479059.577575684,33757.477549403906,35661.75911113806,2,-0.049348948523402214,35661.78378561232,8541,338833269030.0,2870
1,51052551.68152509,51082301.86657715,29750.18505205959,35661.808460086584,2,0.049348948523402214,35661.78378561232,8542,338867872430.0,2870
1,51395389.499626726,51415252.44744873,19862.947822004557,25814.270089425147,1,,25814.270089425147,8563,339869133080.0,2871
0,19355283.06614997,19479644.068237305,124361.00208733603,126602.24450664967,5,-3.7017142809927464,126603.77760444582,8591,340838131680.0,2872
3,20315950.365129344,20440189.690368652,124239.32523930818,126591.8080002889,5,-14.138220641762018,126603.77760444582,8592,340839092230.0,2872
0,28765273.941522107,28888551.185302734,123277.24378062785,126608.11483741552,5,5.103781867772341,126603.77760444582,8593,340847540630.0,2872
1,70099166.16593197,70217652.81994629,118486.65401431918,126603.77760444582,5,-1.4020675867795944,126603.77760444582,8594,340888869920.0,2872
3,74108580.22424912,74226614.54827881,118034.32402968407,126615.71718555689,5,12.706130009144545,126603.77760444582,8595,340892878900.0,2872
0,9646716.040852565,9707204.191894531,60488.15104196593,61605.191238379106,3,18.08852414600551,61589.09271487594,8624,341829399790.0,2873
2,19119225.839659326,19178601.024169922,59375.1845105961,61589.09271487594,3,-6.059261108748615,61589.09271487594,8625,341838871230.0,2873
0,66285036.43595959,66338946.081726074,53909.64576648176,61585.112713590264,3,-12.029263037256896,61589.09271487594,8626,341886031790.0,2873
2,60829537.016500816,60927058.759521484,97521.74302066863,104565.49114064127,1,,104565.49114064127,8647,342881566520.0,2874
1,12234013.433964686,12344531.958190918,110518.5242262315,111935.16017895564,3,-22.834583796560764,111954.32881744951,8695,344834931840.0,2876
0,22807090.39001153,22916403.77484131,109313.38482977822,111954.32881744951,3,5.918373944237828,111954.32881744951,8696,344845503760.0,2876
0,78666036.67881829,78768889.2163086,102852.53749030828,111961.6607080549,3,16.916209852322936,111954.32881744951,8697,344901356500.0,2876
2,7027993.614032476,6991618.371887207,-36375.24214526918,-35561.43656275142,4,-129055.33752209786,93493.33834574092,8728,345830524520.0,2877
0,13770968.88658166,13862867.05480957,91898.168227911,93492.7757321354,4,-1.1252272110432386,93493.33834574092,8729,345837395800.0,2877
0,28058337.05532031,28148581.944885254,90244.88956494257,93493.90095934644,4,1.1252272110432386,93493.33834574092,8730,345851681580.0,2877
0,47892686.34767716,47980641.55645752,87955.2087803632,93500.9360038042,4,8.160271668806672,93493.33834574092,8731,345871513730.0,2877
2,6775646.080540301,6866084.755371094,90438.67483079247,91223.25986434985,3,11196.330204599537,91208.4185340181,8757,346831389660.0,2878
1,38464088.95113683,38528480.44787598,64391.49673914909,68845.44078548253,3,-22370.39841370145,91208.4185340181,8758,346863052200.0,2878
2,53936386.97431745,54021349.836120605,84962.86180315912,91208.4185340181,3,11174.068209101912,91208.4185340181,8759,346878545140.0,2878
2,9578739.994201224,9702025.390930176,123285.39672895148,124394.56564811617,2,17.73557399213314,124385.6978611201,8802,348836220530.0,2880
2,34782731.3638883,34903080.53222656,120349.16833826154,124376.83007412404,2,-17.73557399213314,124385.6978611201,8803,348861421700.0,2880
3,76939147.80018294,77062692.16143799,123544.3612550497,132453.519605577,1,,132453.519605577,8833,349904579090.0,2881
1,33031712.997910704,33144824.114868164,113111.1169574596,116936.01975534484,2,-13.205596957355738,116942.62255382352,8853,350861656560.0,2882
1,46567785.513805814,46679342.4286499,111556.91484408826,116949.2253523022,2,13.205596957355738,116942.62255382352,8854,350875191140.0,2882
3,28897228.847838268,28918117.17626953,20888.328431263566,24234.47918881476,1,,24234.47918881476,8878,351858423580.0,2883
2,13685536.903511615,13857135.991516113,171599.0880044978,173183.80292364582,4,-2.081156626343727,173185.32755333371,8893,352844274100.0,2884
3,22556271.582478132,22726845.566101074,170573.98362294212,173185.88408027217,4,1.1130538769066334,173185.32755333371,8894,352853143850.0,2884
1,32878940.965541206,33048318.523986816,169377.5584456101,173184.77102639526,4,-1.1130538769066334,173185.32755333371,8895,352863465370.0,2884
0,52298503.23042257,52465660.0256958,167156.79527322948,173212.69347456843,4,27.92244817316532,173185.32755333371,8896,352882882800.0,2884
0,5500528.83158287,5620673.101806641,120144.27022377029,120781.20322567318,2,5.182951037772,120778.61175015429,8921,353837081010.0,2885
0,23259719.50606817,23377802.17022705,118082.66415888071,120776.0202746354,2,-5.182951037772,120778.61175015429,8922,353854838220.0,2885
3,23240433.918325048,23265106.335388184,24672.417063135654,27363.54000683129,1,,27363.54000683129,8948,354855751270.0,2886
1,61786571.28821872,61811103.07647705,24531.788258329034,31686.356034055352,1,,31686.356034055352,8995,356896103430.0,2888
3,10161208.22065544,10210540.946411133,49332.72575569339,50509.341505398974,3,71.80938616581261,50462.49896443635,9041,358846249740.0,2890
0,49802804.70343299,49847500.293273926,44695.58984093368,50462.49896443635,3,1.5455747218802571,50462.49896443635,9042,358885886880.0,2890
1,73872042.04393186,73913900.60595703,41858.5620251745,50412.56527402997,3,-73.35496088769287,50462.49896443635,9043,358909953390.0,2890
0,9454318.082045596,9575569.966796875,121251.8847512789,122346.64625173062,2,-6.9326749965548515,122350.1125892289,9065,359846536320.0,2891
3,37812985.70233423,37930960.73162842,117975.02929418534,122353.57892672718,2,6.9326749965548515,122350.1125892289,9066,359874891840.0,2891
0,13485532.75335223,13603267.2578125,117734.50446026959,119296.05992554314,3,-8.64567725919187,119304.40416406095,9086,360851590550.0,2892
0,28663962.21979615,28779948.087158203,115985.8673620522,119305.00704154372,3,4.7749967416748405,119304.40416406095,9087,360866767300.0,2892
2,31584677.71635407,31700324.77697754,115647.0606234707,119304.40416406095,3,3.8706805175170302,119304.40416406095,9088,360869687690.0,2892
2,70534232.45751727,70580117.32659912,45884.86908185482,54052.37111514807,1,,54052.37111514807,9112,361909571390.0,2893
0,54653616.744685866,54772361.55944824,118744.81476237625,125073.42301876098,3,9.088538996875286,125068.19315415621,9139,362894672060.0,2894
0,60851081.36628027,60969103.316589355,118021.95030908287,125068.19315415621,3,1.2437420897185802,125068.19315415621,9140,362900868830.0,2894
3,75603270.08320317,75719576.08843994,116306.00523677468,125060.475805372,3,-10.332281086593866,125068.19315415621,9141,362915619370.0,2894
2,9999818.977434482,10105388.543518066,105569.56608358398,106727.49378740974,3,91.09610665403306,106658.35539130121,9265,367854881710.0,2899
0,54736484.519914776,54836804.67138672,100320.15147194266,106658.35539130121,3,-12.611487508751452,106658.35539130121,9266,367899613330.0,2899
2,72155546.09189804,72253805.29003906,98259.19814102352,106614.4399702102,3,-78.48461914528161,106658.35539130121,9267,367917030410.0,2899
2,17981193.706066556,18087293.91278076,106100.20671420544,108182.33663946763,2,3.2940330021083355,108180.68962296657,9299,368863868150.0,2900
3,27507286.660774507,27612280.500793457,104993.8400189504,108179.04260646552,2,-3.2940330021083355,108180.68962296657,9300,368873393180.0,2900
3,17147504.99674824,17203995.991455078,56490.99470683932,58476.587759278715,1,,58476.587759278715,9317,369863922530.0,2901
2,15203510.547505505,15335970.614257812,132460.06675230712,134220.5552269593,2,-0.723426066339016,134220.91693999246,9345,370862979890.0,2902
3,30073763.956852905,30204502.84802246,130738.89116955549,134221.27865302563,2,0.723426066339016,134220.91693999246,9346,370877848490.0,2902
1,3365253.8486917317,3491408.418823242,126154.5701315105,126544.24925176287,3,-24.195794818457216,126560.13609665632,9373,371852123900.0,2903
3,74859610.82966463,74977502.6071167,117891.77745206654,126560.13609665632,3,-0.3655274782795459,126560.13609665632,9374,371923610320.0,2903
0,77230307.92254627,77347941.80334473,117633.88079845905,126576.75399650633,3,24.561322296736762,126560.13609665632,9375,371925980770.0,2903
1,3461186.701727389,3483300.1400146484,22113.438287259545,22514.225939425174,2,-16.285153058823198,22522.368515954586,9407,372853134370.0,2904
1,70933855.92104815,70948172.65576172,14316.734713569283,22530.511092483997,2,16.285153058823198,22522.368515954586,9408,372920599550.0,2904
2,76231119.43248922,76322666.15771484,91546.72522562742,100373.89752581716,1,,100373.89752581716,9458,374927873240.0,2906
1,34561535.01500225,34579800.35797119,18265.342968940735,22267.391303107142,1,,22267.391303107142,9478,375887090650.0,2907
0,23347962.95907157,23476375.513916016,128412.55484444648,131116.12909906358,6,47.10677817463875,131077.44084151462,9497,376876815800.0,2908
1,27156098.786396228,27284048.159729004,127949.37333277613,131093.91016725078,6,24.88784636184573,131077.44084151462,9498,376880623490.0,2908
3,34449698.1604082,34576794.921569824,127096.76116162539,131085.8593621403,6,16.83704125136137,131077.44084151462,9499,376887916270.0,2908
0,43757040.32485408,43883042.50653076,126002.18167667836,131069.02232088894,6,-16.83704125136137,131077.44084151462,9500,376897222560.0,2908
3,48607257.426822945,48732680.40338135,125422.97655840218,131051.4474445805,6,-34.41191755980253,131077.44084151462,9501,376902072220.0,2908
0,63019424.988565534,63143154.724853516,123729.73628798127,131027.0621933937,6,-58.797168746590614,131077.44084151462,9502,376916482760.0,2908
1,1859388.2196210655,1958075.3361206055,98687.11649953993,98902.42411026033,3,117.09638249548152,98807.69911809266,9523,377856301900.0,2909
1,43458420.325680554,43552195.76281738,93775.4371368289,98807.69911809266,3,-24.9911057560239,98807.69911809266,9524,377897896210.0,2909
0,77446315.80397612,77536110.87451172,89795.07053560019,98762.95633743703,3,-92.10527673945762,98807.69911809266,9525,377931880280.0,2909
2,39593014.034761414,39658959.56921387,65945.53445245326,70530.20222816616,4,58.89756844192743,70476.14420495182,9543,378894938590.0,2910
1,63352846.24255599,63415991.29193115,63145.04937516153,70480.98375017941,4,9.679090455174446,70476.14420495182,9544,378918695730.0,2910
1,71863122.58524485,71925272.50921631,62149.92397145927,70471.30465972424,4,-9.679090455174446,70476.14420495182,9545,378927205050.0,2910
1,72860686.37270956,72922707.9631958,62021.59048624337,70458.48394012451,4,-22.499810054898262,70476.14420495182,9546,378928202490.0,2910
1,13978270.751881914,14099964.05657959,121693.30469767563,123311.91669372469,3,-0.7291509695351124,123311.91669372469,9602,380871278650.0,2912
0,35032883.697421625,35152148.107177734,119264.40975610912,123321.03784804791,3,12.952580515295267,123311.91669372469,9603,380892330930.0,2912
0,60865934.09058683,60982190.38171387,116256.29112703353,123304.25384134054,3,-12.223429545760155,123311.91669372469,9604,380918161090.0,2912
3,13479811.247441322,13612951.973632812,133140.7261914909,134701.61913575232,2,25.13443797081709,134689.0519167669,9661,382872756600.0,2914
3,30582958.89680615,30714094.03186035,131135.1350542009,134676.4846977815,2,-25.13443797081709,134689.0519167669,9662,382889857820.0,2914
1,26478015.187049434,26517084.780517578,39069.593468144536,42135.61170273647,2,-10.7641607709229,42140.99378312193,9688,383886693450.0,2915
1,44524791.90480251,44561782.53833008,36990.63352756947,42146.37586350739,2,10.7641607709229,42140.99378312193,9689,383904738230.0,2915
2,27316166.78197856,27412984.809692383,96818.02771382406,99981.09960048273,2,4.12550438567996,99979.03684828989,9718,384888513980.0,2916
1,58209027.35827562,58302264.02581787,93236.66754224896,99976.97409609705,2,-4.12550438567996,99979.03684828989,9719,384919403400.0,2916
0,54894046.06988269,54915443.3961792,21397.326296508312,27753.77503451705,1,,27753.77503451705,9775,386917929560.0,2918
2,14141580.653492631,14251262.843444824,109682.18995219283,111319.7123965025,5,44.99005811475217,111310.37806690857,9798,387878189820.0,2919
3,20778938.312268883,20887842.595947266,108904.28367838264,111310.37806690857,5,34.525895377621055,111310.37806690857,9799,387884826430.0,2919
0,26535796.432234883,26644036.360961914,108239.92872703075,111312.63773319498,5,37.91539480723441,111310.37806690857,9800,387890582650.0,2919
3,63914347.90783267,64018186.02105713,103838.11322446167,111239.06660986692,5,-72.44129018485546,111310.37806690857,9801,387927956970.0,2919
3,76829403.95904538,76931717.1651001,102313.2060547173,111209.65663181245,5,-101.85126823931932,111310.37806690857,9802,387940870560.0,2919
3,53834991.85467761,53854216.232910156,19224.37823254615,25458.193929053843,1,,25458.193929053843,9850,389919716190.0,2921
3,16557614.701432072,16576056.371398926,18441.669966854155,20358.95675127767,1,,20358.95675127767,9871,390883335350.0,2922
3,36978268.24330276,37009387.45996094,31119.21665817499,35401.11029395461,1,,35401.11029395461,9900,391904670360.0,2923
1,1551824.765085472,1598579.0876464844,46754.32256101235,46934.01590256486,1,,46934.01590256486,9928,392870156880.0,2924
3,17730384.723162122,17873315.1484375,142930.42527537793,144983.5128079392,7,44.069956947118044,144941.2399066612,9949,393887329180.0,2925
1,41567181.65095398,41707316.52032471,140134.86937072873,144948.13562206924,7,8.692771077156067,144941.2399066612,9950,393911163290.0,2925
0,47748946.947559275,47888378.34893799,139431.40137871355,144960.48431750387,7,21.041466511785984,144941.2399066612,9951,393917344380.0,2925
1,49197457.321022294,49336701.747924805,139244.42690251023,144941.2399066612,7,-1.6508020348846912,144941.2399066612,9952,393918792710.0,2925
1,54946051.3117618,55084625.55065918,138574.2388973832,144936.709575437,7,-7.978188928216696,144941.2399066612,9953,393924540660.0,2925
1,58950865.86189787,59088977.30004883,138111.43815095723,144937.64579532295,7,-7.041969042271376,144941.2399066612,9954,393928545030.0,2925
1,65476133.63878146,65613477.56335449,137343.92457303405,144925.7247287035,7,-18.96303566172719,144941.2399066612,9955,393935069560.0,2925
3,10131886.679526027,10160994.22454834,29107.54502231255,30280.765488075092,1,,30280.765488075092,9971,394880582410.0,2926
2,70627655.57196638,70822984.05883789,195328.48687151074,203506.80682186782,1,,203506.80682186782,10003,395942125270.0,2927
2,8824609.44164193,8890727.801269531,66118.35962760076,67140.20410008356,2,31.874175306409597,67124.26701243035,10035,396881257390.0,2928
2,61312970.00046349,61372978.60321045,60008.60274695605,67108.32992477715,2,-31.874175306409597,67124.26701243035,10036,396933739880.0,2928
1,2828985.652172381,2931256.760498047,102271.10832566582,102598.69034167705,1,,102598.69034167705,10076,398877240840.0,2930
2,29690861.24820119,29729356.493774414,38495.24557322264,41933.294888649136,2,42.439465302973986,41912.07515599765,10100,399905016680.0,2931
1,74437651.21790376,74470922.57543945,33271.35753569007,41890.85542334616,2,-42.439465302973986,41912.07515599765,10101,399949758450.0,2931
3,40648739.565495126,40697708.83514404,48969.26964891702,53676.185021556914,1,,53676.185021556914,10130,400916861580.0,2932
0,27768090.526283562,27852429.396728516,84338.87044495344,87554.27278126404,3,31.960456285625696,87537.5195504278,10153,401904961860.0,2933
0,46293347.98662205,46375524.974121094,82176.98749904335,87537.5195504278,3,6.83061003126204,87537.5195504278,10154,401923485040.0,2933
3,55485170.87842808,55566253.08557129,81082.20714320987,87507.10509952903,3,-38.791066316887736,87537.5195504278,10155,401932675810.0,2933
1,12718632.311174877,12843559.512817383,124927.20164250582,126399.95397343487,2,26.625980727374554,126386.64098307118,10202,403891915070.0,2935
2,44395052.54939501,44516285.158203125,121232.60880811512,126373.32799270749,2,-26.625980727374554,126386.64098307118,10203,403923587940.0,2935
0,52664683.18563995,52773131.24169922,108448.0560592711,114546.35601965338,1,,114546.35601965338,10220,404932856490.0,2936
2,18274073.539010804,18298882.313842773,24808.77483196929,26924.81873839721,3,23.735251888632774,26912.404016926885,10240,405899342550.0,2937
2,35027599.577472046,35050455.965270996,22856.387798950076,26912.404016926885,3,5.1131696831434965,26912.404016926885,10241,405916094200.0,2937
1,47762088.77392867,47783447.93218994,21359.15826126933,26889.76295609027,3,-28.84842157177627,26912.404016926885,10242,405928827250.0,2937
0,16992921.385765173,17094161.981140137,101240.59537496418,103208.28843880072,3,-1.4951585717499256,103208.28843880072,10258,406899048370.0,2938
0,43474398.649083555,43572581.300598145,98182.65151458979,103216.76370367408,3,11.217738738283515,103208.28843880072,10259,406925526910.0,2938
3,53943937.2167525,54040893.5892334,96956.3724808991,103202.80349107087,3,-9.72258016653359,103208.28843880072,10260,406935995270.0,2938
3,17436563.743001,17532092.574951172,95528.83195017278,97547.8965215534,3,-19.770045140758157,97567.07315427437,10281,407900745010.0,2939
0,29217795.083391994,29311978.885864258,94183.80247226357,97567.07315427437,3,8.994903940707445,97567.07315427437,10282,407912524950.0,2939
3,73641895.5312902,73730936.43780518,89040.90651497245,97568.25997911394,3,10.775141200050712,97567.07315427437,10283,407956944110.0,2939
2,1989841.73035546,2062530.993347168,72689.262991708,72919.67644929234,2,-33.4829206680879,72936.41790962638,10317,408886243780.0,2940
0,76168859.75066121,76232992.94708252,64133.196421310306,72953.15936996043,2,33.4829206680879,72936.41790962638,10318,408960414580.0,2940
0,33659900.94409195,33692062.46118164,32161.517089687288,36059.160826958716,1,,36059.160826958716,10867,431941544470.0,2963
3,6215163.896415956,6327890.317749023,112726.42133306712,113446.10540692136,2,30.05596837773919,113431.07742273249,10982,435927381440.0,2967
2,26089474.72518061,26199869.74737549,110395.02219487727,113416.04943854362,2,-30.05596837773919,113431.07742273249,10983,435947253510.0,2967
0,4504470.565637123,4590489.608764648,86019.0431275256,86540.63769546617,4,18.709050533361733,86531.28317019949,11052,438935650710.0,2970
0,7509634.657215193,7595305.913696289,85671.25648109615,86540.83362392522,4,18.904978992417455,86531.28317019949,11053,438938655540.0,2970
3,58509376.656327516,58589123.49951172,79746.84318420291,86521.9286449328,4,-18.709050533361733,86531.28317019949,11054,438989649590.0,2970
2,72192083.46277839,72270241.1451416,78157.68236321211,86517.15503238142,4,-23.482663084752858,86531.28317019949,11055,439003330770.0,2970
1,46247749.39497797,46312338.355895996,64588.96091802418,69944.21288657188,1,,69944.21288657188,11135,441985288410.0,2973
2,42577356.46503116,42686789.138305664,109432.67327450216,114362.9125836119,1,,114362.9125836119,11151,442982555470.0,2974
2,29752891.732427206,29853933.542907715,101041.81048050895,104487.04260757565,3,7.733535582199693,104481.44647354633,11181,443970690190.0,2975
1,32034895.448265977,32135663.143493652,100767.69522767514,104477.17167044058,3,-7.072870120406151,104481.44647354633,11182,443972971930.0,2975
1,48852891.96866922,48951716.5010376,98824.53236837685,104481.44647354633,3,-0.6606654617935419,104481.44647354633,11183,443989788060.0,2975
1,50898959.019314915,50924723.617614746,25764.598299831152,31658.436466038227,2,-9.842268846929073,31663.35760046169,11205,444992686470.0,2976
3,53870629.73877994,53896060.07513428,25430.336354337633,31668.278734885156,2,9.842268846929073,31663.35760046169,11206,444995657820.0,2976
0,5460910.1659411155,5515374.505249023,54464.33930790797,55096.68467171118,3,73.43160297907889,55046.9491458796,11230,445948242500.0,2977
2,30912801.1115007,30964268.516967773,51467.405467074364,55046.9491458796,3,-1.1716857682913542,55046.9491458796,11231,445973691510.0,2977
3,60628544.01476579,60676523.097595215,47979.08282942325,54999.5569915846,3,-72.25991721078753,55046.9491458796,11232,446003403900.0,2977
1,18132376.79249032,18187967.42376709,55590.631276771426,57690.2674273476,3,52.77763928286731,57676.82881454006,11297,447962665330.0,2979
1,30597346.80571048,30651480.61883545,54133.8131249696,57676.82881454006,3,32.619720071554184,57676.82881454006,11298,447975128900.0,2979
1,77219721.64992073,77268378.15332031,48656.50339958072,57598.15076158941,3,-85.3973593544215,57676.82881454006,11299,448021746010.0,2979
1,72044030.53958361,72086985.98590088,42955.4463172704,51297.775217965245,1,,51297.775217965245,11324,449017466180.0,2980
2,36723368.63948777,36765055.363708496,41686.724220722914,45939.101790905,1,,45939.101790905,11348,449983007530.0,2981
0,58511946.15802162,58573660.18414307,61714.026121445,68489.40911728144,2,14.110466837882996,68482.3538838625,11365,451005717820.0,2982
3,71986409.13685724,72046548.77886963,60139.642012387514,68475.29865044355,2,-14.110466837882996,68482.3538838625,11366,451019190770.0,2982
3,27358634.421775676,27424728.423706055,66094.00193037838,69261.99135171995,3,-11.929529383778572,69261.99135171995,11385,451975458300.0,2983
1,48120386.28106308,48184073.80895996,63687.5278968811,69259.62160371989,3,-15.4841513838619,69261.99135171995,11386,451996217740.0,2983
3,76632819.33985367,76693233.8729248,60414.533071130514,69288.22015848756,3,27.41368076764047,69261.99135171995,11387,452024727030.0,2983
1,9465163.921927156,9556617.995666504,91454.07373934798,92550.09113238193,4,-22.63127407245338,92567.60240836069,11412,452958509870.0,2984
2,40899278.18916605,40987104.74511719,87826.55595114082,92562.482410267,4,-10.239996187388897,92567.60240836069,11413,452989940500.0,2984
0,57637900.72893497,57723818.46429443,85917.73535946012,92591.9083814919,4,29.42597122490406,92567.60240836069,11414,453006677290.0,2984
2,65888367.67793535,65973310.865600586,84943.18766523898,92572.72240645438,4,10.239996187388897,92567.60240836069,11415,453014926820.0,2984
0,63136835.19901866,63174027.800476074,37192.60145741701,44503.52286247909,1,,44503.52286247909,11436,454013038070.0,2985
1,4569765.2815080285,4618132.966552734,48367.68504470587,48896.84040555637,3,30.40312288235873,48866.4636432752,11460,454955368390.0,2986
3,46293136.92304421,46336642.82635498,43505.903310768306,48866.41092207283,3,-15.241102342959493,48866.4636432752,11461,454997087090.0,2986
0,60068029.1576557,60109940.05187988,41910.89422418177,48866.4636432752,3,-15.162020539399236,48866.4636432752,11462,455010860450.0,2986
1,15864317.50046156,16024719.410888672,160401.91042711213,162238.91695468314,2,15.088807934895158,162231.3725507157,11484,455967629510.0,2987
0,55682981.92599702,55838757.950683594,155776.02468657494,162223.82814674824,2,-15.088807934895158,162231.3725507157,11485,456007443730.0,2987
1,74449578.83269946,74509532.484375,59953.65167553723,68574.53071975708,1,,68574.53071975708,11510,457027145200.0,2988
1,35708270.1211579,35763231.345703125,54961.2245452255,59096.058917962015,1,,59096.058917962015,11538,457989289300.0,2989
3,16014554.509532986,16059537.657470703,44983.147937716916,46837.55113970116,3,26.18129527941346,46832.02295349538,11587,459971372560.0,2991
0,40596484.47509285,40638615.63354492,42131.15845207125,46832.02295349538,3,17.889015970751643,46832.02295349538,11588,459995951750.0,2991
3,56502255.102851525,56542503.148498535,40248.04564701021,46790.716735348105,3,-44.070311250165105,46832.02295349538,11589,460011855710.0,2991
1,51694980.8639531,51741567.2097168,46586.34576369822,52572.35917316377,1,,52572.35917316377,11617,461007964530.0,2992
2,54249234.02067684,54309813.83154297,60579.81086613238,66861.59367896616,1,,66861.59367896616,11641,462011410310.0,2993
3,17444162.222836897,17516661.613708496,72499.39087159932,74519.33530793712,2,13.665341977030039,74512.5026369486,11664,462975546480.0,2994
1,26138883.0689888,26210361.990478516,71478.92148971558,74505.66996596009,2,-13.665341977030039,74512.5026369486,11665,462984240220.0,2994
1,7402248.256282516,7505901.480407715,103653.22412519902,104510.366474065,2,60.012458863668144,104480.36024463316,11688,463966432140.0,2995
0,43404393.06478943,43503817.41290283,99424.34811340272,104450.35401520133,2,-60.012458863668144,104480.36024463316,11689,464002430220.0,2995
2,57512809.007704325,57518783.43469238,5974.426988057792,12634.115030929446,2,-0.18323037773370743,12634.206646118313,11715,465017416980.0,2996
3,64081639.52608539,64086853.49945068,5213.973365291953,12634.29826130718,2,0.18323037773370743,12634.206646118313,11716,465023985080.0,2996
0,19484497.927033678,19534807.145996094,50309.21896241605,52565.42379930243,3,50.038149420171976,52524.2875687778,11742,465980252240.0,2997
2,33952308.42938244,34000901.21392822,48592.78454577923,52524.2875687778,3,-11.666196366772056,52524.2875687778,11743,465994718400.0,2997
2,62937060.4304528,62982279.12567139,45218.69521858543,52506.483730986714,3,-38.37195305339992,52524.2875687778,11744,466023699910.0,2997
1,9847436.541250318,9885769.362915039,38332.821664720774,39473.10426468775,2,-0.012036442756652832,39473.110282909125,11770,466971499880.0,2998
0,20216519.96218254,20253652.10925293,37132.14707038924,39473.1163011305,2,0.012036442756652832,39473.110282909125,11771,466981867810.0,2998
2,9242676.362525277,9292414.503967285,49738.14144200832,50808.3959177956,3,-3.880903959274292,50811.29953058064,11788,467971759980.0,2999
1,39791759.71407433,39837965.28668213,46205.572607800364,50813.254112929106,3,3.4063887409865856,50811.29953058064,11789,468002305670.0,2999
1,43540858.70986942,43586628.20147705,45769.49160762876,50811.29953058064,3,0.4745152182877064,50811.29953058064,11790,468006054350.0,2999
1,38454636.03813147,38520423.331726074,65787.29359460622,70240.14304213971,1,,70240.14304213971,11805,469001928620.0,3000
2,4564766.724003513,4572742.272277832,7975.548274318688,8504.124827870168,2,36.660929136909544,8485.794363301713,11834,469968882370.0,3001
2,64876472.32049066,64877427.421936035,955.101445376873,8467.463898733258,2,-36.660929136909544,8485.794363301713,11835,470029187330.0,3001
2,4037786.13164159,4092906.79095459,55120.65931299981,55588.214219193906,5,-2.9466720037162304,55591.07518824935,11867,470969279030.0,3002
3,19355677.197610676,19409026.98474121,53349.78713053465,55591.07518824935,5,1.3447815794497728,55591.07518824935,11868,470984595220.0,3002
2,33320504.994265523,33372233.344726562,51728.35046103969,55586.69388959557,5,-4.467001602053642,55591.07518824935,11869,470998558490.0,3002
0,66705764.88170062,66753651.20245361,47886.320752993226,55610.50589431822,5,20.861190596595407,55591.07518824935,11870,471031940060.0,3002
1,71335129.100933,71382460.10577393,47331.004840925336,55591.246594145894,5,1.6018904242664576,55591.07518824935,11871,471036568890.0,3002
3,11120485.391279992,11206480.723388672,85995.33210868016,87283.02723032422,2,58.69856947846711,87253.67794558499,11898,471977264270.0,3003
1,57565930.574612655,57646489.06402588,80558.48941322416,87224.32866084576,2,-58.69856947846711,87253.67794558499,11899,472023704490.0,3003
3,17514553.45972508,17597439.589904785,82886.13017970696,84914.22555992752,3,30.967494551092386,84883.3218664825,11925,472984605740.0,3004
1,41775413.0857519,41855459.02923584,80045.94348394126,84883.3218664825,3,-15.388045616447926,84883.3218664825,11926,473008863870.0,3004
3,62756867.14205939,62834483.41326904,77616.27120964974,84883.19426427037,3,-15.57944893464446,84883.3218664825,11927,473029842990.0,3004
2,3671153.8660697914,3687735.1661376953,16581.30006790394,17006.400839840528,4,55.36804421013221,16966.591658409685,11948,473971605750.0,3005
2,27347671.837921835,27361487.268432617,13815.430510781705,16982.150521188974,4,31.117725558578968,16966.591658409685,11949,473995279610.0,3005
3,53397584.06675446,53408348.554748535,10764.487994074821,16947.654114164412,4,-34.49640702456236,16966.591658409685,11950,474021326590.0,3005
0,65239417.946436614,65248814.589538574,9396.64310196042,16951.032795630395,4,-31.117725558578968,16966.591658409685,11951,474033167110.0,3005
0,76281416.16868344,76341386.40557861,59970.23689517379,68803.23329922557,1,,68803.23329922557,11979,475045127270.0,3006
1,361668.79823540035,415180.740234375,53511.94199897465,53553.82138919475,4,-22.132524017069954,53575.7058163546,12009,475970087200.0,3007
2,37959828.99846706,38009009.39904785,49180.40058079362,53575.95391321182,4,0.4961937144398689,53575.7058163546,12010,476007681200.0,3007
2,43767255.499444276,43815762.933654785,48507.43421050906,53575.45771949738,4,-0.4961937144398689,53575.7058163546,12011,476013487980.0,3007
2,75372393.43351948,75417248.90374756,44855.47022807598,53583.20646584034,4,7.74874634295702,53575.7058163546,12012,476045089610.0,3007
2,66133016.08062668,66176179.243774414,43163.163147732615,50821.02691808343,1,,50821.02691808343,12040,477036749060.0,3008
0,6927169.515735198,6970373.489868164,43203.97413296625,44006.104802478105,2,26.742263320833445,43992.73367081769,12066,477978403610.0,3009
1,52235036.200971305,52272967.01446533,37930.81349402666,43979.36253915727,2,-26.742263320833445,43992.73367081769,12067,478023706410.0,3009
0,41007597.233918846,41038256.42340088,30659.189482033253,35407.658730491996,2,6.638401433825493,35404.33952977508,12099,479013376050.0,3010
0,47793288.69709566,47823155.499938965,29866.80284330249,35401.02032905817,2,-6.638401433825493,35404.33952977508,12100,479020160980.0,3010
3,8176555.237796753,8251876.425048828,75321.18725207541,76267.99037451949,1,,76267.99037451949,12139,480982362740.0,3012
2,21720020.382642582,21820954.817382812,100934.43474023044,103449.50160149112,2,4.458947207778692,103447.27212788723,12166,481996829370.0,3013
2,25540389.810723633,25640877.407348633,100487.59662500024,103445.04265428334,2,-4.458947207778692,103447.27212788723,12167,482000649310.0,3013
0,4977324.057280477,5110104.494567871,132780.43728739396,133356.78586228844,1,,133356.78586228844,12206,483982123600.0,3015
0,523219.78436132066,553137.1347045898,29917.35034326918,29977.936508365674,3,104.06751206959598,29888.44936914742,12227,484978544230.0,3016
2,39454309.8767816,39479629.71960449,25319.842822894454,29888.44936914742,3,-30.163196757785045,29888.44936914742,12228,485017470900.0,3016
1,47281319.69626144,47305704.05078125,24384.354519806802,29859.288623444736,3,-73.90431531181093,29888.44936914742,12229,485025297010.0,3016
1,20939325.57640196,21027840.08947754,88514.51307557896,90939.1794859469,3,10.204580010846257,90938.87563713267,12254,485999908580.0,3017
2,21687629.11980346,21776056.67932129,88427.55951783061,90938.87563713267,3,9.748806789517403,90938.87563713267,12255,486000656800.0,3017
2,34861934.40077295,34948816.64190674,86882.24113378674,90919.07417473942,3,-19.95338680036366,90938.87563713267,12256,486013829620.0,3017
1,8352402.221979481,8446223.518188477,93821.2962089954,94788.4615095025,5,37.838102797977626,94756.66350392997,12278,486988257420.0,3018
2,20393628.16542067,20486038.64440918,92410.47898850963,94771.95644000918,5,21.333033304661512,94756.66350392997,12279,487000297290.0,3018
3,31895464.97656019,31986516.228759766,91051.2521995753,94744.58330947906,5,-19.7266624905169,94756.66350392997,12280,487011797820.0,3018
0,36752423.17315866,36842924.09472656,90500.92156790197,94756.66350392997,5,-1.6063708141446114,94756.66350392997,12281,487016654250.0,3018
2,48902416.34603667,48991478.7253418,89062.37930512428,94725.02807895839,5,-39.28189301118255,94756.66350392997,12282,487028802860.0,3018
1,29389148.390953716,29447355.708496094,58207.31754237786,61610.43005776778,2,11.103982511907816,61604.878066511825,12302,488010228330.0,3019
2,43364024.02800439,43420602.02270508,56577.99470068514,61599.32607525587,2,-11.103982511907816,61604.878066511825,12303,488024201640.0,3019
2,22350867.33323391,22405840.010803223,54972.67756931111,57560.79326901585,1,,57560.79326901585,12318,489004090160.0,3020
2,3623149.4959025094,3669525.530456543,46376.03455403354,46795.57666633371,2,28.382810757495463,46781.385260954965,12344,489986275570.0,3021
1,65343483.50683796,65382684.26074219,39200.75390423089,46767.19385557622,2,-28.382810757495463,46781.385260954965,12345,490047989010.0,3021
2,65592722.040819414,65634453.4543457,41731.413526289165,49326.71402040869,2,-9.49087292701006,49331.459456872195,12370,491049115230.0,3022
0,74130442.26622252,74171194.54644775,40752.28022523224,49336.2048933357,2,9.49087292701006,49331.459456872195,12371,491057652010.0,3022
2,23195278.84621657,23249222.73626709,53943.89005051926,56629.78426866606,1,,56629.78426866606,12400,492007656480.0,3023
3,19314430.107867196,19383506.6272583,69076.51939110458,71313.03124756739,2,5.098541125655174,71310.48197700456,12423,493004680300.0,3024
2,31039549.48175271,31107263.193969727,67713.71221701801,71307.93270644173,2,-5.098541125655174,71310.48197700456,12424,493016404110.0,3024
1,1334740.4025766333,1500606.3541259766,165865.9515493433,166020.50763611333,4,-2.2871118325274438,166022.41941644112,12443,493987697880.0,3025
2,3369564.464635227,3535197.0811157227,165632.61648049578,166022.79474794585,4,0.7506630094721913,166022.41941644112,12444,493989732480.0,3025
2,57145183.89315749,57304592.0166626,159408.12350510806,166025.24244690686,4,3.1983619704842567,166022.41941644112,12445,494043502120.0,3025
1,78121530.45205715,78278506.4239502,156975.97189304233,166022.04408493638,4,-0.7506630094721913,166022.41941644112,12446,494064476130.0,3025
1,7855429.809544055,7951800.381408691,96370.57186463661,97280.19031097647,3,13.168917384929955,97280.19031097647,12474,494995223490.0,3026
3,11002760.347431388,11098776.038452148,96015.69102076069,97289.75418666378,3,27.51473091589287,97280.19031097647,12475,494998370480.0,3026
3,27877692.941912666,27971709.136779785,94016.1948671192,97244.2886005193,3,-40.683648300822824,97280.19031097647,12476,495015243490.0,3026
2,12926749.28134053,13011615.39654541,84866.11520488001,86362.96641259268,1,,86362.96641259268,12507,496001215890.0,3027
1,3877715.8709241496,3959124.6029052734,81408.7319811238,81857.75157284271,4,140.3321733130142,81738.3002609536,12530,496993124080.0,3028
3,57552615.11418808,57627709.997924805,75094.88373672217,81759.18112237751,4,41.76172284781933,81738.3002609536,12531,497046792910.0,3028
1,71888351.55039799,71961744.66772461,73393.11732661724,81717.4193995297,4,-41.76172284781933,81738.3002609536,12532,497061127010.0,3028
2,76434251.27999744,76507113.95135498,72862.67135754228,81713.36528290808,4,-45.81583946943283,81738.3002609536,12533,497065672400.0,3028
1,10129336.07778272,10233992.153686523,104656.07590380311,105829.00102297775,2,13.60921904630959,105822.1964134546,12558,498000315410.0,3029
2,19318281.844262075,19421860.278198242,103578.43393616751,105815.39180393144,2,-13.60921904630959,105822.1964134546,12559,498009503320.0,3029
2,29452090.188709445,29473390.301086426,21300.112376980484,24710.513229440898,3,21.206611786037683,24692.051534369588,12591,499020540450.0,3030
1,60109494.39951233,60127220.59033203,17726.190819703043,24686.561700940132,3,-14.72068096511066,24692.051534369588,12592,499051194420.0,3030
2,71089490.29911888,71105950.5526123,16460.25349342823,24692.051534369588,3,-6.485930820927024,24692.051534369588,12593,499062173200.0,3030
3,8017553.663925603,8060028.173583984,42474.50965838134,43402.901214800775,2,-13.477867789566517,43409.64014869556,12615,500000015520.0,3031
3,57084778.31118191,57121584.565979004,36806.25479709357,43416.37908259034,2,13.477867789566517,43409.64014869556,12616,500049077300.0,3031
0,5753292.04588598,5807818.6103515625,54526.56446558237,55192.76615014952,2,58.87901895027608,55163.32664067438,12636,500998674870.0,3032
1,50043377.65242025,50092716.77331543,49339.120895177126,55133.88713119924,2,-58.87901895027608,55163.32664067438,12637,501042959970.0,3032
1,13763838.483869394,13813084.433227539,49245.949358144775,50839.73119833879,3,-15.312394054606557,50854.289198070765,12665,502007561790.0,3033
2,51983425.38473801,52028260.260131836,44834.87539382279,50854.289198070765,3,6.5246055433526635,50854.289198070765,12666,502045777140.0,3033
1,78072195.93078357,78114011.3692627,41815.4384791255,50855.79798671603,3,8.787788511253893,50854.289198070765,12667,502071863010.0,3033
2,52333350.70533134,52378174.83251953,44824.12718819082,50884.060548238456,1,,50884.060548238456,12696,503047039650.0,3034
3,4653220.305751033,4705236.246948242,52015.94119720906,52554.76022145245,2,49.514234692789614,52530.00310410606,12730,504000286000.0,3035
3,59703343.469274476,59748935.374572754,45591.905298277736,52505.24598675966,2,-49.514234692789614,52530.00310410606,12731,504055329950.0,3035
3,53284085.671824634,53316809.01269531,32723.340870678425,38893.3644592762,4,10.821063607931137,38884.72873678431,12751,505049776340.0,3036
2,64387187.20567235,64418618.414001465,31431.208329111338,38886.91407790035,4,4.37068223208189,38884.72873678431,12752,505060878200.0,3036
2,71466059.01378828,71496666.15441895,30607.14063066244,38882.54339566827,4,-4.37068223208189,38884.72873678431,12753,505067956280.0,3036
1,73283087.0241637,73313467.87402344,30380.84985974431,38866.655140683055,4,-20.25893721729517,38884.72873678431,12754,505069773090.0,3036
3,8252694.176614355,8278936.467407227,26242.290792871267,27197.910413573496,6,49.710969182662666,27156.19369490072,12777,506005646760.0,3037
3,29933169.585508253,29956867.66607666,23698.08056840673,27164.18794541061,6,15.988501019775867,27156.19369490072,12778,506027324790.0,3037
0,33245175.87306913,33268492.57269287,23316.69962374121,27166.320326764137,6,18.120882373303175,27156.19369490072,12779,506030636430.0,3037
0,40342973.53672047,40365450.22692871,22476.690208241343,27148.199444390833,6,-15.988501019775867,27156.19369490072,12780,506037733420.0,3037
3,41109271.29215339,41131646.734802246,22375.442648857832,27135.68523132056,6,-28.502714090049267,27156.19369490072,12781,506038499620.0,3037
1,75609311.88771497,75627629.51269531,18317.62498034537,27072.79515887797,6,-91.39278653264046,27156.19369490072,12782,506072995760.0,3037
3,59803343.94364124,59869851.77209473,66507.82845348865,73432.74868354946,2,5.884160980582237,73429.80660305917,12802,507058090600.0,3038
1,61110285.20895898,61176635.81616211,66350.60720312595,73426.86452256888,2,-5.884160980582237,73429.80660305917,12803,507059397390.0,3038
1,15432319.494302683,15453954.38659668,21634.89229399711,23421.875670103356,5,23.737384147942066,23409.92061399296,12850,509015533480.0,3040
3,15876208.559341507,15897802.363647461,21593.804305953905,23432.18775710091,5,34.04947114549577,23409.92061399296,12851,509015977330.0,3040
2,24859270.08169981,24879801.426452637,20531.344752825797,23409.92061399296,5,5.804799982346594,23409.92061399296,12852,509024959370.0,3040
3,37798322.95698562,37817332.46118164,19009.50419601798,23386.35595791787,5,-29.54218413028866,23409.92061399296,12853,509037896960.0,3040
0,70335972.4442361,70351164.18188477,15191.737648665905,23336.282190173864,5,-79.61595187429339,23409.92061399296,12854,509070430940.0,3040
2,31073715.583471566,31107677.42248535,33961.839013785124,37560.01576239616,2,19.35368323326111,37550.338920779526,12869,510032053020.0,3041
2,56954623.869933054,56985569.47894287,30945.609009817243,37540.662079162896,2,-19.35368323326111,37550.338920779526,12870,510057931030.0,3041
2,72691575.62345299,72735292.04223633,43716.41878333688,52133.73008058965,1,,52133.73008058965,12900,511074554250.0,3042
1,6701999.604133245,6734728.996520996,32729.39238775149,33505.44953740295,3,101.75780969765037,33425.25196482241,12918,512009471100.0,3043
1,36917220.87378538,36946371.301086426,29150.427301049232,33425.25196482241,3,-18.538549173157662,33425.25196482241,12919,512039682880.0,3043
2,56641488.076612145,56668311.41455078,26823.33793863654,33382.13149058819,3,-83.21926052449271,33425.25196482241,12920,512059404910.0,3043
1,35973771.16698744,36003507.99432373,29736.82733628899,33902.405367188156,4,14.164946898818016,33890.53053039685,12940,513039602430.0,3044
1,43890941.43955515,43919751.914489746,28810.474934592843,33892.82064050436,4,4.580220215022564,33890.53053039685,12941,513047518710.0,3044
1,48832735.73361723,48860969.3939209,28233.660303667188,33888.24042028934,4,-4.580220215022564,33890.53053039685,12942,513052459950.0,3044
0,71960663.03230953,71986213.99615479,25550.96384525299,33883.639216557145,4,-9.18142394721508,33890.53053039685,12943,513075585300.0,3044
2,5095608.054248902,5140616.856689453,45008.80244055111,45598.84769508708,3,87.08686547819525,45526.76679743081,12971,514009645080.0,3045
0,63622170.49566716,63660330.14172363,38159.646056473255,45526.76679743081,3,-21.034481006208807,45526.76679743081,12972,514068165060.0,3045
2,71146357.48095113,71183615.85284424,37258.37189310789,45496.75486178696,3,-66.05238447198644,45526.76679743081,12973,514075688380.0,3045
3,23925153.734615877,23955807.164978027,30653.430362150073,33423.840345583856,2,43.14795448631048,33402.2663683407,12996,515029395990.0,3046
1,72516852.11155185,72541835.72473145,24983.61317959428,33380.692391097546,2,-43.14795448631048,33402.2663683407,12997,515077982240.0,3046
2,44229599.4185962,44350320.57281494,120721.15421874076,125842.71478013694,1,,125842.71478013694,13020,516050660950.0,3047
1,33539188.624036264,33595947.226623535,56758.60258727148,60642.268457550555,2,60.71135537698865,60611.91277986206,13052,517040935090.0,3048
0,79634416.86283877,79685777.16326904,51360.30043026805,60581.55710217357,2,-60.71135537698865,60611.91277986206,13053,517087025130.0,3048
1,39324872.4911503,39394333.00274658,69460.5115962848,74014.12995775044,4,32.07165978848934,73990.79362759367,13069,518047638160.0,3049
3,48055488.26583498,48123923.21594238,68434.9501074031,73999.52895722538,4,17.470659263432026,73990.79362759367,13070,518056367790.0,3049
1,50392095.6554417,50460242.56774902,68146.91230732203,73982.05829796195,4,-17.470659263432026,73990.79362759367,13071,518058704120.0,3049
1,64026240.550339445,64092790.43475342,66549.8844139725,73963.79439298064,4,-35.73456424474716,73990.79362759367,13072,518072336730.0,3049
2,57997143.944977835,58065405.859436035,68261.91445820034,74977.6860004887,1,,74977.6860004887,13104,519067268760.0,3050
1,8998137.567595247,9001089.587280273,2952.0196850262582,3993.9578236937523,1,,3993.9578236937523,13129,520019129870.0,3051
3,56763836.81712599,56798544.113708496,34707.29658250511,41280.25749053061,1,,41280.25749053061,13150,521067795080.0,3052
0,10126382.975862,10163945.027832031,37562.05197003111,38734.63513516262,1,,38734.63513516262,13179,522022028830.0,3053
1,46214129.77355166,46241435.06866455,27305.295112892985,32656.654101870954,5,-12.818122811615467,32667.57593896985,13219,524059901720.0,3055
1,60502363.053846136,60528019.95477295,25656.900926813483,32662.763981446624,5,-6.708243235945702,32667.57593896985,13220,524074188370.0,3055
3,62913366.43633777,62938748.96740723,25382.53106945753,32667.57593896985,5,0.5096930488944054,32667.57593896985,13221,524076599110.0,3055
0,66288960.83313712,66313973.58416748,25012.751030363142,32688.672402516007,5,23.502442307770252,32667.57593896985,13222,524079974350.0,3055
3,67290159.50813514,67315039.02160645,24879.51347130537,32671.36851039529,5,6.198550187051296,32667.57593896985,13223,524080975420.0,3055
2,32080310.325160872,32094321.691955566,14011.366794694215,17726.10204707086,1,,17726.10204707086,13242,525046672000.0,3056
3,15374656.364476964,15415648.279541016,40991.91506405175,42772.221345735714,1,,42772.221345735714,13287,527031766470.0,3058
0,17235482.473860614,17305101.95892334,69619.48506272584,71615.26545538381,2,41.814730785787106,71594.35808999091,13301,528034541390.0,3059
1,26995419.961772136,27063867.481445312,68447.51967317611,71573.45072459802,2,-41.814730785787106,71594.35808999091,13302,528044300200.0,3059
3,8749081.857070379,8743188.888549805,-5892.968520574272,-4879.8697546664625,4,36.513737143948674,-4911.174071308225,13323,529026949120.0,3060
2,20181379.6545482,20174136.789733887,-7242.864814314991,-4905.96465080604,4,10.418841004371643,-4911.174071308225,13324,529038380120.0,3060
2,24422691.86726269,24414947.46142578,-7744.405836910009,-4916.383491810411,4,-10.418841004371643,-4911.174071308225,13325,529042620950.0,3060
3,41010437.08023388,41000741.86846924,-9695.211764641106,-4946.413676559925,4,-40.44902575388551,-4911.174071308225,13326,529059206820.0,3060
3,2905873.492833986,2927743.9306640625,21870.437830076553,22206.923063335475,4,38.97943510999903,22187.433345780475,13354,530021965090.0,3061
0,5339085.949632471,5360682.842041016,21596.892408544198,22215.13115347922,4,47.18752525374293,22187.433345780475,13355,530024398040.0,3061
0,31108789.69997957,31127355.405456543,18565.705476973206,22167.943628225476,4,-38.97943510999903,22187.433345780475,13356,530050164830.0,3061
3,77253904.65591414,77267025.1149292,13120.45901505649,22066.064593687654,4,-140.85846964782104,22187.433345780475,13357,530096304710.0,3061
3,63045987.51013163,63060252.068481445,14264.558349817991,21564.96005886793,2,-1.2003781646490097,21565.560247950256,13380,531083002530.0,3062
3,79238597.53839001,79250988.27600098,12390.737610965967,21566.16043703258,2,1.2003781646490097,21565.560247950256,13381,531099193340.0,3062
0,4626307.915576924,4644830.6806640625,18522.76508713886,19058.467794754542,3,41.90685749705881,19036.021428123116,13406,532025454380.0,3063
0,15866440.688595336,15883639.457641602,17198.769046265632,19036.021428123116,3,8.237307549919933,19036.021428123116,13407,532036693240.0,3063
1,22924014.67800065,22940357.29522705,16342.617226399481,18997.10044639185,3,-50.14416504697874,19036.021428123116,13408,532043749990.0,3063
3,13919324.681237992,13942242.52331543,22917.84207743779,24529.62842110358,4,66.73002356849611,24474.134744679555,13443,533035653420.0,3064
1,29042631.220579013,29063753.60406494,21122.383485928178,24485.371091824025,4,22.472694288939238,24474.134744679555,13444,533050775000.0,3064
2,45738870.944721386,45758037.5166626,19166.57194121182,24462.898397535086,4,-22.472694288939238,24474.134744679555,13445,533067469360.0,3064
1,79856494.10275489,79871632.03729248,15137.93453758955,24384.906613856554,4,-100.46447796747088,24474.134744679555,13446,533101583110.0,3064
1,78723181.56530741,78727961.5546875,4779.989380091429,13895.729682341218,1,,13895.729682341218,13471,534101321820.0,3065
0,16730546.263723977,16805558.315979004,75012.052255027,76949.36362662539,2,52.989313296973705,76922.8689699769,13544,537042128980.0,3068
1,31108928.671434008,31182222.791503906,73294.12006989866,76896.37431332842,2,-52.989313296973705,76922.8689699769,13545,537056505710.0,3068
2,28753082.47152472,28794249.533203125,41167.06167840585,44496.52102554962,3,54.55011432245374,44467.97355238348,13568,538055098160.0,3069
2,42522012.64323701,42561556.78601074,39544.14277373254,44467.97355238348,3,11.728904573246837,44467.97355238348,13569,538068865530.0,3069
2,65533364.37858921,65570191.919677734,36827.54108852148,44415.96827007085,3,-66.27901889570057,44467.97355238348,13570,538091874270.0,3069
2,33347870.612212293,33329231.0267334,-18639.585478894413,-14778.073252260685,3,29.555260501801968,-14778.477518871427,13597,539060546780.0,3070
2,38539098.47672901,38519857.3694458,-19241.107283212245,-14778.477518871427,3,28.948860585689545,-14778.477518871427,13598,539065737430.0,3070
1,65675515.37157227,65653073.70452881,-22441.667043462396,-14836.779506653547,3,-58.50412108749151,-14778.477518871427,13599,539092870770.0,3070
2,11922706.514914056,11941486.890930176,18780.376016119495,20160.964225701988,3,94.84170852228999,20075.947572916746,13627,540040023660.0,3071
1,61270060.46827601,61283022.00726318,12961.53898717463,20056.29746144265,3,-62.15843786671758,20075.947572916746,13628,540089365420.0,3071
0,63879321.066278085,63892000.11639404,12679.050115957856,20075.947572916746,3,-32.683270655572414,20075.947572916746,13629,540091974410.0,3071
1,7216030.694347557,7194028.892822266,-22001.801525291055,-21166.22221415583,1,,-21166.22221415583,13652,541036145510.0,3072
1,3568710.114824737,3569561.7426757812,851.6278510442935,1264.8661624784581,2,6.60869826702401,1261.5618133449461,13679,542033397780.0,3073
0,17359950.82940182,17359198.893676758,-751.9357250630856,1258.2574642114341,2,-6.60869826702401,1261.5618133449461,13680,542047187480.0,3073
3,70459112.92567587,70448593.34655762,-10519.5791182518,-2360.775541126728,1,,-2360.775541126728,13703,543101134670.0,3074
3,43198006.31114079,43205859.71984863,7853.408707842231,12855.516083046794,3,67.89930345863104,12795.862082898617,13728,544074795190.0,3075
0,76285526.5450961,76289488.93481445,3962.3897183537483,12795.862082898617,3,-21.58169676363468,12795.862082898617,13729,544107878970.0,3075
2,78201686.18497473,78205410.20263672,3724.017661988735,12779.371476277709,3,-46.31760669499636,12795.862082898617,13730,544109794900.0,3075
1,15096512.03640301,15107960.025756836,11447.98935382627,13196.087950166315,2,148.35319558903575,13121.911352371797,13755,545047592860.0,3076
1,79860724.61232482,79864524.88513184,3800.2728070169687,13047.73475457728,2,-148.35319558903575,13121.911352371797,13756,545112349720.0,3076
3,54145031.663816184,54222685.865112305,77654.20129612088,83923.91801095009,2,13.300116665661335,83917.26795261726,13773,546087632390.0,3077
2,61728308.51035769,61805071.307006836,76762.7966491431,83910.61789428443,2,-13.300116665661335,83917.26795261726,13774,546095214810.0,3077
2,57593001.16702284,57639864.158081055,46862.9910582155,53531.964941471815,1,,53531.964941471815,13797,547092027970.0,3078
3,29804207.838705044,29832364.78100586,28156.942300815135,31608.11656956002,3,44.008334401994944,31577.661289177835,13821,548065194890.0,3079
0,47565634.03431076,47591703.83935547,26069.805044710636,31577.661289177835,3,-1.674586171284318,31577.661289177835,13822,548082954310.0,3079
0,60221168.9131732,60245746.166137695,24577.252964496613,31550.555181138217,3,-42.333748230710626,31577.661289177835,13823,548095608410.0,3079
2,46862885.00831583,46846449.83886719,-16435.169448643923,-11008.687933847308,1,,-11008.687933847308,13866,550083975360.0,3081
2,20108908.009063937,20095104.348632812,-13803.66043112427,-11475.152112130076,2,57.31024708971381,-11503.807235674933,13918,552058994040.0,3083
0,53144620.13623735,53126933.79968262,-17686.3365547359,-11532.46235921979,2,-57.31024708971381,-11503.807235674933,13919,552092026020.0,3083
1,39438308.94494162,39421164.634277344,-17144.3106642738,-12577.556943781674,5,29.000825732946396,-12598.083723835647,13937,553079188750.0,3084
2,49246751.78772626,49228459.935546875,-18291.85217938572,-12589.331129036844,5,17.226640477776527,-12598.083723835647,13938,553088996090.0,3084
1,51323181.51770008,51304640.47302246,-18541.044677622616,-12598.083723835647,5,4.097748279571533,-12598.083723835647,13939,553091072280.0,3084
3,61606792.391004235,61587043.60888672,-19748.782117515802,-12615.031815193594,5,-21.32438875734806,-12598.083723835647,13940,553101354730.0,3084
2,67823404.68711326,67802915.27893066,-20489.4081825912,-12635.806089162827,5,-42.0986627265811,-12598.083723835647,13941,553107570630.0,3084
3,6872147.125869488,6846101.282592773,-26045.843276714906,-25250.083917493,3,55.29171927738935,-25257.662407724187,13964,554047523060.0,3085
3,15899768.916361252,15872670.142333984,-27098.77402726747,-25257.662407724187,3,43.92398393061012,-25257.662407724187,13965,554056549670.0,3085
1,67844222.52477574,67811013.42321777,-33209.10155797005,-25353.088865816593,3,-99.21570320799947,-25257.662407724187,13966,554108488250.0,3085
0,139137.72614707286,136968.26135253906,-2169.464794533793,-2153.3533601051604,1,,-2153.3533601051604,13985,555041675290.0,3086
1,55955071.0346,55988826.12182617,33755.08722617477,40234.39720836282,1,,40234.39720836282,14031,557099334670.0,3088
0,50707712.2514226,50636610.41918945,-71101.83223314583,-65230.139460898936,2,34.661547146737576,-65247.470234472305,14051,558094952880.0,3089
3,69484615.61265239,69411304.84985352,-73310.76279887557,-65264.80100804567,2,-34.661547146737576,-65247.470234472305,14052,558113727660.0,3089
3,17224367.35327966,17231117.326171875,6749.972892213613,8744.466210968792,2,75.82326950877905,8706.554576214403,14077,559062352820.0,3090
1,69306216.64199933,69306859.98083496,643.3388356268406,8668.642941460013,2,-75.82326950877905,8706.554576214403,14078,559114428800.0,3090
2,17112856.032305136,17087366.034179688,-25489.998125448823,-23508.41724522412,1,,-23508.41724522412,14109,560063146750.0,3091
0,56209574.62743932,56198536.25036621,-11038.37707310915,-4529.596881359816,2,23.215052649378777,-4541.204407684505,14131,561103103620.0,3092
1,78774557.91944516,78760883.41809082,-13674.501354336739,-4552.811934009194,2,-23.215052649378777,-4541.204407684505,14132,561125666070.0,3092
2,4020545.4667267404,4037706.1459960938,17160.679269353393,17626.237795054913,1,,17626.237795054913,14155,562051856170.0,3093
1,62571434.19386947,62558687.58898926,-12746.604880213737,-5501.154009081423,2,1.3721429333090782,-5501.840080548078,14185,563111290780.0,3094
3,72125548.34371236,72111694.0493164,-13854.294395953417,-5502.526152014732,2,-1.3721429333090782,-5501.840080548078,14186,563120843830.0,3094
2,15085620.503680527,15058730.182373047,-26890.321307480335,-25143.48389471881,2,-5.054180851206183,-25140.956804293208,14213,564064717280.0,3095
2,46972922.519584745,46942344.86657715,-30577.65300759673,-25138.429713867605,2,5.054180851206183,-25140.956804293208,14215,564096601040.0,3095
1,16080817.609743426,16083313.921386719,2496.3116432931274,4358.387772122398,4,23.645309740677476,4340.806644767523,14250,565066601470.0,3096
2,47960875.39100933,47959668.638671875,-1206.7523374557495,4346.870827153325,4,12.128364771604538,4340.806644767523,14251,565098477970.0,3096
2,61503513.97145862,61500726.92272949,-2787.0487291291356,4334.7424623817205,4,-12.128364771604538,4340.806644767523,14252,565112019090.0,3096
3,68510948.31016544,68507344.98864746,-3603.3215179741383,4329.894597515464,4,-16.976229637861252,4340.806644767523,14253,565119025740.0,3096
3,21691557.274288096,21703470.41064453,11913.136356435716,14424.907335862517,2,-5.312317077070475,14427.563494401053,14281,566073148070.0,3097
3,25586215.19470787,25597682.661987305,11467.467279434204,14430.219652939588,2,5.312317077070475,14427.563494401053,14282,566077042300.0,3097
0,20731981.771617793,20698331.599243164,-33650.172374628484,-31249.51531245932,2,28.83829976990819,-31263.934462344274,14331,568073908210.0,3099
3,49044640.04501284,49007682.57385254,-36957.471160300076,-31278.353612229228,2,-28.83829976990819,-31263.934462344274,14332,568102217690.0,3099
2,30802933.457413264,30781438.03942871,-21495.41798455268,-17928.59641608596,5,70.53882595151663,-17988.153784424067,14360,569084853780.0,3100
1,49828094.04196048,49804351.33886719,-23742.70309329033,-17972.86559420824,5,26.2696478292346,-17988.153784424067,14361,569103876780.0,3100
0,67709938.46546052,67684109.84838867,-25828.617071852088,-17988.153784424067,5,3.3373625054955482,-17988.153784424067,14362,569121756620.0,3100
1,73213185.44757774,73186694.76928711,-26490.678290635347,-18012.967253416777,5,-32.45756410062313,-17988.153784424067,14363,569127259230.0,3100
3,77274094.32307754,77247136.26293945,-26958.060138091445,-18010.116699650884,5,-29.60701033473015,-17988.153784424067,14364,569131319690.0,3100
1,68353029.35964572,68323431.1694336,-29598.190212130547,-21683.260300442576,1,,-21683.260300442576,14376,570123293690.0,3101
2,175752.72223911807,154322.2686767578,-21430.453562360257,-21410.102299346123,1,,-21410.102299346123,14402,571055984640.0,3102
0,36550641.63372032,36507064.76513672,-43576.86858360469,-39344.49191400409,2,17.427812971174717,-39353.205820489675,14431,572093247070.0,3103
0,42244982.487021215,42200728.81518555,-44253.671835668385,-39361.91972697526,2,-17.427812971174717,-39353.205820489675,14432,572098940760.0,3103
0,68263626.81378599,68256718.52709961,-6908.286686375737,996.2908694446087,2,19.65560381114483,986.4630675390363,14453,573125843670.0,3104
2,75488950.19774474,75481185.60009766,-7764.597647085786,976.6352656334639,2,-19.65560381114483,986.4630675390363,14454,573133068170.0,3104
2,78607487.04599276,78641467.32287598,33980.27688321471,43082.62035404146,1,,43082.62035404146,14480,574137150020.0,3105
2,4090142.7602979057,4120089.008666992,29946.248369086534,30419.865904108156,4,54.5388095905073,30378.86272063479,14494,575063568800.0,3106
0,50707695.85734648,50732216.564819336,24520.707472853363,30392.39834675193,4,27.07125223428011,30378.86272063479,14495,575110181140.0,3106
2,64763336.445791654,64786202.51098633,22866.065194673836,30365.32709451765,4,-27.07125223428011,30378.86272063479,14496,575124235190.0,3106
2,72570946.99148759,72592896.93054199,21949.93905439973,30353.282175302505,4,-39.116171449422836,30378.86272063479,14497,575132041920.0,3106
3,26230618.580588803,26214144.209594727,-16474.370994076133,-13437.000016510487,1,,-13437.000016510487,14529,576086634430.0,3107
2,40328567.40060815,40301166.02661133,-27401.373996824026,-22731.532917283475,2,4.5736041739583015,-22733.819719370455,14550,577101666110.0,3108
1,57440125.42456524,57410738.04638672,-29387.37817852199,-22736.106521457434,2,-4.5736041739583015,-22733.819719370455,14551,577118775760.0,3108
2,16497390.25601587,16476422.98046875,-20967.27554712072,-19056.962444314733,2,16.275488940998912,-19065.100188785233,14572,578078709820.0,3109
2,59259253.262799494,59233318.107543945,-25935.155255548656,-19073.237933255732,2,-16.275488940998912,-19065.100188785233,14573,578121466910.0,3109
0,19186458.75544011,19161010.9576416,-25447.797798506916,-23226.1043677181,1,,-23226.1043677181,14601,579082297030.0,3110
3,27458432.498337355,27436789.70666504,-21642.79167231545,-18463.246146019548,2,-5.605161938816309,-18460.44356505014,14649,581092368850.0,3112
2,48071609.85555214,48047585.7689209,-24024.08663123846,-18457.640984080732,2,5.605161938816309,-18460.44356505014,14650,581112979740.0,3112
2,1531382.2155580986,1508736.2233886719,-22645.992169426754,-22468.66597016831,1,,-22468.66597016831,14670,582067314360.0,3113
3,22221446.43512573,22228122.42614746,6675.991021730006,9249.120445810258,3,15.089798416942358,9249.120445810258,14707,584089792980.0,3115
0,37269419.59743499,37274353.850097656,4934.252662666142,9249.860130637884,3,16.199325658380985,9249.120445810258,14708,584104839280.0,3115
1,47685239.88836914,47688936.38354492,3696.495175778866,9218.201164148748,3,-31.289124075323343,9249.120445810258,14709,584115253910.0,3115
2,28179880.125009686,28186227.311035156,6347.186025470495,9610.271483406425,2,0.4224731996655464,9610.060246806592,14734,585096691610.0,3116
2,64374266.72780107,64376422.3671875,2155.6393864303827,9609.849010206759,2,-0.4224731996655464,9610.060246806592,14735,585132881970.0,3116
3,74872676.18162112,74814350.98486328,-58325.19675783813,-49655.325212568045,1,,-49655.325212568045,14758,586144227420.0,3117
0,29891121.620031707,29857276.244018555,-33845.3760131523,-30384.137574698776,2,21.889010038226843,-30395.08207971789,14789,587100140750.0,3118
0,59076279.999096096,59039033.24255371,-37246.756542384624,-30406.026584737003,2,-21.889010038226843,-30395.08207971789,14790,587129322640.0,3118
0,56478603.12862979,56446667.53527832,-31935.593351468444,-25395.661040328443,2,58.25318451970816,-25424.787632588297,14821,588127574760.0,3119
1,79589652.20210052,79554982.21472168,-34669.98737883568,-25453.91422484815,2,-58.25318451970816,-25424.787632588297,14822,588150683180.0,3119
2,59825457.69005987,59798822.51074219,-26635.17931768298,-19707.69842930883,1,,-19707.69842930883,14849,589131820580.0,3120
0,22686578.21045958,22659824.37561035,-26753.83484922722,-24126.845553301275,4,34.21376569569111,-24158.299343898892,14948,593098347660.0,3124
2,42051611.02603154,42022586.12597656,-29024.900054976344,-24155.53936880082,4,5.519950196146965,-24158.299343898892,14949,593117710510.0,3124
2,45084033.865765855,45054652.306762695,-29381.559003159404,-24161.059318996966,4,-5.519950196146965,-24158.299343898892,14950,593120742590.0,3124
0,61474651.551461786,61443367.61206055,-31283.939401239157,-24165.490329794586,4,-9.950960993766785,-24158.299343898892,14951,593137131380.0,3124
3,72885571.74883866,72891277.78515625,5706.036317586899,14145.811370283365,1,,14145.811370283365,14980,594149452000.0,3125
3,10106223.855960954,10034400.271484375,-71823.58447657898,-70653.3356340453,3,2.7276711193844676,-70653.3356340453,15007,595087543270.0,3126
0,15756693.157539546,15684224.521362305,-72468.6361772418,-70644.09199609421,3,16.593128046020865,-70653.3356340453,15008,595093193120.0,3126
0,44739431.073324785,44663582.44226074,-75848.63106404245,-70668.03461423516,3,-19.320799165405333,-70653.3356340453,15009,595122172610.0,3126
2,51078963.00266279,51033781.96350098,-45181.03916181624,-39266.357458382845,1,,-39266.357458382845,15033,596129370440.0,3127
0,34979118.80494824,34937883.58654785,-41235.218400388956,-37184.81600699574,1,,-37184.81600699574,15065,597114166070.0,3128
1,33868972.82463429,33839679.07873535,-29293.74589893967,-25371.892711170018,4,11.163953639566898,-25377.4746879898,15093,598113910310.0,3129
0,34679178.5151315,34649815.38647461,-29363.12865689397,-25347.457809329033,4,35.59885548055172,-25377.4746879898,15094,598114720450.0,3129
1,46806543.134197,46775740.12011719,-30803.01407980919,-25383.056664809585,4,-11.163953639566898,-25377.4746879898,15095,598126846430.0,3129
3,66996426.87285214,66963258.111572266,-33168.76127987355,-25410.918972074986,4,-39.026260904967785,-25377.4746879898,15096,598147034040.0,3129
1,13666670.618742011,13727963.262939453,61292.64419744164,62875.17449766211,3,-13.29660097695887,62880.54664461315,15131,600095582730.0,3131
1,47981252.321684085,48038576.88562012,57324.563936032355,62880.54664461315,3,-5.238380550406873,62880.54664461315,15132,600129893500.0,3131
3,78209508.9944739,78263349.1303711,53840.13589718938,62896.395552664995,3,18.534981527365744,62880.54664461315,15133,600160118410.0,3131
0,911788.5727914793,899123.2712402344,-12665.30155124492,-12559.721115153981,7,71.81518438016064,-12623.872557982802,15160,601083804410.0,3132
3,12329660.433701113,12315651.23815918,-14009.195541933179,-12581.484157640487,7,50.05214189365506,-12623.872557982802,15161,601095220990.0,3132
1,19236329.69930389,19221509.763427734,-14819.935876157135,-12592.467646081,7,39.06865345314145,-12623.872557982802,15162,601102126880.0,3132
2,52325801.901165605,52307118.96936035,-18682.93180525303,-12623.872557982802,7,-8.038714399561286,-12623.872557982802,15163,601135212640.0,3132
1,68701745.4019524,68681144.34155273,-20601.06039966643,-12645.75096039474,7,-37.580858362838626,-12623.872557982802,15164,601151586740.0,3132
3,71828613.86891404,71807650.09179688,-20963.777117162943,-12646.392361104488,7,-38.222259072586894,-12623.872557982802,15165,601154713260.0,3132
0,76681206.46789268,76659687.9777832,-21518.490109473467,-12639.200041085482,7,-31.029939053580165,-12623.872557982802,15166,601159565320.0,3132
1,1117548.2044976691,1098306.6710205078,-19241.533477161312,-19112.127131979447,3,101.33921043248847,-19206.74314173311,15215,603085834670.0,3134
0,55073974.80978522,55048390.783081055,-25584.02670416236,-19206.74314173311,3,-40.58480419800617,-19206.74314173311,15216,603139785000.0,3134
0,61032261.0423136,61005973.63024902,-26287.41206457466,-19220.18954309076,3,-60.7544062344823,-19206.74314173311,15217,603145742610.0,3134
3,9363375.97071349,9388741.130004883,25365.159291392192,26449.3901622016,2,140.5992966014892,26379.090513900854,15249,604095020840.0,3135
2,73975403.86401273,73993146.68286133,17742.818848595023,26308.79086560011,2,-140.5992966014892,26379.090513900854,15250,604159625540.0,3135
0,8446014.444237804,8463455.145751953,17440.701514149085,18418.706629438326,3,105.17329062335193,18366.383432388306,15273,605095089040.0,3136
0,33551469.440699473,33565950.736206055,14481.295506581664,18366.383432388306,3,26.688495048321784,18366.383432388306,15274,605120191650.0,3136
1,76942781.89115363,76952132.99523926,9351.104085624218,18260.683245241642,3,-131.86178567167372,18366.383432388306,15275,605163578030.0,3136
1,59202658.673037514,59262589.55847168,59930.8854341656,66786.24939349294,1,,66786.24939349294,15305,606146850920.0,3137
3,75719962.70838973,75746094.23022461,26131.521834880114,34899.50481043756,1,,34899.50481043756,15323,607164327990.0,3138
3,32583707.845785744,32596748.67626953,13040.830483786762,16813.856584876776,2,14.150095380842686,16806.781537186354,15347,608122175010.0,3139
2,36404076.96510129,36416661.26635742,12584.301256135106,16799.706489495933,2,-14.150095380842686,16806.781537186354,15348,608125994940.0,3139
3,11061857.658164147,11026699.066894531,-35158.59126961604,-33877.68493850343,1,,-33877.68493850343,15367,609101536400.0,3140
2,12011228.38460014,11968303.038208008,-42925.34639213234,-41534.50780446455,4,-5.570652641355991,-41531.72247814387,15384,610103369610.0,3141
2,15768620.777651282,15725265.915161133,-43354.862490149215,-41528.93715182319,4,5.570652641355991,-41531.72247814387,15385,610107126590.0,3141
0,29981218.868968733,29936231.145874023,-44987.72309470922,-41516.05185734108,4,18.455947123467922,-41531.72247814387,15386,610121337620.0,3141
2,35180899.40478319,35135287.45019531,-45611.9545878768,-41538.18703685701,4,-9.2498850338161,-41531.72247814387,15387,610126536700.0,3141
2,8534007.122477053,8510073.180541992,-23933.941935060546,-22945.747719338164,2,16.195848079398274,-22953.845643377863,15409,611100777110.0,3142
1,31591588.19069902,31564968.103393555,-26620.08730546385,-22961.943567417562,2,-16.195848079398274,-22953.845643377863,15410,611123832110.0,3142
0,17327178.677011013,17286781.278564453,-40397.398446559906,-38391.00010429695,5,53.42666620761156,-38436.48954958469,15435,612110481300.0,3143
0,41857666.05032247,41814389.48925781,-43276.56106466055,-38429.65821106732,5,14.76855943724513,-38436.48954958469,15436,612135009020.0,3143
2,48773938.10634777,48729837.970703125,-44100.1356446445,-38452.36399142444,5,-19.2901110984385,-38436.48954958469,15437,612141924500.0,3143
0,55001274.94651586,54956469.591674805,-44805.354841053486,-38436.48954958469,5,4.521551661193371,-38436.48954958469,15438,612148151160.0,3143
1,76621438.23899245,76574081.06518555,-47357.17380690575,-38484.804592609406,5,-51.73071228340268,-38436.48954958469,15439,612169768870.0,3143
3,6779658.143062085,6736131.696899414,-43526.44616267085,-42741.39655286912,2,55.41443846281618,-42769.10377210053,15463,613100807100.0,3144
3,41071638.11881914,41024085.42297363,-47552.695845507085,-42796.810991331935,2,-55.41443846281618,-42769.10377210053,15464,613135095210.0,3144
3,8912988.188966021,8857278.214111328,-55709.97485469282,-54677.89657695964,5,21.230178982019424,-54687.636876381934,15482,614103837010.0,3145
1,10126002.862305611,10070142.686279297,-55860.1760263145,-54687.636876381934,5,9.580934002995491,-54687.636876381934,15483,614105049880.0,3145
0,21554060.27520749,21496880.606689453,-57179.668518036604,-54683.81898526847,5,15.307770673185587,-54687.636876381934,15484,614116476670.0,3145
2,34222136.24067667,34163462.87634277,-58673.36433389783,-54710.616635501385,5,-24.888704676181078,-54687.636876381934,15485,614129143310.0,3145
1,70114191.4725354,70051309.3104248,-62882.162110596895,-54763.29866710305,5,-77.57073627784848,-54687.636876381934,15486,614165031320.0,3145
0,19885800.142754152,19842228.530029297,-43571.61272485554,-41268.93915146217,3,2.7430571243166924,-41268.99488363415,15516,615115687500.0,3146
0,46254483.39013965,46207858.36352539,-46625.0266142562,-41268.99488363415,3,2.659458866342902,-41268.99488363415,15517,615142053250.0,3146
0,70842543.88409282,70793066.31164551,-49477.57244731486,-41274.36953353882,3,-5.4025159906595945,-41268.99488363415,15518,615166638570.0,3146
2,21715908.775753282,21682110.298828125,-33798.47692515701,-31283.886166870594,1,,-31283.886166870594,15538,616118442800.0,3147
2,5378685.336483287,5379692.903930664,1007.5674473773688,1630.3915980281308,1,,1630.3915980281308,15566,617103022950.0,3148
3,72573871.47059591,72475193.0604248,-98678.41017110646,-90274.72841052711,1,,-90274.72841052711,15593,618171077430.0,3149
0,24336967.1888036,24314151.182495117,-22816.006308481097,-19997.910441085696,2,-3.514244921505451,-19996.153318624943,15620,619123729690.0,3150
3,25264076.80411726,25241156.95751953,-22919.846597727388,-19994.39619616419,2,3.514244921505451,-19996.153318624943,15621,619124656700.0,3150
0,5139814.217816371,5116391.142822266,-23423.074994104914,-22827.91089275852,2,13.057722348719835,-22834.43975393288,15660,621106328870.0,3152
3,61959087.72091594,61929072.20800781,-30015.512908130884,-22840.96861510724,2,-13.057722348719835,-22834.43975393288,15661,621163141810.0,3152
2,10727767.810232272,10685123.879272461,-42643.930959811434,-41401.710518049076,4,-13.555298985913396,-41394.93286855612,15687,622112821230.0,3153
1,30979063.983901612,30934071.590698242,-44992.39320337027,-41405.17662409693,4,-17.021405033767223,-41394.93286855612,15688,622133070270.0,3153
3,77527586.47372654,77477229.46130371,-50357.01242282987,-41379.71589463949,4,21.994623409584165,-41394.93286855612,15689,622179613640.0,3153
2,79950484.43069261,79899838.4197998,-50646.01089280844,-41388.15521906316,4,13.555298985913396,-41394.93286855612,15690,622182036260.0,3153
2,16900199.744191572,16849070.149169922,-51129.595021650195,-49172.63864792511,2,-9.263332109898329,-49168.00698187016,15714,623119854790.0,3154
3,76362894.9742719,76304889.16772461,-58005.806547284126,-49163.37531581521,2,9.263332109898329,-49168.00698187016,15715,623179310880.0,3154
3,37928927.5519914,37889980.482543945,-38947.06944745779,-34555.09434390813,1,,-34555.09434390813,15733,624141794310.0,3155
0,2459909.232459727,2442546.404296875,-17362.82816285221,-17077.983301600907,2,37.25681683560833,-17096.61171001871,15760,625107216300.0,3156
1,37158156.24266969,37136738.278808594,-21417.963861092925,-17115.240118436515,2,-37.25681683560833,-17096.61171001871,15761,625141910650.0,3156
2,75349023.19527408,75353876.1776123,4852.982338219881,13578.01242235303,3,3.3156516328454018,13578.01242235303,15789,626181059500.0,3157
3,77731166.70846288,77735745.32177734,4578.613314464688,13579.483388766646,3,5.522101253271103,13578.01242235303,15790,626183441380.0,3157
1,78760880.82480276,78765330.62927246,4449.804469704628,13569.910152673721,3,-8.837752886116505,13578.01242235303,15791,626184470970.0,3157
3,9403006.158134453,9357263.519165039,-45742.638969413936,-44653.819126343355,3,15.070761555805802,-44668.268547430634,15831,628116840670.0,3159
1,59932642.65089943,59881033.24731445,-51609.403584979475,-44669.511228367686,3,-8.467391480691731,-44668.268547430634,15832,628167364670.0,3159
1,72739496.01305714,72686404.88427734,-53091.128779798746,-44668.268547430634,3,-6.603370075114071,-44668.268547430634,15833,628180170100.0,3159
2,14916051.93484797,14884808.789916992,-31243.144930977374,-29515.942688012496,3,5.5742761846631765,-29517.83870821446,15859,629123215810.0,3160
1,30811519.36267697,30778426.35168457,-33093.01099240035,-29525.195220179856,3,-8.304522066377103,-29517.83870821446,15860,629139109500.0,3160
1,54187672.31562346,54151879.822631836,-35792.49299162626,-29517.83870821446,3,2.730245881713927,-29517.83870821446,15861,629162483060.0,3160
2,10323002.039609663,10273778.004272461,-49224.03533720225,-48028.68469382636,4,65.6029499489814,-48072.58699049428,15886,630119510440.0,3161
1,15977323.215040758,15927422.236694336,-49900.978346422315,-48050.88633721322,4,43.40130656212568,-48072.58699049428,15887,630125164110.0,3161
1,40208922.08385807,40156171.80944824,-52750.27440983057,-48094.287643775344,4,-43.40130656212568,-48072.58699049428,15888,630149392970.0,3161
2,64182121.36648519,64126542.55993652,-55578.806548669934,-48146.84637136012,4,-95.96003414690495,-48072.58699049428,15889,630173363450.0,3161
2,8329752.88210056,8297751.437866211,-32001.444234348834,-31036.901611129753,2,22.275390495546162,-31048.039306377526,15906,631118389910.0,3162
3,78636725.94354022,78596561.03735352,-40164.90618669987,-31059.1770016253,2,-22.275390495546162,-31048.039306377526,15907,631188689040.0,3162
3,46178913.736295745,46135435.111694336,-43478.62460140884,-38131.343448765576,1,,-38131.343448765576,15938,632157149320.0,3163
1,69610792.3078014,69568064.62597656,-42727.681824833155,-34667.10942043364,1,,-34667.10942043364,15971,633181462650.0,3164
3,1757002.238327365,1780583.793334961,23581.555007596035,23785.00684727775,2,1.0933518880046904,23784.460171333747,16001,634114577470.0,3165
2,12183333.132747214,12205706.278808594,22373.146061379462,23783.913495389745,2,-1.0933518880046904,23784.460171333747,16002,634125002640.0,3165
1,35678311.76801671,35685529.314331055,7217.54631434381,11348.91166357696,4,37.59035690128803,11325.10625809431,16023,635149421020.0,3166
0,55633221.526838794,55638118.376586914,4896.849748119712,11338.891209512949,4,27.56990283727646,11325.10625809431,16024,635169373700.0,3166
2,70443996.61334881,70447150.88146973,3154.2681209146976,11311.321306675673,4,-27.56990283727646,11325.10625809431,16025,635184182800.0,3166
3,73289070.71341498,73291887.91601562,2817.2026006430387,11303.700762078166,4,-35.19044743478298,11325.10625809431,16026,635187027550.0,3166
3,14108796.57126293,14089583.69921875,-19212.87204417959,-17579.14582829736,6,7.893133187666535,-17586.972556430846,16048,636128783650.0,3167
3,31728688.407623056,31707433.40246582,-21255.00515723601,-17580.985917869955,6,6.053043615072966,-17586.972556430846,16049,636146401580.0,3167
2,38044256.8572564,38022264.62145996,-21992.235796436667,-17586.906151376665,6,0.1328101083636284,-17586.972556430846,16050,636152716440.0,3167
1,54698534.4635489,54674598.72521973,-23935.738329172134,-17601.928831525147,6,-15.022680148482323,-17586.972556430846,16051,636169368850.0,3167
2,64361445.96377303,64336394.689697266,-25051.274075761437,-17598.54903064668,6,-11.642879270017147,-17586.972556430846,16052,636179030690.0,3167
0,76265248.60526128,76238830.4420166,-26418.16324467957,-17587.03896148503,6,-0.1328101083636284,-17586.972556430846,16053,636190933180.0,3167
1,41360415.89864494,41340563.779174805,-19852.119470134377,-15062.795631483197,2,-20.72950877994299,-15052.430877093226,16081,637156922260.0,3168
0,51982286.721488684,51961225.373413086,-21061.34807559848,-15042.066122703254,2,20.72950877994299,-15052.430877093226,16082,637167542970.0,3168
2,3989110.9798502456,3985628.1264648438,-3482.8533854018897,-3020.9348119129427,5,-5.427170893643051,-3019.9953510425985,16105,638120495620.0,3169
1,14511589.297349418,14506880.173828125,-4709.123521292582,-3028.755975453183,5,-13.248334433883429,-3019.9953510425985,16106,638131016920.0,3169
1,17998948.46243595,17993844.28125,-5104.181185949594,-3019.9953510425985,5,-4.017979588126764,-3019.9953510425985,16107,638134503900.0,3169
0,45157274.723853216,45149050.51611328,-8224.207739934325,-2995.2271403819323,5,25.237941095838323,-3019.9953510425985,16108,638161659230.0,3169
1,58018001.114341274,58008271.907714844,-9729.206626430154,-3011.0199309960008,5,9.445150481769815,-3019.9953510425985,16109,638174518510.0,3169
0,59304399.513949774,59280070.346191406,-24329.167758367956,-17462.02273194492,2,17.925660960376263,-17470.985562425107,16132,639176688060.0,3170
3,64386532.76451799,64361597.18615723,-24935.578360766172,-17479.948392905295,2,-17.925660960376263,-17470.985562425107,16133,639181769610.0,3170
2,19792699.024193585,19753534.590942383,-39164.43325120211,-36872.54030940682,2,10.30709133297205,-36877.6938550733,16158,640138089810.0,3171
1,24634717.94642386,24594982.525146484,-39735.42127737403,-36882.84740073979,2,-10.30709133297205,-36877.6938550733,16159,640142931280.0,3171
2,31443303.761455506,31423791.760131836,-19512.00132367015,-15871.02816131711,2,-9.341476544737816,-15866.357423044741,16182,641150630730.0,3172
3,47334272.09468947,47312929.342285156,-21342.75240431726,-15861.686684772372,2,9.341476544737816,-15866.357423044741,16183,641166519940.0,3172
2,29446703.239697825,29399797.07043457,-46906.16926325485,-43496.39219183475,3,24.916750833392143,-43502.934572443366,16207,642149537240.0,3173
3,42523824.45097921,42475397.47583008,-48426.97514913231,-43502.934572443366,3,15.103179920464754,-43502.934572443366,16208,642162612900.0,3173
2,76153572.09563406,76101214.21960449,-52357.87602956593,-43539.683312892914,3,-40.0199307538569,-43502.934572443366,16209,642196238870.0,3173
3,3437191.7405172465,3394381.9489746094,-42809.79154263716,-42411.78238380235,1,,-42411.78238380235,16224,643124403340.0,3174
1,64179936.85810709,64161395.22766113,-18541.630445957184,-11109.923223502934,1,,-11109.923223502934,16245,644186068120.0,3175
3,44103111.504682414,44115438.81774902,12327.313066609204,17434.226976893842,1,,17434.226976893842,16263,645166921610.0,3176
3,62986090.96524736,62989802.779296875,3711.814049512148,11005.280046142638,1,,11005.280046142638,16281,646186748590.0,3177
1,30160783.90805517,30111407.099975586,-49376.80807958543,-45884.344132483006,2,22.70505180954933,-45895.69665838778,16324,648155665280.0,3179
3,43521552.834476605,43470606.212890625,-50946.62158598006,-45907.049184292555,2,-22.70505180954933,-45895.69665838778,16325,648169024540.0,3179
2,64640832.18251318,64615870.326171875,-24961.856341302395,-17476.779806271195,1,,-17476.779806271195,16354,649191012350.0,3180
3,8134092.083232928,8104780.008056641,-29312.075176287442,-28370.189069158398,2,28.777741608209908,-28384.577939962503,16380,650135423580.0,3181
2,22982942.61318276,22951882.33959961,-31060.2735831514,-28398.966810766608,2,-28.777741608209908,-28384.577939962503,16381,650150270750.0,3181
2,13018018.625393435,12989910.074951172,-28108.550442263484,-26601.130713038146,1,,-26601.130713038146,16408,651141185230.0,3182
0,48125342.50306363,48069198.24719238,-56144.255871243775,-50571.58825933933,3,36.24326507002115,-50604.9129589349,16429,652177202360.0,3183
3,59186926.29295796,59129467.837768555,-57458.45518940687,-50604.9129589349,3,-13.743784323334694,-50604.9129589349,16430,652188262680.0,3183
0,66946595.297865115,66888232.47570801,-58362.82215710729,-50610.750089883804,3,-22.49948074668646,-50604.9129589349,16431,652196021480.0,3183
3,5739673.252632444,5709801.690185547,-29871.562446896918,-29206.937748677097,2,-19.700391589663923,-29197.087552882265,16458,653135708260.0,3184
0,35109150.545269236,35075897.84851074,-33252.69675849378,-29187.237357087433,2,19.700391589663923,-29197.087552882265,16459,653165074490.0,3184
1,4541651.108693602,4519053.243652344,-22597.865041257814,-22071.96515729651,3,32.666613103821874,-22098.47700631246,16482,654135439060.0,3185
1,27964473.121514224,27939136.502075195,-25336.619439028203,-22098.47700631246,3,-7.101160420104861,-22098.47700631246,16483,654158859250.0,3185
2,79144268.55388236,79112993.26733398,-31275.286548376083,-22110.7865344882,3,-25.565452683717012,-22098.47700631246,16484,654210033340.0,3185
2,58207443.80924376,58223396.76196289,15952.952719129622,22693.075906135142,1,,22693.075906135142,16509,655190030130.0,3186
0,59710978.32405639,59626058.23522949,-84920.08882689476,-78005.86406142265,1,,-78005.86406142265,16530,656192411440.0,3187
2,64520235.857941255,64472048.68469238,-48187.17324887216,-40716.06114915013,2,0.17782913148403168,-40716.150063715875,16552,657198089150.0,3188
1,73671544.00617443,73622296.98059082,-49247.02558360994,-40716.23897828162,2,-0.17782913148403168,-40716.150063715875,16553,657207239440.0,3188
3,15999690.413025938,15959115.982299805,-40574.43072613329,-38721.74871021882,3,-6.7420504540205,-38720.305729560554,16566,658150483470.0,3189
0,28840126.712521978,28798077.466308594,-42049.24621338397,-38709.70758996904,3,11.319629920646548,-38720.305729560554,16567,658163322490.0,3189
2,40797767.451155,40754322.97338867,-43444.47776632756,-38720.305729560554,3,-4.577579466626048,-38720.305729560554,16568,658175278790.0,3189
1,78942057.43502483,78882845.78515625,-59211.64986857772,-50070.564864203334,1,,-50070.564864203334,16609,660215176610.0,3191
3,30497070.772367895,30454788.959716797,-42281.812651097775,-38750.40841142461,1,,-38750.40841142461,16628,661167597950.0,3192
1,37939903.44667488,37881381.278808594,-58522.167866289616,-54128.92181048542,2,-2.491988055408001,-54127.67581645772,16651,662175937170.0,3193
1,72432957.88276975,72370444.08825684,-62513.79451291263,-54126.429822430015,2,2.491988055408001,-54127.67581645772,16652,662210426390.0,3193
0,8256321.0990223335,8252664.749511719,-3656.34951061476,-2700.3099109167233,2,10.250538780353963,-2705.4351803069003,16675,663147162800.0,3194
0,17271574.185604643,17266863.665527344,-4710.520077299327,-2710.5604496970773,2,-10.250538780353963,-2705.4351803069003,16676,663156177040.0,3194
2,65071232.79383143,64981004.114746094,-90228.67908533663,-82693.76436896622,1,,-82693.76436896622,16724,665205808490.0,3196
1,2120052.9426787044,2117195.1638183594,-2857.778860345017,-2612.2876128088683,1,,-2612.2876128088683,16781,667144725550.0,3198
1,3282097.8894518446,3240346.0662841797,-41751.82316766493,-41371.77308061393,5,5.695019286358729,-41371.77308061393,16798,668146793300.0,3199
2,3942184.220188221,3900363.0581054688,-41821.16208275221,-41364.67738713464,5,16.33855950529687,-41371.77308061393,16799,668147453320.0,3199
0,12485653.564759966,12442854.124023438,-42799.440736528486,-41353.66614844464,5,27.3497981952969,-41371.77308061393,16800,668155995850.0,3199
0,47960026.24519841,47913082.46154785,-46943.78365055472,-41390.25881266594,5,-22.0335787916556,-41371.77308061393,16801,668191466240.0,3199
1,76557566.48635575,76507262.13806152,-50304.348294228315,-41439.37510100007,5,-71.14986712578684,-41371.77308061393,16802,668220060550.0,3199
0,7702512.208175341,7669084.272705078,-33427.93547026254,-32536.02409716323,1,,-32536.02409716323,16821,669152085500.0,3200
3,71230840.76693928,71196136.89831543,-34703.86862385273,-26455.702924355865,2,-5.38153164088726,-26453.01215853542,16845,670216526460.0,3201
3,72961747.92750975,72926849.0102539,-34898.917255848646,-26450.321392714977,2,5.38153164088726,-26453.01215853542,16846,670218257180.0,3201
3,50764576.76963775,50727242.497680664,-37334.27195708454,-31455.994565539062,1,,-31455.994565539062,16865,671196939090.0,3202
2,5370426.539190987,5318069.58996582,-52356.94922516681,-51735.08140084613,2,78.82445787172765,-51774.493629781995,16886,672152450240.0,3203
3,53728424.59645753,53670389.21484375,-58035.38161378354,-51813.90585871786,2,-78.82445787172765,-51774.493629781995,16887,672200802780.0,3203
0,53037686.51325329,53017802.58850098,-19883.92475230992,-13742.432921394706,3,33.06336595118046,-13775.42304572463,16904,673201011840.0,3204
1,56849313.64672093,56828955.21850586,-20358.42821507156,-13775.569528967142,3,-16.64154540747404,-13775.42304572463,16905,673204823010.0,3204
2,75748715.82618296,75726169.09069824,-22546.735484719276,-13775.42304572463,3,-16.421820543706417,-13775.42304572463,16906,673223720310.0,3204
3,12906734.550311882,12905707.48803711,-1027.0622747726738,467.47132983244956,2,39.33651673234999,447.80307146627456,16933,674161831100.0,3205
3,68050787.98472099,68043336.18762207,-7451.797098919749,428.13481310009956,2,-39.33651673234999,447.80307146627456,16934,674216968980.0,3205
1,37471934.272649854,37384828.064819336,-87106.20783051848,-82767.15020275861,3,-5.61218436434865,-82761.86779603362,16959,675187227790.0,3206
3,59619251.94730486,59529587.13574219,-89664.81156267226,-82761.2082407549,3,3.3007586412131786,-82761.86779603362,16960,675209372650.0,3206
2,72216353.87949257,72125229.7286377,-91124.15085487068,-82761.86779603362,3,2.3114257231354713,-82761.86779603362,16961,675221968350.0,3206
0,68854316.14792144,68789207.34667969,-65108.801241755486,-57135.82489332557,1,,-57135.82489332557,16977,676219490890.0,3207
2,9237378.470464468,9183571.74206543,-53806.728399038315,-52737.087391953915,4,59.17962124571204,-52784.86769814603,17017,678161623130.0,3209
1,29516270.629004,29460079.32800293,-56191.30100107193,-52773.46838309243,4,22.798630107194185,-52784.86769814603,17018,678181899730.0,3209
1,52673959.43579346,52615063.794677734,-58895.64111572504,-52796.26701319963,4,-22.798630107194185,-52784.86769814603,17019,678205054820.0,3209
0,79409863.73699874,79347861.95471191,-62001.782286822796,-52806.527714148164,4,-33.05933105573058,-52784.86769814603,17020,678231787740.0,3209
0,10950152.326931719,10920492.275268555,-29660.05166316405,-28392.080235973,4,24.006652545183897,-28414.436733130366,17040,679164210700.0,3210
3,13761095.71627363,13731089.465454102,-30006.250819528475,-28412.786577742547,4,3.3003107756376266,-28414.436733130366,17041,679167021310.0,3210
1,14688502.541776478,14658385.239135742,-30117.302640736103,-28416.449449369684,4,-3.662871627137065,-28414.436733130366,17042,679167948610.0,3210
2,20403787.934392624,20373009.193603516,-30778.74078910798,-28416.086888518184,4,-3.3003107756376266,-28414.436733130366,17043,679173663260.0,3210
2,31514394.649313062,31486347.02392578,-28047.62538728118,-24398.420265059918,2,83.04468889907002,-24439.942609509453,17087,681186569580.0,3212
1,77614715.78810948,77581246.9375,-33468.850609481335,-24481.46495395899,2,-83.04468889907002,-24439.942609509453,17088,681232664690.0,3212
2,22286191.616020992,22262623.15185547,-23568.46416552365,-20987.837581861764,3,-1.9936170596629381,-20987.837581861764,17117,682178275560.0,3213
2,23129119.000974275,23105459.310546875,-23659.69042740017,-20981.45717970282,3,7.57698617875576,-20987.837581861764,17118,682179118400.0,3213
3,28506005.88702583,28481714.807128906,-24291.079896923155,-20990.230749901384,3,-5.583369119092822,-20987.837581861764,17119,682184494680.0,3213
0,68615386.76952231,68515510.59082031,-99876.1787019968,-91930.86914904416,1,,-91930.86914904416,17153,683225424100.0,3214
1,44527653.28669714,44470431.17224121,-57222.11445593089,-52066.04078666121,2,-11.552356369793415,-52060.26460847631,17200,685203059970.0,3216
0,57521187.10510993,57462471.958496094,-58715.14661383629,-52054.488430291414,2,11.552356369793415,-52060.26460847631,17201,685216052070.0,3216
2,27592999.690573327,27556898.576660156,-36101.11391317099,-32905.98619681224,1,,-32905.98619681224,17226,686187025930.0,3217
0,23626597.572096936,23567217.07824707,-59380.49384986609,-56644.655137423426,3,56.5632806122303,-56659.32921317965,17261,687183915800.0,3218
0,37324755.99779463,37263774.65344238,-60981.34435224533,-56659.32921317965,3,34.552166977897286,-56659.32921317965,17262,687197612420.0,3218
1,77610021.01678666,77544291.06713867,-65729.94964799285,-56743.107622891665,3,-91.11544759012759,-56659.32921317965,17263,687237893120.0,3218
1,1404384.5284835324,1369382.9067382812,-35001.62174525112,-34839.00122621725,2,-14.781979621155187,-34831.610236406676,17310,689163472140.0,3220
2,54040764.89634055,53999683.03393555,-41081.86240500212,-34824.2192465961,2,14.781979621155187,-34831.610236406676,17311,689216102680.0,3220
2,1042898.6850049326,1026150.6383056641,-16748.04669926851,-16627.284385232953,1,,-16627.284385232953,17328,690164041500.0,3221
2,39670186.21043974,39590035.13537598,-80151.07506376505,-75557.47114626318,3,-5.703695811331272,-75553.218307212,17354,691203497930.0,3222
3,52039177.85578367,51957598.767822266,-81579.08796140552,-75553.218307212,3,0.6755627654492855,-75553.218307212,17355,691215865550.0,3222
3,77289203.70884019,77204703.69921875,-84500.00962144136,-75550.3165936917,3,5.028133045881987,-75553.218307212,17356,691241112770.0,3222
2,34765755.778510995,34700575.78796387,-65179.99054712802,-61154.294496908784,1,,-61154.294496908784,17378,692199477010.0,3223
3,65347078.05272773,65291354.85498047,-55723.19774726033,-48156.341565951705,1,,-48156.341565951705,17401,693230909610.0,3224
0,72171796.54244572,72127041.94543457,-44754.59701114893,-36397.47346320748,1,,-36397.47346320748,17422,694238640770.0,3225
3,138704.61823782494,82368.60668945312,-56336.01154837181,-56319.95026561571,2,10.164332682732493,-56325.03243195708,17441,695167478410.0,3226
1,4501010.035505395,4444158.727050781,-56851.30845461413,-56330.114598298445,2,-10.164332682732493,-56325.03243195708,17442,695171840220.0,3226
3,10146560.47314639,10141788.967041016,-4771.506105374545,-3596.5864896383137,3,5.911568740382791,-3596.5864896383137,17468,696178441510.0,3227
0,17679968.86909125,17674334.635986328,-5634.233104921877,-3586.983469452709,3,20.316099018789828,-3596.5864896383137,17469,696185974090.0,3227
1,29211922.68646578,29204922.083129883,-7000.60333589837,-3618.012647304684,3,-26.22766775917262,-3596.5864896383137,17470,696197504730.0,3227
3,8469063.064734016,8435186.794555664,-33876.27017835155,-32895.59615112841,3,84.25946228951216,-32915.85037408769,17487,697177673350.0,3228
0,26952829.41069349,26916792.561035156,-36036.849658332765,-32915.85037408769,3,53.878127850592136,-32915.85037408769,17488,697196155040.0,3228
1,79245064.28969756,79202844.25720215,-42220.03249540925,-33043.860852748156,3,-138.1375901401043,-32915.85037408769,17489,697248441330.0,3228
2,40977818.84631804,40921732.779052734,-56086.06726530194,-51341.0462012589,3,27.0996276140213,-51354.69753087312,17508,698211098750.0,3229
1,49002095.09977433,48945066.21118164,-57028.88859269023,-51354.69753087312,3,6.622633192688227,-51354.69753087312,17509,698219122120.0,3229
2,63732730.598459005,63673969.08129883,-58761.51716017723,-51381.59412687272,3,-33.72226080670953,-51354.69753087312,17510,698233851090.0,3229
3,21273927.42971099,21264502.711791992,-9424.717918999493,-6961.306331686676,3,25.907223979011178,-6975.356437530369,17535,699192315880.0,3230
2,25981445.13332016,25971461.258911133,-9983.874409027398,-6975.356437530369,3,4.832065213471651,-6975.356437530369,17536,699197022860.0,3230
0,56317773.391079485,56304253.01135254,-13520.379726946354,-6999.070673801005,3,-30.73928919248283,-6975.356437530369,17537,699227355790.0,3230
2,16771366.202562999,16702691.58203125,-68674.62053174898,-66732.58242078125,1,,-66732.58242078125,17589,701189635300.0,3232
0,50678161.380869985,50584845.443847656,-93315.93702232838,-87447.66608919203,2,39.365522876381874,-87467.34885063022,17612,702224404090.0,3233
1,72880530.4869506,72784604.26403809,-95926.22291252017,-87487.03161206841,2,-39.365522876381874,-87467.34885063022,17613,702246603950.0,3233
3,10362475.12741465,10317101.513671875,-45373.61374277435,-44173.6923184637,2,24.15045286528766,-44185.76754489634,17636,703184966580.0,3234
0,62349562.20198036,62298144.599975586,-51417.602004773915,-44197.842771328986,2,-24.15045286528766,-44185.76754489634,17637,703236947860.0,3234
2,10513734.180738524,10479704.966552734,-34029.21418578923,-32811.77773958817,2,43.19454750046134,-32833.3750133384,17667,704186035890.0,3235
2,49394992.43728605,49356417.77844238,-38574.658843666315,-32854.97228708863,2,-43.19454750046134,-32833.3750133384,17668,704224912780.0,3235
3,33786866.50618112,33725437.3059082,-61429.20027291775,-57516.85457533598,2,15.597093775868416,-57524.653122223914,17700,705210168210.0,3236
1,34948461.31641181,34886882.0123291,-61579.30408270657,-57532.45166911185,2,-15.597093775868416,-57524.653122223914,17701,705211329660.0,3236
3,10756024.370463505,10738354.259887695,-17670.110575810075,-16424.61816942878,1,,-16424.61816942878,17725,706188089520.0,3237
0,46967060.498210326,46892281.515625,-74778.98258532584,-69340.43808358163,1,,-69340.43808358163,17750,707225185390.0,3238
1,14049216.798042616,14036679.532836914,-12537.265205701813,-10910.438021706417,3,19.911174843087792,-10930.1662915349,17804,709194168650.0,3240
1,56766858.70437882,56749354.861450195,-17503.842928625643,-10930.53210156411,3,-10.229944943450391,-10930.1662915349,17805,709236881520.0,3240
2,62556372.35073969,62538198.47766113,-18173.87307855487,-10930.1662915349,3,-9.681229899637401,-10930.1662915349,17806,709242670390.0,3240
3,23833952.77912382,23833358.994873047,-593.7842507734895,2166.0651301927865,5,-1.477134421467781,2166.0651301927865,17824,710204890000.0,3241
1,37832121.21011893,37829905.20300293,-2216.007115997374,2164.7583101168275,5,-3.437364535406232,2166.0651301927865,17825,710218886610.0,3241
2,52586686.90603967,52582767.96386719,-3918.9421724826097,2170.326219111681,5,4.914498956874013,2166.0651301927865,17826,710233639540.0,3241
3,66720294.7784031,66714733.5546875,-5561.223715603352,2164.6439131721854,5,-3.551761480048299,2166.0651301927865,17827,710247771570.0,3241
0,71180593.78950948,71174533.22827148,-6060.561237990856,2181.7861194610596,5,16.3743993062526,2166.0651301927865,17828,710252231390.0,3241
2,10502705.667763546,10421015.99987793,-81689.66788561642,-80473.50848460384,2,-20.05969779379666,-80463.47863570694,17858,711192454190.0,3242
2,59378792.47144148,59291463.263305664,-87329.20813581347,-80453.44878681004,2,20.05969779379666,-80463.47863570694,17859,711241324860.0,3242
1,31766443.2534208,31707479.510375977,-58963.74304482341,-55285.35198812932,1,,-55285.35198812932,17878,712214574240.0,3243
1,48513760.390619904,48476279.27392578,-37481.11669412255,-31863.472284771502,1,,-31863.472284771502,17901,713232250590.0,3244
2,23818586.40619848,23773798.10913086,-44788.29706761986,-42030.22703375667,2,-1.616060994565487,-42029.41900325939,17921,714208442670.0,3245
1,49143731.90109127,49096012.69824219,-47719.20284908265,-42028.61097276211,2,1.616060994565487,-42029.41900325939,17922,714233765000.0,3245
1,58200299.00530053,58136119.654052734,-64179.351247794926,-57440.05539241433,1,,-57440.05539241433,17948,715243719790.0,3246
0,17622263.21454162,17563655.017089844,-58608.197451777756,-56567.629834875464,1,,-56567.629834875464,17962,716203998550.0,3247
2,73208006.1415117,73139457.95092773,-68548.19058395922,-60071.0792838037,2,-12.282248944044113,-60064.93815933168,17983,717260473120.0,3248
2,79503124.11374193,79433859.26306152,-69264.85068041086,-60058.79703485966,2,12.282248944044113,-60064.93815933168,17984,717266767550.0,3248
1,1150821.8253089495,1146932.5559082031,-3889.2694007463288,-3756.010141083738,3,4.1038031375501305,-3758.655072696507,18030,719190272430.0,3250
2,52730162.03739212,52720297.50024414,-9864.537147976458,-3758.655072696507,3,0.1364057183964178,-3758.655072696507,18031,719241846030.0,3250
1,64120962.04151128,64109775.5904541,-11186.451057180762,-3761.572815746069,3,-4.240208855946548,-3758.655072696507,18032,719253235560.0,3250
3,10028625.208733093,9926956.529052734,-101668.67968035862,-100507.41636282392,2,-1.1928013283759356,-100506.81996215973,18054,720200004000.0,3251
2,39613094.92436481,39508001.70776367,-105093.2166011408,-100506.22356149554,2,1.1928013283759356,-100506.81996215973,18055,720229585180.0,3251
1,51075887.23929083,51037507.86022949,-38379.379061341286,-32465.05351551622,2,-10.94761174172163,-32459.57970964536,18073,721241910340.0,3252
2,64470116.234843,64430196.82043457,-39919.41440843046,-32454.1059037745,2,10.94761174172163,-32459.57970964536,18074,721255303090.0,3252
2,47617451.08180482,47554411.916259766,-63039.16554505378,-57525.30915249139,4,15.924636073410511,-57537.00170503184,18095,722239336750.0,3253
3,58466475.36291862,58402172.47558594,-64302.88733268529,-57532.76962149888,4,8.464167065918446,-57537.00170503184,18096,722250184560.0,3253
3,68354893.79194546,68289437.41235352,-65456.37959194183,-57541.2337885648,4,-8.464167065918446,-57537.00170503184,18097,722260071870.0,3253
3,77369759.99397972,77303256.3302002,-66503.66377952695,-57544.6427474916,4,-11.873125992715359,-57537.00170503184,18098,722269085730.0,3253
2,76211127.55428451,76156412.03820801,-54715.516076505184,-45890.658733174205,1,,-45890.658733174205,18120,723268782610.0,3254
2,41720944.41458492,41674985.42541504,-45958.98916988075,-41127.917979843915,2,-4.6701918840408325,-41125.582883901894,18146,724235199540.0,3255
1,55634037.404842,55586472.021118164,-47565.38372383267,-41123.247787959874,2,4.6701918840408325,-41125.582883901894,18147,724249111090.0,3255
0,30257088.85866996,30274143.895263672,17055.036593712866,20558.65215972066,3,2.3584967479109764,20558.65215972066,18197,726225585690.0,3257
2,58376315.32164495,58390105.75134277,13790.429697826505,20550.107339069247,3,-10.458734229207039,20558.65215972066,18198,726253701780.0,3257
2,74275701.5601278,74287663.29516602,11961.735038220882,20562.47998687625,3,8.100237481296062,20558.65215972066,18199,726269599410.0,3257
1,51413770.97041309,51407039.51306152,-6731.457351565361,-778.0066041871905,1,,-778.0066041871905,18222,727247682220.0,3258
1,6711660.9292975655,6692891.277709961,-18769.651587604545,-17992.475706094876,4,-15.564377091825008,-17983.74178549368,18244,728203923470.0,3259
3,9272650.243437855,9253599.606811523,-19050.636626331136,-17976.91132900305,4,13.660912981256843,-17983.74178549368,18245,728206484190.0,3259
1,34102235.890318945,34080296.45422363,-21939.436095312238,-17990.572241984308,4,-13.660912981256843,-17983.74178549368,18246,728231311000.0,3259
0,48350029.6507564,48326461.52453613,-23568.12622026354,-17969.44099008292,4,21.13125190138817,-17983.74178549368,18247,728245557230.0,3259
1,2943161.566966336,2856775.0338134766,-86386.53315285966,-86045.73015203374,5,-46.329451974947006,-86003.98563813418,18267,729200976890.0,3260
0,21792175.99617803,21703639.135498047,-88536.86067998409,-86013.43856908754,5,-14.037869028747082,-86003.98563813418,18268,729219823840.0,3260
0,34897044.29865374,34806999.41442871,-90044.88422502577,-86003.98563813418,5,0.14152740128338337,-86003.98563813418,18269,729232927260.0,3260
0,44389676.40319189,44298546.154785156,-91130.24840673059,-85990.15175227076,5,18.56035134010017,-86003.98563813418,18270,729242418850.0,3260
0,68070745.2949562,67976868.23632812,-93877.05862808228,-85994.8157619834,5,13.896341627463698,-86003.98563813418,18271,729266097280.0,3260
3,13262928.67988687,13231418.676513672,-31510.00337319821,-29974.224316900596,3,60.1678410358727,-29974.332614008337,18310,731213046720.0,3262
3,14962617.857615847,14930910.930664062,-31706.92695178464,-29974.332614008337,3,60.00539537426084,-29974.332614008337,18311,731214746220.0,3262
2,76020899.9601331,75982002.6784668,-38897.28166630864,-30094.4517018646,3,-120.17323641013354,-29974.332614008337,18312,731275797590.0,3262
3,42660226.672961794,42613594.950927734,-46631.722034059465,-41691.886780284345,1,,-41691.886780284345,18345,732243336760.0,3263
0,33587362.2540548,33535930.669921875,-51431.584132924676,-47542.340003587306,2,65.84539521485567,-47575.26270119473,18368,733235132480.0,3264
1,62734620.37370044,62679747.841308594,-54872.53239184618,-47608.18539880216,2,-65.84539521485567,-47575.26270119473,18369,733264276430.0,3264
3,67029259.072793484,66966794.49279785,-62464.57999563217,-54702.9358876273,1,,-54702.9358876273,18392,734269470970.0,3265
3,44992009.31430247,44948159.25109863,-43850.063203834,-38640.21949031949,3,3.4650853909552097,-38640.21949031949,18422,735248312860.0,3266
0,47993639.29809724,47949455.572143555,-44183.72595368326,-38626.30889682472,3,24.330975633114576,-38640.21949031949,18423,735251314170.0,3266
2,57200298.177114345,57155013.6159668,-45284.56114754826,-38661.060254596174,3,-27.796061024069786,-38640.21949031949,18424,735260519770.0,3266
1,44088925.27939597,44060753.48498535,-28171.79441061616,-23066.5231923908,1,,-23066.5231923908,18449,736248333180.0,3267
1,18461955.019651696,18368276.87902832,-93678.14062337577,-91540.34100597352,2,36.34271416813135,-91558.51236305758,18468,737223525020.0,3268
2,70037688.52848126,69938001.83996582,-99686.68851543963,-91576.68372014165,2,-36.34271416813135,-91558.51236305758,18469,737275094980.0,3268
2,46745430.43082862,46702872.28857422,-42558.142254404724,-37145.2613767311,3,32.60908980667591,-37173.10441219807,18498,738252688370.0,3269
2,67968098.56690913,67923045.57348633,-45052.99342280626,-37182.63652087748,3,-23.453626412898302,-37173.10441219807,18499,738273908640.0,3269
0,73591404.55842443,73545709.94714355,-45694.61128087342,-37173.10441219807,3,-9.155463393777609,-37173.10441219807,18500,738279531330.0,3269
1,7772250.995622152,7738242.290771484,-34008.70485066809,-33108.71808398422,1,,-33108.71808398422,18522,739214582140.0,3270
1,9801387.392141938,9745731.258300781,-55656.13384115696,-54521.18349626474,2,-4.373031517490745,-54518.996980505995,18549,740217513240.0,3271
1,34405219.89283169,34346719.134521484,-58500.758310206234,-54516.81046474725,2,4.373031517490745,-54518.996980505995,18550,740242114340.0,3271
2,15118034.313115105,15070407.412841797,-47626.90027330816,-45876.30950780958,2,-16.379146836698055,-45868.11993439123,18573,741223694470.0,3272
0,42207221.27280553,42156473.962890625,-50747.30991490185,-45859.93036097288,2,16.379146836698055,-45868.11993439123,18574,741250780660.0,3272
1,1922750.7610407127,1867179.7342529297,-55571.02678778302,-55348.38212003582,4,-4.725224472815171,-55346.019507799414,18593,742211408640.0,3273
0,49092457.56046915,49031434.77392578,-61022.78654336929,-55338.13197247684,4,10.250147558981553,-55346.019507799414,18594,742258573110.0,3273
0,67390388.50514503,67327241.38720703,-63147.11793799698,-55343.65689556301,4,4.725224472815171,-55346.019507799414,18595,742276869000.0,3273
2,76237771.63615811,76173571.06835938,-64200.56779873371,-55372.62520749867,4,-28.968311935663223,-55346.019507799414,18596,742285715370.0,3273
0,4337577.293355121,4302388.993896484,-35188.2994586369,-34686.030274884775,2,8.833175828680396,-34690.446862799115,18618,743214714470.0,3274
2,19414903.29364393,19377960.284057617,-36943.00958631188,-34694.863450713456,2,-8.833175828680396,-34690.446862799115,18619,743229790110.0,3274
1,67869597.36625597,67845651.52819824,-23945.83805772662,-16086.887089192867,1,,-16086.887089192867,18655,744279175480.0,3275
2,36750999.887556195,36743187.51855469,-7812.369001507759,-3556.7918746471405,2,-11.55927960574627,-3551.0122348442674,18678,745248970620.0,3276
3,76530693.32985455,76518286.23583984,-12407.094014704227,-3545.2325950413942,2,11.55927960574627,-3551.0122348442674,18679,745288745900.0,3276
2,15394441.94634812,15291131.270996094,-103310.67535202578,-101528.07800152898,2,75.75817892700434,-101565.95709099248,18703,746228472020.0,3277
1,53889279.78213442,53781435.84399414,-107843.93814028054,-101603.83618045598,2,-75.75817892700434,-101565.95709099248,18704,746266962500.0,3277
2,34224460.983412236,34174769.86010742,-49691.1233048141,-45728.10641314089,2,-15.035321243107319,-45720.58875251934,18733,747248161330.0,3278
0,58984120.1555358,58931577.02612305,-52543.12941275537,-45713.071091897786,2,15.035321243107319,-45720.58875251934,18734,747272918250.0,3278
0,2585438.047414058,2531177.0725097656,-54260.97490429226,-53961.594450667966,3,19.824865924660116,-53973.22143134661,18788,750219148110.0,3281
3,4163995.269491993,4109539.8787841797,-54455.3907078132,-53973.22143134661,3,2.3843949066940695,-53973.22143134661,18789,750220726480.0,3281
1,12541113.516770594,12485671.70300293,-55441.813767664135,-53989.61720183864,3,-22.209260831354186,-53973.22143134661,18790,750229102650.0,3281
0,10917402.650557963,10863817.462768555,-53585.18778940849,-52321.008606621996,5,76.99657833762467,-52381.47905917466,18816,751228349350.0,3282
3,30968491.50976297,30912526.086914062,-55965.42284890637,-52379.4305078648,5,18.57467709481716,-52381.47905917466,18817,751248398150.0,3282
3,35537911.850124314,35481415.263305664,-56496.586818650365,-52381.47905917466,5,15.501850130036473,-52381.47905917466,18818,751252967060.0,3282
1,45651519.91703874,45593819.174072266,-57700.7429664731,-52414.53131074458,5,-34.076527224853635,-52381.47905917466,18819,751263079510.0,3282
3,62477353.33743969,62417682.49609375,-59670.84134594351,-52436.2845550254,5,-55.82977150566876,-52381.47905917466,18820,751279903450.0,3282
3,1614341.1722498783,1590907.9479980469,-23433.224251831416,-23246.291831255192,2,77.59570364630781,-23285.089683078346,18844,752219976960.0,3283
2,68744136.13221446,68712852.02661133,-31284.10560312867,-23323.8875349015,2,-77.59570364630781,-23285.089683078346,18845,752287099210.0,3283
3,18896233.007287428,18894783.36376953,-1449.643517896533,738.4432611204684,2,-6.282968960702419,741.5847456008196,18877,753238168420.0,3284
0,27855753.36070385,27853272.533691406,-2480.8270124420524,744.7262300811708,2,6.282968960702419,741.5847456008196,18878,753247126950.0,3284
3,12715824.652032362,12630487.871704102,-85336.78032826073,-83864.35310984775,4,26.021432984620333,-83888.3658847902,18900,754232862770.0,3285
0,25911274.48771274,25824387.73791504,-86886.74979770184,-83886.35722674802,4,4.017316084355116,-83888.3658847902,18901,754246056730.0,3285
3,35618788.34653092,35530773.49914551,-88014.84738541394,-83890.37454283237,4,-4.017316084355116,-83888.3658847902,18902,754255763160.0,3285
3,52874201.05263536,52784184.86340332,-90016.18923203647,-83893.62817820907,4,-7.270951461046934,-83888.3658847902,18903,754273016650.0,3285
2,7939935.515732332,7882638.048095703,-57297.46763662901,-56378.063863320276,2,47.77724943496287,-56401.95248803776,18924,755228946340.0,3286
3,35605960.798195586,35545411.96960449,-60548.82859109342,-56425.84111275524,2,-47.77724943496287,-56401.95248803776,18925,755256609240.0,3286
2,18401845.15035075,18395812.399780273,-6032.750570476055,-3901.911367367953,2,-9.318077985197306,-3897.2523283753544,18951,756240350140.0,3287
3,54201818.13888241,54191649.2532959,-10168.885586515069,-3892.5932893827558,2,9.318077985197306,-3897.2523283753544,18952,756276146140.0,3287
0,32223049.68229331,32194165.614135742,-28884.068157568574,-25152.80442038551,2,22.360490936785936,-25163.984665853903,18977,757255075230.0,3288
0,41270038.40912075,41240084.38562012,-29954.02350063622,-25175.164911322296,2,-22.360490936785936,-25163.984665853903,18978,757264121190.0,3288
3,14671531.145451564,14618119.791992188,-53411.35345937684,-51712.46546858363,2,58.19011584110558,-51741.56052650418,19004,758238432690.0,3289
2,43709119.410367504,43652287.463134766,-56831.94723273814,-51770.655584424734,2,-58.19011584110558,-51741.56052650418,19005,758267466990.0,3289
0,64121958.166403644,64058028.84655762,-63929.3198460266,-56504.326258443296,2,19.77985530346632,-56514.21618609503,19033,759288737290.0,3290
2,70019113.93235621,69954481.97229004,-64631.9600661695,-56524.10611374676,2,-19.77985530346632,-56514.21618609503,19034,759294633770.0,3290
0,9195246.518683884,9127721.364624023,-67525.15405986086,-66460.39171651006,1,,-66460.39171651006,19059,760234720350.0,3291
0,27680486.155933168,27645141.412841797,-35344.74309137091,-32139.484891429543,1,,-32139.484891429543,19076,761254089520.0,3292
1,3068067.5754134636,3063321.5897216797,-4745.98569178395,-4390.719216380734,3,-15.69330849358812,-4377.855757709593,19101,762230426070.0,3293
3,26469487.83200293,26462044.94543457,-7442.886568360031,-4377.855757709593,3,3.601879513124004,-4377.855757709593,19102,762253824900.0,3293
2,57457989.2619638,57446963.72570801,-11025.536255791783,-4372.196058064699,3,12.091428980464116,-4377.855757709593,19103,762284809960.0,3293
3,30981147.54641036,30926841.731445312,-54305.81496504694,-50718.35711993277,1,,-50718.35711993277,19157,765260888490.0,3296
2,67822706.51227981,67760444.07373047,-62262.43854933977,-54408.91730098426,3,-10.922672860324383,-54406.08358865976,19183,766298623590.0,3297
0,69389591.79729387,69327166.93310547,-62424.86418840289,-54389.905667588115,3,17.59477723389864,-54406.08358865976,19184,766300190320.0,3297
0,74000380.86883512,73937405.92102051,-62974.94781461358,-54406.08358865976,3,-6.672104373574257,-54406.08358865976,19185,766304800580.0,3297
2,11548222.075425595,11486019.005004883,-62203.07042071223,-60865.84558681771,3,-13.633636459708214,-60853.461638875306,19215,767243199550.0,3298
1,38070489.967493236,38005228.138549805,-65261.82894343138,-60853.461638875306,3,4.942285453900695,-60853.461638875306,19216,767269718880.0,3298
2,54313644.31917925,54246504.115722656,-67140.20345659554,-60850.9622618407,3,8.691351005807519,-60853.461638875306,19217,767285960230.0,3298
3,17417933.48692313,17346330.517578125,-71602.96934500337,-69586.06206163764,4,23.285704627633095,-69602.50152523257,19241,768249960450.0,3299
2,28471512.65482325,28398620.14453125,-72892.51029200107,-69595.65528419986,4,13.692482065409422,-69602.50152523257,19242,768261012790.0,3299
1,52262012.74797405,52186351.72741699,-75661.02055706084,-69609.34776626527,4,-13.692482065409422,-69602.50152523257,19243,768284800630.0,3299
1,77809316.34943925,77730695.30407715,-78621.0453621,-69611.12596054375,4,-15.470676343888044,-69602.50152523257,19244,768310345090.0,3299
1,8262059.837153103,8251010.444213867,-11049.392939236015,-10092.6888231216,2,-4.376686069183052,-10090.500480087008,19265,769241710610.0,3300
2,29471324.73028975,29457823.790039062,-13500.940250687301,-10088.312137052417,2,4.376686069183052,-10090.500480087008,19266,769262917520.0,3300
3,11854542.145309392,11824984.157836914,-29557.9874724783,-28185.292346976697,3,-4.523010011762381,-28185.292346976697,19298,770246233290.0,3301
2,24157822.459571894,24126838.08972168,-30984.36985021457,-28187.018022827804,3,-7.111523788422346,-28185.292346976697,19299,770258535200.0,3301
1,70913660.97406174,70877275.01550293,-36385.95855881274,-28174.520651102066,3,11.634533800184727,-28185.292346976697,19300,770305285850.0,3301
3,9707615.348269891,9618012.438598633,-89602.90967125818,-88478.81764767133,4,-2.318912111222744,-88477.65819161572,19320,771244926870.0,3302
3,16037207.118499236,15946873.59350586,-90333.5249933768,-88476.4987355601,4,2.318912111222744,-88477.65819161572,19321,771251255760.0,3302
0,57745393.42819245,57650233.52233887,-95159.90585358441,-88473.28572878242,4,5.531918888911605,-88477.65819161572,19322,771292959310.0,3302
2,71587231.35402782,71490460.4428711,-96770.91115672886,-88481.47725676,4,-4.978521199896932,-88477.65819161572,19323,771306799600.0,3302
1,11717651.683389317,11664227.645019531,-53424.038369785994,-52067.19445705041,2,-30.695894356817007,-52051.846509872004,19345,772247805560.0,3303
3,51165889.11854478,51107927.872680664,-57961.245864115655,-52036.498562693596,2,30.695894356817007,-52051.846509872004,19346,772287249440.0,3303
0,56525690.670019776,56467761.85290527,-57928.81711450219,-51383.43230779469,2,-0.7318476736545563,-51383.06638395786,19370,773293468900.0,3304
0,57847426.96513455,57789345.829589844,-58081.13554470986,-51382.700460121036,2,0.7318476736545563,-51383.06638395786,19371,773294790490.0,3304
0,15601556.732440542,15542890.643554688,-58666.08888585493,-56859.508706346154,1,,-56859.508706346154,19391,774253434420.0,3305
2,29193231.214708455,29112699.283447266,-80531.93126118928,-77151.50494907424,1,,-77151.50494907424,19415,775267846740.0,3306
3,47975437.51099345,47962262.189575195,-13175.321418255568,-7620.0120349004865,3,14.916052397340536,-7632.702710710466,19493,778289365050.0,3309
1,56026785.81518736,56012665.498291016,-14120.316896341741,-7632.702710710466,3,-4.119961317628622,-7632.702710710466,19494,778297415490.0,3309
2,76741154.48469219,76724631.0994873,-16523.38520488143,-7637.153463885188,3,-10.796091079711914,-7632.702710710466,19495,778318127550.0,3309
0,46276076.06239349,46201750.443725586,-74325.61866790056,-68967.08661668003,3,28.056795477867126,-68991.14202669263,19511,779288503300.0,3310
2,70860964.8843698,70783768.40637207,-77196.47799773514,-68991.14202669263,3,-8.026319541037083,-68991.14202669263,19512,779313085430.0,3310
1,75140608.94490176,75062908.90332031,-77700.0415814519,-68999.14479762316,3,-20.030475936830044,-68991.14202669263,19513,779317364590.0,3310
3,1931203.8689933862,1868258.8386230469,-62945.030370339286,-62721.40687608509,3,32.39787657209672,-62730.64320174232,19534,780245045080.0,3311
1,2284592.4154249784,2221597.228149414,-62995.1872755643,-62730.64320174232,3,18.54338808625471,-62730.64320174232,19535,780245398420.0,3311
0,75741429.90845937,75669882.47338867,-71547.4350706935,-62776.96630357206,3,-50.94126465835143,-62730.64320174232,19536,780318847040.0,3311
2,22908554.40045876,22867009.63244629,-41544.7680124715,-38892.07501325011,2,-0.32999924570322037,-38891.91001362726,19553,781266883560.0,3312
3,30382545.460076053,30340135.572265625,-42409.887810427696,-38891.74501400441,2,0.32999924570322037,-38891.91001362726,19554,781274356720.0,3312
1,7599298.638560249,7549541.654052734,-49756.984507514164,-48877.02473593317,2,-16.694312473759055,-48868.67757969629,19583,782252469400.0,3313
3,39633895.399043486,39580445.66699219,-53449.73205129802,-48860.33042345941,2,16.694312473759055,-48868.67757969629,19584,782284500450.0,3313
2,27647191.632326256,27699026.02697754,51834.39465128258,55035.797516305,1,,55035.797516305,19611,783273522610.0,3314
0,58524569.09780164,58479981.46911621,-44587.62868542969,-37810.7840179652,2,28.54586251080036,-37825.0569492206,19657,785306260990.0,3316
1,70736866.1116466,70690835.8157959,-46030.29585069418,-37839.329880476,2,-28.54586251080036,-37825.0569492206,19658,785318471900.0,3316
1,62633093.71828132,62641068.79980469,7975.081523366272,15227.672250896692,1,,15227.672250896692,19686,786311306530.0,3317
2,41795844.19918275,41762807.77722168,-33036.42196106911,-28196.677760474384,1,,-28196.677760474384,19708,787291416800.0,3318
0,67815287.56277531,67811087.30249023,-4200.260285079479,3652.4018870145082,1,,3652.4018870145082,19729,788318360640.0,3319
2,44750195.771435976,44735268.41479492,-14927.356641054153,-9745.51369446516,1,,-9745.51369446516,19749,789296247230.0,3320
2,4806256.289601894,4761642.459350586,-44613.83025130816,-44057.2904457394,2,-0.4372765775769949,-44057.071807450615,20303,810274923330.0,3341
2,28208199.030555125,28160875.81274414,-47323.2178109847,-44056.85316916183,2,0.4372765775769949,-44057.071807450615,20304,810298322670.0,3341
0,74594848.89941226,74537817.0670166,-57031.8323956579,-48394.13182345033,1,,-48394.13182345033,20360,812346461010.0,3343
3,44326631.900553636,44275835.18713379,-50796.71341984719,-45663.91699515283,4,8.00371503829956,-45667.91885267198,20391,813317105340.0,3344
2,47855952.49773593,47804739.103393555,-51213.39434237778,-45671.92071019113,4,-8.00371503829956,-45667.91885267198,20392,813320634260.0,3344
0,55836409.27659751,55784292.73510742,-52116.54149008542,-45650.97193033248,4,20.948779858648777,-45667.91885267198,20393,813328613850.0,3344
2,60003104.48760071,59950483.74682617,-52620.74077453464,-45672.689298942685,4,-8.77230378985405,-45667.91885267198,20394,813332780060.0,3344
0,51993359.43860366,51985684.58312988,-7674.855473779142,-1654.2913570851088,1,,-1654.2913570851088,20449,815326596380.0,3346
0,21547572.470291086,21598715.076904297,51142.606613211334,53637.70489147678,4,14.806606959551573,53626.078811932355,20478,816297158730.0,3347
2,41300454.54202923,41349295.05969238,48840.517663151026,53622.89828451723,4,-6.361054830253124,53626.078811932355,20479,816316909400.0,3347
0,46019953.16711943,46068253.55212402,48300.38500459492,53629.25933934748,4,6.361054830253124,53626.078811932355,20480,816321628380.0,3347
1,78184529.92761469,78229076.97302246,44547.045407772064,53600.41261553764,4,-28.846723809838295,53626.078811932355,20481,816353789350.0,3347
1,377297.74234812404,394203.36657714844,16905.624229024397,16949.31337074208,1,,16949.31337074208,20516,818277930350.0,3349
1,22375832.956589274,22401251.141479492,25418.18489021808,28009.191480945796,4,-30.981295820325613,28032.6708759591,20544,819300870060.0,3350
0,34959971.80582738,34983963.79333496,23991.98750758171,28040.17277676612,4,15.003801614046097,28032.6708759591,20545,819313452830.0,3350
3,64652769.76814249,64673308.478271484,20538.710128992796,28025.168975152075,4,-15.003801614046097,28032.6708759591,20546,819343142310.0,3350
0,68901258.35897863,68921329.1171875,20070.758208870888,28049.170224368572,4,24.001249216496944,28032.6708759591,20547,819347390350.0,3350
1,3245061.6924804477,3195046.689453125,-50015.0030273227,-49639.24154175725,3,-19.651941939257085,-49621.26824751496,20573,820282610410.0,3351
3,41257958.82904003,41203563.45825195,-54395.37078807503,-49617.91095212102,3,12.343942515086383,-49621.26824751496,20574,820320619100.0,3351
3,45711907.633379474,45656993.16088867,-54914.47249080241,-49621.26824751496,3,7.307999424170703,-49621.26824751496,20575,820325072550.0,3351
0,5332000.978308883,5318401.503417969,-13599.474890913814,-12982.056549287401,3,16.019456160254776,-12996.116843417287,20601,821285575200.0,3352
3,20319336.113716118,20303983.20373535,-15352.909980766475,-13000.035167478025,3,-10.948471125680953,-12996.116843417287,20602,821300560850.0,3352
2,57868239.04901869,57848542.0871582,-19696.961860485375,-12996.116843417287,3,-5.070985034573823,-12996.116843417287,20603,821338105580.0,3352
1,53141045.2577647,53096843.85168457,-44201.40608012676,-38047.94583718479,2,-13.460421770811081,-38041.21562629938,20636,822334279510.0,3353
3,74950457.82620025,74903744.46252441,-46713.36367583275,-38034.485415413976,2,13.460421770811081,-38041.21562629938,20637,822356086510.0,3353
3,32435473.612517297,32393928.591186523,-41545.02133077383,-37789.159992940724,2,-1.8095998913049698,-37788.25519299507,20660,823314441990.0,3354
2,61422556.259284586,61377656.4921875,-44899.767097085714,-37787.35039304942,2,1.8095998913049698,-37788.25519299507,20661,823343425850.0,3354
3,29036985.276352935,28990544.525512695,-46440.75084023923,-43078.41700569913,1,,-43078.41700569913,20689,824311895120.0,3355
1,74602556.18860228,74559477.08984375,-43079.0987585336,-34440.50572180748,2,-8.984052643179893,-34436.01369548589,20712,825358357910.0,3356
3,77749897.30747685,77706462.74682617,-43434.56065067649,-34431.5216691643,2,8.984052643179893,-34436.01369548589,20713,825361504910.0,3356
2,41902795.959605895,41898740.310668945,-4055.6489369496703,796.4797284677625,2,-2.02782092243433,797.4936389289796,20735,826326566610.0,3357
2,58562017.06524617,58556034.3918457,-5982.673400469124,798.5075493901968,2,2.02782092243433,797.4936389289796,20736,826343223980.0,3357
0,13346678.117397508,13283506.88256836,-63171.23482914828,-61625.75801791251,4,11.100357327610254,-61631.30819657631,20786,828299816370.0,3359
3,22061418.625491284,21997227.16809082,-64191.45740046352,-61636.85837524012,4,-11.100357327610254,-61631.30819657631,20787,828308530130.0,3359
0,26840076.059506953,26775345.39099121,-64730.668515741825,-61622.72549074888,4,14.132884491235018,-61631.30819657631,20788,828313308270.0,3359
1,48569572.698521845,48502306.36608887,-67266.33243297786,-61642.22524488717,4,-16.46722697466612,-61631.30819657631,20789,828335035330.0,3359
2,18114767.428770408,18088097.357299805,-26670.071470603347,-24572.474393948913,3,-5.704166462644935,-24572.474393948913,20827,829305488520.0,3360
3,26099025.914821923,26071430.971801758,-27594.943020164967,-24572.80979776755,3,-6.207272190600634,-24572.474393948913,20828,829313471890.0,3360
3,69342844.17850956,69310253.90246582,-32590.276043742895,-24560.730657204986,3,11.911438653245568,-24572.474393948913,20829,829356710910.0,3360
0,61147919.85761011,61108053.634765625,-39866.22284448147,-32785.6076259166,2,20.10126857459545,-32795.6582602039,20855,830349381330.0,3361
3,67802740.22588864,67762083.30773926,-40656.918149381876,-32805.708894491196,2,-20.10126857459545,-32795.6582602039,20856,830356035390.0,3361
3,58527518.75773227,58501649.75476074,-25869.00297152996,-19091.816748589277,1,,-19091.816748589277,20869,831347671380.0,3362
0,38916418.59867251,38956199.19543457,39780.59676206112,44286.91825956106,1,,44286.91825956106,20895,832328996450.0,3363
1,17634504.733074047,17596398.8638916,-38105.86918244511,-36063.884060539305,3,-9.275466434657574,-36054.71716184169,20945,834309465580.0,3365
2,40862859.43481696,40822073.00830078,-40786.42651617527,-36054.71716184169,3,4.474881611764431,-36054.71716184169,20946,834332691360.0,3365
3,57528703.0878483,57485987.05932617,-42716.02852212638,-36054.500026367605,3,4.800584822893143,-36054.71716184169,20947,834349355350.0,3365
2,12536690.007571878,12544028.139892578,7338.132320700213,8789.816666867584,3,-2.649975525215268,8789.816666867584,20973,835305307860.0,3366
3,29716303.774116814,29721649.849609375,5346.0754925608635,8787.070921879262,3,-6.768593007698655,8789.816666867584,20974,835322485560.0,3366
3,78676949.25225803,78676636.7277832,-312.52447482943535,8797.862362906337,3,9.418568532913923,8789.816666867584,20975,835371440770.0,3366
2,11752898.113276929,11781353.866088867,28455.752811938524,29816.678080318496,3,-2.9807621277868748,29816.760836064816,20997,836305439600.0,3367
0,12039514.11689589,12067942.559814453,28428.44291856326,29822.55684882775,3,5.8373906360939145,29816.760836064816,20998,836305726190.0,3367
3,24732091.80608502,24759044.717651367,26952.911566346884,29816.760836064816,3,-2.8566285083070397,29816.760836064816,20999,836318417350.0,3367
2,62775987.117061615,62729057.78833008,-46929.328731536865,-39660.191681966186,1,,-39660.191681966186,21032,837357309090.0,3368
2,7091114.574563358,7058301.91809082,-32812.65647253767,-31991.54180681985,2,-1.942097700200975,-31990.57075796975,21058,838302499730.0,3369
2,19890286.382853977,19855993.59008789,-34292.79276608676,-31989.599709119648,2,1.942097700200975,-31990.57075796975,21059,838315297480.0,3369
2,16728020.216687988,16700670.116210938,-27350.10047705099,-25413.0816087313,1,,-25413.0816087313,21087,839313059600.0,3370
1,2851426.6920833373,2825449.7907714844,-25976.90131185297,-25646.72073862003,4,-3.6473545250482857,-25644.64373270981,21113,840300038030.0,3371
2,32236331.75402325,32206955.87890625,-29375.875117000192,-25643.073384094983,4,3.140697229653597,-25644.64373270981,21114,840329419670.0,3371
3,53654188.35641578,53622338.27404785,-31850.082367926836,-25637.202788367867,4,9.011292956769466,-25644.64373270981,21115,840350835150.0,3371
1,58901491.06570588,58869024.361328125,-32466.704377755523,-25646.214081324637,4,-3.140697229653597,-25644.64373270981,21116,840356081860.0,3371
3,9729507.276511453,9704780.663574219,-24726.612937234342,-23599.98594073765,2,-1.4980677794665098,-23599.236906847917,21133,841307816930.0,3372
3,76682733.50139484,76650255.54663086,-32477.95476397872,-23598.487872958183,2,1.4980677794665098,-23599.236906847917,21134,841374762710.0,3372
0,28977083.94087927,28946113.326049805,-30970.614829465747,-27615.21726207435,2,1.2105911821126938,-27615.822557665408,21164,842327928960.0,3373
0,39260329.036037,39228166.46362305,-32162.57241395116,-27616.427853256464,2,-1.2105911821126938,-27615.822557665408,21165,842338211060.0,3373
2,24306001.026034445,24269084.77368164,-36916.252352803946,-34101.742208093405,1,,-34101.742208093405,21194,843324172440.0,3374
1,32052933.126128793,32074853.665527344,21920.539398550987,25632.10451181978,2,-1.9408614709973335,25633.07494255528,21208,844332824790.0,3375
2,72232170.631318,72249440.56213379,17269.930815786123,25634.045373290777,2,1.9408614709973335,25633.07494255528,21209,844372999560.0,3375
0,26857028.401356094,26862513.338256836,5484.936900742352,8594.842919897288,4,14.805937062948942,8584.9838687554,21234,845328580060.0,3376
2,38869423.64908523,38873498.595825195,4074.946739964187,8575.82646355033,4,-14.104291126132011,8584.9838687554,21235,845340591100.0,3376
2,46521920.68465951,46525113.7220459,3193.0373863875866,8580.03698283434,4,-9.893771842122078,8584.9838687554,21236,845348242750.0,3376
0,78666096.43510032,78665577.23571777,-519.1993825435638,8589.930754676461,4,9.893771842122078,8584.9838687554,21237,845380383360.0,3376
0,23042812.430616956,23088390.775512695,45578.34489573911,48246.58428564295,3,8.271692406386137,48240.63598353416,21263,846325703410.0,3377
3,47458844.362255536,47501589.50769043,42745.14543489367,48240.63598353416,3,-0.6507607568055391,48240.63598353416,21264,846350116720.0,3377
2,64976607.64467645,65017319.67626953,40712.031593084335,48235.989202938974,3,-7.620931649580598,48240.63598353416,21265,846367632530.0,3377
3,11538027.838294793,11504187.693725586,-33840.14456920698,-32504.100175639614,4,8.060742566362023,-32509.730307906866,21304,848315991190.0,3379
3,36958863.65440396,36922071.84680176,-36791.80760220438,-32512.160918205976,4,-4.861220598220825,-32509.730307906866,21305,848341409190.0,3379
1,62693414.61509502,62653634.57019043,-39780.04490458965,-32520.469326861203,4,-13.169629253447056,-32509.730307906866,21306,848367140870.0,3379
2,71093345.83447295,71052606.2902832,-40739.54418975115,-32507.299697607756,4,4.861220598220825,-32509.730307906866,21307,848375539880.0,3379
1,20074121.643801153,20054063.194335938,-20058.449465215206,-17733.969228744507,2,-12.903318710625172,-17727.517569389194,21329,849325387650.0,3380
3,37799520.472964115,37777422.41662598,-22098.05633813888,-17721.06591003388,2,12.903318710625172,-17727.517569389194,21330,849343111090.0,3380
0,15258897.474852405,15238113.365966797,-20784.108885608613,-19017.20688909851,2,16.841085148975253,-19025.627431672998,21366,850321472240.0,3381
2,32802025.77323799,32779193.419067383,-22832.35417060554,-19034.047974247485,2,-16.841085148975253,-19025.627431672998,21367,850339013400.0,3381
3,14311239.946209516,14293896.037353516,-17343.90885600075,-15686.740736536682,4,8.36190515011549,-15692.718133561313,21395,851321396580.0,3382
2,16185477.262718964,16167907.49621582,-17569.766503144056,-15695.571323767304,4,-5.237698331475258,-15692.718133561313,21396,851323270600.0,3382
2,61092397.367525056,61069632.84790039,-22764.51962466538,-15690.33362543583,4,4.769016250967979,-15692.718133561313,21397,851368172530.0,3382
2,67466071.12934543,67442563.80200195,-23507.3273434788,-15695.102641686797,4,-4.769016250967979,-15692.718133561313,21398,851374545490.0,3382
3,36413975.33419724,36383883.51586914,-30091.818328097463,-25875.26691441238,2,9.957951240241528,-25880.2458900325,21425,852344401310.0,3383
2,64887982.67528596,64854583.75512695,-33398.92015900463,-25885.22486565262,2,-9.957951240241528,-25880.2458900325,21426,852372872140.0,3383
0,17752393.92473034,17743826.880249023,-8567.044481314719,-6511.40839619562,2,12.306040313094854,-6517.561416352168,21444,853326620770.0,3384
1,45237853.6501738,45226091.62451172,-11762.025662079453,-6523.714436508715,2,-12.306040313094854,-6517.561416352168,21445,853354103160.0,3384
3,1793829.5848327223,1829903.610961914,36074.02612919174,36281.74238654692,7,-1.898259884910658,36282.15542051196,21475,854311612200.0,3385
3,3341208.3282262394,3377106.559326172,35898.231099932455,36285.125872351695,7,3.1769688222557306,36282.15542051196,21476,854313159410.0,3385
2,7707114.268360758,7742496.663208008,35382.39484724961,36274.8391152937,7,-8.801531138131395,36282.15542051196,21477,854317524820.0,3385
0,61004499.33602585,61033733.77807617,29234.44205032289,36298.44990872592,7,16.501005196478218,36282.15542051196,21478,854370816300.0,3385
0,64388484.526059024,64417328.35668945,28843.83063042909,36299.68660225719,7,17.737698727753013,36282.15542051196,21479,854374199910.0,3385
2,65005238.03456904,65033985.54614258,28747.511573538184,36274.78443557024,7,-8.856210861587897,36282.15542051196,21480,854374816570.0,3385
1,66899981.430377096,66928516.91137695,28535.480999857187,36282.15542051196,7,-1.2787089373450726,36282.15542051196,21481,854376711110.0,3385
0,21883046.47029797,21812228.704833984,-70817.7654639855,-68283.82101866603,1,,-68283.82101866603,21510,855332507210.0,3386
2,8809377.752551306,8777722.662109375,-31655.09044193104,-30635.0097208526,2,7.622483426705003,-30638.82096256595,21530,856320301270.0,3387
3,38727363.38300116,38692236.32092285,-35127.06207831204,-30642.632204279304,2,-7.622483426705003,-30638.82096256595,21531,856350215920.0,3387
0,7360897.131148573,7353363.703857422,-7533.427291151136,-6681.073190301657,3,-6.005815714597702,-6678.732711166143,21552,857319705530.0,3388
0,35093832.40786817,35083097.32019043,-10735.08767773956,-6671.402038007975,3,8.500912725925446,-6678.732711166143,21553,857347435390.0,3388
3,79932147.4495537,79916212.98449707,-15934.465056627989,-6678.732711166143,3,-2.4950970113277435,-6678.732711166143,21554,857392268710.0,3388
0,15075265.932701483,15059442.84008789,-15823.092613592744,-14077.454206995666,3,11.146590605378151,-14086.48812699318,21588,858328304270.0,3389
3,29861243.95023369,29843695.458007812,-17548.49222587794,-14090.713468208909,3,-8.74230121448636,-14086.48812699318,21589,858343088590.0,3389
2,58395153.77135834,58374305.424194336,-20848.34716400504,-14086.48812699318,3,-2.4042893908917904,-14086.48812699318,21590,858371619330.0,3389
1,8830246.228727479,8841831.583374023,11585.354646544904,12607.85183003731,4,-15.126853553578258,12618.240917947143,21608,859322947000.0,3390
3,31784763.985059075,31793696.975708008,8932.990648932755,12613.503152303398,4,-9.475531287491322,12618.240917947143,21609,859345898970.0,3390
3,55569940.31778024,55576128.5826416,6188.264861360192,12622.978683590889,4,9.475531287491322,12618.240917947143,21610,859369681510.0,3390
2,74859094.85818443,74863070.67871094,3975.820526510477,12644.119424253702,4,30.616271950304508,12618.240917947143,21611,859388968540.0,3390
0,70933783.2652443,70904724.7409668,-29058.52427750826,-20844.756311774254,1,,-20844.756311774254,21636,860385954770.0,3391
2,49510256.42019591,49528952.61401367,18696.19381776452,24429.227351859212,1,,24429.227351859212,21687,862366379000.0,3393
2,3458492.8170781303,3526632.289794922,68139.47271679156,68539.94843094377,3,-23.557444341946393,68558.26616637409,21724,864322272570.0,3395
0,39651890.09007828,39715867.3503418,63977.2602635175,68568.74558419734,3,19.638285538414493,68558.26616637409,21725,864358461970.0,3395
3,75730913.91715391,75790702.93225098,59789.01509706676,68558.26616637409,3,3.9191588035319,68558.26616637409,21726,864394536970.0,3395
3,21783637.07623986,21752851.213745117,-30785.86249474436,-28263.42914694175,2,-3.6615288965404034,-28261.59838249348,21746,865341449610.0,3396
1,75062810.06731233,75025858.4116211,-36951.65569123626,-28259.76761804521,2,3.6615288965404034,-28261.59838249348,21747,865394722860.0,3396
2,28957454.39340819,28953826.744262695,-3627.6491454951465,-274.52457893267274,3,-16.267447110265493,-262.9522825330496,21782,866349523020.0,3397
0,57867059.26867668,57860104.998291016,-6954.270385667682,-253.5619811117649,3,15.176449621096253,-262.9522825330496,21783,866378429430.0,3397
2,63021352.01072663,63013791.509399414,-7560.501327216625,-262.9522825330496,3,1.09099748916924,-262.9522825330496,21784,866383583140.0,3397
2,46677340.69428717,46671398.38305664,-5942.311230532825,-537.3147948160768,1,,-537.3147948160768,21815,867368104370.0,3398
0,43459446.33858302,43465343.16723633,5896.828653305769,10929.20944159478,2,-2.2297885045409203,10930.32433584705,21838,868365809870.0,3399
0,73230385.7596087,73232837.49609375,2451.7364850491285,10931.43923009932,2,2.2297885045409203,10930.32433584705,21839,868395577500.0,3399
3,88953.89860669037,80429.25280761719,-8524.645799073187,-8514.345394256612,2,-7.466311469295761,-8510.612238521964,21864,869323297160.0,3400
0,3324196.31310646,3315304.5091552734,-8891.803951186594,-8506.879082787316,2,7.466311469295761,-8510.612238521964,21865,869326532050.0,3400
0,16019733.92094457,16009462.861206055,-10271.059738514945,-8416.05678727664,2,-12.590087914839387,-8409.76174331922,21884,870340129900.0,3401
0,70525474.42395768,70508904.46936035,-16569.954597324133,-8403.466699361801,2,12.590087914839387,-8409.76174331922,21885,870394629590.0,3401
0,11695183.35530586,11713362.840942383,18179.485636522993,19533.727832205594,5,-39.90155917778611,19573.119378373027,21925,871336695430.0,3402
1,25162134.73594523,25178751.469726562,16616.733781334013,19530.37981471792,5,-43.24957666546106,19573.119378373027,21926,871350160880.0,3402
0,37948453.29687549,37963633.20019531,15179.903319820762,19574.139404393733,5,20.71579910442233,19573.119378373027,21927,871362945820.0,3402
0,40107754.51256555,40122683.35986328,14928.847297728062,19573.119378373027,5,19.18576007336378,19573.119378373027,21928,871365104880.0,3402
0,61431804.89463149,61444306.18249512,12501.287863627076,19614.77551215887,5,61.35190686956048,19573.119378373027,21929,871386426600.0,3402
1,32329392.40949528,32360670.817626953,31278.408131673932,35021.98581076041,1,,35021.98581076041,21952,872358274370.0,3403
2,18606995.905108318,18654849.51599121,47853.610882893205,50008.20549026877,2,6.230221156030893,50005.09037969075,21979,873345467000.0,3404
3,24360692.163360775,24407873.295532227,47181.132171452045,50001.975269112736,2,-6.230221156030893,50005.09037969075,21980,873351220050.0,3404
0,41265873.44297929,41235434.53100586,-30438.911973431706,-25660.53566581756,3,17.183430828154087,-25675.075235798955,22003,874369012250.0,3405
2,65449028.061045535,65415774.32434082,-33253.736704714596,-25675.075235798955,3,-4.62592414394021,-25675.075235798955,22004,874393192700.0,3405
1,65722383.756348014,65689093.07873535,-33290.677612662315,-25680.36295749247,3,-12.557506684213877,-25675.075235798955,22005,874393466020.0,3405
3,19884761.411514666,19856678.49194336,-28082.919571306556,-25780.36627765745,3,3.695433208718896,-25780.36627765745,22031,875348467910.0,3406
1,31824217.87238265,31794744.08190918,-29473.7904734686,-25788.709412481636,3,-8.81926902756095,-25780.36627765745,22032,875360406030.0,3406
3,35242448.81306031,35212588.50439453,-29860.308665782213,-25779.4140092507,3,5.123835818842053,-25780.36627765745,22033,875363823890.0,3406
3,6647498.234010721,6733898.68347168,86400.44946095906,87170.1956317313,2,-3.931316640228033,87172.16129005142,22048,876336210560.0,3407
3,65874832.61516026,65954378.7746582,79546.1594979465,87174.12694837153,2,3.931316640228033,87172.16129005142,22049,876395431310.0,3407
2,67437081.46143115,67451199.73706055,14118.275629401207,21927.143476471305,1,,21927.143476471305,22067,877397924700.0,3408
0,33499518.53952825,33514226.65563965,14708.116111397743,18587.188389535993,1,,18587.188389535993,22098,878364883270.0,3409
1,3926615.694181786,3943979.544921875,17363.85074008908,17818.53268031543,2,-1.2720246226526797,17819.168692626758,22122,879336236490.0,3410
1,22267514.621458903,22282755.962280273,15241.340821370482,17819.804704938084,2,1.2720246226526797,17819.168692626758,22123,879354575350.0,3410
0,38130227.18558654,38134056.025390625,3828.839804083109,8244.1243718341,1,,8244.1243718341,22148,880371308340.0,3411
3,35675846.787771806,35678631.392944336,2784.6051725298166,6915.685089699924,2,5.460266478359699,6912.954956460744,22172,881369763450.0,3412
3,44305652.20781251,44307432.06555176,1779.8577392473817,6910.224823221564,2,-5.460266478359699,6912.954956460744,22173,881378392290.0,3412
1,12316302.651905062,12359064.012817383,42761.360912321135,44187.525534054264,4,-7.486298421397805,44194.50691019744,22198,882347319250.0,3413
2,65345137.79144952,65381772.3515625,36634.56011298299,44201.19162199646,4,7.1896340772509575,44194.50691019744,22199,882400342200.0,3413
2,66652370.39463301,66688846.39428711,36475.999654099345,44194.00198791921,4,-1.0098445564508438,44194.50691019744,22200,882401649280.0,3413
2,66954853.03230715,66991295.01586914,36441.983561992645,44195.01183247566,4,1.0098445564508438,44194.50691019744,22201,882401951730.0,3413
0,9697122.436082497,9761674.096435547,64551.660353049636,65674.53735127114,2,1.8578838389366865,65673.60840935167,22217,883345617290.0,3414
3,36266249.782565214,36327723.01647949,61473.23391427845,65672.6794674322,2,-1.8578838389366865,65673.60840935167,22218,883372183460.0,3414
3,23981751.943915498,23995661.766723633,13909.8228081353,16686.78657365963,2,2.448439162224531,16685.562354078516,22270,885361630450.0,3416
1,63793742.98661214,63803040.33679199,9297.350179851055,16684.338134497404,2,-2.448439162224531,16685.562354078516,22271,885401438010.0,3416
2,24638042.32260811,24642743.09326172,4700.770653609186,7553.729475941509,2,-7.002279814332724,7557.230615848675,22293,886363166320.0,3417
3,52202841.565145895,52204357.47583008,1515.91068418324,7560.731755755842,2,7.002279814332724,7557.230615848675,22294,886390728060.0,3417
3,50608007.626823194,50629466.92126465,21459.294441454113,27319.441930003464,1,,27319.441930003464,22316,887390043740.0,3418
2,24207703.01062612,24241361.748657227,33658.73803110793,36461.86577024683,2,-9.542077366262674,36466.636808929965,22368,889365431550.0,3420
0,25836314.631539024,25869794.326782227,33479.69524320215,36471.407847613096,2,9.542077366262674,36466.636808929965,22369,889367059990.0,3420
