arm,tof,off,u,v,n_b,res,delta_b,eventId,t_dream_ns,bunch
2,1198836.3890410592,1165273.59628582,-33562.79275523918,-33422.98581081233,3,-24.522175531601533,-33405.51637621969,17,746148770.0,3028
1,36137680.06209444,36100060.21032238,-37619.85177206248,-33405.51637621969,3,1.6819763573585078,-33405.51637621969,18,781083740.0,3028
3,58384153.54855779,58343953.443678856,-40200.10487893224,-33391.41089434177,3,22.840199174243025,-33405.51637621969,19,803327750.0,3028
2,26967158.450188987,27113429.58486557,146271.1346765831,149416.014209155,1,,149416.014209155,41,1772944300.0,3029
1,54665546.91577998,54672021.72340393,6474.807623952627,12849.84190684557,4,-10.080010168254375,12858.672414388508,65,2801616260.0,3030
3,55580461.22883429,55586836.92119026,6375.692355975509,12857.422911763191,4,-2.499005250632763,12858.672414388508,66,2802531080.0,3030
2,64942971.433531895,64948257.7795372,5286.346005305648,12859.921917013824,4,2.499005250632763,12858.672414388508,67,2811892550.0,3030
0,74248687.37427533,74252908.9358902,4221.561614871025,12880.359599649906,4,22.936687886714935,12858.672414388508,68,2821197250.0,3030
3,45440034.96346471,45465729.945978165,25694.982513457537,30994.148021750152,1,,30994.148021750152,88,3793315270.0,3031
0,39836716.155054316,39790871.353961945,-45844.801092371345,-41199.08828906715,1,,-41199.08828906715,134,5789483850.0,3033
1,75251182.25677666,75218233.51002121,-32948.746755450964,-24173.038950785995,1,,-24173.038950785995,158,6825772460.0,3034
0,27198509.351938937,27195919.78693962,-2589.5649993158877,582.2944138795137,2,17.22735793888569,573.6807349100709,180,7778599180.0,3035
3,42866001.46958196,42861567.55200577,-4433.9175761938095,565.067055940628,2,-17.22735793888569,573.6807349100709,181,7794264910.0,3035
1,10242898.212390658,10223266.741811752,-19631.470578905195,-18436.955368788913,1,,-18436.955368788913,206,8762538700.0,3036
3,35158542.99977623,35137516.09460068,-21026.905175551772,-16926.755637019873,3,-14.501444093883038,-16915.613099962473,228,9788312350.0,3037
0,68008993.69737197,67984153.67012405,-24840.027247920632,-16908.895285889506,3,12.28908260166645,-16915.613099962473,229,9821159160.0,3037
2,75120642.44026652,75094966.34276772,-25676.09749880433,-16915.613099962473,3,2.212361492216587,-16915.613099962473,230,9828270010.0,3037
0,40046023.66001413,40008256.39595413,-37767.264059998095,-33097.14205208421,2,14.66570594906807,-33104.47490505874,245,10794093330.0,3038
3,57744279.38233963,57704433.5019989,-39845.88034072518,-33111.807758033276,2,-14.66570594906807,-33104.47490505874,246,10811789600.0,3038
3,26402990.578782655,26401682.078777313,-1308.5000053420663,1770.5869078449905,3,-5.781316138803959,1770.5869078449905,266,11781323170.0,3039
0,31992048.04318252,31990102.743034363,-1945.3001481555402,1785.576328203082,3,16.70281439833343,1770.5869078449905,267,11786911620.0,3039
1,34903200.67485078,34900897.46316528,-2303.2116854935884,1767.1601197645068,3,-10.921498259529471,1770.5869078449905,268,11789822430.0,3039
1,16135971.065064669,16146831.733066559,10860.668001890182,12742.42670607008,2,-13.468004515394568,12749.160708327778,294,12771987440.0,3040
2,54264914.02125203,54271341.60303497,6427.5817829445,12755.894710585475,2,13.468004515394568,12749.160708327778,295,12810112150.0,3040
1,35090260.972855285,35033380.5232811,-56880.4495741874,-52788.2630084455,1,,-52788.2630084455,316,13791772270.0,3041
2,57802530.84901693,57764439.347213745,-38091.501803182065,-31350.636000297964,2,32.33560540527105,-31366.8038030006,346,14815360670.0,3042
3,79986243.78716187,79945532.91022873,-40710.87693314254,-31382.971605703235,2,-32.33560540527105,-31366.8038030006,347,14837541880.0,3042
2,45655135.382040195,45678269.017951965,23133.635911770165,28457.886187709868,1,,28457.886187709868,376,15804116810.0,3043
1,30308792.84710295,30311427.281261444,2634.4341584928334,6169.01131677255,3,-6.610774762928486,6173.902654752135,409,16789712070.0,3044
3,32366623.6976781,32369026.480140686,2402.7824625857174,6177.341528318822,3,5.884542556479573,6173.902654752135,410,16791769680.0,3044
2,36033045.46633473,36035017.235961914,1971.7696271836758,6173.902654752135,3,0.7262322064489126,6173.902654752135,411,16795435690.0,3044
1,25687892.95130565,25693857.410518646,5964.459212996066,8960.152249272913,3,-25.46956865862012,8984.397678896785,436,17786000850.0,3045
0,35584950.94210359,35589785.46303177,4834.520928181708,8984.397678896785,3,10.898575777187943,8984.397678896785,437,17795896830.0,3045
3,79925736.73164457,79925402.72853851,-334.0031060576439,8986.845956966281,3,14.570992881432176,8984.397678896785,438,17840232680.0,3045
1,17687037.8221073,17661913.312610626,-25124.50949667394,-23061.867140740156,2,-18.536841854453087,-23052.59871981293,452,18778903910.0,3046
2,77930458.60107712,77898327.10879517,-32131.49228195846,-23043.330298885703,2,18.536841854453087,-23052.59871981293,453,18839140640.0,3046
3,25176234.759013895,25155434.03950882,-20800.719505075365,-17864.695468764752,1,,-17864.695468764752,473,19787270820.0,3047
1,37529368.63213594,37508915.081272125,-20453.550863817334,-16076.918320216238,1,,-16076.918320216238,501,20800530740.0,3048
0,22243571.27136579,22259656.994766235,16085.723400443792,18679.743536151946,3,12.512093845754862,18668.836228832603,522,21786192640.0,3049
3,32043036.7557895,32057965.5597229,14928.80393340066,18665.62665577978,3,-8.663226712495089,18668.836228832603,523,21795991000.0,3049
0,74184856.88500094,74194874.3670845,10017.482083559036,18668.836228832603,3,-3.8488671332597733,18668.836228832603,524,21838128130.0,3049
1,16019447.278482191,15960045.472675323,-59401.80580686778,-57533.63597495109,2,28.715313382446766,-57547.99363164231,571,23781776400.0,3051
1,67418630.3261978,67353205.69045639,-65424.63574141264,-57562.351288333535,2,-28.715313382446766,-57547.99363164231,572,23833169830.0,3051
2,14707994.854313396,14680086.549201965,-27908.305111430585,-26193.07537864521,3,-28.415165293961763,-26170.6575152874,596,24781313720.0,3052
3,66570288.34524216,66536354.33595657,-33934.00928558409,-26170.6575152874,3,5.211629742756486,-26170.6575152874,597,24833170260.0,3052
0,78404844.36628513,78369542.21905899,-35302.1472261399,-26158.6629114151,3,23.203535551205277,-26170.6575152874,598,24845003510.0,3052
3,68415085.72813754,68396084.5897255,-19001.138412043452,-11022.648456454277,1,,-11022.648456454277,621,25835912310.0,3053
1,3807106.471588191,3797853.7026138306,-9252.768974360544,-8808.788521509618,1,,-8808.788521509618,673,27773082200.0,3055
1,11564221.970182087,11537971.098747253,-26250.871434833854,-24902.26494181715,2,41.46568333543837,-24922.99778348487,699,28781702620.0,3056
1,78810472.65787551,78776338.13902283,-34134.51885268092,-24943.730625152588,2,-41.46568333543837,-24922.99778348487,700,28848941340.0,3056
3,60517153.92915803,60517345.94582367,192.01666563749313,7249.458743296564,1,,7249.458743296564,726,29831575570.0,3057
2,23342.67880393887,37414.70652770996,14072.02772377109,14074.749920584723,3,-12.727596442684444,14085.426101274788,797,32773888940.0,3060
3,64186487.85858249,64193087.92903137,6600.070448882878,14085.426101274788,3,3.2866745924129646,14085.426101274788,798,32838044950.0,3060
2,75827340.19864005,75832586.82888031,5246.630240261555,14089.528932780027,3,9.44092185027148,14085.426101274788,799,32849684510.0,3060
1,39174515.754841365,39145571.551597595,-28944.203243769705,-24375.715502530336,1,,-24375.715502530336,867,35815627080.0,3063
1,8021986.119478334,8007319.002807617,-14667.116670716554,-13731.601718175225,3,32.49149079900235,-13747.632382180542,888,36785375070.0,3064
1,27921638.3765221,27904634.554237366,-17003.82228473574,-13747.632382180542,3,8.445494791027158,-13747.632382180542,889,36805272490.0,3064
1,74151379.9093769,74128951.90524292,-22428.004133984447,-13780.554035767913,3,-40.93698559002951,-13747.632382180542,890,36851497050.0,3064
1,44126961.632591754,44092953.603897095,-34008.02869465947,-28861.992313809693,3,25.407517660409212,-28879.12855923921,918,37822340900.0,3065
0,66764729.93949593,66728064.78360748,-36665.155888445675,-28879.12855923921,3,-0.2968504838645458,-28879.12855923921,919,37844976130.0,3065
0,71280769.43390106,71243561.0800476,-37208.353853449225,-28895.671103700995,3,-25.110667176544666,-28879.12855923921,920,37849491650.0,3065
3,15862278.141608018,15871087.653312683,8809.511704664677,10659.352649517357,1,,10659.352649517357,982,40796793720.0,3068
3,42744533.97741879,42703310.869392395,-41223.10802639276,-36238.28879588097,2,3.327650912106037,-36239.952621337026,1005,41824498410.0,3069
1,75705298.14874598,75660227.86601257,-45070.2827334106,-36241.61644679308,2,-3.327650912106037,-36239.952621337026,1006,41857455500.0,3069
3,34350259.162867524,34305326.93888855,-44932.223978973925,-40926.335587754846,6,-6.492280162870884,-40920.30291622877,1025,42816988580.0,3070
2,40379615.079754695,40333985.29216766,-45629.78758703172,-40920.76252486557,6,-0.9192172735929489,-40920.30291622877,1026,42823017270.0,3070
1,42387936.85760987,42342064.75099945,-45872.106610417366,-40928.87333288789,6,-9.03002529591322,-40920.30291622877,1027,42825025360.0,3070
3,43009817.0864013,42963881.486846924,-45935.599554374814,-40919.843307591975,6,0.9192172735929489,-40920.30291622877,1028,42825647180.0,3070
0,49443377.53217602,49396707.71849823,-46669.81367778778,-40903.78288484365,6,16.979640021920204,-40920.30291622877,1029,42832080040.0,3070
3,69762171.14316341,69713131.06987762,-49040.0732857883,-40904.487751960754,6,16.27477290481329,-40920.30291622877,1030,42852396570.0,3070
1,55415848.900723286,55391662.47454071,-24186.426182575524,-17723.89253040403,1,,-17723.89253040403,1054,43838917400.0,3071
2,33160387.705171756,33111483.28526306,-48904.41990869492,-45037.29298174381,2,-16.08780038356781,-45029.24908155203,1080,44817550390.0,3072
1,70463146.02928267,70409907.4916687,-53238.53761397302,-45021.205181360245,2,16.08780038356781,-45029.24908155203,1081,44854849010.0,3072
2,30973074.235701397,30993398.6673584,20324.431657001376,23936.476559862494,4,-10.197021637111902,23943.132935086265,1107,45816267500.0,3073
0,32362248.751129776,32382421.375846863,20172.624717086554,23946.673581499606,4,7.081292826682329,23943.132935086265,1108,45817656530.0,3073
0,63424708.30890767,63441268.33616638,16560.027258709073,23956.54504119605,4,16.952752523124218,23943.132935086265,1109,45848715540.0,3073
1,69130980.76989046,69146858.38535309,15877.615462630987,23939.592288672924,4,-7.081292826682329,23943.132935086265,1110,45854421160.0,3073
1,8537688.31496615,8527745.89138794,-9942.423578210175,-8946.768018623814,5,-15.595271399244666,-8932.877289198339,1152,47795707150.0,3075
1,33017634.313731305,33004847.401786804,-12786.911944501102,-8936.432756680995,5,-5.260009456425905,-8932.877289198339,1153,47820184380.0,3075
2,36153076.54366329,36139930.94454193,-13145.59912136197,-8929.4682052508,5,5.18681768886745,-8932.877289198339,1154,47823319480.0,3075
3,56325325.766434416,56309835.06505585,-15490.701378569007,-8922.105562463403,5,12.549460476264358,-8932.877289198339,1155,47843489490.0,3075
1,57056958.02017671,57041371.22494507,-15586.795231640339,-8932.877289198339,5,0.07319176755845547,-8932.877289198339,1156,47844221030.0,3075
3,7400037.739342338,7383875.675682068,-16162.063660270534,-15299.079624718986,5,-2.7617288632318377,-15296.497007578611,1181,48795490640.0,3076
0,45301880.656054735,45281306.7376709,-20573.918383836746,-15290.864274695516,5,6.92404145328328,-15296.497007578611,1182,48833388270.0,3076
3,49795366.3705528,49774263.1524353,-21103.21811749786,-15296.138784132898,5,1.649532015901059,-15296.497007578611,1183,48837881250.0,3076
3,67801992.12852746,67778788.6398468,-23203.488680660725,-15296.497007578611,5,1.1121968473307788,-15296.497007578611,1184,48855885870.0,3076
1,69530387.61766705,69506969.56796265,-23418.049704402685,-15309.494503289461,5,-13.176607433706522,-15296.497007578611,1185,48857614060.0,3076
1,16936189.27387505,16965759.351272583,29570.07739753276,31545.156644593924,4,-14.826284278184175,31556.945548132062,1208,49805962820.0,3077
3,41436409.11428468,41463130.75526428,26721.640979602933,31553.908167392015,4,-6.074761480093002,31556.945548132062,1209,49830460320.0,3077
2,63599259.14673473,63623404.42757416,24145.280839428306,31562.154543295503,4,8.246375903487206,31556.945548132062,1210,49852620710.0,3077
1,74106671.52994764,74129589.27661896,22917.746671319008,31559.98292887211,4,6.074761480093002,31556.945548132062,1211,49863126950.0,3077
3,39657548.68841373,39572628.276153564,-84920.4122601673,-80295.59376427531,1,,-80295.59376427531,1237,50829531990.0,3078
0,75384942.49443495,75347328.93814087,-37613.556294083595,-28822.24952171743,1,,-28822.24952171743,1254,51866105220.0,3079
1,5701027.142922286,5684774.803565979,-16252.33935630694,-15587.49201580882,4,-4.7175932712852955,-15584.741885157302,1305,53798178760.0,3081
1,22341429.603571396,22323237.46195984,-18192.141611557454,-15586.709347777069,4,-3.934925239533186,-15584.741885157302,1306,53814817310.0,3081
1,26286255.004227087,26267606.756462097,-18648.247764989734,-15582.774422537535,4,3.934925239533186,-15584.741885157302,1307,53818761700.0,3081
3,71168887.77700251,71145031.1778183,-23856.59918421507,-15556.963946819305,4,29.745400957763195,-15584.741885157302,1308,53863639360.0,3081
2,28706984.810463324,28658754.032485962,-48230.777977362275,-44883.001861501485,3,-11.035555019974709,-44877.27206309885,1336,54822071010.0,3082
3,64458580.73951779,64406186.38063812,-52394.3588796705,-44877.27206309885,3,-2.4408574160188437,-44877.27206309885,1337,54857818630.0,3082
2,76943100.5301924,76889260.85224152,-53839.67795088887,-44866.66054986417,3,13.476412435993552,-44877.27206309885,1338,54870301770.0,3082
1,61618289.90350444,61585033.31237793,-33256.59112650901,-26070.73581633717,1,,-26070.73581633717,1381,56856744930.0,3084
3,33671300.10166983,33688929.85988617,17629.75821633637,21556.46716938913,2,-21.993658490478992,21567.46399863437,1406,57829713070.0,3085
0,62197855.11323792,62212180.13051605,14325.017278134823,21578.460827879608,2,21.993658490478992,21567.46399863437,1407,57858236470.0,3085
3,15820356.215167746,15771025.520065308,-49330.69510243833,-47485.74304525554,1,,-47485.74304525554,1429,58812756230.0,3086
3,36196217.97340588,36124408.756858826,-71809.21654705703,-67588.05452618003,3,-4.401994522660971,-67586.54311911762,1468,60834865380.0,3088
3,46819573.80501184,46746532.997299194,-73040.80771264434,-67580.76194419712,3,6.536878451704979,-67586.54311911762,1469,60845487560.0,3088
1,77100181.94063143,77023604.06145477,-76577.87917666137,-67586.54311911762,3,-2.1348839290440083,-67586.54311911762,1470,60875764790.0,3088
2,6630786.5155824665,6700697.308586121,69910.79300365411,70684.0678311158,3,61259.166883403435,70684.0678311158,1488,61806308720.0,3089
3,26627380.45644152,26694972.3510437,67591.89460217953,70697.14960923046,3,61278.78955057543,70684.0678311158,1489,61826303100.0,3089
1,47666318.70574176,47608912.565826416,-57406.1399153471,-51847.347713805735,3,-122537.95643397886,70684.0678311158,1490,61847217150.0,3089
1,15463425.899612863,15434834.406295776,-28591.49331708625,-26788.166069800034,1,,-26788.166069800034,1518,62816128990.0,3090
1,7167472.185516605,7131143.791320801,-36328.39419580437,-35492.53169222828,2,5.787264057435095,-35495.425324257,1542,63808749550.0,3091
1,17598739.704139844,17561189.04005432,-37550.664085522294,-35498.318956285715,2,-5.787264057435095,-35495.425324257,1543,63819179650.0,3091
0,899549.7974619691,910114.4009094238,10564.603447454749,10669.507927909726,4,2.8111092078033835,10668.102373305825,1570,64803422830.0,3092
1,38190817.45001917,38197028.66773987,6211.21772069484,10664.987677678466,4,-4.520250231260434,10668.102373305825,1571,64840709940.0,3092
0,53774722.86633158,53779136.87133789,4414.005006313324,10685.152395620942,4,18.455576919019222,10668.102373305825,1572,64856292130.0,3092
1,58845076.00775331,58848880.2583313,3804.2505779862404,10666.696818701923,4,-2.8111092078033835,10668.102373305825,1573,64861361900.0,3092
3,20948207.9654722,21002992.705444336,54784.739972136915,57227.696303494275,2,-2.2900821045041084,57228.84134454653,1598,65824443180.0,3093
0,23911175.661392294,23965617.153503418,54441.4921111241,57229.98638559878,2,2.2900821045041084,57228.84134454653,1599,65827405820.0,3093
2,11428057.862166045,11505937.830810547,77879.96864450164,79212.69583317265,5,-20.03255189023912,79226.63739394769,1615,66815970210.0,3094
3,31467375.70138912,31542932.649002075,75556.94761295617,79226.63739394769,5,-5.288182467222214,79226.63739394769,1616,66836007310.0,3094
2,34872166.498919,34947324.77806091,75158.27914191037,79225.03177665174,5,-7.6966084111481905,79226.63739394769,1617,66839411720.0,3094
3,47089373.342819326,47163120.65270996,73747.30989063531,79238.81937617809,5,12.984790878370404,79226.63739394769,1618,66851627580.0,3094
0,77836729.74251539,77906909.26689148,70179.52437609434,79256.75580562651,5,30.921220326796174,79226.63739394769,1619,66882371530.0,3094
2,4748946.370342457,4785224.208740234,36277.83839777764,36831.65515488759,3,-8.42877403832972,36834.8830816187,1640,67810306620.0,3095
1,18862444.96417547,18897080.130249023,34635.166073553264,36834.8830816187,3,-3.586883941665292,36834.8830816187,1641,67824418550.0,3095
2,53195968.29041749,53226609.92150879,30641.631091296673,36845.28477623314,3,12.015657979995012,36834.8830816187,1642,67858748260.0,3095
2,10209288.806504326,10145159.395187378,-64129.41131694801,-62938.81559775211,1,,-62938.81559775211,1672,68816680990.0,3096
2,47297463.82867837,47253764.64109802,-43699.18758034706,-38183.410817585886,2,12.060292705893517,-38189.44096393883,1694,69854666980.0,3097
2,60588266.08703627,60543004.88082886,-45261.2062074095,-38195.47111029178,2,-12.060292705893517,-38189.44096393883,1695,69867956290.0,3097
1,32015289.883520126,31932518.171936035,-82771.71158409119,-79038.12467058748,1,,-79038.12467058748,1738,71841287170.0,3099
0,36997426.42178664,36942479.805633545,-54946.61615309864,-50632.0181087181,4,26.51335298269987,-50654.43910879642,1764,72847195340.0,3100
1,64403684.936724484,64345505.95674133,-58178.97998315096,-50668.29505304247,4,-17.948297150433064,-50654.43910879642,1765,72874598510.0,3100
2,69129741.51447824,69071021.15071106,-58720.36376717687,-50658.5314617008,4,-8.184705808758736,-50654.43910879642,1766,72879324050.0,3100
0,75210370.53000641,75150949.23486328,-59421.29514312744,-50650.34675589204,4,8.184705808758736,-50654.43910879642,1767,72885404010.0,3100
1,12338930.899858754,12349470.76802063,10539.868161875755,11978.820334475487,2,-24.156617667526007,11990.89864330925,1790,73823513440.0,3101
0,28730742.300814487,28739394.7310791,8652.430264614522,12002.976952143013,2,24.156617667526007,11990.89864330925,1791,73839903450.0,3101
2,45442762.30226186,45391700.78739929,-51061.514862567186,-45762.031295105815,2,2.293419733643532,-45763.17800497264,1816,74857542090.0,3102
1,51314378.51820135,51262629.968673706,-51748.54952764511,-45764.32471483946,2,-2.293419733643532,-45763.17800497264,1817,74863413050.0,3102
0,11586979.253100485,11666607.765518188,79628.51241770387,80979.77283932641,3,13.607443140819669,80972.21069737151,1842,75824713210.0,3103
2,25554742.406484,25632734.45201111,77992.04552710801,80972.21069737151,3,2.2642302084714174,80972.21069737151,1843,75838679410.0,3103
1,75872858.43086118,75944970.34397888,72111.91311770678,80960.12009499967,3,-15.871673349291086,80972.21069737151,1844,75888991910.0,3103
1,4515542.186824597,4565728.269439697,50186.08261509985,50712.6800401872,3,-42.704397291876376,50736.8940345943,1864,76818644620.0,3104
3,37341993.857960895,37388375.97088623,46382.112925335765,50736.8940345943,3,-6.383405681233853,50736.8940345943,1865,76851467440.0,3104
3,77798702.54473361,77840403.62283325,41701.078099638224,50773.87484036386,3,49.08780297311023,50736.8940345943,1866,76891919680.0,3104
1,13859093.19634776,13910016.458526611,50923.26217885129,52539.493959952146,2,-9.431194920092821,52544.20955741219,1896,77829018980.0,3105
2,33471678.02066781,33520323.516571045,48645.49590323493,52548.92515487224,2,9.431194920092821,52544.20955741219,1897,77848629390.0,3105
3,35638753.69852324,35733717.4045105,94963.70598725975,99119.85715460777,2,14.492542393505573,99112.61088341102,1919,78851822130.0,3106
3,54801832.3851648,54894546.82203674,92714.43687194586,99105.36461221427,2,-14.492542393505573,99112.61088341102,1920,78870983060.0,3106
1,22100222.13269187,22054520.162338257,-45701.97035361454,-43124.667432405055,4,-22.882064558565617,-43104.11886737123,1954,79839228180.0,3107
0,29386560.730782263,29340031.917922974,-46528.81285928935,-43101.78536784649,4,4.66699904948473,-43104.11886737123,1955,79846513730.0,3107
3,46490940.31430616,46442412.14103699,-48528.17326917499,-43106.452366895974,4,-4.66699904948473,-43104.11886737123,1956,79863616200.0,3107
0,71333183.93364038,71281791.74969482,-51392.183945551515,-43073.38867610693,4,33.0636907890439,-43104.11886737123,1957,79888455710.0,3107
1,43408535.40720263,43430417.632385254,21882.22518262267,26944.47950923443,2,-28.105504482984543,26958.53226147592,1985,80861550500.0,3108
3,69783204.65114743,69802039.19772339,18834.546575963497,26972.585013717413,2,28.105504482984543,26958.53226147592,1986,80887922260.0,3108
2,65668002.89591476,65645610.508499146,-22392.387415617704,-14734.25915440172,1,,-14734.25915440172,2011,81884747960.0,3109
2,2654276.560728868,2701803.097869873,47526.53714100504,47836.07587290509,4,-15.570427172351629,47849.87095321715,2038,82822656180.0,3110
2,17315237.33364043,17361066.145843506,45828.81220307574,47848.09560635686,4,-3.5506937205791473,47849.87095321715,2039,82837315520.0,3110
3,54148465.9033369,54190002.8167572,41536.913420304656,47851.64630007744,4,3.5506937205791473,47849.87095321715,2040,82874144650.0,3110
2,62592999.02276918,62633558.49333191,40559.47056272626,47858.995348490775,4,10.899742133915424,47849.87095321715,2041,82882588250.0,3110
2,16096805.119894624,16115654.043884277,18848.923989653587,20726.115205584094,5,-11.405021766200662,20736.36211705208,2068,83837077340.0,3111
3,20226777.14697548,20245152.36657715,18375.219601668417,20734.043486539274,5,-3.476740811020136,20736.36211705208,2069,83841206860.0,3111
3,34796015.08961718,34812695.89601135,16680.806394174695,20738.67833764851,5,3.4755358528345823,20736.36211705208,2070,83855774480.0,3111
2,36817222.50792102,36833665.28717041,16442.77924939245,20736.36211705208,5,0.0012049581855535507,20736.36211705208,2071,83857795460.0,3111
3,51230317.00492306,51245089.636138916,14772.63121585548,20747.05287001282,5,11.850068217143416,20736.36211705208,2072,83872206960.0,3111
3,7189352.130756865,7139810.942520142,-49541.188236723654,-48702.77411866933,4,-32.56731020659208,-48674.45228265971,2093,84829028560.0,3112
0,37045933.18473706,36992934.23213196,-52998.952605098486,-48678.69775685668,4,-8.490948393940926,-48674.45228265971,2094,84858881840.0,3112
0,52883087.87795032,52828251.106552124,-54836.771398194134,-48669.6054732576,4,9.092283599078655,-48674.45228265971,2095,84874717240.0,3112
0,59650112.12346361,59594485.588012695,-55626.53545091301,-48670.20680846274,4,8.490948393940926,-48674.45228265971,2096,84881483510.0,3112
3,71497653.90566865,71470085.18000793,-27568.725660711527,-19230.75008904934,1,,-19230.75008904934,2115,85894257610.0,3113
2,38595637.60897271,38546893.99700928,-48743.61196343601,-44242.63233715296,2,-9.206210762262344,-44238.02923177183,2133,86862221420.0,3114
3,68127587.3789806,68075408.9906311,-52178.38834950328,-44233.426126390696,2,9.206210762262344,-44238.02923177183,2134,86891750090.0,3114
0,53930365.79380478,53887305.54873657,-43060.24506820738,-36770.946776650846,3,23.769679117947817,-36792.381902098656,2153,87878432190.0,3115
1,60845942.086600676,60802049.25061035,-43892.83599032462,-36797.05100943893,3,-15.38667006418109,-36792.381902098656,2154,87885346970.0,3115
2,72729060.84161901,72683786.87886047,-45273.96275854111,-36792.381902098656,3,-8.383009053766727,-36792.381902098656,2155,87897228770.0,3115
2,30015615.747882426,30009314.7469635,-6301.0009189248085,-2800.6137425228953,4,21.906238451600075,-2814.0563979186118,2180,88855467360.0,3116
0,47774128.4943542,47765751.53668213,-8376.957672074437,-2805.592814862728,4,16.927166111767292,-2814.0563979186118,2181,88873223890.0,3116
2,52360006.15127428,52351077.46656799,-8928.684706285596,-2822.5199809744954,4,-16.927166111767292,-2814.0563979186118,2182,88877809240.0,3116
1,74732357.32280439,74720800.0393982,-11557.283406198025,-2842.0803788006306,4,-36.48756393790245,-2814.0563979186118,2183,88900179080.0,3116
2,32330304.08053203,32368027.82107544,37723.74054341018,41494.06405644864,3,53.89106450974941,41457.15647804737,2225,90859700530.0,3118
2,50677164.27998832,50712711.522857666,35547.242869347334,41457.15647804737,3,-1.4703030921518803,41457.15647804737,2226,90878045310.0,3118
1,69663612.76984614,69696911.86758423,33299.09773808718,41423.18950583041,3,-52.42076141759753,41457.15647804737,2227,90897029610.0,3118
1,41122824.61136551,41161218.2204895,38393.60912398994,43189.30644154549,2,-6.010901428759098,43192.311892259866,2269,92870539220.0,3120
2,43648069.83725202,43686174.966033936,38105.12878191471,43195.317342974246,2,6.010901428759098,43192.311892259866,2270,92873064190.0,3120
3,66435069.20862803,66392971.15536499,-42098.0532630384,-34350.47059559077,1,,-34350.47059559077,2298,93896773480.0,3121
2,17860773.906515114,17788531.738220215,-72242.16829489917,-70159.26503320783,6,33.609559051692486,-70178.39710369706,2319,94849160920.0,3122
2,21849122.74394604,21776410.804336548,-72711.93960949033,-70163.9196151346,6,28.954977124929428,-70178.39710369706,2320,94853148820.0,3122
0,24126856.631984286,24053898.84893799,-72957.78304629773,-70144.13630085811,6,48.73829140141606,-70178.39710369706,2321,94855426320.0,3122
2,36571191.297347076,36496733.5317688,-74457.76557827741,-70192.87459225953,6,-28.954977124929428,-70178.39710369706,2322,94867869220.0,3122
3,55546444.109178334,55469743.93522644,-76700.17395189404,-70222.41043414176,6,-58.49081900715828,-70178.39710369706,2323,94886842330.0,3122
0,60856422.54867312,60779106.06437683,-77316.48429629207,-70219.47709576786,6,-55.55748063325882,-70178.39710369706,2324,94892151720.0,3122
0,16872845.464334544,16930748.03149414,57902.56715959683,59870.25932319835,1,,59870.25932319835,2355,95849228450.0,3123
3,1740648.9647144761,1785212.6090545654,44563.64434008929,44766.63685458177,1,,44766.63685458177,2412,97836030240.0,3125
3,31603905.99240936,31622529.257385254,18623.264975894243,22308.87676507607,4,-12.855631452053785,22321.485740058124,2439,98866891080.0,3126
0,32327413.713838305,32345965.45979309,18551.745954785496,22321.732396528125,4,0.49331294000148773,22321.485740058124,2440,98867614520.0,3126
0,36102804.67283002,36120915.64364624,18110.970816217363,22321.239083588123,4,-0.49331294000148773,22321.485740058124,2441,98871389490.0,3126
3,72371078.67602819,72384965.27987671,13886.603848516941,22326.43722949922,4,5.1981459110975266,22321.485740058124,2442,98907653730.0,3126
1,54578306.394779265,54488540.87434387,-89765.52043539286,-83400.66004343331,3,-12.51405330747366,-83398.51886379719,2468,99890709410.0,3127
0,55146586.79717548,55056777.891448975,-89808.9057265073,-83377.77311645448,3,21.816337160766125,-83398.51886379719,2469,99891277650.0,3127
1,78449372.77667409,78356825.5806427,-92547.19603139162,-83398.51886379719,3,-9.302283853292465,-83398.51886379719,2470,99914577820.0,3127
3,13687829.775173955,13594329.592041016,-93500.18313293904,-91903.92389840446,4,-33.91233151219785,-91880.8405983001,2491,100850691150.0,3128
2,48089298.81595063,47991799.026657104,-97499.7892935276,-91891.66962970793,4,-21.6580628156662,-91880.8405983001,2492,100885088800.0,3128
3,63351946.960446045,63252688.91644287,-99258.04400317371,-91870.01156689227,4,21.6580628156662,-91880.8405983001,2493,100900349770.0,3128
3,74758012.3037678,74657429.04864502,-100583.2551227808,-91865.06024050713,4,26.609389200806618,-91880.8405983001,2494,100911754570.0,3128
2,21999983.48114065,21927055.28479004,-72928.19635061175,-70362.5831476301,5,-27.137605883181095,-70341.01796287298,2539,102860902460.0,3130
3,44387811.016613364,44312287.77619934,-75523.2404140234,-70346.78407289088,5,-11.338531143963337,-70341.01796287298,2540,102883287810.0,3130
0,52179331.848046705,52102916.880233765,-76414.96781294048,-70329.87312062085,5,14.027897261083126,-70341.01796287298,2541,102891078480.0,3130
3,52554364.76038892,52477894.91181946,-76469.84856946021,-70341.01796287298,5,-2.689366117119789,-70341.01796287298,2542,102891453460.0,3130
0,69547834.19758543,69469405.7169342,-78428.48065122962,-70317.89084969461,5,26.010168187320232,-70341.01796287298,2543,102908445060.0,3130
1,27450466.84364284,27594395.597991943,143928.75434910506,147129.99676014856,2,-24.25112296268344,147142.1223216299,2572,103867443180.0,3131
0,40922923.02121597,41065304.88407898,142381.86286301166,147154.24788311124,2,24.25112296268344,147142.1223216299,2573,103880914160.0,3131
3,71884576.8907187,71924691.46972656,40114.579007864,48497.677100628614,1,,48497.677100628614,2592,104912929940.0,3132
2,3693157.5398544585,3714655.016845703,21497.47699124459,21928.168848493602,4,-10.033394976053387,21937.419229838997,2611,105845702720.0,3133
1,35826616.212966084,35844376.35572815,17760.142762064934,21938.202243469656,4,1.5660272613167763,21937.419229838997,2612,105877832610.0,3133
3,40701592.29944516,40718790.768081665,17198.468636505306,21945.042318046093,4,8.40610183775425,21937.419229838997,2613,105882707050.0,3133
1,60891769.287651986,60906604.79457092,14835.506918936968,21936.63621620834,4,-1.5660272613167763,21937.419229838997,2614,105902894970.0,3133
3,41755543.30533455,41799865.77090454,44322.46556998789,49191.94982635975,2,12.90225575119257,49185.49869848415,2658,107885810800.0,3135
3,48572075.36553288,48615589.99258423,43514.627051346004,49179.047570608556,2,-12.90225575119257,49185.49869848415,2659,107892626560.0,3135
0,10372897.723379329,10341068.171051025,-31829.552328303456,-30619.876722179353,2,1.6416341289877892,-30620.697539243847,2688,108855378020.0,3136
1,79819573.64839116,79779643.66159058,-39929.98680058122,-30621.51835630834,2,-1.6416341289877892,-30620.697539243847,2689,108924816960.0,3136
0,27385775.794783656,27420902.198120117,35126.40333646163,38320.10155051947,2,11.409651890397072,38314.39672457427,2709,109873403230.0,3137
3,51361297.3607835,51393616.35624695,32318.995463445783,38308.69189862907,2,-11.409651890397072,38314.39672457427,2710,109897376070.0,3137
3,41869733.29710792,41899027.4526062,29294.15549828112,34176.95646240562,2,7.877544604241848,34173.0176901035,2761,111889794020.0,3139
3,43241063.89992325,43270190.254852295,29126.354929044843,34169.07891780138,2,-7.877544604241848,34173.0176901035,2762,111891165190.0,3139
2,22381451.90185961,22349137.41227722,-32314.489582389593,-29704.389963425696,3,-26.878734078258276,-29692.513370461762,2786,112871256130.0,3140
2,33035296.544968247,33001751.492660522,-33545.05230772495,-29692.513370461762,3,-9.063844632357359,-29692.513370461762,2787,112881908800.0,3140
0,71186315.42339164,71148351.24667358,-37964.1767180562,-29662.509088233113,3,35.942578710615635,-29692.513370461762,2788,112920055600.0,3140
1,68498.60043780136,115221.91160583496,46723.3111680336,46731.29939738021,3,-19.037770310766064,46743.0987140378,2807,113849948440.0,3141
3,6206510.392061096,6252529.694549561,46019.30248846486,46743.0987140378,3,-1.338795324380044,46743.0987140378,2808,113856085780.0,3141
2,34592197.23190382,34634920.704589844,42723.47268602252,46757.57562134415,3,20.376565635146108,46743.0987140378,2809,113884468320.0,3141
2,27255518.078489438,27271822.994873047,16304.916383609176,19483.424090046436,3,0.05590488389134407,19483.424090046436,2840,114878059430.0,3142
2,48738466.827776566,48752260.23590088,13793.408124312758,19477.233027800918,3,-9.23068848438561,19483.424090046436,2841,114899539980.0,3142
2,63297075.951174125,63309183.82107544,12107.869901314378,19489.50334252417,3,9.174783600494266,19483.424090046436,2842,114914096980.0,3142
1,61212305.31115353,61193949.188583374,-18356.12257015705,-11217.61272418499,1,,-11217.61272418499,2860,115913197870.0,3143
2,16346184.84377779,16320578.552505493,-25606.2912722975,-23700.01767488569,1,,-23700.01767488569,2878,116869246510.0,3144
0,22533926.45769854,22509959.821609497,-23966.63608904183,-21338.755059745163,3,-9.710352681577206,-21338.755059745163,2901,117876367130.0,3145
1,40918736.46264949,40892623.324035645,-26113.138613842428,-21341.24182546884,3,-13.44050126709044,-21338.755059745163,2902,117894749890.0,3145
3,69063386.54083425,69034015.59918213,-29370.94165211916,-21316.847588658333,3,23.150853948667645,-21338.755059745163,2903,117922891430.0,3145
3,6916516.489928495,6881962.704696655,-34553.785231839865,-33747.18889778294,2,-15.85702827759087,-33739.26038364414,2964,119862729720.0,3147
1,51790508.25384158,51750737.171447754,-39771.082393825054,-33731.331869505346,2,15.85702827759087,-33739.26038364414,2965,119907598730.0,3147
3,54248674.45182955,54266995.753097534,18321.30126798153,24647.720355398953,2,-2.6960748210549355,24649.06839280948,2989,120911040320.0,3148
1,64590943.57530847,64608061.46891785,17117.89360937476,24650.416430220008,2,2.6960748210549355,24649.06839280948,2990,120921381440.0,3148
0,3972701.6247341875,4027573.070449829,54871.4457156416,55334.737688049674,1,,55334.737688049674,3013,121861763840.0,3149
3,39700952.29062303,39745066.59625244,44114.30562940985,48744.18580432236,3,-3.3382513374090195,48744.18580432236,3055,123899438910.0,3151
1,52788935.66739838,52831517.90049744,42582.23309905827,48738.41909964383,3,-11.988308355212212,48744.18580432236,3056,123912525430.0,3151
2,70969582.23785007,71010062.47441101,40480.23656094074,48756.629011675715,3,15.326559692621231,48744.18580432236,3057,123930704070.0,3151
0,27782931.909088075,27707115.053024292,-75816.85606378317,-72576.84195265546,2,20.807941678911448,-72587.24592349492,3083,124888426310.0,3152
1,34045410.169971436,33968842.18283081,-76567.98714062572,-72597.64989433438,2,-20.807941678911448,-72587.24592349492,3084,124894688070.0,3152
3,8398712.801792387,8337232.450820923,-61480.35097146407,-60500.90257911384,2,-25.928857438266277,-60487.93815039471,3125,126870880850.0,3154
0,18463297.76665823,18400669.624023438,-62628.142634794116,-60474.973721675575,2,25.928857438266277,-60487.93815039471,3126,126880944340.0,3154
0,14565008.990951315,14597553.495376587,32544.504425272346,34243.059308314696,2,17.864637965336442,34234.12698933203,3147,127878044250.0,3155
3,23300759.757130865,23332267.64353943,31507.886408563703,34225.19467034936,2,-17.864637965336442,34234.12698933203,3148,127886779010.0,3155
1,19584944.935749255,19598862.674575806,13917.738826550543,16201.712964527309,3,-42.722062077373266,16241.239035539329,3171,128884039000.0,3156
0,38183136.69197808,38194925.056777954,11788.36479987204,16241.239035539329,3,16.5670444406569,16241.239035539329,3172,128902635160.0,3156
3,78818515.86628738,78825571.77108765,7055.904800266027,16247.631017670035,3,26.155017636716366,16241.239035539329,3173,128943266020.0,3156
0,8974361.899519552,9002110.02420044,27748.124680887908,28794.704620253295,3,-15.855307644233108,28800.263569597155,3187,129874380310.0,3157
0,22428174.693042096,22454359.408233643,26184.715191546828,28800.263569597155,3,-7.5168836284428835,28800.263569597155,3188,129887832630.0,3157
2,78319598.73380682,78339286.04702759,19687.313220769167,28820.8562861979,3,23.37219127267599,28800.263569597155,3189,129943717850.0,3157
1,16888354.59543862,16898787.91581726,10433.32037864253,12402.821199581027,1,,12402.821199581027,3208,130883287340.0,3158
3,57356890.22567818,57406899.32180786,50009.09612967819,56697.991826854646,1,,56697.991826854646,3230,131924671830.0,3159
0,4345741.108620264,4366817.113769531,21076.005149267614,21582.800564572215,1,,21582.800564572215,3249,132872637940.0,3160
1,21093156.975923598,21121055.544128418,27898.568204820156,30358.428325913846,1,,30358.428325913846,3783,154910703640.0,3182
0,17120839.658430908,17046840.327911377,-73999.33051953092,-72002.7175533697,1,,-72002.7175533697,3804,155907629730.0,3183
0,10931891.286556724,10960433.681243896,28542.394687172025,29817.2594907023,2,14.353779014199972,29810.0826011952,3850,157903427720.0,3185
1,23752723.497806944,23779756.387756348,27032.889949403703,29802.9057116881,2,-14.353779014199972,29810.0826011952,3851,157916247110.0,3185
1,43111112.98440097,43041568.64501953,-69544.33938144147,-64516.7701215446,1,,-64516.7701215446,3873,158936514470.0,3186
0,2284851.131398781,2344448.391265869,59597.25986708794,59863.7166230483,1,,59863.7166230483,3889,159896681270.0,3187
1,15086102.420447044,15061104.959472656,-24997.460974387825,-23238.136764684692,1,,-23238.136764684692,3918,160910412400.0,3188
2,7751944.323041404,7852054.906738281,100110.58369687758,101014.60668039601,6,-12.948923890478909,101024.86240167916,4034,165907991440.0,3193
1,9177121.089865688,9277057.426330566,99936.33646487817,101006.56195180677,6,-20.993652479723096,101024.86240167916,4035,165909416450.0,3193
3,34347011.07601141,34444035.31530762,97024.23929620534,101029.74889920652,6,7.579700134694576,101024.86240167916,4036,165934583560.0,3193
2,40772664.28140919,40868931.58859253,96267.30718334019,101022.16919907182,6,-5.38640521466732,101024.86240167916,4037,165941008490.0,3193
2,44158015.92193379,44253893.81964111,95877.89770732075,101027.55560428649,6,5.38640521466732,101024.86240167916,4038,165944393470.0,3193
3,72238181.79393241,72330806.43325806,92624.63932564855,101048.97442248464,6,26.805223412811756,101024.86240167916,4039,165972470530.0,3193
2,46598297.82010277,46585628.78668213,-12669.0334206447,-7234.792607404292,1,,-7234.792607404292,4075,166947761640.0,3194
3,43680202.09871106,43748809.33294678,68607.23423571885,73701.17002478242,3,1.9688649997115135,73701.17002478242,4102,167945875980.0,3195
1,45096676.60991642,45165111.89822388,68435.28830745816,73694.4117527157,3,-8.168543100357056,73701.17002478242,4103,167947292290.0,3195
1,73777251.18956716,73842351.36050415,65100.170936986804,73703.99056684971,3,6.199678100645542,73701.17002478242,4104,167975969680.0,3195
3,4381728.282091903,4424095.040374756,42366.75828285329,42877.75048164558,2,-9.540188265033066,42882.52057577809,4132,168907574170.0,3196
1,41434715.33682227,41472770.55783081,38055.2210085392,42887.29066991061,2,9.540188265033066,42882.52057577809,4133,168944623040.0,3196
0,3443193.630959302,3443167.345855713,-26.28510358929634,375.2562451842241,4,-22.39123820187524,393.7032961435616,4198,170908524770.0,3198
3,43056810.900629595,43052179.42312622,-4631.477503374219,389.75910890102386,4,-7.888374485075474,393.7032961435616,4199,170948133990.0,3198
3,60269529.994485594,60262899.07751465,-6630.916970945895,397.64748338609934,4,7.888374485075474,393.7032961435616,4200,170965344800.0,3198
2,75466611.39141288,75458209.31155396,-8402.079858928919,398.7510478794575,4,8.991938978433609,393.7032961435616,4201,170980540190.0,3198
2,16209763.465371259,16285608.986358643,75845.52098738402,77735.88527786732,3,-53.775376200675964,77776.67130640149,4219,171922432630.0,3199
0,50665900.062562615,50737768.133880615,71868.07131800056,77776.67130640149,3,7.403666600584984,77776.67130640149,4220,171956884970.0,3199
0,77622116.20028971,77690866.64685059,68750.44656087458,77802.6500017345,3,46.37170960009098,77776.67130640149,4221,171983838210.0,3199
0,46616517.369309396,46659071.025878906,42553.6565695107,47990.02212598175,2,5.266916006803513,47987.388667978346,4239,172953790450.0,3200
2,57386572.09835257,57427864.496398926,41292.39804635942,47984.755209974945,2,-5.266916006803513,47987.388667978346,4240,172964559300.0,3200
1,15292110.621616814,15332774.840667725,40664.219050910324,42447.567704144865,1,,42447.567704144865,4264,173923469180.0,3201
2,17839066.188998085,17788461.556152344,-50604.632845740765,-48524.26111352444,6,-22.659093506634235,-48505.2470340766,4289,174926885270.0,3202
0,25469690.64327763,25418211.504699707,-51479.13857792318,-48508.8920481354,6,-7.290028117597103,-48505.2470340766,4290,174934515060.0,3202
3,30050994.97615687,29998977.45852661,-52017.51763026044,-48513.00456825271,6,-11.402548234909773,-48505.2470340766,4291,174939095850.0,3202
0,36296289.11256874,36243554.67834473,-52734.434224016964,-48501.6020200178,6,7.290028117597103,-48505.2470340766,4292,174945340460.0,3202
3,57753113.78330124,57697892.056396484,-55221.72690475732,-48486.62406421453,6,22.26798392087221,-48505.2470340766,4293,174966794910.0,3202
0,76075190.98549174,76017855.88793945,-57335.0975522846,-48463.29478120804,6,45.59726692736149,-48505.2470340766,4294,174985114970.0,3202
3,29970274.15408317,29904467.970825195,-65806.18325797468,-62311.083766985685,2,-24.775011394172907,-62298.6962612886,4322,175939883650.0,3203
0,54713885.07740925,54645218.097229004,-68666.98018024862,-62286.30875559151,2,24.775011394172907,-62298.6962612886,4323,175964624530.0,3203
1,4939741.134072927,4975444.7763671875,35703.64229426067,36279.70932102669,3,-65.08948934078217,36311.95247765072,4345,176915850630.0,3204
0,13831689.187910117,13866388.104431152,34698.916521035135,36311.95247765072,3,-16.72475440474227,36311.95247765072,4346,176924741620.0,3204
2,50160029.38585822,50190557.425079346,30528.03922112286,36377.64514308423,3,81.81424374552444,36311.95247765072,4347,176961065980.0,3204
2,17626605.08851768,17612539.799865723,-14065.288651958108,-12009.693893097341,2,0.7993701659142971,-12010.093578180298,4372,177929495030.0,3205
2,18960494.44327472,18946272.798583984,-14221.644690737128,-12010.493263263255,2,-0.7993701659142971,-12010.093578180298,4373,177930828770.0,3205
1,12324968.388856474,12278621.559143066,-46346.829713407904,-44909.505833055824,1,,-44909.505833055824,4397,178925092290.0,3206
1,11076707.279574804,11084915.14956665,8207.869991846383,9499.623072771356,2,-30.06376793421805,9514.654956738465,4457,180925798110.0,3208
3,39844921.134551436,39849804.1517334,4883.0171819627285,9529.686840705574,2,30.06376793421805,9514.654956738465,4458,180954563150.0,3208
3,24563337.914699182,24576205.756256104,12867.841556921601,15732.39025611803,1,,15732.39025611803,4478,181940283910.0,3209
2,25311781.1610602,25279569.808776855,-32211.352283343673,-29259.52097885683,4,-54.06537980213761,-29224.765933021903,4503,182941921300.0,3210
3,36762681.004163064,36729149.705596924,-33531.298566140234,-29244.076266989112,4,-38.620667934417725,-29224.765933021903,4504,182953370940.0,3210
0,69206855.69432516,69169579.41345215,-37276.28087301552,-29205.455599054694,4,38.620667934417725,-29224.765933021903,4505,182985811540.0,3210
0,70246740.0162886,70209343.95532227,-37396.06096632779,-29203.965558320284,4,40.11070866882801,-29224.765933021903,4506,182986851310.0,3210
2,18977036.963823564,18992875.03048706,15838.066663496196,18051.14726101607,3,-40.167061638087034,18082.443922884762,4534,183936477970.0,3211
3,53583499.792285785,53595333.389038086,11833.596752300858,18082.443922884762,3,6.777931164950132,18082.443922884762,4535,183971080610.0,3211
3,70142796.26193544,70152716.47305298,9920.21111753583,18100.184722423553,3,33.3891304731369,18082.443922884762,4536,183987638080.0,3211
3,17803949.88375424,17816694.79626465,12744.912510409951,14821.18901880458,2,-27.40136258676648,14834.889700097963,4559,184936264990.0,3212
2,47444433.54591642,47453749.22009277,9315.674176350236,14848.590381391346,2,27.40136258676648,14834.889700097963,4560,184965902200.0,3212
2,2664306.7329819268,2654180.017883301,-10126.71509862598,-9816.0066593769,4,-4.04836657224223,-9813.98247609078,4579,185922058690.0,3213
1,18986392.533778936,18974354.347076416,-12038.186702519655,-9824.015069007874,4,-12.056776203215122,-9813.98247609078,4580,185938378950.0,3213
2,34832544.01774186,34818671.17425537,-13872.843486487865,-9810.711580708623,4,5.295078668277711,-9813.98247609078,4581,185954223350.0,3213
2,40280181.96844952,40265672.58087158,-14509.387577936053,-9811.958292804658,4,4.04836657224223,-9813.98247609078,4582,185959670380.0,3213
3,36156782.67701757,36130578.12097168,-26204.556045889854,-21987.992924690247,1,,-21987.992924690247,4597,186956452390.0,3214
1,6000080.070818586,6038035.909515381,37955.838696794584,38655.56125167012,2,-32.07499203085899,38671.59874768555,4622,187927279120.0,3215
2,29271359.72043009,29306633.763793945,35274.04336385429,38687.63624370098,2,32.07499203085899,38671.59874768555,4623,187950547840.0,3215
2,63338803.626712784,63366246.40628052,27442.779567733407,34829.279243297875,2,-7.302665390074253,34832.93057599291,4644,188985600790.0,3216
3,65305715.379158825,65332936.08236694,27220.703208118677,34836.58190868795,2,7.302665390074253,34832.93057599291,4645,188987567490.0,3216
2,47914241.61691066,47955750.866485596,41509.24957493693,47096.95426610857,1,,47096.95426610857,4668,189971158540.0,3217
3,1395889.3563044686,1455832.6800842285,59943.32377975993,60106.110818464076,5,-41.10813495912589,60130.780745223165,4684,190925597520.0,3218
2,21448763.946923994,21506377.42715454,57613.48023054749,60114.81083459407,5,-32.408118829131126,60130.780745223165,4685,190945648170.0,3218
1,43329994.89185096,43385072.57757568,55077.68572472036,60130.780745223165,5,-8.453252885490656,60130.780745223165,4686,190967526980.0,3218
0,66316036.89161754,66368471.928985596,52435.03736805916,60168.738621264696,5,45.942831356078386,60130.780745223165,4687,190990510500.0,3218
3,68156306.92416933,68208522.26986694,52215.34569761157,60163.65716162324,5,40.86137171462178,60130.780745223165,4688,190992350560.0,3218
1,33206664.713009194,33182741.519439697,-23923.193569496274,-20050.669870205224,2,-31.735765859484673,-20034.80198727548,4713,191958326970.0,3219
3,51716534.42314905,51690484.36526489,-26050.057884156704,-20018.93410434574,2,31.735765859484673,-20034.80198727548,4714,191976834810.0,3219
2,10549969.382535582,10592779.228027344,42809.84549176134,44040.17099460028,3,-55.57603660039604,44089.01423308998,4767,193937674310.0,3221
3,65849459.24886517,65885868.973602295,36409.724737122655,44089.01423308998,3,17.68882113415748,44089.01423308998,4768,193992967690.0,3221
3,75102436.28818797,75137780.40679932,35344.118611350656,44102.47982931137,3,37.88721546623856,44089.01423308998,4769,194002219650.0,3221
1,27047050.706679776,27005834.71899414,-41215.987685635686,-38061.791208431125,4,-54.9240183532238,-38012.25136592239,4786,194955039650.0,3222
3,66167123.35726362,66121389.38659668,-45733.97066693753,-38017.63554176688,4,-10.768351688981056,-38012.25136592239,4787,194994155410.0,3222
0,71743473.62756404,71697100.11758423,-46373.50997981429,-38006.8671900779,4,10.768351688981056,-38012.25136592239,4788,194999731150.0,3222
0,79493965.16773078,79446699.4369812,-47265.730749577284,-37995.23439823091,4,22.40114353597164,-38012.25136592239,4789,195007480790.0,3222
3,4365901.201954845,4467311.032348633,101409.83039378747,101918.97685638629,4,-42.644351767376065,101959.51385100186,4806,195933386390.0,3223
3,51003622.605148,51099636.24154663,96013.63639862835,101961.62120815367,4,4.214714303612709,101959.51385100186,4807,195980018960.0,3223
1,58043950.90198639,58139139.2885437,95188.38655731082,101957.40649385005,4,-4.214714303612709,101959.51385100186,4808,195987058500.0,3223
0,67319047.40991807,67413190.60549927,94143.19558119774,101993.8667871654,4,36.46029331535101,101959.51385100186,4809,195996332600.0,3223
3,14161802.642375153,14162835.139801025,1032.4974258728325,2684.030840361491,4,0.7645735535770655,2683.6485535847023,4837,196944157300.0,3224
0,20391747.784077175,20392052.4402771,304.6561999246478,2682.71877399832,4,-1.312066363170743,2683.6485535847023,4838,196950386550.0,3224
3,70852643.69998957,70847077.58267212,-5566.117317453027,2696.6378931850195,4,13.371626377105713,2683.6485535847023,4839,197000841840.0,3224
1,79294687.26295099,79288123.27243042,-6563.990520566702,2683.266266807914,4,-0.7645735535770655,2683.6485535847023,4840,197009282930.0,3224
2,5281122.985093497,5265404.781616211,-15718.203477285802,-15102.324884979054,2,-4.318807860836387,-15100.165481048636,4882,198937233340.0,3226
2,21498424.788808487,21480819.660736084,-17605.12807240337,-15098.006077118218,2,4.318807860836387,-15100.165481048636,4883,198953448840.0,3226
2,30711943.5075248,30707122.95159912,-4820.555925678462,-1238.9637931361794,3,-8.367343625053763,-1237.9575457759202,4911,199963613310.0,3227
2,32493990.968091577,32488963.59805298,-5027.370038598776,-1237.9575457759202,3,-6.857972584664822,-1237.9575457759202,4912,199965395160.0,3227
0,60420706.446985446,60412437.01715088,-8269.42983456701,-1223.2353532463312,3,15.225316209718585,-1237.9575457759202,4913,199993318780.0,3227
3,64983416.82606304,64992226.5569458,8809.730882763863,16388.023490428925,1,,16388.023490428925,4977,201999749230.0,3229
2,4275372.796594927,4332050.975921631,56678.17932670377,57176.76846901048,1,,57176.76846901048,5007,202939975910.0,3230
0,22211431.401614163,22202152.628814697,-9278.772799465805,-6688.5007790364325,3,-34.538554813712835,-6655.765226110816,5027,203958834400.0,3231
3,65538724.03087735,65524425.21374512,-14298.817132234573,-6655.765226110816,3,14.564774574711919,-6655.765226110816,5028,204002156900.0,3231
3,70815688.12088944,70800777.51617432,-14910.604715123773,-6652.159222334623,3,19.973780239000916,-6655.765226110816,5029,204007433280.0,3231
0,9034133.656916093,9034499.562774658,365.9058585651219,1419.4563127085567,3,-9.11529584787786,1419.4563127085567,5055,204946587900.0,3232
1,29826391.163687,29824320.429107666,-2070.734579332173,1407.5854399763048,3,-26.921604946255684,1419.4563127085567,5056,204967377830.0,3232
1,62417938.9151001,62412109.36340332,-5829.551696777344,1449.5577771365643,3,36.036900794133544,1419.4563127085567,5057,204999965790.0,3232
3,43666805.961666346,43756949.08187866,90143.12021231651,95235.49375902116,4,-13.343785710632801,95245.74316047877,5080,205982235850.0,3233
3,53306616.20445503,53395648.484680176,89032.28022514284,95248.8375447318,4,6.18876850605011,95245.74316047877,5081,205991874600.0,3233
2,60270637.97707972,60358851.93218994,88213.9551102221,95242.64877622575,4,-6.18876850605011,95245.74316047877,5082,205998837840.0,3233
1,78161197.48309603,78247348.028656,86150.54555997252,95265.6160506159,4,22.967274390161037,95245.74316047877,5083,206016726430.0,3233
1,17984015.363484427,17973564.014831543,-10451.348652884364,-8354.07311180234,4,-32.5853538736701,-8323.68951100111,5110,206957416560.0,3234
0,35708311.13811967,35695820.98397827,-12490.154141396284,-8325.89126407355,4,-4.4035061448812485,-8323.68951100111,5111,206975138910.0,3234
3,46928316.30769703,46914522.09274292,-13794.214954108,-8321.48775792867,4,4.4035061448812485,-8323.68951100111,5112,206986357670.0,3234
2,70575286.5245962,70558747.97521973,-16538.54937647283,-8308.139246076345,4,17.752017997205257,-8323.68951100111,5113,207010002020.0,3234
1,62289352.39066401,62276537.48937988,-12814.901284128428,-5550.787425331771,1,,-5550.787425331771,5137,208002597980.0,3235
2,56467213.30193791,56563608.25732422,96394.95538631082,102980.09796641022,2,-33.14352098852396,102996.66972690448,5188,209998888490.0,3237
3,79851144.42903033,79944845.5203247,93701.09129437804,103013.24148739874,2,33.14352098852396,102996.66972690448,5189,210022269850.0,3237
1,54660391.04655376,54731905.32171631,71514.27516254783,77888.70817380399,1,,77888.70817380399,5217,210998047120.0,3238
3,63843288.63477824,63842431.22219849,-857.4125797525048,6587.919567137957,1,,6587.919567137957,5283,214010247250.0,3241
3,14336849.451002242,14297829.159606934,-39020.29139530845,-37348.344219883904,3,-34.61249700933695,-37343.96599505469,5307,214961614650.0,3242
3,23736521.91525359,23696409.822906494,-40112.09234709665,-37343.96599505469,3,-28.0451597655192,-37343.96599505469,5308,214971013280.0,3242
3,79604343.45135036,79557776.58535767,-46566.86599269509,-37283.49745069444,3,62.65765677485615,-37343.96599505469,5309,215026874940.0,3242
1,27146308.751086947,27150015.64126587,3706.890178922564,6872.662017058581,1,,6872.662017058581,5341,215975362270.0,3243
3,65397166.76949623,65438432.50979614,41265.74029991031,48892.28395824134,4,-21.913094967603683,48905.61841981858,5364,217014563150.0,3244
0,69995756.22301829,70036508.3727417,40752.14972341061,48914.97568517923,4,17.93589875102043,48905.61841981858,5365,217019161250.0,3244
3,72724738.0859969,72765154.04904175,40415.96304485202,48897.03978642821,4,-17.157266780734062,48905.61841981858,5366,217021889910.0,3244
0,74000312.98955137,74040597.35375977,40284.36420840025,48914.19705320895,4,17.157266780734062,48905.61841981858,5367,217023165360.0,3244
1,5271411.503687002,5263411.788024902,-7999.715662099421,-7384.969611776061,1,,-7384.969611776061,5381,217955388140.0,3245
2,39180840.24697012,39260869.051086426,80028.80411630869,84598.02941267192,2,-32.20821176469326,84614.13351855427,5412,218990322870.0,3246
2,75200029.49934085,75275889.99453735,75860.49519650638,84630.23762443662,2,32.20821176469326,84614.13351855427,5413,219026338080.0,3246
3,23999594.416853547,24037756.197052002,38161.78019845486,40960.585768233985,2,-63.17014146223664,40992.1708389651,5438,219976130980.0,3247
0,73876516.04423322,73908924.40435791,32408.36012469232,41023.75590969622,2,63.17014146223664,40992.1708389651,5439,220026002410.0,3247
2,51085841.31332126,51070797.975982666,-15043.337338596582,-9085.764276266098,2,-12.416704297065735,-9079.555924117565,5453,221004109450.0,3248
3,78030489.72478473,78012316.54971313,-18173.1750715971,-9073.347571969032,2,12.416704297065735,-9079.555924117565,5454,221031051110.0,3248
2,14929375.2535736,14983463.20791626,54087.95434265956,55829.001207338646,4,-2605.023160887882,58432.23853876069,5474,221968946220.0,3249
3,29244966.930318214,29299998.05496216,55031.124643944204,58441.639626443386,4,11.186917148530483,58432.23853876069,5475,221983262830.0,3249
1,45263692.1243674,45316843.97647095,53151.85210354626,58430.452709294856,4,-3.571658931672573,58432.23853876069,5476,221999279760.0,3249
2,75261749.43938994,75311406.5236206,49657.08423066139,58434.02436822653,4,3.571658931672573,58432.23853876069,5477,222029274480.0,3249
3,4664059.7845185,4676650.708953857,12590.924435357563,13134.841814791784,6,6.620306423865259,13131.531661579851,5502,222959639680.0,3250
1,7231142.301117463,7243427.234985352,12284.933867888525,13128.221508367918,6,-6.620306423865259,13131.531661579851,5503,222962206470.0,3250
1,19642041.28703855,19652872.093078613,10830.8060400635,13121.438689980656,6,-13.403124811127782,13131.531661579851,5504,222974615980.0,3250
0,33369855.47011314,33379100.038909912,9244.56879677251,13136.12361767143,6,7.902109303511679,13131.531661579851,5505,222988342280.0,3250
2,63278828.84917255,63284573.05371094,5744.20453839004,13123.710023194551,6,-11.131791597232223,13131.531661579851,5506,223018247910.0,3250
0,70867210.69403148,70872083.22399902,4872.529967546463,13136.983964562416,6,8.762456194497645,13131.531661579851,5507,223025835460.0,3250
1,20466931.566557348,20519177.279510498,52245.71295315027,54632.54337494075,1,,54632.54337494075,5539,223976418360.0,3251
0,17770892.642810684,17746507.482299805,-24385.16051087901,-22312.73910054937,1,,-22312.73910054937,5562,224974598130.0,3252
0,58757965.03411762,58776506.00759888,18540.97348126024,25393.260938711464,1,,25393.260938711464,5587,226016531390.0,3253
2,29568108.651374478,29597924.757843018,29816.106468539685,33264.305873245,1,,33264.305873245,5612,226988317910.0,3254
3,13888227.115771972,14000852.112823486,112624.99705151469,114244.62639736384,2,-8.670229859650135,114248.96151229367,5630,227973705210.0,3255
0,58733592.87843538,58840996.7298584,107403.85142301768,114253.29662722349,2,8.670229859650135,114248.96151229367,5631,228018545590.0,3255
1,31868640.622732215,31968405.102294922,99764.47956270725,103480.96440520138,1,,103480.96440520138,5654,228992690080.0,3256
1,48622859.99543796,48608201.20413208,-14658.791305877268,-8988.44834048301,1,,-8988.44834048301,5677,230010320050.0,3257
2,45366490.36716047,45345180.36529541,-21310.001865059137,-16019.413044445217,4,-29.506337761878967,-15991.829204648733,5699,231007936250.0,3258
0,49276720.18838261,49254979.841278076,-21740.347104534507,-15993.751702614129,4,-3.844995930790901,-15991.829204648733,5700,231011846070.0,3258
0,64145162.24327499,64121691.80026245,-23470.443012535572,-15989.906706683338,4,3.844995930790901,-15991.829204648733,5701,231026712860.0,3258
0,77201890.05890924,77176913.26843262,-24976.790476620197,-15973.593333303928,4,20.158369310200214,-15991.829204648733,5702,231039768150.0,3258
1,36294443.491019815,36337457.592559814,43014.10153999925,47246.718509703875,2,10.322559513151646,47241.5572299473,5724,231999824870.0,3259
3,57279160.88373896,57319717.44869995,40556.56496099383,47236.39595019072,2,-10.322559513151646,47241.5572299473,5725,232020807240.0,3259
3,10951728.323412813,10939738.652832031,-11989.670580781996,-10712.492404438555,1,,-10712.492404438555,5747,232975362320.0,3260
3,61577849.30820474,61539426.42858887,-38422.8796158731,-31241.740442208946,1,,-31241.740442208946,5795,235027848750.0,3262
2,2139599.0333814193,2127232.3071899414,-12366.72619147785,-12117.20857098326,2,9.866908052936196,-12122.142025009729,5820,235969321370.0,3263
0,8499317.182784757,8486198.92654419,-13118.256240567192,-12127.075479036197,2,-9.866908052936196,-12122.142025009729,5821,235975680370.0,3263
3,50765301.5325597,50720143.020355225,-45158.5122044757,-39238.32012901455,1,,-39238.32012901455,5844,237018838830.0,3264
2,10439290.347699095,10408098.62826538,-31191.719433713704,-29974.30119479634,6,-6.2476372215896845,-29971.177376185544,5863,237979412980.0,3265
0,12512318.586352449,12480897.747375488,-31420.83897696063,-29961.666528372094,6,12.634666424244642,-29971.177376185544,5864,237981485790.0,3265
3,18916868.381839074,18884684.131469727,-32184.250369347632,-29978.186563838273,6,-10.133006263524294,-29971.177376185544,5865,237987889610.0,3265
0,31508940.62913715,31475298.0385437,-33642.59059344977,-29968.05355757475,6,6.2476372215896845,-29971.177376185544,5866,238000480290.0,3265
0,61143057.973722756,61105962.49594116,-37095.4777815938,-29965.043481834233,6,9.25771296210587,-29971.177376185544,5867,238030111110.0,3265
0,79579340.40743029,79540075.72827148,-39264.6791588068,-29984.226443514228,6,-16.172885939478874,-29971.177376185544,5868,238048545320.0,3265
0,21396316.41063953,21435426.59121704,39110.18057751283,41605.39480916783,2,-30.03379801288247,41620.41170817427,5892,238991354420.0,3266
1,69583653.00527437,69617173.66693115,33520.66165678203,41635.428607180715,2,30.03379801288247,41620.41170817427,5893,239039536420.0,3266
3,37085705.20899957,37066606.32763672,-19098.881362847984,-14773.988346099854,1,,-14773.988346099854,5920,240007911000.0,3267
0,45873016.996863335,45855857.954437256,-17159.04242607951,-11809.383042529225,1,,-11809.383042529225,5944,241017630480.0,3268
0,9505011.964607213,9576930.260650635,71918.29604342207,73026.75979348831,4,-41.147222029045224,73051.91936628148,5969,241982262600.0,3269
1,47201031.0021126,47268562.4029541,67531.40084150434,73035.9317170456,4,-31.97529847174883,73051.91936628148,5970,242019954430.0,3269
0,64557619.55779298,64623161.30206299,65541.74427001178,73070.38088160753,4,34.44916456192732,73051.91936628148,5971,242037309120.0,3269
0,70540778.37667134,70605619.89785767,64841.521186321974,73067.90701551735,4,31.97529847174883,73051.91936628148,5972,242043291610.0,3269
0,13122551.02230566,13170694.550415039,48143.52810937911,49673.865174790844,3,27.719369465485215,49662.723909176886,5997,242986902790.0,3270
0,27142633.58164564,27189130.96231079,46497.38066514954,49662.723909176886,3,11.007471044547856,49662.723909176886,5998,243000921300.0,3270
1,71382583.7457814,71423888.75726318,41305.01148177683,49629.56770147383,3,-38.72684051003307,49662.723909176886,5999,243045156290.0,3270
2,201567.6281354751,188194.4237060547,-13373.20442942041,-13349.69784049585,2,-47.3706419308437,-13326.012519530428,6022,243974858340.0,3271
2,78315389.80160326,78292954.42218018,-22435.379423081875,-13302.327198565006,2,47.3706419308437,-13326.012519530428,6023,244052963510.0,3271
0,42320593.96628411,42347923.00656128,27329.040277168155,32264.420102842152,3,5.909973867237568,32264.420102842152,6041,245017923640.0,3272
2,52104741.3400337,52130911.651916504,26170.311882801354,32246.70791439712,3,-20.658308800309896,32264.420102842152,6042,245027706680.0,3272
0,70137456.04074907,70161547.0022583,24090.961509227753,32270.31234355271,3,14.748334933072329,32264.420102842152,6043,245045737410.0,3272
0,23511484.761559024,23489095.548217773,-22389.213341251016,-19647.33056767285,1,,-19647.33056767285,6073,246000036880.0,3273
0,8871068.73544927,8850458.32888794,-20610.40656132996,-19575.87255398743,1,,-19575.87255398743,6103,246986295580.0,3274
1,46250353.28512418,46271091.26095581,20737.975831627846,26131.639746539295,3,-35.96231332421303,26155.014277994633,6150,249025607750.0,3276
2,59556231.78753253,59575441.42138672,19209.633854188025,26155.014277994633,3,-0.9005161412060261,26155.014277994633,6151,249038912170.0,3276
0,76430975.95381004,76448242.8496399,17266.895829856396,26180.189841732383,3,36.862829465419054,26155.014277994633,6152,249055785060.0,3276
1,32193295.442499164,32265202.033477783,71906.59097861871,75660.93669917807,1,,75660.93669917807,6208,251013515400.0,3278
3,24131348.397761654,24095856.183807373,-35492.21395428106,-32678.04338419065,2,24.81460677459836,-32690.450687577948,6234,252006371170.0,3279
1,51634956.29213493,51596231.823913574,-38724.468221358955,-32702.857990965247,2,-24.81460677459836,-32690.450687577948,6235,252033871690.0,3279
0,79871571.95955065,79922325.01397705,50753.05442640185,60067.58685493469,1,,60067.58685493469,6261,253063105330.0,3280
0,23739250.797883496,23796061.21746826,56810.41958476603,59578.8641760163,1,,59578.8641760163,6285,254007945050.0,3281
3,30895581.505156465,30875047.339660645,-20534.165495820343,-16931.15770759061,1,,-16931.15770759061,6311,255016046160.0,3282
3,74449424.29465891,74555983.85778809,106559.56312917173,115241.77082666755,1,,115241.77082666755,6338,256060647780.0,3283
3,11205776.38859946,11250211.062561035,44434.673961576074,45741.478936083615,5,32.454781629145145,45712.91143262386,6358,256998438770.0,3284
2,26767422.660943642,26810019.38320923,42596.72226558626,45718.30883621052,5,9.284681756049395,45712.91143262386,6359,257013998660.0,3284
2,32015652.55426195,32057631.836486816,41979.28222486749,45712.91143262386,5,1.1885763760656118,45712.91143262386,6360,257019246300.0,3284
1,68709370.73520663,68747039.23986816,37668.504661530256,45681.31380195916,5,-34.29633245803416,45712.91143262386,6361,257055935900.0,3284
0,69831481.88163413,69869043.35003662,37561.46840249002,45705.136876285076,5,-10.473258132115006,45712.91143262386,6362,257057057910.0,3284
1,1615000.2737587658,1673574.6567382812,58574.382979515474,58762.722485712264,4,7.079643628094345,58759.18266389822,6392,257989876490.0,3285
2,21249689.326497223,21305981.5987854,56292.27228817716,58770.38703503832,4,14.744192954152822,58759.18266389822,6393,258009509000.0,3285
1,31355933.876669824,31411028.55355835,55094.676888525486,58751.37044990063,4,-11.352035811636597,58759.18266389822,6394,258019614100.0,3285
0,58541827.299961135,58593755.861083984,51928.56112284958,58755.64284208417,4,-7.079643628094345,58759.18266389822,6395,258046796970.0,3285
3,9485503.99529444,9531842.924682617,46338.92938817665,47445.11814091541,2,13.094557786360383,47438.57086202223,6420,258998711830.0,3286
1,76655397.80782174,76693890.36557007,38492.55774833262,47432.02358312905,2,-13.094557786360383,47438.57086202223,6421,259065874230.0,3286
1,15202376.45894612,15283940.057891846,81563.59894572571,83336.48290235363,3,-44.700367199257016,83380.3676443249,6447,260005477340.0,3287
0,62132617.568446204,62208753.73171997,76136.16327376664,83381.99889478087,3,23.573621441610157,83380.3676443249,6448,260052402400.0,3287
0,70047260.65431172,70122472.18960571,75211.53529399633,83380.3676443249,3,21.12674575764686,83380.3676443249,6449,260060316160.0,3287
3,2069161.5039791819,2097222.7774658203,28061.27348663844,28302.576762082288,6,23.0276606103871,28286.776735370047,6468,260993271680.0,3288
1,5567769.716764372,5595414.414123535,27644.697359163314,28294.004369268194,6,14.455267796292901,28286.776735370047,6469,260996769890.0,3288
2,9263569.477937954,9290785.015716553,27215.537778599188,28295.844778817147,6,16.295677345246077,28286.776735370047,6470,261000465280.0,3288
0,74880203.50492503,74899750.60934448,19547.104419454932,28279.5491014719,6,-14.455267796292901,28286.776735370047,6471,261066074590.0,3288
3,76733951.40245748,76753270.87948608,19319.477028608322,28268.103694796562,6,-25.900674471631646,28286.776735370047,6472,261067928120.0,3288
3,77894091.95269144,77913274.79019165,19182.837500214577,28266.758445858955,6,-27.245923409238458,28286.776735370047,6473,261069088130.0,3288
3,70388775.43422234,70340522.1124878,-48253.321734547615,-40044.66231666505,1,,-40044.66231666505,6501,262062482640.0,3289
0,60099652.67082459,60129711.67669678,30059.00587219,37067.75942507386,1,,37067.75942507386,6521,263053164070.0,3290
1,20460738.721635036,20540972.91659546,80234.19496042281,82620.30317964032,2,-55.43438931927085,82648.02037429996,6535,264014570330.0,3291
0,51671169.19577542,51747819.1000061,76649.90423068404,82675.7375689596,2,55.43438931927085,82648.02037429996,6536,264045777340.0,3291
2,2994640.818836215,3017918.0095214844,23277.190685269423,23626.422312173992,3,-61.10286134108901,23679.007934719324,6556,264998102550.0,3292
0,41215677.87916136,41234567.39581299,18889.5166516304,23696.04241231084,3,43.327288864180446,23679.007934719324,6557,265036319400.0,3292
3,45081505.4513392,45099927.10507202,18421.653732821345,23679.007934719324,3,17.775572476908565,23679.007934719324,6558,265040184780.0,3292
2,54986788.13220137,55081568.70907593,94780.57687455416,101193.07394494861,1,,101193.07394494861,6584,266051051600.0,3293
2,63634781.24339092,63611755.2644043,-23025.978986620903,-15604.9627360031,1,,-15604.9627360031,6606,267060594190.0,3294
1,35226247.36292386,35200582.09643555,-25665.266488313675,-21557.22134349495,2,-57.11181627959013,-21528.665435355157,6628,268033127130.0,3295
3,79629735.4718202,79598949.03256226,-30786.43925794959,-21500.10952721536,2,57.11181627959013,-21528.665435355157,6629,268077525730.0,3295
1,42220701.17224878,42313014.63562012,92313.46337133646,97237.1938122958,3,-35.46889254823327,97260.86686357111,6655,269041148790.0,3296
3,63111054.05985345,63200954.98693848,89900.9270850271,97260.86686357111,3,0.04068436473608017,97260.86686357111,6656,269062036840.0,3296
0,70882415.96538877,70971434.19671631,89018.23132753372,97284.45854611695,3,35.42820818349719,97260.86686357111,6657,269069807360.0,3296
2,57125346.58529061,57109502.28198242,-15844.303308188915,-9182.409968599677,1,,-9182.409968599677,6675,270056960530.0,3297
1,6663138.364145662,6697972.848205566,34834.4840599047,35611.53172337264,5,-63.93933545425534,35666.874137833714,6702,271007446150.0,3298
3,26416870.569439936,26449429.165283203,32558.595843266696,35639.30142527446,5,-36.16963355243206,35666.874137833714,6703,271027197710.0,3298
0,59422191.60862526,59450945.92779541,28754.31917014718,35684.06797982007,5,30.980198265984654,35666.874137833714,6704,271060199400.0,3298
1,65815240.79709439,65843232.37225342,27991.575159028172,35666.874137833714,5,5.189435286447406,35666.874137833714,6705,271066591720.0,3298
0,71722523.35762814,71749851.3661499,27328.00852176547,35692.20811469853,5,39.12033314444125,35666.874137833714,6706,271072498370.0,3298
2,22926255.584747914,23017534.750671387,91279.1659234725,93952.799932044,2,4.467604476958513,93950.56612980552,6728,272024733100.0,3299
1,47652393.804900885,47740784.968933105,88391.16403222084,93948.33232756704,2,-4.467604476958513,93950.56612980552,6729,272049456480.0,3299
1,29727185.434803937,29774522.489196777,47337.05439284071,50803.80515219644,2,0.23384982720017433,50803.68822728284,6762,273032526290.0,3300
1,31249095.163886696,31296254.501037598,47159.337150901556,50803.57130236924,2,-0.23384982720017433,50803.68822728284,6763,273034048030.0,3300
2,36414955.32478406,36397678.66833496,-17276.656449101865,-13029.985525585711,2,-17.293802805244923,-13021.338624183089,6813,275041120950.0,3302
0,42355129.58867772,42337177.48962402,-17952.099053695798,-13012.691722780466,2,17.293802805244923,-13021.338624183089,6814,275047060480.0,3302
3,3952133.3146785875,3953636.8115234375,1503.496844850015,1964.3901641918346,2,5.1841192385181785,1961.7981045725755,6845,276009594120.0,3303
2,14861363.46087502,14861589.551513672,226.0906386524439,1959.2060449533165,2,-5.1841192385181785,1961.7981045725755,6846,276020502130.0,3303
3,17002218.45102389,16993364.136657715,-8854.314366176724,-6871.534871123731,4,18.888858698308468,-6880.979300472885,6865,277023562050.0,3304
0,23000230.08281848,22990682.65447998,-9547.428338497877,-6865.167507588863,4,25.25622223317623,-6880.979300472885,6866,277029559400.0,3304
1,26696877.035119336,26686873.25177002,-10003.783349316567,-6890.42372982204,4,-18.888858698308468,-6880.979300472885,6867,277033255610.0,3304
2,63615542.57791309,63601209.47442627,-14333.103486821055,-6914.330827616155,4,-42.79595649242401,-6880.979300472885,6868,277070170140.0,3304
1,75035208.59708251,75013637.35131836,-21571.245764151216,-12820.724563524127,1,,-12820.724563524127,6886,278082508970.0,3305
2,5093408.99680887,5091852.135314941,-1556.861493928358,-962.8738947287202,4,-5.6949992924928665,-959.9111909233034,6909,279013522120.0,3306
3,15560237.874812832,15557467.19732666,-2770.677486171946,-956.060135781765,4,6.583350628614426,-959.9111909233034,6910,279023987790.0,3306
1,33418013.280481167,33413153.466064453,-4859.814416714013,-962.6434864103794,4,-5.464590974152088,-959.9111909233034,6911,279041843570.0,3306
2,57906785.13289083,57899074.93017578,-7710.202715046704,-957.1788954362273,4,5.464590974152088,-959.9111909233034,6912,279066329620.0,3306
0,41887539.37640436,41900766.87109375,13227.494689390063,18112.37217835337,1,,18112.37217835337,6933,280051224290.0,3307
1,2093606.0011663246,2136029.3170776367,42423.31591131212,42667.4698763839,6,44.81567831849679,42624.42038546875,6965,281012400790.0,3308
1,40873696.227327496,40911555.76965332,37859.5423258245,42626.1865728721,6,3.532374806702137,42624.42038546875,6966,281051176520.0,3308
1,43682537.288182035,43720071.02667236,37533.73849032819,42627.94660654664,6,5.2924084812402725,42624.42038546875,6967,281053985050.0,3308
3,61474754.175756894,61510197.63952637,35443.463769473135,42612.58010533452,6,-13.60646753758192,42624.42038546875,6968,281071775270.0,3308
3,69338214.7926113,69372746.36602783,34531.573416531086,42617.717640027404,6,-8.468932844698429,42624.42038546875,6969,281079637860.0,3308
0,71589250.55411348,71623524.55084229,34273.99672880769,42622.6541980654,6,-3.532374806702137,42624.42038546875,6970,281081888650.0,3308
2,25957642.967448585,25947294.07684326,-10348.890605323017,-7321.739627111703,1,,-7321.739627111703,6995,282037144410.0,3309
0,30718473.59389761,30672789.02508545,-45684.568812161684,-42102.21514832601,2,14.985891427844763,-42109.70809403993,7021,283042802160.0,3310
2,44461829.17882165,44414526.88952637,-47302.28929528594,-42117.201039753854,2,-14.985891427844763,-42109.70809403993,7022,283056543970.0,3310
1,44214235.1335379,44184453.893066406,-29781.240471497178,-24625.026353627443,3,-16.180398780852556,-24620.114214248955,7042,284057238190.0,3311
1,57862800.26345092,57831432.25488281,-31368.00856810808,-24620.114214248955,3,-8.81218971312046,-24620.114214248955,7043,284070885240.0,3311
0,68693863.98348531,68661255.4050293,-32608.578456014395,-24597.577695444226,3,24.992588493973017,-24620.114214248955,7044,284081715120.0,3311
0,16691254.607104596,16644604.403808594,-46650.203296002,-44703.6880528871,3,8.93891553208232,-44704.84294644743,7069,285030594330.0,3312
2,23927807.265722197,23880296.420898438,-47510.84482375905,-44720.41099039093,3,-16.14549072366208,-44704.84294644743,7070,285037830060.0,3312
2,54511337.788493745,54460275.894958496,-51061.893535248935,-44704.84294644743,3,7.206575191579759,-44704.84294644743,7071,285068410200.0,3312
1,314723.46089890704,398055.3791503906,83331.91825148358,83368.62094570434,2,14.402309303346556,83361.41979105267,7130,287016177340.0,3314
1,61071034.29986444,61147266.48352051,76232.18365606666,83354.218636401,2,-14.402309303346556,83361.41979105267,7131,287076926870.0,3314
1,7515195.894326803,7511899.302246094,-3296.5920807095245,-2420.178431307897,2,54.636779153719544,-2447.4968208847567,7156,288024316380.0,3315
1,75154023.47451124,75142784.28204346,-11239.192467778921,-2474.8152104616165,2,-54.636779153719544,-2447.4968208847567,7157,288091947620.0,3315
0,19057662.915118247,19035136.597473145,-22526.31764510274,-20303.834540288895,1,,-20303.834540288895,7176,289036766020.0,3316
1,28894612.858404204,28972434.334777832,77821.47637362778,81191.13346033171,1,,81191.13346033171,7201,290047607440.0,3317
2,11008621.430292582,11094489.684387207,85868.25409462489,87152.06708077528,1,,87152.06708077528,7222,291030709760.0,3318
0,30087956.295655034,30088267.145751953,310.8500969186425,3819.6735462211072,1,,3819.6735462211072,7239,292050747740.0,3319
0,2545458.4681468164,2497447.534362793,-48010.93378402339,-47714.08529506344,2,17.580119009129703,-47722.87535456801,7271,293024127150.0,3320
1,10599473.02477893,10550505.260803223,-48967.763975707814,-47731.66541407257,2,-17.580119009129703,-47722.87535456801,7272,293032180250.0,3320
1,14856327.958147794,14928828.268005371,72500.30985757709,74232.83802924305,3,-24.970223056152463,74239.01178820804,7295,294037445770.0,3321
1,29470469.362739578,29541271.561706543,70802.19896696508,74239.01178820804,3,-15.70958460867405,74239.01178820804,7296,294052058290.0,3321
2,67285323.21375111,67351753.08013916,66429.8663880527,74276.60471639037,3,40.67980766482651,74239.01178820804,7297,294089868970.0,3321
1,38917869.920405895,38872506.0491333,-45363.87127259374,-40825.31327842921,2,-8.412471488118172,-40821.10704268515,7330,295062375820.0,3322
3,55053778.56569471,55006541.35546875,-47237.2102259621,-40816.90080694109,2,8.412471488118172,-40821.10704268515,7331,295078509940.0,3322
0,8969478.105004242,8952990.553161621,-16487.551842620596,-15441.541445849463,3,-5.612329287454486,-15441.541445849463,7375,297034332640.0,3324
2,27335429.21198622,27316794.15460205,-18635.057384170592,-15447.230531685054,3,-14.145958040840924,-15441.541445849463,7376,297052696540.0,3324
3,55078156.31939421,55056308.539367676,-21847.78002653271,-15424.627701438963,3,19.75828732829541,-15441.541445849463,7377,297080436200.0,3324
3,5359106.550445076,5385002.890625,25896.340179923922,26521.313127462752,6,5.19979088101536,26518.387193699367,7426,299032610150.0,3326
3,11596651.878565535,11621820.151184082,25168.272618547082,26520.661050816998,6,4.547714235261083,26518.387193699367,7427,299038847000.0,3326
0,13752844.536164168,13777778.833740234,24934.297576066107,26538.138758528978,6,22.02542194724083,26518.387193699367,7428,299041002970.0,3326
3,22007195.849692695,22031145.508728027,23949.6590353325,26516.113336581737,6,-4.547714235261083,26518.387193699367,7429,299049256380.0,3326
2,22216446.72746519,22240364.410461426,23917.682996235788,26508.539898294955,6,-12.121152522042394,26518.387193699367,7430,299049465600.0,3326
1,52884337.44856529,52904643.4420166,20305.993451312184,26473.305099762976,6,-47.355951054021716,26518.387193699367,7431,299080130040.0,3326
1,29734301.722911645,29753817.048828125,19515.325916480273,22982.906569309533,2,-26.316538453102112,22996.064838536084,7458,300057849370.0,3327
3,60616724.78485105,60632664.95404053,15940.169189475477,23009.223107762635,2,26.316538453102112,22996.064838536084,7459,300088728380.0,3327
2,37816380.629152834,37771704.51916504,-44676.10998779535,-40266.00642956793,3,0.31657449901103973,-40266.00642956793,7488,301066836650.0,3328
3,43189965.10488946,43144666.314453125,-45298.79043633491,-40262.02553128451,3,6.28792192414403,-40266.00642956793,7489,301072209640.0,3328
1,53625015.852538414,53578491.54333496,-46524.30920345336,-40270.62047684938,3,-6.604496423155069,-40266.00642956793,7490,301082643520.0,3328
1,3351860.8718567463,3408584.5805664062,56723.708709659986,57114.59893531725,4,-28.02862238511443,57136.400247786194,7529,303034305810.0,3330
3,25455987.552374214,25510168.560913086,54181.008538872,57149.65702969208,4,19.484091822057962,57136.400247786194,7530,303056407510.0,3330
1,27884057.450970024,27937935.81665039,53878.365680366755,57130.172937870026,4,-12.454619832336903,57136.400247786194,7531,303058835290.0,3330
3,33777521.35197619,33830724.88317871,53203.53120251745,57142.62755770236,4,12.454619832336903,57136.400247786194,7532,303064728110.0,3330
2,8271797.078525374,8346376.183227539,74579.10470216535,75543.75232634414,2,-6.686154621653259,75547.09540365497,7556,304040219890.0,3331
1,23247128.196444564,23319967.581115723,72839.38467115909,75550.4384809658,2,6.686154621653259,75547.09540365497,7557,304055193560.0,3331
2,19621332.466638364,19586888.611816406,-34443.85482195765,-32155.63721126318,3,-23.69952983595431,-32143.766137685627,7589,305052453620.0,3332
0,29003635.503532954,28968109.366210938,-35526.13732201606,-32143.766137685627,3,-5.892919469624758,-32143.766137685627,7590,305061834890.0,3332
0,60841787.66472696,60802572.25500488,-39215.409722074866,-32120.109225168824,3,29.592449305579066,-32143.766137685627,7591,305093669520.0,3332
1,25900642.79078083,25868461.57434082,-32181.216440010816,-29160.712757963687,2,19.377737004309893,-29170.401626465842,7629,306059632640.0,3333
3,53726991.191917144,53691545.52044678,-35445.67147036642,-29180.090494967997,2,-19.377737004309893,-29170.401626465842,7630,306087455870.0,3333
2,9387449.905517936,9358432.122253418,-29017.783264517784,-27923.029468880966,4,44.487217081710696,-27947.38429766521,7651,307044030690.0,3334
1,13033450.18336516,13004002.985229492,-29447.198135668412,-27927.25190936774,4,40.26477659493685,-27947.38429766521,7652,307047676280.0,3334
0,60857146.57829271,60822081.9699707,-35064.608322009444,-27967.516685962677,4,-40.26477659493685,-27947.38429766521,7653,307095494610.0,3334
1,61400806.99351862,61365659.11657715,-35147.87694147229,-27987.384242400527,4,-60.132333032786846,-27947.38429766521,7654,307096038190.0,3334
1,6302130.329599678,6262638.147521973,-39492.18207770493,-38757.23476311285,2,76.36374239157885,-38795.41663430864,7672,308041863270.0,3335
1,63186881.954367496,63140679.57312012,-46202.381247378886,-38833.59850550443,2,-76.36374239157885,-38795.41663430864,7673,308098741610.0,3335
2,1029864.3859654153,1002643.7391967773,-27220.646768637933,-27100.545148189995,3,78.50169387843926,-27167.477558270097,7694,309037492470.0,3336
0,67051464.15096557,67016477.207458496,-34986.94350707531,-27167.477558270097,3,-21.896921241714153,-27167.477558270097,7695,309103506650.0,3336
1,78587532.06274393,78551176.6574707,-36355.405273228884,-27190.61612586677,3,-56.6047726367251,-27167.477558270097,7696,309115041410.0,3336
1,20895993.908266358,20853791.18231201,-42202.72595434636,-39765.85876731202,4,34.105601992458105,-39791.976240597665,7711,310058295920.0,3337
2,35096183.51422246,35052306.648864746,-43876.86535771191,-39783.98811189085,4,15.976257413625717,-39791.976240597665,7712,310072494510.0,3337
2,51148227.20831199,51102462.39550781,-45764.8128041774,-39799.96436930448,4,-15.976257413625717,-39791.976240597665,7713,310088544750.0,3337
3,70629735.6285963,70581680.14172363,-48055.486872673035,-39818.72694931924,4,-34.73883742839098,-39791.976240597665,7714,310108024070.0,3337
2,41134606.48443368,41084098.83929443,-50507.64513924718,-45710.57383297384,1,,-45710.57383297384,7740,311079439620.0,3338
3,19953005.463318713,19921436.135864258,-31569.327454455197,-29242.43051384017,3,36.47999704629183,-29270.737808160484,7768,312059123060.0,3339
1,38236029.9530646,38202300.17266846,-33729.78039614111,-29270.737808160484,3,-5.980944434180856,-29270.737808160484,7769,312077404020.0,3339
1,45927922.9454715,45893279.79980469,-34643.14566681534,-29287.083213612437,3,-30.499052612110972,-29270.737808160484,7770,312085095040.0,3339
3,31952412.957932875,31931316.99206543,-21095.965867444873,-17369.711589921266,3,27.52361398935318,-17382.400339223444,7785,313072037330.0,3340
0,64628554.792003654,64603635.482666016,-24919.30933763832,-17382.400339223444,3,8.490490036085248,-17382.400339223444,7786,313104709820.0,3340
3,70549733.90421195,70524094.40393066,-25639.50028128922,-17412.070068597794,3,-36.01410402543843,-17382.400339223444,7787,313110630310.0,3340
2,15354401.339363724,15393553.848144531,39152.50878080726,40943.1217071265,3,51.34440080076456,40905.92784495652,7811,314056376670.0,3341
3,47274063.42943794,47309456.30944824,35392.880010299385,40905.92784495652,3,-4.4463924542069435,40905.92784495652,7812,314088292740.0,3341
2,68201242.39273226,68234166.4677124,32924.07498013973,40877.62676769495,3,-46.89800834655762,40905.92784495652,7813,314109217560.0,3341
1,16685085.997943161,16711936.439697266,26850.44175410457,28796.237620992586,2,0.8940743040293455,28795.79058384057,7828,315058673370.0,3342
1,33701361.99643469,33726227.12524414,24865.128809452057,28795.343546688557,2,-0.8940743040293455,28795.79058384057,7829,315075687750.0,3342
1,14769322.598090257,14882233.856445312,112911.258355055,114633.64005998895,1,,114633.64005998895,7856,316057764880.0,3343
0,5467330.433690699,5478548.202758789,11217.769068090245,11855.36296254769,3,34.151113636791706,11830.861375443637,7889,317049440320.0,3344
0,38249535.892917685,38256906.136657715,7370.243740029633,11830.861375443637,3,-2.6012670192867517,11830.861375443637,7890,317082218850.0,3344
1,52738908.875059456,52744570.08544922,5661.210389763117,11811.562322378159,3,-31.549846617504954,11830.861375443637,7891,317096706590.0,3344
3,42165575.811653785,42163948.27008057,-1627.5415732190013,3289.760210506618,2,-10.16206331551075,3294.8412421643734,7951,320089040620.0,3347
0,46580207.307477094,46578075.09863281,-2132.208844281733,3299.922273822129,2,10.16206331551075,3294.8412421643734,7952,320093454770.0,3347
2,47854846.16926849,47797870.244018555,-56975.9252499342,-51395.14718872309,1,,-51395.14718872309,7972,321095645970.0,3348
2,22360921.024043307,22440943.200378418,80022.17633511126,82629.88166631386,3,2.8130591586232185,82628.25353800505,7998,322071203220.0,3349
1,26212601.614255056,26292172.983825684,79571.36957062781,82628.25353800505,3,0.3708666954189539,82628.25353800505,7999,322075054470.0,3349
2,44973283.36315471,45050664.5133667,77381.15021198988,82625.88367630541,3,-3.1839258540421724,82628.25353800505,8000,322093813060.0,3349
3,9307927.40788212,9348004.677856445,40077.26997432485,41162.74994618632,3,-24.66745742969215,41171.03164760023,8046,324060119570.0,3351
1,28960027.782557026,28997821.528503418,37793.74594639242,41171.03164760023,3,-12.244905308820307,41171.03164760023,8047,324079769490.0,3351
3,56929229.94376624,56963794.724487305,34564.78072106838,41203.80315963179,3,36.912362738512456,41171.03164760023,8048,324107735610.0,3351
1,20891560.76471719,20925403.442871094,33842.67815390229,36279.0283527486,1,,36279.0283527486,8071,325072670220.0,3352
3,71106752.62474647,71141847.21282959,35094.5880831182,43386.977189302444,1,,43386.977189302444,8096,326123891350.0,3353
2,15367213.473841174,15305605.852233887,-61607.621607286856,-59815.514544328675,2,-5.309415003284812,-59812.85983682703,8119,327069029030.0,3354
0,72933229.2974794,72864913.70159912,-68315.5958802849,-59810.20512932539,2,5.309415003284812,-59812.85983682703,8120,327126588640.0,3354
0,64900616.56999323,64943757.14709473,43140.57710149884,50709.213636904955,1,,50709.213636904955,8142,328119578680.0,3355
0,70630516.81759554,70646556.48132324,16039.66372770071,24276.514752432704,1,,24276.514752432704,8169,329126305900.0,3356
0,16508290.276400581,16494772.131835938,-13518.144564643502,-11592.96641493775,1,,-11592.96641493775,8188,330073155950.0,3357
0,44245174.1585546,44284576.12774658,39401.96919198334,44561.791383974254,4,-5.048560723662376,44564.315664336085,8210,331101855090.0,3358
0,46836547.71148562,46875652.52618408,39104.81469846517,44566.83994469792,4,5.048560723662376,44564.315664336085,8211,331104446180.0,3358
0,60677056.55569236,60714549.8805542,37493.324861839414,44569.41460303217,4,7.623219057917595,44564.315664336085,8212,331118285150.0,3358
1,77641777.94862738,77677270.83679199,35492.88816460967,44547.38453634083,4,-19.455408357083797,44564.315664336085,8213,331135247960.0,3358
0,7622364.103804428,7591416.334228516,-30947.769575912505,-30058.85809107311,2,16.754587775096297,-30067.23538496066,8237,332066125200.0,3359
1,40668141.17009312,40633322.884765625,-34818.285327494144,-30075.612678848207,2,-16.754587775096297,-30067.23538496066,8238,332099167280.0,3359
1,13831218.06520798,13786678.488220215,-44539.57698776573,-42926.595972945914,1,,-42926.595972945914,8333,336076114440.0,3363
1,50379271.60198325,50359636.351135254,-19635.25084799528,-13760.07714664191,1,,-13760.07714664191,8363,337113601900.0,3364
0,7294251.603162989,7354853.7958984375,60602.19273544848,61452.84011138789,4,-17.23802095092833,61467.998375341296,8383,338071540130.0,3365
2,51706747.904590964,51762190.68493652,55442.78034555912,61472.76283263415,4,6.844214290380478,61467.998375341296,8384,338115947700.0,3365
2,52550078.67069423,52605416.25854492,55337.58785068989,61465.91861834377,4,-4.159513995051384,61467.998375341296,8385,338116790930.0,3365
2,56736410.74334944,56791264.28540039,54853.54205095023,61470.07813233882,4,4.159513995051384,61467.998375341296,8386,338120976800.0,3365
1,16149487.9341087,16171430.816955566,21942.882846865803,23826.217873033136,2,-17.366225015372038,23834.900985540822,8403,339081375000.0,3366
3,26278908.682427004,26299687.649902344,20778.96747533977,23843.584098048508,2,17.366225015372038,23834.900985540822,8404,339091503310.0,3366
3,8277762.25178325,8251477.952453613,-26284.29932963662,-25318.95605369564,3,15.80800016503781,-25328.033996034414,8425,340074424100.0,3367
3,31675247.110036954,31646225.14453125,-29021.965505704284,-25328.033996034414,3,2.1910866568796337,-25328.033996034414,8426,340097818970.0,3367
2,55411804.11301109,55380000.5569458,-31803.556065291166,-25341.494111686945,3,-17.999086821917444,-25328.033996034414,8427,340121552870.0,3367
0,8836631.862438925,8888508.341064453,51876.478625528514,52906.996643671766,3,2.7970874551683664,52906.996643671766,8451,341075997460.0,3368
3,52385110.42530911,52431899.76525879,46789.339949682355,52898.43230704963,3,-10.04941747803241,52906.996643671766,8452,341119541080.0,3368
0,64606339.9703611,64651715.61883545,45375.64847435057,52909.96680538356,3,7.252330022864044,52906.996643671766,8453,341131760960.0,3368
0,34178081.17622982,34151505.191223145,-26575.985006675124,-22590.175817616284,1,,-22590.175817616284,8480,342102247860.0,3369
0,7111662.893202275,7167165.998413086,55503.1052108109,56332.45929780789,2,23.161052053794265,56320.87877178099,8503,343076309530.0,3370
2,15539154.624987278,15593651.764587402,54497.13960012421,56309.29824575409,2,-23.161052053794265,56320.87877178099,8504,343084736060.0,3370
3,2576001.1831744844,2614871.3026123047,38870.11943782028,39170.52978367871,2,62.79406213527545,39139.13275261107,8528,344072755490.0,3371
1,56812884.34472342,56845366.62609863,32482.281375214458,39107.73572154343,2,-62.79406213527545,39139.13275261107,8529,344126986270.0,3371
1,20579737.120238602,20609738.436279297,30001.316040694714,32401.301718629897,1,,32401.301718629897,8548,345091712890.0,3372
0,17380136.798034012,17492526.570007324,112389.7719733119,114416.62387876585,2,14.895050887018442,114409.17635332234,8569,346089524820.0,3373
3,55059768.07748211,55167748.79840088,107980.72091876715,114401.72882787883,2,-14.895050887018442,114409.17635332234,8570,346127200240.0,3373
3,75971685.44250113,76003928.28863525,32242.846134126186,41102.578205794096,1,,41102.578205794096,8595,347149137720.0,3374
2,8458581.493261237,8501315.938110352,42734.444849114865,43720.875060584396,4,-26.751879040151834,43745.69841917977,8622,348082653000.0,3375
2,35949070.21681972,35988621.64678955,39551.4299698323,43743.76989873499,4,-3.8570408895611763,43745.69841917977,8623,348110140450.0,3375
3,58419248.86581484,58456183.70599365,36934.84017881006,43747.62693962455,4,3.8570408895611763,43745.69841917977,8624,348132608130.0,3375
2,71023697.35738656,71059167.54815674,35470.19077017903,43752.894064977765,4,9.124166242778301,43745.69841917977,8625,348145211180.0,3375
3,63595733.40666393,63649605.74102783,53872.334363900125,61288.796899944544,1,,61288.796899944544,8644,349138820850.0,3376
1,19270428.591707185,19235697.47705078,-34731.11465640366,-32483.819058913738,3,-18.11435090377927,-32475.832803294063,8703,352097331400.0,3379
2,21358913.20012947,21323946.51501465,-34966.68511482328,-32475.832803294063,3,-6.134967474266887,-32475.832803294063,8704,352099419660.0,3379
1,78384703.91193849,78343107.19976807,-41596.71217042208,-32455.576612725854,3,24.249318378046155,-32475.832803294063,8705,352156439120.0,3379
2,4178034.8145357743,4138660.6747436523,-39374.13979212195,-38886.90209524473,3,-43.04504119371995,-38860.30982276052,8731,353083129650.0,3380
0,18836840.774846964,18795783.733947754,-41057.04089920968,-38860.30982276052,3,-3.1566324674058706,-38860.30982276052,8732,353097786850.0,3380
1,70689252.67752942,70642181.57250977,-47071.105019658804,-38827.4042853415,3,46.201673661125824,-38860.30982276052,8733,353149633520.0,3380
2,70673816.9390598,70657931.31793213,-15885.621127665043,-7643.720491722226,3,-9.72618817538023,-7638.992793053389,8764,354150567420.0,3381
3,72673304.89451306,72657190.82305908,-16114.071453973651,-7638.992793053389,3,-2.634640172123909,-7638.992793053389,8765,354152566690.0,3381
3,79818620.67203198,79801683.31890869,-16937.353123292327,-7628.995814040303,3,12.360828347504139,-7638.992793053389,8766,354159711220.0,3381
0,54424136.506495714,54365390.48223877,-58746.02425694466,-52399.142983071506,4,16.918839812278748,-52413.258925139904,8793,355135229040.0,3382
3,56247436.486510664,56188460.912231445,-58975.57427921891,-52416.061822883785,4,-5.6057954877614975,-52413.258925139904,8794,355137052120.0,3382
0,59763832.502056174,59704452.455444336,-59380.04661183804,-52410.45602739602,4,5.6057954877614975,-52413.258925139904,8795,355140568130.0,3382
0,75890956.62889832,75829677.80804443,-61278.82085388899,-52428.503285199404,4,-18.04725780338049,-52413.258925139904,8796,355156693440.0,3382
3,22034333.96321607,21987400.415771484,-46933.54744458571,-44363.9283272177,4,55.08980601280928,-44415.259762812406,8823,356103742150.0,3383
3,58543087.520116135,58491848.79003906,-51238.73007707298,-44411.501392394304,4,7.516740836203098,-44415.259762812406,8824,356140246790.0,3383
1,60006508.018209785,59955091.108947754,-51416.90926203132,-44419.01813323051,4,-7.516740836203098,-44415.259762812406,8825,356141710040.0,3383
1,67389446.12274879,67337152.35766602,-52293.76508277655,-44434.8840585053,4,-23.38266611099243,-44415.259762812406,8826,356149092140.0,3383
0,14779623.976946926,14820978.024353027,41354.0474061016,43077.63044619188,1,,43077.63044619188,8853,357097463120.0,3384
3,45447983.84476215,45480274.41693115,32290.57216900587,37590.664666846395,1,,37590.664666846395,8883,358129134680.0,3385
2,6759712.448671676,6800773.014221191,41060.56554951519,41848.87557354476,1,,41848.87557354476,8912,359091425350.0,3386
3,21133853.257092282,21171912.893432617,38059.63634033501,40524.242415733635,1,,40524.242415733635,8942,360106811740.0,3387
0,24976525.11790192,25011302.25128174,34777.13337981701,37689.8675035499,1,,37689.8675035499,8972,361111629460.0,3388
0,41322549.34122355,41296906.180114746,-25643.16110880673,-20824.172119036317,2,-6.202201433479786,-20821.071018319577,8995,362128911380.0,3389
3,65337927.73415388,65309490.128967285,-28437.605186596513,-20817.969917602837,2,6.202201433479786,-20821.071018319577,8996,362152924090.0,3389
1,18698015.036808766,18753250.343017578,55235.3062088117,57415.847584631294,2,84913.25458296761,14959.22029314749,9018,363107286780.0,3390
3,36774921.964112,36743135.9072876,-31786.05682440102,-27497.406998336315,2,-84913.25458296761,14959.22029314749,9019,363125276760.0,3390
2,25738657.545271546,25720945.026550293,-17712.51872125268,-14710.905575416982,1,,-14710.905575416982,9042,364115280950.0,3391
2,8841538.574225385,8880497.476928711,38958.902703326195,39989.99293665029,3,-21.586645480245352,40005.79839325696,9068,365099316580.0,3392
0,20339021.68209505,20376667.12915039,37645.44705533981,40017.36077100411,3,19.465106050483882,40005.79839325696,9069,365110812810.0,3392
3,37122492.42138874,37158169.03668213,35676.61529339105,40005.79839325696,3,2.1215394297614694,40005.79839325696,9070,365127594400.0,3392
2,2709723.1703420426,2645963.580871582,-63759.589470460545,-63443.584617628716,2,-62.54677097406238,-63412.311232141685,9086,366094086180.0,3393
3,75720041.78991409,75647830.36639404,-72211.42352004349,-63381.03784665465,2,62.54677097406238,-63412.311232141685,9087,366167088430.0,3393
2,57052553.93736729,57081097.94049072,28544.003123432398,35197.407466717064,2,13.779190622270107,35190.51787140593,9105,367149385990.0,3394
0,79394405.93092945,79420330.67333984,25924.74241039157,35183.628276094794,2,-13.779190622270107,35190.51787140593,9106,367171725340.0,3394
2,5586812.423179673,5636319.38092041,49506.957740737125,50158.48548973631,3,-6.507840817794204,50163.36029487476,9127,368098943060.0,3395
2,13061359.98948414,13110000.148742676,48640.15925853513,50163.36029487476,3,0.8043668898753822,50163.36029487476,9128,368106416780.0,3395
3,14836424.412524587,14884860.831848145,48436.41932355799,50166.62636623345,3,5.703473927918822,50163.36029487476,9129,368108191650.0,3395
1,18902556.957943447,18855081.58618164,-47475.37176180631,-45270.97693837434,3,-17.404672231525183,-45259.90240534395,9144,369113124330.0,3396
3,48304340.36297177,48253447.26300049,-50893.0999712795,-45259.90240534395,3,-0.7928726859390736,-45259.90240534395,9145,369142522850.0,3396
2,78825756.87589306,78771317.06311035,-54439.81278270483,-45247.24212694168,3,18.197544917464256,-45259.90240534395,9146,369173040880.0,3396
1,1511942.2934047617,1458380.746887207,-53561.54651755467,-53385.225516521605,1,,-53385.225516521605,9171,370096643640.0,3397
3,14966724.02316421,14920558.01171875,-46166.01144546084,-44420.60900949314,3,28.422593340277672,-44442.09520199895,9189,371111004070.0,3398
3,47163435.13335136,47113479.01885986,-49956.11449149996,-44455.96800366789,3,-24.615897921845317,-44442.09520199895,9190,371143197160.0,3398
0,47920925.622282036,47870895.042907715,-50030.579374320805,-44442.09520199895,3,-3.806695418432355,-44442.09520199895,9191,371143954580.0,3398
0,18764981.425270583,18705625.39276123,-59356.03250935301,-57167.68158901483,1,,-57167.68158901483,9234,373116702770.0,3400
2,44385418.9908364,44364014.58258057,-21404.408255830407,-16228.230870045722,1,,-16228.230870045722,9258,374143269460.0,3401
0,54526998.67849095,54481233.33782959,-45765.34066136181,-39406.46371727437,1,,-39406.46371727437,9277,375154297970.0,3402
3,41765432.03514452,41792195.595336914,26763.560192391276,31634.19766125828,1,,31634.19766125828,9302,376142561320.0,3403
1,71023859.28910863,70994581.67211914,-29277.61698949337,-20994.894810408354,1,,-20994.894810408354,9325,377172769050.0,3404
1,27309669.084013402,27322384.56262207,12715.47860866785,15900.30134415254,3,8.38400462269783,15899.229562267661,9348,378130050870.0,3405
1,54821518.77785216,54831010.15942383,9491.381571665406,15884.605116792023,3,-15.16033641807735,15899.229562267661,9349,378157559640.0,3405
2,68888220.7633433,68896086.32647705,7865.563133746386,15899.229562267661,3,6.7763317953795195,15899.229562267661,9350,378171624790.0,3405
3,11080772.471806096,11030343.415222168,-50429.056583927944,-49136.829424880445,4,20.745435066521168,-49147.202142413706,9379,379114771870.0,3406
3,30564700.550356127,30512001.148620605,-52699.40173552185,-49134.980910185724,4,22.593949761241674,-49147.202142413706,9380,379134253630.0,3406
1,51961466.10439758,51906248.84210205,-55217.262295529246,-49157.574859946966,4,-20.745435066521168,-49147.202142413706,9381,379155647990.0,3406
2,70669751.04344669,70612350.64666748,-57400.396779209375,-49158.97030341625,4,-22.140878535807133,-49147.202142413706,9382,379174354190.0,3406
3,60070512.58832809,60093217.703063965,22705.114735871553,29710.47000528127,1,,29710.47000528127,9406,380164751360.0,3407
0,9181746.263291031,9168718.280700684,-13027.982590347528,-11957.217720922083,4,25.315347906202078,-11973.809300669469,9433,381114853800.0,3408
0,13642180.890203204,13628624.86895752,-13556.021245684475,-11965.085532510653,4,17.447536317631602,-11973.809300669469,9434,381119313730.0,3408
0,30278701.148757793,30263187.547790527,-15513.600967265666,-11982.533068828285,4,-17.447536317631602,-11973.809300669469,9435,381135948380.0,3408
2,35868793.599944316,35852608.20678711,-16185.393157206476,-12002.414996609092,4,-37.32946409843862,-11973.809300669469,9436,381141537830.0,3408
3,41751597.68536471,41704010.914123535,-47586.77124117315,-42717.74711854011,2,18.92688861489296,-42727.210562847555,9461,382148384470.0,3409
1,52119361.27127546,52070546.496276855,-48814.77499860525,-42736.674007155,2,-18.92688861489296,-42727.210562847555,9462,382158751060.0,3409
0,6059244.017909645,6112863.924377441,53619.9064677963,54326.528655298054,2,12.005442585796118,54320.525934005156,9485,383113644470.0,3410
2,30562604.965239573,30613355.31201172,50750.34677214548,54314.52321271226,2,-12.005442585796118,54320.525934005156,9486,383138145090.0,3410
2,19627633.946108997,19653306.221984863,25672.275875866413,27961.228357970715,2,68.51722763478756,27926.96974415332,9508,384128189150.0,3411
1,74435836.45878308,74455048.54681396,19212.08803088963,27892.711130335927,2,-68.51722763478756,27926.96974415332,9509,384182991180.0,3411
0,6181870.141892423,6114972.6287231445,-66897.51316927839,-66176.59046182502,3,64.14603730943054,-66225.1196994558,9538,385115662080.0,3412
2,35147104.53252587,35076780.597229004,-70323.93529686332,-66225.1196994558,3,-8.647819136735052,-66225.1196994558,9539,385144624040.0,3412
0,72383722.81222564,72309025.15100098,-74697.66122466326,-66256.3532988131,3,-55.49821817269549,-66225.1196994558,9540,385181856480.0,3412
0,29772974.5226661,29771488.5368042,-1485.9858619011939,1986.104769114405,1,,1986.104769114405,9561,386140186950.0,3413
2,16212756.794465922,16247451.058044434,34694.263578511775,36584.97694765031,3,51.32021437585354,36535.05940537155,9584,387127638080.0,3414
0,68406022.28689733,68434577.10797119,28554.82107385993,36532.25406117737,3,-27.76411533355713,36535.05940537155,9585,387179825480.0,3414
0,70227712.36334495,70256057.54632568,28345.18298073113,36535.05940537155,3,-23.55609904229641,36535.05940537155,9586,387181646970.0,3414
1,26510155.259296827,26543146.524230957,32991.26493413001,36082.84927121177,2,1.9914782382547855,36081.853532092646,9609,388138912140.0,3415
2,39360618.40822463,39392109.07519531,31490.666970685124,36080.85779297352,2,-1.9914782382547855,36081.853532092646,9610,388151761170.0,3415
0,42450819.06574318,42471554.24353027,20735.17778709531,25685.744316652417,2,13.950500540435314,25678.7690663822,9633,389155852990.0,3416
2,49290154.713824995,49310078.34552002,19923.63169502467,25671.793816111982,2,-13.950500540435314,25678.7690663822,9634,389162691550.0,3416
2,71563562.27924946,71580603.04138184,17040.762132376432,25386.4238640517,1,,25386.4238640517,9658,390185923350.0,3417
0,12600451.971676705,12630336.273376465,29884.30169975944,31353.75216411054,2,8.169447965919971,31349.66744012758,9682,391127900140.0,3418
0,46007700.70990447,46033680.92657471,25980.21667023748,31345.58271614462,2,-8.169447965919971,31349.66744012758,9683,391161303660.0,3418
2,17944234.819725715,17926499.785217285,-17735.034508429468,-15642.39812938869,1,,-15642.39812938869,9702,392134212530.0,3419
1,68198542.56799844,68286599.1383667,88056.57036826015,96009.8073053062,1,,96009.8073053062,9721,393185513060.0,3420
3,8240436.7038713135,8271291.583618164,30854.87974685058,31815.870159589685,2,-58.925385161302984,31845.332852170337,9744,394126496740.0,3421
0,61944948.855168745,61969599.700805664,24650.84563691914,31874.79554475099,2,58.925385161302984,31845.332852170337,9745,394180195330.0,3421
1,15414707.288966268,15348673.776000977,-66033.51296529174,-64235.867227302864,2,-2.561715627089143,-64234.58636948932,9767,395134584470.0,3422
1,50874183.85279094,50804017.6574707,-70166.1953202337,-64233.305511675775,2,2.561715627089143,-64234.58636948932,9768,395170040000.0,3422
0,44621730.205835626,44652223.92510986,30493.719274237752,35697.45500677079,1,,35697.45500677079,9794,396164778420.0,3423
1,79907.91904287893,15427.705810546875,-64480.213232332055,-64470.89446114775,4,-21.06833361115423,-64450.59764959477,9816,397121128660.0,3424
0,16723350.649794113,16656970.348022461,-66380.30177165195,-64430.04352432303,4,21.32564732991159,-64450.59764959477,9817,397137770290.0,3424
3,21941681.598543867,21874672.95831299,-67008.64023087919,-64449.826127536595,4,1.5430441163480282,-64450.59764959477,9818,397142988020.0,3424
0,24337779.995336186,24270490.381774902,-67289.6135612838,-64451.36917165294,4,-1.5430441163480282,-64450.59764959477,9819,397145383850.0,3424
1,31462490.947389286,31518108.18585205,55617.23846276477,59286.358589265496,4,-8.93542929366231,59294.58932107687,9844,398153545560.0,3425
2,33985893.04344776,34041224.94104004,55331.897592276335,59295.29401855916,4,1.4093949645757675,59294.58932107687,9845,398156068690.0,3425
1,40895143.93679544,40949668.675964355,54524.73916891217,59293.88462359458,4,-1.4093949645757675,59294.58932107687,9846,398162977170.0,3425
1,51285592.71413602,51338924.13885498,53331.42471896112,59312.29256384075,4,18.4079402461648,59294.58932107687,9847,398173366480.0,3425
0,14165782.405844983,14193580.38848877,27797.982643786818,29449.98017379269,3,40.24526681005955,29415.39522074163,9876,399137247380.0,3426
1,61619233.20731333,61641451.316589355,22218.109276026487,29404.07459322363,3,-28.613104043528438,29415.39522074163,9877,399184695500.0,3426
3,68728493.64565983,68749894.00164795,21400.355988115072,29415.39522074163,3,-11.63216276653111,29415.39522074163,9878,399191803980.0,3426
2,9790177.363784274,9827566.945922852,37389.582138577476,38531.30155512132,4,-55.32728882692754,38569.21697797999,9902,400133835590.0,3427
1,35087954.27608462,35122414.163635254,34459.887550637126,38551.80511201173,4,-34.82373193651438,38569.21697797999,9903,400159130570.0,3427
0,66006094.96034678,66037011.881225586,30916.92087880522,38614.47705437243,4,62.67194236069918,38569.21697797999,9904,400190045330.0,3427
1,67967541.25516278,67998201.58618164,30660.33101886511,38586.628843948245,4,34.82373193651438,38569.21697797999,9905,400192006530.0,3427
0,56207046.22065189,56134304.716796875,-72741.50385501236,-66186.70166581869,2,21.9426431953907,-66197.67298741639,9944,402182131960.0,3429
2,72035580.98892568,71960971.63659668,-74609.35232900083,-66208.64430901408,2,-21.9426431953907,-66197.67298741639,9945,402197958710.0,3429
0,54274850.23402654,54200122.70214844,-74727.53187809885,-68398.06020055711,1,,-68398.06020055711,9961,403181115150.0,3430
0,1861241.2749876631,1852771.7732543945,-8469.501733268611,-8252.44587987964,4,2.7746634304057807,-8253.833211594843,9999,405130865970.0,3432
1,2598425.942918133,2589847.9041137695,-8578.03880436346,-8275.013308374677,4,-22.567428495036438,-8253.833211594843,10000,405131603050.0,3432
0,17924089.671247017,17913747.463134766,-10342.208112251014,-8251.921037651598,4,3.2995056584477425,-8253.833211594843,10001,405146927030.0,3432
0,59522395.77834099,59507199.123291016,-15196.655049972236,-8255.220543310046,4,-2.7746634304057807,-8253.833211594843,10002,405188520700.0,3432
2,14569850.542666119,14597930.543945312,28080.001279193908,29779.120778523386,2,28.146137431263924,29765.047709807754,10022,406144558530.0,3433
1,63873079.59463331,63895381.76293945,22302.16830614209,29750.97464109212,2,-28.146137431263924,29765.047709807754,10023,406193856240.0,3433
2,5592281.687547166,5576483.360839844,-15798.32670732215,-15146.161138894968,4,-57.59979328792542,-15111.9130116757,10054,407136525330.0,3434
1,24907761.95799099,24889721.978271484,-18039.979719504714,-15135.264677744359,4,-46.703332137316465,-15111.9130116757,10055,407155838670.0,3434
1,59269532.12827301,59247531.62109375,-22000.507179260254,-15088.561345607042,4,46.703332137316465,-15111.9130116757,10056,407190196660.0,3434
3,76660060.85060698,76636060.34210205,-24000.50850492716,-15060.498871356249,4,74.76580638810992,-15111.9130116757,10057,407207585280.0,3434
0,32078919.991498843,32120687.544555664,41767.55305682123,45508.560441583395,1,,45508.560441583395,10088,408164045680.0,3435
0,19274430.181385625,19321966.278442383,47536.09705675766,49783.85931511223,1,,49783.85931511223,10118,409152218290.0,3436
1,43548668.37475461,43506802.484558105,-41865.89019650221,-36787.29372163117,1,,-36787.29372163117,10140,410177448380.0,3437
3,76175066.30622464,76113975.12371826,-61091.182506382465,-52207.732388302684,1,,-52207.732388302684,10170,411210977970.0,3438
1,3351187.425717761,3312639.1661376953,-38548.259580065496,-38157.44789093593,4,-48.584124269429594,-38121.66006624885,10213,413139969800.0,3440
3,14421297.313339967,14381481.061584473,-39816.251755494624,-38134.456365831196,4,-25.592599164694548,-38121.66006624885,10214,413151038700.0,3440
0,26677736.72148903,26636516.73022461,-41219.99126442149,-38108.8637666665,4,25.592599164694548,-38121.66006624885,10215,413163293800.0,3440
3,52449422.12578924,52405201.460632324,-44220.665156915784,-38104.072841741145,4,30.38352409005165,-38121.66006624885,10216,413189062620.0,3440
1,20892289.217171736,20905272.732421875,12983.515250138938,15419.950400285423,3,-36.184131026268005,15443.450726598501,10233,414158463780.0,3441
2,43235474.079513505,43245875.45812988,10401.378616377711,15443.450726598501,3,-0.9336415566504002,15443.450726598501,10234,414180804500.0,3441
2,67532144.63444728,67539737.93041992,7593.295972645283,15468.81833602488,3,37.117772582918406,15443.450726598501,10235,414205098490.0,3441
0,12616446.422434054,12643207.940612793,26761.518178738654,28232.833897855133,3,-18.675491519272327,28242.820328764617,10258,415151118030.0,3442
2,40506672.5733042,40530191.55126953,23518.977965332568,28242.820328764617,3,-3.69584515504539,28242.820328764617,10259,415179005160.0,3442
1,54010169.08084917,54032130.67443848,21961.593589305878,28260.198449984193,3,22.371336674317718,28242.820328764617,10260,415192507170.0,3442
0,12257785.530495998,12234343.799438477,-23441.731057520956,-22012.241966161877,3,33.59397738426924,-22045.518255129457,10281,416151649330.0,3443
1,42112464.360922545,42085507.0993042,-26957.261618345976,-22046.153631962836,3,-17.27352131716907,-22045.518255129457,10282,416181500650.0,3443
0,66285565.886351064,66255790.220336914,-29775.666014149785,-22045.518255129457,3,-16.320456067100167,-22045.518255129457,10283,416205671060.0,3443
0,25195855.50681886,25238585.24230957,42729.73549070954,45668.047676451504,1,,45668.047676451504,10308,417165594830.0,3444
0,2780941.8737219544,2731426.299926758,-49515.5737951966,-49191.26349768834,2,21.467482747044414,-49201.997239061864,10366,419145066190.0,3446
1,8391758.218495835,8341566.850158691,-50191.36833714321,-49212.730980435386,2,-21.467482747044414,-49201.997239061864,10367,419150676360.0,3446
3,37557031.51847337,37545603.51623535,-11428.0022380203,-7048.143679887056,2,-3.4501659497618675,-7046.418596912175,10398,420180771820.0,3447
1,55080039.607458144,55066571.54199219,-13468.065465956926,-7044.6935139372945,2,3.4501659497618675,-7046.418596912175,10399,420198292880.0,3447
3,8341803.806057477,8301212.564880371,-40591.241177106276,-39618.42944750376,2,-18.090609887614846,-39609.38414255995,10427,421152501490.0,3448
3,26591658.20352965,26548956.77557373,-42701.427955918014,-39600.338837616146,2,18.090609887614846,-39609.38414255995,10428,421170749330.0,3448
1,46258003.40614501,46282917.06500244,24913.658857434988,30308.214920811355,2,-26.980000667274,30321.704921144992,10442,422191391560.0,3449
1,78165579.976006,78186799.58935547,21219.613349467516,30335.19492147863,2,26.980000667274,30321.704921144992,10443,422223295610.0,3449
2,14132577.185059104,14166392.665222168,33815.480163063854,35463.60533775948,2,-17.301834331825376,35472.25625492539,10498,424161234560.0,3451
3,29985565.43205238,30017549.456481934,31984.024429552257,35480.907172091305,2,17.301834331825376,35472.25625492539,10499,424177085800.0,3451
3,33802068.90413414,33826506.843688965,24437.939554825425,28379.89861778915,2,1.8200206756591797,28378.98860745132,10520,425181897920.0,3452
1,34101894.11576261,34126295.27001953,24401.154256917536,28378.07859711349,2,-1.8200206756591797,28378.98860745132,10521,425182197710.0,3452
2,108600.80854632198,48189.81359863281,-60410.99494768916,-60398.33004416777,2,-18.362528166457196,-60389.14878008454,10537,426149070600.0,3453
0,19775432.743040785,19712746.586914062,-62686.15612672269,-60379.967516001314,2,18.362528166457196,-60389.14878008454,10538,426168735260.0,3453
0,5415709.843368173,5453542.761047363,37832.917679190636,38464.491638761014,4,-40.77888244763017,38494.49691769481,10589,428183807850.0,3455
1,61018153.06140292,61049520.91668701,31367.85528409481,38483.72331418097,4,-21.54720702767372,38494.49691769481,10590,428239404120.0,3455
0,62071363.23299487,62102635.38848877,31272.15549390018,38510.84770356119,4,27.1243893802166,38494.49691769481,10591,428240457240.0,3455
2,74624466.85062438,74654269.5001831,29802.649558722973,38505.270521208644,4,21.54720702767372,38494.49691769481,10592,428253008940.0,3455
0,27642449.49147623,27656303.88116455,13854.389688320458,17078.020898722112,3,-6.519942037761211,17078.020898722112,10615,429206958830.0,3456
3,39711377.06937821,39723820.53417969,12443.464801475406,17074.560702301562,3,-11.710236668586731,17078.020898722112,10616,429219026410.0,3456
3,56794259.63136921,56804730.86999512,10471.238625906408,17094.520979218185,3,18.230178706347942,17078.020898722112,10617,429236107410.0,3456
0,22099229.11248239,22061418.83166504,-37810.280817352235,-35233.09370103851,2,-27.766451593488455,-35219.210475241765,10647,430202329170.0,3457
0,40434903.39176893,40394982.591796875,-39920.79997205734,-35205.32724944502,2,27.766451593488455,-35219.210475241765,10648,430220662830.0,3457
1,17149427.23783049,17131154.7756958,-18272.462134689093,-16272.515317335725,1,,-16272.515317335725,10687,431198272230.0,3458
3,56276104.81069377,56270397.13092041,-5707.679773360491,855.1759505346417,1,,855.1759505346417,10716,432238332900.0,3459
2,19282316.973129846,19212535.562316895,-69781.41081295162,-67532.72880585864,6,12.287361428141594,-67544.92292664386,10742,433202179170.0,3460
1,29555363.370772302,29484371.641540527,-70991.7292317748,-67545.01616728678,6,-0.1864812858402729,-67544.92292664386,10743,433212451060.0,3460
1,36799992.65342151,36728143.61627197,-71849.03714953363,-67557.4636080265,6,-12.633922025561333,-67544.92292664386,10744,433219694870.0,3460
3,39828537.308713235,39756347.72003174,-72189.58868149668,-67544.82968600094,6,0.1864812858402729,-67544.92292664386,10745,433222723090.0,3460
0,42693877.76173301,42621362.68048096,-72515.08125205338,-67536.16949214786,6,8.846675138920546,-67544.92292664386,10746,433225588120.0,3460
1,43819761.004580855,43747096.771118164,-72664.2334626913,-67554.022471793,6,-9.192785792052746,-67544.92292664386,10747,433226713860.0,3460
2,6203417.651098922,6174328.432312012,-29089.218786910176,-28365.78323329147,3,-53.0568743320182,-28345.60382470861,10805,435190830250.0,3462
2,19091162.78106057,19060590.78741455,-30571.993646018207,-28345.60382470861,3,-22.787761457730085,-28345.60382470861,10806,435203716580.0,3462
3,69884623.89874996,69848194.184021,-36429.714728966355,-28279.848893210292,3,75.84463578974828,-28345.60382470861,10807,435254504450.0,3462
3,47684846.33539839,47729022.207336426,44175.87193803489,49736.82481080294,1,,49736.82481080294,10826,436233287440.0,3463
2,47430987.91379518,47442561.113098145,11573.199302963912,17104.547493584454,2,-17.136814139783382,17113.115900654346,10854,437234000280.0,3464
2,52680365.400653824,52691343.560302734,10978.159648910165,17121.684307724237,2,17.136814139783382,17113.115900654346,10855,437239249090.0,3464
1,50827769.912006214,50809161.037475586,-18608.874530628324,-12681.39746337384,1,,-12681.39746337384,10883,438238329080.0,3465
1,77804182.97738214,77780729.39575195,-23453.581630185246,-14380.145767599344,1,,-14380.145767599344,10907,439266197180.0,3466
2,2217836.4271533797,2188247.952819824,-29588.474333555438,-29329.832756645512,3,-12.29150451766327,-29329.832756645512,10926,440191538580.0,3467
1,14111141.423204424,14080165.527648926,-30975.89555549808,-29330.27019511722,3,-12.94766222522594,-29329.832756645512,10927,440203430560.0,3467
0,24091347.46169204,24059233.143676758,-32114.31801528111,-29304.812309138477,3,25.23916674288921,-29329.832756645512,10928,440213409680.0,3467
1,50826043.125921555,50807302.77600098,-18740.3499205783,-12813.074229165912,2,6.703267581760883,-12816.425862956792,10952,441241035080.0,3468
2,62122257.88984704,62102193.48486328,-20064.404983758926,-12819.777496747673,2,-6.703267581760883,-12816.425862956792,10953,441252330030.0,3468
3,8946119.152187381,8963290.216186523,17171.063999142498,18214.350301243365,5,60.170153595507145,18158.278691217303,10971,442200117190.0,3469
2,15011575.223054532,15028028.380065918,16453.157011386007,18203.789943581447,5,49.60979593358934,18158.278691217303,10972,442206181960.0,3469
2,56869692.47731313,56881218.67675781,11526.199444681406,18158.278691217303,5,-18.657082612626255,18158.278691217303,10973,442248035370.0,3469
2,63436502.02071522,63447254.20916748,10752.188452258706,18150.081604078412,5,-30.952713320963085,18158.278691217303,10974,442254601440.0,3469
1,66794960.91227105,66805306.58148193,10345.669210880995,18135.22204195708,5,-45.812275442294776,18158.278691217303,10975,442257959510.0,3469
2,68138038.71941215,68166839.16827393,28800.448861777782,36746.629908397794,1,,36746.629908397794,10996,443260257120.0,3470
2,2731719.0795845874,2756169.9357910156,24450.85620642826,24769.42619733,3,19.121648863423616,24766.75187155977,11013,444195845410.0,3471
0,28977034.69739365,28998422.180236816,21387.48284316808,24766.75187155977,3,15.110160208074376,24766.75187155977,11014,444222087800.0,3471
3,54387497.558018446,54405888.806762695,18391.248744249344,24733.857225373387,3,-34.23180907149799,24766.75187155977,11015,444247495400.0,3471
1,18692432.53860357,18627133.705322266,-65298.83328130469,-63118.942930113524,1,,-63118.942930113524,11067,446213662070.0,3473
2,73436822.86600187,73414502.3852539,-22320.48074796796,-13756.361484348774,1,,-13756.361484348774,11091,447269281860.0,3474
0,68801295.16501111,68773726.76263428,-27568.402376830578,-19544.873113319278,1,,-19544.873113319278,11115,448265523370.0,3475
0,7965331.798733184,7938485.958129883,-26845.8406033013,-25916.932613598183,5,-25.451973801478744,-25896.976594619453,11146,449205602120.0,3476
1,10793627.99071522,10766431.11315918,-27196.877556040883,-25938.13686176762,5,-46.656221970915794,-25896.976594619453,11147,449208430080.0,3476
0,24227122.919918906,24198400.603637695,-28722.31628121063,-25896.976594619453,5,4.482054666616023,-25896.976594619453,11148,449221862120.0,3476
2,74032762.96592116,73998249.18536377,-34513.78055739403,-25880.163433030248,5,26.791171078570187,-25896.976594619453,11149,449271662230.0,3476
1,74722375.58938876,74687775.56573486,-34600.02365389466,-25885.984684973955,5,20.96991913486272,-25896.976594619453,11150,449272351760.0,3476
1,26971521.048208553,26943418.226379395,-28102.821829158813,-24957.433535341173,3,8.458172217011452,-24957.433535341173,11174,450225486390.0,3477
0,60479311.78313564,60447302.351745605,-32009.431390032172,-24956.402420662344,3,10.004844235256314,-24957.433535341173,11175,450258990450.0,3477
2,67313991.94084778,67281166.47821045,-32825.46263733506,-24975.380994454026,3,-18.463016452267766,-24957.433535341173,11176,450265824350.0,3477
1,30788791.272922408,30757100.071228027,-31691.201694380492,-28100.647662311792,3,-8.401496481150389,-28093.79792265594,11191,451230211330.0,3478
3,43805570.999723084,43772371.74914551,-33199.25057757646,-28090.694409005344,3,6.528383478522301,-28093.79792265594,11192,451243226670.0,3478
1,50630294.17332688,50596295.927734375,-33998.24559250474,-28093.79792265594,3,1.873113002628088,-28093.79792265594,11193,451250050630.0,3478
2,41566139.245808326,41557037.446899414,-9101.798908911645,-4254.402739845216,1,,-4254.402739845216,11225,452241883650.0,3479
0,3310045.087573962,3287643.992126465,-22401.095447496977,-22015.08173133107,8,-18.585929707158357,-21999.910164507106,11252,453204565230.0,3480
2,11322015.85504131,11298671.939208984,-23343.915832325816,-22023.555142648518,8,-27.05934102460742,-21999.910164507106,11253,453212576300.0,3480
0,12399719.803565418,12376266.282531738,-23453.521033680066,-22007.479727849364,8,-10.983926225453615,-21999.910164507106,11254,453213653900.0,3480
0,19704122.311629824,19679827.943359375,-24294.36827044934,-21996.49580162391,8,6.828725766390562,-21999.910164507106,11255,453220957500.0,3480
1,34263990.6744187,34237991.52203369,-25999.152385011315,-22003.3245273903,8,-6.828725766390562,-21999.910164507106,11256,453235515740.0,3480
0,64700844.415966526,64671341.765808105,-29502.650158420205,-21957.310825780034,8,46.01370161026716,-21999.910164507106,11257,453265949250.0,3480
1,72985311.6378353,72954818.28271484,-30493.35512045026,-21981.89058583975,8,21.433941550552845,-21999.910164507106,11258,453274232770.0,3480
2,77153697.95562603,77122726.40374756,-30971.551878467202,-21973.974843755364,8,29.34968363493681,-21999.910164507106,11259,453278400700.0,3480
1,32951675.759306587,32929188.341430664,-22487.417875923216,-18644.630700152367,3,-27.121664315462112,-18622.116631492972,11281,454235102040.0,3481
0,45982325.25464031,45958349.94641113,-23975.30822917819,-18612.901440180838,3,20.472225641831756,-18622.116631492972,11282,454248131270.0,3481
2,53817397.06265882,53792498.822021484,-24898.2406373322,-18622.116631492972,3,6.649438673630357,-18622.116631492972,11283,454255965460.0,3481
2,37222342.83881712,37239029.52398682,16686.685169696808,21027.51271236688,4,-39.26271416991949,21052.68315827474,11304,455240334150.0,3482
3,43219189.63005872,43235188.0479126,15998.417853876948,21038.59089001268,4,-28.184536524116993,21052.68315827474,11305,455246330340.0,3482
0,56949458.41906121,56963885.98071289,14427.561651684344,21068.943112172186,4,30.35222215950489,21052.68315827474,11306,455260059110.0,3482
3,73328124.68051702,73340640.01293945,12515.332422435284,21066.7754265368,4,28.184536524116993,21052.68315827474,11307,455276435950.0,3482
0,3353382.173993966,3292489.223815918,-60892.95017804811,-60501.88253985578,4,-24.456558401230723,-60489.65426065517,11341,456207367790.0,3483
1,10231121.05892948,10169413.124206543,-61707.93472293764,-60514.79295114428,4,-37.36696968972683,-60489.65426065517,11342,456214244750.0,3483
3,36689050.314055204,36624294.25250244,-64756.061552762985,-60477.42598145455,4,24.456558401230723,-60489.65426065517,11343,456240699770.0,3483
0,46133014.500076815,46067184.683166504,-65829.81691031158,-60449.83691186458,4,52.04562799120322,-60489.65426065517,11344,456250142710.0,3483
2,27522009.72470019,27487964.433044434,-34045.29165575653,-30835.70599480346,3,-28.11391130462289,-30832.849697485566,11357,457232406790.0,3484
2,33465808.829903327,33431073.235412598,-34735.59449072927,-30832.849697485566,3,-23.82946532778442,-30832.849697485566,11358,457238349930.0,3484
1,75981513.29273209,75941870.08007812,-39643.21265396476,-30782.334469512105,3,51.94337663240731,-30832.849697485566,11359,457280860950.0,3484
2,32472247.672050312,32449704.303710938,-22543.36833937466,-18756.49152515456,3,-53.34883055463433,-18715.784332871437,11380,458238269810.0,3485
0,71872279.66683076,71845207.50177002,-27072.16506074369,-18690.501056328416,3,45.63687268458307,-18715.784332871437,11381,458277665520.0,3485
1,78499383.01141095,78471512.71777344,-27870.293637514114,-18715.784332871437,3,7.711957870051265,-18715.784332871437,11382,458284291860.0,3485
0,48792648.704175666,48772486.69995117,-20162.0042244941,-14471.860691830516,1,,-14471.860691830516,11402,459255462700.0,3486
2,15079569.739906993,15049297.532348633,-30272.20755835995,-28513.645182475448,4,-9.641224928200245,-28507.76362858154,11421,460222661580.0,3487
1,23892659.13267254,23861361.274475098,-31297.858197443187,-28511.52329961583,4,-7.519342068582773,-28507.76362858154,11422,460231473690.0,3487
1,25476077.958808795,25444602.96343994,-31474.99536885321,-28504.003957547247,4,7.519342068582773,-28507.76362858154,11423,460233056940.0,3487
2,55971380.79621889,55936382.900512695,-34997.89570619166,-28470.5765523836,4,40.94674723222852,-28507.76362858154,11424,460263548880.0,3487
2,13313815.77735569,13275950.956970215,-37864.82038547471,-36312.17824055068,3,-27.818951543420553,-36307.02932469919,11445,461221751590.0,3488
1,20927878.607361972,20889130.992492676,-38747.61486929655,-36307.02932469919,3,-20.09557776618749,-36307.02932469919,11446,461229364810.0,3488
0,43363501.924675226,43322183.23284912,-41318.69182610512,-36261.68925331533,3,47.91452930960804,-36307.02932469919,11447,461251797980.0,3488
2,27228359.97454278,27209511.762023926,-18848.21251885593,-15672.871959798038,5,-40.42898850142956,-15636.886487171054,11473,462236580590.0,3489
2,55579221.42723165,55557102.95477295,-22118.472458697855,-15636.886487171054,5,1.6653424352407455,-15636.886487171054,11474,462264928330.0,3489
1,55863355.28904605,55841191.46350098,-22163.825545072556,-15649.104203790426,5,-16.661232493817806,-15636.886487171054,11475,462265212420.0,3489
2,62452237.98873134,62429326.87988281,-22911.108848527074,-15627.999455422163,5,14.99589005857706,-15636.886487171054,11476,462271800590.0,3489
3,69857783.41314504,69834018.00982666,-23765.40331837535,-15618.667589709163,5,24.32775577157736,-15636.886487171054,11477,462279205320.0,3489
1,14905297.54366769,14890216.285644531,-15081.258023159578,-13343.01907378994,3,-36.06466321833432,-13316.491160038859,11498,463225174260.0,3490
0,15194143.184370672,15179054.76940918,-15088.414961492643,-13316.491160038859,3,3.727207408286631,-13316.491160038859,11499,463225463100.0,3490
0,29749095.097279824,29732328.373779297,-16766.72350052744,-13297.417661104351,3,32.337455810047686,-13316.491160038859,11500,463240016450.0,3490
1,27514063.257634275,27553551.863464355,39488.60583008081,42697.26478302851,2,-31.892537768930197,42713.21105191298,11519,464238713060.0,3491
3,52627818.28641106,52664410.047058105,36591.760647043586,42729.15732079744,2,31.892537768930197,42713.21105191298,11520,464263824050.0,3491
0,16154040.168097101,16100453.728515625,-53586.43958147615,-51702.573678927496,3,-2.594005698338151,-51702.573678927496,11549,465228194180.0,3492
1,21203062.899820805,21148877.227416992,-54185.67240381241,-51712.99517811835,3,-18.22625448461622,-51702.573678927496,11550,465233242630.0,3492
1,42232848.958133146,42176236.84686279,-56612.1112703532,-51686.96416833997,3,20.82026018295437,-51702.573678927496,11551,465254270100.0,3492
1,5463759.466905023,5495253.467895508,31494.00099048484,32131.178442833014,3,-31.67701154574752,32145.30519782938,11577,466218461250.0,3493
2,12484917.287098661,12515606.615356445,30689.328257784247,32145.30519782938,3,-10.48687905119732,32145.30519782938,11578,466225481640.0,3493
2,38077362.419625625,38105102.28637695,27739.86675132811,32180.405710928142,3,42.16389059694484,32145.30519782938,11579,466251071270.0,3493
2,7100048.814556552,7120788.647338867,20739.83278231509,21567.832448590547,1,,21567.832448590547,11608,467221026960.0,3494
2,52079253.749342054,52067212.339660645,-12041.409681409597,-5967.98598382622,3,-3.0818458646535873,-5966.980054482818,11635,468266928890.0,3495
1,70843952.56985989,70829723.84814453,-14228.72171536088,-5966.980054482818,3,-1.5729518495500088,-5966.980054482818,11636,468285691500.0,3495
1,71518693.56393282,71504390.30651855,-14303.257414266467,-5962.828221440315,3,4.654797714203596,-5966.980054482818,11637,468286366170.0,3495
0,55636037.51253997,55633265.652404785,-2771.8601351827383,3716.3516639843583,2,-0.4927916154265404,3716.5980597920716,11652,469271374200.0,3496
2,67895192.32306461,67890991.3069458,-4201.016118809581,3716.844455599785,2,0.4927916154265404,3716.5980597920716,11653,469283631990.0,3496
1,10438350.469411576,10433982.674804688,-4367.794606888667,-3150.4859755150974,2,-44.00478722527623,-3128.4835819024593,11678,470227106910.0,3497
2,46923259.79240543,46914681.173706055,-8578.618699371815,-3106.481188289821,2,44.00478722527623,-3128.4835819024593,11679,470263587800.0,3497
3,33838410.48528026,33800452.121520996,-37958.36375926435,-34012.1665821895,3,-38.2055649459362,-33982.38438741118,11702,471251338660.0,3498
0,49462180.72383204,49422430.11584473,-39750.60798731446,-33982.38438741118,3,6.467727221548557,-33982.38438741118,11703,471266960720.0,3498
3,61695986.35721119,61654825.90338135,-41160.453829839826,-33965.53764707595,3,31.737837724387646,-33982.38438741118,11704,471279193180.0,3498
3,10018977.220283743,9999007.0335083,-19970.186775442213,-18801.784978287295,3,-39.41442719846964,-18783.668243590742,11727,472228428360.0,3499
0,18276198.711052626,18255283.69317627,-20915.01787635684,-18783.668243590742,3,-12.239325153641403,-18783.668243590742,11728,472236684680.0,3499
3,54770020.436111055,54744892.14538574,-25128.290725313127,-18741.072858586907,3,51.65375235211104,-18783.668243590742,11729,472273174480.0,3499
1,11181306.52302704,11223040.398620605,41733.875593565404,43037.826920013875,2,-30.626353081315756,43053.14009655453,11773,474231463100.0,3501
3,56995138.18762237,57031559.93231201,36421.74468964338,43068.45327309519,2,30.626353081315756,43053.14009655453,11774,474277271860.0,3501
0,22795722.079406247,22743513.756713867,-52208.322692379355,-49549.91135363653,4,-0.5083628706634045,-49549.6571722012,11794,475243900760.0,3502
3,30268173.778782714,30215094.535583496,-53079.243199218065,-49549.40299076587,4,0.5083628706634045,-49549.6571722012,11795,475251372380.0,3502
3,34136669.3282439,34083134.230773926,-53535.097469970584,-49554.117683805525,4,-4.714693039655685,-49549.6571722012,11796,475255240440.0,3502
0,52956020.29884317,52900335.4520874,-55684.84675576538,-49509.17553435266,4,40.73581928387284,-49549.6571722012,11797,475274057740.0,3502
3,3184730.559551052,3168098.6419067383,-16631.917644313537,-16260.517966739833,2,-74.07959968596697,-16223.47816689685,11825,476225186560.0,3503
1,63060364.8350506,63036824.3682251,-23540.46682550013,-16186.438367053866,2,74.07959968596697,-16223.47816689685,11826,476285055600.0,3503
2,49390029.043405764,49384856.19659424,-5172.846811525524,586.9625409692526,2,-32.31669367849827,603.1208878085017,11859,477272257710.0,3504
3,71031706.96244031,71024042.60430908,-7664.3581312298775,619.2792346477509,2,32.31669367849827,603.1208878085017,11860,477293897010.0,3504
2,18593488.752737865,18590945.70452881,-2543.048209056258,-374.69657031819224,4,-22.004591040313244,-356.2240606211126,11888,478242375900.0,3505
0,23932628.991229437,23929487.680480957,-3141.3107484802604,-350.31461093202233,4,9.441531032323837,-356.2240606211126,11889,478247714470.0,3505
0,25500706.005497754,25497379.450012207,-3326.555485546589,-352.691979277879,4,7.064162686467171,-356.2240606211126,11890,478249282370.0,3505
1,32355606.500670515,32351473.47027588,-4133.030394636095,-359.75614196434617,4,-7.064162686467171,-356.2240606211126,11891,478256136500.0,3505
2,3408615.5511807385,3402735.476257324,-5880.074923414271,-5482.566031214781,5,-90.89305285084993,-5392.578016765416,11922,479228064800.0,3506
2,24744455.124832034,24736123.489196777,-8331.635635256767,-5445.96525176242,5,-54.29227339848876,-5392.578016765416,11923,479249398300.0,3506
0,51632534.455357626,51621122.35961914,-11412.095738485456,-5390.767939962447,5,28.503694301471114,-5392.578016765416,11924,479276283440.0,3506
3,60036632.23067129,60024238.24847412,-12393.98219716549,-5392.578016765416,5,25.788579097017646,-5392.578016765416,11925,479284686600.0,3506
2,66430867.142600484,66417734.68658447,-13132.456016011536,-5385.363388746977,5,33.90824551694095,-5392.578016765416,11926,479291080130.0,3506
2,7912801.370969204,7902273.693969727,-10527.67699947767,-9604.895048876293,3,-75.81963715422899,-9552.343543410301,11954,480233480720.0,3507
2,45959506.084547915,45944593.99536133,-14912.08918658644,-9552.343543410301,3,3.0076210447587073,-9552.343543410301,11955,480271523240.0,3507
0,68817945.29474235,68800414.01647949,-17531.278262853622,-9505.807280033827,3,72.81201610947028,-9552.343543410301,11956,480294379180.0,3507
1,28735205.730194278,28735950.461853027,744.7316587492824,4095.79886636883,3,-56.75258732587099,4148.130991443992,11982,481255174800.0,3508
0,54605584.584502354,54603364.673950195,-2219.9105521589518,4148.130991443992,3,21.745600286871195,4148.130991443992,11983,481281042350.0,3508
1,73117577.42609443,73113207.50878906,-4369.917305365205,4156.971915945411,3,35.006987038999796,4148.130991443992,11984,481299552290.0,3508
3,964220.2577671537,1009885.8815917969,45665.623824643204,45778.07010107022,2,-69.97564790118486,45813.05792502081,12006,482228357780.0,3509
3,55260297.24138233,55299700.89373779,39403.65235546231,45848.0457489714,2,69.97564790118486,45813.05792502081,12007,482282647880.0,3509
0,34127101.089820094,34173619.62463379,46518.534813694656,50498.39876271039,2,2.664576508104801,50497.06647445634,12029,483262439070.0,3510
3,72525390.17576006,72567428.08093262,42037.90517255664,50495.73418620229,2,-2.664576508104801,50497.06647445634,12030,483300833080.0,3510
2,52296499.18629142,52243438.34069824,-53060.84559317678,-46962.08697833121,2,-15.75672772526741,-46954.208614468575,12052,484281476030.0,3511
2,79647419.50425562,79591184.78198242,-56234.72227320075,-46946.33025060594,2,15.75672772526741,-46954.208614468575,12053,484308823920.0,3511
1,38960423.69773186,38956900.52227783,-3523.1754540279508,1020.3451135382056,1,,1020.3451135382056,12072,485268991860.0,3512
1,5817142.032968992,5810452.453430176,-6689.579538816586,-6011.191011106595,1,,-6011.191011106595,12097,486236743420.0,3513
0,14553647.421508487,14553202.738220215,-444.68328827247024,1252.5466213859618,2,3.8438637889921665,1250.6246894914657,12126,487246337550.0,3514
1,70202618.8970146,70195680.64971924,-6938.2472953647375,1248.7027575969696,2,-3.8438637889921665,1250.6246894914657,12127,487301980320.0,3514
0,5950313.85582825,5942993.8963012695,-7319.959526980296,-6626.040651837364,3,-29.927223613485694,-6615.067731387913,12178,489239505740.0,3516
2,26569649.260357633,26559935.670166016,-9713.590191617608,-6615.067731387913,3,-13.467842939309776,-6615.067731387913,12179,489260122790.0,3516
2,53063171.937821746,53050406.611572266,-12765.326249480247,-6577.159125059843,3,43.39506655279547,-6615.067731387913,12180,489286613400.0,3516
3,6441888.284180405,6448023.18347168,6134.899291275069,6886.145020536147,1,,6886.145020536147,12204,490240907930.0,3517
2,15967878.867837444,16011429.066223145,43550.19838570058,45412.35436786525,2,-24.018982896581292,45424.36385931354,12229,491251340640.0,3518
1,46493144.45072579,46533158.84613037,40014.395404584706,45436.37335076183,2,24.018982896581292,45424.36385931354,12230,491281862530.0,3518
2,40479017.4202666,40426356.57788086,-52660.84238573909,-47940.22513499111,1,,-47940.22513499111,12255,492276703030.0,3519
3,78683597.38569814,78677782.22918701,-5815.156511127949,3360.8356655836105,2,-16.448689743876457,3369.0600104555488,12273,493315754790.0,3520
0,78991355.2119607,78985520.61376953,-5834.5981911718845,3377.284355327487,2,16.448689743876457,3369.0600104555488,12274,493316062530.0,3520
3,16167705.617293559,16161400.39074707,-6305.226546488702,-4419.766994701698,1,,-4419.766994701698,12299,494254125510.0,3521
2,15652571.875281319,15654585.251525879,2013.376244559884,3838.7614817023277,3,24.306192826479673,3816.1484889388084,12319,495254465930.0,3522
1,50635333.90856317,50633241.635253906,-2092.2733092606068,3812.7620888128877,3,-14.692896507680416,3816.1484889388084,12320,495289444770.0,3522
3,69120309.19576867,69116064.61193848,-4244.583830192685,3816.1484889388084,3,-9.613296318799257,3816.1484889388084,12321,495307927690.0,3522
3,40870511.43877506,40931758.4788208,61247.04004573822,66013.3128863424,2,-4.530039481818676,66015.57790608332,12343,496280644490.0,3523
0,41488055.68465337,41549235.23742676,61179.55277338624,66017.84292582422,2,4.530039481818676,66015.57790608332,12344,496281261970.0,3523
3,44508429.26929085,44529509.27307129,21080.003780439496,26270.526485837996,2,-17.12493821978569,26279.08895494789,12366,497285188570.0,3524
0,46399242.724380724,46420119.34857178,20876.62419105321,26287.65142405778,2,17.12493821978569,26279.08895494789,12367,497287079190.0,3524
0,31244546.24830455,31264020.584899902,19474.33659535274,23118.04025742784,2,6.916623752564192,23114.58194555156,12396,498272870090.0,3525
2,55714278.36151166,55730892.14898682,16613.787475153804,23111.123633675277,2,-6.916623752564192,23114.58194555156,12397,498297337090.0,3525
0,70034356.60938418,70059372.94415283,25016.334768652916,33183.66226385534,2,20.981783345341682,33173.17137218267,12418,499312548980.0,3526
3,77707852.18924114,77731952.66784668,24100.478605538607,33162.68048051,2,-20.981783345341682,33173.17137218267,12419,499320221600.0,3526
2,10669980.66741257,10705068.229919434,35087.56250686385,36331.883590074256,3,-43.954939337447286,36364.07080307603,12444,500254134530.0,3527
2,36884457.989037745,36916520.63604736,32062.64700961858,36364.07080307603,3,4.325880165211856,36364.07080307603,12445,500280346120.0,3527
0,49177703.55351041,49208356.111572266,30652.55806185305,36387.60625574738,3,39.62905917223543,36364.07080307603,12446,500292638020.0,3527
3,8775700.99150078,8830475.949523926,54774.958023145795,55798.37035200186,7,19.903319796547294,55780.29594026506,12465,501253168350.0,3528
2,20328603.663430214,20382015.31109619,53411.64766597748,55782.346444081515,7,3.8794118762016296,55780.29594026506,12466,501264719950.0,3528
0,20891294.921197865,20944662.357543945,53367.436346080154,55803.75554255396,7,25.288510348647833,55780.29594026506,12467,501265282600.0,3528
2,22399369.99322105,22452534.442138672,53164.44891762361,55776.63812414557,7,-4.683068027719855,55780.29594026506,12468,501266790480.0,3528
0,44857483.108679906,44908026.5647583,50543.45607839525,55774.68504794687,7,-6.6361442264169455,55780.29594026506,12469,501289246090.0,3528
0,50506546.63455504,50556436.914123535,49890.279568493366,55780.29594026506,7,0.8036561515182257,55780.29594026506,12470,501294894530.0,3528
1,63965932.187335104,64014216.269104004,48284.081768900156,55743.71646824479,7,-37.60472392849624,55780.29594026506,12471,501308352380.0,3528
3,14135446.66950909,14213427.278503418,77980.60899432749,79629.0688050557,3,23.148093404248357,79607.22186736017,12495,502259515560.0,3529
3,24523185.400089316,24599932.75579834,76747.35570902377,79607.22186736017,3,-9.622313139028847,79607.22186736017,12496,502269902120.0,3529
0,41561455.55633429,41636213.325927734,74757.76959344745,79604.61955594271,3,-13.52578026521951,79607.22186736017,12497,502286938490.0,3529
0,6714865.320880059,6695131.989746094,-19733.331133965403,-18950.251131279394,2,50.23009401746094,-18975.366178288125,12512,503253026480.0,3530
3,36882725.34889528,36859423.64593506,-23301.70296022296,-19000.481225296855,2,-50.23009401746094,-18975.366178288125,12513,503283190930.0,3530
0,6878852.545384567,6901295.170959473,22442.625574905425,23244.829582327977,1,,23244.829582327977,12533,504254067850.0,3531
3,73050970.44327357,73050801.68664551,-168.75662806630135,8350.36496220529,1,,8350.36496220529,12556,505321148910.0,3532
2,40157494.96856477,40153640.26226807,-3854.7062967047095,828.4153691977262,1,,828.4153691977262,12603,507290044100.0,3534
1,38727433.726446,38824663.29638672,97229.56994071603,101745.91948122531,2,-4.802311591804028,101748.32063702121,12627,508289589490.0,3535
2,40988760.76833598,41085731.42718506,96970.65884907544,101750.72179281712,2,4.802311591804028,101748.32063702121,12628,508291850570.0,3535
1,14557984.799999375,14640595.378356934,82610.5783575587,84308.31408739276,2,-5.911633877083659,84311.2699043313,12655,509266456310.0,3536
2,38129864.090953186,38209731.6550293,79867.56407611072,84314.22572126985,2,5.911633877083659,84311.2699043313,12656,509290025570.0,3536
2,23283744.974685945,23307969.439331055,24224.46464511007,26939.78866219893,5,2.660516954958439,26938.081055790186,12677,510276093080.0,3537
2,46293602.130174726,46315148.665893555,21546.53571882844,26945.243265159428,5,8.11511991545558,26938.081055790186,12678,510299100380.0,3537
1,61803418.52811131,61823147.25854492,19728.730433613062,26936.17523469776,5,-2.759624296799302,26938.081055790186,12679,510314608460.0,3537
2,74513647.05149898,74531890.54553223,18243.494033247232,26933.19131603837,5,-5.743542956188321,26938.081055790186,12680,510327317270.0,3537
3,75861622.28585085,75879713.47027588,18091.18442502618,26938.081055790186,5,0.09910734184086323,26938.081055790186,12681,510328665100.0,3537
1,25081064.96592165,25083885.74468994,2820.7787682898343,5745.704210918397,3,10.22625306993723,5740.925875090063,12715,511278825300.0,3538
3,66357206.6723766,66355209.095825195,-1997.5765514075756,5740.925875090063,3,3.0587493274360895,5740.925875090063,12716,511320096840.0,3538
3,75984289.73748146,75981158.56555176,-3131.1719297021627,5730.030040606856,3,-13.285002397373319,5740.925875090063,12717,511329722840.0,3538
0,1952350.8823996573,1986735.0442504883,34384.161850831006,34611.84280363866,2,-8.584797899937257,34616.13520258863,12744,512256603170.0,3539
1,22062892.01057049,22094939.48864746,32047.478076972067,34620.4276015386,2,8.584797899937257,34616.13520258863,12745,512276711480.0,3539
2,15602605.518267822,15615859.127624512,13253.609356690198,15073.167573763058,2,-2.5605128835886717,15074.447830204852,12765,513271188660.0,3540
1,24440407.224625714,24452632.74005127,12225.515425555408,15075.728086646646,2,2.5605128835886717,15074.447830204852,12766,513280025480.0,3540
3,51581386.48235802,51609267.79003906,27881.307681038976,33896.67066077888,2,-18.81958520412445,33906.08045338094,13330,534326231730.0,3561
0,63833072.134106725,63859543.48364258,26471.34953585267,33915.490245983005,2,18.81958520412445,33906.08045338094,13331,534338482070.0,3561
1,34470900.78594656,34431493.51263428,-39407.27331228554,-35387.3158313632,1,,-35387.3158313632,13372,536310910390.0,3563
0,13453606.671354523,13434771.860168457,-18834.811186065897,-17265.86678511463,2,32.89567315764725,-17282.314621693455,13397,537290774620.0,3564
3,62351895.374598995,62327325.204589844,-24570.1700091511,-17298.76245827228,2,-32.89567315764725,-17282.314621693455,13398,537339667430.0,3564
1,18969900.39543666,18970266.964904785,366.56946812570095,2578.817807108164,2,-3.7958487272262573,2580.715731471777,13416,538297164550.0,3565
0,58983792.95088215,58979496.94128418,-4296.009597972035,2582.61365583539,2,3.7958487272262573,2580.715731471777,13417,538337173990.0,3565
1,25265184.38974545,25257031.802124023,-8152.587621428072,-5206.190379735082,3,-5.5488210171461105,-5206.190379735082,13448,539304367450.0,3566
0,65149931.72773498,65137142.45623779,-12789.271497189999,-5191.560109935701,3,16.39658368192613,-5206.190379735082,13449,539344247770.0,3566
1,79797031.13971834,79782515.57714844,-14515.562569901347,-5209.723007500172,3,-10.84776266478002,-5206.190379735082,13450,539358893220.0,3566
1,29944793.311887525,29932715.33166504,-12077.98022248596,-8585.852278508246,1,,-8585.852278508246,13470,540309914460.0,3567
1,68158570.04732805,68129310.73999023,-29259.30733782053,-21310.731950953603,1,,-21310.731950953603,13495,541349012510.0,3568
1,6338181.607740253,6367575.108093262,29393.50035300851,30132.651926902123,6,2.8980493089184165,30131.202902247664,13522,542288105880.0,3569
2,10150689.105117606,10179635.097106934,28945.991989327595,30129.753877593204,6,-2.8980493089184165,30131.202902247664,13523,542291917960.0,3569
0,17993691.08028927,18021733.93096924,28042.850679967552,30141.25459220633,6,11.500714613124728,30131.202902247664,13524,542299760100.0,3569
3,24988153.075350285,25015367.21875,27214.143399715424,30128.23356270045,6,-4.418364201672375,30131.202902247664,13525,542306753770.0,3569
0,37062032.96538024,37087843.845703125,25810.880322888494,30133.012709341943,6,3.258831748738885,30131.202902247664,13526,542318826310.0,3569
1,48825880.25270738,48850292.10015869,24411.84745131433,30105.86640959978,6,-26.78551730234176,30131.202902247664,13527,542330588820.0,3569
2,1639199.9447782761,1647921.5125732422,8721.567794966046,8912.729439439718,4,9.196166845504194,8907.751594837755,13556,543284342240.0,3570
0,25045487.464964874,25051478.658447266,5991.193482391536,8911.969917081296,4,8.436644487082958,8907.751594837755,13557,543307745920.0,3570
3,33176951.503577285,33181985.978271484,5034.47469419986,8903.533272594213,4,-8.436644487082958,8907.751594837755,13558,543315876470.0,3570
2,67824516.06445861,67825494.12133789,978.0568792819977,8887.67526832223,4,-24.29464875906706,8907.751594837755,13559,543350520160.0,3570
1,58655232.82089321,58698024.04040527,42791.219512060285,49631.52645494044,1,,49631.52645494044,13583,544342277000.0,3571
0,36123966.04523763,36059144.40881348,-64821.63642415404,-60608.90034145862,2,-24.368672214448452,-60596.716005351394,13604,545320613240.0,3572
0,46565194.51711525,46499179.60510254,-66014.91201271117,-60584.53166924417,2,24.368672214448452,-60596.716005351394,13605,545331053330.0,3572
2,40340008.11269969,40332576.427612305,-7431.685087382793,-2727.278944939375,3,-29.891090631484985,-2701.3438513427973,13631,546325686060.0,3573
0,56138061.6082131,56128813.50708008,-9248.101133018732,-2701.3438513427973,3,9.011549763381481,-2701.3438513427973,13632,546341482380.0,3573
0,69497891.58180684,69487093.38439941,-10798.19740742445,-2693.4318572729826,3,20.879540868103504,-2701.3438513427973,13633,546354840730.0,3573
3,73590783.24812011,73570061.75256348,-20721.495556637645,-12139.42160730064,2,9.87250204384327,-12144.35785832256,13654,547359846990.0,3574
1,74114051.39710218,74093259.00610352,-20792.390998661518,-12149.294109344482,2,-9.87250204384327,-12144.35785832256,13655,547360370190.0,3574
2,21226947.46113532,21233862.643798828,6915.18266350776,9390.645279739052,1,,9390.645279739052,13674,548308365690.0,3575
2,54629297.168164745,54613489.40283203,-15807.765332713723,-9436.958454407752,1,,-9436.958454407752,13722,550343519840.0,3577
2,26936869.67259877,26951606.541992188,14736.869393415749,17878.216682985425,3,-62.29373060166836,17923.278441116214,13746,551316756250.0,3578
3,51969252.46974155,51981115.15270996,11862.68296840787,17923.278441116214,3,5.298906594514847,17923.278441116214,13747,551341785890.0,3578
3,79921601.06151359,79930238.43713379,8637.37562020123,17957.742386057973,3,56.99482400715351,17923.278441116214,13748,551369735160.0,3578
1,36806393.771473214,36839864.604003906,33470.83253069222,37763.15256334841,1,,37763.15256334841,13771,552327535830.0,3579
1,14005121.559813932,14037899.981689453,32778.42187552154,34411.683319287375,3,24.265828670933843,34388.767216816545,13801,553305679800.0,3580
1,50476786.32907888,50505288.55053711,28502.221458226442,34388.767216816545,3,-10.108325035311282,34388.767216816545,13802,553342147380.0,3580
2,57166554.0686453,57194273.4375,27719.36885470152,34386.06776441634,3,-14.157503635622561,34388.767216816545,13803,553348836400.0,3580
3,10082314.824826686,10050964.784423828,-31350.040402857587,-30174.2522458639,2,1.64012716896832,-30175.072309448384,13826,554302602290.0,3581
3,17488441.28600239,17456225.911376953,-32215.37462543696,-30175.892373032868,2,-1.64012716896832,-30175.072309448384,13827,554310007590.0,3581
0,3281603.723349492,3270208.480102539,-11395.243246953003,-11012.546330530196,4,18.53985971957445,-11028.44819799997,13849,555296687680.0,3582
0,14684626.943095043,14671888.628295898,-12738.314799144864,-11025.810205750167,4,5.27598449960351,-11028.44819799997,13850,555308089420.0,3582
0,21374437.26403728,21360913.51513672,-13523.748900562525,-11031.08619024977,4,-5.27598449960351,-11028.44819799997,13851,555314778480.0,3582
3,77634903.7223577,77614788.21716309,-20115.505194619298,-11061.810487389565,4,-36.000281639397144,-11028.44819799997,13852,555371032650.0,3582
2,5572322.661216844,5626932.334594727,54609.67337788269,55259.51134722214,2,-27.551626150496304,55273.28716029739,13880,556299886790.0,3583
3,45484330.11376633,45534312.845581055,49982.73181472719,55287.06297337264,2,27.551626150496304,55273.28716029739,13881,556339794380.0,3583
1,14268629.668864606,14304732.315307617,36102.64644301124,37766.63790456392,4,12.968688936904073,37760.15356009547,13907,557309538850.0,3584
3,32544031.3577039,32578006.391845703,33975.0341418013,37770.28228829056,4,16.61307266354561,37760.15356009547,13908,557327812220.0,3584
2,47144694.048177764,47176949.75646973,32255.708291962743,37753.669215627015,4,-12.968688936904073,37760.15356009547,13909,557342411240.0,3584
3,61125334.606883794,61155956.37536621,30621.76848241687,37750.135903172195,4,-16.502001391723752,37760.15356009547,13910,557356390320.0,3584
1,14834757.846385125,14853807.224731445,19049.37834632024,20779.391035936773,2,-26.839078038930893,20792.81057495624,13934,558311012990.0,3585
0,23713359.818025276,23731400.622924805,18040.804899528623,20806.230113975704,2,26.839078038930893,20792.81057495624,13935,558319890630.0,3585
2,16442950.119774561,16448522.606323242,5572.486548680812,7490.044803187251,3,-33.02472344040871,7507.562557570636,13954,559313540200.0,3586
2,31051519.559749518,31055405.92919922,3886.36944970116,7507.562557570636,3,-6.7480918653309345,7507.562557570636,13955,559328147160.0,3586
0,56758811.56938124,56759730.99743652,919.4280552864075,7538.576495684683,3,39.77281530573964,7507.562557570636,13956,559353851620.0,3586
3,36598285.81861499,36597492.90124512,-792.9173698723316,3475.133348584175,1,,3475.133348584175,13985,560334562370.0,3587
1,845984.2313989602,834108.4958496094,-11875.735549350851,-11777.077824655222,2,18.246953886700794,-11786.201301598572,14017,561299711060.0,3588
3,48414410.17887448,48396968.8203125,-17441.358561977744,-11795.324778541923,2,-18.246953886700794,-11786.201301598572,14018,561347274170.0,3588
0,69794957.73642991,69846079.9276123,51122.191182389855,59261.60025165975,1,,59261.60025165975,14061,563370550990.0,3590
1,5885562.194148525,5848473.61328125,-37088.580867274664,-36402.21325771604,2,18.88133732881397,-36411.653926380444,14087,564307488350.0,3591
1,52530725.95228403,52488178.78381348,-42547.168470554054,-36421.09459504485,2,-18.88133732881397,-36411.653926380444,14088,564354128300.0,3591
0,54525650.496080644,54508404.384521484,-17246.111559160054,-10887.39183858037,1,,-10887.39183858037,14114,565356994750.0,3592
2,44708522.71082228,44693716.01184082,-14806.698981456459,-9592.841605104506,1,,-9592.841605104506,14153,567348930550.0,3594
2,51963794.327375256,51951238.0045166,-12556.322858653963,-6496.3639083355665,1,,-6496.3639083355665,14180,568357056340.0,3595
0,25002516.599807657,25009367.318481445,6850.718673788011,9766.483894757926,2,3.9315585270524025,9764.5181154944,14205,569331021470.0,3596
0,65484789.04615873,65486914.83642578,2125.7902670502663,9762.552336230874,2,-3.9315585270524025,9764.5181154944,14206,569371499230.0,3596
3,73180648.93518944,73183544.40307617,2895.4678867310286,11429.712436139584,1,,11429.712436139584,14227,570380087170.0,3597
3,41427956.969905466,41416333.146484375,-11623.823421090841,-6792.5419128239155,1,,-6792.5419128239155,14255,571349207990.0,3598
3,4954641.228655324,4922714.610595703,-31926.618059621193,-31348.813400669023,4,1.422531584277749,-31349.524666461162,14275,572313619530.0,3599
3,52233265.04292555,52195826.45617676,-37438.58674879372,-31347.202428258955,4,3.033503994345665,-31349.524666461162,14276,572360892890.0,3599
2,58664599.725080304,58626402.69958496,-38197.02549534291,-31355.626194685698,4,-6.812794016674161,-31349.524666461162,14277,572367323500.0,3599
2,59576225.862715356,59537927.91467285,-38297.94804250449,-31350.2359322533,4,-1.422531584277749,-31349.524666461162,14278,572368235030.0,3599
3,11553808.203599494,11549884.10571289,-3924.0978866033256,-2576.7058352734894,2,-0.7238058429211378,-2576.343932352029,14311,573321078100.0,3600
2,14710309.019601421,14706017.537963867,-4291.481637554243,-2575.982029430568,2,0.7238058429211378,-2576.343932352029,14312,573324234250.0,3600
3,27091941.709662817,27082806.494995117,-9135.214667700231,-5975.78305247426,4,8.64328233897686,-5982.623197987676,14333,574337510310.0,3601
3,36810849.14246223,36800575.482788086,-10273.659674145281,-5980.820061162114,4,3.606273651123047,-5982.623197987676,14334,574347228130.0,3601
1,47013901.29452931,47002411.92944336,-11489.365085951984,-6006.657065361738,4,-25.83700419962406,-5982.623197987676,14335,574357430020.0,3601
0,59732615.54818632,59719665.17175293,-12950.376433387399,-5984.426334813237,4,-3.606273651123047,-5982.623197987676,14336,574370147340.0,3601
3,33094777.90267258,33090547.138305664,-4230.764366917312,-371.2887809611857,2,6.755086217075586,-374.6663240697235,14357,575344369160.0,3602
2,52609357.99853846,52602844.71081543,-6513.28772302717,-378.0438671782613,2,-6.755086217075586,-374.6663240697235,14358,575363881560.0,3602
1,2423530.3208338004,2397568.1525878906,-25962.168245909736,-25679.538879652042,2,27.876139889936894,-25693.47694959701,14381,576314581370.0,3603
0,68486005.58181828,68452311.40625,-33694.175568282604,-25707.41501954198,2,-27.876139889936894,-25693.47694959701,14382,576380636460.0,3603
1,3201953.175085371,3192416.153564453,-9537.02152091777,-9163.613361390308,3,14.24365702457726,-9170.376282736659,14410,577316228580.0,3604
3,30316639.703493476,30303933.834960938,-12705.868532538414,-9170.376282736659,3,4.0992750050500035,-9170.376282736659,14411,577343340240.0,3604
1,48162862.200603314,48148060.16430664,-14802.036296673119,-9185.33775409311,3,-18.342932029627264,-9170.376282736659,14412,577361184460.0,3604
2,1460734.707590369,1463953.1396484375,3218.432058068458,3388.781288333237,4,5.522470265626907,3386.0200532004237,14444,578315402130.0,3605
0,7935643.824076443,7938119.154296875,2475.3302204320207,3400.7760320920497,4,17.517214024439454,3386.0200532004237,14445,578321876330.0,3605
0,29736639.32051697,29736554.72607422,-84.59444275125861,3383.2588180676103,4,-5.522470265626907,3386.0200532004237,14446,578343674880.0,3605
3,73728476.06810918,73723223.82336426,-5252.244744926691,3345.886785417795,4,-42.89450291544199,3386.0200532004237,14447,578387661780.0,3605
3,11487806.71268718,11523452.11328125,35645.400594070554,36985.09562614374,2,11.116549154743552,36979.53735156637,14496,580327274430.0,3607
3,38232726.4137296,38265241.73547363,32515.321744032204,36973.979076988995,2,-11.116549154743552,36979.53735156637,14497,580354016360.0,3607
2,9326785.412604615,9264575.452392578,-62209.96021203697,-61122.281040983275,2,14.084687812253833,-61129.3233848894,14519,581325999740.0,3608
0,50255067.684304215,50188070.62939453,-66997.05490968376,-61136.36572879553,2,-14.084687812253833,-61129.3233848894,14520,581366923450.0,3608
3,52971255.71204892,52949908.5736084,-21347.13844051957,-15169.69048243761,2,6.123788632452488,-15172.752376753837,14545,582370486460.0,3609
1,56950124.963038355,56928307.689575195,-21817.2734631598,-15175.814271070063,2,-6.123788632452488,-15172.752376753837,14546,582374464880.0,3609
3,9849.466975915304,-2411.5010986328125,-12260.968074548116,-12259.819440844032,4,43.44109766694601,-12290.127647234127,14567,583318427180.0,3610
1,9875195.347013243,9861766.718139648,-13428.628873594105,-12276.994755957276,4,26.265782553702593,-12290.127647234127,14568,583328291410.0,3610
3,61165663.83757828,61146227.50646973,-19436.331108555198,-12303.260538510978,4,-26.265782553702593,-12290.127647234127,14569,583379576140.0,3610
2,70690480.24011332,70669927.51293945,-20552.72717386484,-12308.883282586932,4,-31.888526629656553,-12290.127647234127,14570,583389099890.0,3610
3,20046332.976710506,20049203.451416016,2870.4747055098414,5208.255395233631,2,3.9208543598651886,5206.2949680536985,14597,584339324090.0,3611
0,38965003.87189482,38965664.1517334,660.2798385769129,5204.334540873766,2,-3.9208543598651886,5206.2949680536985,14598,584358240650.0,3611
0,32504432.11878405,32474674.048095703,-29758.070688348264,-25967.440560337156,2,24.91592900827527,-25979.898524841294,14624,585352668800.0,3612
2,57916877.22142148,57884130.66418457,-32746.557236909866,-25992.35648934543,2,-24.91592900827527,-25979.898524841294,14625,585378078390.0,3612
3,36100450.88351572,36162030.83972168,61579.95620595664,65789.94997707754,3,24.673153083771467,65769.3085789904,14673,587358098780.0,3614
1,57714478.681501925,57773517.392822266,59038.71132034063,65769.3085789904,3,-6.28894404694438,65769.3085789904,14674,587379710380.0,3614
1,69738835.89892018,69796464.27978516,57628.38086497784,65761.24506899714,3,-18.384209036827087,65769.3085789904,14675,587391733390.0,3614
0,36179078.834376946,36214888.08532715,35809.250950202346,40028.41422406584,1,,40028.41422406584,14699,588359127900.0,3615
2,55651728.908452004,55690085.4387207,38356.53026869893,44846.5719807148,3,6.525937803089619,44846.5719807148,14718,589379567430.0,3616
3,64360315.87817753,64397659.72937012,37343.851192586124,44849.47847211361,3,10.88567490130663,44846.5719807148,14719,589388275050.0,3616
1,69602978.61898197,69639692.21191406,36713.59293209016,44830.61361370981,3,-17.411612704396248,44846.5719807148,14720,589393517110.0,3616
3,24605319.727733776,24649704.150390625,44384.42265684903,47253.86722762138,1,,47253.86722762138,14747,590349456300.0,3617
2,16914305.155672804,16859256.57385254,-55048.58182026446,-53076.0546743311,3,41.12071995809674,-53103.74860446155,14773,591342641050.0,3618
2,51239255.62294847,51180176.41027832,-59079.21267014742,-53103.74860446155,3,-0.42017523758113384,-53103.74860446155,14774,591376962150.0,3618
2,76930073.66571456,76867971.56530762,-62102.10040694475,-53130.60218411684,3,-40.70054472051561,-53103.74860446155,14775,591402650080.0,3618
0,67788652.66955483,67802457.49633789,13804.826783061028,21710.26282352209,1,,21710.26282352209,14799,592394404620.0,3619
0,35133217.63673589,35158514.53173828,25296.895002394915,29394.09112571925,3,38.126703690737486,29367.197160609066,14823,593362707840.0,3620
3,61459006.43657355,61481206.353881836,22199.917308285832,29367.197160609066,3,-2.2142439745366573,29367.197160609066,14824,593389030670.0,3620
1,71403986.47564977,71425004.15515137,21017.679501593113,29344.731683447957,3,-35.91245971620083,29367.197160609066,14825,593398974520.0,3620
0,5176676.9420558065,5176123.811889648,-553.1301661580801,50.56804668344557,4,35.211925545707345,18.895167304202914,14851,594333631410.0,3621
3,15064026.231145406,15062291.915649414,-1734.3154959920794,22.4342134706676,4,7.078092332929373,18.895167304202914,14852,594343517630.0,3621
0,40832443.14044556,40827696.66320801,-4746.477237552404,15.356121137738228,4,-7.078092332929373,18.895167304202914,14853,594369283170.0,3621
3,71007669.6695629,70999388.28051758,-8281.389045327902,-0.554881364107132,4,-22.989094834774733,18.895167304202914,14854,594399455020.0,3621
1,15426853.356864728,15409057.880371094,-17795.476493634284,-15996.414294939488,2,5.796204216778278,-15999.312397047877,14886,595344790740.0,3622
1,29198172.866311204,29178765.59790039,-19407.268410813063,-16002.210499156266,2,-5.796204216778278,-15999.312397047877,14887,595358560520.0,3622
1,3267223.9755651895,3249379.8120117188,-17844.163553470746,-17463.143586978782,3,31.65555677143857,-17487.808587640524,14914,596333497180.0,3623
2,36394087.98287498,36372355.93688965,-21732.04598533362,-17487.808587640524,3,-5.341944221174344,-17487.808587640524,14915,596366620330.0,3623
1,52040394.49478546,52016823.81311035,-23570.681675106287,-17501.789699859917,3,-26.313612550264224,-17487.808587640524,14916,596382264880.0,3623
1,18151819.116228983,18153117.583496094,1298.4672671109438,3415.3118921369314,3,7.2791360802948475,3412.811553478241,14959,598350170480.0,3625
2,25220758.44272602,25221220.48034668,462.0376206599176,3403.253958635032,3,-10.807764172554016,3412.811553478241,14960,598357238620.0,3625
3,31516590.052486025,31516327.434936523,-262.61754950135946,3412.811553478241,3,3.5286280922591686,3412.811553478241,14961,598363533760.0,3625
1,51980151.59264704,51973493.80029297,-6657.79235406965,-595.9258379712701,1,,-595.9258379712701,14985,599384923520.0,3626
3,15376132.495862855,15338660.343017578,-37472.15284527652,-35679.00565605238,2,40.28276493772864,-35699.147038521245,15026,601350014970.0,3628
1,54801723.610946834,54759613.4074707,-42110.20347613096,-35719.28842099011,2,-40.28276493772864,-35699.147038521245,15027,601389436130.0,3628
1,411657.97628250055,411716.9221191406,58.945836640079506,106.95292446215171,3,14.092756046098657,106.95292446215171,15046,602335931090.0,3629
0,23441945.6282781,23439326.041381836,-2619.586896263063,114.18630220741034,3,24.94282266398659,106.95292446215171,15047,602358958820.0,3629
2,64054891.34876085,64047492.8737793,-7398.474981553853,71.53403462469578,3,-39.03557871008525,106.95292446215171,15048,602399567200.0,3629
0,6773372.084313944,6756293.391235352,-17078.69307859242,-16288.790083295666,2,57.831038133241236,-16317.705602362286,15070,603343204090.0,3630
2,66586811.34448737,66562699.44470215,-24111.899785220623,-16346.621121428907,2,-57.831038133241236,-16317.705602362286,15071,603403010810.0,3630
2,76287643.7917297,76254312.61828613,-33331.17344357073,-24434.59466639161,1,,-24434.59466639161,15102,604413578640.0,3631
