arm,tof,off,u,v,n_b,res,delta_b,eventId,t_dream_ns,bunch
3,26478908.23395054,26518999.230799675,40090.996849134564,43166.31227824092,1,,43166.31227824092,1,2362570.0,1610
2,1477939.6846390339,1595355.6188640594,117415.93422502559,117587.58521136153,1,,117587.58521136153,86,2980284050.0,1613
2,39008604.85728356,39138176.05505943,129571.19777587056,134101.73820924014,1,,134101.73820924014,110,4018848580.0,1614
1,52282853.75536084,52330966.742292404,48112.986931562424,54185.22621767223,1,,54185.22621767223,137,5033086780.0,1615
3,24119901.294803813,24221655.836797714,101754.54199390113,104555.87745475397,2,-14.62678200379014,104563.19084575586,162,6005884710.0,1616
0,71031446.3414123,71127767.10585785,96320.76444554329,104570.50423675776,2,14.62678200379014,104563.19084575586,163,6052791030.0,1616
2,57592788.21612844,57617634.828855515,24846.612727075815,31535.558836236596,2,-16.678502216935158,31543.898087345064,194,7040279340.0,1617
0,61852497.31562879,61876865.87539101,24368.559762217104,31552.23733845353,2,16.678502216935158,31543.898087345064,195,7044538590.0,1617
2,50796789.64740444,50804064.79162216,7275.144217722118,13174.788930088282,3,23.00787738338113,13156.35182709992,263,10036274110.0,1620
3,58626282.58118109,58632629.95471573,6347.37353464216,13156.35182709992,3,-4.64777709916234,13156.35182709992,264,10044102710.0,1620
2,64396026.16055552,64401694.28253174,5668.121976219118,13147.210278309882,3,-18.360100284218788,13156.35182709992,265,10049871800.0,1620
2,35246839.86878573,35312029.810215,65189.94142926484,69283.58265940845,2,-3.599799193441868,69285.38255900517,287,11021673500.0,1621
2,36052406.24478894,36117506.22586441,65099.98107547313,69287.18245860189,2,3.599799193441868,69285.38255900517,288,11022478980.0,1621
2,70834341.4703194,70956581.31679535,122239.84647594392,130466.69409781694,2,19.062758460640907,130457.16271858662,304,12058199720.0,1622
0,73073550.63630706,73195511.35361862,121960.71731156111,130447.6313393563,2,-19.062758460640907,130457.16271858662,305,12060438660.0,1622
1,37408654.53577945,37514899.70845413,106245.17267468572,110589.8915528059,2,-5.167835161089897,110592.47547038645,329,13025762280.0,1623
2,59552462.6679036,59656141.180519104,103678.51261550188,110595.05938796699,2,5.167835161089897,110592.47547038645,330,13047903620.0,1623
3,3954546.218696788,4053614.484676361,99068.26597957313,99527.55519550387,2,-1.6478257989510894,99528.37910840334,353,13993238420.0,1624
1,48010275.27074148,48104228.46062088,93953.18987940252,99529.20302130282,2,1.6478257989510894,99528.37910840334,354,14037289230.0,1624
1,3693417.729808525,3836551.165512085,143133.43570355978,143562.39691413008,5,-15.898201890289783,143577.2322049588,384,14993994770.0,1625
2,28207564.43608445,28347862.09083557,140297.654751122,143573.73990393057,5,-4.555212089791894,143577.2322049588,385,15018506190.0,1625
2,32513769.789302513,32653572.930538177,139803.1412356645,143579.35802708194,5,3.8719726372510195,143577.2322049588,386,15022811920.0,1625
3,63604827.123925515,63741024.59220886,136197.4682833478,143584.66508509964,5,9.17903065495193,143577.2322049588,387,15053899510.0,1625
1,72972220.82560167,73107322.91243362,135102.0868319571,143577.2322049588,5,0.6832394525408745,143577.2322049588,388,15063265850.0,1625
2,3776808.1754469587,3900303.9949417114,123495.81949475268,123934.46584497625,1,,123934.46584497625,430,16996076520.0,1627
2,52167460.91789965,52222768.521247864,55307.603348210454,61366.440670378506,3,31.52383342385292,61340.42420582473,450,18045407430.0,1628
2,72086861.78458595,72139829.8908577,52968.106271743774,61340.42420582473,3,-7.500863406807184,61340.42420582473,451,18065324580.0,1628
2,78264342.77842245,78316582.40447617,52239.62605372071,61329.409468084574,3,-24.022970017045736,61340.42420582473,452,18071501360.0,1628
0,41702551.18909006,41737374.99726868,34823.80817861855,39667.22913736105,2,6.851265586912632,39663.80350456759,474,19035872620.0,1629
0,46477311.34586671,46511573.752212524,34262.40634581447,39660.37787177414,2,-6.851265586912632,39663.80350456759,475,19040646840.0,1629
1,63626095.72668134,63634133.55698776,8037.830306425691,15427.497287906706,1,,15427.497287906706,502,20058678890.0,1630
0,17447077.291201383,17526908.799827576,79831.50862619281,81857.84844021872,3,44.765864443033934,81818.96733236313,518,21013465770.0,1631
2,73679096.87417358,73752358.59807968,73261.7239060998,81818.96733236313,3,-13.555797340348363,81818.96733236313,519,21069691470.0,1631
2,78442020.62717807,78514717.40570831,72696.77853024006,81807.19781918824,3,-31.21006710268557,81818.96733236313,520,21074453850.0,1631
0,13720091.858485188,13760835.272525787,40743.41404059902,42336.89402128197,1,,42336.89402128197,546,22010673350.0,1632
2,70118718.1016534,70305307.54034424,186589.4386908412,194733.17232751846,1,,194733.17232751846,581,23068152320.0,1633
0,14371194.28365411,14495656.947113037,124462.6634589266,126131.76382834837,8,61.50470628216863,126086.30464982055,606,24013464060.0,1634
2,23112394.970137194,23235818.05363083,123423.08349363506,126107.405076202,8,37.14595413580537,126086.30464982055,607,24022204260.0,1634
2,32284604.49318587,32406957.242305756,122352.74911988527,126102.3501775749,8,32.09105550870299,126086.30464982055,608,24031375440.0,1634
0,52248460.22634481,52368498.41398239,120038.18763758242,126106.43238776177,8,36.1732656955719,126086.30464982055,609,24051337070.0,1634
2,65930664.60105193,65819198.558727264,-111466.04232466221,-103808.71792490035,8,-229911.06810247526,126086.30464982055,610,24064787830.0,1634
2,65930664.60105193,66049077.53577423,118412.93472230434,126070.2591220662,8,-32.09105550870299,126086.30464982055,611,24065017710.0,1634
3,71339020.0463238,71456803.47153854,117783.42521473765,126068.8872552216,8,-33.46292235329747,126086.30464982055,612,24070425460.0,1634
2,78881105.61610055,78998009.91336823,116904.2972676754,126065.71279971302,8,-36.63737786188722,126086.30464982055,613,24077966700.0,1634
1,40311675.84782471,40369103.17813873,57427.33031402528,62109.21212019771,2,28.05080710351467,62095.186716645956,675,26041298530.0,1636
3,57075726.31950562,57131178.58735275,55452.26784713566,62081.1613130942,2,-28.05080710351467,62095.186716645956,676,26058060680.0,1636
2,24834361.92585656,24990651.170387268,156289.2445307076,159173.5589339994,1,,159173.5589339994,730,28027837910.0,1638
2,54442053.812481545,54529161.15036774,87107.3378861919,93430.35115405172,1,,93430.35115405172,757,29058414990.0,1639
0,12866476.913380027,12878576.071426392,12099.158046364784,13593.497413394973,4,37.33153869025409,13561.064130496234,785,30017768610.0,1640
1,29652639.13555046,29662751.3822937,10112.246743239462,13556.165874704719,4,-9.796511583030224,13561.064130496234,786,30034552860.0,1640
0,38325167.996482134,38334282.79421234,9114.797730207443,13565.962386287749,4,9.796511583030224,13561.064130496234,787,30043224430.0,1640
3,51885249.75107156,51892762.45934296,7512.70827139914,13538.769002176821,4,-27.193384110927582,13561.064130496234,788,30056782970.0,1640
1,13286412.575624049,13339712.08972168,53299.51409763098,54842.62566515803,4,-9.996288921684027,54850.44574370049,815,31019123290.0,1641
3,18861405.264838926,18914067.283988953,52662.01915002614,54852.62195407972,4,4.352420758455992,54850.44574370049,816,31024697670.0,1641
1,27237475.162488066,27289160.015052795,51684.85256472975,54848.26953332126,4,-4.352420758455992,54850.44574370049,817,31033072800.0,1641
2,69167051.99114273,69213893.45111084,46841.45996810496,54874.6651250124,4,26.39559169113636,54850.44574370049,818,31074997720.0,1641
3,46562809.024357006,46635051.47692871,72242.45257170498,77650.3539757207,1,,77650.3539757207,869,33054338470.0,1643
0,2658974.5565053197,2732254.321159363,73279.76465404313,73588.5834847507,4,8.511123594362289,73584.32792295353,887,34011462140.0,1644
0,30689264.15730568,30759289.601600647,70025.44429496676,73589.75921070948,4,9.686849553138018,73584.32792295353,888,34039489300.0,1644
3,56010849.09400901,56077916.93438721,67067.84037819505,73573.05679022521,4,-15.526694525498897,73584.32792295353,889,34064808040.0,1644
0,68416657.71569756,68482291.73525238,65634.01955482364,73580.07236115634,4,-8.511123594362289,73584.32792295353,890,34077212470.0,1644
2,15896050.517969862,15929115.520004272,33065.002034410834,34911.20237574726,1,,34911.20237574726,918,35025585370.0,1645
2,8149134.956239538,8158629.897666931,9494.941427392885,10441.39889623411,3,-11.13184891268611,10448.04552045092,940,36018769320.0,1646
2,20359762.14655172,20367845.566986084,8083.420434363186,10448.04552045092,3,-1.1619125874713063,10448.04552045092,941,36030978590.0,1646
0,76071165.72879228,76072787.68148804,1621.9526957571507,10457.015969842672,3,12.293761500157416,10448.04552045092,942,36086683780.0,1646
2,27879833.466284633,28000507.538902283,120674.07261765003,123912.09441455454,1,,123912.09441455454,970,37039534780.0,1647
1,65741390.769940436,65755128.78424072,13738.01430028677,21373.356043964624,1,,21373.356043964624,999,38078366920.0,1648
1,7418507.229197662,7449298.304855347,30791.075657684356,31652.676503961906,3,24.190199928358197,31634.98213596642,1020,39020956420.0,1649
2,66260200.09830495,66284126.49143982,23926.393134869635,31621.990472100675,3,-21.8388478634879,31634.98213596642,1021,39079791510.0,1649
0,73932814.08095858,73955862.35242462,23048.27146604657,31634.98213596642,3,-2.351352064870298,31634.98213596642,1022,39087463280.0,1649
3,47131304.622957885,47149869.708717346,18565.085759460926,24039.01342370361,2,-12.361845001578331,24045.1943462044,1053,40061550710.0,1650
0,54991980.24052274,55009644.732925415,17664.492402672768,24051.37526870519,2,12.361845001578331,24045.1943462044,1054,40069410520.0,1650
3,14033943.691419873,14195220.364845276,161276.6734254025,162906.60481018946,2,7.5458520874381065,162902.83188414574,1081,41029503280.0,1651
0,26215631.84199047,26375486.162986755,159854.32099628448,162899.05895810202,2,-7.5458520874381065,162902.83188414574,1082,41041683600.0,1651
2,46470327.4469964,46579069.83921051,108742.39221411198,114139.55261553824,1,,114139.55261553824,1100,42062890640.0,1652
0,19884837.013958212,19994431.69897461,109594.68501639739,111904.15131062642,2,4.9791888408362865,111901.661716206,1120,43037314370.0,1653
3,46619658.07542521,46726142.74357605,106484.66815084219,111899.17212178558,2,-4.9791888408362865,111901.661716206,1121,43064046200.0,1653
3,41137043.47664018,41218735.0597229,81691.58308272064,86469.32480053604,2,0.43290576338768005,86469.10834765434,1134,44059491190.0,1654
1,77278020.5900327,77355514.25202179,77493.66198909283,86468.89189477265,2,-0.43290576338768005,86469.10834765434,1135,44095628130.0,1654
0,49067434.68771114,49084129.73282623,16695.045115090907,22393.838948599994,2,1.2312454506754875,22393.223325874656,1171,45068339250.0,1655
3,73896279.11769293,73910089.25797272,13810.140279784799,22392.60770314932,2,-1.2312454506754875,22393.223325874656,1172,45093165320.0,1655
3,17893790.09662958,17908114.527626038,14324.430996458977,16402.652964040637,2,-29.9042666554451,16417.60509736836,1199,46038058430.0,1656
0,77384894.90969005,77392339.82440948,7444.914719432592,16432.557230696082,2,29.9042666554451,16417.60509736836,1200,46097542920.0,1656
3,38635898.19857143,38713168.025146484,77269.82657505572,81757.08008255064,2,7.732977077364922,81753.21359401196,1226,47059755070.0,1657
3,69258816.28559133,69332521.76984406,73705.48425272107,81749.34710547328,2,-7.732977077364922,81753.21359401196,1227,47090374560.0,1657
1,27170581.31856499,27231816.969314575,61235.65074958652,64391.2985281311,1,,64391.2985281311,1274,49050125520.0,1659
2,12230201.66733879,12258325.373962402,28123.70662361197,29544.147661298513,4,-13.154689282178879,29555.950402915478,1300,50036112320.0,1660
3,29559014.01306805,29585138.270103455,26124.257035404444,29557.302350580692,4,2.703895330429077,29555.950402915478,1301,50053439210.0,1660
0,57896314.061205775,57919152.18450165,22838.123295873404,29562.321527451277,4,7.723072201013565,29555.950402915478,1302,50081773350.0,1660
3,67774485.10313737,67796168.23204803,21683.128910660744,29554.598455250263,4,-2.703895330429077,29555.950402915478,1303,50091650410.0,1660
1,9733193.710641969,9836216.071105957,103022.36046398804,104152.79380845837,1,,104152.79380845837,1325,51034617790.0,1661
2,8131207.932764063,8160593.167312622,29385.234548559412,30329.609935639426,4,-30.203907480463386,30349.775692733005,1348,52033932470.0,1662
3,13745864.920872103,13774608.18509674,28743.2642246373,30339.73754234612,4,-20.076300773769617,30349.775692733005,1349,52039546510.0,1662
0,14575707.531772839,14604374.492652893,28666.96088005416,30359.81384311989,4,20.076300773769617,30349.775692733005,1350,52040376280.0,1662
3,74547183.25217399,74568887.6521759,21704.40000191331,30362.464784130454,4,22.727241784334183,30349.775692733005,1351,52100341060.0,1662
3,25417707.80638936,25436964.21585846,19256.409469097853,22208.474875226617,2,0.09718887507915497,22208.426280789077,1375,53052134460.0,1663
2,40033190.345148444,40050749.184913635,17558.83976519108,22208.377686351538,2,-0.09718887507915497,22208.426280789077,1376,53066748310.0,1663
2,3445811.2473229654,3549455.663383484,103644.41606051847,104044.61973965261,2,38.30593016091734,104025.46677457215,1401,54031145260.0,1664
1,48274706.61027853,48373106.19934082,98399.5890622884,104006.3138094917,2,-38.30593016091734,104025.46677457215,1402,54075969110.0,1664
0,47189552.04119903,47331578.65952301,142026.61832398176,147507.3109644279,2,8.448378749191761,147503.0867750533,1434,55075876160.0,1665
2,76984598.37645343,77123156.08779907,138557.7113456428,147498.8625856787,2,-8.448378749191761,147503.0867750533,1435,55105667870.0,1665
3,33785570.81405331,33832786.18965912,47215.37560580671,51139.3020112142,3,7.888489313423634,51134.2678874135,1461,56063407810.0,1666
3,41941316.78485056,41987579.90104675,46263.1161961928,51134.2678874135,3,0.33730361238121986,51134.2678874135,1462,56071562640.0,1666
1,51139539.86725493,51184728.973976135,45189.1067212075,51128.559156388044,3,-8.225792925804853,51134.2678874135,1463,56080759830.0,1666
1,1012240.627512285,1052237.9992752075,39997.3717629225,40114.935492977034,4,-27.57775516854599,40128.72437056131,1487,57031550610.0,1667
1,10317045.976116285,10355956.597976685,38910.62186039984,40108.86502030678,4,-33.64822783879936,40128.72437056131,1488,57040854370.0,1667
3,54012140.702784196,54046012.17839813,33871.47561393678,40144.557879820466,4,29.62238684343174,40128.72437056131,1489,57084544620.0,1667
2,63223411.578419715,63256211.19326019,32799.614840477705,40142.51324814558,4,27.57775516854599,40128.72437056131,1490,57093754860.0,1667
0,49478154.52356547,49574509.80504608,96355.28148061037,102101.77716939151,1,,102101.77716939151,1511,58081043440.0,1668
0,50705094.74627738,50826245.90533447,121151.15905709565,127040.15413308889,1,,127040.15413308889,1531,59083278580.0,1669
0,23346222.478909373,23469507.219161987,123284.74025261402,125996.21904797852,1,,125996.21904797852,1549,60056926110.0,1670
0,23813713.991526693,23927579.04147339,113865.04994669557,116630.82417784631,1,,116630.82417784631,1575,61058324830.0,1671
0,39643786.61138666,39723832.29032898,80045.67894232273,84649.99070461094,2,4.600229367613792,84647.69058992714,1604,62075133480.0,1672
3,66846199.520447195,66923081.25439453,76881.73394733667,84645.39047524333,2,-4.600229367613792,84647.69058992714,1605,62102332850.0,1672
3,51100924.43839304,51197617.08959961,96692.65120656788,102627.61876559258,1,,102627.61876559258,1624,63087548730.0,1673
1,37906081.67545244,38032459.53492737,126377.85947492719,130780.35057476908,1,,130780.35057476908,1642,64075324160.0,1674
1,3764267.0641718293,3902725.0157470703,138457.95157524105,138895.1413747389,3,-6.692961352411658,138895.1413747389,1664,65042192520.0,1675
1,4639005.679610213,4777361.123641968,138355.4440317545,138894.22779187653,3,-8.06333564594388,138895.1413747389,1665,65043067160.0,1675
3,55084214.824117005,55216726.66981506,132511.8456980586,138909.44088030607,3,14.756296998355538,138895.1413747389,1666,65093506750.0,1675
0,74873880.43164784,74916062.72662354,42182.294975697994,50878.30304725468,2,-8.112105950713158,50882.35910023004,1705,66114178820.0,1676
2,79876831.11217847,79918440.46617126,41609.353992789984,50886.415153205395,2,8.112105950713158,50882.35910023004,1706,66119181220.0,1676
3,50309728.60785967,50366343.89189148,56615.284031808376,62458.36046286672,1,,62458.36046286672,1751,68091465740.0,1678
2,25955385.971045792,25969026.24028015,13640.269234359264,16654.781699899584,4,-9.625704225152731,16659.59455201216,1776,69068026880.0,1679
1,29369019.325026114,29382251.05152893,13231.726502817124,16642.705440089107,4,-21.701964035630226,16659.59455201216,1777,69071440120.0,1679
0,50089173.82292125,50100028.85797119,10855.035049945116,16672.495789937675,4,17.714090038090944,16659.59455201216,1778,69092157990.0,1679
1,79108223.12504107,79115699.73901367,7476.613972604275,16664.407404124737,4,9.625704225152731,16659.59455201216,1779,69121173790.0,1679
0,11181210.57601872,11199685.949493408,18475.373474687338,19773.98250707984,2,12.483933322131634,19767.740540418774,1794,70054169960.0,1680
1,54574119.72779878,54587542.874694824,13423.14689604193,19761.498573757708,2,-12.483933322131634,19767.740540418774,1795,70097558010.0,1680
2,32554928.741756864,32625978.679107666,71049.93735080212,74830.9344284907,1,,74830.9344284907,1813,71076488610.0,1681
0,39947756.73225734,40067908.88088989,120152.1486325562,124791.76411637664,3,9.334591943770647,124788.34007506073,1861,73085902490.0,1683
0,41396281.9458978,41516262.4357605,119980.48986269534,124788.34007506073,3,4.1985299699008465,124788.34007506073,1862,73087350850.0,1683
1,60683648.02352455,60801376.617507935,117728.59398338199,124776.51897380501,3,-13.533121913671494,124788.34007506073,1863,73106636050.0,1683
0,2251592.8582945066,2383128.3045959473,131535.4463014407,131796.95097512286,3,0.11479840148240328,131796.95097512286,1888,74049188140.0,1684
0,21212393.467668086,21341723.939361572,129330.47169348598,131794.1231530942,3,-4.126934641506523,131796.95097512286,1889,74068146820.0,1684
3,67049147.6688394,67173159.99069214,124012.32185273618,131799.54920034856,3,4.01213624002412,131796.95097512286,1891,74113978460.0,1684
0,45390548.697162524,45405054.38171387,14505.684551343322,19777.4372048378,2,20.177114203572273,19767.348647736013,1920,75093226680.0,1685
3,72161919.03889711,72173295.26374817,11376.224851056933,19757.260090634227,2,-20.177114203572273,19767.348647736013,1921,75119995040.0,1685
0,3137908.557597086,3256782.0642700195,118873.5066729337,119237.9498938187,3,87.91909487685189,119166.05681683123,1947,76051959730.0,1686
2,40674453.00606094,40788895.04737854,114442.04131759703,119166.05681683123,3,-19.92052060435526,119166.05681683123,1948,76089492010.0,1686
2,69700877.09563902,69811915.89570618,111038.80006715655,119134.00478105247,3,-67.99857427249663,119166.05681683123,1949,76118515160.0,1686
2,9591400.808420435,9709484.900787354,118084.09236691892,119198.0575890597,2,1.9934209641069174,119197.06087857764,1969,77059422740.0,1687
3,38081584.9452102,38196358.13496399,114773.18975378573,119196.06416809559,2,-1.9934209641069174,119197.06087857764,1970,77087909740.0,1687
2,58569498.39849754,58722034.54191589,152536.14341835678,159338.526677832,1,,159338.526677832,1992,78109402010.0,1688
0,38638583.129835606,38717690.98171997,79107.85188436508,83595.41722535342,1,,83595.41722535342,2020,79090437040.0,1689
1,66353245.0026267,66374833.62307739,21588.62045069039,29295.024216465652,1,,29295.024216465652,2046,80119067720.0,1690
2,22585171.688191272,22711526.199020386,126354.51082911342,128977.59960407391,2,7.408910531550646,128973.89514880814,2073,81076251680.0,1691
3,71234832.9053482,71355529.73451233,120696.82916413248,128970.19069354236,2,-7.408910531550646,128973.89514880814,2074,81124895900.0,1691
3,77612423.2951782,77657067.06028748,44643.76510927081,53657.833240062,1,,53657.833240062,2100,82132248960.0,1692
1,34436444.19379786,34557370.70555115,120926.51175329089,124926.03194563091,4,-7.229942046105862,124929.64691665396,2115,83090091510.0,1693
2,41828002.54634529,41948077.817092896,120075.27074760199,124933.26188767701,4,7.229942046105862,124929.64691665396,2116,83097482250.0,1693
0,43493936.42942664,43613830.404541016,119893.97511437535,124945.45127767324,4,19.419332042336464,124929.64691665396,2117,83099148010.0,1693
2,50294995.93281734,50414070.1436615,119074.21084415913,124915.5761917159,4,-17.685695961117744,124929.64691665396,2118,83105948280.0,1693
3,24959746.511350244,24999990.918640137,40244.407289892435,43143.28411950916,3,23.028946205973625,43121.635948739946,2137,84081514670.0,1694
2,62318300.83449763,62354184.693481445,35883.858983814716,43121.635948739946,3,-9.44330994784832,43121.635948739946,2138,84118869030.0,1694
3,63975378.6794204,64011067.320388794,35688.64096839726,43118.87439786643,3,-13.585636258125305,43121.635948739946,2139,84120525920.0,1694
3,3090430.179386257,3179234.0201416016,88803.84075534437,89162.76973871747,5,99.76494040573016,89081.52258339524,2163,85060603230.0,1695
2,25732670.733265974,25818793.27470398,86122.54143800586,89111.1872929968,5,48.182494685053825,89081.52258339524,2164,85083242890.0,1695
1,38445050.27710456,38529666.71165466,84616.43455010653,89081.52258339524,5,3.685430282726884,89081.52258339524,2165,85095953820.0,1695
1,55192397.867993504,55275032.19522095,82634.32722744346,89044.48701322824,5,-51.86792496778071,89081.52258339524,2166,85112699260.0,1695
0,67315319.19508344,67396538.2548523,81219.05976885557,89037.20083066821,5,-59.154107527807355,89081.52258339524,2167,85124820820.0,1695
3,18836387.783976473,18891894.080703735,55506.29672726244,57693.993949100375,3,13.330869030207396,57684.52708849311,2187,86077229470.0,1696
2,43995037.28639743,44047612.138427734,52574.852030307055,57684.52708849311,3,-0.8694218806922436,57684.52708849311,2188,86102385300.0,1696
2,57659941.283400945,57710921.33706665,50980.053665705025,57676.79907164723,3,-12.461447149515152,57684.52708849311,2189,86116048670.0,1696
0,8308386.23894673,8421074.604644775,112688.36569804512,113653.31894180644,5,6.428250818513334,113650.63218572736,2217,87067683890.0,1697
2,22171206.9667273,22282272.922683716,111065.95595641434,113640.96600835025,5,-10.338174521923065,113650.63218572736,2218,87081545150.0,1697
2,27681570.250455026,27791998.404556274,110428.15410124883,113643.1491962485,5,-8.154986623674631,113650.63218572736,2219,87087054900.0,1697
3,47188451.54213754,47296621.60949707,108170.06735952944,113650.63218572736,5,3.0694975946098566,113650.63218572736,2220,87106559610.0,1697
2,49195194.33651238,49303132.68058777,107938.3440753892,113651.976180017,5,5.0854890290647745,113650.63218572736,2221,87108566130.0,1697
1,67147336.73068058,67259694.54167175,112357.81099116802,120156.44222047925,1,,120156.44222047925,2242,88127484410.0,1698
2,16337115.851380775,16371592.45779419,34476.6064134147,36374.03299916908,1,,36374.03299916908,2267,89077625560.0,1699
0,8541388.744922036,8586947.063659668,45558.318737631664,46550.333376647905,1,,46550.333376647905,2289,90070758230.0,1700
3,39017489.27927609,39104913.17492676,87423.89565066993,91955.46793927997,3,-5.650165934115648,91956.75570448488,2317,91102204690.0,1701
1,58862374.5187728,58947494.87597656,85120.35720375925,91956.75570448488,3,-3.718518126755953,91956.75570448488,2318,91122047360.0,1701
2,72486207.47554502,72569754.25727844,83546.78173342347,91965.4805059433,3,9.368684060871601,91956.75570448488,2319,91135669680.0,1701
2,51892922.84417808,52005617.65977478,112694.81559669971,118721.76749645919,2,3.7991036996245384,118719.86794460937,2337,92116038930.0,1702
2,70582414.12157227,70692934.50170898,110520.38013671339,118717.96839275956,2,-3.7991036996245384,118719.86794460937,2338,92134726330.0,1702
1,16516636.450164992,16555332.77519226,38696.32502726838,40614.601508433,2,-4.769888525828719,40616.98645269591,2381,94082550420.0,1704
1,55956696.844005555,55990817.28834534,34120.444339782,40619.37139695883,2,4.769888525828719,40616.98645269591,2382,94121986080.0,1704
0,35031681.07639195,35072784.31919861,41103.24280665815,45171.89504752308,1,,45171.89504752308,2414,95101989400.0,1705
2,42095003.76703139,42228882.393585205,133878.62655381858,138767.6277705282,2,-12.0173200070858,138773.63643053174,2441,96110073120.0,1706
0,60717621.75868485,60849349.53300476,131727.7743199095,138779.64509053528,2,12.0173200070858,138773.63643053174,2442,96128693670.0,1706
3,23714267.784583278,23727876.04559326,13608.261009983718,16362.485351998359,4,-4.653253097087145,16364.811978546903,2468,97092633510.0,1707
0,30124313.226550236,30137187.52433777,12874.29778753221,16372.998128131032,4,10.512776132673025,16364.811978546903,2469,97099042850.0,1707
2,36943910.784830414,36955987.18086243,12076.396032012999,16367.138605095446,4,4.653253097087145,16364.811978546903,2470,97105861680.0,1707
1,50630924.74031484,50641406.28111267,10481.540797829628,16361.921615198255,4,-5.2169898971915245,16364.811978546903,2471,97119547160.0,1707
3,9543019.894883862,9580232.971176147,37213.076292285696,38321.42245458625,2,-6.00524596683681,38324.42507756967,2496,98079402130.0,1708
3,17451587.218239147,17487887.782333374,36300.56409422681,38327.42770055309,2,6.00524596683681,38324.42507756967,2497,98087309820.0,1708
2,62731320.776861526,62788014.39363098,56693.61676945537,63979.3627287969,2,-5.121090844273567,63981.923274219036,2526,99133475530.0,1709
0,64558169.70129169,64614656.26512146,56486.563829772174,63984.48381964117,2,5.121090844273567,63981.923274219036,2527,99135302180.0,1709
0,47638248.5112299,47671895.56625366,33647.0550237596,39179.860204689205,1,,39179.860204689205,2551,100119289750.0,1710
0,25039982.9637383,25196907.773849487,156924.8101111874,159833.00576912612,2,83.15863212198019,159791.42645306513,2570,101097680300.0,1711
2,69228161.61626165,69379871.1608429,151709.54458124936,159749.84713700414,2,-83.15863212198019,159791.42645306513,2571,101141863460.0,1711
0,16074818.1398342,16120043.800827026,45225.66099282727,47092.62377727218,3,86.25391887314618,47019.16068534553,2590,102089594730.0,1712
0,58046269.504693195,58086547.05101013,40277.54631693661,47019.16068534553,3,-23.940719016827643,47019.16068534553,2591,102131561420.0,1712
0,73763300.56286743,73801727.11888123,38426.55601379275,46993.57903145254,3,-62.31319985631853,47019.16068534553,2592,102147276670.0,1712
2,45991123.03226307,46141428.23693848,150305.20467540622,155646.70928025246,4,-20.00970908254385,155658.4136162512,2621,103120518750.0,1713
0,47836349.12060412,47986460.02659607,150110.90599194914,155666.718989335,4,16.610746167600155,155658.4136162512,2622,103122363790.0,1713
1,68978977.20697816,69126615.9534607,147638.7464825362,155650.1082431674,4,-16.610746167600155,155658.4136162512,2623,103143504040.0,1713
0,77555561.39011744,77702227.79222107,146666.4021036327,155673.86617460847,4,23.75793144106865,155658.4136162512,2624,103152079690.0,1713
3,38102131.2596813,38214831.07347107,112699.81378977,117125.07449574023,3,-11.996227618306875,117126.30930006504,2645,104113599580.0,1714
3,46601369.32706262,46713083.256484985,111713.92942236364,117126.30930006504,3,-10.14402113109827,117126.30930006504,2646,104122097870.0,1714
0,61536835.98554824,61646836.80168152,110000.81613327563,117147.83214665204,3,22.140248749405146,117126.30930006504,2647,104137031690.0,1714
3,38897510.84785858,38999607.19818115,102096.35032257438,106613.98806682229,2,14.507905401289463,106606.73411412165,2666,105115379790.0,1715
0,48419968.94414632,48520944.82849121,100975.88434489071,106599.480161421,2,-14.507905401289463,106606.73411412165,2667,105124901170.0,1715
1,39456762.445992894,39548406.48348999,91644.03749709576,96226.627884157,4,27.621994115412235,96212.8168870993,2684,106116899190.0,1716
0,42756724.12818832,42848001.80036926,91277.67218094319,96243.52697554976,4,44.521085508167744,96212.8168870993,2685,106120198800.0,1716
2,56318743.42696462,56408401.456954956,89658.02999033779,96199.00589004159,4,-27.621994115412235,96212.8168870993,2686,106133759260.0,1716
1,61597498.07788155,61686537.96939087,89039.89150931686,96193.95294415951,4,-32.67493999749422,96212.8168870993,2687,106139037420.0,1716
3,5367180.063304184,5383164.232803345,15984.169499160722,16607.524945451878,1,,16607.524945451878,2718,107083707210.0,1717
2,22452717.408343144,22567977.76512146,115260.3567783162,117868.06203795597,2,-2.7727162577211857,117869.44839608483,2742,108101800490.0,1718
2,49931663.831181526,50043735.49873352,112071.66755199432,117870.83475421369,2,2.7727162577211857,117869.44839608483,2743,108129276370.0,1718
2,38238679.08440507,38311901.2240448,73222.13963972777,77663.25929382443,1,,77663.25929382443,2763,109118561930.0,1719
0,22282980.762416594,22378392.149093628,95411.3866770342,97999.3783698827,2,-1.266933761537075,98000.01183676347,2789,110103532900.0,1720
2,58673043.99705009,58764230.23309326,91186.2360431701,98000.64530364424,2,1.266933761537075,98000.01183676347,2790,110139918900.0,1720
0,38239091.998870224,38362524.66441345,123432.66554322839,127873.83315407485,1,,127873.83315407485,2809,111120506390.0,1721
1,42014472.589707814,42130381.67852783,115909.08882001787,120788.73697844148,1,,120788.73697844148,2823,112125232830.0,1722
2,32046282.985555492,32084146.103485107,37863.11792961508,41585.03983214125,2,-18.870805952697992,41594.4752351176,2841,113116158940.0,1723
2,49791036.07265927,49826857.14889526,35821.0762359947,41603.91063809395,2,18.870805952697992,41594.4752351176,2842,113133901730.0,1723
2,10909984.39152081,10936464.156265259,26479.764744449407,27746.873004129156,2,-9.199783707037568,27751.472895982675,2868,114095932610.0,1724
2,42799286.99150522,42822072.26615906,22785.274653837085,27756.072787836194,2,9.199783707037568,27751.472895982675,2869,114127818360.0,1724
2,18430170.90674118,18455900.818862915,25729.912121735513,27870.430471275,4,5.496619023382664,27865.51670156233,2893,115104333590.0,1725
3,30674053.954774696,30698356.340255737,24302.385481040925,27864.93385225162,4,-1.1656986214220524,27865.51670156233,2894,115116576100.0,1725
3,64748858.69334592,64769204.72589111,20346.03254519403,27866.09955087304,4,1.1656986214220524,27865.51670156233,2895,115150647100.0,1725
1,71886132.09024034,71905642.9689331,19510.878692761064,27859.88346299529,4,-6.216087877750397,27865.51670156233,2896,115157783570.0,1725
2,3849373.1790493596,3903517.736907959,54144.55785859935,54591.63205914106,2,-0.23528404254466295,54591.749701162335,2913,116090654460.0,1726
3,23863458.369407758,23915278.68510437,51820.315696612,54591.86734318361,2,0.23528404254466295,54591.749701162335,2914,116110666310.0,1726
0,8159592.629092886,8245374.453918457,85781.82482557092,86729.49687027,1,,86729.49687027,2960,118096806460.0,1728
3,1011842.5949638855,1065622.283706665,53779.688742779545,53897.20624450676,3,-38.46005529083777,53931.7945888862,2986,119090562970.0,1729
0,46000922.95481249,46049512.10661316,48589.15180066973,53931.7945888862,3,13.422461278329138,53931.7945888862,2987,119135547060.0,1729
0,65565020.37668529,65611345.05697632,46324.68029102683,53939.53801070899,3,25.037594012508634,53931.7945888862,2988,119155108980.0,1729
2,2202860.5530345608,2295926.8530273438,93066.299992783,93322.14479525993,3,-23.456923922058195,93339.19578913599,3017,120092692710.0,1730
2,47155914.42641254,47243776.83630371,87862.40989117324,93339.19578913599,3,2.1195668920408934,93339.19578913599,3018,120137640760.0,1730
0,49781534.87692026,49869105.153656006,87570.27673574537,93352.00764922798,3,21.3373570300173,93339.19578913599,3019,120140266100.0,1730
0,52632001.17059182,52745546.05480957,113544.884217754,119657.67421025038,1,,119657.67421025038,3040,121144119040.0,1731
0,5867564.294900738,6030811.702590942,163247.40769020468,163928.8788010208,2,19.134718432091177,163919.31144180475,3069,122098365480.0,1732
3,16399449.763600226,16561454.841506958,162005.07790673152,163909.7440825887,2,-19.134718432091177,163919.31144180475,3070,122108896170.0,1732
0,33649485.500422284,33785005.65803528,135520.1576129943,139428.27878727764,2,-5.22677294164896,139430.89217374846,3092,123127150300.0,1733
3,68748660.59251373,68880109.48576355,131448.89324982464,139433.5055602193,2,5.22677294164896,139430.89217374846,3093,123162245560.0,1733
1,7394544.188949434,7494852.322418213,100308.1334687788,101166.9511977639,2,-12.443826602771878,101173.17311106529,3111,124101842660.0,1734
2,35845079.45993579,35942095.732940674,97016.27300488204,101179.39502436668,2,12.443826602771878,101173.17311106529,3112,124130290030.0,1734
0,76244977.86394447,76272521.87600708,27544.012062609196,36399.26223927736,1,,36399.26223927736,3136,125171617090.0,1735
2,8192408.845953148,8248468.692581177,56059.8466280289,57011.33001635037,2,22.998887421563268,56999.83057263959,3163,126104477060.0,1736
1,22820185.659682218,22874523.607025146,54337.9473429285,56988.33112892881,2,-22.998887421563268,56999.83057263959,3164,126119103180.0,1736
0,12419316.975214384,12453169.946166992,33852.97095260769,35295.376235159114,2,45.96911001764238,35272.39168015029,3184,127109599130.0,1737
2,29357274.7894424,29389114.58166504,31839.792222637683,35249.40712514147,2,-45.96911001764238,35272.39168015029,3185,127126535150.0,1737
1,61367098.88016254,61411147.47328186,44048.59311932325,51175.89551254362,2,9.406130202114582,51171.19244744256,3221,129160513370.0,1739
1,79926801.2681618,79968684.89274597,41883.624584168196,51166.489382341504,2,-9.406130202114582,51171.19244744256,3222,129179070990.0,1739
2,57896212.55599258,57940630.80508423,44418.249091647565,51142.43553419411,1,,51142.43553419411,3245,130157977340.0,1740
2,14170198.110361468,14337108.745880127,166910.6355186589,168556.3917748183,3,20.4762610103935,168556.3917748183,3272,131115304030.0,1741
0,18657751.36252358,18824148.778656006,166397.41613242403,168564.3661490418,3,32.437822345644236,168556.3917748183,3273,131119791090.0,1741
1,48708724.73605611,48871575.06842041,162850.3323642984,168507.464878574,3,-52.914083356037736,168556.3917748183,3274,131149838650.0,1741
2,25561066.02515807,25599630.09338379,38564.068225719035,41532.78355329484,2,46.19778301566839,41509.684661787,3303,132127596080.0,1742
2,62222136.99426712,62256396.97174072,34259.9774736017,41486.58577027917,2,-46.19778301566839,41509.684661787,3304,132164253010.0,1742
1,8606397.258710809,8710091.14855957,103693.88984876126,104693.45471166633,2,114.03215344808996,104636.43863494229,3325,133111638920.0,1743
1,77469552.79774898,77565134.74545288,95581.94770389795,104579.42255821824,2,-114.03215344808996,104636.43863494229,3326,133180494270.0,1743
2,14991494.436012492,15078682.488098145,87188.05208565295,88929.1954038404,2,79.3261240683496,88889.53234180622,3343,134118988890.0,1744
3,59684285.61750578,59766203.62982178,81918.01231599599,88849.86927977204,2,-79.3261240683496,88889.53234180622,3344,134163676610.0,1744
1,22397013.11622831,22518531.273590088,121518.15736177936,124119.39300917462,1,,124119.39300917462,3363,135127362250.0,1745
1,13575605.783280324,13611930.52468872,36324.74140839651,37901.44047604315,4,23.556204115971923,37878.78586106561,3388,136119451040.0,1746
1,28089508.632256992,28124125.94580078,34617.31354378909,37879.687450204045,4,1.8031782768666744,37878.78586106561,3389,136133963300.0,1746
0,42770220.162583426,42803130.62460327,32910.46201984584,37877.88427192718,4,-1.8031782768666744,37878.78586106561,3390,136148642370.0,1746
0,55150026.490465954,55181475.5413208,31449.050854846835,37854.28954079002,4,-25.39790941402316,37878.78586106561,3391,136161020770.0,1746
1,52525566.75811848,52612417.03479004,86850.27667155862,92950.70515020192,2,25.03637094795704,92938.18696472794,3416,137159347290.0,1747
0,77672160.48356245,77756065.14620972,83904.66264726222,92925.66877925396,2,-25.03637094795704,92938.18696472794,3417,137184491050.0,1747
1,18569057.514675133,18628791.945159912,59734.43048477918,61891.07941358909,3,41.034191785380244,61886.51932628825,3440,138126343840.0,1748
2,27742896.724939816,27801561.126586914,58664.40164709836,61886.51932628825,3,34.194060834124684,61886.51932628825,3441,138135516650.0,1748
2,62698423.94794698,62752955.593811035,54531.64586405456,61813.57111731917,3,-75.22825261950493,61886.51932628825,3442,138170468200.0,1748
0,9859025.518498098,9983150.118988037,124124.60048993863,125269.6482020691,1,,125269.6482020691,3477,140119584060.0,1750
0,1843448.659248266,1846623.8897094727,3175.230461206753,3389.3324194317684,2,26.44837681669742,3376.1082310234196,3499,141112454960.0,1751
2,9955301.14179875,9957507.796478271,2206.6546795219183,3362.884042615071,2,-26.44837681669742,3376.1082310234196,3500,141120565880.0,1751
2,549938.2504422129,678871.2009277344,128932.95048552146,128996.82145677519,2,97.19998935621697,128948.22146209708,3528,142112170760.0,1752
0,55345355.69469876,55467827.39154053,122471.69684176892,128899.62146741897,2,-97.19998935621697,128948.22146209708,3529,142166959960.0,1752
1,40406272.39751974,40524523.30075073,118250.90323099494,122943.77167703956,3,28.42456017062068,122916.59418652207,3551,143153058100.0,1753
0,59467698.595794976,59583708.48788452,116009.89208954573,122916.59418652207,3,-12.341675605624914,122916.59418652207,3552,143172117370.0,1753
0,61351551.502415165,61467340.105773926,115788.60335876048,122914.10004721582,3,-16.082884564995766,122916.59418652207,3553,143174001010.0,1753
1,58652265.3308295,58674574.06158447,22308.730754971504,29120.726737968624,1,,29120.726737968624,3570,144172223630.0,1754
2,5927224.4501816435,6044162.149017334,116937.6988356905,117626.0990009224,1,,117626.0990009224,3595,145120528510.0,1755
2,33844020.499070525,33952817.533325195,108797.03425467014,112727.7491279617,2,-27.513871796429157,112741.50606385991,3623,146149441680.0,1756
0,56809198.02596328,56915355.35064697,106157.32468369603,112755.26299975812,2,27.513871796429157,112741.50606385991,3624,146172404320.0,1756
2,39281187.75970648,39375551.00982666,94363.25012017787,98925.44889830053,2,-13.828433454036713,98932.36311502755,3677,148156771330.0,1758
3,41366176.809103996,41460311.73269653,94134.92359253764,98939.27733175457,2,13.828433454036713,98932.36311502755,3678,148158856100.0,1758
1,71242810.3435632,71263176.63427734,20366.290714144707,28640.578759804368,1,,28640.578759804368,3699,149189675520.0,1759
1,16316628.28831985,16398380.682891846,81752.39457199536,83647.4416895993,2,5.81296656280756,83644.5352063179,3718,150135741910.0,1760
2,22046244.05711639,22127325.189239502,81081.13212311268,83641.6287230365,2,-5.81296656280756,83644.5352063179,3719,150141470880.0,1760
0,11624010.674855247,11702697.293457031,78686.61860178411,80036.65535785444,3,26.333424216136336,80036.65535785444,3745,151132019620.0,1761
0,12481653.209235419,12560243.477416992,78590.2681815736,80039.91332388669,3,31.22037326451391,80036.65535785444,3746,151132877170.0,1761
0,71680404.4560008,71752060.07540894,71655.61940813065,79980.73054338992,3,-57.553797480650246,80036.65535785444,3747,151192069250.0,1761
0,25649896.08771849,25738490.407073975,88594.3193554841,91573.35159112513,4,101.85431884229183,91510.57342485338,3767,152147060890.0,1762
3,33642822.54076445,33730464.84301758,87642.3022531271,91549.64957742393,4,78.15230514109135,91510.57342485338,3768,152155052900.0,1762
3,76980371.17784366,77062902.01483154,82530.83698788285,91471.49727228284,4,-78.15230514109135,91510.57342485338,3769,152198385530.0,1762
3,77998311.35775624,78080717.48556519,82406.12780894339,91465.01378124952,4,-84.635796174407,91510.57342485338,3770,152199403350.0,1762
2,24623401.915262412,24611710.889770508,-11691.025491904467,-8831.212422650307,2,30.29576412215829,-8846.360304711387,3813,154147872230.0,1764
2,42733584.985001445,42719760.30944824,-13824.675553202629,-8861.508186772466,2,-30.29576412215829,-8846.360304711387,3814,154165980360.0,1764
1,6250538.358716814,6354666.1818237305,104127.82310691662,104853.7736213766,4,8.823595758527517,104849.36182349734,3833,155130513510.0,1765
0,16304358.203766663,16407321.447784424,102963.2440177612,104856.86606224626,4,11.916036628186703,104849.36182349734,3834,155140566210.0,1765
2,21028437.764689535,21130840.428253174,102402.66356363893,104844.95002561808,4,-8.823595758527517,104849.36182349734,3835,155145289750.0,1765
1,64642762.93270995,64740076.36831665,97313.43560670316,104821.18043026328,4,-32.59319111332297,104849.36182349734,3836,155188899180.0,1765
2,1001194.2921603721,1053907.458770752,52713.16661037982,52829.447396090836,3,65.52726221561898,52813.49125604611,3856,156126192030.0,1766
2,7829582.92900919,7881487.07623291,51904.14722372033,52813.49125604611,3,41.59305214852793,52813.49125604611,3857,156133019640.0,1766
2,79831104.11036511,79874546.70904541,43442.5986803025,52714.349011704326,3,-107.1203143641469,52813.49125604611,3858,156205013020.0,1766
1,55495857.719581574,55511774.79663086,15917.077049285173,22362.48129286617,1,,22362.48129286617,3878,157181632770.0,1767
2,72539265.88417757,72541772.85723877,2506.9730612039566,10931.834147572517,1,,10931.834147572517,3908,158199607330.0,1768
1,15151490.887725184,15149208.399261475,-2282.488463709131,-522.7628251258284,3,37.80764344986528,-523.2963238153607,3935,159143090900.0,1769
3,16567959.630326504,16565512.096740723,-2447.5335857812315,-523.2963238153607,3,37.00739541556686,-523.2963238153607,3936,159144507210.0,1769
0,66565298.51282287,66556969.6361084,-8328.876714468002,-597.8446133360267,3,-74.81503886543214,-523.2963238153607,3938,159194498890.0,1769
0,6366599.716969771,6457095.274597168,90495.55762739666,91234.98774919566,2,93.27515635546297,91188.35017101793,3962,160135264130.0,1770
3,79806345.67029852,79888218.50805664,81872.83775812387,91141.7125928402,2,-93.27515635546297,91188.35017101793,3963,160208695580.0,1770
0,45173140.37785729,45197484.65390015,24344.276042856276,29590.77844234556,1,,29590.77844234556,3992,161174965050.0,1771
0,2875491.0057300916,2891436.718444824,15945.712714732625,16279.678215804044,6,103.26102733844891,16176.877619214356,4020,162133612260.0,1772
3,11352010.513403464,11366949.00265503,14938.489251565188,16256.935343632475,6,80.5181551668793,16176.877619214356,4021,162142087810.0,1772
2,54450323.87464222,54460177.23892212,9853.36427989602,16177.338049963117,6,0.9208614975214005,16176.877619214356,4022,162185181230.0,1772
3,55065273.599144295,55075054.50274658,9780.903602287173,16176.298911303282,6,-1.0391386598348618,16176.877619214356,4023,162185796110.0,1772
3,56001848.08933843,56011520.335510254,9672.246171824634,16176.417188465595,6,-0.9208614975214005,16176.877619214356,4024,162186732580.0,1772
2,63654837.624148265,63663606.28393555,8768.659787282348,16161.664912462234,6,-15.673137500882149,16176.877619214356,4025,162194384700.0,1772
2,14269994.614644764,14300651.901885986,30657.287241222337,32314.63407078013,4,39.154998403042555,32277.55711843446,4047,163145941180.0,1773
2,33146502.136433974,33174927.911865234,28425.775431260467,32275.479072377086,4,-4.156092114746571,32277.55711843446,4048,163164815540.0,1773
3,34448523.4064935,34476802.11856079,28278.71206729114,32279.635164491832,4,4.156092114746571,32277.55711843446,4049,163166117420.0,1773
0,61929232.58904858,61954279.84451294,25047.255464360118,32239.8452347219,4,-39.789929769933224,32277.55711843446,4050,163193595020.0,1773
3,26950478.464874253,27013559.156341553,63080.69146730006,66210.77604301274,2,43.67342061549425,66188.93933270499,4070,164159602470.0,1774
1,46071537.819739535,46132354.07821655,60816.25847701728,66167.10262239724,2,-43.67342061549425,66188.93933270499,4071,164178721350.0,1774
2,62854369.00302404,62900717.12536621,46348.122342169285,53648.15937820822,2,23.906057260930538,53636.206349577755,4093,165196474210.0,1775
2,74760412.72643046,74805354.15005493,44941.42362447083,53624.25332094729,2,-23.906057260930538,53636.206349577755,4094,165208378900.0,1775
3,75476180.28277564,75473295.12390137,-2885.1588742733,5880.8015536516905,1,,5880.8015536516905,4129,166209968290.0,1776
0,26935836.260731995,26966680.935760498,30844.67502850294,33973.05902819708,1,,33973.05902819708,4152,167162380090.0,1777
3,4254271.680364121,4230047.323974609,-24224.356389511377,-23730.256435591727,3,58.469652907922864,-23760.88390154019,4239,170142548750.0,1780
0,28444654.195215154,28417589.690063477,-27064.505151677877,-23760.88390154019,3,12.528453985229135,-23760.88390154019,4240,170166736400.0,1780
1,44889946.69764209,44860916.51766968,-29030.179972410202,-23816.56827545911,3,-70.998106893152,-23760.88390154019,4241,170183179800.0,1780
0,66436155.29446247,66424908.29562378,-11246.998838692904,-3530.9656993225217,2,17.292547665536404,-3539.61197315529,4304,173207531010.0,1783
3,70913242.64470677,70901458.37509155,-11784.269615218043,-3548.258246988058,2,-17.292547665536404,-3539.61197315529,4305,173212007580.0,1783
3,11285986.876301251,11341543.64151001,55556.765208758414,56867.54317840561,4,-32.205358039587736,56887.039182115346,4324,174153305870.0,1784
3,47996980.43674034,48048280.29751587,51299.86077553034,56874.32982778549,4,-25.4187086597085,56887.039182115346,4325,174190012770.0,1784
0,59157601.57695073,59207630.63870239,50029.061751663685,56899.7485364452,4,25.4187086597085,56887.039182115346,4326,174201172170.0,1784
0,59373654.23188704,59423659.67739868,50005.44551163912,56901.22510075569,4,26.895272970199585,56887.039182115346,4327,174201388200.0,1784
1,21211556.517367687,21214043.347747803,2486.830380115658,4950.384634576738,1,,4950.384634576738,4342,175164168980.0,1785
3,5083198.68237788,5133944.845367432,50746.1629895512,51336.5362481093,3,15.95713803358376,51322.90573609434,4368,176149011280.0,1786
3,10267371.346795656,10317501.778686523,50130.43189086765,51322.90573609434,3,-4.488629988860339,51322.90573609434,4369,176154194860.0,1786
0,22513313.78145784,22562017.290893555,48703.50943571329,51318.2524840571,3,-11.468508044723421,51322.90573609434,4370,176166439430.0,1786
2,6109584.717619825,6192863.8572387695,83279.13961894438,83988.71948460676,3,-15.338850842788815,84001.55712463707,4399,177151041570.0,1787
0,11453938.80482877,11536610.077697754,82671.27286898345,84001.55712463707,3,3.9176092026755214,84001.55712463707,4400,177156385340.0,1787
0,54421042.91090225,54498728.89743042,77685.98652817309,84006.55954626203,3,11.421241640113294,84001.55712463707,4401,177199347650.0,1787
2,8782215.584981287,8845207.706634521,62992.121653234586,64012.10642192699,2,50.67747418768704,63986.76768483315,4417,178154681420.0,1788
2,63969180.239428215,64025712.15484619,56531.91541797668,63961.4289477393,2,-50.67747418768704,63986.76768483315,4418,178209862170.0,1788
2,42845099.637817085,42828281.71218872,-16817.925628364086,-11841.806718416512,3,-13.771342817693949,-11829.163878835738,4458,180190656530.0,1790
0,44129098.1510614,44112145.99902344,-16952.15203796327,-11826.906872361898,3,8.578426264226437,-11829.163878835738,4459,180191940400.0,1790
0,51149724.56023279,51131954.76104736,-17769.799185425043,-11829.163878835738,3,5.192916553467512,-11829.163878835738,4460,180198960240.0,1790
3,4688334.46597949,4817676.858062744,129342.39208325371,129886.90499113686,4,32.275411846116185,129857.74269713461,4487,181153555170.0,1791
2,71680069.22402403,71801598.78140259,121529.5573785603,129854.62957929075,4,-6.2262356877326965,129857.74269713461,4488,181220539390.0,1791
3,73531569.79672283,73652890.54321289,121320.74649006128,129860.85581497848,4,6.2262356877326965,129857.74269713461,4489,181222390690.0,1791
3,77287597.49791382,77408473.83096313,120876.33304931223,129852.67523698509,4,-8.180577993392944,129857.74269713461,4490,181226146290.0,1791
0,67563803.6586811,67568513.1454773,4709.486796200275,12556.48736000061,1,,12556.48736000061,4514,182217321940.0,1792
3,37807311.20463602,37798809.54891968,-8501.655716344714,-4110.63602424413,2,-0.21816597878932953,-4110.526941254735,4538,183188477390.0,1793
3,38384945.50395806,38376376.978759766,-8568.525198295712,-4110.41785826534,2,0.21816597878932953,-4110.526941254735,4539,183189054960.0,1793
1,5147997.344443973,5118312.927001953,-29684.41744202003,-29086.51833218988,3,77.06510394904763,-29092.399048388004,4562,184156717170.0,1794
3,16276956.247782966,16245973.409210205,-30982.838572761044,-29092.399048388004,3,68.24402965186164,-29092.399048388004,4563,184167844880.0,1794
2,79357524.25120199,79319072.7355957,-38451.51560628414,-29234.76782388985,3,-145.30913360090926,-29092.399048388004,4564,184230918260.0,1794
3,3691044.9123294647,3739009.086212158,47964.17388269352,48392.859509310685,3,64.24906496237963,48351.73903281242,4596,185156242410.0,1795
0,29850487.849760555,29895372.691101074,44884.84134051949,48351.73903281242,3,2.5683502149768174,48351.73903281242,4597,185182398890.0,1795
2,45993017.10854513,46035980.86581421,42963.757269077,48305.481855884194,3,-66.81741517735645,48351.73903281242,4598,185198539570.0,1795
1,5275016.364581101,5252209.938690186,-22806.425890915096,-22193.774528122507,2,1.239331210963428,-22194.39419372799,4624,186158757960.0,1796
2,13331857.493612483,13308114.090118408,-23743.40349407494,-22195.01385933347,2,-1.239331210963428,-22194.39419372799,4625,186166813900.0,1796
1,1179504.7373900157,1233691.9665222168,54187.22913220106,54324.219263574574,1,,54324.219263574574,4649,187155616070.0,1797
0,2668112.5507318336,2642927.3032836914,-25185.247448142152,-24875.367311795242,5,16.6863679359667,-24876.055795677938,4669,188158022790.0,1798
3,6171764.571286986,6146171.713928223,-25592.857358762994,-24876.055795677938,5,15.653642111923546,-24876.055795677938,4670,188161526050.0,1798
0,6654072.871095714,6628429.567901611,-25643.30319410283,-24870.48534277454,5,21.568336956668645,-24876.055795677938,4671,188162008310.0,1798
2,70153778.31535733,70120707.02896118,-33071.28639614582,-24923.4807934016,5,-47.76923966500908,-24876.055795677938,4672,188225500870.0,1798
0,79820432.58002909,79786254.0175476,-34178.56248147786,-24908.05156378448,5,-32.340010047890246,-24876.055795677938,4673,188235166460.0,1798
3,57082482.41705367,57094529.00393677,12046.586883097887,18676.265016265213,1,,18676.265016265213,4705,189213382000.0,1799
3,66743061.00462518,66827207.54653931,84146.54191412777,91898.21972046793,1,,91898.21972046793,4729,190224057160.0,1800
0,73179134.37020627,73173784.75161743,-5349.618588835001,3149.5581532269716,1,,3149.5581532269716,4756,191231437340.0,1801
3,3859982.64955064,3830181.2838134766,-29801.36573716346,-29353.059330669697,1,,-29353.059330669697,4794,193163922240.0,1803
1,6409848.031936567,6439247.76663208,29399.7346955128,30144.18776648771,2,-2.362613913603127,30145.36907344451,4817,194167419740.0,1804
1,44340692.264760405,44365688.99499512,24996.730234712362,30146.550380401313,2,2.362613913603127,30145.36907344451,4818,194205346350.0,1804
2,26648070.610910706,26687623.581878662,39552.97096795589,42647.93326706439,3,46.89706074073911,42632.19859120995,4839,195188595540.0,1805
3,43567716.145238176,43605288.29873657,37572.15349839628,42632.19859120995,3,23.29504695907235,42632.19859120995,4840,195205513280.0,1805
1,74795116.34045932,74828999.35403442,33883.01357510686,42569.87382143736,3,-70.19210769981146,42632.19859120995,4841,195236737130.0,1805
3,13779605.41553665,13773036.720794678,-6568.694741971791,-4968.302733095363,1,,-4968.302733095363,4873,196176664550.0,1806
2,27820169.234738294,27784714.27093506,-35454.96380323544,-32223.871534172446,2,-18.540969491004944,-32214.601049426943,4903,197191607720.0,1807
0,31219760.40294809,31183929.14453125,-35831.258416838944,-32205.33056468144,2,18.540969491004944,-32214.601049426943,4904,197195006950.0,1807
3,8505.3401642256,-18781.999969482422,-27287.34013370802,-27286.352305826083,2,86.10301018105383,-27329.40381091661,4927,198164712490.0,1808
3,78017424.46423091,77980990.90310669,-36433.56112422049,-27372.455316007137,2,-86.10301018105383,-27329.40381091661,4928,198242712610.0,1808
2,61460006.00161955,61515806.029785156,55800.028165608644,62938.120984986424,1,,62938.120984986424,4961,200228098180.0,1810
2,44479147.36202887,44537293.29406738,58145.932038515806,63311.83264692873,1,,63311.83264692873,4983,201212094030.0,1811
2,41301241.12595974,41342451.08694458,41209.96098484099,46006.7729588747,2,57.17873437702656,45978.18359168619,5011,202209903820.0,1812
1,76826996.26968607,76864023.01690674,37026.74722066522,45949.594224497676,2,-57.17873437702656,45978.18359168619,5012,202245425550.0,1812
3,21407345.56782995,21371297.584106445,-36047.98372350633,-33561.690121848136,2,17.080457124859095,-33570.230350410566,5033,203190925960.0,1813
2,35682727.10315615,35645004.0664978,-37723.03665834665,-33578.770578972995,2,-17.080457124859095,-33570.230350410566,5034,203205199730.0,1813
2,11592493.833508173,11750090.339813232,157596.50630505942,158942.88262967952,2,-19.071550955995917,158952.4184051575,5060,204182227180.0,1814
3,48157268.77745491,48310637.646362305,153368.86890739202,158961.9541806355,2,19.071550955995917,158952.4184051575,5061,204218787890.0,1814
2,13867804.221049175,13859493.965057373,-8310.25599180162,-6699.620390363038,2,-74832.66842634231,30716.713822808117,5085,205185467960.0,1815
2,79074574.3347306,79133523.49737549,58949.16264489293,68133.04803597927,2,74832.66842634231,30716.713822808117,5086,205250742280.0,1815
0,1884784.2326575345,2013102.0258483887,128317.79319085414,128536.69594847597,3,118.3060686159879,128426.90838590264,5107,206174678130.0,1816
2,55570780.35039027,55692753.15286255,121972.80247227848,128426.90838590264,3,-46.375275244005024,128426.90838590264,5108,206228358020.0,1816
0,74188206.81662989,74308000.31549072,119793.49886083603,128409.87137381732,3,-71.93079337198287,128426.90838590264,5109,206246973350.0,1816
2,7626292.156646121,7628588.1209106445,2295.964264523238,3181.69768408034,2,18.70628681126982,3172.344540674705,5126,207181408880.0,1817
2,46554638.872119024,46552394.91101074,-2243.9611082822084,3162.99139726907,2,-18.70628681126982,3172.344540674705,5127,207220332860.0,1817
3,26644861.653167937,26725566.920837402,80705.2676694654,83799.85727355257,3,34.52002274617553,83777.58160382509,5148,208201464510.0,1818
1,35411213.06570679,35490877.91543579,79664.84972900152,83777.58160382509,3,1.106518154963851,83777.58160382509,5149,208210229860.0,1818
0,61342893.93194333,61419522.53366089,76628.60171756148,83753.09289778769,3,-35.62654090113938,83777.58160382509,5150,208236158620.0,1818
2,46445601.9017611,46496028.25216675,50426.35040564835,55820.63913086802,1,,55820.63913086802,5173,209222299610.0,1819
1,15279464.070778713,15242255.059204102,-37209.01157461107,-35434.42286460288,4,4.053490536287427,-35438.18692314252,5194,210192016040.0,1820
1,25134669.501725484,25096311.20892334,-38358.29280214384,-35439.10005291179,4,-1.202561765909195,-35438.18692314252,5195,210201870140.0,1820
2,25493298.355360933,25454899.613220215,-38398.742140717804,-35437.89749114588,4,0.5788639932870865,-35438.18692314252,5196,210202228730.0,1820
3,28089708.93413294,28051008.06060791,-38700.87352503091,-35438.476355139166,4,-0.5788639932870865,-35438.18692314252,5197,210204824850.0,1820
3,41227154.289426975,41191945.41830444,-35208.87112253159,-30420.663747660816,1,,-30420.663747660816,5220,211218912380.0,1821
0,2742996.4023598633,2707306.575653076,-35689.826706787106,-35371.24940429302,5,55.81012263474986,-35405.72099728882,5240,212181359000.0,1822
2,9148739.280671272,9112288.073669434,-36451.20700183883,-35388.65340944193,5,38.40611748583615,-35405.72099728882,5241,212187764010.0,1822
2,25515764.424292445,25477395.24938965,-38369.174902796745,-35405.72099728882,5,12.80473571550101,-35405.72099728882,5242,212204129190.0,1822
1,62747665.630170725,62704929.58782959,-42736.04234113544,-35448.398056566715,5,-51.21085320133716,-35405.72099728882,5243,212241356890.0,1822
3,76655924.35937944,76611567.70367432,-44356.65570512414,-35453.67734846473,5,-56.49014509934932,-35405.72099728882,5244,212255263590.0,1822
2,35741689.40149939,35791589.31588745,49899.91438806057,54051.028471298516,1,,54051.028471298516,5278,213215360780.0,1823
2,6721454.539015082,6770154.175415039,48699.63639995735,49480.28009822592,3,17.94578729942441,49480.28009822592,5300,214187312630.0,1824
2,9860442.305872917,9908780.208587646,48337.90271472931,49483.114975489676,3,22.19810319505632,49480.28009822592,5301,214190451270.0,1824
0,40591296.27706312,40636023.47320557,44727.196142449975,49441.55364636332,3,-40.14389049448073,49480.28009822592,5302,214221178650.0,1824
2,15393564.317233333,15365227.495513916,-28336.82171941735,-26548.981169668958,3,8.498883353546262,-26555.09035090357,5327,215196914180.0,1825
3,30034985.765196636,30004942.34918213,-30043.416014507413,-26555.09035090357,3,-0.6648884983733296,-26555.09035090357,5328,215211553960.0,1825
0,45277953.07159433,45246134.526275635,-31818.545318692923,-26559.869755141437,3,-7.833994855172932,-26555.09035090357,5329,215226795220.0,1825
2,28406510.048918623,28352069.560577393,-54440.4883412309,-51141.29723151401,1,,-51141.29723151401,5352,216210842750.0,1826
0,39024462.260593295,38983796.21862793,-40666.04196536541,-36133.659820221364,1,,-36133.659820221364,5373,217222390850.0,1827
0,25636875.44978986,25604279.80581665,-32595.643973208964,-29618.12398151681,2,-9.055705782026052,-29613.596128625795,5409,218209909680.0,1828
3,68801217.53258318,68763617.7479248,-37599.7846583724,-29609.068275734782,2,9.055705782026052,-29613.596128625795,5410,218253069210.0,1828
3,42496201.343436316,42514126.774749756,17925.431313440204,22861.02845042199,3,-7.699261043220758,22862.1731274724,5430,219227680120.0,1829
1,51155147.33912328,51172068.24713135,16920.9080080688,22862.1731274724,3,-5.982245467603207,22862.1731274724,5431,219236338100.0,1829
3,54762647.16102885,54779162.19567871,16515.03464986384,22875.28229545802,3,13.681506510823965,22862.1731274724,5432,219239945210.0,1829
1,9866590.31964437,9928411.499786377,61821.18014200777,62967.10644586384,2,-5.723888032138348,62969.96838987991,5453,220196066650.0,1830
1,18049408.556152694,18110285.090667725,60876.53451503068,62972.83033389598,2,5.723888032138348,62969.96838987991,5454,220204248560.0,1830
0,8977119.15139068,8973823.493347168,-3295.658043511212,-2253.036769580096,2,-6.089983474463224,-2249.9917778428644,5478,221196078560.0,1831
0,30324717.430605106,30318948.508117676,-5768.9224874302745,-2246.946786105633,2,6.089983474463224,-2249.9917778428644,5479,221217423780.0,1831
0,50509086.10131568,50570046.17678833,60960.07547265291,66826.30569729209,2,38.097167015075684,66807.25711378455,5506,222238632510.0,1832
3,72798223.73089996,72856557.0024414,58333.27154144645,66788.20853027701,2,-38.097167015075684,66807.25711378455,5507,222260919120.0,1832
3,60752581.09429596,60802850.15551758,50269.06122161448,57324.99224212766,1,,57324.99224212766,5525,223249883830.0,1833
1,29655726.320983756,29630608.270233154,-25118.050750602037,-21673.77306700498,2,-26.234108552336693,-21660.65601272881,5574,225220665190.0,1835
0,39024436.50255415,38998256.58444214,-26179.918112009764,-21647.538958452642,2,26.234108552336693,-21660.65601272881,5575,225230032880.0,1835
3,68039875.94776702,68019637.54116821,-20238.40659880638,-12336.11401000619,1,,-12336.11401000619,5601,226259941020.0,1836
3,25208134.56239413,25168564.28967285,-39570.27272127941,-36642.5475872308,3,6.190804075449705,-36642.5475872308,5618,227217985090.0,1837
0,43227183.640757106,43185524.11465454,-41659.52610256523,-36639.03116249293,3,11.465441182255745,-36642.5475872308,5619,227236002130.0,1837
3,44309853.98159835,44268049.297454834,-41804.68414351344,-36658.44562011957,3,-17.65624525770545,-36642.5475872308,5620,227237084660.0,1837
1,76004775.49420077,76046327.88925171,41552.3950509429,50379.74762521684,1,,50379.74762521684,5647,228269771470.0,1838
0,4074794.5117781255,4057633.826599121,-17160.685179004446,-16687.4300764231,3,12.126702553592622,-16698.168144259602,5671,229198784030.0,1839
2,19627012.317889072,19608034.627746582,-18977.69014248997,-16698.168144259602,3,-3.980399201158434,-16698.168144259602,5672,229214334500.0,1839
3,35519170.131936826,35498343.91629028,-20826.21564654261,-16700.945413693786,3,-8.146303352434188,-16698.168144259602,5673,229230224880.0,1839
3,844939.8816774574,901714.0523376465,56774.17066018912,56872.3037339485,2,3.9744282922474667,56870.31651980238,5698,230196496550.0,1840
3,41931652.93883697,41983651.23883057,51998.29999359697,56868.329305656254,2,-3.9744282922474667,56870.31651980238,5699,230237578670.0,1840
3,30567627.902456246,30573233.605621338,5605.703165091574,9155.890993420035,1,,9155.890993420035,5717,231227169520.0,1841
0,23268805.143981233,23237439.968017578,-31365.175963655114,-28662.688578452915,2,-11.92744280770421,-28656.724857049063,5745,232220806340.0,1842
3,57839264.48173438,57803896.14822388,-35368.33351050317,-28650.76113564521,2,11.92744280770421,-28656.724857049063,5746,232255372950.0,1842
0,42308996.31629929,42363230.84140015,54234.52510085702,59148.379856944084,3,26.44551881402731,59124.95492807031,5777,233240845470.0,1843
2,70414875.00181085,70465815.78564453,50940.78383368254,59118.91374818981,3,-17.753644317388535,59124.95492807031,5778,233268948180.0,1843
3,73253826.05046955,73304443.1538086,50617.10333904624,59124.95492807031,3,-8.691874496638775,59124.95492807031,5779,233271786820.0,1843
3,40013555.75571646,40023158.7767334,9603.021016940475,14250.278536081314,5,41.82419344782829,14210.397905126214,5829,235240431480.0,1845
1,45802164.47216001,45811073.02069092,8908.548530906439,14228.107095904648,5,19.65275327116251,14210.397905126214,5830,235246219420.0,1845
1,57822834.80160138,57830329.53530884,7494.733707457781,14210.397905126214,5,-6.911032896488905,14210.397905126214,5831,235258238730.0,1845
0,73456224.8230732,73461899.97525024,5675.15217705071,14206.510780140758,5,-12.741720374673605,14210.397905126214,5832,235273870370.0,1845
0,74402905.60412487,74408465.76306152,5560.158936649561,14201.46701298654,5,-17.78548752889037,14210.397905126214,5833,235274816940.0,1845
3,16281551.735920884,16310446.217346191,28894.48142530769,30785.454679222777,2,49.331178518012166,30760.78908996377,5883,237218555410.0,1847
3,45515726.3089287,45541176.14138794,25449.83245924115,30736.123500704765,2,-49.331178518012166,30760.78908996377,5884,237247786270.0,1847
1,42726522.78615928,42776352.020721436,49829.234562158585,54791.58171013743,2,45.54795291274786,54768.80773368105,5909,238246026080.0,1848
3,72491462.85848576,72537789.58309937,46326.72461360693,54746.03375722468,2,-45.54795291274786,54768.80773368105,5910,238275787650.0,1848
1,20410116.65679195,20397248.988250732,-12867.668541219085,-10497.195177666843,3,56.83521666377783,-10539.242861188948,5939,239224695300.0,1849
2,47649021.08932234,47632947.790130615,-16073.299191728234,-10539.242861188948,3,-6.236308619379997,-10539.242861188948,5940,239251931120.0,1849
2,65085458.185878284,65067330.20758057,-18127.97829771787,-10568.817927472293,3,-50.59890804439783,-10539.242861188948,5941,239269365580.0,1849
2,54186747.40132196,54199708.45285034,12961.051528379321,19254.412979088724,1,,19254.412979088724,5958,240259433180.0,1850
2,23331436.97437191,23316555.57873535,-14881.395636558533,-12171.634060420096,5,50.80604708567262,-12214.023744009435,5986,241229527400.0,1851
3,24940529.075161695,24925478.4190979,-15050.65606379509,-12154.0111871548,5,68.42892035096884,-12214.023744009435,5987,241231136330.0,1851
1,52765506.932715446,52747164.613342285,-18342.3193731606,-12214.023744009435,5,-12.778478298336267,-12214.023744009435,5988,241258958140.0,1851
1,60508608.61281763,60489350.16079712,-19258.45202051103,-12230.856471002102,5,-38.02756878733635,-12214.023744009435,5989,241266700360.0,1851
3,77152651.91215193,77131446.10391235,-21205.8082395792,-12245.138912677765,5,-52.310010462999344,-12214.023744009435,5990,241283342530.0,1851
2,71124745.12951015,71079534.94448853,-45210.18502162397,-36949.609315276146,2,14.865615800023079,-36957.04212317616,6016,242278220230.0,1852
1,77000906.31903757,76954998.79882812,-45907.52020944655,-36964.47493107617,2,-14.865615800023079,-36957.04212317616,6017,242284095720.0,1852
2,56890378.27135681,56860544.20123291,-29834.070123903453,-23226.703365437686,1,,-23226.703365437686,6043,243264914430.0,1853
0,11792775.61309275,11828572.622772217,35797.009679466486,37166.647146182135,1,,37166.647146182135,6063,244220784760.0,1854
1,9609634.517346947,9634729.965789795,25095.4484428484,26211.53136583604,2,51.80491436459124,26185.628908653744,6086,245219594530.0,1855
1,44481531.25608106,44502524.80505371,20993.548972651362,26159.726451471448,2,-51.80491436459124,26185.628908653744,6087,245254462480.0,1855
0,39807144.6240851,39858213.280426025,51068.656340926886,55691.9408422932,2,76.25830736011267,55653.81168861315,6116,246250770570.0,1856
2,78242503.82877117,78289032.26431274,46528.43554157019,55615.68253493309,2,-76.25830736011267,55653.81168861315,6117,246289201560.0,1856
1,59336119.5033458,59283104.22131348,-53015.282032325864,-46123.86180458963,2,9.412378691136837,-46128.5679939352,6137,247271243970.0,1857
2,65525630.238446936,65471886.681396484,-53743.557050451636,-46133.274183280766,2,-9.412378691136837,-46128.5679939352,6138,247277432780.0,1857
0,26708888.250423986,26721875.197357178,12986.94693319127,16088.972719341516,2,58.51940646022558,16059.713016111404,6160,248239574090.0,1858
2,48612273.21659292,48622657.739471436,10384.52287851274,16030.453312881291,2,-58.51940646022558,16059.713016111404,6161,248261474970.0,1858
3,399448.4596386122,365728.07681274414,-33720.38282586809,-33673.99005165679,3,42.16158858052222,-33695.31667003967,6187,249214218120.0,1859
2,12736877.786162462,12701703.182037354,-35174.60412510857,-33695.31667003967,3,10.171661006199429,-33695.31667003967,6188,249226554150.0,1859
3,41328102.8851924,41289565.96682739,-38536.91836500913,-33736.98661043495,3,-52.33324958672165,-33695.31667003967,6189,249255142140.0,1859
1,27849859.802135486,27827707.804229736,-22151.997905749828,-18917.45731249079,3,-65951.46639757231,47016.54773826152,6223,250242604740.0,1860
0,42461322.57343188,42503442.49761963,42119.924187749624,47051.470431901515,3,33001.92521901615,47016.54773826152,6224,250257280540.0,1860
2,51599638.178690195,51640661.83721924,41023.6585290432,47016.54773826152,3,32949.54117855616,47016.54773826152,6225,250266417800.0,1860
0,12578577.379834305,12619203.124816895,40625.744982589036,42086.6470994968,4,98.7017363999039,42017.16825329512,6247,251228385710.0,1861
0,37661189.17862894,37698861.520996094,37672.34236715734,42046.391143493354,4,58.44578039646149,42017.16825329512,6248,251253465480.0,1861
2,60569346.296794474,60604299.59240723,34953.29561275244,41987.94536309689,4,-58.44578039646149,42017.16825329512,6249,251276371020.0,1861
1,68218627.45502037,68252675.55734253,34048.1023221612,41971.15548248589,4,-75.23566100746393,42017.16825329512,6250,251284019430.0,1861
0,3630240.6410899973,3660046.4946899414,29805.853599944152,30227.477292140014,1,,30227.477292140014,6277,252220447800.0,1862
2,20645576.70836479,20563741.05014038,-81835.65822440758,-79437.83804114908,3,32.15171508491039,-79457.51601990312,6306,253238311160.0,1863
2,36181411.62455027,36097751.924194336,-83659.70035593212,-79457.51601990312,3,2.634746953845024,-79457.51601990312,6307,253253845240.0,1863
0,58626993.5780421,58540702.05368042,-86291.52436167747,-79482.46349256486,3,-34.78646203875542,-79457.51601990312,6308,253276288290.0,1863
3,11471162.0463457,11399293.849609375,-71868.19673632458,-70535.91213760898,2,86.50345504656434,-70579.16386513226,6332,254230051990.0,1864
3,77669312.39517148,77589669.30422974,-79643.09094174206,-70622.41559265554,2,-86.50345504656434,-70579.16386513226,6333,254296242660.0,1864
1,47762958.940506086,47708980.14202881,-53978.79847727716,-48431.50916792452,2,-3.466681696474552,-48429.775827076286,6366,256268209850.0,1866
1,48497217.48507832,48443156.87496948,-54060.610108837485,-48428.04248622805,2,3.466681696474552,-48429.775827076286,6367,256268944030.0,1866
3,27949230.27650477,27971688.056488037,22457.779983267188,25703.861669927835,1,,25703.861669927835,6387,257249362940.0,1867
1,2710215.869332521,2775523.98248291,65308.113150388934,65622.88325365447,3,6.184634446632117,65622.88325365447,6415,258225120110.0,1868
0,6415745.67391732,6480637.494842529,64891.82092520967,65636.95896058064,3,27.29819483589381,65622.88325365447,6416,258228825240.0,1868
1,13661815.527305406,13725825.253936768,64009.72663136199,65596.43827783503,3,-33.48282928252593,65622.88325365447,6417,258236070460.0,1868
1,26061280.61163463,26101565.58956909,40284.97793446109,43311.78922362253,3,62.05746427550912,43277.32511383295,6440,259249488790.0,1869
2,49125761.20821501,49163332.96533203,37571.7571170181,43277.32511383295,3,10.361299591138959,43277.32511383295,6441,259272550660.0,1869
2,79566886.44424172,79600867.519104,33981.07486228645,43222.13840486109,3,-72.41876386664808,43277.32511383295,6442,259302988330.0,1869
2,2063902.9420135268,2087394.2250061035,23491.282992576715,23730.988969336497,2,30.28160349209793,23715.848167590448,6468,260226434870.0,1870
1,28310514.776639543,28330927.441986084,20412.66534654051,23700.7073658444,2,-30.28160349209793,23715.848167590448,6469,260252678520.0,1870
1,8651282.721304722,8629964.687805176,-21318.03349954635,-20313.255545739084,2,48.83654050901532,-20337.673815993592,6488,261233981860.0,1871
3,43422635.26157949,43397229.97439575,-25405.287183739245,-20362.0920862481,2,-48.83654050901532,-20337.673815993592,6489,261268749280.0,1871
1,38933241.70781341,38899467.73498535,-33773.97282806039,-29252.18522748351,1,,-29252.18522748351,6524,262265218000.0,1872
1,9295728.237710442,9338629.24432373,42901.006613288075,43980.63180861808,3,68.8209888804704,43941.96690736711,6542,263236574380.0,1873
2,37024233.97230445,37063875.86773682,39641.89543236792,43941.96690736711,3,10.82363700401038,43941.96690736711,6543,263264299750.0,1873
2,73217366.79061927,73252744.82821655,35378.03759728372,43881.654732108116,3,-79.64462588448077,43941.96690736711,6544,263300488780.0,1873
1,49712750.292374186,49779582.77935791,66832.48698372394,72606.22911261767,1,,72606.22911261767,6566,264278038080.0,1874
1,9724552.589333387,9663336.845306396,-61215.74402699061,-60086.31428030692,5,14.769827987998724,-60086.31428030692,6592,265238932190.0,1875
0,21213036.06060367,21150495.727752686,-62540.33285098523,-60076.60675929859,5,26.336157913319767,-60086.31428030692,6593,265250419400.0,1875
0,27568351.89241533,27505067.450073242,-63284.44234208763,-60082.59666247293,5,20.34625473897904,-60086.31428030692,6594,265256774000.0,1875
0,54622560.62298854,54556097.07373047,-66463.5492580682,-60119.571554116905,5,-35.116082726977766,-60086.31428030692,6595,265283825150.0,1875
0,77492353.9595558,77423215.31564331,-69138.64391249418,-60138.520883858204,5,-54.06541246827692,-60086.31428030692,6596,265306692370.0,1875
1,46679352.492845386,46661970.1758728,-17382.316972583532,-11960.879967950284,1,,-11960.879967950284,6624,266276846290.0,1876
2,2918786.1747240676,2857538.743041992,-61247.431682075374,-60908.43779010372,3,70.68278193892911,-60922.77591069974,6651,267234032230.0,1877
3,12784062.391445309,12721654.847961426,-62407.54348388314,-60922.77591069974,3,49.17560104490258,-60922.77591069974,6652,267243896390.0,1877
1,74058679.00383382,73989042.2097168,-69636.79411701858,-61035.46523338556,3,-119.85838298383169,-60922.77591069974,6653,267305164050.0,1877
0,38363706.14130289,38441744.34039307,78038.19909017533,82493.83964648843,1,,82493.83964648843,6685,268270538040.0,1878
0,6531615.506454406,6551137.416320801,19521.909866394475,20280.505264909938,6,67.81221656687558,20217.06822037697,6710,269239744610.0,1879
0,28288291.582262278,28305250.611083984,16959.028821706772,20244.489793032408,6,31.79674468934536,20217.06822037697,6711,269261498820.0,1879
1,30200378.19474626,30217092.10345459,16713.908708330244,20221.443392410874,6,8.750344067811966,20217.06822037697,6712,269263410670.0,1879
2,33813990.55898765,33830276.024902344,16285.465914696455,20212.693048343062,6,-8.750344067811966,20217.06822037697,6713,269267023870.0,1879
3,48051967.229917705,48066582.673706055,14615.443788349628,20196.299121029675,6,-25.14427138119936,20217.06822037697,6714,269281260240.0,1879
0,58333390.712793835,58346816.92694092,13426.214147083461,20201.175369277596,6,-20.268023133277893,20217.06822037697,6715,269291540520.0,1879
0,50680488.61586872,50622230.81555176,-58257.80031695962,-52371.6630480811,1,,-52371.6630480811,6742,270284834370.0,1880
3,1432654.8885000325,1410579.6849975586,-22075.203502473887,-21908.81198646943,4,79.66109988768585,-21973.925635270774,6759,271236559050.0,1881
3,25560610.369570464,25535682.328979492,-24928.04059097171,-21959.378184184432,4,29.09490217268467,-21973.925635270774,6760,271260684260.0,1881
3,46806902.518632755,46779477.7946167,-27424.724016055465,-21988.473086357117,4,-29.09490217268467,-21973.925635270774,6761,271281928150.0,1881
3,50658013.88016726,50630140.65930176,-27873.220865502954,-21989.693859137595,4,-30.31567495316267,-21973.925635270774,6762,271285778830.0,1881
0,19608034.81600455,19538200.72796631,-69834.08803823963,-67556.77012651414,3,50.92061208188534,-67607.67526226491,6784,272255661190.0,1882
3,42058833.34087376,41986340.834350586,-72492.50652317703,-67607.70621492714,3,-25.483520537614822,-67607.67526226491,6785,272278109430.0,1882
3,46880471.85136342,46807419.38067627,-73052.47068715096,-67607.67526226491,3,-25.437091544270515,-67607.67526226491,6786,272282930530.0,1882
0,9900360.720493985,9821072.101928711,-79288.6185652744,-78138.77009688504,3,54.232174629345536,-78187.67573681474,6811,273246823480.0,1883
1,39993601.47240671,39910758.20361328,-82843.26879342645,-78198.32880621403,3,-35.105889364145696,-78187.67573681474,6812,273276913300.0,1883
0,76240689.3515428,76153646.92370605,-87042.42783674598,-78187.67573681474,3,-19.12628526519984,-78187.67573681474,6813,273313156350.0,1883
0,394572.068148965,368580.16497802734,-25991.903170937672,-25946.076750967826,3,76.85292318818392,-25997.416340574622,6836,274238280360.0,1884
1,19716991.579635225,19688704.19091797,-28287.388717256486,-25997.416340574622,3,-0.15646122200996615,-25997.416340574622,6837,274257600570.0,1884
3,53530629.34037391,53498363.73883057,-32265.601543344557,-26048.443007737398,3,-76.69646196617396,-25997.416340574622,6838,274291410380.0,1884
2,14159329.451880818,14167604.131408691,8274.679527873173,9919.173475449905,1,,9919.173475449905,6888,276254039330.0,1886
1,12973041.420494908,12947375.213623047,-25666.206871861592,-24159.490881519392,4,-29.460344860330224,-24131.90914906375,6907,277253806590.0,1887
0,18080696.204636503,18054462.487243652,-26233.717392850667,-24133.78776146844,4,-3.7572248093783855,-24131.90914906375,6908,277258913700.0,1887
3,40346519.37552439,40317703.416381836,-28815.959142550826,-24130.030536659062,4,3.7572248093783855,-24131.90914906375,6909,277281177040.0,1887
1,60847634.5721125,60816442.1975708,-31192.374541699886,-24125.403812736273,4,8.383948732167482,-24131.90914906375,6910,277301675870.0,1887
0,3165571.0865896647,3152856.6286621094,-12714.457927555311,-12346.801923066378,2,10.900345422327518,-12352.252095777541,6964,279245869000.0,1889
2,44384535.84124387,44367023.226745605,-17512.614498265088,-12357.702268488705,2,-10.900345422327518,-12352.252095777541,6965,279287083350.0,1889
0,2992486.6870346013,2893585.3856811523,-98901.301353449,-98553.74773081765,2,-44.372617196291685,-98531.5614222195,6988,280246608230.0,1890
0,74758408.03814355,74651216.06616211,-107191.97198143601,-98509.37511362135,2,44.372617196291685,-98531.5614222195,6989,280318366180.0,1890
2,72773784.04770592,72743214.49829102,-30569.549414902925,-22117.450901672244,1,,-22117.450901672244,7017,281317380640.0,1891
0,3579880.3749634176,3599615.7670898438,19735.3921264261,20151.1668726583,2,11.282402731943876,20145.52567129233,7041,282249240100.0,1892
1,66002293.78045389,66014768.021362305,12474.240908414125,20139.884469926357,2,-11.282402731943876,20145.52567129233,7042,282311655530.0,1892
3,30788791.412630387,30735330.381347656,-53461.0312827304,-49885.15706472099,3,27.765567179769278,-49888.3673318848,7071,283277427430.0,1893
3,35017786.97051865,34963831.56463623,-53955.405882418156,-49888.3673318848,3,22.950166434049606,-49888.3673318848,7072,283281655950.0,1893
2,70629113.60379344,70570973.11383057,-58140.48996287584,-49937.477931916714,3,-50.715733613818884,-49888.3673318848,7073,283317263250.0,1893
2,64210367.463930495,64193574.8449707,-16792.61895979196,-9335.093444555998,2,-5.708279833197594,-9332.239304639399,7236,289332667500.0,1899
0,73540093.81718972,73522223.33270264,-17870.484487086535,-9329.3851647228,2,5.708279833197594,-9332.239304639399,7237,289341996190.0,1899
1,31663583.194937274,31615503.18786621,-48080.00707106292,-44402.53271751851,3,9.712651424109936,-44402.53271751851,7818,311326528420.0,1921
1,40181012.862843655,40131945.28997803,-49067.572865627706,-44400.86653006077,3,12.211932610720396,-44402.53271751851,7819,311335044900.0,1921
2,73779958.37492818,73726965.79302979,-52992.58189839125,-44423.62420782447,3,-21.924584034830332,-44402.53271751851,7820,311368640070.0,1921
1,3326167.947652772,3191681.1243286133,-134486.8233241588,-134100.51526648365,2,95.405836308375,-134148.21818463784,7891,314300955850.0,1924
1,68716446.96557856,68574270.17352295,-142176.79205560684,-134195.92110279202,2,-95.405836308375,-134148.21818463784,7892,314366338730.0,1924
2,17285077.38176287,17188475.203186035,-96602.1785768345,-94594.65376894921,3,66.19449117779732,-94654.83467888832,7920,315315780200.0,1925
3,71237193.6162602,71134265.14587402,-102928.4703861773,-94654.83467888832,3,-24.0768737308681,-94654.83467888832,7921,315369726230.0,1925
2,73711021.95184541,73607794.13873291,-103227.81311249733,-94666.8618413657,3,-42.117617446929216,-94654.83467888832,7922,315372199770.0,1925
2,4182049.8133162926,4068671.764526367,-113378.04878992541,-112892.33683373174,6,36.96543392399326,-112927.95353712887,7951,316303529560.0,1926
3,4986911.129423466,4873448.183288574,-113462.94613489136,-112883.75591283292,6,45.546354822814465,-112927.95353712887,7952,316304334340.0,1926
3,43218654.18217671,43100708.07305908,-117946.10911762714,-112926.604806602,6,2.6974610537290573,-112927.95353712887,7953,316342561770.0,1926
0,43880850.84212285,43762825.12664795,-118025.71547490358,-112929.30226765573,6,-2.6974610537290573,-112927.95353712887,7954,316343223890.0,1926
2,63988774.195246026,63868365.65753174,-120408.53771428764,-112976.74850177765,6,-50.143695175647736,-112927.95353712887,7955,316363329520.0,1926
0,71887365.74464048,71766040.51306152,-121325.23157896101,-112976.08352954686,6,-49.47872294485569,-112927.95353712887,7956,316371227230.0,1926
0,21721972.317679174,21633329.721618652,-88642.5960605219,-86119.76105429977,3,-0.40385647863149643,-86119.76105429977,7986,317321976830.0,1927
1,39136539.68309052,39045862.236328125,-90677.44676239789,-86132.04771248996,3,-18.833843763917685,-86119.76105429977,7987,317339389440.0,1927
3,64408416.984181345,64314829.7901001,-93587.19408124685,-86106.66668315232,3,19.23770024254918,-86119.76105429977,7988,317364658520.0,1927
3,34735709.58495771,34628661.976745605,-107047.60821210593,-103013.33071532845,1,,-103013.33071532845,8017,318335862690.0,1928
1,66244760.90714413,66154831.021118164,-89929.88602596521,-82236.08182848245,1,,-82236.08182848245,8087,321370266490.0,1931
0,47753419.869506866,47699302.279052734,-54117.590454131365,-48571.409032307565,1,,-48571.409032307565,8126,323353824780.0,1933
0,48092819.83373603,48006212.76611328,-86607.067622751,-81021.46758376062,1,,-81021.46758376062,8148,324355074130.0,1934
1,34091212.6566356,34018334.91351318,-72877.74312241375,-68918.31883823872,1,,-68918.31883823872,8165,325342017620.0,1935
0,36404369.23267336,36379538.41503906,-24830.817634299397,-20602.738538324833,2,16.857958741486073,-20611.167517695576,8191,326345286200.0,1936
1,38088884.238588355,38063840.919921875,-25043.31866648048,-20619.59649706632,2,-16.857958741486073,-20611.167517695576,8192,326346970510.0,1936
1,777245.4943904602,735208.7018432617,-42036.79254719848,-41946.52164025686,4,-40.58251870132517,-41915.26642109081,8214,327310625110.0,1937
2,23251383.761790823,23206758.704040527,-44625.05775029585,-41924.593720626086,4,-18.65459907054901,-41915.26642109081,8215,327333096760.0,1937
0,28996426.78604965,28951153.141662598,-45273.64438705146,-41905.93912155554,4,18.65459907054901,-41915.26642109081,8216,327338841180.0,1937
2,67221523.04354188,67171833.06060791,-49689.982933968306,-41882.73555211723,4,41.85816850885749,-41915.26642109081,8217,327377062030.0,1937
0,47910959.060205,47818710.85058594,-92248.20961906016,-86683.731268242,3,-10.896516863256693,-86683.731268242,8258,329359601890.0,1939
3,51971529.3869192,51878802.78326416,-92726.60365504026,-86690.5222280547,3,-21.082956582307816,-86683.731268242,8259,329363662000.0,1939
0,72821992.85474667,72726880.0098877,-95112.84485897422,-86655.14727470279,3,31.97947344556451,-86683.731268242,8260,329384510170.0,1939
3,8816914.804752287,8729678.94696045,-87235.8577918373,-86211.8429836519,4,-21.92823589220643,-86193.07977435365,8283,330321388050.0,1940
2,23658596.912836052,23569652.909423828,-88944.00341222435,-86196.2448009476,4,-6.330053187906742,-86193.07977435365,8284,330336228090.0,1940
1,38617021.32839539,38526346.35253906,-90674.97585632652,-86189.9147477597,4,6.330053187906742,-86193.07977435365,8285,330351184850.0,1940
2,74081814.73809351,73987058.55334473,-94756.18474878371,-86152.16883289814,4,44.07596804946661,-86193.07977435365,8286,330386645720.0,1940
0,20964400.61017909,20895492.821350098,-68907.78882899135,-66472.93977521732,5,-0.44376206770539284,-66472.93977521732,8332,332335369930.0,1942
3,23707987.189862534,23638760.6138916,-69226.57597093284,-66473.08107024431,5,-0.6557046081870794,-66472.93977521732,8333,332338113210.0,1942
1,24490108.84580466,24420777.133911133,-69331.7118935287,-66487.37975836173,5,-14.954392725601792,-66472.93977521732,8334,332338895230.0,1942
2,42239415.84354906,42168038.15905762,-71377.68449144065,-66471.91095605493,5,1.0994666758924723,-66472.93977521732,8335,332356642570.0,1942
3,65825990.242680065,65751883.21160889,-74107.03107117862,-66461.86376892775,5,11.14665380306542,-66472.93977521732,8336,332380226520.0,1942
2,37168184.46126126,37085640.70013428,-82543.76112698019,-78226.9709430486,4,15.453813672065735,-78241.95009543002,8353,333352486460.0,1943
1,45174624.34726961,45091135.075927734,-83489.2713418752,-78242.5965911001,4,-1.1211569607257843,-78241.95009543002,8354,333360491990.0,1943
1,54510356.90787533,54425783.536987305,-84573.37088802457,-78242.42475672066,4,-0.9493225812911987,-78241.95009543002,8355,333369826680.0,1943
3,69401609.2015446,69315307.2789917,-86301.92255289853,-78241.47543413937,4,0.9493225812911987,-78241.95009543002,8356,333384716270.0,1943
2,1709141.0483302586,1640868.5964355469,-68272.4518947117,-68073.94870152837,2,-55.18808984523639,-68046.35465660575,8407,335318822470.0,1945
2,69003362.12801066,68927329.17352295,-76032.95448771119,-68018.76061168313,2,55.18808984523639,-68046.35465660575,8408,335386109230.0,1945
3,13535127.085122347,13465301.994812012,-69825.09031033516,-68253.092522813,3,-2.128299793228507,-68253.092522813,8436,336331552530.0,1946
0,36719114.8249026,36646608.83862305,-72505.98627955467,-68241.351976417,3,15.482519800774753,-68253.092522813,8437,336354733940.0,1946
2,50487591.88678857,50413467.57647705,-74124.31031151861,-68260.57646962255,3,-13.354220007546246,-68253.092522813,8438,336368500860.0,1946
1,23185901.130581677,23123042.94720459,-62858.183377087116,-60165.32463628799,5,-50.85292333737016,-60118.86282310635,8464,337342135600.0,1947
1,62221293.78650691,62153939.26080322,-67354.52570369095,-60128.015338912606,5,-13.543625961989164,-60118.86282310635,8465,337381166670.0,1947
3,63165020.0411618,63097565.06164551,-67454.97951629013,-60118.86282310635,5,0.1851477473974228,-60118.86282310635,8466,337382110300.0,1947
0,72429683.43333223,72361173.83886719,-68509.59446504712,-60097.46051225066,5,25.978568758815527,-60118.86282310635,8467,337391373950.0,1947
2,73553361.56004074,73484708.83917236,-68652.72086837888,-60110.080602794886,5,13.358478214591742,-60118.86282310635,8468,337392497490.0,1947
3,9931359.37304655,9903011.859985352,-28347.513061199337,-27194.064344882965,2,-24.28726100921631,-27181.920714378357,8488,338329805980.0,1948
0,65045250.90075311,65010526.63305664,-34724.26769647002,-27169.77708387375,2,24.28726100921631,-27181.920714378357,8489,338384913740.0,1948
1,51355997.53017093,51238603.64971924,-117393.88045169413,-111429.28817371279,1,,-111429.28817371279,8515,339372111330.0,1949
1,24781739.21005045,24696062.11505127,-85677.09499917924,-82798.89230746031,2,0.09526215493679047,-82798.93993853778,8531,340346398980.0,1950
2,48842456.709915616,48753985.05792236,-88471.65199325234,-82798.98756961524,2,-0.09526215493679047,-82798.93993853778,8532,340370457010.0,1950
3,10895511.613117713,10850171.759338379,-45339.853779334575,-44074.42641821504,2,-42.52082376182079,-44053.166006334126,8553,341333455530.0,1951
0,35914253.50102291,35866050.43939209,-48203.06163082272,-44031.905594453216,2,42.52082376182079,-44053.166006334126,8554,341358471520.0,1951
2,59641435.52882472,59557657.02886963,-83778.4999550879,-76851.61968965828,2,-4.883952870965004,-76849.1777132228,8596,343383978220.0,1953
1,79535132.62402,79449048.51269531,-86084.11132468283,-76846.73573678732,2,4.883952870965004,-76849.1777132228,8597,343403869700.0,1953
3,44623215.71358664,44536128.00268555,-87087.71090109646,-81905.07789494097,3,-27.197478339076042,-81881.44346536696,8619,344369837110.0,1954
1,71313326.04134694,71223169.24609375,-90156.79525318742,-81874.31736783683,3,18.94331231713295,-81881.44346536696,8620,344396524270.0,1954
1,74521971.54952943,74431434.96942139,-90536.58010804653,-81881.44346536696,3,8.254166021943092,-81881.44346536696,8621,344399732550.0,1954
2,35723087.06167211,35635633.609375,-87453.45229710639,-83304.4987282753,1,,-83304.4987282753,8647,345361845990.0,1955
0,55375653.21142555,55339072.09307861,-36581.118346937,-30149.674904733896,2,31.84184793382883,-30165.59582870081,8691,347383331480.0,1957
1,66671786.74816171,66633861.83154297,-37924.91661874205,-30181.516752667725,2,-31.84184793382883,-30165.59582870081,8692,347394626320.0,1957
2,60535186.64592509,60406937.49194336,-128249.15398173034,-121218.47160422802,1,,-121218.47160422802,8718,348389319790.0,1958
3,11989175.598185822,11905433.67401123,-83741.9241745919,-82349.47640546225,4,1.1451048087328672,-82350.04895786662,8741,349341648380.0,1959
0,13333542.324026141,13249637.692382812,-83904.63164332882,-82356.04632888176,4,-6.569923419505358,-82350.04895786662,8742,349342992590.0,1959
1,25211083.53289388,25125804.84375,-85278.6891438812,-82350.62151027098,4,-1.1451048087328672,-82350.04895786662,8743,349354868810.0,1959
3,71269751.97453508,71179169.90753174,-90582.06700333953,-82304.64990065992,4,45.971609611064196,-82350.04895786662,8744,349400922380.0,1959
3,3859444.39597799,3762456.1532592773,-96988.24271871243,-96539.99882610701,3,49.621446304023266,-96559.7801544033,8792,351335269410.0,1961
3,25066862.889572907,24967391.791870117,-99471.09770279005,-96559.7801544033,3,19.949453859589994,-96559.7801544033,8793,351356474440.0,1961
2,72450074.9252389,72345040.96258545,-105033.96265345812,-96619.46039041877,3,-69.57090016361326,-96559.7801544033,8794,351403852300.0,1961
1,9525668.44160584,9443605.143127441,-82063.29847839847,-80956.96754994057,3,34.50958222895861,-80988.33241771162,8825,352341799070.0,1962
1,33278759.141047165,33193899.454956055,-84859.68609111011,-80994.62184662744,3,-21.971862801350653,-80988.33241771162,8826,352365549470.0,1962
0,48543027.757772036,48456401.537231445,-86626.22054059058,-80988.33241771162,3,-12.537719427607954,-80988.33241771162,8827,352380812040.0,1962
0,69777768.41719922,69679125.07019043,-98643.34700879455,-90539.2119770199,2,29.8491862565279,-90554.13657014817,8850,353402950160.0,1963
3,79744231.4468986,79644400.72497559,-99830.72192300856,-90569.06116327643,2,-29.8491862565279,-90554.13657014817,8851,353412915480.0,1963
1,9974272.42525709,9881191.190795898,-93081.23446119204,-91922.80173381232,4,10.531747782602906,-91932.02032812685,8877,354344056510.0,1964
3,32147716.940833405,32052052.53100586,-95664.40982754529,-91930.70717465878,4,2.626306936144829,-91932.02032812685,8878,354366227470.0,1964
2,34132581.26186444,34036683.69946289,-95897.56240154803,-91933.33348159492,4,-2.626306936144829,-91932.02032812685,8879,354368212110.0,1964
3,57836667.69380738,57737998.22924805,-98669.46455933154,-91952.19378081709,4,-21.486606158316135,-91932.02032812685,8880,354391913530.0,1964
1,6728334.43436248,6689553.651794434,-38780.78256804682,-37999.3398244353,2,22.30191348772496,-38010.49078117916,8903,355341716160.0,1965
2,22668887.178501558,22628232.725097656,-40654.45340390131,-38021.641737923026,2,-22.30191348772496,-38010.49078117916,8904,355357654910.0,1965
3,12326119.633725535,12299114.444152832,-27005.189572703093,-25573.60842306912,4,76.405197866261,-25636.605572793633,8926,356348290200.0,1966
2,45116321.64671603,45085458.5458374,-30863.100878626108,-25623.197524651885,4,26.816096283495426,-25636.605572793633,8927,356381076690.0,1966
0,66718171.2301205,66684772.42944336,-33398.80067714304,-25650.01362093538,4,-26.816096283495426,-25636.605572793633,8928,356402676100.0,1966
2,73311937.50299862,73277753.09088135,-34184.412117272615,-25669.81134338677,4,-46.61381873488426,-25636.605572793633,8929,356409269110.0,1966
2,17251759.80623728,17161430.655212402,-90329.15102487803,-88325.49578944966,3,-2.0410862788558006,-88325.49578944966,8953,357354096000.0,1967
0,39070118.26210718,38977263.57531738,-92854.68678979576,-88317.00206175447,3,10.6995052639395,-88325.49578944966,8954,357375911930.0,1967
0,47394340.92170057,47300506.537109375,-93834.384591192,-88329.90734458715,3,-8.6584189850837,-88325.49578944966,8955,357384235210.0,1967
0,9096916.577720106,9049522.76977539,-47393.80794471502,-46337.27314873412,2,-6.000432563945651,-46334.27293245215,8988,358346889630.0,1968
0,11375215.04639928,11327562.63256836,-47652.413830921054,-46331.27271617018,2,6.000432563945651,-46334.27293245215,8989,358349167680.0,1968
2,34794354.952030815,34714336.489990234,-80018.46204058081,-75977.37334899604,2,13.668114840984344,-75984.20740641654,9021,359373480100.0,1969
2,42913475.46606445,42832500.36437988,-80975.10168457031,-75991.04146383703,2,-13.668114840984344,-75984.20740641654,9022,359381598300.0,1969
2,267360.879856678,182808.1050415039,-84552.77481517411,-84521.72296697483,5,38.47962806536816,-84539.18333248794,9047,360339868840.0,1970
0,839063.2131356397,754445.5612792969,-84617.6518563428,-84520.20131108037,5,40.001283959834836,-84539.18333248794,9048,360340440480.0,1970
0,36635770.42330505,36546976.285461426,-88794.13784362376,-84539.18333248794,5,12.289079795707949,-84539.18333248794,9049,360376233170.0,1970
1,66106684.07781612,66014415.156188965,-92268.92162715644,-84591.15395957232,5,-60.70080984092783,-84539.18333248794,9050,360405700740.0,1970
0,76661132.99973664,76567648.19458008,-93484.80515655875,-84581.22185759246,5,-50.76870786107611,-84539.18333248794,9051,360416254020.0,1970
2,46224890.270272605,46144815.75280762,-80074.51746498793,-74705.86264731735,3,2.5483085848391056,-74705.86264731735,9069,361386700530.0,1971
0,64521632.2884179,64439434.34222412,-82197.94619377702,-74704.26973497123,3,4.937677104026079,-74705.86264731735,9070,361404995230.0,1971
0,68863265.49929228,68780555.02435303,-82710.4749392569,-74712.55217683315,3,-7.485985688865185,-74705.86264731735,9071,361409336370.0,1971
3,46291985.00459695,46207187.41345215,-84797.59114480019,-79421.14380525053,3,3.2861072160303593,-79421.52064420283,9096,362387686140.0,1972
3,50553901.40600677,50468608.45019531,-85292.95581145585,-79421.52064420283,3,2.72084878757596,-79421.52064420283,9097,362391947580.0,1972
3,63197719.44578939,63110952.19213867,-86767.25365071744,-79427.33918073028,3,-6.006956003606319,-79421.52064420283,9098,362404589980.0,1972
2,881205.7150475373,776091.6768188477,-105114.0382286897,-105011.69316567737,4,53.42526411754079,-105041.30383123923,9152,364344051910.0,1974
2,5785559.291275535,5679869.855163574,-105689.43611196056,-105017.48923268355,4,47.62919711135328,-105041.30383123923,9153,364348955710.0,1974
1,39762030.75062831,39652338.67858887,-109692.07203944027,-105074.0271570906,4,-56.53792440705001,-105041.30383123923,9154,364382928330.0,1974
3,48228477.481476195,48117811.00744629,-110666.4740299061,-105065.11842979491,4,-47.62919711135328,-105041.30383123923,9155,364391393840.0,1974
3,1321082.3270537653,1262557.7077026367,-58524.61935112858,-58371.18610427366,4,24.496733726700768,-58389.86806110293,9179,365345403760.0,1975
3,36932874.39832193,36870189.25469971,-62685.14362221956,-58395.68283800036,4,-11.62955379486084,-58389.86806110293,9180,365381011550.0,1975
2,46122847.68929921,46059088.36437988,-63759.32491932809,-58402.52153906971,4,-18.46825486421585,-58389.86806110293,9181,365390200490.0,1975
0,47186277.99823886,47122413.63256836,-63864.365670502186,-58384.053284205496,4,11.62955379486084,-58389.86806110293,9182,365391263820.0,1975
1,52510838.54732437,52454057.73236084,-56780.814963527024,-50682.09704989195,3,12.123501028865576,-50692.12597166747,9202,366397544070.0,1976
1,58788643.94996996,58731119.79956055,-57524.150409415364,-50696.31513017416,3,-9.20361939445138,-50692.12597166747,9203,366403821160.0,1976
2,62911690.274642944,62853691.45422363,-57998.82041931152,-50692.12597166747,3,-2.919881634414196,-50692.12597166747,9204,366407943750.0,1976
0,25891652.183107626,25750020.573425293,-141631.60968233272,-138624.49939136952,3,66.81507183611393,-138675.4890883118,9225,367371747280.0,1977
1,40931773.04353072,40788343.65325928,-143429.39027144015,-138675.4890883118,3,-9.669473577290773,-138675.4890883118,9226,367386785670.0,1977
2,75690186.95282091,75542688.99737549,-147497.95544542372,-138707.13983809948,3,-57.145598258823156,-138675.4890883118,9227,367421540170.0,1977
1,8470940.877459165,8371194.255859375,-99746.62159978971,-98762.78892250173,3,21.47407067194581,-98780.58483336493,9255,368355199710.0,1978
1,25255510.74244654,25153789.573791504,-101721.16865503788,-98787.94115298241,3,-16.254275049082935,-98780.58483336493,9256,368371982380.0,1978
3,32065283.987538565,31962779.273986816,-102504.71355174854,-98780.58483336493,3,-5.2197956228628755,-98780.58483336493,9257,368378791400.0,1978
2,36847817.09699133,36748040.259643555,-99776.8373477757,-95497.255295299,2,1.7637582197785378,-95498.13717440888,9279,369384423120.0,1979
0,54597161.331559986,54495321.284729004,-101840.04683098197,-95499.01905351877,2,-1.7637582197785378,-95498.13717440888,9280,369402170480.0,1979
3,20008149.00497451,19905759.273132324,-102389.7318421863,-100065.94383706152,1,,-100065.94383706152,9305,370368475330.0,1980
2,22030083.01487406,21954482.356567383,-75600.6583066769,-73042.03868378699,2,5.872437596321106,-73044.97490258515,9333,371371388420.0,1981
2,44717342.88683655,44639101.410583496,-78241.47625305504,-73047.91112138331,2,-5.872437596321106,-73044.97490258515,9334,371394073140.0,1981
1,8133358.833169827,8051114.065246582,-82244.7679232452,-81300.1427261224,2,-21.52195034828037,-81289.38175094826,9353,372358430500.0,1982
3,66581135.4965506,66492124.004333496,-89011.49221710116,-81278.62077577412,2,21.52195034828037,-81289.38175094826,9354,372416871770.0,1982
1,57969403.420766726,57883558.4543457,-85844.96642102301,-79112.27943933755,2,3.9469636380672455,-79114.25292115659,9385,373409140580.0,1983
2,60222058.97275621,60135948.431274414,-86110.54148179293,-79116.22640297562,2,-3.9469636380672455,-79114.25292115659,9386,373411392980.0,1983
1,8262738.984623797,8182815.575439453,-79923.40918434411,-78963.7575075617,2,-40.375435202382505,-78943.56978996051,9409,374360359270.0,1984
2,50711679.84251664,50626866.70056152,-84813.1419551149,-78923.38207235932,2,40.375435202382505,-78943.56978996051,9410,374402803510.0,1984
0,72120528.86384156,72074001.39093018,-46527.47291138768,-38151.24481275678,1,,-38151.24481275678,9435,375425130970.0,1985
3,56153246.282637924,56017600.56439209,-135645.7182458341,-129123.9635283947,2,24.95253736525774,-129136.43979707733,9462,376410046120.0,1986
1,67101424.06597699,66964481.85107422,-136942.2149027735,-129148.91606575996,2,-24.95253736525774,-129136.43979707733,9463,376420993050.0,1986
3,27383512.367609814,27289664.710205078,-93847.65740473568,-90667.27937165648,2,74.53724395483732,-90704.5479936339,9500,377382158350.0,1987
1,70292399.51133981,70193493.78936768,-98905.72197213769,-90741.81661561131,2,-74.53724395483732,-90704.5479936339,9501,377425062370.0,1987
0,25583709.259425472,25497342.542175293,-86366.7172501795,-83395.37209032103,3,45.91545531153679,-83428.27752514929,9524,378381307690.0,1988
2,41420220.98655866,41331982.07849121,-88238.90806744993,-83428.27752514929,3,-3.4426969308406115,-83428.27752514929,9525,378397142400.0,1988
0,71707419.86334354,71615637.3170166,-91782.54632693529,-83454.29756611586,3,-42.47275838069618,-83428.27752514929,9526,378427426190.0,1988
3,29373957.76947622,29268197.922302246,-105759.84717397392,-102348.2946754992,3,1.221815101802349,-102348.2946754992,9547,379385951880.0,1989
1,45583601.53275351,45475955.79821777,-107645.73453573883,-102351.56032472849,3,-3.6766587421298027,-102348.2946754992,9548,379402159710.0,1989
1,52501890.16685057,52393445.015563965,-108445.15128660202,-102347.47265647352,3,2.4548436403274536,-102348.2946754992,9549,379409077230.0,1989
3,1180104.2244480844,1091521.4008789062,-88582.82356917812,-88445.76381213171,2,64.30405515851453,-88477.91583971097,9571,380358663500.0,1990
1,32420997.9061186,32328722.3961792,-92275.50993940234,-88510.06786729023,2,-64.30405515851453,-88477.91583971097,9572,380389900840.0,1990
0,13653449.301067023,13543968.102600098,-109481.19846692495,-107895.45849135332,2,92.77023399807513,-107941.84360835236,9600,381371999560.0,1991
2,61805970.35302733,61690803.85046387,-115166.50256346166,-107988.2287253514,2,-92.77023399807513,-107941.84360835236,9601,381420146610.0,1991
3,39515407.13573586,39406223.02050781,-109184.11522804946,-104594.71372485161,2,-4.138343304395676,-104592.64455319941,9625,382398770320.0,1992
0,44275984.71882039,44166251.83856201,-109732.88025838137,-104590.57538154721,2,4.138343304395676,-104592.64455319941,9626,382403530370.0,1992
3,37890293.87247967,37801748.3560791,-88545.51640056819,-84144.85892897099,1,,-84144.85892897099,9654,383398031220.0,1993
2,13820264.220049638,13706389.440490723,-113874.77955891564,-112269.66535198875,2,25.19239010475576,-112282.26154704113,9678,384374876400.0,1994
0,44587825.922191344,44470352.54168701,-117473.38050433248,-112294.8577420935,2,-25.19239010475576,-112282.26154704113,9679,384405640500.0,1994
2,11348999.645879723,11215932.723144531,-133066.92273519188,-131748.82633153722,2,5.722460625693202,-131751.68756185006,9710,385373250290.0,1995
3,16527753.797007086,16394079.680541992,-133674.11646509357,-131754.5487921629,2,-5.722460625693202,-131751.68756185006,9711,385378428460.0,1995
0,37357742.34061858,37250357.03442383,-107385.30619475245,-103046.50036478788,2,19.656938910484314,-103056.32883424312,9736,386400157380.0,1996
1,55652995.44240316,55543465.6305542,-109529.81184896082,-103066.15730369836,2,-19.656938910484314,-103056.32883424312,9737,386418450570.0,1996
0,26719434.57783155,26609912.539916992,-109522.03791455925,-106418.7872560285,5,42.8385732807219,-106460.19782212377,9757,387390391230.0,1997
0,52830394.723809704,52717816.3604126,-112578.36339710653,-106442.53156505525,5,19.09426425397396,-106460.19782212377,9758,387416499250.0,1997
3,57412934.226018235,57299805.970703125,-113128.25531511009,-106460.19782212377,5,-7.405121348798275,-106460.19782212377,9759,387421081260.0,1997
3,59121707.939474374,59008378.367614746,-113329.57185962796,-106463.05383649468,5,-11.689142905175686,-106460.19782212377,9760,387422789840.0,1997
2,75059080.4845113,74943877.45501709,-115203.02949421108,-106485.51190364361,5,-34.14721005409956,-106460.19782212377,9761,387438725410.0,1997
1,11171774.928046018,11113307.459228516,-58467.46881750226,-57169.955660874024,5,37.16952225007117,-57178.278444968164,9779,388375812930.0,1998
3,17170824.23730346,17111660.766723633,-59163.47057982534,-57169.215369571,5,37.909813553094864,-57178.278444968164,9780,388381811310.0,1998
0,32172858.916947316,32111944.015808105,-60914.90113921091,-57178.278444968164,5,24.685346108861268,-57178.278444968164,9781,388396811660.0,1998
3,61472859.20457205,61408483.64703369,-64375.55753836036,-57235.97192128003,5,-61.854868358932436,-57178.278444968164,9782,388426108330.0,1998
0,75154167.059436,75088192.77270508,-65974.28673091531,-57245.725587934256,5,-71.6085350131616,-57178.278444968164,9783,388439788100.0,1998
2,27697335.632197674,27603493.917419434,-93841.71477824077,-90624.88865904137,1,,-90624.88865904137,9803,389393248700.0,1999
0,53842944.72129308,53713909.619384766,-129035.10190831125,-122781.6704153344,1,,-122781.6704153344,9829,390420292710.0,2000
0,59988678.15446785,59839480.51654053,-149197.63792732358,-142230.42818173766,1,,-142230.42818173766,9843,391427292650.0,2001
1,25884960.326348245,25808946.141174316,-76014.18517392874,-73007.85208911821,2,-5.6920980252325535,-73005.0060401056,9883,393395038040.0,2003
2,33661503.216661796,33584591.53973389,-76911.67692790926,-73002.15999109298,2,5.6920980252325535,-73005.0060401056,9884,393402813720.0,2003
1,49698875.05789283,49648079.896728516,-50795.161164313555,-45023.030533991754,1,,-45023.030533991754,9904,394419822790.0,2004
2,57690202.94933913,57574062.8034668,-116140.14587233216,-109439.88581361622,1,,-109439.88581361622,9959,396429527700.0,2006
1,43556090.86122351,43448631.989868164,-107458.87135534734,-102400.17644717544,1,,-102400.17644717544,10006,398417147050.0,2008
2,6913587.36288593,6804217.194091797,-109370.16879413277,-108567.21039042156,1,,-108567.21039042156,10033,399381380910.0,2009
0,28541561.815671638,28475999.012145996,-65562.80352564156,-62247.92722307518,4,-11.662397284060717,-62241.07937998697,10080,401404813760.0,2011
0,39097037.14913958,39030262.04595947,-66775.10318011045,-62234.29203658551,4,11.601897597312927,-62241.07937998697,10081,401415368070.0,2011
3,51754282.84287606,51686035.72808838,-68247.11478768289,-62236.26482579112,4,9.629108391702175,-62241.07937998697,10082,401428023900.0,2011
2,52984559.88491778,52916160.254089355,-68399.63082842529,-62245.89393418282,4,-9.629108391702175,-62241.07937998697,10083,401429254030.0,2011
3,34831074.76889283,34753232.851623535,-77841.91726929694,-73796.56386186928,3,-29.201736263930798,-73778.81655722857,10104,402412051380.0,2012
2,62540902.00474599,62459859.55786133,-81042.44688466191,-73778.81655722857,3,-2.580779302865267,-73778.81655722857,10105,402439758130.0,2012
0,79772853.77765942,79689832.88494873,-83020.89271068573,-73755.90769398212,3,31.782515566796064,-73778.81655722857,10106,402456988180.0,2012
2,21966210.39037664,21916494.000671387,-49716.3897052519,-47165.18838170543,4,-26.537935245782137,-47141.629289029166,10136,403400118110.0,2013
0,26534380.040915295,26484153.674743652,-50226.36617164314,-47144.60813159868,4,-5.957685139030218,-47141.629289029166,10137,403404685790.0,2013
1,63485141.21059353,63430629.263916016,-54511.94667751342,-47138.65044645965,4,5.957685139030218,-47141.629289029166,10138,403441632430.0,2013
3,67546183.80967215,67491211.19439697,-54972.61527517438,-47127.66111725569,4,16.947014342993498,-47141.629289029166,10139,403445693030.0,2013
1,2980875.3675606083,2885600.932006836,-95274.43555377237,-94928.2304939148,3,-16.416883618105203,-94913.56740610674,10176,405382850920.0,2015
2,24385981.496831506,24288235.690856934,-97745.8059745729,-94913.56740610674,3,5.577748093986884,-94913.56740610674,10177,405404253650.0,2015
3,33487734.58789481,33388935.192993164,-98799.39490164444,-94910.05981448665,3,10.83913552411832,-94913.56740610674,10178,405413354390.0,2015
0,2460659.505806121,2350225.3494262695,-110434.15637985151,-110148.37027125806,3,-11.087278593331575,-110147.06087642163,10201,406383217020.0,2016
2,28596207.34424904,28482739.060424805,-113468.2838242352,-110147.06087642163,3,-9.123186338692904,-110147.06087642163,10202,406409349650.0,2016
3,75657444.18135485,75538529.66345215,-118914.5179027021,-110127.50510890782,3,20.21046493202448,-110147.06087642163,10203,406456405650.0,2016
2,6660091.1969898585,6562738.8837890625,-97352.31320079602,-96578.79636859149,3,-12.796469722874463,-96571.28970884345,10228,407388275990.0,2017
2,9158992.799180835,9061357.765014648,-97635.03416618705,-96571.28970884345,3,-1.536480100825429,-96571.28970884345,10229,407390774620.0,2017
2,28415373.015095614,28315512.08453369,-99860.93056192249,-96560.71008889377,3,14.332949823699892,-96571.28970884345,10230,407410028860.0,2017
1,33636751.09620221,33537032.874816895,-99718.22138531506,-95811.57921120524,4,-14.229172989726067,-95798.61149742082,10258,408416153930.0,2018
3,42821345.24128237,42720572.00830078,-100773.23298159242,-95799.87295662612,4,-2.5229184105992317,-95798.61149742082,10259,408425337510.0,2018
1,68260374.07021862,68156648.81848145,-103725.25173717737,-95797.35003821552,4,2.5229184105992317,-95798.61149742082,10260,408450773700.0,2018
3,72992356.02005208,72888097.76361084,-104258.25644123554,-95780.77252490819,4,19.100431717932224,-95798.61149742082,10261,408455505170.0,2018
2,2372922.094483886,2271008.1499023438,-101913.94458154216,-101638.34847823018,5,-10.556527842301875,-101636.98061810061,10280,409385765180.0,2019
3,10987606.248673724,10884689.819274902,-102916.42939882167,-101640.30597534217,5,-12.514024954289198,-101636.98061810061,10281,409394378900.0,2019
1,21295894.28297782,21191783.952941895,-104110.33003592491,-101636.98061810061,5,-8.504737647948787,-101636.98061810061,10282,409404686040.0,2019
0,27263921.373334017,27159137.398376465,-104783.9749575518,-101617.48647107184,5,20.178077093558386,-101636.98061810061,10283,409410653420.0,2019
2,42049283.90607199,41942781.611572266,-106502.2944997251,-101618.60328267515,5,19.061265490250662,-101636.98061810061,10284,409425437130.0,2019
1,67470525.46540402,67373742.5102539,-96782.95515011251,-88946.78810952604,1,,-88946.78810952604,10307,410451762770.0,2020
3,38916006.082812995,38805623.77459717,-110382.30821582675,-105862.52239655703,2,-25.39792386442423,-105849.82343462482,10381,413425891790.0,2023
0,62957075.894910164,62843926.80480957,-113149.09010059386,-105837.12447269261,2,25.39792386442423,-105849.82343462482,10382,413449930200.0,2023
3,17815555.556476004,17698520.06463623,-117035.49183977395,-114966.35619426891,5,11.101094271987677,-114969.11167370528,10419,415406521500.0,2025
0,37366479.26558435,37247173.0736084,-119306.1919759512,-114966.37142135948,5,11.085867181420326,-114969.11167370528,10420,415426070240.0,2025
0,38520540.906066224,38401097.9387207,-119442.96734552085,-114969.11167370528,5,6.975488662719727,-114969.11167370528,10421,415427224170.0,2025
0,55899648.715478405,55778170.611206055,-121478.10427235067,-114985.80290337652,5,-18.061355844140053,-114969.11167370528,10422,415444601320.0,2025
0,56861887.233082324,56740296.32977295,-121590.90330937505,-114986.84555929899,5,-19.10401176661253,-114969.11167370528,10423,415445563450.0,2025
0,44222384.09169112,44154696.05792236,-67688.03376875818,-62551.954180151224,1,,-62551.954180151224,10487,417434858830.0,2027
1,17711899.01403772,17665193.717651367,-46705.29638635367,-44648.19962710142,4,-36.9097295999527,-44621.916811876,10515,418409327520.0,2028
3,37447427.67100927,37398445.9052124,-48981.76579686999,-44632.54372625053,4,-21.25382874906063,-44621.916811876,10516,418429060860.0,2028
0,58740164.65869257,58688731.164001465,-51433.4946911037,-44611.28989750147,4,21.25382874906063,-44621.916811876,10517,418450351240.0,2028
0,60740626.9029741,60688962.26300049,-51664.63997361064,-44610.09733771533,4,22.44638853520155,-44621.916811876,10518,418452351480.0,2028
3,7344539.042795081,7262991.837097168,-81547.20569791272,-80694.19567051996,2,-11.258421932347119,-80688.56645955378,10537,419399872830.0,2029
1,40001805.360020615,39916476.52996826,-85328.83005235344,-80682.93724858761,2,11.258421932347119,-80688.56645955378,10538,419432526460.0,2029
3,30279079.537321553,30200145.647521973,-78933.88979957998,-75417.21457802132,1,,-75417.21457802132,10561,420423746380.0,2030
1,26361247.528523065,26293313.09399414,-67934.43452892452,-64872.784458663315,1,,-64872.784458663315,10578,421420735120.0,2031
3,22381463.655547384,22312398.640075684,-69065.01547170058,-66465.58577098325,2,1.6701200641691685,-66466.42083101533,10603,422417701490.0,2032
0,35472427.48973131,35401840.39239502,-70587.09733629227,-66467.25589104742,2,-1.6701200641691685,-66466.42083101533,10604,422430790990.0,2032
0,33635570.18806621,33590724.42877197,-44845.759294234216,-40939.2542732507,3,31.962114803493023,-40958.96416425705,10643,423429894400.0,2033
2,40710320.095415026,40664632.95007324,-45687.14534178376,-40958.96416425705,3,2.397278293967247,-40958.96416425705,10644,423436968340.0,2033
1,68744455.80607058,68695488.21350098,-48967.592569604516,-40983.468611851335,3,-34.35939309746027,-40958.96416425705,10645,423464999320.0,2033
1,5838907.986661212,5795361.841430664,-43546.145230547525,-42868.00232292246,6,0.33412205521017313,-42868.169383950066,10673,424403070280.0,2034
2,9286843.668247312,9242906.499938965,-43937.16830834746,-42858.57498537749,6,9.761459600180387,-42868.169383950066,10674,424406517840.0,2034
3,18250038.316354007,18205056.61859131,-44981.697762697935,-42862.10038654506,6,6.236058432608843,-42868.169383950066,10675,424415480030.0,2034
2,22790652.094854586,22745136.41534424,-45515.679510347545,-42868.72581394017,6,-0.7234910177066922,-42868.169383950066,10676,424420020130.0,2034
3,31968646.819829985,31922065.578308105,-46581.24152188003,-42868.33644497767,6,-0.33412205521017313,-42868.169383950066,10677,424429197100.0,2034
3,45154353.126705274,45106226.90911865,-48126.21758662164,-42881.897177524865,6,-13.894854602403939,-42868.169383950066,10678,424442381320.0,2034
3,13528665.685212927,13405081.861877441,-123583.82333548553,-122012.57598837651,4,10.582956647500396,-122017.86746670026,10709,425411615560.0,2035
2,15603255.476483984,15479432.63104248,-123822.84544150345,-122010.6509247534,4,12.508020270615816,-122017.86746670026,10710,425413689920.0,2035
2,49323232.1644163,49195472.595581055,-127759.56883524358,-122031.06615120173,4,-18.490162825211883,-122017.86746670026,10711,425447406110.0,2035
3,50688066.69911435,50560156.52276611,-127910.17634823918,-122023.15894502401,4,-10.582956647500396,-122017.86746670026,10712,425448770800.0,2035
1,13343125.47778458,13235696.766845703,-107428.7109388765,-105879.0126170367,1,,-105879.0126170367,10741,426412321540.0,2036
0,14616337.814500183,14519063.313049316,-97274.50145086646,-95576.92960232869,2,18.708508633077145,-95586.28385664523,10767,427414456470.0,2037
1,30315219.97242768,30216103.461669922,-99116.51075775921,-95595.63811096177,2,-18.708508633077145,-95586.28385664523,10768,427430153580.0,2037
3,25924263.27516352,25823971.036987305,-100292.23817621544,-97281.34036525339,2,50.44591906666756,-97306.56332478672,10791,428426663930.0,2038
2,55232597.246012926,55128850.631103516,-103746.61490941048,-97331.78628432006,2,-50.44591906666756,-97306.56332478672,10792,428455968940.0,2038
1,304641.0852350362,195065.23162841797,-109575.85360661824,-109540.47195789294,2,4.094993486243766,-109542.51945463606,10824,429401911300.0,2039
3,37132828.61704503,37018971.36621094,-113857.2508340925,-109544.56695137918,2,-4.094993486243766,-109542.51945463606,10825,429438735370.0,2039
1,46079776.20331834,45960423.61199951,-119352.59131883085,-114000.79035045952,1,,-114000.79035045952,10859,430448578340.0,2040
1,9930592.389865708,9913738.24975586,-16854.14010984823,-15700.780472552404,2,16.52041540108621,-15709.040680252947,10888,431413388940.0,2041
1,27599282.372686885,27580359.633789062,-18922.738897822797,-15717.30088795349,2,-16.52041540108621,-15709.040680252947,10889,431431055640.0,2041
3,15355709.926843623,15293557.931213379,-62151.99563024379,-60368.551568062976,5,36.53858435340226,-60402.31759941578,10908,432419763190.0,2042
0,49988526.65529092,49922343.83404541,-66182.8212455064,-60377.049876727164,5,28.040275689214468,-60402.31759941578,10909,432454392130.0,2042
1,59229399.60560864,59162112.71734619,-67286.8882624507,-60407.86270541698,5,-18.178967345505953,-60402.31759941578,10910,432463631940.0,2042
3,64275507.673465505,64207640.26483154,-67867.40863396227,-60402.31759941578,5,-9.861308343708515,-60402.31759941578,10911,432468677490.0,2042
1,68628050.55421916,68559670.8984375,-68379.6557816565,-60409.051371753216,5,-19.367633681744337,-60402.31759941578,10912,432473029540.0,2042
2,60104589.71152294,60041278.70678711,-63311.004735827446,-56330.332781121135,2,6.089751332998276,-56333.377656787634,10934,433465442540.0,2043
1,75631570.05042914,75566449.62017822,-65120.430250912905,-56336.42253245413,2,-6.089751332998276,-56333.377656787634,10935,433480967780.0,2043
2,15732952.045376293,15670113.965637207,-62838.07973908633,-61010.821993296966,3,-29.62819075025618,-60988.77113495022,10964,434422023600.0,2044
1,53414898.78981447,53347706.30133057,-67192.48848390579,-60988.77113495022,3,3.448096769861877,-60988.77113495022,10965,434459701360.0,2044
3,55281252.09297955,55213857.99700928,-67394.09597027302,-60973.6164701432,3,26.180093980394304,-60988.77113495022,10966,434461567520.0,2044
0,15613257.034427525,15483320.750976562,-129936.28345096298,-128122.92733248882,2,-9.416418535634875,-128118.219123221,10993,435422756460.0,2045
2,49822238.50878261,49688338.53955078,-133899.96923182905,-128113.51091395319,2,9.416418535634875,-128118.219123221,10994,435456961630.0,2045
0,7207150.508486338,7093082.31829834,-114068.19018799812,-113231.13675049227,3,-2.648850988596678,-113231.13675049227,11008,436415223630.0,2046
2,13707753.91984426,13592913.394226074,-114840.52561818622,-113248.47859133594,3,-28.661612254101783,-113231.13675049227,11009,436421723490.0,2046
3,57976538.434861794,57856596.42199707,-119942.0128647238,-113208.4972076714,3,31.31046324269846,-113231.13675049227,11010,436465987370.0,2046
1,22218584.410554312,22133309.683288574,-85274.72726573795,-82694.21469902247,4,-24.4778758212924,-82672.2251709383,11035,437431107290.0,2047
3,29909203.894725777,29823055.464111328,-86148.43061444908,-82674.71351867542,4,-4.976695474237204,-82672.2251709383,11036,437438797070.0,2047
2,60325416.184502386,60235740.128479004,-89676.05602338165,-82669.73682320118,4,4.976695474237204,-82672.2251709383,11037,437469209890.0,2047
2,77885314.60573623,77793601.99645996,-91712.6092762649,-82666.84698155522,4,7.866537120193243,-82672.2251709383,11038,437486767830.0,2047
2,55276670.268961385,55183962.57318115,-92707.69578023255,-86287.74842266738,2,-10.463153697550297,-86282.51684581861,11060,438465075440.0,2048
2,65967993.94774011,65874055.00256348,-93938.94517663121,-86277.28526896983,2,10.463153697550297,-86282.51684581861,11061,438475765580.0,2048
1,36678002.83730652,36574681.58306885,-103321.25423767418,-99061.39476621151,3,-12.847918972373009,-99051.41264855862,11092,439447330690.0,2049
1,46474887.09480446,46370437.9921875,-104449.10261695832,-99051.41264855862,3,2.125257506966591,-99051.41264855862,11093,439457126490.0,2049
1,55445193.280178815,55339708.0791626,-105485.20101621747,-99045.68104591966,3,10.722661465406418,-99051.41264855862,11094,439466095800.0,2049
2,61941586.695559815,61825145.21887207,-116441.47668774426,-109247.45208578557,2,-3.984763093292713,-109245.45970423892,11114,440473490680.0,2050
1,77291607.1948216,77173386.9196167,-118220.27520489693,-109243.46732269228,2,3.984763093292713,-109245.45970423892,11115,440488838990.0,2050
3,11300354.535263075,11199682.757995605,-100671.7772674691,-99359.33060805127,1,,-99359.33060805127,11132,441423716550.0,2051
3,44632154.21661335,44522256.50842285,-109897.70819050074,-104714.03704802692,1,,-104714.03704802692,11159,442457940750.0,2052
3,53290161.80547483,53167300.238464355,-122861.56701047719,-116672.33687409759,1,,-116672.33687409759,11182,443467450190.0,2053
0,60451474.30082991,60366026.32019043,-85447.98063948005,-78427.02078770101,1,,-78427.02078770101,11213,444475532250.0,2054
3,37042157.95636332,36948364.73638916,-93793.2199741602,-89491.06677040458,1,,-89491.06677040458,11235,445452977050.0,2055
1,43385523.99653268,43319018.42211914,-66505.57441353798,-61466.689495489,1,,-61466.689495489,11257,446460249210.0,2056
0,27365069.024265666,27267887.879699707,-97181.14456595853,-94002.9085811004,3,3.160430211573839,-94003.8210112527,11287,447445100510.0,2057
3,56293541.03360994,56192999.163757324,-100541.86985261738,-94003.8210112527,3,1.7917849831283092,-94003.8210112527,11288,447474025750.0,2057
2,71252146.29543298,71149862.6060791,-102283.68935388327,-94008.31701137125,3,-4.952215194702148,-94003.8210112527,11289,447488982680.0,2057
1,73308436.95306826,73246017.28710938,-62419.66595888138,-53905.47174613178,2,-8.06326761841774,-53901.44011232257,11312,448491986210.0,2058
3,76012020.86011301,75949295.25756836,-62725.602544650435,-53897.40847851336,2,8.06326761841774,-53901.44011232257,11313,448494689500.0,2058
0,36534008.72085291,36446804.90905762,-87203.81179529428,-82960.67609975487,4,11.027822211384773,-82971.36086019501,11340,449456126200.0,2059
0,53518316.084381655,53429129.338134766,-89186.74624688923,-82971.01779842377,4,0.6861235424876213,-82971.36086019501,11341,449473108600.0,2059
0,54904611.609474465,54815263.16986084,-89348.4396136254,-82971.70392196625,4,-0.6861235424876213,-82971.36086019501,11342,449474494740.0,2059
1,61354879.93651102,61264754.4697876,-90125.46672341973,-82999.58346371353,4,-28.565665289759636,-82971.36086019501,11343,449480944260.0,2059
2,29823246.249264695,29734686.75012207,-88559.49914262444,-85095.76534642652,1,,-85095.76534642652,11371,450450329610.0,2060
1,19074145.55678068,19014626.591674805,-59518.96510587633,-57303.65420221165,3,-31.241018548607826,-57280.42306999117,11395,451440487940.0,2061
0,26241402.855302725,26181074.701171875,-60328.15413084999,-57280.42306999117,3,3.6056797821074724,-57280.42306999117,11396,451447654420.0,2061
0,49998530.33132585,49935458.99481201,-63071.33651383966,-57264.40329733491,3,27.635338766500354,-57280.42306999117,11397,451471408910.0,2061
0,27630705.263926215,27580774.30706787,-49930.956858344376,-46721.86932858452,3,-40.484385311603546,-46690.1199972257,11424,452450000660.0,2062
0,55745273.70433394,55692109.212402344,-53164.49193159491,-46690.1199972257,3,7.139611726626754,-46690.1199972257,11425,452478112120.0,2062
0,67997934.76598322,67943364.69464111,-54570.071342110634,-46672.649889320135,3,33.34477358497679,-46690.1199972257,11426,452490363430.0,2062
2,44309430.48907978,44181932.34777832,-127498.14130146056,-122351.95196336508,2,10.88937471807003,-122357.39665072411,11451,453467530250.0,2063
1,51651181.39791417,51522819.68103027,-128361.71688389778,-122362.84133808315,2,-10.88937471807003,-122357.39665072411,11452,453474871170.0,2063
1,42731075.585788384,42645477.62408447,-85597.96170391142,-80635.08578432351,2,-43.198415227234364,-80613.4865767099,11498,455467713800.0,2065
0,62673469.80550969,62585598.89111328,-87870.91439640522,-80591.88736909628,2,43.198415227234364,-80613.4865767099,11499,455487654010.0,2065
0,44123747.12205079,44027217.49786377,-96529.62418702245,-91405.00050105155,1,,-91405.00050105155,11523,456469999840.0,2066
1,50945455.858455196,50844443.38330078,-101012.47515441477,-95095.56403934956,3,-14.492805816233158,-95088.7803119868,11543,457477676590.0,2067
3,60082029.562552854,59979962.73046875,-102066.83208410442,-95088.7803119868,3,-4.317214772105217,-95088.7803119868,11544,457486812150.0,2067
0,72090975.45497853,71987529.29711914,-103446.15785938501,-95073.36215507984,3,18.810020588338375,-95088.7803119868,11545,457498819770.0,2067
0,22629536.90715503,22527479.43713379,-102057.47002124041,-99429.2285775505,3,28.82970249839127,-99446.0692291744,11567,458450258930.0,2068
3,32306314.572538935,32203116.38079834,-103198.1917405948,-99446.0692291744,3,3.568725062534213,-99446.0692291744,11568,458459934610.0,2068
1,52620647.511849955,52515065.99316406,-105581.51868589222,-99470.04733092338,3,-32.398427560925484,-99446.0692291744,11569,458480246650.0,2068
3,36887953.66388859,36819932.13769531,-68021.52619327605,-63737.28259650618,1,,-63737.28259650618,11598,459465393020.0,2069
2,57302314.47747585,57239937.22906494,-62377.24841091037,-55722.038525402546,2,14.818344369530678,-55729.44769758731,11617,460486731490.0,2070
2,76626917.71151228,76562281.24517822,-64636.466334059834,-55736.85686977208,2,-14.818344369530678,-55729.44769758731,11618,460506053920.0,2070
2,27821369.954608377,27725172.634765625,-96197.31984275207,-92966.08811958879,2,31.234023176133633,-92981.70513117686,11646,461458111160.0,2071
2,79009508.52614391,78907334.87548828,-102173.65065562725,-92997.32214276493,2,-31.234023176133633,-92981.70513117686,11647,461509293550.0,2071
2,53748259.5593359,53665313.40661621,-82946.1527196914,-76703.71815819293,1,,-76703.71815819293,11673,462484914750.0,2072
1,37688620.54370093,37600657.07128906,-87963.47241187096,-83586.23769978434,1,,-83586.23769978434,11698,463469719500.0,2073
2,25259004.093457483,25168510.46435547,-90493.629102014,-87559.99587491527,1,,-87559.99587491527,11730,464458180840.0,2074
2,49946785.07005299,49861976.863586426,-84808.20646656305,-79007.28305223584,2,3.994615748524666,-79009.2803601101,11762,465483719830.0,2075
1,62249533.19092378,62163292.12310791,-86241.06781587005,-79011.27766798437,2,-3.994615748524666,-79009.2803601101,11763,465496021200.0,2075
3,77876982.90352109,77770536.64019775,-106446.26332333684,-97401.46868982911,1,,-97401.46868982911,11790,466512544840.0,2076
0,32656005.434209153,32588121.988708496,-67883.44550065696,-64090.70916585624,2,18.20129145681858,-64099.80981158465,11811,467468206870.0,2077
3,36031400.64229889,35963106.97009277,-68293.6722061187,-64108.91045731306,2,-18.20129145681858,-64099.80981158465,11812,467471581870.0,2077
1,56386071.01778108,56324038.3425293,-62032.67525178194,-55483.87978576124,3,-6.907513529062271,-55481.97332146764,11839,468492857170.0,2078
1,71166709.99963623,71102962.57672119,-63747.42291504145,-55481.97332146764,3,-4.047817088663578,-55481.97332146764,11840,468507636160.0,2078
2,71373533.09811413,71309771.6564331,-63761.44168102741,-55471.97122299671,3,10.95533061772585,-55481.97332146764,11841,468507842970.0,2078
1,63670033.963236466,63554270.2567749,-115763.7064615637,-108368.93640198559,1,,-108368.93640198559,11870,469500976880.0,2079
1,62590053.34067564,62500801.16656494,-89252.17411069572,-81982.83524496853,1,,-81982.83524496853,11888,470500782900.0,2080
2,11454629.392431188,11393668.862487793,-60960.529943395406,-59630.165481463075,4,-61.07263587415218,-59574.66439297423,11933,472451433440.0,2082
0,52102678.406680554,52037058.00048828,-65620.4061922729,-59569.09284558892,4,11.143094770610332,-59574.66439297423,11934,472492077010.0,2082
1,63986886.928215176,63919875.12225342,-67011.8059617579,-59580.23594035953,4,-11.143094770610332,-59574.66439297423,11935,472503959880.0,2082
1,75845474.51284772,75777102.35791016,-68372.15493756533,-59563.30391031504,4,16.93203004449606,-59574.66439297423,11936,472515817160.0,2082
0,17824868.556600362,17746306.752563477,-78561.8040368855,-76491.58676019311,1,,-76491.58676019311,11961,473458659680.0,2083
0,34306933.26543283,34213161.46612549,-93771.7993073389,-89787.32078336179,5,13.53918657824397,-89796.0603921786,11981,474476038070.0,2084
3,36284892.52771511,36190872.66534424,-94019.86237087101,-89805.65954770148,5,-10.124654445797205,-89796.0603921786,11982,474478015790.0,2084
3,40305813.66189538,40211324.7744751,-94488.88742028177,-89807.68646056205,5,-12.151567306369543,-89796.0603921786,11983,474482036260.0,2084
0,41947095.35483718,41852427.47161865,-94667.88321852684,-89796.0603921786,5,4.274078838527203,-89796.0603921786,11984,474483677370.0,2084
3,65852474.35826866,65755031.105651855,-97443.25261680782,-89795.00939433277,5,5.850575607270002,-89796.0603921786,11985,474507580080.0,2084
1,34144857.81498649,34079860.3347168,-64997.48026969284,-61031.82552535087,3,33.216252610087395,-61055.048583969474,12004,475476752230.0,2085
1,56060848.892633155,55993282.82055664,-67566.07207651436,-61055.048583969474,3,-1.6183353178203106,-61055.048583969474,12005,475498665750.0,2085
2,77744250.75512649,77674146.3413086,-70104.41381789744,-61075.03497195244,3,-31.597917292267084,-61055.048583969474,12006,475520346710.0,2085
3,11576577.888054598,11560740.508605957,-15837.379448641092,-14492.8516350016,4,-20.32975424081087,-14472.99707679078,12031,476455150360.0,2086
0,31371929.50329216,31353812.42993164,-18117.07336051762,-14473.47227282077,4,-0.950392059981823,-14472.99707679078,12032,476474943520.0,2086
0,74477036.7933961,74453920.63562012,-23116.157775983214,-14466.239949271083,4,7.232323549687862,-14472.99707679078,12033,476518043820.0,2086
3,76184403.77561426,76161083.03875732,-23320.73685693741,-14472.521880760789,4,0.950392059981823,-14472.99707679078,12034,476519750990.0,2086
0,9702700.935757682,9679972.801330566,-22728.13442711532,-21601.242576889694,1,,-21601.242576889694,12058,477454196150.0,2087
0,6451230.608236376,6383999.178649902,-67231.42958647385,-66482.17025708873,4,-1.5452299499884248,-66481.39764211373,12078,478451874600.0,2088
0,17485922.71810454,17417420.08026123,-68502.63784331083,-66471.78644067794,4,10.383816410787404,-66481.39764211373,12079,478462908070.0,2088
3,23024140.13474214,22954985.438232422,-69154.6965097189,-66480.62502713874,4,1.5452299499884248,-66481.39764211373,12080,478468445660.0,2088
0,54540618.04074083,54467795.207092285,-72822.83364854753,-66488.37292638421,4,-7.747899245470762,-66481.39764211373,12081,478499958610.0,2088
0,53758386.27126883,53675542.82537842,-82843.44589041173,-76599.83519154042,3,15.53570393845439,-76611.6159459874,12121,480500964190.0,2090
2,62499874.41184655,62416003.93060303,-83870.48124352098,-76611.6159459874,3,-2.1354277320206165,-76611.6159459874,12122,480509704690.0,2090
1,66355982.62057364,66271656.773010254,-84325.84756338596,-76619.12584497035,3,-13.400276206433773,-76611.6159459874,12123,480513560360.0,2090
0,11133013.17020691,11066456.665649414,-66556.50455749594,-65263.49327197485,4,19.306661687791348,-65280.67712999787,12142,481459212360.0,2091
2,14040357.20587264,13973443.729675293,-66913.47619734704,-65282.79993366264,4,-4.245607329532504,-65280.67712999787,12143,481462119360.0,2091
3,26062791.509334244,25994480.23638916,-68311.27294508368,-65284.2861771211,4,-5.731850787997246,-65280.67712999787,12144,481474140450.0,2091
0,35196115.90239207,35126749.59802246,-69366.30436960608,-65278.554326333106,4,4.245607329532504,-65280.67712999787,12145,481483272760.0,2091
0,28745114.25823206,28647636.54864502,-97477.70958704129,-94139.19228078797,2,56.97297755256295,-94167.67876956426,12211,484479494980.0,2094
1,59038974.832176894,58937921.75769043,-101053.07448646426,-94196.16525834054,2,-56.97297755256295,-94167.67876956426,12212,484509785400.0,2094
2,41877424.93460607,41746956.43841553,-130468.49619054049,-125604.7650315836,2,-27.053952984511852,-125591.23805509135,12289,487495281640.0,2097
0,50674840.486917704,50543377.294555664,-131463.19236204028,-125577.7110785991,2,27.053952984511852,-125591.23805509135,12290,487504078100.0,2097
0,27993388.62832752,27904906.536987305,-88482.09134021401,-85230.88101080805,2,-28.690738551318645,-85216.53564153239,12323,489483145460.0,2099
2,65468885.67396755,65376079.791259766,-92805.88270778209,-85202.19027225673,2,28.690738551318645,-85216.53564153239,12324,489520616800.0,2099
0,46293462.712790325,46222467.3213501,-70995.39144022763,-65618.77247657627,1,,-65618.77247657627,12346,490502305700.0,2100
3,46418679.33812118,46358630.70147705,-60048.636644132435,-54657.4747614041,1,,-54657.4747614041,12361,491503354350.0,2101
0,6681984.492125441,6618643.565856934,-63340.92626850773,-62564.86670350935,4,17.42971716914326,-62578.707999866456,12378,492464518480.0,2102
2,31888207.271007486,31821921.41192627,-66285.85908121616,-62582.296420678496,4,-7.176841624081135,-62578.707999866456,12379,492489721870.0,2102
0,54717469.95435643,54648539.834106445,-68930.12024998665,-62575.119579054415,4,7.176841624081135,-62578.707999866456,12380,492512548590.0,2102
1,66116418.063996494,66046139.11505127,-70278.94894522429,-62600.05075225979,4,-24.93117320537567,-62578.707999866456,12381,492523946240.0,2102
2,5248395.256138457,5161203.997558594,-87191.25857986324,-86581.69904792774,4,2.243894620798528,-86582.82099523814,12408,493463982480.0,2103
2,25746216.955479935,25656642.793395996,-89574.16208393872,-86583.94294254854,4,-2.243894620798528,-86582.82099523814,12409,493484478010.0,2103
0,40631265.46655303,40539966.56304932,-91298.90350371599,-86579.90389507264,4,4.039047475904226,-86582.82099523814,12410,493499361400.0,2103
0,56977917.02010073,56884713.8293457,-93203.19075502455,-86585.65706435591,4,-3.9580164281651378,-86582.82099523814,12411,493515706220.0,2103
3,63937967.47984254,63895142.876586914,-42824.60325562954,-35398.71484062821,3,-0.670210599899292,-35398.71484062821,12432,494523571310.0,2104
0,67871015.1359643,67827745.37664795,-43269.75931635499,-35387.07857315242,3,16.784190613776445,-35398.71484062821,12433,494527503930.0,2104
1,75444142.9306501,75399971.68041992,-44171.25023017824,-35409.01068690419,3,-16.113980013877153,-35398.71484062821,12434,494535076190.0,2104
1,26166851.421938665,26132156.800964355,-34694.62097430974,-31655.54847184941,2,20.70532874390483,-31665.901136221364,12458,495486744450.0,2105
2,41578633.50975332,41542128.22705078,-36505.28270253539,-31676.253800593317,2,-20.70532874390483,-31665.901136221364,12459,495502154490.0,2105
3,53805924.52848765,53694228.136535645,-111696.39195200801,-105447.26006115228,1,,-105447.26006115228,12483,496515219130.0,2106
2,71862635.23105647,71787455.8348999,-75179.39615656435,-66833.12036038935,1,,-66833.12036038935,12507,497534173980.0,2107
0,47648774.76876655,47569631.78070068,-79142.98806586862,-73608.96034351736,1,,-73608.96034351736,12558,499511734940.0,2109
1,1505202.0845915047,1427143.3624267578,-78058.72216474684,-77883.90486662532,3,41.811981464968994,-77923.7542193234,12601,501467355010.0,2111
1,73547842.49081904,73461372.81207275,-86469.67874628305,-77927.67947685719,3,-23.849933882826008,-77923.7542193234,12602,501539389560.0,2111
3,76091332.65459514,76004571.49487305,-86761.15972208977,-77923.7542193234,3,-17.962047582142986,-77923.7542193234,12603,501541932770.0,2111
3,35108671.72117396,35041405.81488037,-67265.9062935859,-63188.31219923496,2,-13.250475503504276,-63181.68696148321,12622,502501870900.0,2112
1,56054027.91239823,55984342.619384766,-69685.29301346093,-63175.06172373146,2,13.250475503504276,-63181.68696148321,12623,502522813930.0,2112
2,7566077.781481326,7529544.36126709,-36533.42021423578,-35654.680217344314,2,-13.349140621721745,-35648.00564703345,12649,503475241450.0,2113
3,22625456.45377165,22587187.355163574,-38269.09860807657,-35641.33107672259,2,13.349140621721745,-35648.00564703345,12650,503490299160.0,2113
2,2027699.2303071895,2098650.341491699,70951.1111845097,71186.61238695565,2,-45.853781895013526,71209.53927790315,12676,504470761930.0,2114
2,71070284.92369825,71133263.13928223,62978.21558398008,71232.46616885066,2,45.853781895013526,71209.53927790315,12677,504539796850.0,2114
1,24417947.29429553,24418380.391296387,433.0970008559525,3269.048143468797,4,-1.5127770379185677,3269.8045319877565,12708,505494132230.0,2115
3,56146355.57458586,56143109.21710205,-3246.3574838116765,3274.5969324707985,4,5.5487890020012856,3269.8045319877565,12709,505525857100.0,2115
1,69282230.91728273,69277450.76965332,-4780.1476294100285,3266.434647336602,4,-4.1262731701135635,3269.8045319877565,12710,505538991500.0,2115
3,72875318.11231863,72870124.78234863,-5193.329970002174,3270.560920506716,4,1.5127770379185677,3269.8045319877565,12711,505542584190.0,2115
3,6669138.138224969,6662951.010314941,-6187.12791002728,-5412.560347267427,4,-38.063263424672186,-5387.9923757612705,12737,506477374200.0,2116
2,24929056.5636528,24920759.763549805,-8296.800102993846,-5401.487667679787,4,-26.990583837032318,-5387.9923757612705,12738,506495632090.0,2116
2,45404276.503964424,45393628.659851074,-10647.844113349915,-5374.497083842754,4,26.990583837032318,-5387.9923757612705,12739,506516105050.0,2116
2,68515143.6871463,68501835.82891846,-13307.858227849007,-5350.367056131363,4,51.12061154842377,-5387.9923757612705,12740,506539213360.0,2116
1,2646493.5609509614,2660198.724182129,13705.163231167477,14012.532493114006,1,,14012.532493114006,12758,507474302860.0,2117
1,18834409.307714626,18882856.127929688,48446.82021506131,50634.28765255213,1,,50634.28765255213,12778,508491526140.0,2118
3,6970064.509285901,6970636.723205566,572.2139196656644,1381.7316965274513,3,64.4547444395721,1343.7911015748978,12805,509480616210.0,2119
0,39768985.847570926,39765710.78601074,-3275.0615601837635,1343.7911015748978,3,7.54385201074183,1343.7911015748978,12806,509513411430.0,2119
2,72931952.93483883,72924773.22906494,-7179.7057738900185,1290.7628026008606,3,-71.99859645031393,1343.7911015748978,12807,509546570640.0,2119
0,7800218.59440135,7680543.220947266,-119675.37345408462,-118769.43985660374,4,-26.78154067695141,-118751.96281677485,12833,510482312590.0,2120
0,26715013.064816214,26593149.06036377,-121864.00445244461,-118761.2673176229,4,-18.60900169610977,-118751.96281677485,12834,510501225280.0,2120
2,65212964.392841846,65086647.765319824,-126316.62752202153,-118742.65831592679,4,18.60900169610977,-118751.96281677485,12835,510539718950.0,2120
0,73259662.73221703,73132431.96179199,-127230.77042503655,-118722.2409516573,4,39.02636596560478,-118751.96281677485,12836,510547764770.0,2120
2,55327081.263972186,55263675.93035889,-63405.33361329883,-56979.53141801059,1,,-56979.53141801059,12870,511530703460.0,2121
3,3879190.866269032,3817162.856567383,-62028.00970164919,-61577.4724129485,4,45.53748958837241,-61621.61280531995,12886,512480168180.0,2122
1,23677694.956627063,23613324.76422119,-64370.19240587205,-61620.21570810303,4,2.794194433838129,-61621.61280531995,12887,512499964430.0,2122
0,45621468.7084288,45554547.12634277,-66921.58208602667,-61623.00990253687,4,-2.794194433838129,-61621.61280531995,12888,512521905750.0,2122
0,58784986.79066925,58716518.5559082,-68468.23476104438,-61640.82423188537,4,-20.608523782342672,-61621.61280531995,12889,512535067780.0,2122
3,66322075.69800116,66263654.83325195,-58420.86474920809,-50718.08105124533,2,7.988093763589859,-50722.07509812713,12919,513543555340.0,2123
2,76118317.85406521,76058751.2453003,-59566.60876491666,-50726.06914500892,2,-7.988093763589859,-50722.07509812713,12920,513553350480.0,2123
0,25777426.343523897,25716535.373657227,-60890.96986667067,-57897.12600209564,1,,-57897.12600209564,12937,514503893390.0,2124
2,14184346.114545636,14126304.940429688,-58041.17411594838,-56393.77468118258,2,-30.02284046076238,-56378.7632609522,12952,515493214570.0,2125
0,31945959.932782017,31885885.9107666,-60074.02201541513,-56363.751840721816,2,30.02284046076238,-56378.7632609522,12953,515510974230.0,2125
0,19635074.22285133,19565922.8092041,-69151.41364722699,-66870.9553226009,1,,-66870.9553226009,12979,516499546730.0,2126
3,58690042.108503416,58623563.029663086,-66479.07884033024,-59662.69538386911,1,,-59662.69538386911,13004,517539508070.0,2127
2,7446772.8095609285,7421501.086791992,-25271.722768936306,-24406.839099415578,3,4.678523036651313,-24406.839099415578,13030,518489168090.0,2128
0,13973437.111993076,13947412.04663086,-26025.065362216905,-24402.16133730486,3,11.695166202727705,-24406.839099415578,13031,518495694030.0,2128
1,20833712.06673915,20806871.522216797,-26840.544522352517,-24420.873907599598,3,-16.37368923937902,-24406.839099415578,13032,518502553520.0,2128
3,67866118.41397545,67837956.05603027,-28162.35794517398,-20280.24591743946,1,,-20280.24591743946,13061,519550534420.0,2129
1,13919979.59949441,13823140.366638184,-96839.23285622708,-95222.53749790974,1,,-95222.53749790974,13086,520497440810.0,2130
0,2094854.0128504771,2040610.971496582,-54243.041353895096,-53999.74065544782,2,124.81309721292928,-54062.14720405429,13114,521486528730.0,2131
2,72033330.43825841,71970839.78381348,-62490.65444493294,-54124.55375266075,2,-124.81309721292928,-54062.14720405429,13115,521556459270.0,2131
1,65441692.07750413,65368557.27972412,-73134.79778000712,-65534.26366528869,1,,-65534.26366528869,13141,522550740260.0,2132
2,69058836.52658239,68977175.02520752,-81661.50137487054,-73640.86458690464,1,,-73640.86458690464,13166,523555302340.0,2133
1,58549839.41783504,58471468.01428223,-78371.40355281532,-71571.30352820456,1,,-71571.30352820456,13196,524545652240.0,2134
3,16810140.592232525,16724859.78527832,-85280.80695420504,-83328.44229203835,3,-32.92893663048744,-83306.6603789106,13217,525504814860.0,2135
0,39932731.43301493,39844786.90222168,-87944.5307932496,-83306.6603789106,3,-0.25606693886220455,-83306.6603789106,13218,525527934890.0,2135
0,72472933.63935927,72381232.11590576,-91701.52345350385,-83284.36633190513,3,33.18500356934965,-83306.6603789106,13219,525560471480.0,2135
2,10755279.433928534,10676184.920166016,-79094.51376251876,-77845.373258112,2,27.010447004809976,-77858.8784816144,13243,526499626420.0,2136
1,34983492.55715114,34901557.11791992,-81935.43923121691,-77872.38370511681,2,-27.010447004809976,-77858.8784816144,13244,526523851900.0,2136
3,59813745.54181019,59747772.59246826,-65972.94934193045,-59026.056633509696,3,3.245365086942911,-59026.056633509696,13273,527549598680.0,2137
3,61223487.28567211,61157356.319885254,-66130.9657868594,-59020.34274267405,3,11.816201340407133,-59026.056633509696,13274,527551008270.0,2137
2,68831534.9670287,68764502.46826172,-67032.49876698852,-59038.261254519224,3,-15.061566427350044,-59026.056633509696,13275,527558615450.0,2137
2,7098154.800077953,7077815.105407715,-20339.694670238532,-19515.300220815465,1,,-19515.300220815465,13299,528497807950.0,2138
1,38625469.03379452,38514157.146972656,-111311.88682186604,-106825.84457924217,3,26.41359018534422,-106835.9821960926,13313,529530168950.0,2139
2,49178577.875897735,49066030.191467285,-112547.6844304502,-106835.9821960926,3,11.207164909690619,-106835.9821960926,13314,529540720870.0,2139
3,77969556.1678299,77853632.08740234,-115924.08042755723,-106868.53414276242,3,-37.62075509503484,-106835.9821960926,13315,529569508600.0,2139
2,63827740.94171421,63733541.14324951,-94199.79846470058,-86786.71198890358,1,,-86786.71198890358,13344,530556247940.0,2140
0,69932758.1832765,69849238.222229,-83519.96104750037,-75397.82518219948,1,,-75397.82518219948,13369,531563207030.0,2141
0,4332598.822574762,4252770.168884277,-79828.65369048435,-79325.45665949397,3,18.298579276539385,-79337.0387597587,13394,532498509700.0,2142
3,8758274.720037425,8677920.477050781,-80354.24298664369,-79337.0387597587,3,0.9254288794472814,-79337.0387597587,13395,532502934870.0,2142
3,64441167.52133718,64354332.71850586,-86834.80283132195,-79350.47171778232,3,-19.224008155986667,-79337.0387597587,13396,532558611530.0,2142
3,43215316.45326939,43131575.37194824,-83741.08132115006,-78721.9646608904,1,,-78721.9646608904,13415,533538250220.0,2143
3,33547886.745550852,33489572.530944824,-58314.21460602805,-54417.89332227409,1,,-54417.89332227409,13461,535530370170.0,2145
2,16224365.365720231,16137227.63647461,-87137.72924562171,-85253.39773558266,3,3.4658676236867905,-85256.66023869812,13479,536513952250.0,2146
1,21400577.179638278,21312834.605163574,-87742.57447470352,-85257.06696771458,3,-2.037980574183166,-85256.66023869812,13480,536519127880.0,2146
0,40886183.17130449,40796177.904785156,-90005.26651933044,-85256.66023869812,3,-1.4278870495036244,-85256.66023869812,13481,536538611310.0,2146
0,10615133.06544023,10526652.994995117,-88480.07044511288,-87247.20683118515,5,-2.5756591856479645,-87245.574167829,13504,537509163000.0,2147
0,21991902.133895576,21902102.37451172,-89799.75938385725,-87245.574167829,5,-0.12666415143758059,-87245.574167829,13505,537520538500.0,2147
1,29232966.683596253,29142310.155822754,-90656.52777349949,-87261.35027274117,5,-16.719100741669536,-87245.574167829,13506,537527778740.0,2147
2,46363142.335605994,46270513.93572998,-92628.3998760134,-87243.68817616999,5,2.702323337085545,-87245.574167829,13507,537544907020.0,2147
2,79568407.76259029,79471936.19030762,-96471.57228267193,-87230.33205102384,5,16.058448483236134,-87245.574167829,13508,537578108590.0,2147
0,11959139.227789676,11922578.858032227,-36560.369757449254,-35171.41047479771,3,23.003590593114495,-35192.991415545344,13531,538511451450.0,2148
3,27962258.239150964,27923817.6529541,-38440.58619686216,-35192.991415545344,3,-9.36782052833587,-35192.991415545344,13532,538527452760.0,2148
0,63652137.38064551,63609548.85241699,-42588.52822852135,-35195.836715236306,3,-13.635770064778626,-35192.991415545344,13533,538563138650.0,2148
0,26365109.262454517,26265112.967773438,-99996.29468107969,-96934.19610101357,3,35.27970587089658,-96958.60665683448,13551,539526718310.0,2149
3,38798312.37019536,38696847.64691162,-101464.7232837379,-96958.60665683448,3,-1.3361278604716063,-96958.60665683448,13552,539539150100.0,2149
1,50352694.64782025,50249866.23626709,-102828.41155315936,-96980.34495693445,3,-33.94357801042497,-96958.60665683448,13553,539550703170.0,2149
1,24319151.1668093,24256286.012695312,-62865.15411398932,-60040.67735893279,3,21.447269367054105,-60040.67735893279,13582,540525595080.0,2150
1,25577040.626359075,25514030.41571045,-63010.21064862609,-60039.63999767229,3,23.0033112578094,-60040.67735893279,13583,540526852830.0,2150
1,54575094.464525454,54508671.39038086,-66423.07414459437,-60084.609258927405,3,-44.450580624863505,-60040.67735893279,13584,540555847600.0,2150
1,9796617.538821202,9716220.839477539,-80396.69934366271,-79258.89982398413,2,72.71215156652033,-79295.25589976739,13613,541511936460.0,2151
3,69120156.25282714,69032796.88226318,-87359.37056395411,-79331.61197555065,2,-72.71215156652033,-79295.25589976739,13614,541571253300.0,2151
0,7034666.36650714,6951911.114013672,-82755.25249346811,-81938.23172265757,4,82.06195634137839,-81993.95479757339,13638,542510087440.0,2152
0,21992356.41444014,21907834.560546875,-84521.85389326513,-81967.61591614783,4,52.67776285111904,-81993.95479757339,13639,542525043430.0,2152
3,46444510.21769872,46357095.76208496,-87414.45561376214,-82020.29367899895,4,-52.67776285111904,-81993.95479757339,13640,542549492800.0,2152
1,67856255.98125628,67766320.49157715,-89935.48967912793,-82054.5230948329,4,-86.90717868506908,-81993.95479757339,13641,542570902120.0,2152
2,38430320.62240517,38353085.54797363,-77235.07443153858,-72771.69713095576,3,37.88707607984543,-72801.31204327941,13666,543542360280.0,2153
1,54673624.4947034,54594473.27429199,-79151.22041140497,-72801.31204327941,3,-6.5352924056351185,-72801.31204327941,13667,543558601740.0,2153
3,69274951.89964378,69194088.30639648,-80863.59324729443,-72817.8563707918,3,-31.35178367421031,-72801.31204327941,13668,543573201420.0,2153
3,21767144.345169436,21716005.764526367,-51138.580643069,-48610.4992637001,2,82.05943662300706,-48651.5289820116,13683,544526591580.0,2154
3,75045117.16147071,74987708.70690918,-57408.454561531544,-48692.558700323105,2,-82.05943662300706,-48651.5289820116,13684,544579863520.0,2154
0,50840346.871246144,50805636.19543457,-34710.67581157386,-28805.972272709012,2,36.67293420433998,-28824.308739811182,13704,545556617890.0,2155
2,71851980.38872775,71814792.7052002,-37187.68352755904,-28842.645206913352,2,-36.67293420433998,-28824.308739811182,13705,545577627140.0,2155
2,53221444.18722183,53102165.837768555,-119278.34945327789,-113097.10032389313,2,-9.459923170506954,-113092.37036230788,13727,546559854820.0,2156
2,61004053.987356216,60883881.209350586,-120172.77800562978,-113087.64040072262,2,9.459923170506954,-113092.37036230788,13728,546567636570.0,2156
3,1657574.3701986033,1559307.3624267578,-98267.00777184544,-98074.49363982305,1,,-98074.49363982305,13751,547509185050.0,2157
2,30803641.814521156,30720139.89453125,-83501.91998990625,-79924.3210153617,2,13.942937467247248,-79931.29248409532,13775,548539188610.0,2158
1,63318117.38459002,63230825.22290039,-87292.16168963164,-79938.26395282894,2,-13.942937467247248,-79931.29248409532,13776,548571699440.0,2158
3,1682614.9114388172,1595863.5227050781,-86751.38873373903,-86555.96634121914,2,7.70161585486494,-86559.81714914658,13807,549510967730.0,2159
1,3985119.785882665,3898093.2778320312,-87026.5080506336,-86563.66795707401,2,-7.70161585486494,-86559.81714914658,13808,549513269970.0,2159
1,50721628.00786339,50631893.53210449,-89734.47575889528,-83843.56047554314,1,,-83843.56047554314,13825,550560864240.0,2160
2,22652928.364464164,22581602.381103516,-71325.98336064816,-68695.02518449724,1,,-68695.02518449724,13846,551533717350.0,2161
1,70981209.29379374,70910939.39172363,-70269.90207010508,-62025.99691399932,1,,-62025.99691399932,13876,552582939420.0,2162
1,43138906.311093986,43065739.19934082,-73167.11175316572,-68156.8695256114,3,-17.99739022925496,-68140.1138760671,13896,553556026550.0,2163
3,52615195.50345419,52540947.03491211,-74248.4685420841,-68137.63039469719,3,10.861306142061949,-68140.1138760671,13897,553565501800.0,2163
3,61792643.04004767,61717326.20019531,-75316.83985235542,-68140.1138760671,3,7.136084087193012,-68140.1138760671,13898,553574678220.0,2163
0,66640080.98974101,66529920.64587402,-110160.34386698902,-102420.62637358159,3,6.839484363794327,-102425.60054272413,13947,555581340640.0,2165
3,71416859.49486423,71306139.3918457,-110720.10301852226,-102425.60054272413,3,-0.6217693500220776,-102425.60054272413,13948,555586116880.0,2165
3,75630653.87530741,75519440.64282227,-111213.23248514533,-102429.33117316663,3,-6.217715013772249,-102425.60054272413,13949,555590330200.0,2165
0,20539666.343212456,20457816.01159668,-81850.33161577582,-79464.81208242103,2,-28.409177403897047,-79450.60749371909,13965,556536099920.0,2166
0,55729628.39294107,55643719.435180664,-85908.95776040852,-79436.40290501714,2,28.409177403897047,-79450.60749371909,13966,556571285980.0,2166
2,39044166.37042086,38951525.77282715,-92640.59759370983,-88105.92697229981,4,-20.46961158514023,-88091.29360799864,13993,557555490070.0,2167
0,46433612.91995407,46340122.89379883,-93490.02615524083,-88097.1298552826,4,-11.672494567930698,-88091.29360799864,13994,557562878700.0,2167
0,52059357.801628195,51965227.86218262,-94129.93944557756,-88083.65744398534,4,13.472411297261715,-88091.29360799864,13995,557568503830.0,2167
0,75457452.99618062,75360603.75341797,-96849.24276265502,-88085.45736071467,4,11.672494567930698,-88091.29360799864,13996,557591899310.0,2167
0,69858322.38518241,69798870.5024414,-59451.88274100423,-51338.39200398326,1,,-51338.39200398326,14036,559588156380.0,2169
3,41269208.06384371,41188245.87072754,-80962.19311617315,-76169.1015285477,1,,-76169.1015285477,14087,561561352680.0,2171
2,27876319.63074708,27826481.51220703,-49838.1185400486,-46600.50484730676,1,,-46600.50484730676,14119,562548859310.0,2172
2,42994938.93272289,42943444.1439209,-51494.78880199045,-46501.267244942486,1,,-46501.267244942486,14147,563564907770.0,2173
3,42260644.94277325,42137989.7232666,-122655.21950665116,-117746.9803795591,2,-19.251496501266956,-117737.35463130847,14180,564565012750.0,2174
0,76552485.83686322,76425867.14318848,-126618.69367474318,-117727.72888305783,2,19.251496501266956,-117737.35463130847,14181,564599300780.0,2174
1,2507222.137413839,2425632.789428711,-81589.34798512794,-81298.15399573604,2,-16.799273601267487,-81289.7543589354,14201,565526131550.0,2175
0,44698957.843658715,44612485.05908203,-86472.78457668424,-81281.35472213477,2,16.799273601267487,-81289.7543589354,14202,565568318590.0,2175
1,77524267.52983937,77453055.1184082,-71212.41143116355,-62208.58189415932,1,,-62208.58189415932,14228,566602023920.0,2176
3,11065212.091094995,11049558.72668457,-15653.364410424605,-14368.227683132514,4,82.93000289984047,-14415.990012994967,14280,568537413100.0,2178
3,15297457.396340001,15281299.895507812,-16157.500832188874,-14380.82233995758,4,70.33534607477486,-14415.990012994967,14281,568541644860.0,2178
0,64217801.77356616,64195892.22692871,-21909.54663744569,-14451.157686032355,4,-70.33534607477486,-14415.990012994967,14282,568590559670.0,2178
2,71521640.21000291,71498859.72888184,-22780.481121078134,-14473.809195280075,4,-92.9868553224951,-14415.990012994967,14283,568597862670.0,2178
0,32969954.170604885,32880151.220825195,-89802.94977968931,-85973.75078621507,4,53.3397129625082,-86013.58549604565,14298,569560234100.0,2179
2,39630014.379999906,39539411.58728027,-90602.79271963239,-86000.08049291372,4,27.01000626385212,-86013.58549604565,14299,569566893390.0,2179
3,69548566.13872516,69454458.46618652,-94107.67253863811,-86030.1575357914,4,-30.077042877674103,-86013.58549604565,14300,569596808570.0,2179
0,79218363.1166141,79123135.4407959,-95227.67581820488,-86027.09049917758,4,-27.01000626385212,-86013.58549604565,14301,569606477290.0,2179
1,56485703.728535146,56403390.71142578,-82313.01710936427,-75752.65009326488,2,-18.43089085817337,-75743.43464783579,14321,570584628970.0,2180
3,59000756.210392326,58918169.52075195,-82586.68964037299,-75734.2192024067,2,18.43089085817337,-75743.43464783579,14322,570587143760.0,2180
2,22595208.98114968,22569634.564453125,-25574.416696555912,-22950.162169530988,1,,-22950.162169530988,14840,591569600660.0,2201
3,21402365.740624577,21335800.289916992,-66565.45070758462,-64079.735473409295,1,,-64079.735473409295,14918,594571042070.0,2204
1,18744252.81931777,18692266.102294922,-51986.717022847384,-49809.720547273755,1,,-49809.720547273755,14939,595569296930.0,2205
0,3876707.104823832,3802374.441040039,-74332.66378379287,-73882.41496430803,2,54.07201057206839,-73909.45096959407,14986,597556207880.0,2207
0,42848234.00910179,42769321.03918457,-78912.96991722286,-73936.4869748801,2,-54.07201057206839,-73909.45096959407,14987,597595175000.0,2207
1,77776206.69408275,77751591.61364746,-24615.080435290933,-15581.990160182118,2,-6.905656561255455,-15578.53733190149,15016,598631011800.0,2208
3,79135831.64841126,79111065.56396484,-24766.084446415305,-15575.084503620863,2,6.905656561255455,-15578.53733190149,15017,598632371280.0,2208
2,15065992.915229548,15039158.248535156,-26834.66669439152,-25084.870968010277,2,-53.09363355860114,-25058.324151230976,15072,601571124610.0,2211
0,59951833.23847458,59919838.53063965,-31994.707834929228,-25031.777334451675,2,53.09363355860114,-25058.324151230976,15073,601616005490.0,2211
0,37048626.99793862,36952122.69165039,-96504.30628822744,-92201.40175653994,2,14.042930662631989,-92208.42322187126,15098,602593957070.0,2212
1,50432575.9293644,50334503.14050293,-98072.78886146843,-92215.44468720257,2,-14.042930662631989,-92208.42322187126,15099,602607339510.0,2212
0,32515627.948881507,32434720.966918945,-80906.98196256161,-77130.54936062917,3,3.1580794230103493,-77130.54936062917,15121,603590310150.0,2213
2,46302688.935655646,46220169.62194824,-82519.31370740384,-77141.62319105864,3,-13.452666221186519,-77130.54936062917,15122,603604095660.0,2213
0,65155248.79596703,65070555.73828125,-84693.05768577754,-77125.79168904573,3,10.29458679817617,-77130.54936062917,15123,603622946130.0,2213
3,38285778.615194395,38214401.45227051,-71377.16292388737,-66930.5730324015,2,41.6455949768424,-66951.39582988992,15150,604596953190.0,2214
1,73268997.62841758,73193515.79614258,-75481.8322750032,-66972.21862737834,2,-41.6455949768424,-66951.39582988992,15151,604631932460.0,2214
0,26922851.742743306,26860982.035888672,-61869.70685463399,-58742.830903843045,1,,-58742.830903843045,15166,605586495310.0,2215
2,36725670.300751835,36655532.6015625,-70137.69918933511,-65872.30351960659,3,-32.093541033566,-65842.37430882454,15182,606597165270.0,2216
0,75217039.57341167,75142461.33581543,-74578.23759624362,-65842.37430882454,3,12.800275139510632,-65842.37430882454,15183,606635652370.0,2216
0,78439535.17370807,78364586.99743652,-74948.1762715429,-65838.04564832151,3,19.293265894055367,-65842.37430882454,15184,606638874510.0,2216
3,45627830.132300645,45547255.028808594,-80575.10349205136,-75275.79247957468,1,,-75275.79247957468,15200,607606967470.0,2217
3,10657961.47081206,10610622.775878906,-47338.69493315369,-46100.857139222324,1,,-46100.857139222324,15225,608572877120.0,2218
2,64166892.40715848,64120800.65673828,-46091.750420197845,-38639.274188399315,2,-7.004319831728935,-38635.77202848345,15244,609627296950.0,2219
2,74062010.61447656,74014776.62878418,-47233.98569238186,-38632.269868567586,2,7.004319831728935,-38635.77202848345,15245,609637190970.0,2219
3,14165374.687205354,14059711.497558594,-105663.18964676,-104017.99359299056,4,-20.06463927589357,-104001.94605744258,15283,610578129180.0,2220
0,17974528.111037653,17868434.548828125,-106093.56220952794,-104005.96316117048,4,-8.034207455813885,-104001.94605744258,15284,610581937920.0,2220
1,50991037.777358115,50881117.64331055,-109920.13404756784,-103997.92895371467,4,8.034207455813885,-104001.94605744258,15285,610614950750.0,2220
2,67869111.8681668,67757262.54492188,-111849.32324492931,-103966.86355121434,4,39.09960995614529,-104001.94605744258,15286,610631826970.0,2220
2,14110144.084821045,14062455.55102539,-47688.533795654774,-46049.75233882293,5,-3.3820086121559143,-46047.90103191137,15795,631597213490.0,2241
0,24011616.47572384,23962791.494750977,-48824.980972863734,-46036.22193593159,5,12.604749435558915,-46047.90103191137,15796,631607113870.0,2241
1,24577879.012262948,24528968.975341797,-48910.03692115098,-46055.51097645238,5,-9.140646241605282,-46047.90103191137,15797,631607680050.0,2241
3,29051241.04382828,29001819.071289062,-49421.97253921628,-46047.90103191137,5,-0.6050482448190451,-46047.90103191137,15798,631612152920.0,2241
2,58764276.709225655,58711406.86437988,-52869.84484577179,-46044.83962851018,5,3.9870568569749594,-46047.90103191137,15799,631641862640.0,2241
1,5627522.295525476,5583737.289916992,-43785.00560848415,-43131.41347431578,2,-41.53689349256456,-43110.645027569495,15824,632589642100.0,2242
0,20305410.17019453,20259961.9810791,-45448.189115427434,-43089.87658082321,2,41.53689349256456,-43110.645027569495,15825,632604318390.0,2242
1,16624553.862894725,16584180.532714844,-40373.330179881305,-38442.51994613372,5,-50.03538375906646,-38393.40957399458,15843,633601508230.0,2243
2,30777529.134881034,30735537.559570312,-41991.57531072199,-38417.009117055684,5,-24.524554681032896,-38393.40957399458,15844,633615659650.0,2243
0,41561128.133589,41517909.57824707,-43218.5553419292,-38391.559550754726,5,13.649794770404696,-38393.40957399458,15845,633626442070.0,2243
3,63779666.94891411,63733870.71789551,-45796.23101860285,-38388.72795623541,5,16.481389289721847,-38393.40957399458,15846,633648658130.0,2243
1,66438498.60244326,66392388.88757324,-46109.71487002075,-38393.40957399458,5,10.8747599106282,-38393.40957399458,15847,633651316660.0,2243
0,12738016.687192086,12707603.805908203,-30412.881283883005,-28933.461554480717,3,-8.1696168910712,-28933.461554480717,15875,634598535930.0,2244
2,20792825.739158176,20761467.966430664,-31357.772727511823,-28942.85073581338,3,-22.253388890065253,-28933.461554480717,15876,634606589830.0,2244
0,38037796.75737618,38004471.23547363,-33325.52190254629,-28907.73313936591,3,30.423005781136453,-28933.461554480717,15878,634623832910.0,2244
2,9198563.28052681,9164439.696777344,-34123.583749465644,-33055.24349418469,3,-7.422003909014165,-33055.061510026455,15897,635595874260.0,2245
0,13349152.208509162,13314561.228759766,-34590.97974939644,-33040.58147052489,3,14.571031580679119,-33055.061510026455,15898,635600024400.0,2245
0,64897464.2548178,64856871.86694336,-40592.38787443936,-33055.061510026455,3,-7.149027671664953,-33055.061510026455,15899,635651566940.0,2245
0,27978628.898709428,27925702.209350586,-52926.68935884163,-49677.193255104125,2,23.686114467680454,-49689.036312337965,15928,636615545020.0,2246
3,56779249.40176812,56722954.06237793,-56295.339390188456,-49700.879369571805,2,-23.686114467680454,-49689.036312337965,15929,636644342400.0,2246
3,58035490.19503215,57983004.67700195,-52485.51803019643,-45745.15559320897,2,-4.850675240159035,-45742.73025558889,15947,637646461950.0,2247
0,61492691.48820921,61439809.29431152,-52882.1938976869,-45740.30491796881,2,4.850675240159035,-45742.73025558889,15948,637649918770.0,2247
0,1575446.6583827143,1561837.9897460938,-13608.66863662051,-13425.692987720948,3,39.59577863663435,-13456.444779983722,15968,638590895930.0,2248
1,8062141.926383101,8047749.127685547,-14392.798697554506,-13456.444779983722,3,-6.531909757526591,-13456.444779983722,15969,638597381870.0,2248
0,38232819.45650102,38214904.884643555,-17914.571857467294,-13474.132752731442,3,-33.06386887910776,-13456.444779983722,15970,638627549160.0,2248
3,49539907.93068117,49456394.74353027,-83513.1871508956,-77759.51929308474,1,,-77759.51929308474,16017,640640635640.0,2250
0,19193319.6668917,19170571.85571289,-22747.811178810894,-20518.6591463387,1,,-20518.6591463387,16068,642612091710.0,2252
3,13610397.069622118,13589454.642333984,-20942.42728813365,-19361.68748819083,2,-23.996571518480778,-19349.68920243159,16090,643607430990.0,2253
0,38169196.10957016,38145425.368896484,-23770.740673676133,-19337.69091667235,2,23.996571518480778,-19349.68920243159,16091,643631987070.0,2253
0,49974121.86197962,49925822.88806152,-48298.97391809523,-42494.87555194646,3,7.144272621721029,-42500.296994805336,16115,644644689990.0,2254
2,56958667.40566419,56909551.810668945,-49115.59499524534,-42500.296994805336,3,-0.9878916665911674,-42500.296994805336,16116,644651673750.0,2254
2,65456880.039021485,65406773.998291016,-50106.04073046893,-42503.74265433103,3,-6.156380955129862,-42500.296994805336,16117,644660171010.0,2254
0,7926700.17623887,7887790.142700195,-38910.033538674936,-37989.410107432865,2,-1.4984671426936984,-37988.66087386152,16144,645603519200.0,2255
0,16897720.674597725,16857770.2265625,-39950.44803522527,-37987.91164029017,2,1.4984671426936984,-37988.66087386152,16145,645612489220.0,2255
0,54151463.29068178,54107606.443847656,-43856.846834123135,-37567.583353348076,2,15.059533230960369,-37575.11311996356,16170,646650653500.0,2256
1,62930708.9271815,62885817.380981445,-44891.546200051904,-37582.64288657904,2,-15.059533230960369,-37575.11311996356,16171,646659431750.0,2256
1,54550212.000910774,54528354.552978516,-21857.44793225825,-15521.872947625816,1,,-15521.872947625816,16192,647651987760.0,2257
1,5894636.755096119,5889253.093383789,-5383.661712329835,-4699.046349726617,1,,-4699.046349726617,16214,648604235840.0,2258
3,16414591.855730724,16349460.37084961,-65131.484881114215,-63225.060071209446,4,-38.64827730692923,-63200.03526475653,16259,650616554090.0,2260
1,41774973.021800295,41706907.53088379,-68065.49091650546,-63213.658735610545,4,-27.246941708028316,-63200.03526475653,16260,650641911650.0,2260
3,57729427.76961902,57659536.54211426,-69891.22750476003,-63186.41179390252,4,27.246941708028316,-63200.03526475653,16261,650657864350.0,2260
3,69188800.21487762,69117585.55407715,-71214.6608004719,-63178.929759666324,4,34.72897594422102,-63200.03526475653,16262,650669322450.0,2260
1,50688267.9453052,50645691.94458008,-42576.000725120306,-36688.9599487558,2,-2.980341963469982,-36687.469777774066,16285,651651716880.0,2261
2,63937394.79467301,63893282.99316406,-44111.80150894821,-36685.97960679233,2,2.980341963469982,-36687.469777774066,16286,651664964530.0,2261
1,26854810.300820425,26821590.15576172,-33220.1450587064,-30101.171582378447,1,,-30101.171582378447,16314,652628758310.0,2262
3,65002897.19615486,64958804.4777832,-44092.71837165952,-36543.14680633694,1,,-36543.14680633694,16348,653667797940.0,2263
0,22121.997158841514,-18614.197021484375,-40736.19418032589,-40733.624885603305,5,65.32838342386822,-40791.72201586515,16375,654603689710.0,2264
2,29016012.114808418,28971856.796142578,-44155.31866583973,-40785.338719561696,5,13.614549465477467,-40791.72201586515,16376,654632680310.0,2264
1,30733740.355687957,30689379.153198242,-44361.20248971507,-40791.72201586515,5,4.039605010300875,-40791.72201586515,16377,654634397840.0,2264
0,57161026.5512185,57113581.56628418,-47444.984934322536,-40806.1845221892,5,-17.65415447577834,-40791.72201586515,16378,654660822160.0,2264
3,59552941.40812065,59505210.923583984,-47730.4845366627,-40813.88216231763,5,-25.351794604212046,-40791.72201586515,16379,654663213800.0,2264
1,8575683.434199702,8529049.801147461,-46633.63305224106,-45637.63535674289,3,14.640181569382548,-45640.1368499212,16408,655613138890.0,2265
1,10288697.266731028,10241862.179199219,-46835.087531808764,-45640.1368499212,3,10.887941801920533,-45640.1368499212,16409,655614851710.0,2265
2,39897098.58415621,39846800.43798828,-50298.14616792649,-45664.414226703346,3,-25.52812337130308,-45640.1368499212,16410,655644456780.0,2265
0,24342002.080719106,24335621.719482422,-6380.361236684024,-3553.23052899912,4,8.966509446501732,-3557.713783722371,16430,656629797090.0,2266
3,27338725.75920394,27331988.385742188,-6737.37346175313,-3562.1970384456217,4,-8.966509446501732,-3557.713783722371,16431,656632793470.0,2266
1,35383079.940685734,35375402.59277344,-7677.347912296653,-3567.883477076888,4,-14.652948077768087,-3557.713783722371,16432,656640836920.0,2266
1,60576143.58093351,60565570.49719238,-10573.083741128445,-3537.644540078938,4,24.55249836668372,-3557.713783722371,16433,656666027200.0,2266
1,2011522.3267629198,2038546.775390625,27024.44862770522,27258.07101095561,2,4.098300673998892,27256.02186061861,16461,657608446450.0,2267
0,43518672.46753441,43540872.09118652,22199.623652115464,27253.97271028161,2,-4.098300673998892,27256.02186061861,16462,657649948960.0,2267
2,53615103.51359761,53622104.57543945,7001.061841845512,13228.031383477151,3,22.30009749531746,13210.645756140351,16521,659661996010.0,2269
0,74492362.73516276,74496921.68310547,4558.947942703962,13210.645756140351,3,-3.7783435098826885,13210.645756140351,16522,659682870920.0,2269
2,77565115.76802886,77569308.0111084,4192.243079543114,13200.816815823317,3,-18.52175398543477,13210.645756140351,16523,659685943320.0,2269
2,12206508.759622136,12135463.11328125,-71045.64634088613,-69627.95704673976,2,-14.64952028915286,-69620.63228659518,16544,660621435750.0,2270
0,31367364.236182626,31294107.857788086,-73256.3783945404,-69613.3075264506,2,14.64952028915286,-69620.63228659518,16545,660640594480.0,2270
3,28246890.799287915,28209033.928955078,-37856.870332837105,-34576.21773448214,5,-5.384919468313456,-34571.3435728997,16565,661638341750.0,2271
0,28674949.831289012,28637062.024169922,-37887.80711909011,-34557.438855193555,5,15.89467602595687,-34571.3435728997,16566,661638769780.0,2271
2,48298515.54362211,48258334.71008301,-40180.8335390985,-34571.3435728997,5,1.4792004339396954,-34571.3435728997,16567,661658391140.0,2271
2,65632215.56999334,65590017.58459473,-42197.98539861292,-34575.323489539325,5,-4.490674525499344,-34571.3435728997,16568,661675722900.0,2271
0,69866093.46143684,69823408.74609375,-42684.71534308791,-34570.32205712795,5,3.0114740915596485,-34571.3435728997,16569,661679956310.0,2271
0,30705753.418027975,30680003.079833984,-25750.33819399029,-22184.108181238174,2,33.689092978835106,-22200.952727727592,16592,662641689120.0,2272
0,75038278.72324583,75007345.82434082,-30932.89890500903,-22217.79727421701,2,-33.689092978835106,-22200.952727727592,16593,662686016660.0,2272
2,7041933.559252894,7019826.334838867,-22107.224414026365,-21289.35961634759,3,14.980026138946414,-21301.800097523257,16618,663618945420.0,2273
2,13645443.563150916,13622556.95288086,-22886.610270056874,-21301.800097523257,3,-3.6806956245563924,-21301.800097523257,16619,663625548180.0,2273
0,38832491.8496454,38806674.88415527,-25816.96549012512,-21306.879187449813,3,-11.299330514390022,-21301.800097523257,16620,663650732410.0,2273
0,14289471.131373044,14260672.24621582,-28798.88515722379,-27139.27628453821,4,36.17664320021868,-27165.102280762047,16650,664627065760.0,2274
0,29987729.986496054,29957092.397583008,-30637.588913045824,-27154.751633785665,4,20.70129395276308,-27165.102280762047,16651,664642762250.0,2274
2,38446205.43720868,38414564.76208496,-31640.67512372136,-27175.452927738428,4,-20.70129395276308,-27165.102280762047,16652,664651219760.0,2274
0,72727684.2462618,72692042.22827148,-35642.01799032092,-27195.27360382676,4,-40.52197004109621,-27165.102280762047,16653,664685497390.0,2274
1,4745231.413584159,4696914.769165039,-48316.64441911969,-47765.52338150237,2,29.87185679282993,-47780.45930989878,16686,665618419310.0,2275
2,63710107.22708279,63654912.40759277,-55194.81949001551,-47795.3952382952,2,-29.87185679282993,-47780.45930989878,16687,665677377570.0,2275
0,16393623.120921064,16348269.142700195,-45353.978220868856,-43449.988763401285,3,54.24662964604795,-43501.128481552005,16711,666630930210.0,2276
2,46649463.615003824,46600544.52087402,-48919.0941298008,-43501.128481552005,3,-22.46294758003205,-43501.128481552005,16712,666661182620.0,2276
3,52955174.13026543,52905516.46398926,-49657.6662761718,-43507.34230454266,3,-31.7836820660159,-43501.128481552005,16713,666667487620.0,2276
0,21488514.872287106,21462708.44140625,-25806.43088085577,-23310.71010749787,1,,-23310.71010749787,16745,667636941030.0,2277
1,15199399.991275905,15122524.524658203,-76875.46661770158,-75110.17671626993,2,-9.478389574214816,-75105.43752148282,16798,669632448830.0,2279
3,26668121.484371033,26589923.494995117,-78197.98937591538,-75100.69832669571,2,9.478389574214816,-75105.43752148282,16799,669643916280.0,2279
0,23447029.751010127,23406760.10510254,-40269.6459075883,-37546.45914615318,3,-3.0539091117680073,-37543.41989671439,16821,670641542420.0,2280
2,53328014.19728951,53284277.15100098,-43737.046288535,-37543.41989671439,3,1.5049650464206934,-37543.41989671439,16822,670671420070.0,2280
1,63829697.12844309,63784740.424194336,-44956.70424875617,-37543.39057736844,3,1.5489440653473139,-37543.41989671439,16823,670681920580.0,2280
1,25189388.099294588,25163624.3392334,-25763.760061189532,-22838.2121803239,1,,-22838.2121803239,16850,671644196930.0,2281
3,56325504.217421204,56279931.89355469,-45572.32386651635,-39030.56275455654,1,,-39030.56275455654,16897,673677127340.0,2283
0,41328995.35838232,41274234.85046387,-54760.50791845471,-49960.47251019627,1,,-49960.47251019627,16917,674662990030.0,2284
3,11588995.25549043,11590699.288330078,1704.0328396484256,3050.002832148224,1,,3050.002832148224,16978,676635047110.0,2286
1,1794741.7892151566,1814946.6337890625,20204.844573905924,20413.289615025744,2,12.45840841718018,20407.060410817154,17007,677626215800.0,2287
2,19100817.208623715,19118999.631225586,18182.422601871192,20400.831206608564,2,-12.45840841718018,20407.060410817154,17008,677643519930.0,2287
0,4808352.106176356,4744609.471313477,-63742.63486287929,-63184.182856850326,2,-20.609354972839355,-63173.87817936391,17025,678630083050.0,2288
0,44818370.3205339,44750001.44836426,-68368.87216964364,-63163.57350187749,2,20.609354972839355,-63173.87817936391,17026,678670088620.0,2288
1,27599910.950658523,27545596.163330078,-54314.78732844442,-51109.27631422132,2,-2.9113513603806496,-51107.82063854113,17052,679653758480.0,2289
1,73953225.3625012,73893529.91625977,-59695.44624143839,-51106.36496286094,2,2.9113513603806496,-51107.82063854113,17053,679700106620.0,2289
0,34000939.190932736,33956929.97558594,-44009.2153467983,-40060.27561053634,2,-5.217624068260193,-40057.66679850221,17075,680661002200.0,2290
2,51327879.264677614,51281862.88012695,-46016.38455066085,-40055.05798646808,2,5.217624068260193,-40057.66679850221,17076,680678327210.0,2290
0,33193384.004930638,33153553.6517334,-39830.35319723934,-35975.20459848642,1,,-35975.20459848642,17093,681661085450.0,2291
0,14146949.876444284,14115734.551513672,-31215.324930611998,-29572.268772654235,3,-9.710672905668616,-29572.268772654235,17123,682642916000.0,2292
2,17988731.616283543,17957057.457763672,-31674.158519871533,-29584.90984689817,3,-28.67228427156806,-29572.268772654235,17124,682646757340.0,2292
0,60525097.910851106,60488528.193847656,-36569.7170034498,-29540.206352598965,3,38.382957177236676,-29572.268772654235,17125,682689289000.0,2292
3,915853.5455899566,868035.4985351562,-47818.04705480032,-47711.6779207458,2,-25.99356932390947,-47698.68113608385,17146,683630578680.0,2293
1,36244103.456731886,36192208.306884766,-51895.14984712005,-47685.68435142189,2,25.99356932390947,-47698.68113608385,17147,683665903010.0,2293
0,28532585.322688285,28527082.7454834,-5502.577204886824,-2188.7434508726,1,,-2188.7434508726,17169,684659073280.0,2294
1,35369145.73964224,35369374.212890625,228.47324838489294,4336.319336540997,3,2.8568738028407097,4336.319336540997,17188,685666843960.0,2295
2,39601656.25673504,39601395.380493164,-260.87624187767506,4338.542413473129,3,6.191489201039076,4336.319336540997,17189,685671076000.0,2295
2,42748307.874440074,42747671.37963867,-636.494801402092,4328.382512003183,3,-9.048363003879786,4336.319336540997,17190,685674222290.0,2295
0,73135495.97408314,73084898.57861328,-50597.39546985924,-42103.28698180616,1,,-42103.28698180616,17235,687706333680.0,2297
0,39952063.40765349,39967700.24279785,15636.835144363344,20276.950814411044,6,32.33061787486076,20253.57945478335,17270,688674059700.0,2298
3,43360398.50571501,43375625.07763672,15226.5719217062,20262.538713030517,6,17.918516494333744,20253.57945478335,17271,688677467640.0,2298
0,46937593.23186756,46952409.16101074,14815.929143182933,20267.35876391083,6,22.738567374646664,20253.57945478335,17272,688681044440.0,2298
2,53669587.88467064,53683599.20739746,14011.32272682339,20244.620196536183,6,-17.918516494333744,20253.57945478335,17273,688687775660.0,2298
2,65198479.15849947,65211127.91027832,12648.75177884847,20221.038639724255,6,-41.50007330626249,20253.57945478335,17274,688699303240.0,2298
1,65904761.70572184,65917324.767700195,12563.06197835505,20217.37796202302,6,-45.16075100749731,20253.57945478335,17275,688700009440.0,2298
1,12378592.570008267,12346028.873413086,-32563.69659518078,-31126.021129680797,3,-23.089513812214136,-31122.486349519342,17303,689647411320.0,2299
2,17142761.157670427,17109647.67541504,-33113.48225538805,-31122.486349519342,3,-17.787343570031226,-31122.486349519342,17304,689652174960.0,2299
2,50750585.794176996,50713608.138793945,-36977.65538305044,-31083.376882217824,3,40.87685738224536,-31122.486349519342,17305,689685779070.0,2299
2,14274656.375500653,14251880.578979492,-22775.79652116075,-21117.908265009522,1,,-21117.908265009522,17340,690650184610.0,2300
0,44477581.88922234,44429418.26208496,-48163.62713737786,-42997.9083462283,1,,-42997.9083462283,17366,691681277840.0,2301
1,7522136.864432658,7493002.837524414,-29134.026908244006,-28260.390300773084,1,,-28260.390300773084,17393,692645203570.0,2302
0,48259157.30029862,48224405.56994629,-34751.73035232723,-29146.811534300447,1,,-29146.811534300447,17418,693686847640.0,2303
2,39780614.53526141,39785953.30737305,5338.7721116393805,9958.975353352726,2,-22.568015582859516,9970.259361144155,17446,694679276580.0,2304
3,72859316.6140743,72860836.125,1519.5109256953,9981.543368935585,2,22.568015582859516,9970.259361144155,17447,694712351610.0,2304
3,16969383.62564168,16904282.955566406,-65100.670075275004,-63129.8105962798,4,-43.823330007493496,-63104.56999043748,17473,695657343390.0,2305
2,30140548.08955808,30073924.35095215,-66623.7386059314,-63123.15271460265,4,-37.16544833034277,-63104.56999043748,17474,695670513090.0,2305
3,68548270.78328525,68477223.45739746,-71047.32588778436,-63085.98726627231,4,37.16544833034277,-63104.56999043748,17475,695708916560.0,2305
3,71018841.94795175,70947512.46459961,-71329.48335213959,-63081.20746137202,4,41.94525323063135,-63104.56999043748,17476,695711386860.0,2305
0,68292274.28962293,68260228.79638672,-32045.493236213923,-24113.886579468846,1,,-24113.886579468846,17510,696709525010.0,2306
1,22669741.04651931,22632395.84777832,-37345.19874098897,-34712.287905003875,1,,-34712.287905003875,17530,697664804340.0,2307
0,13131215.140481468,13107326.509521484,-23888.630959983915,-22363.544345095754,1,,-22363.544345095754,17561,698656126690.0,2308
3,41920543.06180774,41877220.41674805,-43322.64505968988,-38453.906071834266,1,,-38453.906071834266,17584,699685821230.0,2309
1,73026284.15336695,72986134.18310547,-40149.970261484385,-31668.5458612442,1,,-31668.5458612442,17601,700717794640.0,2310
0,16864004.100057412,16879611.92602539,15607.825967978686,17566.446449879557,3,-17.43838981539011,17566.446449879557,17626,701662581410.0,2311
1,36341545.40885352,36354885.26147461,13339.852621085942,17560.63522759825,3,-26.155223237350583,17566.446449879557,17627,701682056770.0,2311
0,78066599.29016685,78075139.60754395,8540.317377090454,17607.134451791644,3,43.59361305274069,17566.446449879557,17628,701723777210.0,2311
1,42347807.44470919,42352556.52282715,4749.078117959201,9667.440479159355,1,,9667.440479159355,17654,702688974890.0,2312
3,326660.85982604534,354085.267578125,27424.407752079656,27462.34682318609,2,-51.01551723439479,27487.854581803287,17670,703647918670.0,2313
0,61805726.602182105,61826061.71899414,20335.11681203544,27513.362340420485,2,51.01551723439479,27487.854581803287,17671,703709390920.0,2313
2,1155976.0586413122,1082477.923461914,-73498.13517939812,-73363.87771767029,2,-15.512248751008883,-73356.12159329478,17696,704649579520.0,2314
2,74504543.04006207,74422541.56213379,-82001.47792828083,-73348.36546891928,2,15.512248751008883,-73356.12159329478,17697,704722919910.0,2314
1,1608722.7782865027,1571186.0947265625,-37536.6835599402,-37349.843153322814,1,,-37349.843153322814,17720,705650899820.0,2315
2,15716506.4194366,15686359.567138672,-30146.852297928184,-28321.504581311718,4,-45.66902098245919,-28285.89733206667,17744,706665860470.0,2316
0,28835886.211724468,28804241.192871094,-31645.018853373826,-28295.95910380408,4,-20.123543474823236,-28285.89733206667,17745,706678978410.0,2316
2,61506245.12608029,61470825.82739258,-35419.29868771136,-28275.83556032926,4,20.123543474823236,-28285.89733206667,17746,706711645140.0,2316
1,66789549.52765301,66753522.31958008,-36027.208072930574,-28270.130992911756,4,25.82811089232564,-28285.89733206667,17747,706716927860.0,2316
1,49846548.05124971,49806393.81335449,-40154.23789522052,-34364.956216566265,1,,-34364.956216566265,17770,707700872150.0,2317
2,14524261.314063866,14493249.25402832,-31012.06003554538,-29325.18214311637,2,-6.426267893984914,-29321.969009169377,17793,708666401190.0,2318
3,46573394.539535,46538666.65283203,-34727.88670296967,-29318.755875222385,2,6.426267893984914,-29321.969009169377,17794,708698446750.0,2318
0,50641804.93063291,50597834.62915039,-43970.301482521,-38088.65701723844,1,,-38088.65701723844,17811,709703406390.0,2319
3,1988194.4909954388,1991483.1833496094,3288.6923541706055,3519.6053940965794,4,-32.70092766592279,3543.144322728738,17835,710655651380.0,2320
1,28069303.18135427,28069577.13647461,273.95512033998966,3533.982323694974,4,-18.32399806752801,3543.144322728738,17836,710681729590.0,2320
0,42791798.02449314,42790391.62927246,-1406.395220682025,3563.5331291258335,4,29.550805430859327,3543.144322728738,17837,710696450470.0,2320
3,43240299.34557052,43238829.63366699,-1469.711903527379,3552.306321762502,4,18.32399806752801,3543.144322728738,17838,710696898910.0,2320
1,25651882.898980334,25669869.36291504,17986.46393470466,20965.726922735572,3,-18.627589555457234,20977.85902041942,18430,731698078380.0,2341
0,29002412.005109027,29020034.454711914,17622.449602887034,20990.85000416264,3,19.057032585144043,20977.85902041942,18431,731701428560.0,2341
2,32619539.00262294,32636728.360595703,17189.35797276348,20977.85902041942,3,-0.4294430296868086,20977.85902041942,18432,731705045270.0,2341
3,47192726.75817503,47217515.35192871,24788.593753680587,30269.655112355947,2,-19.129201471805573,30279.21971309185,18460,732720563440.0,2342
3,64765920.425043434,64788687.1607666,22766.735723167658,30288.784313827753,2,19.129201471805573,30279.21971309185,18461,732738134690.0,2342
2,4069907.7507671714,4074299.310546875,4391.559779703617,4864.247323705815,2,24.342274411581457,4852.076186500024,18490,733678335590.0,2343
0,53308151.64163689,53306800.22717285,-1351.4144640415907,4839.905049294233,2,-24.342274411581457,4852.076186500024,18491,733727568310.0,2343
3,412536.4550020199,404865.6037597656,-7670.851242254255,-7622.938401062798,1,,-7622.938401062798,18514,734675583490.0,2344
0,14021406.161201889,14016687.248779297,-4718.91242259182,-3090.4371726177633,2,-4.489467635750771,-3088.192438799888,18529,735690055890.0,2345
0,19128312.0754996,19123004.525878906,-5307.549620695412,-3085.9477049820125,2,4.489467635750771,-3088.192438799888,18530,735695162230.0,2345
1,11691207.810328528,11689073.606323242,-2134.2040052860975,-776.3628342561424,1,,-776.3628342561424,18551,736688637680.0,2346
0,76052030.88026004,76070619.28759766,18588.407337620854,27421.248250633478,1,,27421.248250633478,18570,737753888990.0,2347
0,29897028.467497356,29920756.545898438,23728.078401081264,27200.381417434663,2,5.583920877426863,27197.58945699595,18587,738708672400.0,2348
3,35180934.224715516,35204043.03540039,23108.810684874654,27194.797496557236,2,-5.583920877426863,27197.58945699595,18588,738713955710.0,2348
2,37932314.179070204,37879467.169433594,-52847.00963661075,-48441.47183928639,3,-21.384793918579817,-48429.159749247134,18609,739717531600.0,2349
0,49892009.5312111,49837803.955200195,-54205.576010905206,-48411.01434148848,3,24.30145277827978,-48429.159749247134,18610,739729489990.0,2349
2,55748391.791407734,55693487.89758301,-54903.89382472634,-48429.159749247134,3,-2.9166588596999645,-48429.159749247134,18611,739735345700.0,2349
0,76671359.91009425,76644477.00878906,-26882.90130518377,-17978.13023158908,1,,-17978.13023158908,18630,740757129140.0,2350
1,7938797.332631059,7941507.062988281,2709.730357222259,3631.7587773473933,2,-69.28012930136174,3666.398841998074,18648,741689261550.0,2351
0,62225251.448565274,62221725.517456055,-3525.9311092197895,3701.038906648755,2,69.28012930136174,3666.398841998074,18649,741743542010.0,2351
0,75227687.26974139,75241107.60864258,13420.33890119195,22157.43883419037,1,,22157.43883419037,18668,742757464720.0,2352
3,16474842.409397356,16470017.248535156,-4825.160862199962,-2911.7384277824312,1,,-2911.7384277824312,18694,743699577950.0,2353
3,67815011.98896801,67794290.85205078,-20721.136917233467,-12844.960495904088,1,,-12844.960495904088,18711,744751812890.0,2354
2,9225556.518115837,9244269.673461914,18713.155346076936,19784.63065206632,2,-34.037393536418676,19801.64934883453,18733,745694110070.0,2355
2,37566837.99265628,37582293.57006836,15455.577412076294,19818.66804560274,2,34.037393536418676,19801.64934883453,18734,745722448220.0,2355
2,9744715.684436683,9793745.179077148,49029.494640465826,50161.26617091708,5,-17.744863882660866,50176.51641269028,18758,746695579970.0,2356
0,20253929.2464774,20301758.418701172,47829.17222377285,50181.5056569092,5,8.142729591578245,50176.51641269028,18759,746706088030.0,2356
1,39273114.84543231,39318723.79370117,45608.94826886058,50170.20944194496,5,-8.801592854782939,50176.51641269028,18760,746725105080.0,2356
1,48328539.962605044,48373103.501953125,44563.539348080754,50176.51641269028,5,0.6588632632046938,50176.51641269028,18761,746734159500.0,2356
2,65068182.98478235,65110809.01965332,42626.03487096727,50183.18886345625,5,9.825936138629913,50176.51641269028,18762,746750897280.0,2356
3,18426468.287190005,18543628.21472168,117159.9275316745,119300.01585128531,2,-17.774249020963907,119308.90297579579,18782,747705245450.0,2357
2,39336005.953965686,39450755.17858887,114749.22462318093,119317.79010030627,2,17.774249020963907,119308.90297579579,18783,747726152670.0,2357
2,55793213.24311386,55882555.43408203,89342.19096817076,95822.1307002008,2,-17.98530951142311,95831.12335495651,18817,748743633990.0,2358
3,71704122.38881364,71791634.63903809,87512.25022444129,95840.11600971222,2,17.98530951142311,95831.12335495651,18818,748759543140.0,2358
0,37395066.06905609,37465273.14526367,70207.07620757818,74550.21689292789,5,-29.314944967627525,74579.04049508274,18849,749726181080.0,2359
1,67046567.90989711,67113341.2121582,66773.30226109177,74560.2299901396,5,-19.301847755908966,74579.04049508274,18850,749755829280.0,2359
2,70935732.50755556,71002073.90734863,66341.39979307353,74580.02318070829,5,10.387938097119331,74579.04049508274,18851,749759718030.0,2359
2,75869364.54061398,75935131.95544434,65767.41483035684,74579.04049508274,5,8.913909658789635,74579.04049508274,18852,749764651110.0,2359
0,79294532.87390229,79359916.71520996,65383.84130766988,74593.27314059436,5,23.637897983193398,74579.04049508274,18853,749768075910.0,2359
2,5516021.474715808,5479199.143798828,-36822.33091698028,-36181.68871985562,3,-2.906445656903088,-36181.68871985562,18880,750695180310.0,2360
1,6247492.441960569,6210575.889160156,-36916.55280041229,-36190.9560450539,3,-16.807433454319835,-36181.68871985562,18881,750695911690.0,2360
0,15637216.857228711,15599234.109863281,-37982.74736543,-36166.60850334354,3,19.713879111222923,-36181.68871985562,18882,750705300390.0,2360
3,6555866.36507586,6571294.698364258,15428.33328839764,16189.745232029818,2,-51.373951182700694,16215.432207621168,18905,751697088640.0,2361
1,55551347.424696326,55561136.69494629,9789.270249962807,16241.119183212519,2,51.373951182700694,16215.432207621168,18906,751746078700.0,2361
1,65217862.40758464,65224735.7043457,6873.2967610657215,14447.834832772613,1,,14447.834832772613,18927,752756648940.0,2362
0,375392.20317395474,401772.30212402344,26380.0989500687,26423.697780661983,2,-4.695723082171753,26426.04564220307,18965,754693613540.0,2364
2,33098352.42056603,33120936.70263672,22584.282070688903,26428.393503744155,2,4.695723082171753,26426.04564220307,18966,754726332850.0,2364
3,71759767.93609229,71767240.82995605,7472.8938637673855,15807.222438529134,1,,15807.222438529134,18992,755765865700.0,2365
1,25809385.78118732,25852011.33203125,42625.550843931735,45623.10654401407,4,-11.958761420100927,45629.35853516497,19051,757721728390.0,2367
1,28616268.74405109,28658568.842895508,42300.09884441644,45623.65176489577,4,-11.413540538400412,45629.35853516497,19052,757724534960.0,2367
0,30271634.18758829,30313761.477294922,42127.289706632495,45643.100209798664,4,19.44844490289688,45629.35853516497,19053,757726190160.0,2367
2,42544152.97237127,42584846.87133789,40693.89896661788,45635.06530543417,4,11.413540538400412,45629.35853516497,19054,757738461300.0,2367
3,1000937.6704088709,1045187.6188964844,44249.94848761347,44366.19946874096,2,-27.244664063910022,44379.821800772916,19074,758697853910.0,2368
2,70937101.77908078,70973256.4407959,36154.66171512008,44393.44413280487,2,27.244664063910022,44379.821800772916,19075,758767782290.0,2368
3,6519969.775883289,6497967.442749023,-22002.333134265617,-21245.090295100585,1,,-21245.090295100585,19100,759704196160.0,2369
0,31330448.931796633,31346497.11657715,16048.18478051573,19686.968228437006,1,,19686.968228437006,19125,760729898150.0,2370
2,15056270.381916966,15092003.656860352,35733.27494338527,37481.94147454202,3,28.32097146473825,37460.672817412764,19149,761714506150.0,2371
1,31895402.457440622,31929158.731933594,33756.2744929716,37460.672817412764,3,-3.5820142291486263,37460.672817412764,19150,761731343380.0,2371
1,51324466.64522986,51355952.283203125,31485.63797326386,37446.5681887418,3,-24.738957235589623,37460.672817412764,19151,761750770260.0,2371
3,18469625.49357085,18506858.385375977,37232.89180512726,39377.99249237403,3,24.311261720955372,39363.22920162976,19185,762718847330.0,2372
1,21891802.488802932,21928623.158569336,36820.669766403735,39363.22920162976,3,2.16632560454309,39363.22920162976,19186,762722269110.0,2372
0,51718903.051955715,51752240.44433594,33337.39238022268,39344.1332596764,3,-26.47758732549846,39363.22920162976,19187,762752092860.0,2372
2,24932827.088419646,24931655.918823242,-1171.1695964038372,1724.5807554908097,4,14.100243110209703,1712.823987774551,19233,764727063080.0,2374
3,68564275.41274953,68558021.78259277,-6253.630156755447,1709.567275673151,4,-5.600187495350838,1712.823987774551,19234,764770689640.0,2374
3,71595098.33316085,71588498.29711914,-6600.0360417068005,1715.1674631685019,4,4.686950787901878,1712.823987774551,19235,764773720130.0,2374
2,78772314.66223896,78764876.36242676,-7438.299812197685,1710.4805123806,4,-4.686950787901878,1712.823987774551,19236,764780896540.0,2374
3,75049507.91845196,75068559.05554199,19051.137090027332,27767.542902886868,1,,27767.542902886868,19259,765778054580.0,2375
0,42597565.107413605,42573391.77270508,-24173.33470852673,-19225.96497335285,2,-38.13140893727541,-19206.89926888421,19306,767747352240.0,2377
3,78714921.01789609,78686591.06982422,-28329.948071867228,-19187.833564415574,2,38.13140893727541,-19206.89926888421,19307,767783465600.0,2377
2,29895808.55046663,29930922.381835938,35113.83136930689,38585.99270196259,1,,38585.99270196259,19335,768735540280.0,2378
1,1271199.674478583,1290843.9807128906,19644.306234307587,19791.94600622938,3,-14.934208253631368,19799.727404223755,19360,769707775440.0,2379
0,5570757.81621835,5589924.849853516,19167.033635165542,19814.033024742268,3,18.196319515700452,19799.727404223755,19361,769712074540.0,2379
1,10753380.982649168,10771931.790039062,18550.8073898945,19799.727404223755,3,-3.2621112620690838,19799.727404223755,19362,769717256570.0,2379
0,74629007.76925714,74635917.70385742,6909.934600278735,15577.502651944757,1,,15577.502651944757,19392,770782006190.0,2380
2,13777733.91225769,13794926.697265625,17192.785007935017,18792.95965653099,4,-41.80108137987554,18833.928308429196,19411,771722017510.0,2381
0,30154362.924452066,30169693.829956055,15330.905503988266,18833.095878947526,4,-1.6648589633405209,18833.928308429196,19412,771738392350.0,2381
0,30446923.93647921,30462222.528198242,15298.591719031334,18834.760737910867,4,1.6648589633405209,18833.928308429196,19413,771738684880.0,2381
2,60348789.22492332,60360629.4810791,11840.256155781448,18849.289949454367,4,16.194070506840944,18833.928308429196,19414,771768583420.0,2381
0,32526347.598118193,32557691.23388672,31343.635768525302,35121.313372798264,2,-2.6562345400452614,35122.64149006829,19435,772741682860.0,2382
3,44559899.00082633,44589847.69116211,29948.690335780382,35123.96960733831,2,2.6562345400452614,35122.64149006829,19436,772753715070.0,2382
0,17833861.238510773,17866376.614135742,32515.3756249696,34586.637330427766,3,-6.2100341487675905,34586.637330427766,19452,773727899870.0,2383
2,21723559.8013307,21755609.307128906,32049.505798205733,34572.52517807856,3,-27.378262672573328,34586.637330427766,19453,773731789120.0,2383
3,56191969.02379017,56220055.94128418,28086.917494006455,34613.169551074505,3,33.58829682134092,34586.637330427766,19454,773766253720.0,2383
0,12417621.641267482,12478650.736083984,61029.094816502184,62471.30319944583,1,,62471.30319944583,19482,774723388510.0,2384
3,2201043.7866497654,2276668.0043945312,75624.2177447658,75879.85154421907,3,-45.625737567432225,75897.55551899225,19501,775714125080.0,2385
2,18289583.05373252,18363356.419067383,73773.36533486098,75897.55551899225,3,-19.069775407668203,75897.55551899225,19502,775730211840.0,2385
0,59867581.16555658,59936581.41931152,69000.25375494361,75953.39904458076,3,64.69551297510043,75897.55551899225,19503,775771785250.0,2385
1,71756525.0677419,71766232.70678711,9707.639045208693,18041.59098650515,1,,18041.59098650515,19524,776784540240.0,2386
0,36776036.77009663,36874762.1184082,98725.34831157327,102996.59364771843,3,-0.16804063692688942,102996.68909046799,19551,777750525260.0,2387
2,51177935.115294635,51274988.0378418,97052.92254716158,102996.83428624272,3,0.19291714951395988,102996.68909046799,19552,777764925550.0,2387
2,54998782.02085785,55095391.037109375,96609.01625152677,102996.68909046799,3,-0.024876512587070465,102996.68909046799,19553,777768745970.0,2387
3,70919384.14182505,70948522.30395508,29138.16213002801,37374.88678449392,1,,37374.88678449392,19576,778785550570.0,2388
2,19653110.67841243,19688144.294799805,35033.6163873747,37316.16950343549,3,-37.89362841844559,37346.20444968343,19602,779735225490.0,2389
3,47164633.47751985,47196501.88342285,31868.40590300411,37346.20444968343,3,7.1587909534573555,37346.20444968343,19603,779762733970.0,2389
2,58920540.80816816,58951059.575927734,30518.76775957644,37361.92181402445,3,30.73483746498823,37346.20444968343,19604,779774488580.0,2389
3,22452668.564225003,22489930.0625,37261.49827499688,39869.19786177948,1,,39869.19786177948,19624,780738883710.0,2390
3,16775399.472524319,16800311.420776367,24911.948252048343,26860.278008375317,6,-33.88064909353852,26889.998092241585,19645,781734094520.0,2391
2,23967136.551922485,23991229.42138672,24092.869464233518,26876.462510380894,6,-17.696147087961435,26889.998092241585,19646,781741285470.0,2391
3,40762534.77763766,40784694.6907959,22159.913158237934,26894.158657468855,6,8.321130454540253,26889.998092241585,19647,781758079010.0,2391
1,41062486.601323605,41084603.35632324,22116.754999637604,26885.837527014315,6,-8.321130454540253,26889.998092241585,19648,781758378920.0,2391
3,71601063.23524554,71619677.47595215,18614.2407066077,26930.13698761165,6,44.29946059733629,26889.998092241585,19649,781788914130.0,2391
2,76225050.60190329,76243126.9017334,18076.29983010888,26929.235613152385,6,43.39808613806963,26889.998092241585,19650,781793537600.0,2391
0,26064546.54484934,26102206.232299805,37659.687450464815,40686.87805189937,2,-40.20887427777052,40706.98248903826,19672,782744259790.0,2392
1,70320269.37353137,70352829.3182373,32559.944705933332,40727.086926177144,2,40.20887427777052,40706.98248903826,19673,782788510610.0,2392
2,22316380.4442901,22391210.860595703,74830.4163056016,77422.28710690886,2,-7.954170815646648,77426.26419231668,19735,784742341750.0,2394
3,27801965.189494483,27876166.45275879,74201.26326430589,77430.2412777245,2,7.954170815646648,77426.26419231668,19736,784747826730.0,2394
3,62823288.22067658,62886902.53137207,63614.31069549173,70910.73794487864,1,,70910.73794487864,19759,785783774940.0,2395
2,5316348.950637248,5348620.8095703125,32271.858933064155,32889.31074829586,3,-41.9149716924876,32928.756720110774,19779,786727093080.0,2396
0,34776139.94581292,34805029.72937012,28889.78355719894,32928.756720110774,3,17.25398602988571,32928.756720110774,19780,786756549620.0,2396
2,53128264.8047501,53155028.072387695,26763.267637595534,32933.69471986592,3,24.660985662601888,32928.756720110774,19781,786774899700.0,2396
1,7057557.646107708,7096805.110839844,39247.464732135646,40067.1441437304,2,-28.90535359084606,40081.596820525825,19806,787729732510.0,2397
2,30322307.241494477,30358881.595214844,36574.353720366955,40096.04949732125,2,28.90535359084606,40081.596820525825,19807,787752994690.0,2397
2,35136761.66557276,35179482.400878906,42720.73530614376,46801.59182500839,3,-18.001850225031376,46817.611806087196,19836,788758666870.0,2398
0,43798969.18639979,43840703.85864258,41734.67224279046,46821.57554437965,3,11.973728831857443,46817.611806087196,19837,788767328130.0,2398
1,56745239.152954295,56785466.25476074,40227.10180644691,46817.611806087196,3,6.028121393173933,46817.611806087196,19838,788780272950.0,2398
3,63863991.14943567,63916808.529296875,52817.379861205816,60234.67651145905,2,-26.25838577002287,60247.805704344064,19858,789788311690.0,2399
0,78719184.1063748,78770302.43164062,51118.325265824795,60260.934897229075,2,26.25838577002287,60247.805704344064,19859,789803165250.0,2399
0,66001341.43145476,66035711.294799805,34369.86334504187,42035.396298758686,2,-3.7992283031344414,42037.29591291025,19885,790791296240.0,2400
0,74939745.9859885,74973081.52368164,33335.53769314289,42039.19552706182,2,3.7992283031344414,42037.29591291025,19886,790800233650.0,2400
1,3422730.489350505,3479795.729248047,57065.2398975417,57462.76292947959,4,-24.520273501984775,57487.098106031306,19913,791729635380.0,2401
0,7170504.567687672,7227159.053588867,56654.485901195556,57487.283202981576,4,0.3701939005404711,57487.098106031306,19914,791733382760.0,2401
2,29773739.55242178,29827768.481445312,54028.92902353406,57486.913009081036,4,-0.3701939005404711,57487.098106031306,19915,791755983470.0,2401
3,49963816.66853285,50015528.646484375,51711.97795152664,57514.87945109606,4,27.96644201502204,57487.098106031306,19916,791776171320.0,2401
1,46357290.26602027,46435930.71777344,78640.4517531693,84024.4837814942,1,,84024.4837814942,19941,792773469120.0,2402
2,63542078.0326028,63620526.11657715,78448.08397434652,85827.99296623468,2,-1.274076521396637,85828.63000449538,19966,793791592390.0,2403
1,72120034.85302125,72197487.94934082,77453.09631957114,85829.26704275608,2,1.274076521396637,85828.63000449538,19967,793800169390.0,2403
2,45752506.71679527,45757431.60656738,4924.889772109687,10238.680982202291,2,-27.02381754666567,10252.192890975624,19991,794774638630.0,2404
3,63659549.77741428,63662421.92980957,2872.1523952931166,10265.704799748957,2,27.02381754666567,10252.192890975624,19992,794792543700.0,2404
3,16613408.279782433,16674487.517333984,61079.23755155131,63008.753314113244,2,-47.92381907440722,63032.71522365045,20061,797748172950.0,2407
3,59848579.40529549,59904685.14404297,56105.73874747753,63056.67713318765,2,47.92381907440722,63032.71522365045,20062,797791403340.0,2407
1,6118150.892381899,6173806.405395508,55655.513013608754,56366.087772609666,2,-48.996635844931006,56390.58609053213,20082,798738545540.0,2408
3,45406040.062903434,45457181.595458984,51141.53255555034,56415.0844084546,2,48.996635844931006,56390.58609053213,20083,798777829090.0,2408
1,55364288.816790186,55396899.33630371,32610.51951352507,39040.64307131618,1,,39040.64307131618,20110,799788684410.0,2409
2,3232253.9058342185,3295883.4643554688,63629.55852125026,64004.959206942,5,-51.25136890122667,64040.1393266581,20133,800737429600.0,2410
2,11517185.354357269,11579866.600952148,62681.246594879776,64018.876436229795,5,-37.33413961343467,64040.1393266581,20134,800745713620.0,2410
2,29267376.6566902,29328017.622070312,60640.96538011357,64040.1393266581,5,-5.439803970977664,64040.1393266581,20135,800763461850.0,2410
3,59063462.51698592,59120675.04553223,57212.52854630351,64072.28182502836,5,42.773943584412336,64040.1393266581,20136,800793254640.0,2410
3,73194748.82692707,73250332.16894531,55583.34201824665,64084.332255765796,5,54.824374321848154,64040.1393266581,20137,800807384360.0,2410
3,30099556.0361297,30185105.826049805,85549.78992010653,89045.61490916088,1,,89045.61490916088,20157,801765224260.0,2411
2,30175855.547298126,30195935.838989258,20080.29169113189,23584.97826397419,2,-23.38221001625061,23596.669368982315,20178,802766130680.0,2412
1,64135535.210684255,64151694.736816406,16159.526132151484,23608.36047399044,2,23.38221001625061,23596.669368982315,20179,802800086590.0,2412
1,7634108.761134205,7812048.01574707,177939.25461286493,178825.89586911164,3,-24.155170740559697,178841.72293369472,20232,804745437520.0,2414
3,21153782.98185592,21330167.860473633,176384.87861771137,178841.72293369472,3,-0.414573865942657,178841.72293369472,20233,804758955700.0,2414
0,49753180.66729322,49926260.60864258,173079.94134935737,178858.37914600968,3,24.569744606502354,178841.72293369472,20234,804787551920.0,2414
2,54504227.705140986,54589805.142333984,85577.43719299883,91907.67146595567,1,,91907.67146595567,20281,806794194570.0,2416
3,27351454.342932653,27485197.63256836,133743.2896357067,136919.94438318163,2,-3.012729436159134,136921.4507478997,20309,807768027160.0,2417
1,41294978.71896312,41427105.591430664,132126.87246754766,136922.9571126178,2,3.012729436159134,136921.4507478997,20310,807781969130.0,2417
2,47878708.18814099,47981008.01184082,102299.82369983196,107860.55636734515,1,,107860.55636734515,20328,808789525660.0,2418
1,734016.9416598397,822461.7951660156,88444.85350617592,88530.10375916853,2,-44.57528386369813,88552.39140110038,20349,809743292190.0,2419
2,37280544.34371248,37364789.18286133,84244.83914884925,88574.67904303223,2,44.57528386369813,88552.39140110038,20350,809779834680.0,2419
2,6751016.618790778,6813079.043334961,62062.424544182606,62846.50164382998,2,-46.045140153728426,62869.52421390684,20371,810750213240.0,2420
2,59113399.06531127,59169426.05908203,56026.99377076328,62892.54678398371,2,46.045140153728426,62869.52421390684,20372,810802569820.0,2420
0,74261924.45548093,74327790.79919434,65866.34371340275,74491.27794615924,2,15.060886934399605,74483.74750269204,20399,811818593890.0,2421
1,76369394.9054124,76435001.42224121,65606.51682880521,74476.21705922484,2,-15.060886934399605,74483.74750269204,20400,811820701110.0,2421
3,15575043.791987948,15661229.854492188,86186.06250423938,87994.98045732453,2,-23.22276835143566,88006.59184150025,20427,812760838530.0,2422
0,27254225.047415026,27339077.888305664,84852.84089063853,88018.20322567597,2,23.22276835143566,88006.59184150025,20428,812772516430.0,2422
1,8126871.908265786,8241639.013549805,114767.10528401844,115710.97707620263,2,-24.169311299920082,115723.06173185259,20455,813754296320.0,2423
1,35537629.31827071,35649237.05053711,111607.73226639628,115735.14638750255,2,24.169311299920082,115723.06173185259,20456,813781704040.0,2423
3,32559417.82511507,32677026.09411621,117608.26900114119,121389.78745029867,1,,121389.78745029867,20481,814779682190.0,2424
3,37665900.69323123,37738051.74560547,72151.05237423629,76525.64835567027,2,-19.956902742385864,76535.62680704147,20505,815785613740.0,2425
2,51258178.89349381,51328771.267333984,70592.37384017557,76545.60525841266,2,19.956902742385864,76535.62680704147,20506,815799204520.0,2425
0,25611151.712157354,25683025.434326172,71873.72216881812,74848.25455216691,3,27.26281009055674,74825.4777523391,20530,816774458090.0,2426
1,26383150.715589236,26454911.99938965,71761.28380041197,74825.4777523391,3,-6.9023896511644125,74825.4777523391,20531,816775229980.0,2426
3,45410044.85133343,45479587.34008789,69542.48875445873,74816.50573181361,3,-20.36042043939233,74825.4777523391,20532,816794254740.0,2426
1,8767241.246188771,8848846.590576172,81605.3443874009,82623.59000526741,3,-26.958336220122874,82646.85262318328,20558,817758478210.0,2427
0,11682826.241334178,11764123.617675781,81297.3763416037,82654.24405979179,3,19.02274556644261,82646.85262318328,20559,817761393500.0,2427
1,26226007.998894326,26305608.908447266,79600.90955293924,82646.85262318328,3,7.935590653680265,82646.85262318328,20560,817775935050.0,2427
2,2912749.696123282,2986512.69921875,73763.00309546804,74101.29589827033,4,-27.24519134638831,74121.70299359411,20590,818753520400.0,2428
2,16594224.246766139,16666411.82397461,72187.57720847055,74114.8648975715,4,-13.676192045211792,74121.70299359411,20591,818767200360.0,2428
1,32061358.13521216,32131763.00354004,70404.86832787842,74128.54108961672,4,13.676192045211792,74121.70299359411,20592,818782665780.0,2428
2,57349477.9348927,57416970.48510742,67492.55021472275,74153.2377621904,4,38.37286461889744,74121.70299359411,20593,818807951100.0,2428
0,1003486.1917360956,1075815.455444336,72329.26370824035,72445.81067993096,5,-6.3160960304085165,72446.55548561364,20616,819752462020.0,2429
3,36408055.65574658,36476267.92443848,68212.26869189739,72440.77593670785,5,-11.350839253515005,72446.55548561364,20617,819787862630.0,2429
3,58493426.649136946,58559079.65649414,65653.00735719502,72446.55548561364,5,-5.198887506383471,72446.55548561364,20618,819809945540.0,2429
0,62972943.18815175,63038089.724975586,65146.53682383895,72460.34531214833,5,14.162229376030155,72446.55548561364,20619,819814424570.0,2429
0,73517213.5526104,73581132.80871582,63919.25610542297,72457.6980663091,5,11.514983536791988,72446.55548561364,20620,819824967660.0,2429
3,9762771.413642038,9822908.56616211,60137.152520071715,61271.02108043432,1,,61271.02108043432,20644,820762110630.0,2430
2,57787828.28559364,57914922.810546875,127094.52495323867,133806.12342138588,2,-13.930785335600376,133813.08881405368,20673,821811055440.0,2431
3,65062636.89717995,65188900.44152832,126263.54434837401,133820.05420672148,2,13.930785335600376,133813.08881405368,20674,821818329450.0,2431
0,11222908.05762921,11342065.7734375,119157.71580828913,120461.16767285019,3,-63.17917025089264,120518.94546674192,20702,822765455790.0,2432
0,75692811.0921499,75804538.91723633,111727.82508642972,120518.94546674192,3,23.487520586699247,120518.94546674192,20703,822829918550.0,2432
0,76814535.5775991,76926143.92602539,111608.3484262973,120529.74821946025,3,39.69164966419339,120518.94546674192,20704,822831040160.0,2432
2,42254930.91669607,42289294.03601074,34363.11931467056,39270.69480289519,1,,39270.69480289519,20728,823797317690.0,2433
0,60116683.33652331,60188624.736206055,71941.39968274534,78923.47621618956,1,,78923.47621618956,20749,824816047410.0,2434
1,18738237.332085457,18819241.170043945,81003.83795848861,83180.1357828714,3,-56.852379843592644,83215.39678459615,20806,826776419870.0,2436
0,34436115.40809786,34515331.32287598,79215.91477811337,83215.39678459615,3,-3.9608772564679384,83215.39678459615,20807,826792116030.0,2436
0,77740509.00645429,77814738.64172363,74229.63526934385,83258.57954083383,3,60.81325710006058,83215.39678459615,20808,826835415630.0,2436
1,10495126.179992782,10574378.0859375,79251.90594471805,80470.83170957863,1,,80470.83170957863,20834,827769033440.0,2437
2,18556653.921701133,18632118.268798828,75464.34709769487,77619.5554474406,2,-45.998633068054914,77642.55476397462,20853,828777991670.0,2438
3,55096489.15282501,55167755.68615723,71266.53333221376,77665.55408050865,2,45.998633068054914,77642.55476397462,20854,828814527470.0,2438
3,8570341.511494866,8676476.78491211,106135.27341724373,107130.65069073811,2,-52.71397940441966,107157.00768044032,20881,829768897270.0,2439
0,45586063.180280596,45687952.08483887,101888.90455827117,107183.36467014253,2,52.71397940441966,107157.00768044032,20882,829805908910.0,2439
3,5951510.761108696,6062538.358520508,111027.59741181135,111718.81823966466,5,-20.293871557340026,111732.97313123196,20906,830767205790.0,2440
3,8658733.407870183,8769446.312866211,110712.90499602817,111718.54828805849,5,-20.56382316350937,111732.97313123196,20907,830769912710.0,2440
2,34159367.21564201,34267132.84887695,107765.63323494047,111732.97313123196,5,0.9384657936170697,111732.97313123196,20908,830795410510.0,2440
3,41333106.19132316,41440050.92956543,106944.73824226856,111745.25109121203,5,19.355405763722956,111732.97313123196,20909,830802583460.0,2440
2,56108275.051359825,56213515.18798828,105240.13662845641,111756.66829364002,5,30.77260819170624,111732.97313123196,20910,830817356990.0,2440
2,30795991.78590426,30847402.13232422,51410.34641996026,54987.05690428242,2,15.913610894232988,54979.100098835304,20931,831792885330.0,2441
2,48147805.769195944,48197184.92626953,49379.15707358718,54971.14329338819,2,-15.913610894232988,54979.100098835304,20932,831810235190.0,2441
1,42984047.75826624,43058756.02770996,74708.26944372058,79700.52607712895,2,2.0839192867279053,79699.48411748558,20959,832805953160.0,2442
2,48167318.775308855,48241422.96496582,74104.18965696543,79698.44215784222,2,-2.0839192867279053,79699.48411748558,20960,832811135850.0,2442
1,13299481.343917925,13381036.412231445,81555.0683135204,83099.69771495461,2,3.7462645657360554,83097.82458267175,21009,834778022200.0,2444
3,29233844.84110293,29313545.513061523,79700.67195859179,83095.95145038888,2,-3.7462645657360554,83097.82458267175,21010,834793954780.0,2444
3,32735482.449850462,32841170.064331055,105687.61448059231,109489.58144115284,1,,109489.58144115284,21040,835798335770.0,2445
1,76277403.77100764,76342632.33569336,65228.564685717225,74087.58087462187,1,,74087.58087462187,21061,836842780120.0,2446
2,10919427.369344685,11096198.908081055,176771.53873636946,178039.74372311682,1,,178039.74372311682,21083,837778391610.0,2447
0,1734134.8728217904,1852515.5521240234,118380.67930223304,118582.08533013333,1,,118582.08533013333,21101,838770167380.0,2448
0,32676684.201440457,32806087.853637695,129403.65219723806,133198.79020703956,1,,133198.79020703956,21130,839802020520.0,2449
0,5537814.726108304,5673452.41394043,135637.68783212546,136280.86114275642,3,38.44828771613538,136250.44481162727,21150,840775837370.0,2450
2,31201061.538000066,31333688.22668457,132626.68868450448,136250.44481162727,3,-7.176208977587521,136250.44481162727,21151,840801497720.0,2450
1,37171484.45417461,37303401.661621094,131917.20744648576,136234.3808984533,3,-31.27207873854786,136250.44481162727,21152,840807467460.0,2450
0,6901270.854953568,6968272.611938477,67001.75698490813,67803.28492379282,3,-27.345517097972333,67817.88805806637,21172,841778050570.0,2451
3,35508921.515243396,35572615.32336426,63693.80812086165,67817.88805806637,3,-5.440815687645227,67817.88805806637,21173,841806655040.0,2451
3,42354400.619906574,42417324.86462402,62924.24471744895,67843.37282371521,3,32.78633278561756,67817.88805806637,21174,841813499780.0,2451
1,40417935.425200105,40535331.474975586,117396.04977548122,122090.27278979868,1,,122090.27278979868,21198,842812474200.0,2452
2,52471189.56030242,52565348.025634766,94158.46533234417,100252.57833022624,1,,100252.57833022624,21222,843825394740.0,2453
0,9653343.056173466,9736514.669555664,83171.61338219792,84292.77270571701,7,36.03023221343756,84259.48380524665,21252,844783462330.0,2454
0,12070315.225198332,12153203.915283203,82888.6900848709,84290.56157890148,7,33.81910539790988,84259.48380524665,21253,844785879030.0,2454
0,20355878.53014621,20437797.049072266,81918.51892605424,84282.69296086207,7,25.950487358495593,84259.48380524665,21254,844794163660.0,2454
2,29936637.322173234,30017414.420043945,80777.09787071124,84254.0011417605,7,-17.087241293862462,84259.48380524665,21255,844803743320.0,2454
0,40005336.43885633,40084949.61975098,79613.18089464307,84259.48380524665,7,-8.863246064633131,84259.48380524665,21256,844813810900.0,2454
0,44044856.65560621,44123991.646118164,79134.99051195383,84250.45169521123,7,-20.63668784312904,84259.48380524665,21257,844817849960.0,2454
1,68112247.35820547,68188544.55957031,76297.20136484504,84207.89931964874,7,-63.18906340561807,84259.48380524665,21258,844841914620.0,2454
2,23959611.28360659,24044073.241333008,84461.95772641897,87244.67677226663,4,-14.374222785234451,87252.92226433195,21285,845798625350.0,2455
2,24516671.386325523,24601070.762695312,84399.37636978924,87246.79353361204,4,-12.257461439818144,87252.92226433195,21286,845799182350.0,2455
1,64682835.39297126,64762582.045043945,79746.65207268298,87259.05099505186,4,12.257461439818144,87252.92226433195,21287,845839344040.0,2455
1,72051664.04833801,72130559.2578125,78895.2094744891,87263.43947033584,4,16.645936723798513,87252.92226433195,21288,845846712050.0,2455
2,68034404.3614465,68114739.1459961,80334.78454959393,88236.44165699184,1,,88236.44165699184,21310,846843601530.0,2456
2,68429109.04434718,68526269.50915527,97160.46480809152,105107.963737607,1,,105107.963737607,21329,847844878700.0,2457
0,5033239.389458034,5184873.438842773,151634.04938473925,152218.6202671947,3,-12.397495805285871,152218.6202671947,21372,849783341770.0,2459
1,18981080.286018707,19131091.37854004,150011.0925213322,152215.59463104606,3,-16.935950028244406,152218.6202671947,21373,849797288050.0,2459
1,51018787.81514889,51165108.82800293,146321.01285403967,152246.4408949539,3,29.333445833530277,152218.6202671947,21374,849829322210.0,2459
2,5759927.703584572,5841680.292480469,81752.58889589645,82421.55886931345,4,-33.31593795493245,82451.33453156054,21393,850784958170.0,2460
2,33545324.891964488,33623876.662475586,78551.7705110982,82447.7942558527,4,-7.080551415681839,82451.33453156054,21394,850812740490.0,2460
2,76441976.66145928,76515555.7956543,73579.13419501483,82457.26422141492,4,9.469965562224388,82451.33453156054,21395,850855632360.0,2460
1,78338500.87853861,78411857.35705566,73356.47851705551,82454.87480726838,4,7.080551415681839,82451.33453156054,21396,850857528670.0,2460
1,31154474.785721384,31255807.4095459,101332.62382451445,104950.9692694135,2,48.80111775174737,104926.56871053763,21421,851811234720.0,2461
3,76370893.92749178,76466926.22131348,96032.29382169247,104902.16815166175,2,-48.80111775174737,104926.56871053763,21422,851856446040.0,2461
3,24280283.748051517,24386327.982910156,106044.23485863954,108864.19747090712,3,1.9947707504034042,108864.19747090712,21447,852805273600.0,2462
0,34663027.48270531,34767871.78527832,104844.30257301033,108870.13861939311,3,10.906493479385972,108864.19747090712,21448,852815655190.0,2462
1,38578840.72201322,38683214.36206055,104373.64004732668,108854.26678092033,3,-12.901264229789376,108864.19747090712,21449,852819570550.0,2462
3,17781803.871313967,17890481.01623535,108677.14492138475,110742.36057603359,3,19.301091600209475,110727.57172452658,21487,854800567880.0,2464
3,39851123.64041541,39957222.81982422,106099.17940881103,110727.57172452658,3,-2.882185660302639,110727.57172452658,21488,854822634720.0,2464
2,54110455.327021465,54214889.373535156,104434.04651369154,110718.54724434018,3,-16.418905939906836,110727.57172452658,21489,854836892450.0,2464
2,52484514.873992756,52571612.89086914,87098.01687638462,93193.67750389129,1,,93193.67750389129,21508,855836112500.0,2465
0,21554009.640571497,21648380.54260254,94370.90203104168,96874.22950289398,1,,96874.22950289398,21533,856806088560.0,2466
0,8195344.970596855,8316345.909301758,121000.93870490324,121952.76310084295,2,25.036569758318365,121940.24481596379,21560,857793656920.0,2467
0,30565388.576095156,30683766.37487793,118377.79878277332,121927.72653108463,2,-25.036569758318365,121940.24481596379,21561,857816024440.0,2467
1,46436385.868985824,46519864.12597656,83478.25699073821,88871.47534675896,2,11.371729418635368,88865.78948204964,21629,860834538930.0,2470
1,77982160.67110702,78061963.76452637,79803.09341934323,88860.10361734033,2,-11.371729418635368,88865.78948204964,21630,860866081170.0,2470
3,26872463.605850086,26973949.397216797,101485.79136671126,104606.81513457,1,,104606.81513457,21654,861815836550.0,2471
3,15079650.024950523,15186845.881103516,107195.8561529927,108947.238044478,1,,108947.238044478,21673,862804951640.0,2472
3,10350920.733321022,10450707.120605469,99786.38728444651,100988.56472905166,2,-41.92249590717256,101009.52597700525,21699,863801088030.0,2473
1,48151940.90564978,48247378.9263916,95438.02074182034,101030.48722495884,2,41.92249590717256,101009.52597700525,21700,863838884870.0,2473
3,51404489.8084099,51491384.47216797,86894.66375806928,92864.88803002238,2,-25.362720400094986,92877.56939022243,21720,864843042400.0,2474
0,66646036.81398237,66731186.65551758,85149.84153521061,92890.25075042248,2,25.362720400094986,92877.56939022243,21721,864858282270.0,2474
3,7821719.509819035,7964754.448974609,143034.93915557396,143943.36991405394,2,34.108201823197305,143926.31581314234,21743,865800360990.0,2475
3,44542315.03782132,44681051.0625,138736.02467867732,143909.26171223074,2,-34.108201823197305,143926.31581314234,21744,865837077450.0,2475
0,32285323.099956505,32411293.448120117,125970.34816361219,129720.03268178552,1,,129720.03268178552,21771,866825765180.0,2476
2,20805381.40043679,21016102.24951172,210720.84907492995,213137.2293072231,1,,213137.2293072231,21799,867815258360.0,2477
2,7637806.235301357,7706318.737792969,68512.50249161199,69399.57318019215,3,42.68648997414857,69362.49282058328,21843,869803933490.0,2479
2,52079757.15388757,52143070.9954834,63313.84159582853,69362.49282058328,3,-12.93404943915084,69362.49282058328,21844,869848370440.0,2479
3,71237698.16679874,71298775.75305176,61077.58625301719,69351.28055985272,3,-29.75244053499773,69362.49282058328,21845,869867526230.0,2479
3,3887075.4889029637,3994037.8264160156,106962.33751305193,107413.79053821089,3,-68.89593596337363,107462.58070135117,21886,871801912020.0,2481
0,35455322.638774976,35558667.36462402,103344.7258490473,107462.58070135117,3,4.289308747043833,107462.58070135117,21887,871833476790.0,2481
0,73645958.03925577,73744907.43688965,98949.39763388038,107502.79224699736,3,64.6066272163298,107462.58070135117,21888,871871663200.0,2481
3,62648595.139386624,62754820.41394043,106225.27455380559,113501.41258569807,2,-5.778850980103016,113504.30201118812,21909,872861566350.0,2482
2,78871321.31929418,78975668.23156738,104346.91227319837,113507.19143667817,2,5.778850980103016,113504.30201118812,21910,872877787270.0,2482
0,27614221.941975705,27711706.518554688,97484.57657898217,100691.74970147759,1,,100691.74970147759,21931,873827395630.0,2483
2,13091275.48405759,13184703.17565918,93427.69160158932,94948.13954177871,4,49.6564663015306,94915.13525194302,21956,874813775160.0,2484
0,35614497.51391941,35705292.95959473,90795.44567531347,94931.78742840886,4,33.304352931678295,94915.13525194302,21957,874836295850.0,2484
1,40203923.42344685,40294152.53930664,90229.11585979164,94898.48307547718,4,-33.304352931678295,94915.13525194302,21958,874840884730.0,2484
0,71375730.03489971,71462323.84179688,86593.80689716339,94883.53251200914,4,-48.25491639971733,94915.13525194302,21959,874872053040.0,2484
0,7162776.368486176,7290275.673095703,127499.30460952688,128331.20434219763,3,59.14667983725667,128281.03190256655,21986,875808729960.0,2485
0,53530945.52346262,53653009.36010742,122063.83664479852,128281.03190256655,3,-16.11197960935533,128281.03190256655,21987,875855092900.0,2485
0,68953106.01359454,69073360.73999023,120254.7263956964,128263.08342215419,3,-43.03470022790134,128281.03190256655,21988,875870513320.0,2485
3,7137208.328496575,7272033.682250977,134825.3537544012,135654.28396177385,6,-1.54516716953367,135655.05654535862,22016,876809637260.0,2486
1,9996586.013483955,10131070.959594727,134484.94611077197,135645.97038465925,6,-9.858744284138083,135655.05654535862,22017,876812496310.0,2486
3,19055517.459378354,19188960.65222168,133443.19284332544,135656.34024104476,6,2.0562792709097266,135655.05654535862,22018,876821554240.0,2486
0,30097841.87836222,30230021.51977539,132179.64141317084,135675.26731638238,6,20.983354608528316,135655.05654535862,22019,876832595350.0,2486
2,48912932.8235155,49042907.802978516,129974.97946301848,135655.82912894338,6,1.54516716953367,135655.05654535862,22020,876851408320.0,2486
1,56937591.05402583,57066632.09753418,129041.04350835085,135653.89365751296,6,-1.9354714304208755,135655.05654535862,22021,876859432080.0,2486
1,30044606.10395338,30106326.135986328,61720.03203294799,65209.47502268478,2,5.551043909043074,65206.69950073026,22051,877833366220.0,2487
2,42022619.51071201,42082942.84033203,60323.3296200186,65203.92397877574,2,-5.551043909043074,65206.69950073026,22052,877845342890.0,2487
0,39799985.16185059,39884892.93347168,84907.77162109315,89530.22460763901,4,22.926267318427563,89509.53064935282,22068,878843984100.0,2488
2,53330989.40162526,53414302.728027344,83313.32640208304,89507.29834032059,4,-4.464618064463139,89509.53064935282,22069,878857513570.0,2488
1,55125351.32550649,55208454.744018555,83103.41851206124,89505.79137307405,4,-5.971585310995579,89509.53064935282,22070,878859307730.0,2488
2,61131826.232813254,61214238.01843262,82411.78561936319,89511.76295838505,4,4.464618064463139,89509.53064935282,22071,878865313540.0,2488
3,74612512.09748253,74710374.30249023,97862.20500770211,106527.8572177738,2,-3.536548674106598,106529.62549211085,22094,879879642350.0,2489
2,78851081.9778731,78948455.44311523,97373.46524213254,106531.3937664479,2,3.536548674106598,106529.62549211085,22095,879883880450.0,2489
1,2253592.849066465,2374754.2701416016,121161.4210751364,121423.15803190321,4,13.452722743153572,121411.89211268444,22116,880808198670.0,2490
1,11422536.031422684,11542623.473266602,120087.4418439176,121414.07891620882,4,4.373607048764825,121411.89211268444,22117,880817366580.0,2490
0,35325360.174206845,35442667.118774414,117306.9445675686,121409.70530916005,4,-4.373607048764825,121411.89211268444,22118,880841266730.0,2490
2,61923119.64103778,62037288.7734375,114169.13239972293,121361.01219959557,4,-53.06671661324799,121411.89211268444,22119,880867861470.0,2490
1,32012006.408741124,32116674.034179688,104667.62543856353,108385.56638822705,1,,108385.56638822705,22133,881838824280.0,2491
2,5863661.992501492,5987126.286865234,123464.2943637427,124145.31225304864,5,23.96315017901361,124132.10068053007,22159,882813609150.0,2492
1,24348297.903635584,24469604.040283203,121306.1366476193,124133.99856526032,5,12.649462390691042,124132.10068053007,22160,882832091710.0,2492
0,52529647.450419836,52647678.64868164,118031.19826180488,124132.10068053007,5,9.802635295316577,124132.10068053007,22161,882860269910.0,2492
0,73916267.68127963,74031793.48986816,115525.8085885346,124110.59752520919,5,-22.45209768600762,124132.10068053007,22162,882881654120.0,2492
1,75598319.85793161,75713636.0057373,115316.14780569077,124096.29377770424,5,-36.75584519095719,124132.10068053007,22163,882883335970.0,2492
0,643789.0448107794,784977.4895019531,141188.44469117373,141263.21568872023,3,-5.945229154196568,141263.21568872023,22194,883809304360.0,2493
1,33374818.496474423,33512201.854248047,137383.35777362436,141259.57855127007,3,-11.400935329438653,141263.21568872023,22195,883842031730.0,2493
3,44136821.3679878,44272973.96911621,136152.60112841427,141278.74328447878,3,17.34616448363522,141263.21568872023,22196,883852792550.0,2493
1,32934189.112052586,33043683.778198242,109494.66614565626,113319.7113109082,3,-14.408773228526115,113328.8945440054,22225,884842508720.0,2494
2,42000982.62277471,42109433.435913086,108450.8131383732,113328.8945440054,3,-0.6339235827326775,113328.8945440054,22226,884851574510.0,2494
1,78533572.5923203,78637790.88562012,104218.293299824,113339.34562426805,3,15.042696811258793,113328.8945440054,22227,884888103030.0,2494
0,20626378.588501714,20784124.514892578,157745.92639086396,160141.51686458662,2,36.96638352051377,160123.03367282636,22250,885831117560.0,2495
2,53245548.87565833,53399469.377441406,153920.50178307295,160104.5504810661,2,-36.96638352051377,160123.03367282636,22251,885863733050.0,2495
0,2836068.0056962487,2891213.8572998047,55145.85160355596,55475.23843547702,3,85.10893153958023,55430.74359463528,22276,886814196960.0,2496
1,21399045.84838946,21451991.2623291,52945.413939639926,55430.74359463528,3,18.36667027696967,55430.74359463528,22277,886832757820.0,2496
2,79161478.71457589,79207634.25134277,46155.53676688671,55349.5154132396,3,-103.4756018165499,55430.74359463528,22278,886890513720.0,2496
3,7690722.349740636,7804846.467651367,114124.11791073158,115017.33438680973,4,29.59021248202771,114994.91078025335,22295,887819913020.0,2497
1,8299155.564407975,8413193.760620117,114038.19621214177,115002.07738617901,4,14.33321185130626,114994.91078025335,22296,887820521370.0,2497
1,26441736.290038705,26553653.036010742,111916.74597203732,114987.7441743277,4,-14.33321185130626,114994.91078025335,22297,887838661910.0,2497
3,69153241.1442442,69260182.99304199,106941.84879779816,114973.44993424416,4,-28.627451934851706,114994.91078025335,22298,887881368630.0,2497
1,32883052.415925734,32989690.701660156,106638.2857344225,110457.39177751541,2,-39.314631678164005,110477.0490933545,22348,889846847940.0,2499
0,64398143.10419956,64501160.47644043,103017.37224087119,110496.70640919358,2,39.314631678164005,110477.0490933545,22349,889878359550.0,2499
2,29386968.598457195,29476052.376831055,89083.77837385982,92496.84197704867,4,2.170457448810339,92495.75674832426,22377,890844234740.0,2500
3,36813780.28897023,36901999.33154297,88219.04257273674,92494.67151959985,4,-2.170457448810339,92495.75674832426,22378,890851660720.0,2500
2,47933475.77439521,48020399.85498047,86924.08058525622,92491.17407405376,4,-5.667902994900942,92495.75674832426,22379,890862779170.0,2500
0,74572261.42756397,74656101.3269043,83839.89934033155,92500.87675395608,4,6.205234356224537,92495.75674832426,22380,890889414990.0,2500
1,2675835.9343858007,2771377.4565429688,95541.52215716802,95852.29930334305,3,-37.794841086957604,95886.08490002155,22399,891818384320.0,2501
1,26257856.086370163,26350692.529296875,92836.44292671233,95886.08490002155,3,12.883553930791095,95886.08490002155,22400,891841963740.0,2501
1,46167641.84400596,46258173.94152832,90532.09752236307,95894.10338883847,3,24.91128715616651,95886.08490002155,22401,891861871310.0,2501
1,25393183.640850134,25543602.26147461,150418.62062447518,153367.83774305135,3,-21.228198187425733,153381.16559462622,22445,893842943730.0,2503
3,26665202.387987174,26815486.6015625,150284.2135753259,153381.16559462622,3,-1.236420825123787,153381.16559462622,22446,893844215620.0,2503
0,38576777.02232587,38725693.6015625,148916.57923662663,153396.96628785133,3,22.46461901254952,153381.16559462622,22447,893856125880.0,2503
0,28116830.56207377,28168380.42602539,51549.863951619714,54815.411083742976,3,-10.272007904946804,54815.411083742976,22476,894846512750.0,2504
2,36438207.764514446,36488783.400512695,50575.635998249054,54807.6451716274,3,-21.92087607830763,54815.411083742976,22477,894854833190.0,2504
2,74680943.11988635,74727113.2409668,46170.12108044326,54843.721011668444,3,32.19288398325443,54815.411083742976,22478,894893071690.0,2504
2,7676373.865032653,7812307.41418457,135933.549151917,136825.099165163,3,-37.81121750269085,136858.97649427503,22502,895826975120.0,2505
1,34950716.33031613,35083516.0579834,132799.7276672721,136858.97649427503,3,13.004776165354997,136858.97649427503,22503,895854246450.0,2505
1,41651926.93829293,41783956.24121094,132029.30291800946,136866.84427105635,3,24.806441337335855,136858.97649427503,22504,895860946920.0,2505
3,71280074.32380405,71382884.44567871,102810.12187466025,111088.73783643544,1,,111088.73783643544,22537,896891473570.0,2506
3,67938891.71322015,68106291.26647949,167399.5532593429,175290.11732928455,2,0.19947129487991333,175290.0175936371,22549,897889052360.0,2507
2,71866450.59195569,72033393.79089355,166943.1989378631,175289.91785798967,2,-0.19947129487991333,175290.0175936371,22550,897892979480.0,2507
3,541522.1688160559,671179.0168457031,129656.84802964726,129719.74153969111,4,58.85441081644967,129681.0681688916,22574,898822601370.0,2508
0,25147768.99741368,25274549.532470703,126780.53505702317,129701.24920890853,4,40.36208003386855,129681.0681688916,22575,898847204850.0,2508
1,65591485.45100802,65713509.580200195,122024.12919217348,129642.0606205836,4,-59.188588324934244,129681.0681688916,22576,898887643990.0,2508
0,72216936.6384329,72338210.10046387,121273.46203096211,129660.88712887466,4,-40.36208003386855,129681.0681688916,22577,898894268720.0,2508
1,21499047.34564446,21578450.028686523,79402.68304206431,81899.62707876414,2,-40.72814015299082,81919.99114884064,22598,899844407140.0,2509
0,37935312.42691931,38012846.896118164,77534.46919885278,81940.35521891713,2,40.72814015299082,81919.99114884064,22599,899860841610.0,2509
