arm,tof,off,u,v,n_b,res,delta_b,eventId,t_dream_ns,bunch
3,30897819.87476762,30854371.006256104,-43448.8685115166,-39858.535734992474,1,,-39858.535734992474,5819,232157887640.0,2
1,44712432.04819603,44710155.71383667,-2276.3343593627214,2919.2590822279453,2,4.046946123242378,2917.235609166324,5841,233172595430.0,3
1,63020550.460738525,63016142.672454834,-4407.78828369081,2915.212136104703,2,-4.046946123242378,2917.235609166324,5842,233190901510.0,3
0,47519590.590051696,47481866.30807495,-37724.28197674453,-32202.496157750487,2,25.770809933543205,-32215.38156271726,5873,234176307410.0,4
3,75346908.48309845,75305924.89047241,-40983.59262603521,-32228.26696768403,2,-25.770809933543205,-32215.38156271726,5874,234204131610.0,4
3,1272494.8473593115,1260190.3424682617,-12304.504891049815,-12156.64073827304,2,-2.130460450425744,-12155.575508047827,5903,235130941530.0,5
3,17067347.812861882,17053210.073394775,-14137.73946710676,-12154.510277822614,2,2.130460450425744,-12155.575508047827,5904,235146734630.0,5
3,44526855.546400055,44496955.41351318,-29900.132886871696,-24726.10347147286,2,-1.4814353585243225,-24725.362753793597,5923,236175090610.0,6
0,46300481.14709077,46270376.3999939,-30104.74709687382,-24724.622036114335,2,1.4814353585243225,-24725.362753793597,5924,236176864040.0,6
0,55747371.504013516,55713855.45144653,-33516.052566982806,-27038.196979530156,2,38.035370863974094,-27057.214664962143,5941,237187175630.0,7
2,75746191.77295169,75710313.81814575,-35877.95480594039,-27076.23235039413,2,-38.035370863974094,-27057.214664962143,5942,237207172190.0,7
2,46195616.675165564,46152638.91723633,-42977.7579292357,-37609.81814083457,4,23.477141052484512,-37628.29066343233,5967,238178517500.0,8
1,58785369.094076306,58740914.93652344,-44454.15755286813,-37623.286044977605,4,10.0092369094491,-37628.29066343233,5968,238191105840.0,8
2,68909244.0503654,68863603.48730469,-45640.563060715795,-37633.295281887054,4,-10.0092369094491,-37628.29066343233,5969,238201228580.0,8
1,73697555.4067559,73651339.15332031,-46216.25343558192,-37652.58293071389,4,-29.29688573628664,-37628.29066343233,5970,238206016340.0,8
2,33039797.407933883,33045600.63912964,5803.231195755303,9642.462185002863,3,38.64548119157553,9609.225166112185,6000,239166267450.0,9
0,72911481.11577143,72912618.01242065,1136.8966492265463,9609.225166112185,3,-11.210047144442797,9609.225166112185,6001,239206134670.0,9
2,73594207.79612778,73595254.5428772,1046.7467494159937,9598.408241510391,3,-27.43543404713273,9609.225166112185,6002,239206817310.0,9
3,8652612.265307521,8666487.220092773,13874.95478525199,14880.390040703118,5,43.884670386090875,14843.30132375285,6029,240142830260.0,10
2,13309295.306630947,13322613.555023193,13318.248392246664,14864.79113751091,5,28.285767193883657,14843.30132375285,6030,240147486410.0,10
2,29642511.714536816,29653910.55014038,11398.835603564978,14843.30132375285,5,-3.9489534432068467,14843.30132375285,6031,240163817790.0,10
3,51986408.12056652,51995196.99908447,8788.878517955542,14829.709416881204,5,-24.33681375067681,14843.30132375285,6032,240186159190.0,10
1,79124240.89712945,79129849.08544922,5608.188319772482,14802.440751239657,5,-51.60547939222306,14843.30132375285,6033,240213293980.0,10
3,54037669.78617412,53978221.74499512,-59448.04117900133,-53168.85326909274,4,15.397065810859203,-53178.58483706415,6063,241189054320.0,11
2,66649315.235897236,66588397.6529541,-60917.58294313401,-53172.919339224696,4,11.330995678901672,-53178.58483706415,6064,241201664560.0,11
3,76693944.84925981,76631846.60647583,-62098.24278397858,-53186.39123363793,4,-13.471894413232803,-53178.58483706415,6065,241211708060.0,11
1,78776514.11973429,78714176.02288818,-62338.09684610367,-53184.2503349036,4,-11.330995678901672,-53178.58483706415,6066,241213790400.0,11
1,77743305.31958407,77702484.1887207,-40821.13086336851,-31787.343418970704,1,,-31787.343418970704,6085,242213651630.0,12
2,22488754.11878878,22486693.929779053,-2060.1890097260475,553.0086638666689,3,-30.977073427289724,572.487149477005,6108,243159292870.0,13
1,54510832.87667997,54505071.1942749,-5761.68240506947,572.487149477005,3,-1.7593450117856264,572.487149477005,6109,243191311410.0,13
1,67998708.62816659,67991402.64910889,-7305.979057699442,595.4843251109123,3,32.73641843907535,572.487149477005,6110,243204797810.0,13
2,30818316.96872229,30792304.414489746,-26012.554232545197,-22431.4597094208,5,-7.74539327993989,-22429.179650597274,6135,244168535450.0,14
1,42411132.41561343,42383765.50015259,-27366.915460839868,-22438.733491420746,5,-15.01917527988553,-22429.179650597274,6136,244180126970.0,14
2,57357683.69591677,57328589.54208374,-29094.153833031654,-22429.179650597274,5,-4.3253050446510315,-22429.179650597274,6137,244195071870.0,14
3,75835290.92479493,75804065.63928223,-31225.285512700677,-22413.209718093276,5,17.109961915761232,-22429.179650597274,6138,244213547440.0,14
2,76884332.53172383,76852980.30810547,-31352.223618358374,-22418.248981684446,5,12.070698324590921,-22429.179650597274,6139,244214596360.0,14
3,67610260.8239787,67677039.96273804,66779.13875932992,74635.464430511,3,1.894367940723896,74635.464430511,6158,245206294580.0,15
3,74146471.18914402,74212486.74591064,66015.55676662922,74631.39137414098,3,-4.215216614305973,74635.464430511,6159,245212830060.0,15
0,74433448.72017793,74499435.28747559,65986.56729765236,74635.74875099957,3,2.320848673582077,74635.464430511,6160,245213117010.0,15
2,15825782.27977638,15832915.602935791,7133.32315941155,8972.282188348472,1,,8972.282188348472,6184,246155497200.0,16
1,26724601.078857236,26705785.12008667,-18815.95877056569,-15710.554842982441,3,8.657831775024533,-15713.174399349838,6204,247167291180.0,17
3,32764714.865150712,32745194.42440796,-19520.440742753446,-15713.174399349838,3,4.728497223928571,-15713.174399349838,6205,247173330620.0,17
2,50929455.37545605,50907812.11172485,-21643.263731196523,-15725.250950165093,3,-13.386328998953104,-15713.174399349838,6206,247191493330.0,17
2,46739950.34511447,46720842.73599243,-19107.609122037888,-13676.417653605342,2,25.442550159990788,-13689.138928685337,6249,249189190690.0,19
2,64022516.19579519,64001374.906555176,-21141.289240017533,-13701.860203765333,2,-25.442550159990788,-13689.138928685337,6250,249206471310.0,19
3,23686585.074549917,23665158.65689087,-21426.41765904799,-18674.031791638583,5,29.89329894632101,-18703.60845530778,6277,250167063880.0,20
1,40960654.11522604,40937190.870666504,-23463.244559533894,-18703.60845530778,5,-0.6372963450849056,-18703.60845530778,6278,250184336000.0,20
3,46000414.7577409,45976365.25872803,-24049.499012872577,-18704.241725862026,5,-1.587202176451683,-18703.60845530778,6279,250189375200.0,20
1,47939524.099622756,47915235.404296875,-24288.695325881243,-18718.113150067627,5,-15.458626382052898,-18703.60845530778,6280,250191314080.0,20
0,50303160.33003798,50278613.39227295,-24546.937765032053,-18701.700592063367,5,2.2244985215365887,-18703.60845530778,6281,250193677470.0,20
1,15606643.58399945,15621324.508087158,14680.924087708816,16494.419156882912,5,21.961531352251768,16475.118680745363,6307,251159903940.0,21
2,23086809.811838165,23100616.494110107,13806.682271942496,16489.37413527444,5,16.916509743779898,16475.118680745363,6308,251167383270.0,21
3,40253701.62187594,40265499.252471924,11797.630595982075,16475.118680745363,5,-4.466672049835324,16475.118680745363,6309,251184548240.0,21
3,41259838.744190186,41271514.13934326,11675.395153075457,16469.796570315957,5,-12.449837693944573,16475.118680745363,6310,251185554260.0,21
1,61292359.30040978,61301672.334747314,9313.0343375355,16435.21860291809,5,-47.02780509181321,16475.118680745363,6311,251205584520.0,21
0,31583857.627413183,31594375.87942505,10518.252011865377,14188.302510842681,5,34.222260903567076,14165.835958980024,6340,252176842160.0,22
1,33918649.532011464,33928874.014190674,10224.48217920959,14165.835958980024,5,6.491549775004387,14165.835958980024,6341,252179176670.0,22
0,40079893.6301346,40089412.70285034,9519.072715744376,14176.364277511835,5,22.284027572721243,14165.835958980024,6342,252185337240.0,22
2,50963897.08118125,50972117.390808105,8220.309626854956,14142.324540898204,5,-28.77557734772563,14165.835958980024,6343,252196220000.0,22
1,73574957.95623985,73580512.48214722,5554.525907367468,14103.950564265251,5,-67.14955398067832,14165.835958980024,6344,252218828510.0,22
3,55117242.95085724,55050775.419158936,-66467.53169830143,-60062.89717327058,1,,-60062.89717327058,6373,253201223830.0,23
2,5742521.696375173,5708183.300201416,-34338.39617375657,-33671.11401760578,6,-16.29010926000774,-33654.90816437546,6400,254152740090.0,24
0,9570640.779961776,9535873.845703125,-34766.93425865099,-33654.823908345774,6,0.16851205937564373,-33654.90816437546,6401,254156567800.0,24
0,30232922.478343166,30195768.840423584,-37153.63791958243,-33640.56635194272,6,14.42606846243143,-33654.90816437546,6402,254177227800.0,24
1,39043231.835845575,39005034.06677246,-38197.7690731138,-33660.93781673908,6,-6.11390839330852,-33654.90816437546,6403,254186037110.0,24
0,43912765.10044594,43874019.31982422,-38745.78062172234,-33643.10863751918,6,11.883782885968685,-33654.90816437546,6404,254190906120.0,24
1,45264767.21638387,45225852.44906616,-38914.76731770486,-33654.99242040515,6,-0.16851205937564373,-33654.90816437546,6405,254192257960.0,24
1,2490352.5337708215,2456240.9016723633,-34111.63209845824,-33822.25264180638,4,30.76024386845529,-33837.63276374061,6426,255150351330.0,25
1,3668818.5661230003,3634574.9127197266,-34243.65340327378,-33817.33596073417,4,35.67692494066432,-33837.63276374061,6427,255151529670.0,25
1,27596623.058348082,27559563.312408447,-37059.74593963474,-33853.012885674834,4,-30.76024386845529,-33837.63276374061,6428,255175454780.0,25
2,78727513.29623783,78684433.46688843,-43079.82934939861,-33931.67674358189,4,-109.4241017755121,-33837.63276374061,6429,255226579910.0,25
1,52693826.80734805,52661184.63330078,-32642.174047268927,-26519.14095711708,1,,-26519.14095711708,6453,256201453520.0,26
1,66471306.52813536,66428209.69442749,-43096.83370786905,-35372.85475098342,1,,-35372.85475098342,6475,257216091750.0,27
3,3162045.7544263434,3144952.1420898438,-17093.612336499617,-16726.181994844694,3,32.19694491522387,-16745.85945617594,6523,259154798250.0,29
2,13583403.434711412,13565079.181091309,-18324.253620103,-16745.85945617594,3,2.6807529183570296,-16745.85945617594,6524,259165218430.0,29
1,29435089.885037996,29414898.62335205,-20191.261685945094,-16770.898423343897,3,-34.877697833580896,-16745.85945617594,6525,259181068330.0,29
3,6096173.439956272,6059802.171447754,-36371.268508518115,-35662.89194986317,1,,-35662.89194986317,6543,260158621370.0,30
0,123032.3604702331,104065.25750732422,-18967.102962908888,-18952.806578304415,5,18.973010057554347,-18965.369345236104,6566,261153579490.0,31
2,1800660.0908096032,1781486.7319030762,-19173.35890652705,-18964.1218480675,5,7.657740294467658,-18965.369345236104,6567,261155256920.0,31
3,2926656.4570170436,2907351.009613037,-19305.447404006496,-18965.369345236104,5,5.786494541564025,-18965.369345236104,6568,261156382790.0,31
0,19323431.258064687,19302207.68170166,-21223.576363027096,-18978.189831487834,5,-13.444234836031683,-18965.369345236104,6569,261172777730.0,31
1,30299416.679872468,30276891.902130127,-22524.77774234116,-19003.979535341263,5,-39.23393868946005,-18965.369345236104,6570,261183752470.0,31
0,30865843.97077204,30868565.84588623,2721.8751141913235,6308.492284350097,2,13.805770613253117,6301.589399043471,6599,262185231410.0,32
0,76805612.52206784,76802982.38122559,-2630.14084225893,6294.686513736844,2,-13.805770613253117,6301.589399043471,6600,262231166060.0,32
3,74211172.5730555,74248271.95233154,37099.379276037216,45722.73219715059,2,2.9742807000875473,45721.245056800544,6627,263229570280.0,33
3,76440653.28329624,76477490.62219238,36837.338896140456,45719.7579164505,2,-2.9742807000875473,45721.245056800544,6628,263231799510.0,33
0,40475853.771966636,40510221.997924805,34368.22595816851,39071.52816668153,3,57.07878638058901,39020.59885647893,6655,264196794330.0,34
2,68829805.34224254,68860827.90411377,31022.561871230602,39020.59885647893,3,-19.31517892330885,39020.59885647893,6656,264225145080.0,34
1,70901407.8340429,70932177.37634277,30769.542299866676,39008.29990412295,3,-37.76360745728016,39020.59885647893,6657,264227216440.0,34
0,77329276.78899144,77332747.26382446,3470.4748330265284,12456.152080342174,1,,12456.152080342174,6684,265234609010.0,35
2,46885382.1016379,46824039.02359009,-61343.078047811985,-55894.98738051951,4,-1.9063104391098022,-55894.034225299954,6712,266205037330.0,36
2,48358495.83958985,48296981.53726196,-61514.302327886224,-55895.035553082824,4,-1.9544830024242401,-55894.034225299954,6713,266206510280.0,36
3,55144427.92579462,55082127.05130005,-62300.87449456751,-55893.0810700804,4,1.9063104391098022,-55894.034225299954,6714,266213295460.0,36
0,70532109.49402794,70468058.85128784,-64050.64274010062,-55854.797675952315,4,40.189704567193985,-55894.034225299954,6715,266228681470.0,36
2,15630718.718616541,15601108.678833008,-29610.039783533663,-27793.74717895873,6,-42.08431008644402,-27754.54433694482,6742,267174699200.0,37
3,54840340.48993747,54806199.416381836,-34141.073555633426,-27768.615151293576,6,-16.952282421290874,-27754.54433694482,6743,267213904490.0,37
3,69660646.39615452,69624804.09985352,-35842.29630100727,-27747.71542108059,6,9.71038393676281,-27754.54433694482,6744,267228723170.0,37
1,73763642.0241841,73727313.24859619,-36328.77558790147,-27757.425805017352,6,-5.762936145067215,-27754.54433694482,6745,267232825700.0,37
2,77944540.83526275,77907732.00134277,-36808.83391997218,-27751.662868872285,6,5.762936145067215,-27754.54433694482,6746,267237006140.0,37
3,79286707.7696957,79249745.18048096,-36962.589214742184,-27749.45810057223,6,7.9677044451236725,-27754.54433694482,6747,267238348160.0,37
0,69182953.42136821,69146391.51885986,-36561.90250834823,-28522.829646497965,1,,-28522.829646497965,6773,268229124850.0,38
1,32011312.312882382,31972805.28076172,-38507.03212066367,-34787.31130274758,2,-61.46110921725631,-34756.58074813895,6793,269192863170.0,39
0,71721643.39290363,71678583.47357178,-43059.91933184862,-34725.85019353032,2,61.46110921725631,-34756.58074813895,6794,269232569150.0,39
1,1922689.296100441,1886345.2196655273,-36344.07643491356,-36120.659558679676,2,-11.800010030856356,-36114.75955366425,6815,270163649740.0,40
3,9045638.985582773,9008479.020996094,-37159.96458667889,-36108.85954864882,2,11.800010030856356,-36114.75955366425,6816,270170771910.0,40
1,3533800.2046808624,3564798.9595336914,30998.754852829035,31409.3831350822,3,-2.427135963924229,31409.3831350822,7397,292184975990.0,62
1,13353847.664575778,13383699.054321289,29851.389745511115,31403.10948357545,3,-11.837613224051893,31409.3831350822,7398,292194794940.0,62
3,19901457.82169291,19930565.779418945,29107.957726035267,31420.5110585168,3,14.264749187976122,31409.3831350822,7399,292201341840.0,62
2,19085505.7890385,19033882.846740723,-51622.942297779024,-49405.20275276899,2,4.862765233963728,-49407.634135385975,7429,293201419200.0,63
1,25274148.32278888,25221801.396240234,-52346.9265486449,-49410.06551800296,2,-4.862765233963728,-49407.634135385975,7430,293207607150.0,63
1,22039099.849426515,22004654.887268066,-34444.962158448994,-31884.014399830252,1,,-31884.014399830252,7450,294205240130.0,64
3,26196634.63429296,26121714.827087402,-74919.80720555782,-71875.75308318436,3,11.558368377387524,-71884.00417787582,7474,295210261370.0,65
3,37467075.23681233,37390837.551086426,-76237.685725905,-71884.00417787582,3,-0.8182736597955227,-71884.00417787582,7475,295221530550.0,65
0,57908213.23428763,57829593.66973877,-78619.56454885751,-71890.61872524768,3,-10.740094717592001,-71884.00417787582,7476,295241969410.0,65
2,7792203.589870741,7777689.414855957,-14514.175014783628,-13608.719417480752,4,-29.353562792763114,-13580.108663123101,7498,296192725410.0,66
3,46493596.151702486,46474612.73516846,-18983.416534028947,-13580.851471558213,4,-1.4856168702244759,-13580.108663123101,7499,296231422530.0,66
2,52979035.31659718,52959299.77636719,-19735.54022999108,-13579.365854687989,4,1.4856168702244759,-13580.108663123101,7500,296237907250.0,66
0,71447444.03430367,71425595.92016602,-21848.114137649536,-13545.907019004226,4,34.9444525539875,-13580.108663123101,7501,296256373640.0,66
1,1805689.8195982133,1810832.576965332,5142.757367118727,5352.578881057678,4,-62.04508675378747,5411.605427641422,7527,297187668570.0,67
0,44051322.0337354,44051617.88537598,295.8516405746341,5414.623967811465,4,6.037080340087414,5411.605427641422,7528,297229909570.0,67
2,57867493.29926871,57866177.67199707,-1315.6272716373205,5408.586887471378,4,-6.037080340087414,5411.605427641422,7529,297243724200.0,67
2,65054045.45075244,65051911.150024414,-2134.300728023052,5424.992211543024,4,16.405324071645737,5411.605427641422,7530,297250909970.0,67
2,7087918.013359224,7053984.829772949,-33933.183586275205,-33109.56611216813,2,25.636092264205217,-33122.384158300236,7558,298193808740.0,68
3,33167921.613243848,33130932.291992188,-36989.321251660585,-33135.20220443234,2,-25.636092264205217,-33122.384158300236,7559,298219885820.0,68
3,27139644.752144806,27140785.735107422,1140.982962615788,4294.615047071129,2,18.46503872796893,4285.382527707145,7586,299214773690.0,69
3,43166844.13121219,43166104.28540039,-739.8458117991686,4276.15000834316,2,-18.46503872796893,4285.382527707145,7587,299230799090.0,69
1,13776737.045967437,13800332.388305664,23595.342338226736,25196.201905993745,2,-46.98168142326176,25219.692746705376,7615,300202340400.0,70
0,75350442.02471507,75366929.4720459,16487.44733083248,25243.183587417006,2,46.98168142326176,25219.692746705376,7616,300263907310.0,70
0,21100139.689666003,21111867.5546875,11727.865021497011,14179.705423962325,4,14.997431349009275,14168.257700009272,7650,301210661860.0,71
2,26437190.504991442,26448280.432006836,11089.927015393972,14161.933777488768,4,-9.873629916459322,14168.257700009272,7651,301215998300.0,71
2,30003766.942943387,30014452.30670166,10685.363758273423,14171.807407405227,4,7.09941479191184,14168.257700009272,7652,301219564490.0,71
1,32149922.51938311,32160351.400024414,10428.880641303957,14164.707992613316,4,-7.09941479191184,14168.257700009272,7653,301221710400.0,71
3,17498620.13552787,17533162.558044434,34542.422516562045,36575.76563498005,2,14.538462664932013,36568.49640364759,7673,302207997280.0,72
2,37718981.52470325,37751159.79876709,32178.27406384051,36561.22717231512,2,-14.538462664932013,36568.49640364759,7674,302228215380.0,72
1,3788259.0216938,3729865.1525268555,-58393.86916694464,-57953.67271985952,5,-18.982801248319447,-57938.37389198318,7698,303195182040.0,73
3,6708428.206770381,6649710.312194824,-58717.89457555674,-57938.37389198318,5,-3.3369494508951902,-57938.37389198318,7699,303198101900.0,73
1,16723611.770216215,16663729.415283203,-59882.35493301228,-57939.067939825356,5,-4.378021214157343,-57938.37389198318,7700,303208115970.0,73
3,20640408.76095981,20580079.51019287,-60329.250766940415,-57930.83118925989,5,7.889726644381881,-57938.37389198318,7701,303212032340.0,73
1,32726691.942030158,32664958.088012695,-61733.85401746258,-57931.005945239216,5,7.714970665052533,-57938.37389198318,7702,303224117280.0,73
2,4249239.301570224,4221917.8732299805,-27321.428340243176,-26827.66589352209,1,,-26827.66589352209,7733,304196508110.0,74
1,37051285.678602114,37013676.16833496,-37609.51026715338,-33304.143547967076,3,16.513426799327135,-33312.4523371011,7761,305230185250.0,75
2,46903898.792303756,46865136.09765625,-38762.69464750588,-33312.4523371011,3,4.0502430982887745,-33312.4523371011,7762,305240036760.0,75
2,67042823.00315498,67001703.7522583,-41119.250896677375,-33328.861612431705,3,-20.56366989761591,-33312.4523371011,7763,305260173430.0,75
0,24790671.651090536,24769205.5413208,-21466.109769735485,-18585.42882390693,5,60.74529781937599,-18642.149591349065,7789,306218790860.0,76
0,33793487.2828888,33770949.789367676,-22537.493521124125,-18610.683619439602,5,35.490502286702394,-18642.149591349065,7790,306227792650.0,76
1,41688416.01943626,41664929.667663574,-23486.35177268833,-18642.149591349065,5,-11.708455577492714,-18642.149591349065,7791,306235686670.0,76
2,55076582.4165813,55051531.62939453,-25050.78718677163,-18650.877423860133,5,-24.460818465799093,-18642.149591349065,7792,306249073340.0,76
2,62974579.349224046,62948611.492004395,-25967.85721965134,-18650.198652103543,5,-23.78204670920968,-18642.149591349065,7793,306256970460.0,76
1,55923404.92216155,55877042.23895264,-46362.68320891261,-39864.372503481805,1,,-39864.372503481805,7830,307250814790.0,77
2,32571653.299406916,32594347.642822266,22694.343415349722,26479.175966653973,4,18.00864404812455,26464.96693343669,7854,308228396200.0,78
2,41277521.0894063,41299193.39984131,21672.310435011983,26468.766544267535,4,7.599221661686897,26464.96693343669,7855,308237101090.0,78
1,48188032.47684518,48208888.28088379,20855.804038606584,26455.26293697208,4,-13.503607295453548,26464.96693343669,7856,308244010820.0,78
3,59192509.37035014,59212092.35638428,19582.98603413999,26461.16732260585,4,-7.599221661686897,26464.96693343669,7857,308255014080.0,78
1,13050168.49745997,13041796.506774902,-8371.99068506807,-6855.558526245877,6,44.271387005224824,-6877.723436832428,7891,310210699740.0,80
0,20816906.156902023,20807647.036376953,-9259.120525069535,-6840.191915094852,6,59.63799815624952,-6877.723436832428,7892,310218465630.0,80
2,22546753.799569707,22537278.245361328,-9475.554208379239,-6855.616960413754,6,44.212952837347984,-6877.723436832428,7893,310220195270.0,80
3,57288388.44148759,57274831.68951416,-13556.751973427832,-6899.829913251102,6,-44.212952837347984,-6877.723436832428,7894,310254933000.0,80
3,60842205.03824797,60828223.62915039,-13981.409097582102,-6911.5328464359045,6,-55.91588602215052,-6877.723436832428,7895,310258486410.0,80
3,63596894.84509973,63582589.62988281,-14305.21521691978,-6915.243465743959,6,-59.626505330204964,-6877.723436832428,7896,310261240790.0,80
3,39857991.72559704,39851744.97717285,-6246.748424187303,-1615.241907581687,3,20.935374170541763,-1629.0964784547687,7916,311238439840.0,81
1,44865582.01478502,44858739.528808594,-6842.4859764277935,-1629.0964784547687,3,0.15351786091923714,-1629.0964784547687,7917,311243446860.0,81
3,56855418.465750225,56847168.59680176,-8249.868948467076,-1643.2580850496888,3,-21.088892031461,-1629.0964784547687,7918,311255435350.0,81
2,48966060.22245723,48933134.88104248,-32925.34141474962,-27235.47553856671,1,,-27235.47553856671,7964,313249264570.0,83
3,892464.4030845386,863654.3018188477,-28810.101265690988,-28706.396725653438,2,19.05106868222356,-28715.92225999455,7985,314202051900.0,84
1,1753379.1176132122,1724449.9268188477,-28929.19079436455,-28725.44779433566,2,-19.05106868222356,-28715.92225999455,7986,314202912700.0,84
0,11119990.46660366,11084545.234191895,-35445.23241176456,-34153.087321635336,2,-8.81362683698535,-34148.68050821684,8017,315213173930.0,85
1,52778690.69368112,52738413.5256958,-40277.16798532009,-34144.27369479835,2,8.81362683698535,-34148.68050821684,8018,315254828010.0,85
0,19117173.894140657,19089759.632141113,-27414.261999543756,-25192.842614460737,2,4.791063863784075,-25195.23814639263,8051,316222040080.0,86
1,37016307.60518895,36986808.66925049,-29498.935938462615,-25197.63367832452,2,-4.791063863784075,-25195.23814639263,8052,316239937220.0,86
1,57529303.01839085,57539381.97998047,10078.961589619517,16763.87797124684,2,-8.909282565116882,16768.332612529397,8080,318262290280.0,88
2,67234152.49465038,67243112.66009521,8960.16544483602,16772.787253811955,2,8.909282565116882,16768.332612529397,8081,318271994060.0,88
0,37091673.93563911,37068380.576660156,-23293.358978956938,-18983.299136318266,1,,-18983.299136318266,8115,319242785030.0,89
3,52485207.762437776,52500891.178100586,15683.415662810206,21782.20717871189,2,12.738092333078384,21775.838132545352,8144,320259087730.0,90
3,61924929.42564106,61939503.20568848,14573.780047416687,21769.469086378813,2,-12.738092333078384,21775.838132545352,8145,320268526390.0,90
1,43471270.18616309,43383168.1048584,-88102.08130469173,-83050.71111679077,1,,-83050.71111679077,8166,321250929160.0,91
1,61117089.648126975,61115130.15356445,-1959.4945625215769,5142.323334619403,2,-32.13128638267517,5158.3889778107405,8218,323270382490.0,93
0,73874755.12580115,73871345.3192749,-3409.8065262436867,5174.454621002078,2,32.13128638267517,5158.3889778107405,8219,323283138770.0,93
2,35481525.087648876,35458325.43273926,-23199.6549096182,-19076.69468136877,2,47.138539366424084,-19100.26395105198,8238,324245627410.0,94
2,79449157.8316648,79420801.99060059,-28355.841064214706,-19123.833220735192,2,-47.138539366424084,-19100.26395105198,8239,324289590110.0,94
0,38940563.46931358,38921912.62756348,-18650.841750100255,-14125.940578214824,2,2.109693832695484,-14126.995425131172,8263,325250008230.0,95
0,41555906.191271976,41536949.33648682,-18956.85478515923,-14128.05027204752,2,-2.109693832695484,-14126.995425131172,8264,325252623280.0,95
1,14115083.27797871,14084839.871826172,-30243.406152538955,-28603.230685736984,2,-10.53450507298112,-28597.963433200493,8289,326226047030.0,96
3,58480302.52776776,58444914.40887451,-35388.11889325082,-28592.696180664003,2,10.53450507298112,-28597.963433200493,8290,326270407330.0,96
1,19006806.055912443,18963805.86767578,-43000.188236661255,-40791.59361619502,5,-30.589153103530407,-40770.82316893339,8315,327231844260.0,97
1,20933752.16184572,20890526.075012207,-43226.08683351427,-40793.58069467172,5,-32.57623158022761,-40770.82316893339,8316,327233770990.0,97
0,57586702.32762535,57539259.80541992,-47442.52220542729,-40750.93601272255,5,30.272379841655493,-40770.82316893339,8317,327270419910.0,97
2,62115535.45076579,62067546.7901001,-47988.6606656909,-40770.82316893339,5,0.5665177889168262,-40770.82316893339,8318,327274948220.0,97
0,79973230.1285639,79923186.03765869,-50044.090905204415,-40751.185757249594,5,30.02263531461358,-40770.82316893339,8319,327292803950.0,97
1,44406728.42258535,44401241.68475342,-5486.7378319352865,-326.6672120690346,1,,-326.6672120690346,8331,328258138880.0,98
0,22785871.16438444,22799430.170715332,13559.006330892444,16206.7290639095,1,,16206.7290639095,8361,329237474910.0,99
2,27008292.14802602,26926031.98010254,-82260.16792348027,-79121.7990375869,2,-5.216600310057402,-79119.19073743187,8388,330242521820.0,100
2,50644183.309646025,50559181.863098145,-85001.44654788077,-79116.58243727684,2,5.216600310057402,-79119.19073743187,8389,330266155090.0,100
2,2864191.308224668,2838063.6616210938,-26127.646603574045,-25794.82700743992,3,-30.085964345373213,-25775.490616992116,8418,331219261600.0,101
2,32147265.854905456,32117754.84564209,-29511.00926336646,-25775.490616992116,3,-1.0813786736689508,-25775.490616992116,8419,331248541440.0,101
3,57726716.69879994,57694254.85144043,-32461.847359508276,-25753.991469196975,3,31.167343019042164,-25775.490616992116,8420,331274118070.0,101
1,2632256.503852914,2599550.0239257812,-32706.479927132837,-32400.611201109365,7,41.412890741601586,-32435.541459158063,8440,332219871180.0,102
1,24868197.024420667,24832877.02154541,-35320.00287525728,-32430.313465721905,7,11.710626129060984,-32435.541459158063,8441,332242104620.0,102
1,34660100.311365455,34623637.259399414,-36463.05196604133,-32435.541459158063,7,5.3016345128417015,-32435.541459158063,8442,332251895430.0,102
1,48026748.55490467,47988719.33050537,-38029.22439929843,-32448.50672454387,7,-14.14626356586814,-32435.541459158063,8443,332265260580.0,102
1,53408167.72481396,53369511.98223877,-38655.74257519096,-32449.702929235995,7,-15.34246825799346,-32435.541459158063,8444,332270641400.0,102
3,57545700.95661035,57506580.955322266,-39120.001288086176,-32433.17946279794,7,8.844629053026438,-32435.541459158063,8445,332274778490.0,102
2,76665330.50673759,76623953.79003906,-41376.716698527336,-32468.19014044106,7,-33.82967946305871,-32435.541459158063,8446,332293895960.0,102
1,50932938.00561468,50892153.494628906,-40784.51098577678,-34866.093522429466,1,,-34866.093522429466,8475,333269057180.0,103
0,8143627.393461464,8091914.89251709,-51712.50094437413,-50766.20983163454,2,36.06995375268161,-50784.24480851088,8519,335228038930.0,105
1,25372637.920653917,25318887.33532715,-53750.58532676846,-50802.27978538722,2,-36.06995375268161,-50784.24480851088,8520,335245265990.0,105
3,2752015.885137516,2743251.232727051,-8764.652410465293,-8444.86762066558,2,-21.209931079298258,-8434.26265512593,8546,336223537310.0,106
3,74948527.02313066,74931394.33178711,-17132.691343545914,-8423.657689586282,2,21.209931079298258,-8434.26265512593,8547,336295725820.0,106
2,30140843.507394306,30093542.90600586,-47300.60138844699,-43798.22941543162,2,-10.405939921736717,-43793.02644547075,8579,337251827740.0,107
3,49345757.11727379,49296235.30706787,-49521.81020592153,-43787.82347550988,2,10.405939921736717,-43793.02644547075,8580,337271030530.0,107
2,9564513.537426734,9618418.045410156,53904.50798342191,55015.906346933916,3,-43.18256070651114,55044.28865312785,8597,338232215710.0,108
3,35198533.56176862,35249487.773864746,50954.21209612489,55044.28865312785,3,-0.6091014156118035,55044.28865312785,8598,338257846910.0,108
3,76218742.05378802,76264959.3100586,46217.25627057254,55073.889162153006,3,43.79166212212294,55044.28865312785,8599,338298862590.0,108
3,62674442.44126103,62607029.013427734,-67413.42783329636,-60130.645233772695,1,,-60130.645233772695,8621,339286222670.0,109
2,61684805.5326981,61651719.10998535,-33086.42271275073,-25918.636117607355,1,,-25918.636117607355,8647,340286097530.0,110
1,28059222.81384209,28027111.017456055,-32111.796386037022,-28851.309149052948,2,-0.6417466104030609,-28850.988275747746,8677,341253348750.0,111
3,30110310.08525784,30077960.59387207,-32349.4913857691,-28850.667402442545,2,0.6417466104030609,-28850.988275747746,8678,341255399610.0,111
0,1232946.7515044734,1185766.2451171875,-47180.50638728589,-47037.23773106444,1,,-47037.23773106444,8756,344229178530.0,114
2,16396948.15105876,16374900.235717773,-22047.915340986103,-20142.586724912748,1,,-20142.586724912748,8783,345245207900.0,115
0,65945460.93202245,65967651.01251221,22190.080489754677,29852.956084430218,1,,29852.956084430218,8804,346295710950.0,116
2,21115030.348638654,21102693.749206543,-12336.599432110786,-9883.028732132167,1,,-9883.028732132167,8833,347251780900.0,117
0,5628816.39677631,5584031.570861816,-44784.82591449376,-44130.75633663125,1,,-44130.75633663125,8857,348237150190.0,118
0,31281127.56179504,31251182.332336426,-29945.229458615184,-26310.356253098696,3,-8.661829598248005,-26303.957075588405,8875,349263652510.0,119
2,57860644.6312775,57827617.255859375,-33027.37541812658,-26303.957075588405,3,0.936936667189002,-26303.957075588405,8876,349290229080.0,119
1,75892343.75631797,75857225.61920166,-35118.13711631298,-26299.43177141249,3,7.724892931059003,-26303.957075588405,8877,349308258780.0,119
1,2008541.0447795675,1969898.0422973633,-38643.00248220423,-38409.60961580486,3,-42.918805327499285,-38374.396054465324,8896,350235271140.0,120
0,10455764.471478064,10416175.11352539,-39589.35795267299,-38374.396054465324,3,9.901536681805737,-38374.396054465324,8897,350243717460.0,120
0,35064023.48689681,35021590.054870605,-42433.43202620745,-38358.9855664894,3,33.01726864569355,-38374.396054465324,8898,350268323000.0,120
0,18143288.563381575,18146815.023620605,3526.460239030421,5634.7139561884105,3,26.015040274709463,5611.240268230438,8958,353254041320.0,123
2,37883485.532828346,37884694.704589844,1209.1717614978552,5611.240268230438,3,-9.195491662248969,5611.240268230438,8959,353273779300.0,123
3,48466916.62758905,48466890.91986084,-25.70772820711136,5606.157563596964,3,-16.819548612460494,5611.240268230438,8960,353284361550.0,123
1,11267731.82445097,11268752.628356934,1020.8039059638977,2330.1165710762143,3,41.42227787524462,2295.7956713438034,8997,354248110390.0,124
1,65358280.793991774,65352967.741760254,-5313.052231520414,2281.592915058136,3,-31.363206151872873,2295.7956713438034,8998,354302194880.0,124
3,65616085.23792113,65610756.431518555,-5328.80640257895,2295.7956713438034,3,-10.059071723371744,2295.7956713438034,8999,354302452670.0,124
3,36141782.02978012,36166193.01690674,24410.987126618624,28610.669342041016,4,-18.427137538790703,28627.829567145556,9026,355273899060.0,125
0,41325592.1521731,41349416.67285156,23824.520678460598,28626.562654711306,4,-2.5338248685002327,28627.829567145556,9027,355279082310.0,125
3,72779947.134752,72800126.8225708,20179.687818795443,28636.732061088085,4,10.16940637677908,28627.829567145556,9028,355310533180.0,125
2,75638852.44682623,75658692.29370117,19839.846874937415,28629.096479579806,4,2.5338248685002327,28627.829567145556,9029,355313391760.0,125
3,3992022.2312514903,3930777.4408569336,-61244.79039455671,-60780.916622246616,4,-7.063248331658542,-60774.50973028131,9050,356242622680.0,126
2,19887442.751570776,19824356.660705566,-63086.0908652097,-60775.16608664766,4,-1.3127127327024937,-60774.50973028131,9051,356258516340.0,126
3,35496535.893554136,35431637.33569336,-64898.55786077678,-60773.85337391496,4,1.3127127327024937,-60774.50973028131,9052,356274123700.0,126
0,52710174.358462445,52643299.85626221,-66874.5022002384,-60749.56952141225,4,25.59656523540616,-60774.50973028131,9053,356291335450.0,126
2,3317332.2400598014,3295393.973815918,-21938.26624388341,-21552.79158190498,4,10.924531960394233,-21558.25384788518,9078,357242805180.0,127
1,14523811.057991002,14500557.022827148,-23254.035163853317,-21566.365448227152,4,-13.573866322170943,-21558.25384788518,9079,357254010400.0,127
3,30830259.205819726,30805124.153808594,-25135.05201113224,-21552.569797694683,4,11.146316170692444,-21558.25384788518,9080,357270315050.0,127
0,76331986.42324573,76301552.91522217,-30433.508023560047,-21563.716113865376,4,-10.924531960394233,-21558.25384788518,9081,357315811710.0,127
2,4094402.727112634,4083740.851623535,-10661.875489098951,-10186.105082933791,2,46.18323142360896,-10209.196698645595,9109,358244493850.0,128
3,46341673.35220021,46326056.152282715,-15617.19991749525,-10232.2883143574,2,-46.18323142360896,-10209.196698645595,9110,358286736380.0,128
0,29388880.776900586,29389325.21258545,444.43568486347795,3859.4294399656355,3,-1.3042655028402805,3860.1231395453215,9134,359270681450.0,129
0,31739951.330004893,31740123.264526367,171.9345214739442,3860.1231395453215,3,-0.2637161333113909,3860.1231395453215,9135,359273032260.0,129
3,55372876.157480426,55370303.162597656,-2572.9948827698827,3861.34427139163,3,1.5679816361516714,3860.1231395453215,9136,359296662560.0,129
3,12101197.919335745,12071873.932128906,-29323.987206839025,-27917.825616763905,4,-56.90564832277596,-27881.93146377243,9165,360254300070.0,130
2,29277501.63695322,29246196.64251709,-31304.994436129928,-27902.942959103733,4,-42.02299066260457,-27881.93146377243,9166,360271474480.0,130
0,43554855.932433724,43521934.08514404,-32921.847289681435,-27860.76442154497,4,42.17853755876422,-27881.93146377243,9167,360285750290.0,130
2,71735857.51078518,71699660.86999512,-36196.64079006016,-27860.91996844113,4,42.02299066260457,-27881.93146377243,9168,360313928160.0,130
3,16432967.091996687,16510762.444458008,77795.35246132128,79704.86648545228,5,-21.81951423175633,79713.9658164829,9185,361259602180.0,131
1,25206804.212139577,25283577.856018066,76773.64387848973,79702.679510165,5,-24.006489519029856,79713.9658164829,9186,361268375040.0,131
3,31711665.734471712,31787694.798461914,76029.0639902018,79713.9658164829,5,-8.170517685823143,79713.9658164829,9187,361274879190.0,131
3,53558447.869544126,53631963.773498535,73515.90395440906,79739.40618288517,5,29.990031917579472,79713.9658164829,9188,361296723570.0,131
2,75206956.50450993,75277973.75628662,71017.25177669525,79756.31498746574,5,46.89883649814874,79713.9658164829,9189,361318369690.0,131
3,8413020.997278512,8419403.647216797,6382.649938285351,7360.244641035795,5,-15.276875124312937,7374.614922845736,9222,362252569820.0,132
0,10629662.936213486,10635802.382202148,6139.445988662541,7374.614922845736,5,0.9003785252571106,7374.614922845736,9223,362254786230.0,132
2,25616051.811106153,25620446.221801758,4394.41069560498,7371.000979166478,5,-4.52053699363023,7374.614922845736,9224,362269770950.0,132
2,39283365.071507886,39286176.76483154,2811.6933236569166,7376.42810947448,5,3.62015846837312,7374.614922845736,9225,362283436750.0,132
0,65979238.81627119,65978981.09692383,-257.7193473652005,7409.081244140863,5,36.273293134756386,7374.614922845736,9226,362310129690.0,132
0,38113527.025879264,38099311.62713623,-14215.39874303341,-9786.599369339645,2,1.1775624826550484,-9787.188150580972,9246,363283160950.0,133
2,58313142.74885063,58296578.97320557,-16563.775645062327,-9787.7769318223,2,-1.1775624826550484,-9787.188150580972,9247,363303358320.0,133
3,1833209.5741620346,1900838.3978271484,67628.82366511389,67841.84297997248,3,-48.5692872654181,67867.86348928511,9270,364247881300.0,134
3,16186928.513256978,16252915.452453613,65986.93919663504,67867.86348928511,3,-9.538523296476342,67867.86348928511,9271,364262233450.0,134
1,76640130.8679007,76699138.23059082,59007.362690120935,67912.96104519069,3,58.10781056189444,67867.86348928511,9272,364322679980.0,134
1,58073211.93620317,58069643.17626953,-3568.7599336355925,3179.358771748841,1,,3179.358771748841,9295,365305073590.0,135
1,8705967.490109792,8734690.836303711,28723.34619391896,29734.9813370388,4,-30.922547476366162,29765.18147705868,9315,366256633330.0,136
2,47959478.34780896,47983671.35083008,24193.003021121025,29765.903884515166,4,1.4448149129748344,29765.18147705868,9316,366295882510.0,136
1,56329909.90009461,56353128.8125,23218.912405386567,29764.45906960219,4,-1.4448149129748344,29765.18147705868,9318,366304252010.0,136
3,66275908.73531157,66297978.26715088,22069.531839311123,29770.80553404987,4,6.3464644476771355,29765.18147705868,9319,366314196910.0,136
2,7533266.873310849,7556719.424377441,23452.551066592336,24327.91816625092,2,-23.22856564912945,24339.532449075487,9340,367256411480.0,137
0,14714331.591805264,14736972.930297852,22641.33849258721,24351.14673190005,2,23.22856564912945,24339.532449075487,9341,367263591770.0,137
2,985425.6001456801,994995.5839233398,9569.983777659712,9684.490427169832,3,-62.44834220793564,9742.063253454864,9370,368250764890.0,138
0,55504226.30822912,55507528.52044678,3302.212217658758,9751.814285300672,3,38.53744498832384,9742.063253454864,9371,368305277700.0,138
2,62245945.187096745,62248454.25921631,2509.072119563818,9742.063253454864,3,23.910897219611797,9742.063253454864,9372,368312018660.0,138
2,884668.6071127357,884245.0223388672,-423.5847738685552,-320.786106863874,5,-30.68638414691668,-294.80179788917303,9397,369251556250.0,139
2,35814986.66611752,35810527.50720215,-4459.158915370703,-297.45038579404354,5,-7.35066307708621,-294.80179788917303,9398,369286482710.0,139
3,38808166.61438854,38803362.29595947,-4804.318429067731,-294.80179788917303,5,-3.377781219780445,-294.80179788917303,9399,369289475560.0,139
3,45435443.41061808,45429888.61621094,-5554.794407144189,-275.18690233677626,5,20.93918950483203,-294.80179788917303,9400,369296102120.0,139
1,50510307.53129397,50504152.825927734,-6154.705366238952,-285.39764754474163,5,10.728444296866655,-294.80179788917303,9401,369301176410.0,139
3,25793812.62013347,25756335.33154297,-37477.288590501994,-34480.04246579483,3,-39.08397393301129,-34445.574182629585,9421,370277360530.0,140
3,67481851.22106695,67439573.47381592,-42277.74725103378,-34436.342801094055,3,26.465523118153214,-34445.574182629585,9422,370319043980.0,140
1,74483548.46865511,74440447.89141846,-43100.577236652374,-34445.574182629585,3,12.618450814858079,-34445.574182629585,9423,370326044890.0,140
3,23044221.97529122,23000100.302978516,-44121.67231270298,-41443.929164394736,3,-26.88222162052989,-41418.92958790809,9451,371275489240.0,141
3,61594690.63519501,61546114.39038086,-48576.244814150035,-41418.92958790809,3,10.617143109440804,-41418.92958790809,9452,371314035450.0,141
1,79832603.43434545,79781911.70574951,-50691.72859594226,-41415.164297640324,3,16.265078511089087,-41418.92958790809,9453,371332271340.0,141
1,49763417.27998952,49792647.39916992,29230.11918040365,35012.63810427487,1,,35012.63810427487,9470,372303106210.0,142
0,57243976.25348771,57261281.99475098,17305.741263262928,23957.502618417144,1,,23957.502618417144,9493,373311539970.0,143
3,36848960.46399918,36842388.428100586,-6572.035898596048,-2290.179409340024,2,-21.60119816660881,-2279.3788102567196,9518,374292066860.0,144
1,79069130.29299048,79057673.86621094,-11456.426779538393,-2268.578211173415,2,21.60119816660881,-2279.3788102567196,9519,374334282360.0,144
3,243134.65759191095,229467.48748779297,-13667.170104117977,-13638.917808849277,4,-50.62678560233326,-13599.932162821293,9542,375256336920.0,145
1,43813288.751056544,43794586.064941406,-18702.686115138233,-13611.573302395642,4,-23.282279148697853,-13599.932162821293,9543,375299902260.0,145
3,52286707.01982641,52267043.00311279,-19664.016713619232,-13588.291023246944,4,23.282279148697853,-13599.932162821293,9544,375308374760.0,145
3,76637615.24080959,76615139.25231934,-22475.988490253687,-13570.682451546192,4,40.890850849449635,-13599.932162821293,9545,375332722980.0,145
3,22109987.387554847,22111377.13635254,1389.7487976923585,3958.9337022528052,2,-18.1790491938591,3968.023226849735,9567,376279123100.0,146
2,44242498.53368566,44241334.65936279,-1163.8743228688836,3977.1127514466643,2,18.1790491938591,3968.023226849735,9568,376301253170.0,146
0,2776767.1179051823,2820396.192199707,43629.07429452473,43951.73518246412,4,6.274475656449795,43948.5979446359,9591,377260708020.0,147
1,18471269.394501314,18513066.433166504,41797.03866519034,43943.403819750994,4,-8.331362713128328,43948.5979446359,9592,377276400770.0,147
2,19278797.068668805,19320502.329345703,41705.26067689806,43945.46070680767,4,-6.274475656449795,43948.5979446359,9593,377277208210.0,147
0,67757659.40830469,67793795.96069336,36136.55238866806,44010.00580447912,4,64.54509767144918,43948.5979446359,9594,377325681750.0,147
0,48715645.03442262,48751969.302612305,36324.26818968356,41985.035771518946,2,26.095788553357124,41971.98787724227,9623,378307603890.0,148
0,63072536.44258782,63107166.34136963,34629.89878180623,41958.93998296559,2,-26.095788553357124,41971.98787724227,9624,378321959160.0,148
2,34045331.353305504,34026719.177612305,-18612.17569319904,-14656.101460754871,3,1.7985405176877975,-14656.101460754871,9642,379293749700.0,149
2,37845159.74364994,37826109.86694336,-19049.876706577837,-14652.261664122343,3,7.558235466480255,-14656.101460754871,9643,379297549110.0,149
2,74635789.12973657,74612452.89794922,-23336.231787353754,-14663.538338422775,3,-9.356775984168053,-14656.101460754871,9644,379334335640.0,149
1,17376789.058233313,17399648.601623535,22859.543390221894,24878.729713380337,2,6.697187043726444,24875.381119858474,9670,380278016720.0,150
0,55612274.41460858,55630684.28985596,18409.875247374177,24872.03252633661,2,-6.697187043726444,24875.381119858474,9671,380316247950.0,150
3,26741627.814935997,26740105.861816406,-1521.9531195908785,1585.4293180927634,2,-5.8504645228385925,1588.3545503541827,9697,381288287240.0,151
2,32790624.11813175,32788405.120910645,-2218.9972211048007,1591.279782615602,2,5.8504645228385925,1588.3545503541827,9698,381294335570.0,151
3,50881875.19409379,50878780.25,-3094.9440937936306,2817.5398607626557,1,,2817.5398607626557,9718,382313288980.0,152
1,57054705.84053557,57066689.61907959,11983.778544016182,18613.54663977027,2,-32.097564205527306,18629.595421873033,9737,383320390040.0,153
3,77330816.78822446,77340476.57623291,9659.788008451462,18645.644203975797,2,32.097564205527306,18629.595421873033,9738,383340663930.0,153
1,6766991.673898471,6765960.165649414,-1031.5082490565255,-245.1824790276587,2,-33.28492272272706,-228.54001766629517,9762,384270988350.0,154
2,79550685.98356971,79541230.28057861,-9455.702991098166,-211.89755630493164,2,33.28492272272706,-228.54001766629517,9763,384343763990.0,154
0,16419916.277212873,16403386.00756836,-16530.269644513726,-14622.272127641365,4,16.31247573159635,-14632.258429357782,9795,385281537920.0,155
1,20809440.345879942,20792383.700195312,-17056.64568462968,-14638.584603372961,4,-12.652348030358553,-14632.258429357782,9796,385285926940.0,155
0,66025692.04295242,66003393.912231445,-22298.130720973015,-14625.932255342603,4,12.652348030358553,-14632.258429357782,9797,385331138180.0,155
3,66291785.35929962,66269442.560058594,-22342.799241028726,-14639.680679447949,4,-13.748424105346203,-14632.258429357782,9798,385331404230.0,155
0,2400100.3648812203,2429040.1479492188,28939.783067998476,29218.675204786938,4,9.664838473778218,29210.64182557352,9817,386268418510.0,156
3,32524324.11704021,32549757.057434082,25432.94039387256,29212.27328483388,4,3.262918520718813,29210.64182557352,9818,386298539380.0,156
1,52300854.912961945,52323986.5536499,23131.640687957406,29209.01036631316,4,-3.262918520718813,29210.64182557352,9819,386318313710.0,156
1,56279567.44556364,56302236.33392334,22668.888359703124,29208.585220754147,4,-3.688064079731703,29210.64182557352,9820,386322291980.0,156
0,33830996.9275726,33887556.909729004,56559.98215640336,60491.150686219335,1,,60491.150686219335,9847,387300823330.0,157
3,19682915.344596643,19644166.051940918,-38749.29265572503,-36462.13400227949,2,-17.613294269889593,-36453.327355144545,9873,388287506810.0,158
3,44617548.423370436,44575919.3347168,-41629.08865363896,-36444.5207080096,2,17.613294269889593,-36453.327355144545,9874,388312438690.0,158
3,82534.59519996391,85698.57403564453,3163.978835680624,3173.5693719561386,3,-40.23628907770035,3201.1506214141846,9893,389268803250.0,159
1,42657087.82253551,42655332.211120605,-1755.6114149019122,3201.1506214141846,3,1.1355851093685487,3201.1506214141846,9894,389311373100.0,159
2,66265085.7910836,66260612.23571777,-4473.555365823209,3226.4607006534934,3,39.1007039683318,3201.1506214141846,9895,389334978500.0,159
3,217803.651808727,215730.93048095703,-2072.7213277699775,-2047.4125003800727,3,-37.77461835043505,-2013.7098872102797,9924,390269807490.0,160
0,33145818.851592585,33139953.591003418,-5865.260589167476,-2013.7098872102797,3,12.779301404254511,-2013.7098872102797,9925,390302731880.0,160
0,37749342.24282962,37742950.19592285,-6392.046906769276,-2005.5658768489957,3,24.995316946180537,-2013.7098872102797,9926,390307334900.0,160
1,9230873.677217716,9218154.096130371,-12719.581087345257,-11646.951741535217,2,-25.04881649836898,-11634.427333286032,9959,391279703110.0,161
0,46545424.954921186,46528394.464416504,-17030.490504682064,-11621.902925036848,2,25.04881649836898,-11634.427333286032,9960,391317013540.0,161
3,6734450.685660044,6732211.861633301,-2238.82402674295,-1456.2795259784907,4,-42.528684547171,-1434.787562288344,9982,392278069090.0,162
1,17089050.815172713,17085609.23980713,-3441.5753655843437,-1455.824283145368,4,-42.073441714048386,-1434.787562288344,9983,392288422540.0,162
0,48199745.70662263,48192731.13580322,-7014.5708194077015,-1413.7508414313197,4,42.073441714048386,-1434.787562288344,9984,392319529820.0,162
1,72776131.96109459,72766266.23919678,-9865.721897810698,-1409.1209794431925,4,46.70330370217562,-1434.787562288344,9985,392344103480.0,162
2,17976898.31700904,17993715.46331787,16817.14630883187,18906.065446473658,1,,18906.065446473658,10015,393290239930.0,163
2,13704730.842678316,13732544.006958008,27813.164279691875,29405.656712405384,3,-17.062470835633576,29405.656712405384,10035,394286878800.0,164
1,16354796.062303161,16382300.539367676,27504.477064514533,29404.907599544153,3,-18.18614012748003,29405.656712405384,10036,394289528570.0,164
0,32107740.878223628,32133450.483154297,25709.60493066907,29440.53076693788,3,35.248610963113606,29405.656712405384,10037,394305279800.0,164
1,64140765.4665035,64152124.44989014,11358.98338663578,18812.153011515737,2,-6.220904007554054,18815.263463519514,10063,395338234540.0,165
3,66637646.694543764,66648721.76074219,11075.066198423505,18818.37391552329,2,6.220904007554054,18815.263463519514,10064,395340731150.0,165
0,16530986.827250462,16536481.446899414,5494.619648952037,7415.523585692048,3,-5.431138830259442,7415.523585692048,10086,396291498750.0,166
1,26502179.232037023,26506500.773620605,4321.541583582759,7401.100048605353,3,-27.06644446030259,7415.523585692048,10087,396301468820.0,166
1,71321839.80351937,71320993.0010376,-846.8024817705154,7440.809400439262,3,32.497583290562034,7415.523585692048,10088,396346283540.0,166
2,10306605.399249181,10297411.961303711,-9193.437945470214,-7995.80836093612,2,1.4905333537608385,-7996.553627613001,10108,397286175840.0,167
3,20710352.93572058,20699949.08972168,-10403.845998901874,-7997.298894289881,2,-1.4905333537608385,-7996.553627613001,10109,397296578430.0,167
1,51757084.54152464,51822398.07348633,65313.53196168691,71327.71541540325,2,-15.896819040179253,71335.66382492334,10139,398328546060.0,168
1,74543510.63181126,74606192.27337646,62681.64156520367,71343.61223444343,2,15.896819040179253,71335.66382492334,10140,398351329970.0,168
1,40568859.80796888,40600593.56817627,31733.760207392275,36447.86973567307,4,-19.55703690648079,36460.19788746536,10159,399318308230.0,169
1,42056199.979269296,42087766.009521484,31566.030252188444,36452.969002351165,4,-14.457770228385925,36460.19788746536,10160,399319795410.0,169
2,57849020.39156343,57878765.75073242,29745.359168991446,36467.42677257955,4,14.457770228385925,36460.19788746536,10161,399335586490.0,169
3,69609199.10939324,69637585.98577881,28386.876385569572,36475.47908061743,4,22.510078266263008,36460.19788746536,10162,399347345370.0,169
3,53607582.120143875,53614712.35845947,7130.238315597177,13359.449953705072,1,,13359.449953705072,10189,400332212750.0,170
3,9404697.78609528,9417619.873718262,12922.087622981519,14014.915364600718,3,-27.57217696122825,14041.843265071511,10207,401288916520.0,171
0,31949756.02487091,31960085.3001709,10329.275299988687,14041.843265071511,3,12.81967374496162,14041.843265071511,10208,401311459100.0,171
0,32782807.303520657,32793041.06665039,10233.763129733503,14043.131818052381,3,14.752503216266632,14041.843265071511,10209,401312292060.0,171
0,57387705.92117773,57404492.89007568,16786.96889795363,23455.431668899953,1,,23455.431668899953,10284,404339553650.0,174
3,8127634.417859968,8106173.147033691,-21461.27082627639,-20516.83810046222,3,-45.745981025509536,-20496.28770302981,10333,406292070310.0,176
1,47967800.835878,47941730.68023682,-26070.155641183257,-20496.28770302981,3,-14.920384876895696,-20496.28770302981,10334,406331906070.0,176
0,79821439.96423486,79791718.80059814,-29721.16363671422,-20445.89653584361,3,60.66636590240523,-20496.28770302981,10335,406363756220.0,176
3,61874888.27876225,61879623.000427246,4734.721664994955,11924.59591279924,2,5.267186775803566,11921.962319411337,10355,407346690080.0,177
2,79657409.50813037,79660072.63012695,2663.1219965815544,11919.328726023436,2,-5.267186775803566,11921.962319411337,10356,407364470620.0,177
3,1686496.261950075,1705227.9244384766,18731.662488401635,18927.633687382797,3,-19.800939947133884,18943.05342112109,10377,408287376530.0,178
2,29588441.256681547,29603946.12738037,15504.870698824525,18943.05342112109,3,3.328660660306923,18943.05342112109,10378,408315275390.0,178
3,39433236.43034728,39447606.09631348,14369.665966197848,18951.81583353877,3,16.47227928682696,18943.05342112109,10379,408325119100.0,178
3,8434707.476880733,8464066.47241211,29358.99553137645,30339.110207343474,4,-29.11868410371244,30359.60130323656,10401,409295032650.0,179
3,19891998.72711186,19920038.246643066,28039.519531205297,30350.97371502593,4,-17.255176421254873,30359.60130323656,10402,409306488680.0,179
2,48720694.8653499,48745401.739868164,24706.87451826036,30368.228891447186,4,17.255176421254873,30359.60130323656,10403,409335314190.0,179
0,58492563.7784522,58516152.07940674,23588.300954535604,30385.148426875472,4,34.17471184954047,30359.60130323656,10404,409345084990.0,179
3,13298040.743011028,13301508.934326172,3468.1913151443005,5013.426277892664,3,-40.78897641785443,5049.22314786911,10429,410300738180.0,180
1,54073915.88872452,54072681.7121582,-1234.1765663176775,5049.22314786911,3,12.90632854681462,5049.22314786911,10430,410341509560.0,180
3,58920644.46434866,58918857.08117676,-1787.3831719011068,5059.207360751927,3,27.882647871039808,5049.22314786911,10431,410346355760.0,180
1,36384189.25761788,36376740.554504395,-7448.703113488853,-3220.853130273521,1,,-3220.853130273521,10465,411324710520.0,181
3,8673490.677621024,8684638.486572266,11147.808951241896,12155.670282330364,1,,12155.670282330364,10498,412297859460.0,182
3,35712157.98940445,35738099.88708496,25941.89768051356,30091.657497532666,2,-38.63854701817036,30110.97677104175,10533,413325810050.0,183
0,59374938.71680978,59398169.633239746,23230.916429966688,30130.296044550836,2,38.63854701817036,30110.97677104175,10534,413349470240.0,183
1,38867192.56582819,38896202.8024292,29010.236601009965,33526.61205941439,2,-18.601701073348522,33535.91290995106,10557,414329852360.0,184
2,56212951.39391352,56239964.65161133,27013.257697805762,33545.213760487735,2,18.601701073348522,33535.91290995106,10558,414347196210.0,184
1,36952186.03493364,37008391.09069824,56205.055764600635,60498.907085604966,3,-61.57974759861827,60520.52436440438,10580,415328902490.0,185
2,40750716.5035079,40806501.78656006,55785.283052161336,60520.52436440438,3,-29.153829399496317,60520.52436440438,10581,415332700620.0,185
3,73050135.63219349,73102247.64129639,52112.009102895856,60600.44930200279,3,90.73357699811459,60520.52436440438,10582,415364996530.0,185
1,53988846.76900798,54071795.27545166,82948.50644367933,89222.02110934258,1,,89222.02110934258,10607,416346861180.0,186
2,41747703.5007281,41772317.672058105,24614.17133000493,29465.262728385627,3,-22.16964015364647,29481.01483529806,10645,418336339750.0,188
0,43234873.00014964,43259330.11419678,24457.114047139883,29481.01483529806,3,1.4585202150046825,29481.01483529806,10646,418337826770.0,188
0,49077999.44288961,49101790.419555664,23790.97666605562,29493.849901780486,3,20.711119938641787,29481.01483529806,10647,418343669260.0,188
3,52390120.23052029,52415890.435302734,25770.20478244126,31857.947108335793,3,-13.088985286653042,31868.855686992407,10672,419347888560.0,189
0,56812870.77004911,56838137.95892334,25267.18887422979,31868.855686992407,3,3.2738826982676983,31868.855686992407,10673,419352310830.0,189
3,77494234.48561451,77517102.85675049,22868.37113597989,31873.216500252485,3,9.815102588385344,31868.855686992407,10674,419372989900.0,189
2,1935833.0470861094,1961201.8879394531,25368.840853343718,25593.785036040004,1,,25593.785036040004,10693,420298308590.0,190
1,8478691.094719196,8507783.556396484,29092.461677288637,30077.68725834228,4,-42.274366399273276,30115.25972659886,10715,421305744260.0,191
1,36207579.40878832,36233482.63873291,25903.229944586754,30110.557828456163,4,-9.403796285390854,30115.25972659886,10716,421333470100.0,191
1,54815307.662606105,54839058.074645996,23750.412039890885,30119.961624741554,4,9.403796285390854,30115.25972659886,10717,421352075770.0,191
1,69625407.42667289,69647452.80999756,22045.38332466781,30135.8694293797,4,25.311600923538208,30115.25972659886,10718,421366884240.0,191
0,15693111.427661255,15772625.74206543,79514.31440417469,81337.85705387406,4,-0.19393919222056866,81337.95402347017,10737,422313865170.0,192
3,26085956.068161365,26164262.92590332,78306.85774195567,81338.05099306628,4,0.19393919222056866,81337.95402347017,10738,422324256860.0,192
1,35883285.08597705,35960453.1361084,77168.05013135076,81337.69495081156,4,-0.3560422547161579,81337.95402347017,10739,422334053100.0,192
0,41296083.95783083,41372645.6282959,76561.67046506703,81360.28358329833,4,22.426529424265027,81337.95402347017,10740,422339465320.0,192
3,74414401.0695149,74390232.40478516,-24168.664729744196,-15521.696617171168,1,,-15521.696617171168,10767,423373441250.0,193
2,61825890.43005549,61850049.50970459,24159.079649098217,31343.26033719629,2,-6.878607429563999,31346.699640911072,10791,424361706090.0,194
1,74367437.14581548,74390145.77386475,22708.62804926932,31350.138944625854,2,6.878607429563999,31346.699640911072,10792,424374246250.0,194
3,5082295.638636429,5103412.870056152,21117.23141972348,21707.79517746903,1,,21707.79517746903,10814,425305848220.0,195
1,122518.55500579992,141562.11456298828,19043.55955718836,19057.79623749631,5,-39.03952921403106,19087.913838088512,10862,427302636550.0,197
3,16306309.675054973,16323499.868774414,17190.19371944107,19084.990126688033,5,-11.845640022307634,19087.913838088512,10863,427318818570.0,197
3,29787774.787803166,29803401.356323242,15626.568520076573,19087.913838088512,5,-7.460072921589017,19087.913838088512,10864,427332298540.0,197
1,48415586.83318873,48429066.69012451,13479.85693578422,19105.75769533217,5,19.30571294389665,19087.913838088512,10865,427350924300.0,197
0,69175696.9100534,69186801.18762207,11104.277568668127,19142.50722245872,5,56.055240070447326,19087.913838088512,10866,427371682140.0,197
0,55664404.75519192,55744242.69024658,79837.93505465984,86306.14988949895,2,-30.54462243616581,86321.42220071703,10894,428359081720.0,198
0,78154593.2801826,78231848.39550781,77255.11532521248,86336.69451193511,2,30.54462243616581,86321.42220071703,10895,428381569440.0,198
2,5900800.462385995,5961266.216247559,60465.75386156328,61151.428041609004,2,-24.79145128838718,61163.8237672532,10911,429310274330.0,199
1,36032153.81325757,36089143.08935547,56989.276097901165,61176.21949289739,2,24.79145128838718,61163.8237672532,10912,429340402360.0,199
3,2814932.287457375,2889930.7670898438,74998.4796324689,75325.57532065362,2,-46.53745052218437,75348.84404591471,10932,430308092290.0,200
2,43755755.02121479,43826042.706604004,70287.68538921326,75372.1127711758,2,46.53745052218437,75348.84404591471,10933,430349028610.0,200
1,20128520.904266104,20154554.82672119,26033.922455087304,28372.8605626449,2,-12.993555538356304,28379.357340414077,10974,432327149960.0,202
0,31108477.9839667,31133249.026794434,24771.04282773286,28385.854118183255,2,12.993555538356304,28379.357340414077,10975,432338128710.0,202
3,5332644.496088259,5374213.1287231445,41568.63263488561,42188.28697934933,2,9.864537270739675,42183.35471071396,11001,433313211750.0,203
2,78638059.928194,78671100.5925293,33040.66433529556,42178.42244207859,2,-9.864537270739675,42183.35471071396,11002,433386509010.0,203
3,7665267.594769275,7700508.191101074,35240.5963317994,36131.30194138177,3,-1.5968914981931448,36131.30194138177,11030,434316438120.0,204
2,24033436.52381654,24066775.008483887,33338.48466734588,36131.17474171519,3,-1.7876909980550408,36131.30194138177,11031,434332804470.0,204
3,62280993.076157466,62309890.63537598,28897.559218510985,36134.62292404473,3,3.3845824962481856,36131.30194138177,11032,434371047780.0,204
2,47589499.88936843,47613978.44317627,24478.55380783975,30008.463101238012,1,,30008.463101238012,11056,435357206800.0,205
2,52136881.794099495,52165070.20178223,28188.407682731748,34246.723652265966,1,,34246.723652265966,11084,436362657210.0,206
2,59961543.78514805,60014331.406677246,52787.62152919918,59755.16476866603,1,,59755.16476866603,11108,437371364590.0,207
1,14320628.395208117,14395876.217773438,75247.82256532088,76911.88241537288,1,,76911.88241537288,11130,438326632910.0,208
1,24467016.94455251,24550715.288024902,83698.34347239137,86541.41567735001,1,,86541.41567735001,11150,439337727800.0,209
0,6168882.573625565,6203077.650817871,34195.07719230652,34911.90256666578,4,-7.15184292756021,34915.47848812956,11180,440320236100.0,210
3,14242336.36094093,14275586.621765137,33250.26082420722,34905.223124401644,4,-13.831285191699862,34915.47848812956,11181,440328308650.0,210
3,48458241.83416171,48487532.73730469,29290.90314297378,34921.760422065854,4,9.857855400070548,34915.47848812956,11182,440362520770.0,210
1,73588516.97168648,73614885.0258789,26368.05419242382,34919.054409593344,4,7.15184292756021,34915.47848812956,11183,440387648250.0,210
3,56392167.89153575,56418245.42022705,26077.52869129926,32630.309746429324,2,-9.202350288629532,32634.91092157364,11208,441371330850.0,211
3,65624044.51887555,65649058.50402832,25013.98515277356,32639.512096717954,2,9.202350288629532,32634.91092157364,11209,441380561710.0,211
2,4824125.820661865,4869284.612854004,45158.79219213873,45719.35656600725,3,-35.65431789401919,45749.626604259014,11238,442320621530.0,212
0,36039504.14789082,36081065.976989746,41561.829098924994,45749.626604259014,3,9.750739483628422,45749.626604259014,11239,442351833470.0,212
0,50461265.899759926,50501162.68585205,39896.78609212488,45760.39516354352,3,25.903578410390764,45749.626604259014,11240,442366253640.0,212
0,55868759.28718076,55928366.01239014,59606.725209377706,66098.68608122319,1,,66098.68608122319,11260,443372576070.0,213
3,3353266.892178408,3392367.9458618164,39101.053683408536,39490.703959065955,3,-5.775852027349174,39490.703959065955,11283,444320933980.0,214
3,3651870.979671693,3690936.4284057617,39065.44873406878,39489.7968637133,3,-7.136495056329295,39490.703959065955,11284,444321232550.0,214
3,22238882.96944267,22275801.969604492,36919.000161822885,39503.16275847331,3,12.912347083678469,39490.703959065955,11285,444339817510.0,214
0,8662284.075281698,8746084.812866211,83800.73758451268,84807.29670619406,6,-3.1026256289333105,84808.84801900852,11325,446328027690.0,216
0,32258292.611423273,32339364.8984375,81072.28701422736,84820.70699165389,6,13.410285459831357,84808.84801900852,11326,446351621090.0,216
1,34300865.48662602,34381674.51824951,80809.03162349015,84794.79897273332,6,-15.600359089672565,84808.84801900852,11327,446353663410.0,216
3,56693805.21245986,56772020.71789551,78215.50543564558,84803.33680708706,6,-7.062524735927582,84808.84801900852,11328,446376053870.0,216
0,57612456.82690278,57690586.049194336,78129.22229155898,84823.80116216838,6,16.504455974325538,84808.84801900852,11329,446376972440.0,216
2,64256548.50848511,64333892.28417969,77343.77569457889,84810.39933182299,6,3.1026256289333105,84808.84801900852,11330,446383615780.0,216
2,10688190.420823615,10777349.196472168,89158.77564855292,90400.74548801593,5,-0.4153927732259035,90400.74548801593,11353,447330994100.0,217
1,14494842.465622846,14583559.851135254,88717.38551240787,90401.68907187507,5,0.9999830154702067,90400.74548801593,11354,447334800330.0,217
2,18528331.716145255,18616579.353027344,88247.63688208908,90400.63268970326,5,-0.5845902422443032,90400.74548801593,11355,447338833370.0,217
1,19322181.989512503,19410335.318725586,88153.32921308279,90398.57057936862,5,-2.646700576879084,90400.74548801593,11356,447339627130.0,217
0,54103801.118587255,54187948.55926514,84147.44067788124,90434.31306169182,5,33.62397283222526,90400.74548801593,11357,447374404920.0,217
1,67073713.624772534,67075415.7043457,1702.0795731693506,9496.058353751898,2,-21.641889065504074,9506.87929828465,11381,448388239620.0,218
3,74690478.34413636,74691316.99603271,838.6518963575363,9517.700242817402,2,21.641889065504074,9506.87929828465,11382,448395855560.0,218
1,45676113.060274184,45726337.509521484,50224.449247300625,55532.0226129666,2,0.650439091026783,55531.697393421084,11399,449367709600.0,219
3,56837833.98131868,56886760.78594971,48926.8046310246,55531.37217387557,2,-0.650439091026783,55531.697393421084,11400,449378870080.0,219
0,5146392.083807204,5189080.454711914,42688.370904710144,43286.38268205337,3,-0.04410651233047247,43286.38268205337,11428,450328067080.0,220
3,11264902.364986748,11306869.360656738,41966.99566999078,43275.97955135442,3,-15.64880256075412,43286.38268205337,11429,450334184900.0,220
3,54014001.674301594,54051022.11065674,37020.436355143785,43296.87402577698,3,15.692909073084593,43286.38268205337,11430,450376929270.0,220
2,37088338.68698709,37157767.12701416,69428.44002707303,73738.11231315881,2,-19.033256478607655,73747.62894139811,11449,451360883000.0,221
3,53864683.81126988,53932181.86993408,67498.05866420269,73757.14556963742,2,19.033256478607655,73747.62894139811,11450,451377657500.0,221
0,11959121.856675718,12008175.979187012,49054.12251129374,50443.7748348061,2,18.10948329605162,50434.720093158074,11482,452336605440.0,222
1,43048594.57318402,43094017.9833374,45423.41015338153,50425.66535151005,2,-18.10948329605162,50434.720093158074,11483,452367691440.0,222
0,48273823.50433488,48314290.35247803,40466.84814314544,46076.275975860655,1,,46076.275975860655,11508,453373808730.0,223
1,13481797.73963236,13508737.976745605,26940.23711324483,28506.824675319716,2,-44.929457696154714,28529.289404167794,11560,456341690390.0,226
0,78716881.61656074,78736286.45349121,19404.83693046868,28551.75413301587,2,44.929457696154714,28529.289404167794,11561,456406918270.0,226
3,28815276.41520132,28940695.746643066,125419.33144174516,128767.67225664482,3,-47.65765763819218,128812.45348855853,11625,458358837560.0,228
0,64805295.02775954,64926582.8460083,121287.81824876368,128818.20634000748,3,28.143467405810952,128812.45348855853,11626,458394823630.0,228
2,72546230.93966058,72666613.5067749,120382.56711432338,128812.45348855853,3,19.514190232381225,128812.45348855853,11627,458402563700.0,228
3,10801092.719233908,10865568.017822266,64475.298588357866,65730.38769721054,1,,65730.38769721054,11651,459341757380.0,229
1,62518441.65470734,62560585.08666992,42143.43196257949,49408.08723986894,2,-19.179005458950996,49417.676742598414,11707,461395244850.0,231
3,66534748.760553785,66576444.675842285,41695.91528850049,49427.26624532789,2,19.179005458950996,49417.676742598414,11708,461399260730.0,231
2,13169004.934726443,13224300.874511719,55295.93978527561,56826.18076159619,3,-53.49676516838372,56876.85319444537,11730,462346779450.0,232
3,59298910.13512122,59348896.443237305,49986.30811608583,56876.85319444537,3,22.5118841053918,56876.85319444537,11731,462392904280.0,232
3,73519264.62694216,73567604.17572021,48339.5487780571,56882.50185908377,3,30.984881062991917,56876.85319444537,11732,462407123060.0,232
0,10577214.661667187,10643868.860046387,66654.19837919995,67883.27281351388,1,,67883.27281351388,11756,463345102140.0,233
0,12958730.318362253,13065658.14465332,106927.82629106753,108433.63331540488,2,-30.312860490754247,108448.78974565025,11808,465349359140.0,235
1,60074015.37209475,60175498.70581055,101483.33371579647,108463.94617589563,2,30.312860490754247,108448.78974565025,11809,465396469220.0,235
1,51099342.41879067,51157109.55578613,57767.13699546456,63704.89068451524,2,4.7765122205019,63702.50242840499,11827,466388325760.0,236
1,52016909.15371394,52074564.89276123,57655.739047288895,63700.114172294736,2,-4.7765122205019,63702.50242840499,11828,466389243220.0,236
3,1358687.8691985675,1424327.4044189453,65639.53522037785,65797.4150193287,2,10.582302614115179,65792.12386802165,11846,467339454900.0,237
2,19413684.6906956,19477215.649414062,63530.95871846378,65786.83271671459,2,-10.582302614115179,65792.12386802165,11847,467357507880.0,237
1,4197845.227863697,4269437.840270996,71592.61240729876,72080.40285249706,2,-22.545128499157727,72091.67541674664,11875,468343198040.0,238
2,22452021.054179206,22521515.072875977,69494.01869677007,72102.94798099622,2,22.545128499157727,72091.67541674664,11876,468361450210.0,238
3,9396445.503371608,9488962.36541748,92516.86204587296,93608.73087060824,3,-13.271171090193093,93608.73087060824,11902,469349284630.0,239
1,14637999.61994104,14729905.728027344,91906.10808630288,93607.04653539695,3,-15.797673907130957,93608.73087060824,11903,469354525600.0,239
1,54731994.882266715,54819271.971191406,87277.08892469108,93636.95754799992,3,29.06884499732405,93608.73087060824,11904,469394615170.0,239
2,57384186.73542527,57430811.38989258,46624.65446730703,53292.708308175206,1,,53292.708308175206,11924,470398164930.0,240
0,17728766.814236537,17788027.935913086,59261.121676549315,61321.20788452402,2,-26.36918753758073,61334.39247829281,11939,471359387960.0,241
3,60228232.91002524,60282581.95452881,54349.0445035696,61347.5770720616,2,26.36918753758073,61334.39247829281,11940,471401882730.0,241
3,60415113.392021604,60499381.743774414,84268.35175281018,91288.59987024963,1,,91288.59987024963,11960,472402998570.0,242
1,37046588.33054814,37171339.2310791,124750.90053096414,129055.72141737491,1,,129055.72141737491,11986,473380563560.0,243
1,34981817.914893754,35087983.03222656,106165.11733280867,110230.01148881018,3,20.056294709444046,110220.43743793666,12038,475380390400.0,245
1,44923232.16127236,45028232.510253906,105000.34898154438,110220.43743793666,3,5.695218399167061,110220.43743793666,12039,475390330700.0,245
1,67411371.96799283,67513738.22619629,102366.25820346177,110199.47295026481,3,-25.751513108611107,110220.43743793666,12040,475412816320.0,245
1,386483.5177191807,442227.9319458008,55744.41422662011,55789.323687769065,1,,55789.323687769065,12066,476346659380.0,246
1,23240823.005167745,23305296.92449951,64473.919331766665,67174.50755860656,3,-35.15054200589657,67206.33292493224,12088,477370361700.0,247
2,55951275.90706828,56011980.69067383,60704.78360554576,67206.33292493224,3,12.587507482618093,67206.33292493224,12089,477403068550.0,247
2,60549690.224289894,60609867.32159424,60177.09730434418,67212.98327629268,3,22.563034523278475,67206.33292493224,12090,477407666460.0,247
3,113508.56170891563,189349.3286743164,75840.76696540078,75853.95668270676,3,-22.862807739016716,75876.52306614444,12114,478348139810.0,248
0,23306402.55549839,23379571.46282959,73168.90733119845,75877.11591474712,3,11.876040321512846,75876.52306614444,12115,478371330150.0,248
0,27209346.83658813,27282061.628173828,72714.79158569872,75876.52306614444,3,10.986767417489318,75876.52306614444,12116,478375232660.0,248
1,28500230.310647238,28568304.174438477,68073.86379123852,71385.59618651867,2,-15.48366765677929,71393.33802034706,12138,479377380060.0,249
1,57224926.66410191,57289678.19616699,64751.532065078616,71401.07985417545,2,15.48366765677929,71393.33802034706,12139,479406101580.0,249
3,21766624.910457026,21837184.26434326,70559.3538862355,73088.64000308886,3,36.87349271029234,73066.88817941397,12185,481372428040.0,251
2,44322022.97813983,44389939.63848877,67916.66034893692,73066.88817941397,3,4.245757197961211,73066.88817941397,12186,481394980910.0,251
0,78904856.00454861,78968723.88952637,63867.88497775793,73036.64484134316,3,-41.11924990825355,73066.88817941397,12187,481429559870.0,251
1,1023545.2531323467,1111014.4572143555,87469.2040820088,87588.1402427305,3,-33.00485492008738,87612.15854336321,12216,482352608740.0,252
2,22772687.960765585,22857653.928466797,84965.96770121157,87612.15854336321,3,3.0225960289826617,87612.15854336321,12217,482374355490.0,252
1,73061087.94522178,73140228.36401367,79140.41879189014,87630.13165193796,3,29.98225889110472,87612.15854336321,12218,482424638320.0,252
1,276450.89259403764,398437.04553222656,121986.15293818893,122018.27658654994,4,24.88479145115707,122005.83419082436,12246,483352780350.0,253
3,5540261.279210681,5661640.294921875,121379.0157111939,122022.795166892,4,29.403371793217957,122005.83419082436,12247,483358043580.0,253
1,24520629.747569475,24639773.83734131,119144.08977183327,121993.39179509878,4,-24.88479145115707,122005.83419082436,12248,483377021810.0,253
2,44662920.89821815,44779711.47479248,116790.57657433301,121980.41681050509,4,-37.85977604484651,122005.83419082436,12249,483397161850.0,253
3,616885.875080113,643404.3767089844,26518.501628871425,26590.183889485663,3,-41.58599963807501,26625.558450371027,12271,484353986310.0,254
2,56525702.98873806,56545760.24932861,20057.260590553284,26625.558450371027,3,11.475841689971276,26625.558450371027,12272,484409888950.0,254
1,77631265.77843271,77648882.99133301,17617.212900295854,26637.98132787645,3,30.110157948103733,26625.558450371027,12273,484430992180.0,254
1,34110114.08922263,34172385.27093506,62271.181712426245,66234.78371158987,2,12.258927084505558,66228.65424804762,12303,485388332580.0,255
1,36730227.49053721,36792181.95562744,61954.46509023011,66222.52478450537,2,-12.258927084505558,66228.65424804762,12304,485390952390.0,255
0,12686325.53116592,12754577.05456543,68251.52339950949,69725.67693373188,4,9.615648422390223,69720.0395898521,12318,486367806790.0,256
2,16224028.250114936,16291859.07611084,67830.82599590346,69716.0612853095,4,-7.956609085202217,69720.0395898521,12319,486371344090.0,256
2,19993728.771448545,20061119.9185791,67391.1471305564,69714.42236563563,4,-9.59552875906229,69720.0395898521,12320,486375113370.0,256
2,39616409.61332725,39681530.19659424,65120.5832669884,69724.0178943947,4,7.956609085202217,69720.0395898521,12321,486394733880.0,256
1,34012602.4369915,34083295.77008057,70693.33308906853,74645.60421497375,4,-3.2424146309494972,74647.62695220113,12352,487389989600.0,257
2,42166675.26066892,42236424.33129883,69749.07062990963,74648.8466296047,4,2.439354807138443,74647.62695220113,12353,487398142770.0,257
0,53480840.17017935,53549286.83288574,68446.66270639002,74661.14690486342,4,14.739630065858364,74647.62695220113,12354,487409455690.0,257
0,77260377.24979436,77326045.98596191,65668.73616755009,74646.40727479756,4,-2.439354807138443,74647.62695220113,12355,487433232570.0,257
2,41631873.53482328,41676305.51446533,44431.97964204848,49269.61157549918,1,,49269.61157549918,12426,490400346070.0,260
2,26729178.096794482,26823152.151428223,93974.05463374034,97079.99041171372,2,-11.860733538866043,97085.92077848315,12447,491386341960.0,261
0,63044141.4901662,63133907.599609375,89766.10944317281,97091.85114525259,2,11.860733538866043,97085.92077848315,12448,491422652900.0,261
0,49724448.027976274,49829195.95019531,104747.92221903801,110525.91290812194,2,35.11101633310318,110508.35739995539,12472,492410279160.0,262
2,77097904.82899937,77199436.83911133,101532.01011195779,110490.80189178884,2,-35.11101633310318,110508.35739995539,12473,492437649540.0,262
2,8379519.662216302,8415317.212890625,35797.55067432299,36771.25251531694,5,28.489328482188284,36752.925344765186,12495,493369787150.0,263
0,47548900.038406104,47580128.1552124,31228.116806298494,36753.30838898569,5,10.545202150940895,36752.925344765186,12496,493408952160.0,263
0,51110916.22638463,51141730.05316162,30813.826776988804,36752.925344765186,5,9.970635820180178,36752.925344765186,12497,493412513780.0,263
0,57515098.172070995,57545147.50732422,30049.335253223777,36732.60102890432,5,-20.515837971121073,36752.925344765186,12498,493418917230.0,263
3,69170969.84044144,69199648.27258301,28678.432141572237,36716.11250893772,5,-37.0043579377234,36752.925344765186,12499,493430571790.0,263
2,13897286.453343056,13945586.17956543,48299.726222373545,49914.59365510568,2,78.94231785461307,49875.122496178374,12524,494376180390.0,264
0,78672443.09630212,78713136.99420166,40693.89789953828,49835.65133725107,2,-78.94231785461307,49875.122496178374,12525,494440948270.0,264
3,61563997.04598589,61609454.76385498,45457.717869088054,52611.46649419516,1,,52611.46649419516,12548,495424753780.0,265
3,19812097.04323004,19878660.02380371,66562.98057366908,68865.15016603097,4,76.79133530333638,68789.47560839728,12574,496383868820.0,266
3,64544524.422794074,64605812.695129395,61288.27233532071,68788.35883072764,4,-2.2335553392767906,68789.47560839728,12575,496428596200.0,266
3,65685488.97120493,65746646.89678955,61157.92558462173,68790.59238606691,4,2.2335553392767906,68789.47560839728,12576,496429737040.0,266
3,79904206.51693606,79963684.63775635,59478.12082028389,68763.00541092455,4,-27.586975142359734,68789.47560839728,12577,496443954150.0,266
1,35294238.434177086,35320208.35546875,25969.921291664243,30071.11877375841,2,32.086527459323406,30055.07551002875,12605,497400224590.0,267
1,51397999.942229636,51422066.51672363,24066.5744939968,30039.032246299088,2,-32.086527459323406,30055.07551002875,12606,497416326530.0,267
2,47389996.64841828,47428859.810302734,38863.16188445687,44369.8888618201,1,,44369.8888618201,12622,498413211350.0,268
1,48673614.21477208,48738258.30523682,64644.09046473354,70299.97405701876,4,16.412306934595108,70288.23703273013,12652,499415368850.0,269
1,55487098.37880477,55550943.67932129,63845.30051651597,70292.9123153761,4,9.350565291941166,70288.23703273013,12653,499422181570.0,269
2,59359438.01692425,59422824.00024414,63385.98331989348,70283.56175008416,4,-9.350565291941166,70288.23703273013,12654,499426053470.0,269
3,72359440.14544508,72421297.93463135,61857.789186269045,70265.97043329477,4,-26.941882081329823,70288.23703273013,12655,499439052010.0,269
1,71495628.12247601,71571071.06640625,75442.94393023849,83750.75004945695,1,,83750.75004945695,12680,500439116690.0,270
0,2018130.7597950199,2027365.4635009766,9234.703705956694,9469.210899136262,2,20.815953770885244,9458.80292225082,12700,501370462710.0,271
3,7891444.207970927,7899975.615539551,8531.407568624243,9448.394945365377,2,-20.815953770885244,9458.80292225082,12701,501376335350.0,271
0,45122138.30485621,45162715.400024414,40577.095168203115,45820.29655779153,3,36.665287025272846,45793.973999887705,12734,502414441510.0,272
2,50103078.10067565,50143050.08709717,39971.98642151803,45793.973999887705,3,-2.818549830466509,45793.973999887705,12735,502419421870.0,272
3,67678091.69057402,67716000.77148438,37909.08091035485,45773.28854164481,3,-33.84673719480634,45793.973999887705,12736,502436994910.0,272
0,45498011.83671363,45564454.5289917,66442.69227807224,71729.5702463612,1,,71729.5702463612,12758,503415687250.0,273
3,31240778.329380773,31289705.86578369,48927.5364029184,52557.721019655466,1,,52557.721019655466,12785,504402332460.0,274
3,25400638.994998902,25464128.557800293,63489.562801390886,66441.12207314372,2,26.260176815092564,66427.99198473617,12859,507399123330.0,277
0,51198201.83465968,51258667.4553833,60465.62072362006,66414.86189632863,2,-26.260176815092564,66427.99198473617,12860,507424918000.0,277
2,1596429.4661290743,1672004.262084961,75574.7959558866,75760.30137539143,2,25.34899780759588,75747.62687648763,12892,508376252140.0,278
2,18164755.858221404,18238380.06237793,73624.20415652543,75734.95237758383,2,-25.34899780759588,75747.62687648763,12893,508392818600.0,278
0,4625199.656955067,4630196.112792969,4996.455837901682,5533.904952229001,3,77.37109894026071,5469.488751493394,12916,509380110410.0,279
2,39837846.84025553,39838687.16333008,840.3230745494366,5469.488751493394,3,-19.25320216314867,5469.488751493394,12917,509415319080.0,279
1,47740030.82682374,47739927.00476074,-103.82206299901009,5443.5789550840855,3,-58.11789677711204,5469.488751493394,12918,509423220360.0,279
0,636980.360202099,661533.4038696289,24553.043667529942,24627.060911287088,5,81.95612273411825,24567.130147099495,12941,510376995710.0,280
0,10439200.972335111,10462593.589355469,23392.6170203574,24605.654236691073,5,60.54944813810289,24567.130147099495,12942,510386796820.0,280
2,25760221.941249706,25781795.728515625,21573.78726591915,24567.130147099495,5,2.7633137507364154,24567.130147099495,12943,510402116100.0,280
2,46910796.20642671,46929868.24206543,19072.035638719797,24523.079430006444,5,-63.312761888839304,24567.130147099495,12944,510423264280.0,280
3,57028816.42104154,57046706.8225708,17890.40152925998,24517.16126935184,5,-69.23092254344374,24567.130147099495,12945,510433381170.0,280
3,71617801.22459997,71647707.89868164,29906.674081668258,38228.67673949897,1,,38228.67673949897,12968,511448803460.0,281
2,29744052.348500967,29777875.64666748,33823.29816651344,37279.56292843819,2,26.680207684636116,37266.22282459587,12990,512407822470.0,282
1,44691829.99937588,44723889.68261719,32059.683241307735,37252.88272075355,2,-26.680207684636116,37266.22282459587,12991,512422768560.0,282
2,32837059.68821866,32869505.08331299,32445.39509432763,36261.06792047247,3,21.46406452730298,36253.80851957202,13020,513411762210.0,283
3,34210619.57520324,34242898.10296631,32278.527763068676,36253.80851957202,3,10.574963176622987,36253.80851957202,13021,513413135610.0,283
1,50845656.44040592,50875973.56427002,30317.123864099383,36225.39919231832,3,-32.03902770392597,36253.80851957202,13022,513429768770.0,283
2,18004793.65361932,18026359.40008545,21565.74646613002,23657.90704739839,3,35.58434959873557,23647.99351760745,13046,514397821100.0,284
3,25807530.593464483,25828179.746826172,20649.1533616893,23647.99351760745,3,20.71405491232872,23647.99351760745,13047,514405622960.0,284
1,51451911.493380845,51469529.42297363,17617.92959278822,23596.651877991855,3,-56.29840451106429,23647.99351760745,13048,514431264440.0,284
3,48514470.51516467,48579773.265563965,65302.750399291515,70940.14146222919,1,,70940.14146222919,13078,515429221740.0,285
2,4812586.80133722,4887176.018981934,74589.21764471382,75148.44118225574,2,3.0896510928869247,75146.8963567093,13106,516386468920.0,286
0,38485311.54435763,38555984.89508057,70673.35072293878,75145.35153116286,2,-3.0896510928869247,75146.8963567093,13107,516420137900.0,286
2,11358779.812253676,11364413.943603516,5634.13134983927,6954.023809131235,3,44.28502702340484,6930.480270914733,13140,517393854190.0,287
0,29510750.370616883,29514251.695861816,3501.325244933367,6930.480270914733,3,8.969719698652625,6930.480270914733,13141,517412004120.0,287
0,62807871.77077772,62807462.48095703,-409.2898206859827,6888.997293300927,3,-53.25474672205746,6930.480270914733,13142,517445297500.0,287
1,2983902.873012967,3062577.16595459,78674.2929416229,79021.02304524696,1,,79021.02304524696,13164,518386424470.0,288
0,1510291.6731336592,1538292.4299926758,28000.756859016605,28176.253049949883,6,51.69119324046187,28127.478809034452,13201,520386750480.0,290
3,11293487.1540974,11320322.712219238,26835.558121837676,28147.863561345264,6,23.301704635843635,28127.478809034452,13202,520396532560.0,290
0,26632329.046819016,26657364.760681152,25035.713862136006,28130.395761359483,6,5.833904650062323,28127.478809034452,13203,520411869680.0,290
2,30052834.96131347,30077467.377807617,24632.41649414599,28124.56185670942,6,-5.833904650062323,28127.478809034452,13204,520415289800.0,290
1,30882970.819488816,30907493.159118652,24522.33962983638,28110.946943201125,6,-19.448818158358335,28127.478809034452,13205,520416119830.0,290
3,73874706.64127451,73894174.67651367,19468.03523916006,28052.290752500296,6,-78.10500885918736,28127.478809034452,13206,520459106730.0,290
2,15118802.368495796,15151418.325378418,32615.956882622093,34372.76470613107,1,,34372.76470613107,13225,521401224570.0,291
1,1312.0234888580972,24291.179626464844,22979.156137606748,22979.308594995477,4,56.567095102109306,22948.64985647984,13275,523387858580.0,293
0,15506699.705010448,15527872.381652832,21172.67664238438,22974.55821306631,4,51.8167131729424,22948.64985647984,13276,523403362240.0,293
0,39817782.92636445,39836078.833618164,18295.907253712416,22922.741499893367,4,-51.8167131729424,22948.64985647984,13277,523427670570.0,293
3,56102425.308490306,56118796.07562256,16370.767132252455,22889.880041964352,4,-84.67817110195756,22948.64985647984,13278,523443953370.0,293
1,22141880.529196106,22174259.49206543,32378.96286932379,34951.853763245046,6,49.910378001630306,34915.88694989681,13307,524410907700.0,294
3,23909446.95841529,23941630.509277344,32183.550862055272,34961.83332441747,6,59.88993917405605,34915.88694989681,13308,524412675080.0,294
2,33952434.92038647,33983419.47125244,30984.550865970552,34929.83051455021,6,27.887129306793213,34915.88694989681,13309,524422716920.0,294
1,51351668.975832626,51380601.04888916,28932.073056533933,34899.1471413821,6,-30.683373168110847,34915.88694989681,13310,524440114190.0,294
0,59948421.43544719,59976357.3604126,27935.924965403974,34901.943385243416,6,-27.887129306793213,34915.88694989681,13311,524448709990.0,294
3,65248559.20135028,65275860.425354004,27301.224003724754,34883.11947955191,6,-46.71103499829769,34915.88694989681,13312,524454009520.0,294
0,62599957.81182522,62669904.69799805,69946.88617282361,77221.013643682,2,31.125215783715248,77205.45103579015,13331,525452275710.0,295
0,76234704.00598396,76303035.40673828,68331.40075431764,77189.88842789829,2,-31.125215783715248,77205.45103579015,13332,525465908910.0,295
3,55531288.5625308,55508981.67919922,-22306.88333158195,-15854.136624641716,1,,-15854.136624641716,13357,526446073950.0,296
2,15510003.975015214,15537062.121887207,27058.14687199332,28860.41239950247,4,83.90555973537266,28795.996792603284,13380,527406923810.0,297
1,37587002.057691045,37611449.927368164,24447.869677118957,28815.48674543947,4,38.97990567237139,28795.996792603284,13381,527428998310.0,297
1,59309304.7814379,59331189.535339355,21884.753901451826,28776.5068397671,4,-38.97990567237139,28795.996792603284,13382,527450718160.0,297
2,73733309.7830016,73753496.23303223,20186.450030624866,28754.27520108223,4,-61.2115443572402,28795.996792603284,13383,527465140540.0,297
0,25383216.379510574,25396458.896728516,13242.517217941582,16192.05197833106,3,85.38582034409046,16111.469641894102,13400,528417683320.0,298
2,65215612.674379505,65224136.4699707,8523.795591197908,16101.862674079835,3,-49.89813603274524,16111.469641894102,13401,528457511200.0,298
0,70101585.98803213,70109551.63952637,7965.6514942348,16111.469641894102,3,-35.48768431134522,16111.469641894102,13402,528462396640.0,298
0,39147666.37512563,39218565.78460693,70899.4094813019,75448.37605178356,1,,75448.37605178356,13428,529432355640.0,299
1,5796544.949816478,5761944.425842285,-34600.52397419326,-33926.96430531517,7,51.73249524459243,-33960.476318351924,13452,530399856000.0,300
1,7744237.916276913,7709404.527770996,-34833.38850591704,-33933.5065293666,7,45.19027119316161,-33960.476318351924,13453,530401803470.0,300
1,17924502.000364818,17888482.791931152,-36019.208433665335,-33936.3777583763,7,42.319042183458805,-33960.476318351924,13454,530411982600.0,300
2,30265367.39404141,30227890.076049805,-37477.31799160689,-33960.476318351924,7,6.171202220022678,-33960.476318351924,13455,530424322070.0,300
1,47199248.74204072,47159764.01873779,-39484.72330293059,-34000.16126999259,7,-51.73423162847757,-33960.476318351924,13456,530441254030.0,300
0,64663136.05411234,64621625.26763916,-41510.78647317737,-33996.917282767594,7,-48.49024440348148,-33960.476318351924,13457,530458715980.0,300
0,68840887.75531971,68798884.03649902,-42003.71882069111,-34004.39405685663,7,-55.967018492519855,-33960.476318351924,13458,530462893260.0,300
0,1160772.4353804002,1169553.079650879,8780.644270478748,8915.526256901212,1,,8915.526256901212,13477,531396079680.0,301
3,54789905.79178037,54815009.37017822,25103.578397855163,31470.17628029734,1,,31470.17628029734,13497,532450613440.0,302
3,26179283.98176165,26253832.03149414,74548.04973249137,77590.08770560846,2,30.34098583832383,77574.9172126893,13543,534423906260.0,304
1,41857776.48912449,41930472.35394287,72695.86481837928,77559.74671977013,2,-30.34098583832383,77574.9172126893,13544,534439582980.0,304
0,7060450.377428627,7043070.399902344,-17379.97752628289,-16559.55179690011,2,42.05558095313609,-16580.579587376676,13562,535405626440.0,305
1,22068560.107757807,22049394.129333496,-19165.978424310684,-16601.607377853245,2,-42.05558095313609,-16580.579587376676,13563,535420632840.0,305
0,15011827.703150727,15016258.959350586,4431.256199859083,6175.633546112105,3,33.78586497157812,6154.621588449925,13587,536414460820.0,306
3,24808577.312606208,24811849.172607422,3271.8600012138486,6154.621588449925,3,2.267928478308022,6154.621588449925,13588,536424256460.0,306
2,36057902.86563343,36059842.003967285,1939.1383338570595,6129.073773831129,3,-36.05379344988614,6154.621588449925,13589,536435504510.0,306
3,28902588.43143695,28912467.51220703,9879.080770082772,13237.56725852564,1,,13237.56725852564,13608,537429199050.0,307
0,5067195.071368037,5074321.571411133,7126.500043096021,7715.309111939743,4,29.573008893057704,7687.637093265541,13628,538406258030.0,308
3,12833853.85983419,12840052.1015625,6198.241728309542,7689.538083484396,4,3.8019804377108812,7687.637093265541,13629,538414023800.0,308
0,24374700.060155645,24379553.451293945,4853.3911383003,7685.7361030466855,4,-3.8019804377108812,7687.637093265541,13630,538425563360.0,308
2,76997478.67578632,76996126.02410889,-1352.651677429676,7594.470563545823,4,-95.06751993857324,7687.637093265541,13631,538478180200.0,308
3,7772378.414753974,7793218.877746582,20840.462992607616,21743.614900643006,2,44.13405286706984,21721.54787420947,13659,539409829900.0,309
0,44280239.237651065,44296793.345947266,16554.108296200633,21699.480847775936,2,-44.13405286706984,21721.54787420947,13660,539446333660.0,309
0,19674926.009324167,19664435.284301758,-10490.725022409111,-8204.49473129958,1,,-8204.49473129958,13688,540422629400.0,310
0,55253067.4759808,55275859.43695068,22791.960969880223,29212.378331571817,1,,29212.378331571817,13711,541459089100.0,311
2,51994888.014518574,52030826.68457031,35938.67005173862,41980.48631601781,2,-17.419501535594463,41989.196066785604,13736,542456769970.0,312
0,66446686.453126475,66480963.24084473,34276.78771825135,41997.9058175534,2,17.419501535594463,41989.196066785604,13737,542471220180.0,312
1,12283708.818691574,12253965.713012695,-29743.105678878725,-28315.736286222935,4,36.841441094875336,-28334.924835307524,13758,543417898090.0,313
1,18252313.575003587,18221875.380615234,-30438.194388352334,-28317.271943297237,4,35.3057840205729,-28334.924835307524,13759,543423866030.0,313
2,57757048.576962285,57721984.618774414,-35063.95818787068,-28352.57772731781,4,-35.3057840205729,-28334.924835307524,13760,543463366340.0,313
1,70542952.98083222,70506379.64123535,-36573.33959686756,-28376.234517410398,4,-58.96257411316037,-28334.924835307524,13761,543476150800.0,313
0,50092760.964078985,50112148.37475586,19387.41067687422,25208.199401929975,1,,25208.199401929975,13790,544456618640.0,314
2,12891509.665363515,12981932.059326172,90422.39396265708,91920.38993383013,1,,91920.38993383013,13818,545420372170.0,315
2,32381620.236351132,32424045.590820312,42425.35446918011,46188.10514099896,2,25.535733550786972,46175.337274223566,13839,546440820430.0,316
0,57056867.64178457,57096400.19189453,39532.55010996014,46162.56940744817,2,-25.535733550786972,46175.337274223566,13840,546465492910.0,316
3,1183115.284530939,1233388.9440917969,50273.659560857806,50411.13779076771,1,,50411.13779076771,13863,547410541710.0,317
1,59447761.04468875,59513043.27380371,65282.229114964604,72190.07069844007,1,,72190.07069844007,13881,548469789820.0,318
3,8824759.759673126,8849455.410888672,24695.651215545833,25721.09004386887,2,10.269846815615892,25715.95512046106,13908,549420075190.0,319
1,30284564.604857028,30306756.352661133,22191.747804105282,25710.820197053254,2,-10.269846815615892,25715.95512046106,13909,549441532600.0,319
1,62727635.9766944,62736742.25366211,9106.276967711747,16395.24066656828,1,,16395.24066656828,13941,550474893790.0,320
2,5021647.73977479,5021908.519287109,260.77951231971383,844.2959722299129,3,63.30873700603843,807.2925319634378,13963,551418070790.0,321
3,28092908.380947232,28090451.271972656,-2457.1089745759964,807.2925319634378,3,7.803576606325805,807.2925319634378,13964,551441139450.0,321
1,50357635.008615986,50352538.123413086,-5096.885202899575,754.6819384843111,3,-71.11231361236423,807.2925319634378,13965,551463401650.0,321
1,27141630.30862554,27133740.985229492,-7889.32339604944,-4735.46058953926,1,,-4735.46058953926,13985,552441089710.0,322
3,6446526.971554294,6485520.990112305,38994.01855801046,39743.106266286224,3,25.95495825447142,39734.05153121427,14012,553421307400.0,323
3,9670784.300130187,9709394.604614258,38610.30448407121,39734.05153121427,3,12.372855646535754,39734.05153121427,14013,553424531290.0,323
1,25825373.169950344,25862072.50756836,36699.33761801571,39700.25108484924,3,-38.327813901007175,39734.05153121427,14014,553440684050.0,323
3,7323487.669953451,7352591.128173828,29103.458220377564,29954.448935141787,5,93.10475183092058,29877.16654011607,14035,554423141610.0,324
2,20446284.138556458,20473834.438598633,27550.300042174757,29926.162300363183,5,64.81811705231667,29877.16654011607,14036,554436262920.0,324
2,49217280.11660129,49241438.22546387,24158.10886257887,29877.16654011607,5,-8.675523318350315,29877.16654011607,14037,554465030670.0,324
0,69754533.82462613,69776273.85583496,21740.03120882809,29845.52182650566,5,-56.14259373396635,29877.16654011607,14038,554485565610.0,324
0,77120081.6276274,77140956.4243164,20874.796689003706,29836.16541722417,5,-65.49900301545858,29877.16654011607,14039,554492930330.0,324
1,27169787.268391956,27133835.459106445,-35951.80928551033,-32794.674634709954,1,,-32794.674634709954,14069,555443826090.0,325
0,18685676.379349634,18728568.31677246,42891.937422826886,45063.216711405665,2,80.88753588870168,45022.772943461314,14111,557437148970.0,327
0,64544653.03532621,64582135.26306152,37482.22773531079,44982.32917551696,2,-80.88753588870168,45022.772943461314,14112,557483002770.0,327
1,54349323.338674664,54331582.02429199,-17741.31438267231,-11425.91226836294,1,,-11425.91226836294,14140,558473696260.0,328
1,77541090.91762984,77512643.28869629,-28447.628933548927,-19437.338842615485,1,,-19437.338842615485,14163,559497738590.0,329
3,68593790.19703117,68552261.71118164,-41528.485849529505,-33557.873870804906,1,,-33557.873870804906,14188,560489679250.0,330
1,6670055.437347072,6666849.434204102,-3206.003142970614,-2430.9413827881217,2,69.11308800429106,-2465.4979267902672,14203,561428634450.0,331
0,52730472.70251066,52721845.35668945,-8627.345821209252,-2500.0544707924128,2,-69.11308800429106,-2465.4979267902672,14204,561474689680.0,331
0,3530375.1086832546,3558488.0158691406,28112.907185886055,28523.137471307535,3,105.60009262757376,28422.92198318243,14231,562426446360.0,332
2,63114076.92894068,63135155.21350098,21078.28456029296,28412.15277417749,3,-60.87695306749083,28422.92198318243,14232,562486023330.0,332
0,67069385.6665587,67090015.1126709,20629.446112200618,28422.92198318243,3,-44.72313956008293,28422.92198318243,14233,562489978210.0,332
3,13043333.829221988,13095992.356445312,52658.5272233244,54174.16519234516,5,78.75568823702633,54108.37274079025,14259,563436897800.0,333
1,31268578.345537126,31319069.736450195,50491.39091306925,54124.805897176266,5,29.396393068134785,54108.37274079025,14260,563455120970.0,333
3,43867744.77575853,43916755.70788574,49010.93212721497,54108.37274079025,5,4.746658489108086,54108.37274079025,14261,563467718720.0,333
2,61196156.20468703,61243127.64550781,46971.44082078338,54082.446267426014,5,-34.14305155724287,54108.37274079025,14262,563485045180.0,333
3,70536367.43409151,70582240.17883301,45872.744741499424,54069.08457912505,5,-47.50473985821009,54108.37274079025,14263,563494384340.0,333
3,55128532.133428544,55075221.45214844,-53310.681280106306,-46904.734949834645,1,,-46904.734949834645,14281,564479861530.0,334
0,59973948.98807523,59944783.958984375,-29165.029090851545,-22196.044364355505,2,41.653122283518314,-22216.870925497264,14306,565485558220.0,335
1,73232783.93958016,73202036.578125,-30747.3614551574,-22237.697486639023,2,-41.653122283518314,-22216.870925497264,14307,565498815540.0,335
0,39232602.75149549,39204800.28845215,-27802.46304333955,-23243.626849137247,2,69.69441402703524,-23278.474056150764,14337,566465712050.0,336
3,76720818.0701453,76688589.7746582,-32228.295487090945,-23313.321263164282,2,-69.69441402703524,-23278.474056150764,14338,566503196030.0,336
1,48822223.98570138,48806290.571899414,-15933.413801968098,-10260.261724926531,1,,-10260.261724926531,14357,567476174740.0,337
2,2807410.2511002673,2817055.0177001953,9644.766599928029,9970.988226001617,5,53.14200943661854,9941.070851240307,14379,568431121430.0,338
2,9472780.97586036,9481641.14453125,8860.168670890853,9960.907692618668,5,43.06147605367005,9941.070851240307,14380,568437786050.0,338
1,17641008.4517288,17648899.633911133,7891.1821823343635,9941.070851240307,5,13.306213986128569,9941.070851240307,14381,568445953350.0,338
3,59041265.224120565,59044299.23901367,3034.014893107116,9894.621581889689,5,-56.36769003979862,9941.070851240307,14382,568487348960.0,338
2,66711796.508278705,66713920.25769043,2123.749411724508,9875.673351831734,5,-75.3159200977534,9941.070851240307,14383,568495018620.0,338
1,939924.3687195609,909021.6273193359,-30902.74140022497,-30793.52200280002,2,32.75606967264321,-30809.90003763634,14410,569430108330.0,339
1,20737266.970415503,20704031.017822266,-33235.95259323716,-30826.27807247266,2,-32.75606967264321,-30809.90003763634,14411,569449903440.0,339
1,39025794.429920614,38977837.06115723,-47957.3687633872,-43422.56373702735,2,34.281321331858635,-43439.70439769328,14438,570469070490.0,340
1,61042675.1879776,60992125.17199707,-50550.015980526805,-43456.845058359206,2,-34.281321331858635,-43439.70439769328,14439,570491084890.0,340
2,30884213.1538179,30858596.26147461,-25616.89234329015,-22028.140670429915,1,,-22028.140670429915,14933,591479590900.0,361
0,14032805.4667506,13992937.69165039,-39867.77510020882,-38237.160331333056,2,21.333424096927047,-38247.82704338152,14995,593464537570.0,363
1,73432267.16290924,73385475.82519531,-46791.33771392703,-38258.49375542998,2,-21.333424096927047,-38247.82704338152,14996,593523930410.0,363
1,21991114.621067356,21948078.31286621,-43036.30820114538,-40480.93633554876,2,38.933186769485474,-40500.4029289335,15011,594473359790.0,364
3,79359628.24183202,79309886.76782227,-49741.47400975227,-40519.869522318244,2,-38.933186769485474,-40500.4029289335,15012,594530721890.0,364
2,168545.33718199944,104736.21899414062,-63809.11818785881,-63789.53318636463,4,-5.4412354358355515,-63786.81256864671,15036,595452416400.0,365
0,3535243.293766764,3471049.1094970703,-64194.18426969368,-63783.38830020325,4,6.144886161375325,-63786.81256864671,15037,595455782730.0,365
0,8685776.31556796,8620982.934692383,-64793.38087557629,-63784.09195092879,4,5.4412354358355515,-63786.81256864671,15038,595460932690.0,365
1,19261700.657542206,19195649.188232422,-66051.46930978447,-63813.25588622689,4,-29.163935298100114,-63786.81256864671,15039,595471507410.0,365
2,19724147.51701798,19689927.91845703,-34219.598560947925,-31927.64872091636,1,,-31927.64872091636,15068,596472831610.0,366
2,42662711.246815085,42648158.06555176,-14553.181263327599,-9595.76578399539,1,,-9595.76578399539,15087,597496700260.0,367
1,8573411.051348597,8488778.549316406,-84632.50203219056,-83636.269973455,2,-8.349755512550473,-83632.09509569872,15104,598463444610.0,368
2,31815085.275084227,31727760.435668945,-87324.83941528201,-83627.92021794245,2,8.349755512550473,-83632.09509569872,15105,598486683710.0,368
1,20721504.39740084,20667851.889404297,-53652.50799654424,-51244.665089879185,2,12.440654817968607,-51250.88541728817,15122,599476453920.0,369
2,34050037.881173484,33994824.154296875,-55213.72687660903,-51257.10574469715,2,-12.440654817968607,-51250.88541728817,15123,599489780960.0,369
2,40314747.49231164,40323483.17883301,8735.686521366239,13420.268148340285,1,,13420.268148340285,15144,600496949810.0,370
3,29906720.186907627,29866882.72314453,-39837.46376309544,-36362.29696619511,2,64.29792645573616,-36394.445929422975,15161,601487489220.0,371
3,65084523.3801793,65040533.950805664,-43989.42937363684,-36426.59489265084,2,-64.29792645573616,-36394.445929422975,15162,601522663050.0,371
1,24457839.983719535,24411151.551513672,-46688.4322058633,-43846.426365569234,2,16.2751444876194,-43854.56393781304,15189,602482891540.0,372
3,44931641.271379165,44882557.50427246,-49083.767106704414,-43862.70151005685,2,-16.2751444876194,-43854.56393781304,15190,602503363050.0,372
0,25307020.26593426,25245092.16381836,-61928.102115899324,-58987.42135896534,1,,-58987.42135896534,15222,603484632460.0,373
2,37334826.28153741,37273862.14550781,-60964.1360296011,-56625.821836315095,1,,-56625.821836315095,15246,604497515530.0,374
1,8069580.737772955,8030155.700927734,-39425.03684522025,-38487.349968506955,4,-3.4313931269571185,-38484.215460665524,15267,605469164570.0,375
0,11109727.54575852,11069970.250854492,-39757.294904027134,-38466.3423673287,4,18.169978622347116,-38484.215460665524,15268,605472204400.0,375
2,14450926.984035943,14410763.271118164,-40163.71291777864,-38484.51234595105,4,-0.5937705710530281,-38484.215460665524,15269,605475545210.0,375
2,29717742.811710805,29675805.685546875,-41937.1261639297,-38483.91857538,4,0.5937705710530281,-38484.215460665524,15270,605490810330.0,375
1,35838785.23586093,35841011.373046875,2226.137185946107,6390.611114032567,2,-5.303396247327328,6393.26281215623,15300,606497848750.0,376
0,47941614.77730191,47942439.86669922,825.0893973112106,6395.914510279894,2,5.303396247327328,6393.26281215623,15301,606509950240.0,376
0,43561346.60948897,43476833.083740234,-84513.52574873716,-79451.68866264075,2,54.49128031730652,-79478.9343027994,15319,607506456610.0,377
0,66970582.29373897,66883294.118896484,-87288.1748424843,-79506.17994295806,2,-54.49128031730652,-79478.9343027994,15320,607529863190.0,377
0,39818391.19083493,39827980.849487305,9589.658652372658,14216.563579007983,1,,14216.563579007983,15346,608503642010.0,378
1,53977619.95772581,53945181.79650879,-32438.161217018962,-26165.951109044254,2,4.970172189176083,-26168.436195138842,15370,609518696210.0,379
2,63134512.425578475,63101005.26147461,-33507.16410386562,-26170.92128123343,2,-4.970172189176083,-26168.436195138842,15371,609527852080.0,379
2,4741560.260012188,4674631.983886719,-66928.27612546925,-66377.30588606838,1,,-66377.30588606838,15417,611471226560.0,381
0,21508684.535740454,21449679.69543457,-59004.84030588344,-56505.52691155672,2,62.42868282645941,-56536.74125296995,15445,612488884860.0,382
1,51796072.445451215,51733485.77600098,-62586.66945023835,-56567.95559438318,2,-62.42868282645941,-56536.74125296995,15446,612519168820.0,382
2,50882570.31880684,50852184.35229492,-30385.966511920094,-24473.40178373456,2,28.46867460012436,-24487.636121034622,15489,614520023640.0,384
2,68317896.17007864,68285455.74658203,-32440.423496603966,-24501.870458334684,2,-28.46867460012436,-24487.636121034622,15490,614537457000.0,384
0,2856122.6697890526,2859569.0260009766,3446.356211923994,3778.2382306773216,4,44.051170194521546,3735.4807427190244,15519,615472957980.0,385
3,33926709.229478434,33926501.1262207,-208.10325773060322,3734.1870604828,4,-2.587364472448826,3735.4807427190244,15520,615504025070.0,385
3,34615573.18750962,34615287.62548828,-285.56202133744955,3736.774424955249,4,2.587364472448826,3735.4807427190244,15521,615504713860.0,385
3,47431427.618057325,47429632.49572754,-1795.1223297864199,3716.418934442103,4,-20.355490513145924,3735.4807427190244,15522,615517528270.0,385
2,32680085.87721317,32592336.665649414,-87749.21156375483,-83951.7791254744,3,3.8427904471755028,-83953.13873993605,15547,616503616050.0,386
3,40355870.15629929,40267227.6574707,-88642.49882858992,-83953.13873993605,3,1.803368754684925,-83953.13873993605,15548,616511290980.0,386
2,53629020.01155259,53538830.20373535,-90189.80781723559,-83958.10509190708,3,-5.646159201860428,-83953.13873993605,15549,616524562650.0,386
2,34549089.927064106,34482954.17651367,-66135.750550434,-62121.13947214931,3,50.73362574353814,-62132.80444102734,15573,617506360660.0,387
2,41275549.02431585,41208619.99291992,-66929.03139592707,-62132.80444102734,3,33.236172426491976,-62132.80444102734,15574,617513086360.0,387
1,74872280.37102583,74801369.25549316,-70911.11553266644,-62210.94175475836,3,-83.96979817003012,-62132.80444102734,15575,617546679280.0,387
3,47264937.23950904,47207414.62768555,-57522.61182349175,-52030.41677416116,2,6.117539249360561,-52033.47554378584,15613,618519938400.0,388
0,76297739.43045601,76236837.08374023,-60902.34671577811,-52036.53431341052,2,-6.117539249360561,-52033.47554378584,15614,618548967970.0,388
0,6342356.88250704,6285180.420654297,-57176.46185274329,-56439.47872940451,7,55.622630067169666,-56493.63846793026,15666,620480809940.0,390
3,14718430.570341699,14660257.853759766,-58172.7165819332,-56462.43204050511,7,32.669318966567516,-56493.63846793026,15667,620489185060.0,390
1,29896015.300796226,29836050.721801758,-59964.578994467854,-56490.65610745177,7,4.4452520199120045,-56493.63846793026,15668,620504360930.0,390
1,34541754.509473935,34481247.11230469,-60507.39716924727,-56493.63846793026,7,-0.028288697823882103,-56493.63846793026,15669,620509006150.0,390
1,44639559.485418625,44577875.79553223,-61683.68988639861,-56496.5642510131,7,-4.416963322088122,-56493.63846793026,15670,620519102830.0,390
2,56863367.79939222,56800263.67443848,-63104.124953746796,-56496.59037619084,7,-4.443088499829173,-56493.63846793026,15671,620531325280.0,390
1,59007826.48471221,58944462.77636719,-63363.70834502578,-56506.98724437505,7,-14.839956684038043,-56493.63846793026,15672,620533469490.0,390
1,20980642.380806364,20929738.82385254,-50903.55695382506,-48465.60216226801,2,65.98644980415702,-48498.59538717009,15700,621496364620.0,391
0,64384681.347282186,64328668.24597168,-56013.10131050646,-48531.58861207217,2,-65.98644980415702,-48498.59538717009,15701,621539763770.0,391
2,23318220.594834436,23287867.82067871,-30352.774155724794,-27643.192313667387,1,,-27643.192313667387,15723,622499603880.0,392
0,43710420.90743523,43669272.87219238,-41148.0352428481,-36068.87569386512,5,4.861361660063267,-36073.41355703771,15744,623520933580.0,393
2,68652977.76954488,68608926.1147461,-44051.65479879081,-36074.16521243751,5,-3.020586986094713,-36073.41355703771,15745,623545873360.0,393
1,69922978.78515393,69878779.66064453,-44199.12450939417,-36074.060554012656,5,-2.9159285612404346,-36073.41355703771,15746,623547143220.0,393
1,75303456.00716777,75258632.31713867,-44823.69002909958,-36073.41355703771,5,-1.945433098822832,-36073.41355703771,15747,623552523100.0,393
2,77029945.66825518,76984933.54321289,-45012.125042289495,-36061.23013037443,5,12.506925150752068,-36073.41355703771,15748,623554249410.0,393
0,11255002.270940036,11236760.573730469,-18241.69720956683,-16933.863721087575,1,,-16933.863721087575,15769,624489405830.0,394
0,47477272.34098979,47453085.1171875,-24187.223802290857,-18670.355372197926,1,,-18670.355372197926,15797,625526575650.0,395
2,48341187.19828221,48251833.873168945,-89353.3251132667,-83736.0696059987,3,0.3975377418100834,-83736.0696059987,15811,626528288290.0,396
1,54608994.5234174,54518912.02026367,-90082.50315372646,-83736.92719642073,3,-0.888847891241312,-83736.0696059987,15812,626534555400.0,396
1,72539476.00661203,72447310.89807129,-92165.10854074359,-83736.00709106028,3,0.49131014943122864,-83736.0696059987,15813,626552483890.0,396
3,4615561.977638403,4562672.948608398,-52889.029030004516,-52352.69981591869,3,-25.45098523143679,-52340.8439726159,15838,627485472090.0,397
2,17572629.888113134,17518247.10107422,-54382.78703891486,-52340.8439726159,3,-7.667220277246088,-52340.8439726159,15839,627498427730.0,397
2,71163967.6718967,71103384.75109863,-60582.92079806328,-52313.65368875861,3,33.11820550868288,-52340.8439726159,15840,627552013140.0,397
3,20734490.73448109,20669734.126831055,-64756.60765003413,-62347.25572843477,2,-14.1948705278337,-62340.158293170854,15861,628502448320.0,398
1,70277901.7153166,70207402.34838867,-70499.36692792177,-62333.06085790694,2,14.1948705278337,-62340.158293170854,15862,628551986240.0,398
3,26139818.6076653,26072215.56982422,-67603.03784108162,-64565.58575223386,1,,-64565.58575223386,15885,629508747820.0,399
1,49224360.778394446,49149891.41052246,-74469.36787198484,-68749.48742014915,1,,-68749.48742014915,15905,630532676780.0,400
2,8418873.359992232,8380060.6162109375,-38812.743781294674,-37834.4690328408,5,-26.19683708809316,-37816.12408027798,15946,632493663860.0,402
1,15527697.672836933,15488064.489379883,-39633.18345705047,-37828.86191835627,5,-20.589722603559494,-37816.12408027798,15947,632500771900.0,402
0,40040493.615413114,39998049.915771484,-42443.69964163005,-37790.98636935651,5,31.506629960611463,-37816.12408027798,15948,632525282010.0,402
1,43225512.666932195,43182673.72973633,-42838.9371958673,-37816.12408027798,5,-1.482965486124158,-37816.12408027798,15949,632528466650.0,402
1,68749153.10465556,68703364.01916504,-45789.08549052477,-37800.42031122744,5,22.072688089683652,-37816.12408027798,15950,632553987470.0,402
2,14358945.571098253,14301785.246704102,-57160.32439415157,-55491.812080688775,3,-18.386109992861748,-55477.30699533224,16020,635502271980.0,405
0,45903948.52850711,45843144.935668945,-60803.592838168144,-55469.544946059585,3,15.014591950923204,-55477.30699533224,16021,635533813500.0,405
2,57268049.04920785,57205917.18359375,-62131.86561410129,-55477.30699533224,3,3.3715180419385433,-55477.30699533224,16022,635545176330.0,405
0,8379064.371664854,8326124.682495117,-52939.68916973658,-51966.040233594365,4,-24.495643828995526,-51946.63600843772,16053,636497161280.0,406
3,51449966.02088924,51392035.79724121,-57930.223648026586,-51951.727427110076,4,-10.182837344706059,-51946.63600843772,16054,636540227410.0,406
0,60318681.31384315,60259730.7265625,-58950.58728065342,-51941.54458976537,4,10.182837344706059,-51946.63600843772,16055,636549095150.0,406
0,76664266.80961162,76603427.6586914,-60839.15092021227,-51930.74796395004,4,20.979463160037994,-51946.63600843772,16056,636565438930.0,406
2,15148773.832373917,15115485.01940918,-33288.812964737415,-31528.522451201454,2,-36.472170347347856,-31510.28636602778,16076,637504858930.0,407
0,54347773.08316825,54309965.810913086,-37807.272255167365,-31492.050280854106,2,36.472170347347856,-31510.28636602778,16077,637544053610.0,407
2,17826964.40301267,17830726.06982422,3761.6668115481734,5833.163598746061,1,,5833.163598746061,16096,638508481160.0,408
3,17268058.3924713,17210872.52368164,-57185.86878965795,-55179.31699135527,3,12.207037726417184,-55179.31699135527,16139,640509753590.0,410
3,22696282.394502483,22638474.9375,-57807.45700248331,-55170.144502233714,3,25.965771408751607,-55179.31699135527,16140,640515181220.0,410
3,65644027.43086292,65581186.67834473,-62840.75251819193,-55212.90355592966,3,-38.17280913516879,-55179.31699135527,16141,640558124150.0,410
1,18478242.07141759,18405173.293945312,-73068.77747227624,-70921.6020912826,3,2.72676688618958,-70921.6020912826,16170,641511856920.0,411
2,25278506.942411527,25204648.735107422,-73858.20730410516,-70920.8398010023,3,3.8702023066580296,-70921.6020912826,16171,641518656430.0,411
2,41660934.306818776,41585165.48010254,-75768.82671623677,-70927.8179153353,3,-6.5969691928476095,-70921.6020912826,16172,641535037030.0,411
0,60124258.20039276,60075484.47363281,-48773.72675994784,-41787.276073269546,3,33.51549035310745,-41813.26783427596,16193,642554410610.0,412
2,63407859.06021098,63358677.786621094,-49181.273589886725,-41813.26783427596,3,-5.472151156514883,-41813.26783427596,16194,642557693820.0,412
1,73818680.9397591,73768274.87915039,-50406.06060871482,-41828.315292969346,3,-28.04333919659257,-41813.26783427596,16195,642568103470.0,412
0,38684549.46911532,38674932.235961914,-9617.233153402805,-5122.080858938396,2,7.2030783742666245,-5125.682398125529,16223,643533889020.0,413
2,44580291.79658133,44569982.27392578,-10309.522655546665,-5129.283937312663,2,-7.2030783742666245,-5125.682398125529,16224,643539784100.0,413
0,48058427.46163501,47947329.67944336,-111097.78219164908,-105513.38342167437,1,,-105513.38342167437,16252,644544123480.0,414
2,19207030.836835027,19154877.39794922,-52153.43888580799,-49921.57810622454,2,35.63162104040384,-49939.39391674474,16273,645516133920.0,415
1,48609583.62805037,48553977.975097656,-55605.652952715755,-49957.20972726494,2,-35.63162104040384,-49939.39391674474,16274,645545533170.0,415
2,5691296.236274403,5640138.922607422,-51157.31366698071,-50495.98391941842,2,-7.531572460196912,-50492.21813318832,16296,646503529160.0,416
2,43552895.81843579,43497346.51098633,-55549.30744946003,-50488.45234695822,2,7.531572460196912,-50492.21813318832,16297,646541386560.0,416
0,45524387.11651081,45471329.540893555,-53057.57561725378,-47767.632836245,2,14.821791552007198,-47775.043732021004,16323,647544225800.0,417
1,57094707.61178201,57040290.74084473,-54416.87093728036,-47782.45462779701,2,-14.821791552007198,-47775.043732021004,16324,647555794820.0,417
3,21873506.010271885,21800658.63305664,-72847.37721524388,-70305.67149346694,3,1.8772246055305004,-70305.67149346694,16346,648521475040.0,418
1,34292210.65223942,34217905.521606445,-74305.13063297421,-70320.36897719651,3,-20.169000988826156,-70305.67149346694,16347,648533892350.0,418
0,39722288.3921247,39647377.92590332,-74910.46622137725,-70294.72845894843,3,18.291776383295655,-70305.67149346694,16348,648539321850.0,418
1,6743216.468116977,6681508.546508789,-61707.92160818819,-60924.358521769755,3,-7.54034358356148,-60920.377378435805,16374,649507219780.0,419
2,11066182.847283073,11003976.577270508,-62206.27001256496,-60920.377378435805,3,-1.568628582637757,-60920.377378435805,16375,649511542270.0,419
0,13853425.442228094,13790902.412475586,-62523.029752507806,-60913.25897793658,3,9.108972166199237,-60920.377378435805,16376,649514329210.0,419
0,20441057.79242912,20382945.83947754,-58111.952951580286,-55736.69799584523,2,15.255975905805826,-55744.32598379813,16404,650521812390.0,420
0,42297991.75215731,42237324.763183594,-60666.98897371441,-55751.953971751034,2,-15.255975905805826,-55744.32598379813,16405,650543666880.0,420
0,279371.2340454404,201192.1864013672,-78179.0476440732,-78146.58465145831,2,-3.4907244050409645,-78144.83928925579,16443,652503430660.0,422
0,3702348.098401426,3623774.7908935547,-78573.30750787118,-78143.09392705327,2,3.4907244050409645,-78144.83928925579,16444,652506853260.0,422
3,28080408.4319944,27990220.967163086,-90187.46483131498,-86924.51582131535,4,33.2047049626708,-86951.87613227963,16490,654532971060.0,424
1,31992254.625451498,31901591.087402344,-90663.53804915398,-86946.03173828125,4,11.688787996768951,-86951.87613227963,16491,654536882450.0,424
2,48705723.485246554,48613106.150024414,-92617.33522213995,-86957.72052627802,4,-11.688787996768951,-86951.87613227963,16492,654553594050.0,424
1,78850216.74748531,78754062.95666504,-96153.79082027078,-86991.38004915416,4,-45.34831087291241,-86951.87613227963,16493,654583735160.0,424
1,21993656.151978277,21939275.864135742,-54380.28784253448,-51824.62065054104,2,-12.611248586326838,-51818.315026247874,16530,656528647250.0,426
2,29070259.88034688,29015069.901000977,-55189.9793459028,-51812.00940195471,2,12.611248586326838,-51818.315026247874,16531,656535723080.0,426
3,33259979.423159763,33197379.626220703,-62599.79693906009,-58734.98075612262,2,26.488576527684927,-58748.22504438646,16563,657540786530.0,427
1,52516105.61839744,52451241.767211914,-64863.85118552297,-58761.469332650304,2,-26.488576527684927,-58748.22504438646,16564,657560040490.0,427
0,26049955.417256832,26023771.84802246,-26183.569234371185,-23156.559266012162,1,,-23156.559266012162,16603,659535415060.0,429
0,50957699.85786866,50920475.96582031,-37223.892048344016,-31302.597252868116,1,,-31302.597252868116,16622,660561257010.0,430
2,5511212.93277261,5414628.11730957,-96584.81546304002,-95944.4114309391,3,13.820302215404809,-95945.37777104229,16645,661516655090.0,431
0,34028802.72302377,33928903.19165039,-99899.53137338161,-95945.37777104229,3,12.370792060624808,-95945.37777104229,16646,661545169510.0,431
2,37925401.41424,37825023.3894043,-100378.02483570576,-95971.08569526672,3,-26.191094276029617,-95945.37777104229,16647,661549065650.0,431
2,18055048.809193447,17977823.32824707,-77225.48094637692,-75127.48070609942,3,40.645728040486574,-75158.20520413667,16668,662530083340.0,432
3,42847964.47856651,42767827.3314209,-80137.14714561403,-75158.20520413667,3,-5.441019015386701,-75158.20520413667,16669,662554873470.0,432
3,51896989.832744844,51815781.34460449,-81208.48814035207,-75178.04766414315,3,-35.20470902509987,-75158.20520413667,16670,662563921470.0,432
0,980275.3053398724,925663.1768798828,-54612.12845998956,-54498.220275753876,4,78.54415543959476,-54550.75916082226,16693,663513873300.0,433
3,9063570.040420989,9007992.09790039,-55577.94252059795,-54524.753890451044,4,52.01054074242711,-54550.75916082226,16694,663521955670.0,433
3,57216082.67285243,57154857.388305664,-61225.284546762705,-54576.76443119347,4,-52.01054074242711,-54550.75916082226,16695,663570102780.0,433
1,61458552.412364274,61396825.82824707,-61726.58411720395,-54585.0881793648,4,-60.33428891375661,-54550.75916082226,16696,663574344770.0,433
1,53287311.87233179,53313885.78588867,26573.91355688125,32765.909728892148,2,-6.07792404294014,32768.94869091362,16723,664567163900.0,434
2,55761450.71622203,55787743.21228027,26292.496058240533,32771.98765293509,2,6.07792404294014,32768.94869091362,16724,664569637770.0,434
0,41879988.220668055,41834522.42700195,-45465.79366610199,-40599.33075711876,2,32.282944925129414,-40615.472229581326,16747,665556700510.0,435
1,65301783.09199785,65253563.39819336,-48219.693804487586,-40631.61370204389,2,-32.282944925129414,-40615.472229581326,16748,665580119670.0,435
2,5813645.725548651,5767768.619262695,-45877.10628595576,-45201.55950355716,3,-24.267766186967492,-45180.932913690805,16769,666521534660.0,436
1,68021567.53260824,67968482.48010254,-53085.05250570178,-45180.932913690805,3,6.6721186125651,-45180.932913690805,16770,666583735690.0,436
1,75347184.25972953,75293255.25146484,-53929.00826469064,-45173.65056104958,3,17.595647574402392,-45180.932913690805,16771,666591060500.0,436
1,74296196.25916037,74275112.00024414,-21084.25891622901,-12451.026225984097,1,,-12451.026225984097,16822,668591881390.0,438
1,14786687.015194774,14734277.104370117,-52409.91082465649,-50691.69487084448,3,15.152626661583781,-50696.8364864178,16846,669533319420.0,439
1,17158645.724681996,17105955.0501709,-52690.67451109737,-50696.8364864178,3,7.4402033016085625,-50696.8364864178,16847,669535691110.0,439
1,55244027.72667033,55186891.5012207,-57136.22544962913,-50716.858508594334,3,-22.592829963192344,-50696.8364864178,16848,669573772240.0,439
2,5978902.629720771,5920590.821533203,-58311.80818756763,-57617.05852024071,2,46.04668519087136,-57640.081862836145,16881,670525398840.0,440
3,37375327.39150485,37313321.26586914,-62006.12563570589,-57663.10520543158,2,-46.04668519087136,-57640.081862836145,16882,670556791730.0,440
3,23981806.224609103,23957388.00427246,-24418.220336642116,-21631.529713243246,2,17.62828465551138,-21640.343855571,16910,671544341680.0,441
1,46106622.32327541,46079615.56665039,-27006.756625019014,-21649.157997898757,2,-17.62828465551138,-21640.343855571,16911,671566464020.0,441
3,47982102.378405556,47910713.1003418,-71389.27806375921,-65813.74828353524,1,,-65813.74828353524,16936,672569204150.0,442
0,24685997.89023517,24633048.45263672,-52949.43759845197,-50080.9197643213,1,,-50080.9197643213,16970,673546795710.0,443
0,5782156.6647085855,5723723.605102539,-58433.059606046416,-57761.1718587419,1,,-57761.1718587419,17002,674528755120.0,444
0,42785104.10596843,42722814.47583008,-62289.63013835251,-57317.992584593594,3,1.004195399582386,-57317.992584593594,17025,675566647550.0,445
0,58597336.84706472,58533214.11853027,-64122.72853444517,-57313.70641082525,3,7.433456052094698,-57317.992584593594,17026,675582458030.0,445
2,64246925.200026765,64182135.4074707,-64789.79255606234,-57324.2871491611,3,-8.437651451677084,-57317.992584593594,17027,675588106980.0,445
2,16053125.562038321,15996535.418457031,-56590.1435812898,-54724.76721801795,3,-26.34945936128497,-54700.37889618799,17045,676540778190.0,446
0,31436310.525725793,31377957.241333008,-58353.28439278528,-54700.37889618799,3,10.233023383654654,-54700.37889618799,17046,676556159690.0,446
0,48510783.888535604,48450450.46923828,-60333.41929732263,-54696.45662112534,3,16.116435977630317,-54700.37889618799,17047,676573232270.0,446
2,46154807.593381934,46101409.24230957,-53398.351072363555,-48035.15330733359,2,-3.307615101337433,-48033.49949978292,17064,677571793520.0,447
0,61597210.218098804,61542020.7644043,-55189.45369450748,-48031.84569223225,2,3.307615101337433,-48033.49949978292,17065,677587234210.0,447
0,22454282.94163981,22409720.645507812,-44562.2961319983,-41953.10401600227,3,-37.005939442664385,-41917.63152962923,17085,678548981550.0,448
0,39876753.42301758,39830202.1048584,-46551.3181591779,-41917.63152962923,3,16.202790116891265,-41917.63152962923,17086,678566402120.0,448
0,48249400.709698424,48201879.55517578,-47521.15452264249,-41914.564623489976,3,20.80314932577312,-41917.63152962923,17087,678574773840.0,448
0,996067.8718318546,956726.4700927734,-39341.401739081135,-39225.658455497585,5,33.62886600289494,-39258.38905829191,17122,679528447710.0,449
1,31372985.22967326,31330082.095581055,-42903.13409220427,-39257.58700752258,5,1.7003139778971672,-39258.38905829191,17123,679558821220.0,449
2,32876433.092159882,32833354.455078125,-43078.63708175719,-39258.38905829191,5,0.49723782390356064,-39258.38905829191,17124,679560324500.0,449
2,48704633.69024774,48659714.01660156,-44919.67364617437,-39260.18558470905,5,-2.197551801800728,-39258.38905829191,17125,679576150940.0,449
1,76505490.84399275,76457312.73352051,-48178.110472247005,-39288.15731456876,5,-30.169281661510468,-39258.38905829191,17126,679603948680.0,449
1,6879867.9381268835,6771427.879150391,-108440.05897649284,-107640.61696224939,2,-3.009743000380695,-107639.1120907492,17155,680535147400.0,450
2,76822746.85686275,76706182.43127441,-116564.42558833957,-107637.60721924901,2,3.009743000380695,-107639.1120907492,17156,680605082510.0,450
1,2871726.278986618,2776121.437133789,-95604.84185282886,-95271.14669160265,1,,-95271.14669160265,17172,681531980200.0,451
1,5226332.337453393,5206290.438720703,-20041.89873269014,-19434.597882073373,1,,-19434.597882073373,17196,682535218540.0,452
0,13409416.40291159,13365251.616699219,-44164.78621237166,-42606.60937592946,3,2.82151080109179,-42606.60937592946,17228,683544324710.0,453
2,38322084.044770405,38275015.01123047,-47069.03353993595,-42615.99979942292,3,-11.264124439097941,-42606.60937592946,17229,683569234600.0,453
3,66320041.990158,66269732.72619629,-50309.263961710036,-42602.861974038184,3,8.44261363800615,-42606.60937592946,17230,683597229460.0,453
1,55549643.86391699,55490123.392822266,-59520.471094727516,-53065.59149813652,1,,-53065.59149813652,17285,685588228930.0,455
0,7406284.905663887,7370055.814819336,-36229.0908445511,-35368.47907463182,2,-4.459295560605824,-35366.249426851515,17339,687541893640.0,457
2,47249377.73994136,47208523.33312988,-40854.406811475754,-35364.01977907121,2,4.459295560605824,-35366.249426851515,17340,687581732310.0,457
2,12319857.612085335,12224886.081665039,-94971.5304202959,-93539.96053070389,3,-38.40771626494825,-93510.54084254801,17359,688547637550.0,458
2,75637515.96170343,75535234.3026123,-102281.6590911299,-93492.56478632987,3,32.68590029608458,-93510.54084254801,17360,688610948220.0,458
1,77395949.3319076,77293445.36645508,-102503.96545252204,-93510.54084254801,3,5.721815968863666,-93510.54084254801,17361,688612706440.0,458
0,16984664.953912232,16932983.388305664,-51681.56560656801,-49707.94418183714,3,-12.572376143187284,-49705.63969386369,17386,689553176870.0,459
2,40171879.171507396,40117505.55151367,-54373.61999372393,-49705.63969386369,3,-9.115644183009863,-49705.63969386369,17387,689576361510.0,459
0,71150320.9050208,71092368.11975098,-57952.78526982665,-49685.10391752422,3,21.688020326197147,-49705.63969386369,17388,689607336530.0,459
2,10714583.461316515,10659832.366088867,-54751.09522764757,-53506.05851166323,2,-15.916406203061342,-53498.1003085617,17416,690547762790.0,460
1,75986050.39426127,75923730.65808105,-62319.736180216074,-53490.14210546017,2,15.916406203061342,-53498.1003085617,17417,690613027020.0,460
3,5198613.4998705955,5139455.365722656,-59158.13414793927,-58554.05423172843,3,-1.924493994563818,-58554.05423172843,17444,691543131440.0,461
3,8086575.256979349,8027080.689086914,-59494.56789243501,-58554.90624923073,3,-3.20252024801448,-58554.05423172843,17445,691546019080.0,461
2,34703087.2835104,34640505.42468262,-62581.85882778466,-58549.353226237,3,5.127014242578298,-58554.05423172843,17446,691572632640.0,461
2,21271251.7812748,21214548.786987305,-56702.99428749457,-54231.27062616497,2,-11.43957256525755,-54225.550839882344,17467,692560059830.0,462
2,33839326.88378574,33781174.916259766,-58151.967525973916,-54219.831053599715,2,11.43957256525755,-54225.550839882344,17468,692572626520.0,462
3,908111.7772478617,848739.1639404297,-59372.61330743204,-59267.09053942398,2,-12.48933600098826,-59260.84587142349,17487,693540597820.0,463
0,16213269.969801381,16152131.383422852,-61138.58637852967,-59254.60120342299,2,12.48933600098826,-59260.84587142349,17488,693555901290.0,463
1,8528579.29398419,8542491.178710938,13911.88472674787,14902.907326415181,2,-44.11328965425491,14924.963971242309,17519,694549145850.0,464
3,73925141.9303267,73931498.83483887,6356.904512166977,14947.020616069436,2,44.11328965425491,14924.963971242309,17520,694614535190.0,464
0,1173564.8505222457,1203442.3035888672,29877.45306662144,30013.821534211747,2,8.489292019978166,30009.57688820176,17586,697544671050.0,467
1,6892368.803219773,6921573.240844727,29204.437624953687,30005.33224219177,2,-8.489292019978166,30009.57688820176,17587,697550389210.0,467
3,17329593.826762497,17376644.393554688,47050.566792190075,49064.269020121545,3,2.593143593519926,49062.33508015424,17610,698561861390.0,468
1,31744658.855557248,31790031.13659668,45372.28103943169,49061.01667290181,3,-2.28537723608315,49062.33508015424,17611,698576274850.0,468
1,36522818.47777182,36567636.85412598,44818.376354157925,49062.33508015424,3,-0.30776635743677616,49062.33508015424,17612,698581052480.0,468
0,3304851.1685664477,3272128.4279785156,-32722.740587932058,-32338.71622892795,4,-19.062551665585488,-32324.171171780676,17632,699548762850.0,469
0,34465364.606779635,34429040.07092285,-36324.53585678339,-32319.653677262366,4,9.034989036619663,-32324.171171780676,17633,699579919920.0,469
2,51044885.92870942,51006625.814208984,-38260.11450043321,-32328.688666298985,4,-9.034989036619663,-32324.171171780676,17634,699596497590.0,469
2,77955278.0847769,77913909.05615234,-41369.02862454951,-32310.60990293324,4,18.078763365745544,-32324.171171780676,17635,699623405010.0,469
0,2505624.3828162933,2537311.8576660156,31687.474849722348,31978.628898252267,4,-1.3821247252635658,31979.3199606149,17689,701549843260.0,471
0,6580978.262832031,6612191.146850586,31212.884018555284,31977.59499345254,4,-2.416029524989426,31979.3199606149,17690,701553918160.0,471
2,41718420.25688031,41745552.57922363,27132.322343319654,31980.01102297753,4,1.3821247252635658,31979.3199606149,17691,701589051700.0,471
3,71794112.80300708,71817779.73522949,23666.932222411036,32009.422320500016,4,30.793422247748822,31979.3199606149,17692,701619124080.0,471
0,689047.8556571209,623817.9356689453,-65229.91998817562,-65149.85249115527,3,-15.602711196988821,-65146.85619068891,17709,702548934780.0,472
1,47831433.23743988,47760728.35925293,-70704.8781869486,-65146.85619068891,3,-11.108260497450829,-65146.85619068891,17710,702596071930.0,472
3,74353435.10217552,74279673.57495117,-73761.527224347,-65121.64336922765,3,26.71097169443965,-65146.85619068891,17711,702622591010.0,472
1,53950333.22787257,53952640.21777344,2306.9899008646607,8576.029285438359,1,,8576.029285438359,17755,704604151040.0,474
1,20424302.85706858,20393389.54333496,-30913.313733618706,-28540.00570468232,4,-25.77429597452283,-28514.245009746403,17791,705571516770.0,475
2,38031153.52451702,37998220.06555176,-32933.45896526426,-28514.231408707798,4,0.027202077209949493,-28514.245009746403,17792,705589121690.0,475
0,39400502.2719024,39367423.10656738,-33079.16533501446,-28500.81918335706,4,13.439427427947521,-28514.245009746403,17793,705590490900.0,475
1,44652009.24949032,44618306.4185791,-33702.83091121912,-28514.258610785007,4,-0.027202077209949493,-28514.245009746403,17794,705595741810.0,475
2,15940781.714447469,15967220.752441406,26439.03799393773,28291.3599799145,2,2.220524663105607,28290.24971758295,17820,706568024690.0,476
2,35551373.02903654,35575531.091918945,24158.0628824085,28289.139455251396,2,-2.220524663105607,28290.24971758295,17821,706587633100.0,476
1,7925391.896151221,7893194.090942383,-32197.805208838545,-31276.873104020953,2,70.1293381601572,-31311.93777310103,17850,707560965630.0,477
1,52139104.97506121,52101699.39831543,-37405.57674577832,-31347.00244218111,2,-70.1293381601572,-31311.93777310103,17851,707605174360.0,477
2,47176550.642544255,47181239.322753906,4688.680209651589,10170.60471894592,2,29.197243310511112,10156.006097290665,17867,708601148050.0,478
0,73827031.19388348,73828593.88574219,1562.6918587088585,10141.40747563541,2,-29.197243310511112,10156.006097290665,17868,708627795540.0,478
2,34554230.96226904,34480558.400268555,-73672.56200048327,-69657.353532888,2,15.318794056773186,-69665.01292991638,17893,709589418280.0,479
1,55245505.45878348,55169413.247802734,-76092.21098074317,-69672.67232694477,2,-15.318794056773186,-69665.01292991638,17894,709610107240.0,479
3,4781967.59420055,4776290.967651367,-5676.62654918246,-5120.960969561711,2,11.09124862216413,-5126.506593872793,17951,711561549060.0,481
2,70297088.60941553,70283788.02160645,-13300.587809085846,-5132.052218183875,2,-11.09124862216413,-5126.506593872793,17952,711627056890.0,481
3,21591633.174627278,21608318.630126953,16685.455499675125,19194.40754223615,2,3.2415945678949356,19192.786744952202,18006,713580291380.0,483
1,48256359.35327478,48269943.12072754,13583.76745276153,19191.165947668254,2,-3.2415945678949356,19192.786744952202,18007,713606953140.0,483
1,36263028.493802525,36296960.443725586,33931.949923060834,38145.72100157291,3,23.37605993077159,38138.80127558857,18034,714595962080.0,484
2,47495043.49508116,47527663.36291504,32619.86783388257,38138.80127558857,3,12.99647095426917,38138.80127558857,18035,714607192840.0,484
1,74068949.25312108,74098448.31518555,29499.06206446886,38105.8886076957,3,-36.37253088504076,38138.80127558857,18036,714633763760.0,484
1,27301967.543979384,27231263.081298828,-70704.46268055588,-67531.96865560487,2,-25.325190488249063,-67519.30606036074,18058,715587860400.0,485
0,34805826.034107134,34734274.946777344,-71551.08732979,-67506.64346511662,2,25.325190488249063,-67519.30606036074,18059,715595363450.0,485
0,32945955.15702056,32984624.75012207,38669.593101508915,42497.91960265115,2,-7.202636834233999,42501.520921068266,18072,716594508990.0,486
2,55994209.035302654,56030207.619384766,35998.584082111716,42505.12223948538,2,7.202636834233999,42501.520921068266,18073,716617554690.0,486
3,743152.0901251611,762221.0064697266,19068.916344565456,19155.27076432493,2,13.130726959672756,19148.705400845094,18096,717563265590.0,487
3,27804212.19782579,27820123.482910156,15911.285084366798,19142.140037365258,2,-13.130726959672756,19148.705400845094,18097,717590323630.0,487
2,75595871.65193254,75647247.05664062,51375.404708087444,60159.659935861826,1,,60159.659935861826,18128,718639095860.0,488
0,17720871.721517056,17735246.034179688,14374.312662631273,16433.481459271163,2,23.460099134594202,16421.751409703866,18153,719582132780.0,489
0,60954519.22784352,60963846.322021484,9327.09417796135,16410.02136013657,2,-23.460099134594202,16421.751409703866,18154,719625361600.0,489
2,10214238.51166685,10151503.129272461,-62735.38239438832,-61548.48586044833,4,-9.739876568317413,-61538.74646994658,18179,720575515110.0,490
2,22701886.377026405,22637709.6673584,-64176.70966800675,-61538.74598388001,4,0.0009721331298351288,-61538.74646994658,18180,720588001380.0,490
1,40482072.08057111,40415829.30883789,-66242.77173321694,-61538.74695601314,4,-0.0009721331298351288,-61538.74646994658,18181,720605779590.0,490
1,74296373.46493149,74226237.46533203,-70135.99959945679,-61502.746317863464,4,36.00063814967871,-61538.74646994658,18182,720639590170.0,490
1,1537558.024324382,1584447.6085205078,46889.584196125856,47068.24874245678,1,,47068.24874245678,18217,721567838090.0,491
1,8423714.452372495,8378785.46875,-44928.983622495085,-43950.146338149905,4,-57.66062539815903,-43892.98381658271,18244,722575629550.0,492
3,57952070.29433697,57901443.76660156,-50626.52773540467,-43892.485712751746,4,0.9962076619267464,-43892.98381658271,18245,722625152460.0,492
2,63871859.08694389,63820543.68237305,-51315.4045708403,-43893.48192041367,4,-0.9962076619267464,-43892.98381658271,18246,722631071590.0,492
3,72199983.98700082,72147711.35900879,-52272.62799203396,-43882.975582137704,4,10.506338275969028,-43892.98381658271,18247,722639398800.0,492
2,9185361.328582648,9153938.343261719,-31422.985320929438,-30355.64451902546,1,,-30355.64451902546,18277,723577318850.0,493
3,40148192.9942933,40159699.74707031,11506.752777010202,16171.980738393962,2,-19.539147086441517,16181.750311937183,18299,724609203840.0,494
2,70226045.65258965,70234076.89208984,8031.239500194788,16191.519885480404,2,19.539147086441517,16181.750311937183,18300,724639278370.0,494
1,58455222.94907174,58384799.53564453,-70423.41342721134,-63630.90496662259,1,,-63630.90496662259,18319,725628421000.0,495
1,2761454.3425379484,2820552.8095703125,59098.467032364104,59419.34857277945,4,-48.82947925850749,59451.15208357293,18345,726573760630.0,496
0,3514003.186857183,3573028.985107422,59025.79825023888,59434.12611510791,4,-34.051936930045485,59451.15208357293,18346,726574513110.0,496
2,74039375.78883103,74090240.57678223,50864.7879512012,59468.178052037954,4,34.051936930045485,59451.15208357293,18347,726645030680.0,496
3,78392763.5500844,78443128.45288086,50364.90279646218,59474.15741561353,4,40.03130050562322,59451.15208357293,18348,726649383590.0,496
0,43824189.96988289,43891466.74291992,67276.7730370313,72369.15257355571,1,,72369.15257355571,18397,728616846920.0,498
3,52205325.51417039,52235014.64831543,29689.13414503634,35755.40328837186,1,,35755.40328837186,18421,729626203470.0,499
2,2711313.857521728,2703850.7045898438,-7463.152931884397,-7148.097725738771,1,,-7148.097725738771,18443,730577685270.0,500
2,73263178.4033028,73205267.12963867,-57911.27366413176,-49398.0778529197,1,,-49398.0778529197,18469,731649113220.0,501
3,71476328.07397528,71516821.12792969,40493.05395440757,48798.617404177785,1,,48798.617404177785,18512,733649294780.0,503
1,35703354.006723,35724375.48364258,21021.476919576526,25170.213712066412,2,-22.202117383480072,25181.314770758152,18541,734614490280.0,504
3,46892775.15317459,46912518.619262695,19743.46608810872,25192.415829449892,2,22.202117383480072,25181.314770758152,18542,734625678480.0,504
1,59882954.960772656,59891131.087646484,8176.126873828471,15134.538076370955,2,-2.282961592078209,15135.679557166994,18566,735639646310.0,505
1,62467039.816779934,62474917.955444336,7878.138664402068,15136.821037963033,2,2.282961592078209,15135.679557166994,18567,735642230110.0,505
2,8377454.645269133,8439411.307250977,61956.66198184341,62930.12386746053,2,-19.35343940462917,62939.80058716284,18585,736589128440.0,506
0,22602595.964192525,22662919.01538086,60323.05118833482,62949.477306865156,2,19.35343940462917,62939.80058716284,18586,736603352020.0,506
3,3365694.2313288692,3339755.3149414062,-25938.91638746299,-25547.822052539792,3,-17.47601524507627,-25533.94680980593,18606,737585085750.0,507
0,17332925.168335497,17305384.333740234,-27540.834595263004,-25526.7452647835,3,14.139166389359161,-25533.94680980593,18607,737599051450.0,507
2,20550649.917715404,20522727.981323242,-27921.936392161995,-25533.94680980593,3,3.3368488557171077,-25533.94680980593,18608,737602268810.0,507
3,25114369.967188954,25148301.357421875,33931.39023292065,36849.684987060726,2,-48.86383952945471,36874.11690682545,18630,738607794470.0,508
0,59107838.396949515,59137868.603271484,30030.20632196963,36898.54882659018,2,48.86383952945471,36874.11690682545,18631,738641784210.0,508
3,18124596.93003004,18078101.51196289,-46495.41806714982,-44389.3363214843,4,-30.469048533588648,-44361.532586123794,18649,739601755370.0,509
0,25228231.13459848,25180935.411254883,-47295.72334359586,-44364.19789929688,4,-5.330626346170902,-44361.532586123794,18650,739608858240.0,509
1,47495640.11894384,47445762.24890137,-49877.87004247308,-44358.86727295071,4,5.330626346170902,-44361.532586123794,18651,739631123180.0,509
0,70372392.88743746,70319895.98962402,-52496.89781343937,-44319.61185054481,4,44.58604875206947,-44361.532586123794,18652,739653997430.0,509
1,63191355.67111579,63241109.224731445,49753.553615652025,57096.40163465589,3,-17.96005754172802,57114.05839532614,18675,740647745710.0,510
2,64997418.70076934,65046980.04626465,49561.345495305955,57114.05839532614,3,8.525083463639021,57114.05839532614,18676,740649551590.0,510
1,77725292.39287508,77773375.36352539,48082.970650315285,57114.664989069104,3,9.434974078088999,57114.05839532614,18677,740662278050.0,510
1,35324689.957983494,35288503.642944336,-36186.31503915787,-32081.57908397913,3,-22.860925242304802,-32062.162052489817,18707,741620799010.0,511
1,55419263.41412012,55380761.52270508,-38501.891415044665,-32062.162052489817,3,6.264621991664171,-32062.162052489817,18708,741640891370.0,511
2,60872882.522741005,60833753.80749512,-39128.71524588764,-32055.274264983833,3,16.59630325064063,-32062.162052489817,18709,741646344390.0,511
0,52450675.26632532,52432497.372558594,-18177.893766723573,-12083.11493369937,1,,-12083.11493369937,18736,742638847250.0,512
3,7737375.055651996,7723437.307739258,-13937.747912738472,-13038.66340194922,1,,-13038.66340194922,18766,743595074890.0,513
3,29280791.318287842,29337240.146240234,56448.8279523924,59851.26169104129,2,58.56238803267479,59821.98049702495,18789,744617627010.0,514
1,64110990.15080516,64163333.14038086,52342.98957569897,59792.699303008616,2,-58.56238803267479,59821.98049702495,18790,744652453280.0,514
0,33029635.208358634,33032899.86755371,3264.659195076674,7102.709334723651,2,56.57597791403532,7074.421345766634,18822,745622297760.0,515
0,77590693.33021224,77588723.40966797,-1969.9205442667007,7046.133356809616,2,-56.57597791403532,7074.421345766634,18823,745666853810.0,515
3,74101477.75381239,74116653.72912598,15175.975313588977,23786.58167502284,1,,23786.58167502284,18848,746664323770.0,516
1,76885198.31991886,76839920.35620117,-45277.96371768415,-36343.888476252556,1,,-36343.888476252556,18869,747668029290.0,517
3,11242383.973908534,11222922.760375977,-19461.21353255771,-18154.84629268758,1,,-18154.84629268758,18888,748603308950.0,518
0,71322752.61433381,71372177.89343262,49425.279098808765,57712.9970498085,1,,57712.9970498085,18910,749664366510.0,519
3,5999654.960005828,5949604.71875,-50050.24125582818,-49353.08016362041,2,4.7415901273489,-49355.45095868409,18937,750599956820.0,520
2,20030158.7462968,19978473.416137695,-51685.33015910536,-49357.82175374776,2,-4.7415901273489,-49355.45095868409,18938,750613985760.0,520
3,38778137.018746585,38818996.642944336,40859.624197751284,45365.65138398111,1,,45365.65138398111,18963,751634100460.0,521
1,74215640.3609327,74200065.76965332,-15574.591279372573,-6950.719200417399,2,-22.981578946113586,-6939.228410944343,19018,753671442860.0,523
0,74869980.08831994,74854352.44421387,-15627.644106075168,-6927.737621471286,2,22.981578946113586,-6939.228410944343,19019,753672097150.0,523
0,66606151.04462707,66604809.10681152,-1341.9378155469894,6397.71010080725,1,,6397.71010080725,19035,754664777580.0,524
3,1564671.5977864051,1560968.2205810547,-3703.3772053504363,-3521.562056424096,2,52.516694186255336,-3547.820403517224,19069,755600704640.0,525
3,37846035.63541561,37838063.83984375,-7971.795571863651,-3574.0787506103516,2,-52.516694186255336,-3547.820403517224,19070,755636981920.0,525
2,41198130.15143246,41261425.13366699,63294.98223453015,68082.21310109645,1,,68082.21310109645,19103,756641343250.0,526
0,35352196.24518199,35468522.92492676,116326.67974476516,120434.61193595827,3,22.197775796055794,120421.94614391029,19152,758637630510.0,528
2,50269846.53385095,50384427.1138916,114580.58004064858,120421.94614391029,3,3.1990877240896225,120421.94614391029,19153,758652546490.0,528
1,74165850.87940377,74277635.67504883,111784.79564505816,120402.88217641413,3,-25.396863520145416,120421.94614391029,19154,758676439820.0,528
2,551350.4687482299,553962.2852783203,2611.8165300904075,2675.883563535521,2,-40.193753061583266,2695.9804400663124,19181,759603808860.0,529
3,78384688.97707269,78378296.73803711,-6392.239035576582,2716.077316597104,2,40.193753061583266,2695.9804400663124,19182,759681633590.0,529
1,37001498.58549185,37047673.455322266,46174.86983041465,50474.45127953589,2,-0.1103234589099884,50474.506441265345,19201,760641248900.0,530
1,39244957.76432329,39290872.05407715,45914.289753861725,50474.5616029948,2,0.1103234589099884,50474.506441265345,19202,760643492110.0,530
0,64860545.93666339,64828531.94543457,-32013.991228818893,-24477.182971037924,1,,-24477.182971037924,19308,764672995210.0,534
3,19309452.90295484,19393705.68005371,84252.77709887177,86496.53934278339,3,-13.588221261277795,86497.33646872267,19331,765628475320.0,535
3,22884889.4019687,22968727.509765625,83838.10779692605,86497.33646872267,3,-12.392532352358103,86497.33646872267,19332,765632050360.0,535
1,59064744.060806125,59144403.64453125,79659.5837251246,86522.91865936667,3,25.980753613635898,86497.33646872267,19333,765668226220.0,535
0,72041845.1757591,72014628.66003418,-27216.515724927187,-18845.239076152444,1,,-18845.239076152444,19355,766682086430.0,536
1,1488865.9365250205,1517023.7830810547,28157.846556034172,28330.853072138503,4,-29.857624052092433,28360.019191192463,19371,767612502610.0,537
2,29339880.83400684,29364832.244750977,24951.410744138062,28360.710696190596,4,1.383009996265173,28360.019191192463,19372,767640350560.0,537
2,29980943.450807117,30005818.986938477,24875.536131359637,28359.32768619433,4,-1.383009996265173,28360.019191192463,19373,767640991550.0,537
0,47966442.00226691,47989257.58496094,22815.582694023848,28389.29273544252,4,29.965049248188734,28360.019191192463,19374,767658975080.0,537
2,65071442.537966266,65107265.03540039,35822.49743412435,43383.811918661,2,-19.41986693441868,43393.52185212821,19397,768677078230.0,538
0,71371543.17407072,71406653.01843262,35109.84436190128,43403.23178559542,2,19.41986693441868,43393.52185212821,19398,768683377650.0,538
0,34049433.96110524,34131951.06530762,82517.10420237482,86473.6551586613,4,14.577111296355724,86462.47440935671,19420,769647059910.0,539
1,36090971.54466126,36173230.69030762,82259.14564635605,86452.92367336899,4,-12.947097979485989,86462.47440935671,19421,769649101200.0,539
1,46333113.47891145,46414188.64001465,81075.16110319644,86459.07804736495,4,-6.79272398352623,86462.47440935671,19422,769659342210.0,539
1,49826784.89673602,49907460.885253906,80675.98851788789,86465.87077134848,4,6.79272398352623,86462.47440935671,19423,769662835500.0,539
2,1790439.0281898743,1853219.2982177734,62780.27002789918,62988.31939686206,5,-54.11717466893606,63037.87403321266,19447,770615821110.0,540
3,4700962.378773053,4763414.506958008,62452.128184954636,62998.38094253186,5,-44.05562899913639,63037.87403321266,19448,770618731320.0,540
2,66526332.81075616,66581640.31176758,55307.501011416316,63037.87403321266,5,15.18400702206418,63037.87403321266,19449,770680549860.0,540
3,69034252.36118773,69089277.56652832,55025.20534059405,63046.999109849334,5,28.87162197707221,63037.87403321266,19450,770683057510.0,540
3,73364889.25021273,73419415.55834961,54526.3081368804,63051.322768613696,5,33.195280741434544,63037.87403321266,19451,770687387670.0,540
3,4459149.615956401,4449652.064453125,-9497.551503276452,-8979.397436534055,3,-15.24194348603487,-8967.041370438412,19539,774622328850.0,544
3,10195514.674422234,10185362.912231445,-10151.762190788984,-8967.041370438412,3,3.292155657429248,-8967.041370438412,19540,774628064590.0,544
2,17929898.333669186,17918853.606323242,-11044.727345943451,-8961.269615657628,3,11.949787828605622,-8967.041370438412,19541,774635798120.0,544
2,79651076.48783202,79671856.46594238,20779.97811035812,30035.4489415884,1,,30035.4489415884,19562,775698483500.0,545
1,34033632.60715996,34033058.55151367,-574.0556462854147,3380.659189544618,1,,3380.659189544618,19585,776653894550.0,546
1,40450425.51425934,40402278.80004883,-48146.714210510254,-43446.36677056551,1,,-43446.36677056551,19612,777661216090.0,547
3,22942263.6859266,23017582.126708984,75318.44078238308,77984.33635731414,2,-28.575707402080297,77998.62421101518,19646,778644715240.0,548
0,68013983.39949173,68084093.07324219,70109.67375046015,78012.91206471622,2,28.575707402080297,77998.62421101518,19647,778689781980.0,548
0,19598701.004521742,19594168.05065918,-4532.953862562776,-2255.5809320770204,2,-38.8381533883512,-2236.161855382845,19672,779642263040.0,549
3,76324175.40011725,76313089.77307129,-11085.627045959234,-2216.742778688669,2,38.8381533883512,-2236.161855382845,19673,779698982250.0,549
2,35730251.793059394,35791400.506347656,61148.71328826249,65300.575608842075,2,-29.89690712094307,65315.52406240255,19702,780659381410.0,550
3,60719628.67120136,60777903.51086426,58274.83966289461,65330.47251596302,2,29.89690712094307,65315.52406240255,19703,780684368040.0,550
1,33598498.138529666,33644151.82312012,45653.68459045142,49557.83671502024,2,-3.1309897527098656,49559.402209896594,19722,781658229190.0,551
2,41975645.86125131,42020329.25061035,44683.38935904205,49560.96770477295,2,3.1309897527098656,49559.402209896594,19723,781666605410.0,551
0,74111590.91174467,74188386.29418945,76795.38244478405,85407.16395717859,1,,85407.16395717859,19741,782699741790.0,552
3,13063715.030972028,13120730.946289062,57015.91531703435,58533.92158572748,2,-9.85140672698617,58538.847289090976,19774,783639694720.0,553
1,46100766.198008195,46153953.052856445,53186.85484825075,58543.77299245447,2,9.85140672698617,58538.847289090976,19775,783672728110.0,553
3,43425715.00752286,43420705.49499512,-5009.512527741492,36.564139395952225,1,,36.564139395952225,19801,784670960960.0,554
3,35656624.390873045,35646591.86730957,-10032.523563474417,-5889.2167615816,3,26.25185300782323,-5899.621569141746,19828,785664091990.0,555
1,38220939.73789249,38210598.83557129,-10340.902321204543,-5899.621569141746,3,10.644641667604446,-5899.621569141746,19829,785666656010.0,555
3,65917359.00905766,65903768.08325195,-13590.925805710256,-5931.3156600371,3,-36.896494675427675,-5899.621569141746,19830,785694349320.0,555
3,9179786.661028236,9265952.697875977,86166.03684774041,87232.7298721727,2,5.120598271489143,87230.16957303695,19853,786638638160.0,556
2,11290016.266602676,11375931.973754883,85915.70715220645,87227.60927390121,2,-5.120598271489143,87230.16957303695,19854,786640748150.0,556
1,66460505.41848887,66518358.03515625,57852.61666738242,65575.34053318948,1,,65575.34053318948,19875,787696901000.0,557
0,2770077.3120375,2950513.4896240234,180436.17758652335,180758.0611176989,3,-47.879017321858555,180797.76428442448,19903,788634335040.0,558
3,53135154.08652319,53309777.53540039,174623.44887720048,180797.76428442448,3,11.675732766510919,180797.76428442448,19904,788684694560.0,558
2,77485193.4678731,77657003.7890625,171810.32118940353,180814.11598561704,3,36.203284555347636,180797.76428442448,19905,788709041910.0,558
3,55498034.925743125,55510038.00354004,12003.077796913683,18451.96042469144,1,,18451.96042469144,19934,789688037840.0,559
2,9547831.368861537,9625318.036376953,77486.6675154157,78596.12740764394,3,18.44132213294506,78584.01421877742,19973,791644140150.0,561
1,27098486.335998543,27173908.844482422,75422.50848387927,78571.35795224458,3,-18.71286096610129,78584.01421877742,19974,791661688830.0,561
0,33752313.0411351,33826975.02990723,74661.98877212405,78584.01421877742,3,0.27153883315622807,78584.01421877742,19975,791668341930.0,561
1,21763614.940630205,21742320.48852539,-21294.45210481435,-18765.51574704796,3,-19.006714802235365,-18754.61101281643,20000,792657324190.0,562
3,29399442.51539363,29377271.68334961,-22170.832044020295,-18754.61101281643,3,-2.649613454937935,-18754.61101281643,20001,792664959180.0,562
3,48020585.45959893,47996267.05102539,-24318.408573538065,-18738.40705167502,3,21.6563282571733,-18754.61101281643,20002,792683578270.0,562
3,23122711.623728108,23101244.986572266,-21466.637155842036,-18779.77349486947,1,,-18779.77349486947,20046,794660555440.0,564
0,35951362.89187014,35914836.60998535,-36526.28188478947,-32348.72641082853,4,19.17742732167244,-32367.876989852637,20076,795674296040.0,565
1,37141630.93714948,37104940.56115723,-36690.37599225342,-32374.51113616675,4,-6.660994611680508,-32367.876989852637,20077,795675486150.0,565
3,40321707.69426638,40284654.400024414,-37053.29424196482,-32367.903838150203,4,-0.05369659513235092,-32367.876989852637,20078,795678665880.0,565
0,54284589.17117284,54245913.44104004,-38675.73013280332,-32367.85014155507,4,0.05369659513235092,-32367.876989852637,20079,795692627210.0,565
0,2429009.806425563,2489369.4688720703,60359.66244650725,60641.91386611713,2,23.844148348551244,60629.991791942855,20110,796641753570.0,566
2,24375102.26143597,24432887.939453125,57785.678017154336,60618.06971776858,2,-23.844148348551244,60629.991791942855,20111,796663697200.0,566
2,6478002.386223091,6447639.474121094,-30362.912101997063,-29610.166944315657,2,20.502212123945355,-29620.41805037763,20140,797646761940.0,567
2,20180485.484059416,20148509.838500977,-31975.645558439195,-29630.669156439602,2,-20.502212123945355,-29620.41805037763,20141,797660462880.0,567
0,35568381.418111145,35610382.189208984,42000.77109783888,46133.82404885441,3,17.304410833865404,46133.767646603286,20172,798676814910.0,568
0,42809086.048703484,42850245.392089844,41159.34338635951,46133.767646603286,3,17.21980745717883,46133.767646603286,20173,798684054810.0,568
1,78365821.54617119,78402814.69384766,36993.147676467896,46099.271629437804,3,-34.524218291044235,46133.767646603286,20174,798719607560.0,568
3,47021591.19578409,47052973.38171387,31382.185929775238,36846.1041207239,2,20.93448470532894,36835.63687837124,20218,800690140630.0,570
1,48827872.84123173,48859024.20239258,31151.361160844564,36825.169636018574,2,-20.93448470532894,36835.63687837124,20219,800691946690.0,570
3,52881801.59265563,52841538.29785156,-40263.29480406642,-34118.419006705284,1,,-34118.419006705284,20239,801696937320.0,571
2,58170449.92743358,58210631.87414551,40181.94671192765,46941.36449111253,1,,46941.36449111253,20263,802703210600.0,572
0,1773918.8884197546,1762193.0877685547,-11725.800651199883,-11519.670925743412,5,-24.68346445588395,-11509.282793290913,20284,803647775090.0,573
2,28701970.69757371,28687126.240112305,-14844.457461405545,-11509.282793290913,5,-11.181623291224241,-11509.282793290913,20285,803674700160.0,573
1,40952708.20517635,40936433.982177734,-16274.22299861908,-11515.510210715234,5,-20.522749427706003,-11509.282793290913,20286,803686949530.0,573
0,63146602.1173021,63127791.193115234,-18810.924186863005,-11473.27653966099,5,39.119962342083454,-11509.282793290913,20287,803709141000.0,573
1,76943392.60780555,76922971.07824707,-20421.529558479786,-11480.692129284143,5,31.704372718930244,-11509.282793290913,20288,803722936250.0,573
3,52524987.919557974,52499697.88366699,-25290.035890981555,-19186.62191296369,1,,-19186.62191296369,20318,804699454900.0,574
3,23922614.87070957,23987231.79272461,64616.92201504111,67396.73459141701,2,4.888355977833271,67394.2904134281,20339,805671821360.0,575
2,35922753.193135485,35985970.80834961,63217.61521412432,67391.84623543918,2,-4.888355977833271,67394.2904134281,20340,805683820160.0,575
2,46518908.9040238,46539164.43408203,20255.53005823493,25661.036467529833,3,15.051486037671566,25654.037375599146,20381,807696273630.0,577
2,46869864.90082465,46890072.650634766,20207.749810114503,25654.037375599146,3,4.552848141640425,25654.037375599146,20382,807696624540.0,577
1,59989088.79051313,60007755.97912598,18667.18861284852,25637.932587385178,3,-19.60433417931199,25654.037375599146,20383,807709742290.0,577
2,1532970.4486332643,1489599.8449707031,-43370.60366256116,-43192.47219343227,1,,-43192.47219343227,20406,808652210940.0,578
1,12683840.162689121,12669261.365722656,-14578.79696646519,-13104.932232549414,3,26.912284860387444,-13122.490300387144,20436,809664397730.0,579
2,43970624.25259493,43952392.36706543,-18231.885529503226,-13122.490300387144,3,0.5751831037923694,-13122.490300387144,20437,809695681020.0,579
3,75047936.21686181,75026074.43310547,-21861.78375634551,-13141.198734432459,3,-27.487467964179814,-13122.490300387144,20438,809726754860.0,579
0,3939630.215026661,3961156.379638672,21526.164612011053,21983.95042168023,2,-44.51103223441169,22006.205937797436,20460,810656615500.0,580
2,77898283.85796478,77911260.5234375,12976.665472716093,22028.461453914642,2,44.51103223441169,22006.205937797436,20461,810730565980.0,580
3,68473362.31368202,68449563.20373535,-23799.109946668148,-15842.49171179533,1,,-15842.49171179533,20490,811722062410.0,581
1,7824666.860966161,7921753.584350586,97086.72338442504,97995.9512202451,3,-57.3870551912114,98044.77450573444,20514,812662462260.0,582
2,51869472.217929915,51961489.74951172,92017.53158180416,98044.77450573444,3,15.847873042803258,98044.77450573444,20515,812706502220.0,582
3,60091448.701747485,60182527.96557617,91079.26382868737,98061.90204513818,3,41.539182148408145,98044.77450573444,20516,812714723300.0,582
0,32562115.34080785,32616712.33581543,54596.99500757828,58380.71924620867,1,,58380.71924620867,20537,813688179520.0,583
2,9256361.906554794,9253587.523925781,-2774.382629012689,-1698.791545914486,4,17.475881492719054,-1715.9185399543494,20555,814665803380.0,584
1,19610499.218200833,19606504.904663086,-3994.313537746668,-1715.5696525014937,4,0.6977749057114124,-1715.9185399543494,20556,814676156350.0,584
0,49209568.9119716,49202134.482910156,-7434.429061442614,-1716.267427407205,4,-0.6977749057114124,-1715.9185399543494,20557,814705752130.0,584
2,78070594.5477272,78059777.81201172,-10816.735715478659,-1744.9171980768442,4,-29.347545575350523,-1715.9185399543494,20558,814734609920.0,584
0,3224423.2969146515,3270705.338623047,46282.04170839535,46656.72033281671,4,-47.91168460203335,46680.676175117726,20600,816661692530.0,586
1,9282005.824506879,9327574.554077148,45568.729570269585,46647.30048170127,4,-57.331535717472434,46680.676175117726,20601,816667749430.0,586
0,43334412.33562741,43376081.50036621,41669.1647388041,46704.63201741874,4,47.91168460203335,46680.676175117726,20602,816701798110.0,586
2,74990191.41531885,75028210.62634277,38019.211023926735,46733.08608849347,4,76.36575567675754,46680.676175117726,20603,816733450400.0,586
2,17451484.45271621,17480609.6763916,29125.223675392568,31153.08961815387,2,-33.66549450159073,31169.922365404665,20627,817676866570.0,587
2,59906358.297193065,59930583.92163086,24225.62443779409,31186.75511265546,2,33.66549450159073,31169.922365404665,20628,817719316760.0,587
2,7599918.4495771965,7658314.072387695,58395.62281049881,59278.73483649362,4,-18.827660317532718,59294.6841837978,20648,818668025440.0,588
0,9404995.955443954,9463194.898925781,58198.943481827155,59291.80587078445,4,-5.756626026704907,59294.6841837978,20649,818669830330.0,588
2,35738766.36050725,35793911.07128906,55144.71078181267,59297.56249681115,4,5.756626026704907,59294.6841837978,20650,818696161180.0,588
3,56266013.67417437,56318786.752319336,52773.078144967556,59311.200055107474,4,19.39418432302773,59294.6841837978,20651,818716686160.0,588
1,29051191.151080668,29137831.227661133,86640.07658046484,90015.83073430136,4,-22.62757720425725,90035.06558973156,20678,819690515210.0,589
3,30176800.384625517,30263325.50732422,86525.12269870192,90031.6728679575,4,-6.785443548113108,90035.06558973156,20679,819691640710.0,589
2,57793342.30013138,57876665.16064453,83322.86051315069,90038.45831150562,4,6.785443548113108,90035.06558973156,20680,819719254190.0,589
2,69601126.04374224,69683095.1538086,81969.11006635427,90056.77466957271,4,25.101801615208387,90035.06558973156,20681,819731060680.0,589
0,39004902.52310158,39000399.20837402,-4503.314727559686,29.062655098736286,1,,29.062655098736286,20702,820701430980.0,590
3,30356348.083342984,30318648.88720703,-37699.19613595307,-34171.782488618046,2,1.4516434855759144,-34172.508310360834,20745,822694592320.0,592
3,42568896.5716919,42529776.82336426,-39119.74832764268,-34173.23413210362,2,-1.4516434855759144,-34172.508310360834,20746,822706803510.0,592
1,19831796.74408399,19890746.692871094,58949.94878710434,61254.40748859942,2,52.1820365190506,61228.316470339894,20767,823685080300.0,593
1,73352316.03141621,73404994.70324707,52678.67183086276,61202.22545208037,2,-52.1820365190506,61228.316470339894,20768,823738594820.0,593
3,46662545.31409756,46739953.57897949,77408.26488193125,82830.4618704617,3,-1.3065753765404224,82831.6600811705,20820,825713812970.0,595
0,54702477.4988312,54778952.720214844,76475.22138364613,82831.6600811705,3,0.49074068665504456,82831.6600811705,20821,825721852010.0,595
0,60994726.465624705,61070470.74316406,75744.27753935754,82831.87681050599,3,0.8158346898853779,82831.6600811705,20822,825728143560.0,595
0,14931534.087359138,14917249.773925781,-14284.313433356583,-12549.266221130267,2,43.41490994207561,-12570.973676101305,20848,826682975160.0,596
1,42281356.56620219,42263850.783081055,-17505.78312113881,-12592.681131072342,2,-43.41490994207561,-12570.973676101305,20849,826710321900.0,596
0,4698796.944249233,4669664.7646484375,-29132.17960079573,-28586.17846713867,5,18.97654145024717,-28604.923611054197,20878,827673623490.0,597
3,5604406.319208665,5575150.162475586,-29256.156733078882,-28604.923611054197,5,-3.7861877158284187,-28604.923611054197,20879,827674528980.0,597
0,17237250.904958382,17206651.044555664,-30599.860402718186,-28596.8884405531,5,8.266568035818636,-28604.923611054197,20880,827686160540.0,597
0,22698196.21352885,22666953.292236328,-31242.92129252106,-28605.386406123638,5,-4.480380319990218,-28604.923611054197,20881,827691620870.0,597
0,77202319.43455386,77164736.30371094,-37583.13084292412,-28612.206065282226,5,-11.300039478577673,-28604.923611054197,20882,827746118930.0,597
0,73276652.5837162,73312478.80932617,35826.22560997307,44340.98712362349,1,,44340.98712362349,20903,828743158780.0,598
1,20527106.74053617,20501883.711669922,-25223.028866246343,-22837.77500573173,3,8.92449053376913,-22837.77500573173,20921,829691326060.0,599
0,30866372.189734638,30839961.16772461,-26411.022010028362,-22824.343460723758,3,29.071808045729995,-22837.77500573173,20922,829701664190.0,599
2,57446480.43641402,57416936.08850098,-29544.34791304171,-22869.055531807244,3,-37.996298579499125,-22837.77500573173,20923,829728241300.0,599
0,49566192.95447756,49663337.93725586,97144.98277829587,102904.58419656008,1,,102904.58419656008,21476,851742069540.0,621
2,47270544.37105799,47311763.99194336,41219.62088537216,46712.467484496534,2,7.547924421727657,46708.69352228567,21504,852740772130.0,622
0,70069585.30790985,70108148.12780762,38562.81989777088,46704.919560074806,2,-7.547924421727657,46708.69352228567,21505,852763568630.0,622
2,29512746.19658398,29484999.19470215,-27747.001881830394,-24317.614940479398,1,,-24317.614940479398,21529,853723902170.0,623
3,28749653.09657786,28768625.78137207,18972.684794209898,22313.40016651526,2,39.34113857522607,22293.729597227648,21548,854724074080.0,624
1,78806074.61853723,78819191.39611816,13116.777580931783,22274.059027940035,2,-39.34113857522607,22293.729597227648,21549,854774124900.0,624
2,6314720.568354152,6356138.153442383,41417.58508823067,42151.35686640255,5,19.762404141947627,42138.86388808489,21577,855702645510.0,625
0,24883345.15836764,24922603.788208008,39258.62984036654,42150.079466059804,5,18.485003799200058,42138.86388808489,21578,855721212070.0,625
2,40478809.314225726,40516244.5324707,37435.218244977295,42138.86388808489,5,1.6616368368268013,42138.86388808489,21579,855736805790.0,625
1,43399079.68964222,43436159.69189453,37080.002252310514,42122.983890242875,5,-21.487786829471588,42138.86388808489,21580,855739725720.0,625
3,59942666.642473176,59977825.61779785,35158.97532467544,42124.32503643632,5,-20.14664063602686,42138.86388808489,21581,855756267470.0,625
0,36590777.305184916,36549245.306396484,-41531.99878843129,-37280.143233262,3,38.54804715141654,-37292.193485327065,21603,856733792850.0,626
3,42363530.81362161,42321315.96948242,-42214.84413918853,-37292.193485327065,3,20.472669053822756,-37292.193485327065,21604,856739564950.0,626
3,79896754.43466142,79850125.22692871,-46629.20773270726,-37345.18907549977,3,-59.020716205239296,-37292.193485327065,21606,856777093950.0,626
2,37076261.65251549,37048123.661987305,-28137.990528188646,-23829.72159589827,1,,-23829.72159589827,21632,857735190770.0,627
0,503246.583245547,485702.39306640625,-17544.190179140773,-17485.71282669896,2,16.48722744459519,-17493.956440421258,21658,858699525410.0,628
2,7239531.594602256,7221188.159545898,-18343.435056357644,-17502.200054143555,2,-16.48722744459519,-17493.956440421258,21659,858706260930.0,628
1,15005306.306785582,15046467.125976562,41160.81919098087,42904.43874968588,2,-22.334915071725845,42915.60620722175,21694,859715015240.0,629
3,39842553.842531234,39880850.90356445,38297.0610332191,42926.77366475761,2,22.334915071725845,42915.60620722175,21695,859739849750.0,629
2,70660116.06641996,70613967.18432617,-46148.88209378719,-37938.1626406163,1,,-37938.1626406163,21716,860771562190.0,630
1,19454548.075222895,19497079.987060547,42531.911837652326,44792.53416926041,2,-17.847094636410475,44801.45771657862,21739,861721323090.0,631
0,63190620.102595374,63228087.72131348,37467.618718102574,44810.38126389682,2,17.847094636410475,44801.45771657862,21740,861765054320.0,631
1,61508398.10647833,61549378.69177246,40980.585294127464,48127.87331147492,2,6.412176474928856,48124.667223237455,21769,862764363730.0,632
0,77255604.32027388,77294748.66491699,39144.344643116,48121.46113499999,2,-6.412176474928856,48124.667223237455,21770,862780109180.0,632
1,52960271.811540365,52913516.85595703,-46754.95558333397,-40600.96153102815,2,16.2208988443017,-40609.0719804503,21803,863756748720.0,633
1,61680106.96504271,61632322.54199219,-47784.423050522804,-40617.18242987245,2,-16.2208988443017,-40609.0719804503,21804,863765467570.0,633
0,4382818.74791243,4349842.676513672,-32976.07139875833,-32466.786993969232,9,70.28208088129759,-32531.941091395915,21819,864709063870.0,634
2,36759172.583965205,36722378.14099121,-36794.44297399372,-32523.019854143262,9,14.049220707267523,-32531.941091395915,21820,864741436570.0,634
2,39492934.79582416,39455814.248168945,-37120.54765521735,-32531.460826009512,9,5.608248841017485,-32531.941091395915,21821,864744170020.0,634
2,40703879.83421169,40666618.09423828,-37261.739973410964,-32531.941091395915,9,4.887850761413574,-32531.941091395915,21822,864745380830.0,634
3,43639523.245443486,43601923.17529297,-37600.07015051693,-32529.1489238739,9,7.920150976628065,-32531.941091395915,21823,864748316150.0,634
1,46000871.39205924,45962981.17504883,-37890.21701040864,-32544.906662397087,9,-13.20570369437337,-32531.941091395915,21824,864750677220.0,634
2,51055440.33723184,51016965.48791504,-38474.84931679815,-32542.197058305144,9,-10.496099602431059,-32531.941091395915,21825,864755731230.0,634
2,76662177.8919806,76620695.35522461,-41482.53675599396,-32574.37653236091,9,-42.67557365819812,-32531.941091395915,21826,864781335090.0,634
0,79870503.69991162,79828659.05053711,-41844.64937451482,-32563.681057870388,9,-31.98009916767478,-32531.941091395915,21827,864784543070.0,634
3,35315299.464703634,35366015.80883789,50716.344134256244,54819.98891226202,3,17.95975311845541,54803.58170410246,21839,865741002280.0,635
2,44130705.424266145,44180381.009277344,49675.58501119912,54803.58170410246,3,-6.651059120893478,54803.58170410246,21840,865749816690.0,635
0,53742436.56785713,53790992.16271973,48555.5948625952,54800.47661418468,3,-11.308693997561932,54803.58170410246,21841,865759427350.0,635
1,22919191.05094026,22998345.157348633,79154.10640837252,81817.32093856111,3,53.983703557401896,81771.70163503289,21867,866729612690.0,636
1,59102537.29966131,59177441.27478027,74903.97511896491,81771.70163503289,3,-14.445251734927297,81771.70163503289,21868,866765791970.0,636
2,76916403.47369075,76989220.74523926,72817.2715485096,81754.97283497453,3,-39.5384518224746,81771.70163503289,21869,866783603840.0,636
2,47205484.20156887,47195562.27087402,-9921.930694848299,-4436.644100278616,4,22.91316855698824,-4457.237154681236,21890,867754865230.0,637
1,56897179.398599,56886113.018066406,-11066.380532592535,-4454.917040526867,4,4.640228308737278,-4457.237154681236,21891,867764555830.0,637
2,67116309.57042351,67104051.0847168,-12258.485706716776,-4459.557268835604,4,-4.640228308737278,-4457.237154681236,21892,867774773820.0,637
2,73948755.84920128,73935696.36242676,-13059.486774519086,-4466.626728579402,4,-11.709688052535057,-4457.237154681236,21893,867781605500.0,637
2,21974443.96060927,21944681.17602539,-29762.784583877772,-27209.349852319807,5,20.09609486721456,-27210.833218026906,21914,868730577260.0,638
3,26398597.047917664,26368318.692504883,-30278.35541278124,-27210.833218026906,5,17.871046306565404,-27210.833218026906,21915,868735000920.0,638
0,30030591.7649845,29999900.23474121,-30691.530243288726,-27201.96954453364,5,27.47640265338123,-27210.833218026906,21916,868738632520.0,638
2,46780539.078746274,46747855.11218262,-32683.966563656926,-27248.058676347136,5,-37.967141173779964,-27210.833218026906,21917,868755380560.0,638
3,72263370.92865571,72227695.60925293,-35675.31940278411,-27278.3014177382,5,-68.2098825648427,-27210.833218026906,21918,868780860530.0,638
1,2077952.3559128651,2041959.21875,-35993.13716286514,-35751.67868839274,2,112.01964187552221,-35807.6885093305,21939,869711574500.0,639
1,76074056.69172782,76029353.17297363,-44703.518754184246,-35863.698330268264,2,-112.01964187552221,-35807.6885093305,21940,869785562270.0,639
1,28608629.23758431,28573406.763671875,-35222.473912436515,-31898.14554042369,1,,-31898.14554042369,21962,870739103170.0,640
3,15253475.638413396,15298936.995727539,45461.35731414333,47233.81419823505,2,78.98836466856301,47194.32001590077,21985,871726752760.0,641
1,60977015.34565096,61017084.63024902,40069.28459805995,47154.82583356649,2,-78.98836466856301,47194.32001590077,21986,871772471140.0,641
1,34414823.31122969,34446660.21594238,31836.904712691903,35835.91398368031,3,3.3193983286619186,35835.91398368031,22014,872746868740.0,642
1,38160515.69924176,38191921.18041992,31405.481178164482,35839.7406449914,3,9.059390295296907,35835.91398368031,22015,872750614020.0,642
1,49180724.53741169,49210835.17602539,30110.638613700867,35825.448525711894,3,-12.378788623958826,35835.91398368031,22016,872761632990.0,642
2,5004454.1653403565,4960276.389282227,-44177.776058129966,-43596.25749496743,3,54.275206450372934,-43641.5154427439,22041,873718396190.0,643
2,52772317.30366557,52722543.634521484,-49773.66914408654,-43641.5154427439,3,-13.611715214326978,-43641.5154427439,22042,873766158700.0,643
2,77379399.63352309,77326748.58203125,-52651.051491841674,-43659.54996009171,3,-40.66349123604596,-43641.5154427439,22043,873790763030.0,643
1,45114522.13211558,45041239.65222168,-73282.47989390045,-68040.16350508481,2,12.592672847211361,-68046.45984150842,22071,874759359500.0,644
3,67365207.18139651,67289326.5748291,-75880.60656741261,-68052.75617793202,2,-12.592672847211361,-68046.45984150842,22072,874781607700.0,644
3,41318351.181240596,41286051.76196289,-32299.419277705252,-27498.218703709543,1,,-27498.218703709543,22096,875756477220.0,645
1,11115632.111240454,11145051.724365234,29419.613124780357,30711.251773154363,3,1.4645207282155752,30711.251773154363,22122,876727259170.0,646
0,12608274.972822439,12637534.138793945,29259.165971506387,30724.250015422702,3,20.961884130723774,30711.251773154363,22123,876728751660.0,646
1,14785295.80512288,14814273.075317383,28977.270194502547,30695.324489429593,3,-22.42640485893935,30711.251773154363,22124,876730928410.0,646
2,577537.179915041,660145.6259765625,82608.44606152154,82675.55599598016,4,92.9196664186893,82610.32500057854,22140,877717728290.0,647
1,27489935.18026207,27569378.858032227,79443.67777015641,82638.0136715956,4,55.37734203413129,82610.32500057854,22141,877744637660.0,647
0,68651984.41165653,68726589.67382812,74605.26217159629,82582.63632956147,4,-55.37734203413129,82610.32500057854,22142,877785795080.0,647
1,71158656.41821747,71232946.93518066,74290.51696319878,82559.16690377891,4,-78.84676781669259,82610.32500057854,22143,877788301450.0,647
1,28521274.86763437,28620181.62512207,98906.75748769939,102220.93526465818,3,44.89616044610739,102183.46987446398,22159,878746741620.0,648
1,55486698.68312616,55582434.587646484,95735.90452032536,102183.46987446398,3,-11.301924845203757,102183.46987446398,22160,878773704010.0,648
3,79424243.44219668,79517182.93774414,92939.49554745853,102168.60833396018,3,-33.59423560090363,102183.46987446398,22161,878797638880.0,648
2,22890817.12000055,22868025.03503418,-22792.084966368973,-20132.167492564768,1,,-20132.167492564768,22187,879742029530.0,649
0,55751971.73379943,55718552.244262695,-33419.489536732435,-26941.099401667714,2,39.54912023246288,-26960.873961783946,22216,880775920320.0,650
2,73950323.4515878,73914749.76086426,-35573.6907235384,-26980.648521900177,2,-39.54912023246288,-26960.873961783946,22217,880794116610.0,650
0,33553167.75306876,33585537.40930176,32369.656232997775,36268.54095781967,1,,36268.54095781967,22251,881754729240.0,651
2,983077.862619328,985023.4807128906,1945.6180935626617,2059.8519355081953,4,44.327100733760744,2030.1748137753457,22273,882723128720.0,652
2,15070068.211103223,15070361.890991211,293.6798879876733,2044.8247927762568,4,29.299958001822233,2030.1748137753457,22274,882737214130.0,652
3,57944871.68314924,57940154.002441406,-4717.680707834661,2015.5248347744346,4,-29.299958001822233,2030.1748137753457,22275,882780084140.0,652
1,60500098.35244755,60495071.01696777,-5027.335479773581,2002.7879068627954,4,-42.03688591346145,2030.1748137753457,22276,882782639070.0,652
2,11291630.762649082,11358049.543457031,66418.7808079496,67730.87053440511,1,,67730.87053440511,22301,883734421830.0,653
0,44483843.94791529,44505931.51599121,22087.56807591766,27256.59953507036,2,61.27542870491743,27225.9618207179,22322,884768555960.0,654
2,70294693.27933812,70313720.3461914,19027.066853284836,27195.324106365442,2,-61.27542870491743,27225.9618207179,22323,884794363880.0,654
0,21014652.83219623,21038843.27282715,24190.44063092023,26632.347443651408,1,,26632.347443651408,22346,885746067920.0,655
3,57191629.66996968,57233521.46960449,41891.79963481426,48537.47830661386,2,19.169407464563847,48527.89360288158,22368,886783305950.0,656
0,79114234.84039685,79153560.05957031,39325.2191734612,48518.3088991493,2,-19.169407464563847,48527.89360288158,22369,886805226100.0,656
2,13145299.210104365,13171323.741088867,26024.530984502286,27552.01735093631,1,,27552.01735093631,22395,887740254440.0,657
0,14202676.483916488,14221703.019042969,19026.535126481205,20676.888941125944,4,88.14850392378867,20599.76268331334,22425,888742257880.0,658
1,46608573.47389463,46623768.33337402,15194.859479390085,20610.784929424524,4,22.044492222368717,20599.76268331334,22426,888774660110.0,658
2,65339616.878781006,65352613.142822266,12996.264041259885,20588.740437202156,4,-22.044492222368717,20599.76268331334,22427,888793389050.0,658
3,66750948.257139936,66763775.970581055,12827.713441118598,20584.18682218343,4,-26.598107241094112,20599.76268331334,22428,888794800220.0,658
0,5823191.402926871,5816294.992797852,-6896.410129019059,-6219.754137022421,6,41.088149132207036,-6249.1344372127205,22489,890735754700.0,660
3,12495690.318511277,12488011.083251953,-7679.235259324312,-6227.233574490994,6,33.608711663633585,-6249.1344372127205,22490,890742426450.0,660
3,31149023.236842774,31139166.287597656,-9856.949245117605,-6237.426588270813,6,23.415697883814573,-6249.1344372127205,22491,890761077700.0,660
1,42437561.014941774,42426368.919677734,-11192.095264039934,-6260.842286154628,6,-23.415697883814573,-6249.1344372127205,22492,890772364960.0,660
2,71811335.68672138,71796709.64294434,-14626.043777048588,-6281.552376464009,6,-44.12578819319606,-6249.1344372127205,22493,890801735450.0,660
2,74188676.55006048,74173767.56140137,-14908.988659113646,-6288.2497803121805,6,-50.82319204136729,-6249.1344372127205,22494,890804112520.0,660
1,36271301.18299252,36182443.372924805,-88857.81006771326,-84643.07770108432,2,45.55689515918493,-84665.85614866391,22530,891767054090.0,661
0,75114292.90427738,75020875.97399902,-93416.93027836084,-84688.6345962435,2,-45.55689515918493,-84665.85614866391,22531,891805892720.0,661
1,22122806.816411335,22085063.92529297,-37742.89111836627,-35172.21659364179,4,4.250115007162094,-35174.34165114537,22551,892753853630.0,662
1,23820629.725588072,23782685.29699707,-37944.42859100178,-35176.46670864895,4,-4.250115007162094,-35174.34165114537,22552,892755551260.0,662
0,30925619.602955535,30886869.189453125,-38750.413502410054,-35156.850391976535,4,19.61631667241454,-35174.34165114537,22553,892762655480.0,662
2,33874937.14189817,33835824.201293945,-39112.9406042248,-35176.66621281952,4,-4.449619177728891,-35174.34165114537,22554,892765604450.0,662
3,11158101.19841332,11088191.150878906,-69910.04753441364,-68613.47396971658,4,-11.53185859695077,-68604.48098862171,22607,894744743100.0,664
0,36296853.364789516,36224053.396240234,-72799.96854928136,-68582.2670140788,4,24.7528520449996,-68604.48098862171,22608,894769879090.0,664
2,43764182.79631198,43690495.447509766,-73687.34880221635,-68601.94211111963,4,5.077755004167557,-68604.48098862171,22609,894777345570.0,664
1,60170110.871762395,60094512.07312012,-75598.79864227772,-68607.0198661238,4,-5.077755004167557,-68604.48098862171,22610,894793749670.0,664
1,63179477.51317443,63187073.2668457,7595.753671273589,14937.221445977688,2,-4.404107615351677,14939.423499785364,22634,895797737190.0,665
2,64211797.818674535,64219278.02062988,7480.201955348253,14941.62555359304,2,4.404107615351677,14939.423499785364,22635,895798769400.0,665
2,1995937.475696283,2049498.6646728516,53561.188976568636,53793.11730574933,4,88.2414324071724,53713.87532996014,22658,896737543400.0,666
1,47556340.309530914,47604537.12817383,48196.818642914295,53722.87478657812,4,17.99891323596239,53713.87532996014,22659,896783098670.0,666
3,76922017.45178969,76966777.8927002,44760.44091050327,53698.794542342424,4,-24.08024423569441,53713.87532996014,22660,896812461060.0,666
0,77785747.34663889,77830413.5032959,44666.15665701032,53704.87587334216,4,-17.99891323596239,53713.87532996014,22661,896813324700.0,666
3,6152073.5955979675,6152676.034912109,602.4393141418695,1317.3114819321781,3,50.42563118040562,1280.8526185564697,22691,897742676710.0,667
1,23672456.88849908,23670986.996948242,-1469.8915508389473,1280.8526185564697,3,-4.2626638831570745,1280.8526185564697,22692,897760195110.0,667
0,62918895.81677662,62912837.54772949,-6058.269047126174,1252.9190829470754,3,-46.16296729724854,1280.8526185564697,22693,897799437160.0,667
2,13233825.130226921,13262548.611450195,28723.481223274022,30261.254319123924,3,69.02811953425407,30198.847227305174,22712,898750720730.0,668
3,71652062.11041918,71673921.73181152,21859.621392339468,30185.605171874166,3,-44.44560134038329,30198.847227305174,22713,898809132400.0,668
3,73083987.98133337,73105694.45471191,21706.473378539085,30198.847227305174,3,-24.582518193870783,30198.847227305174,22714,898810564180.0,668
3,8856981.60996978,8828615.139160156,-28366.4708096236,-27337.287795927376,1,,-27337.287795927376,22743,899747362710.0,669
