{
  "key": "g_det2",
  "counts": {
    "n_reco": 56073,
    "pct_gt2": 22.40115563640255,
    "pct_gt5": 7.6293403242202125,
    "median_mm": 1.0337678285581298,
    "core_within5": 92.37065967577979
  },
  "reference_fault": {
    "m3chi2_med_near": 0.3895264648564891,
    "m3chi2_med_far2": 1.0709684280040377,
    "m3chi2_med_far5": 1.1781975466252206,
    "topdecile_far2": 49.75035663338088,
    "rest_far2": 19.361934013672844,
    "attrib_gt2": {
      "badM3_only": 40.04458243770401,
      "discharge_only": 14.640554096011464,
      "both": 12.0054135817212,
      "neither": 33.30944988456333
    },
    "attrib_gt5": {
      "badM3_only": 33.98784478728378,
      "discharge_only": 26.858345021037866,
      "both": 19.798971482000933,
      "neither": 19.35483870967742
    }
  },
  "intrinsic": {
    "within5_all": 92.37065967577979,
    "within5_cleanM3": 94.96113164266599,
    "within5_cleanCh": 95.14499074527157,
    "within5_both": 97.54543029081316,
    "frac_cleanM3": 69.97128742888734,
    "frac_cleanCh": 83.8246571433667,
    "frac_both": 60.15907834430118
  },
  "edges": {
    "plateau_eff_Y": 92.31988494322461,
    "plateau_eff_X": 92.66199446625909,
    "active_Y": [
      19.723347780265374,
      378.79787352234405
    ],
    "active_X": [
      1.9631660602508063,
      400.5146648752009
    ],
    "passivation_Y_low_mm": 19.723347780265374,
    "passivation_Y_high_mm": 19.782126477655936,
    "active_Y_span_mm": 359.07452574207866,
    "active_X_span_mm": 398.5514988149501,
    "nominal_strip_mm": 398.58,
    "far5_rate_by_edgedist": {
      "0-10": 7.164567954841511,
      "10-20": 6.611333714939898,
      "20-40": 8.854705274043432,
      "40-80": 8.26867119301649,
      "80-200": 7.0344615621038065
    },
    "far2_rate_by_edgedist": {
      "0-10": 22.579244463742945,
      "10-20": 21.80881511161992,
      "20-40": 23.358324715615307,
      "40-80": 22.132638215324928,
      "80-200": 22.348150140228206
    }
  },
  "active_rectangle": {
    "N": 60201,
    "reco_near": 86.84739456155214,
    "reco_far": 7.147721798641219,
    "spark": 5.528147372967227,
    "hit_no_reco": 0.3820534542615571,
    "no_hit": 0.09468281257786415,
    "nominal_area_efficiency_if_full_40x40": 78.23946764545265
  }
}