{
  "key": "g_det3_wknd",
  "counts": {
    "n_reco": 49537,
    "pct_gt2": 21.468801098169045,
    "pct_gt5": 6.780790116478591,
    "median_mm": 1.011542219741413,
    "core_within5": 93.2192098835214
  },
  "reference_fault": {
    "m3chi2_med_near": 0.42011522272225954,
    "m3chi2_med_far2": 1.2342313407115242,
    "m3chi2_med_far5": 1.3587755389080565,
    "topdecile_far2": 49.79814291481631,
    "rest_far2": 18.320884642128167,
    "attrib_gt2": {
      "badM3_only": 48.64127879642689,
      "discharge_only": 11.51857075693465,
      "both": 8.283968030089328,
      "neither": 31.556182416549127
    },
    "attrib_gt5": {
      "badM3_only": 40.22030366180411,
      "discharge_only": 28.222685323012804,
      "both": 17.862459065197974,
      "neither": 13.694551949985115
    }
  },
  "intrinsic": {
    "within5_all": 93.2192098835214,
    "within5_cleanM3": 95.81575037147103,
    "within5_cleanCh": 96.00105990681652,
    "within5_both": 98.51641617751403,
    "frac_cleanM3": 67.92902275067122,
    "frac_cleanCh": 91.42055433312474,
    "frac_both": 62.59159819932576
  },
  "edges": {
    "plateau_eff_Y": 92.99281076066791,
    "plateau_eff_X": 92.91949214973893,
    "active_Y": [
      17.95640199192629,
      379.89161363966826
    ],
    "active_X": [
      -3.2732152795910974,
      400.2915129992414
    ],
    "passivation_Y_low_mm": 17.95640199192629,
    "passivation_Y_high_mm": 18.68838636033172,
    "active_Y_span_mm": 361.935211647742,
    "active_X_span_mm": 403.5647282788325,
    "nominal_strip_mm": 398.58,
    "far5_rate_by_edgedist": {
      "0-10": 6.851385390428212,
      "10-20": 5.185730047811695,
      "20-40": 6.475471698113208,
      "40-80": 6.883404963260779,
      "80-200": 6.982124079915877
    },
    "far2_rate_by_edgedist": {
      "0-10": 23.173803526448363,
      "10-20": 20.632585509378448,
      "20-40": 20.78490566037736,
      "40-80": 21.024539026757243,
      "80-200": 21.880126182965302
    }
  },
  "active_rectangle": {
    "N": 52498,
    "reco_near": 88.43194026439103,
    "reco_far": 6.463103356318336,
    "spark": 4.626842927349613,
    "hit_no_reco": 0.14095775077145797,
    "no_hit": 0.3371557011695684,
    "nominal_area_efficiency_if_full_40x40": 80.30165340963633
  }
}