{
  "key": "g_det6_long",
  "counts": {
    "n_reco": 16344,
    "pct_gt2": 19.211943220753795,
    "pct_gt5": 7.238130200685267,
    "median_mm": 1.008456531134018,
    "core_within5": 92.76186979931474
  },
  "reference_fault": {
    "m3chi2_med_near": 0.4290082961272912,
    "m3chi2_med_far2": 1.0369775695002388,
    "m3chi2_med_far5": 0.7144326460228915,
    "topdecile_far2": 42.38532110091743,
    "rest_far2": 16.63607315249167,
    "attrib_gt2": {
      "badM3_only": 36.146496815286625,
      "discharge_only": 21.719745222929937,
      "both": 14.745222929936306,
      "neither": 27.388535031847134
    },
    "attrib_gt5": {
      "badM3_only": 18.427726120033814,
      "discharge_only": 43.61792054099746,
      "both": 23.1614539306847,
      "neither": 14.792899408284024
    }
  },
  "intrinsic": {
    "within5_all": 92.76186979931474,
    "within5_cleanM3": 93.90168564116141,
    "within5_cleanCh": 97.0739334375698,
    "within5_both": 98.14814814814815,
    "frac_cleanM3": 69.32819383259911,
    "frac_cleanCh": 82.17694566813509,
    "frac_both": 57.819383259911895
  },
  "edges": {
    "plateau_eff_Y": 80.05524861878453,
    "plateau_eff_X": 82.44758237056055,
    "active_Y": [
      17.857244785949504,
      380.6837829054274
    ],
    "active_X": [
      -3.8701867630724225,
      176.45654093718989
    ],
    "passivation_Y_low_mm": 17.857244785949504,
    "passivation_Y_high_mm": 17.89621709457259,
    "active_Y_span_mm": 362.8265381194779,
    "active_X_span_mm": 180.3267277002623,
    "nominal_strip_mm": 398.58,
    "far5_rate_by_edgedist": {
      "0-10": 6.439942112879884,
      "10-20": 6.926406926406926,
      "20-40": 5.28040786598689,
      "40-80": 6.040709126723572,
      "80-200": 7.475712168615183
    },
    "far2_rate_by_edgedist": {
      "0-10": 20.767004341534008,
      "10-20": 21.284271284271284,
      "20-40": 18.572469045884922,
      "40-80": 17.26854891661195,
      "80-200": 17.750699818870412
    }
  },
  "active_rectangle": {
    "N": 12008,
    "reco_near": 63.86575616255829,
    "reco_far": 4.1222518321119255,
    "spark": 21.3107928047968,
    "hit_no_reco": 10.40972684876749,
    "no_hit": 0.2914723517654897,
    "nominal_area_efficiency_if_full_40x40": 58.136863898950615
  }
}