{
  "key": "g_det4",
  "counts": {
    "n_reco": 7120,
    "pct_gt2": 37.4438202247191,
    "pct_gt5": 16.025280898876403,
    "median_mm": 1.4189212619881153,
    "core_within5": 83.9747191011236
  },
  "reference_fault": {
    "m3chi2_med_near": 0.41828899713203616,
    "m3chi2_med_far2": 0.8568339326165568,
    "m3chi2_med_far5": 0.8808100722404312,
    "topdecile_far2": 58.56741573033708,
    "rest_far2": 35.096754057428214,
    "attrib_gt2": {
      "badM3_only": 38.447111777944485,
      "discharge_only": 8.927231807951989,
      "both": 6.189047261815453,
      "neither": 46.43660915228807
    },
    "attrib_gt5": {
      "badM3_only": 35.056967572305,
      "discharge_only": 14.723926380368098,
      "both": 10.692375109553023,
      "neither": 39.526730937773884
    }
  },
  "intrinsic": {
    "within5_all": 83.9747191011236,
    "within5_cleanM3": 87.17364276833817,
    "within5_cleanCh": 86.73835125448028,
    "within5_both": 89.69849246231156,
    "frac_cleanM3": 67.78089887640449,
    "frac_cleanCh": 90.12640449438202,
    "frac_both": 61.48876404494382
  },
  "edges": {
    "plateau_eff_Y": 19.283550792171482,
    "plateau_eff_X": 12.230818826563507,
    "active_Y": [
      18.3829586525129,
      378.61160464651846
    ],
    "active_X": [
      20.409471308833012,
      37.368102690346404
    ],
    "passivation_Y_low_mm": 18.3829586525129,
    "passivation_Y_high_mm": 19.968395353481526,
    "active_Y_span_mm": 360.22864599400555,
    "active_X_span_mm": 16.958631381513392,
    "nominal_strip_mm": 398.58,
    "far5_rate_by_edgedist": {
      "0-10": 12.7208480565371,
      "10-20": 13.895216400911162,
      "20-40": 14.149139579349903,
      "40-80": 18.358913813459267,
      "80-200": 15.992345544013123
    },
    "far2_rate_by_edgedist": {
      "0-10": 36.74911660777385,
      "10-20": 37.12984054669704,
      "20-40": 35.94646271510516,
      "40-80": 38.488783943329395,
      "80-200": 37.479496992892294
    }
  },
  "active_rectangle": {
    "N": 911,
    "reco_near": 16.355653128430298,
    "reco_far": 3.0735455543358947,
    "spark": 5.378704720087816,
    "hit_no_reco": 44.12733260153677,
    "no_hit": 31.06476399560922,
    "nominal_area_efficiency_if_full_40x40": 14.78191274224012
  }
}