{
  "key": "sat_det3",
  "counts": {
    "n_reco": 15732,
    "pct_gt2": 21.05898804983473,
    "pct_gt5": 6.388253241800153,
    "median_mm": 1.0052110360605435,
    "core_within5": 93.61174675819984
  },
  "reference_fault": {
    "m3chi2_med_near": 0.4291139701740619,
    "m3chi2_med_far2": 1.226236269444166,
    "m3chi2_med_far5": 1.3531161573228598,
    "topdecile_far2": 48.72935196950445,
    "rest_far2": 17.982765927390876,
    "attrib_gt2": {
      "badM3_only": 49.71325083006339,
      "discharge_only": 10.987020827044974,
      "both": 7.304557802595834,
      "neither": 31.995170540295803
    },
    "attrib_gt5": {
      "badM3_only": 40.49751243781095,
      "discharge_only": 27.263681592039802,
      "both": 16.716417910447763,
      "neither": 15.522388059701491
    }
  },
  "intrinsic": {
    "within5_all": 93.61174675819984,
    "within5_cleanM3": 95.97453660363227,
    "within5_cleanCh": 96.11590203518455,
    "within5_both": 98.42535580902391,
    "frac_cleanM3": 67.89982201881516,
    "frac_cleanCh": 92.13704551233155,
    "frac_both": 62.97355708110857
  },
  "edges": {
    "plateau_eff_Y": 93.39751157932976,
    "plateau_eff_X": 93.5741935483871,
    "active_Y": [
      17.771000969469494,
      380.00598411139623
    ],
    "active_X": [
      -3.6169901337659227,
      400.57021431488073
    ],
    "passivation_Y_low_mm": 17.771000969469494,
    "passivation_Y_high_mm": 18.574015888603753,
    "active_Y_span_mm": 362.23498314192676,
    "active_X_span_mm": 404.18720444864664,
    "nominal_strip_mm": 398.58,
    "far5_rate_by_edgedist": {
      "0-10": 5.89171974522293,
      "10-20": 6.0046189376443415,
      "20-40": 6.261682242990655,
      "40-80": 6.327985739750446,
      "80-200": 6.544881061900382
    },
    "far2_rate_by_edgedist": {
      "0-10": 23.089171974522294,
      "10-20": 19.51501154734411,
      "20-40": 20.8411214953271,
      "40-80": 21.323529411764707,
      "80-200": 20.97516099356026
    }
  },
  "active_rectangle": {
    "N": 16651,
    "reco_near": 89.04570296078313,
    "reco_far": 6.107741276800192,
    "spark": 4.4201549456489095,
    "hit_no_reco": 0.06606209837247012,
    "no_hit": 0.3603387183952916,
    "nominal_area_efficiency_if_full_40x40": 80.92595893135706
  }
}