{
  "key": "g_det7_long",
  "counts": {
    "n_reco": 12742,
    "pct_gt2": 36.63475121644954,
    "pct_gt5": 17.509025270758123,
    "median_mm": 1.378607482768718,
    "core_within5": 82.49097472924187
  },
  "reference_fault": {
    "m3chi2_med_near": 0.4082490885202467,
    "m3chi2_med_far2": 0.7626733858817747,
    "m3chi2_med_far5": 0.6698239514802912,
    "topdecile_far2": 57.72549019607843,
    "rest_far2": 34.289700880788345,
    "attrib_gt2": {
      "badM3_only": 24.29305912596401,
      "discharge_only": 28.577549271636677,
      "both": 18.466152527849186,
      "neither": 28.663239074550127
    },
    "attrib_gt5": {
      "badM3_only": 17.749887942626625,
      "discharge_only": 40.69923800986105,
      "both": 22.321828776333483,
      "neither": 19.229045271178844
    }
  },
  "intrinsic": {
    "within5_all": 82.49097472924187,
    "within5_cleanM3": 84.78607191624943,
    "within5_cleanCh": 90.02538991657599,
    "within5_both": 92.63645726055613,
    "frac_cleanM3": 68.96876471511537,
    "frac_cleanCh": 64.91131690472454,
    "frac_both": 45.7228064668027
  },
  "edges": {
    "plateau_eff_Y": 76.52643335815338,
    "plateau_eff_X": 84.93525564010145,
    "active_Y": [
      20.428354712201084,
      379.31810871183916
    ],
    "active_X": [
      50.96064400087122,
      57.45270841501029
    ],
    "passivation_Y_low_mm": 20.428354712201084,
    "passivation_Y_high_mm": 19.261891288160825,
    "active_Y_span_mm": 358.88975399963806,
    "active_X_span_mm": 6.492064414139072,
    "nominal_strip_mm": 398.58,
    "far5_rate_by_edgedist": {
      "0-10": 14.973262032085561,
      "10-20": 17.857142857142858,
      "20-40": 23.423423423423422,
      "40-80": 18.753117206982544,
      "80-200": 14.727515880976261
    },
    "far2_rate_by_edgedist": {
      "0-10": 34.58110516934047,
      "10-20": 33.54037267080746,
      "20-40": 41.58004158004158,
      "40-80": 39.276807980049874,
      "80-200": 33.500501504513544
    }
  },
  "active_rectangle": {
    "N": 385,
    "reco_near": 36.103896103896105,
    "reco_far": 15.844155844155845,
    "spark": 33.506493506493506,
    "hit_no_reco": 14.285714285714286,
    "no_hit": 0.2597402597402597,
    "nominal_area_efficiency_if_full_40x40": 32.50870186952623
  }
}