subrun,event_id,open_deg,sep_mm,k_from
cosbounce_cos_0051,16217,179.74406664001086,12.258170147126307,run_147
cosbounce_cos_0026,11164,179.7328077109517,0.6829277319414737,run_147
cosbounce_cos_0065,7181,179.7244412419988,243.51125120281912,run_147
cosbounce_cos_0068,5847,179.7235215882358,5.4162802060739015,run_147
cosbounce_cos_0061,13062,179.70577143856337,27.94533802390399,run_147
cosbounce_cos_0054,4849,179.6703476882282,5.739543010130393,run_147
cosbounce_cos_0014,4037,179.66513578865235,4.674970105548069,run_147
cosbounce_cos_0084,19317,179.65429438237317,1.536053283837689,run_147
cosbounce_cos_0051,4558,179.6536544755603,18.574557540209163,run_147
cosbounce_cos_0071,4116,179.65013081864728,1.0750890281053949,run_147
cosbounce_cos_0051,5913,179.64683567992935,19.353164818630727,run_147
cosbounce_cos_0029,19649,179.64243625059194,1.0401177037993254,run_147
cosbounce_cos_0077,11899,179.60628070803807,7.174900069040583,run_147
cosbounce_cos_0016,820,179.5896395990138,3.8958202998099747,run_147
cosbounce_cos_0053,7871,179.5797434595403,7.455389412239361,run_147
cosbounce_cos_0018,21311,179.57768190105926,6.711604532774474,run_147
cosbounce_cos_0063,10732,179.5644969519945,49.42261141684478,run_147
cosbounce_cos_0039,9669,179.54715133837814,15.011203084706363,run_147
cosbounce_cos_0061,11574,179.531195139299,9.765077779435604,run_147
cosbounce_cos_0050,12047,179.51943459205557,10.570208776707107,run_147
cosbounce_cos_0020,5923,179.4944279007006,5.611671880290303,run_147
cosbounce_cos_0065,13966,179.48700061258643,9.828131281032697,run_147
cosbounce_cos_0072,7019,179.48350109920725,11.299359587571496,run_147
cosbounce_cos_0079,14135,179.47913051529224,7.426657940926246,run_147
cosbounce_cos_0004,8975,179.46126860653473,4.4918423222260495,run_147
cosbounce_cos_0043,13025,179.45897561368827,5.1375819800325075,run_147
cosbounce_cos_0053,8981,179.4433154326412,17.38718955317223,run_147
cosbounce_cos_0066,15595,179.4426157841539,11.805100109810454,run_147
cosbounce_cos_0026,18015,179.4417091720952,10.165934402975598,run_147
cosbounce_cos_0064,9864,179.44142663463427,13.30757424892779,run_147
cosbounce_cos_0081,19597,179.43919080322118,6.3170096920957315,run_147
cosbounce_cos_0035,10612,179.43445114109718,294.65849304452684,run_147
cosbounce_cos_0020,15315,179.43082558086613,10.8095956875822,run_147
cosbounce_cos_0047,17311,179.43048530300115,2.811556988636839,run_147
cosbounce_cos_0074,16692,179.4279683231549,31.7635045289644,run_147
cosbounce_cos_0058,9818,179.42406233893234,14.596478367798229,run_147
cosbounce_cos_0018,14453,179.40714104607036,13.482071210632087,run_147
cosbounce_cos_0080,14860,179.40551160729808,4.928016291685309,run_147
cosbounce_cos_0029,1419,179.40004454722683,27.863943636067713,run_147
cosbounce_cos_0059,5605,179.3991994529452,4.032032903272013,run_147
cosbounce_cos_0055,19361,179.397385156342,23.046520842942694,run_147
cosbounce_cos_0048,20682,179.3945773670346,23.44490553728805,run_147
cosbounce_cos_0008,14091,179.38365728130418,8.953433032853013,run_147
cosbounce_cos_0073,18828,179.37864682856335,6.952687097723017,run_147
cosbounce_cos_0075,21205,179.37212444794633,18.98033461018477,run_147
cosbounce_cos_0056,7315,179.36771616329025,1.1628868095577496,run_147
cosbounce_cos_0053,10296,179.35761782123572,21.375795899808313,run_147
cosbounce_cos_0005,15303,179.3547739379507,1.1507475385463026,run_147
cosbounce_cos_0063,20812,179.35216341223526,34.24576914426213,run_147
cosbounce_cos_0041,14039,179.35165695605443,1.9514849672644556,run_147
cosbounce_cos_0045,20616,179.3500443475506,1.250034670234982,run_147
cosbounce_cos_0076,15388,179.34864452118748,10.27543847115888,run_147
cosbounce_cos_0050,18893,179.34762441291124,5.13038398302491,run_147
cosbounce_cos_0038,19585,179.32959013551286,6.856884164293555,run_147
cosbounce_cos_0031,18874,179.32428107097192,14.111133893165746,run_147
cosbounce_cos_0011,21751,179.3209337116067,3.6243042735929087,run_147
cosbounce_cos_0059,12529,179.32005819105046,16.988285668146876,run_147
cosbounce_cos_0052,14529,179.30998491438214,14.229236273668393,run_147
cosbounce_cos_0069,11019,179.29501785357203,1.0567253919005346,run_147
cosbounce_cos_0048,10051,179.2828215017303,0.08830990818832146,run_147
cosbounce_cos_0013,13509,179.27318929166105,14.18234843484301,run_147
cosbounce_cos_0031,12546,179.2697247013371,23.463895059017304,run_147
cosbounce_cos_0056,21366,179.25337348109136,13.25505852532384,run_147
cosbounce_cos_0033,13243,179.25040190304605,3.6567942377412983,run_147
cosbounce_cos_0043,11306,179.24994748552584,8.700527453299634,run_147
cosbounce_cos_0039,18572,179.2340933671543,33.64236726160797,run_147
cosbounce_cos_0043,2711,179.2314974975471,3.4721184762704276,run_147
cosbounce_cos_0066,20305,179.23038311709888,6.093560535032011,run_147
cosbounce_cos_0002,2152,179.22428236904835,61.97616680104922,run_147
cosbounce_cos_0085,19756,179.2191593068308,8.203421246125904,run_147
cosbounce_cos_0080,7316,179.18585891498392,11.662369952497812,run_147
cosbounce_cos_0013,21954,179.17302830856394,63.44425425278489,run_147
cosbounce_cos_0074,8891,179.17236857872993,17.165208706769114,run_147
cosbounce_cos_0021,9973,179.16512998868058,8.181589155524522,run_147
cosbounce_cos_0051,17947,179.1619601687593,18.99225012734703,run_147
cosbounce_cos_0010,18522,179.15814399465788,0.4075935087687364,run_147
cosbounce_cos_0051,417,179.15780588001638,0.3809322747553377,run_147
cosbounce_cos_0082,18787,179.15264028693184,6.073501140076291,run_147
cosbounce_cos_0083,14618,179.15186036697776,16.55616140398529,run_147
cosbounce_cos_0065,10243,179.1509182393833,22.885812690314214,run_147
cosbounce_cos_0004,9877,179.14950844833325,8.920916269810398,run_147
cosbounce_cos_0081,3657,179.14502021487212,16.670610944900773,run_147
cosbounce_cos_0033,20125,179.14451280594008,11.400009448173195,run_147
cosbounce_cos_0061,14463,179.14156064523846,3.2110240127446303,run_147
cosbounce_cos_0061,20577,179.12514006608234,4.632401014789419,run_147
cosbounce_cos_0078,1386,179.12203163165185,8.860109942015299,run_147
cosbounce_cos_0027,21766,179.119848890361,32.11704139590165,run_147
cosbounce_cos_0014,4059,179.11790771248891,11.395870754434549,run_147
cosbounce_cos_0059,15456,179.1178781106708,21.300762559797686,run_147
cosbounce_cos_0064,11477,179.11544189428682,6.788948404368277,run_147
cosbounce_cos_0048,21045,179.11249370678823,14.06135737394457,run_147
cosbounce_cos_0024,5751,179.10200238316114,0.1894560626602921,run_147
cosbounce_cos_0079,10684,179.09594335234166,14.530449181102025,run_147
cosbounce_cos_0040,11811,179.0941712498601,11.154381170313695,run_147
cosbounce_cos_0057,15369,179.09254109809476,2.3999638637640834,run_147
cosbounce_cos_0034,10962,179.081741274513,16.68126735472728,run_147
cosbounce_cos_0061,14572,179.07674085819173,14.9971840334429,run_147
cosbounce_cos_0048,3184,179.07510949769835,5.36551262359903,run_147
cosbounce_cos_0009,13748,179.07166205577192,4.153054680394031,run_147
cosbounce_cos_0015,4813,179.06877800509858,333.87356297280655,run_147
cosbounce_cos_0036,5643,179.06449520638986,12.989871927327965,run_147
cosbounce_cos_0030,17012,179.05529799243038,4.450440796752049,run_147
cosbounce_cos_0049,20932,179.05228689949396,21.272498720771008,run_147
cosbounce_cos_0008,16708,179.04743765202556,12.932707341188294,run_147
cosbounce_cos_0022,20829,179.0355900683799,5.871481385407471,run_147
cosbounce_cos_0050,13031,179.03113981726534,27.785669763485952,run_147
cosbounce_cos_0059,3351,179.03010391206195,4.669823756258454,run_147
cosbounce_cos_0077,3614,179.03006044736912,1.6346681981019082,run_147
cosbounce_cos_0055,14218,179.02485581523092,7.501408242444037,run_147
cosbounce_cos_0017,18894,179.01574158238643,2.6400331875193883,run_147
cosbounce_cos_0020,20180,179.01545649898014,5.142583620254065,run_147
cosbounce_cos_0050,10012,179.00830571617618,12.521221298500242,run_147
cosbounce_cos_0044,18287,178.99323389240658,0.2375749047138262,run_147
cosbounce_cos_0002,2904,178.98447879158527,17.148558961405666,run_147
cosbounce_cos_0072,6840,178.98298264779203,0.47199035582736093,run_147
cosbounce_cos_0047,11011,178.97836505822247,7.70013967911976,run_147
cosbounce_cos_0053,16704,178.96599048147837,1.3990782665287065,run_147
cosbounce_cos_0048,7751,178.96560802713967,0.9115830718361718,run_147
cosbounce_cos_0005,8102,178.9656037135156,0.6711462216135974,run_147
cosbounce_cos_0074,2527,178.96389114825448,3.6471371812344118,run_147
cosbounce_cos_0048,15474,178.96107038292826,3.969042517501317,run_147
cosbounce_cos_0008,17341,178.9488380316357,1.6235472913200335,run_147
cosbounce_cos_0023,17860,178.94768882770262,16.0635190358436,run_147
cosbounce_cos_0041,6892,178.94683684745712,1.2041571755598668,run_147
cosbounce_cos_0083,11166,178.9433803360658,16.97878920284038,run_147
cosbounce_cos_0002,11127,178.93734515266627,10.353705851083909,run_147
cosbounce_cos_0069,4652,178.91897946848346,17.408329063826738,run_147
cosbounce_cos_0054,8419,178.91630851817897,38.79750052408068,run_147
cosbounce_cos_0051,4314,178.9062412853294,0.9038546954097024,run_147
cosbounce_cos_0078,7991,178.90570905720156,4.328913785791811,run_147
cosbounce_cos_0004,20955,178.9050592467048,0.37728665500563496,run_147
cosbounce_cos_0060,4649,178.90476514072995,8.442833171232445,run_147
cosbounce_cos_0071,2926,178.90344507387317,13.560229788895983,run_147
cosbounce_cos_0051,7690,178.894343833584,38.22640586352868,run_147
cosbounce_cos_0045,21902,178.89248552782345,3.524944123879406,run_147
cosbounce_cos_0067,15347,178.89222704353514,5.356792166711351,run_147
cosbounce_cos_0056,20284,178.89039216513964,5.6033845724447024,run_147
cosbounce_cos_0013,14209,178.8889790465686,6.847376129426341,run_147
cosbounce_cos_0011,957,178.88077093856032,3.3563698976976837,run_147
cosbounce_cos_0017,16450,178.87469851249148,8.425810523705811,run_147
cosbounce_cos_0086,5079,178.86684422985425,13.108709482069312,run_147
cosbounce_cos_0021,19178,178.8552759093404,11.995727846860886,run_147
cosbounce_cos_0063,13098,178.8533511083789,9.233087851915824,run_147
cosbounce_cos_0031,12897,178.85073222992233,16.671929252169104,run_147
cosbounce_cos_0051,3808,178.84556290605627,8.658616771170653,run_147
cosbounce_cos_0020,6005,178.84381001554772,30.211484406061995,run_147
cosbounce_cos_0082,12525,178.8437836394405,6.197002283648114,run_147
cosbounce_cos_0025,4863,178.841073485445,0.5587143458137469,run_147
cosbounce_cos_0064,8645,178.84070402121444,6.052304408851612,run_147
cosbounce_cos_0014,20943,178.83825283550084,12.312286312773981,run_147
cosbounce_cos_0002,13429,178.8283558213502,5.92476143094116,run_147
cosbounce_cos_0044,13475,178.81949606068494,11.360677637668248,run_147
cosbounce_cos_0000,22195,178.818749761445,3.3168913572947476,run_147
cosbounce_cos_0046,569,178.81709465432917,4.487188660902605,run_147
cosbounce_cos_0035,10648,178.81642123340467,5.332874202875263,run_147
cosbounce_cos_0077,1838,178.80707291986957,4.150464502657597,run_147
cosbounce_cos_0072,16368,178.80688713214147,4.333074836093721,run_147
cosbounce_cos_0025,2102,178.80235675642152,17.437744692744356,run_147
cosbounce_cos_0061,11983,178.7909333055754,10.050794046627502,run_147
cosbounce_cos_0015,7482,178.79046551293237,1.567240733545188,run_147
cosbounce_cos_0060,11146,178.78842643980377,32.60126441347419,run_147
cosbounce_cos_0032,3042,178.78616186022643,1.1754184300080646,run_147
cosbounce_cos_0048,10953,178.78285138814917,26.71052820005765,run_147
cosbounce_cos_0010,304,178.78238674299476,9.148414391770102,run_147
cosbounce_cos_0081,3346,178.7823719546236,9.483942046523898,run_147
cosbounce_cos_0048,18248,178.77774908628177,13.156471262737627,run_147
cosbounce_cos_0054,6496,178.77237656303018,7.235538706864064,run_147
cosbounce_cos_0058,11903,178.76998532657265,16.83011794080528,run_147
cosbounce_cos_0039,7573,178.76880788948688,18.5498463950014,run_147
cosbounce_cos_0057,8417,178.76723262717815,27.41626036640091,run_147
cosbounce_cos_0058,10908,178.76654042030134,35.50912366240788,run_147
cosbounce_cos_0073,3574,178.76139927904902,7.208247138692837,run_147
cosbounce_cos_0077,5287,178.7524324254582,2.55951445949136,run_147
cosbounce_cos_0033,20154,178.75081048176708,1.2413198180301985,run_147
cosbounce_cos_0061,9256,178.74935952978686,5.008141869620213,run_147
cosbounce_cos_0023,10460,178.74762365823673,20.94928810421244,run_147
cosbounce_cos_0024,1814,178.74572055773132,0.8794142688911347,run_147
cosbounce_cos_0023,21215,178.7456575358002,6.503868466316831,run_147
cosbounce_cos_0046,4319,178.74391227595697,1.7054392348044634,run_147
cosbounce_cos_0036,1241,178.7321935552499,7.693886805288732,run_147
cosbounce_cos_0008,852,178.7313372544599,10.487670972585935,run_147
cosbounce_cos_0085,13195,178.72742776214764,6.243343699275462,run_147
cosbounce_cos_0048,13846,178.7272505560916,13.022566149425126,run_147
cosbounce_cos_0054,13043,178.72620518020278,23.614043975917095,run_147
cosbounce_cos_0046,11708,178.71388273420288,7.7940977045464646,run_147
cosbounce_cos_0076,14428,178.71051550831095,7.23331201115084,run_147
cosbounce_cos_0064,5050,178.70670257196832,7.019968997573823,run_147
cosbounce_cos_0014,8094,178.70624136755455,11.300953917627693,run_147
cosbounce_cos_0070,10766,178.70402664076215,11.050994447776825,run_147
cosbounce_cos_0006,3712,178.69799298143025,65.85402941000432,run_147
cosbounce_cos_0077,18113,178.68304055119057,19.20448998327033,run_147
cosbounce_cos_0072,12999,178.6773141630495,15.840418363643204,run_147
cosbounce_cos_0046,8528,178.67224582405805,13.330996961977048,run_147
cosbounce_cos_0065,4096,178.67153296846823,6.531763680434046,run_147
cosbounce_cos_0055,11006,178.66553418292943,22.539328967489972,run_147
cosbounce_cos_0036,20146,178.66236913029417,21.615084084802035,run_147
cosbounce_cos_0022,19049,178.66213442866425,11.378901631093777,run_147
cosbounce_cos_0069,19287,178.65643432511675,0.4080403601469231,run_147
cosbounce_cos_0005,20940,178.65627187335053,10.559793420165635,run_147
cosbounce_cos_0062,6555,178.65590898688944,0.08639541240447052,run_147
cosbounce_cos_0026,7411,178.65136174069318,2.25675852730798,run_147
cosbounce_cos_0014,21983,178.64470947998933,15.412290808037081,run_147
cosbounce_cos_0080,6420,178.64097330984927,64.3224667601282,run_147
cosbounce_cos_0055,10421,178.63997313968238,0.02904981130719615,run_147
cosbounce_cos_0018,3396,178.63613471408493,10.420346958035186,run_147
cosbounce_cos_0085,12488,178.63081506667893,14.1158713426847,run_147
cosbounce_cos_0036,8888,178.62993089178178,5.696817471106181,run_147
cosbounce_cos_0038,1493,178.62882983433826,9.30512280326669,run_147
cosbounce_cos_0023,9016,178.62721807531562,20.926481763015314,run_147
cosbounce_cos_0045,15336,178.62484808770546,8.545088288093273,run_147
cosbounce_cos_0018,13635,178.62418098898908,16.303695610890788,run_147
cosbounce_cos_0078,4159,178.62236947910225,11.595065759781962,run_147
cosbounce_cos_0053,2153,178.62210552584114,5.625728353564469,run_147
cosbounce_cos_0044,10407,178.62169210467803,10.62765809336502,run_147
cosbounce_cos_0029,7521,178.620879034004,6.63717553327744,run_147
cosbounce_cos_0040,15545,178.61974958318322,0.07435678478072705,run_147
cosbounce_cos_0044,15654,178.61923625138522,14.383858012848753,run_147
cosbounce_cos_0049,6379,178.61437499670797,0.8455276889887577,run_147
cosbounce_cos_0083,6892,178.60724015186133,29.077523536392256,run_147
cosbounce_cos_0031,9608,178.6025942216277,19.1859895690414,run_147
cosbounce_cos_0007,19819,178.60074013633806,11.127334675552817,run_147
cosbounce_cos_0045,15224,178.59324302379278,10.544595994570516,run_147
cosbounce_cos_0077,18083,178.5912372958066,25.072958608520203,run_147
cosbounce_cos_0054,20308,178.58191987993249,7.371736994875461,run_147
cosbounce_cos_0032,5408,178.58032191864203,0.14011781673118864,run_147
cosbounce_cos_0019,15434,178.57939447289556,49.538439377358834,run_147
cosbounce_cos_0080,14453,178.57577785641553,19.0268876280421,run_147
cosbounce_cos_0003,13668,178.5728209141473,4.49867252337677,run_147
cosbounce_cos_0011,11947,178.5721099286784,26.83915902079608,run_147
cosbounce_cos_0067,3522,178.5679915806616,145.3902654574,run_147
cosbounce_cos_0079,6734,178.56727190116246,5.711390805369772,run_147
cosbounce_cos_0036,12484,178.55889434816265,1.1181477113336897,run_147
cosbounce_cos_0002,8248,178.55847646868222,4.464424248036893,run_147
cosbounce_cos_0064,2998,178.5574491664382,5.374405831960155,run_147
cosbounce_cos_0033,9739,178.5564677356364,221.69216643211746,run_147
cosbounce_cos_0002,7045,178.55620470242502,23.09578825125361,run_147
cosbounce_cos_0003,20700,178.55530091446585,1.4822251201415402,run_147
cosbounce_cos_0052,12950,178.54553926916432,6.151698829041676,run_147
cosbounce_cos_0036,4614,178.54400958275747,66.62822722297611,run_147
cosbounce_cos_0015,10712,178.54214061752262,1.8251974377382447,run_147
cosbounce_cos_0013,16434,178.54059234534253,26.958189680365408,run_147
cosbounce_cos_0033,6495,178.54020937875896,2.942843302712251,run_147
cosbounce_cos_0009,7501,178.53846835544826,3.0483463381531504,run_147
cosbounce_cos_0017,18042,178.53695762143244,12.494437639371796,run_147
cosbounce_cos_0038,1334,178.53618642180825,3.3793238473922664,run_147
cosbounce_cos_0071,9422,178.52994823494774,6.711116821361787,run_147
cosbounce_cos_0067,4449,178.52898477960827,9.84399570974986,run_147
cosbounce_cos_0053,6254,178.5269730854922,17.22344987627409,run_147
cosbounce_cos_0045,13777,178.52195020319,1.1266762531365633,run_147
cosbounce_cos_0000,3175,178.51869701435584,6.906825617976005,run_147
cosbounce_cos_0027,22437,178.51762978407697,5.947255672906055,run_147
cosbounce_cos_0022,9391,178.51228934867606,10.852594536342663,run_147
cosbounce_cos_0053,20363,178.50822251257648,25.93434970235292,run_147
cosbounce_cos_0064,17242,178.50188904410766,177.29068810839917,run_147
cosbounce_cos_0021,15694,178.50129182801066,20.417034658223756,run_147
cosbounce_cos_0059,18568,178.49752480011358,5.759538234788561,run_147
cosbounce_cos_0055,432,178.49538543600426,0.1163853826654995,run_147
cosbounce_cos_0049,4224,178.49343143933305,6.988924099053108,run_147
cosbounce_cos_0061,16366,178.49088876760837,28.049224084294572,run_147
cosbounce_cos_0051,21295,178.49004167539627,15.146279092296133,run_147
cosbounce_cos_0013,3276,178.4866315485345,13.333083120088784,run_147
cosbounce_cos_0071,9310,178.4838082462687,0.4739577218235228,run_147
cosbounce_cos_0070,3245,178.4829918339519,5.118113095139227,run_147
cosbounce_cos_0075,17228,178.48277628217707,6.546948374975158,run_147
cosbounce_cos_0060,3612,178.48190605746674,8.757967659095346,run_147
cosbounce_cos_0065,4400,178.47419718358807,14.546240872675721,run_147
cosbounce_cos_0003,21636,178.47416189505714,6.75337104006005,run_147
cosbounce_cos_0063,16343,178.46631701943522,10.270376033822917,run_147
cosbounce_cos_0073,9148,178.46254764195768,10.411345723364908,run_147
cosbounce_cos_0058,9114,178.45756901440484,0.07125150268670148,run_147
cosbounce_cos_0086,2176,178.45640069481013,2.1374942511864328,run_147
cosbounce_cos_0080,20198,178.45149631238908,2.40387618625313,run_147
cosbounce_cos_0040,20814,178.44837963596325,20.379781279340698,run_147
cosbounce_cos_0044,2313,178.44735301761173,3.149136494958337,run_147
cosbounce_cos_0039,11810,178.44465795075936,1.3712580317433543,run_147
cosbounce_cos_0068,17260,178.44249041658702,224.37145948672003,run_147
cosbounce_cos_0025,10025,178.44095036219164,17.197732341318947,run_147
cosbounce_cos_0020,5773,178.44082405167197,8.054435438200718,run_147
cosbounce_cos_0010,8956,178.4396769398813,16.693719216671155,run_147
cosbounce_cos_0038,577,178.43707068488362,8.54270919502399,run_147
cosbounce_cos_0009,12048,178.43698830492423,19.078684625823772,run_147
cosbounce_cos_0055,5611,178.4365635690469,20.66020674368784,run_147
cosbounce_cos_0034,11769,178.4285371642413,1.7454872585401997,run_147
cosbounce_cos_0065,20645,178.41841600984614,3.29498449851575,run_147
cosbounce_cos_0027,15140,178.41519757320657,0.21040968250436967,run_147
cosbounce_cos_0034,18985,178.41410363752198,0.744473841764063,run_147
cosbounce_cos_0002,9797,178.40911063858334,10.552991562213654,run_147
cosbounce_cos_0083,5676,178.4069893681615,25.38430595688895,run_147
cosbounce_cos_0056,22036,178.40591530511057,10.250947896252242,run_147
cosbounce_cos_0055,41,178.40175214621541,1.9229364834174558,run_147
cosbounce_cos_0041,13587,178.39972028704264,15.646229914769547,run_147
cosbounce_cos_0037,7285,178.39657052047838,15.484850610988603,run_147
cosbounce_cos_0056,8175,178.39523867367566,4.345915732515597,run_147
cosbounce_cos_0000,19588,178.38465452254408,0.767096600306449,run_147
cosbounce_cos_0050,13960,178.38420920737275,16.088006274545595,run_147
cosbounce_cos_0057,21374,178.38328527204104,9.074027524209194,run_147
cosbounce_cos_0053,8839,178.38185241963782,10.08057090674698,run_147
cosbounce_cos_0081,8504,178.38148803472347,0.5578136664275302,run_147
cosbounce_cos_0058,21813,178.3812186177728,1.6350579722490197,run_147
cosbounce_cos_0031,17401,178.3796872145157,22.32194123493208,run_147
cosbounce_cos_0048,15341,178.37850222235326,9.781442774042247,run_147
cosbounce_cos_0031,9843,178.37610909593707,3.819379098789786,run_147
cosbounce_cos_0003,4690,178.3744968360768,4.590547556986659,run_147
cosbounce_cos_0043,19042,178.37283026094985,0.6672613341464257,run_147
cosbounce_cos_0005,9458,178.36294542167516,11.718837177976177,run_147
cosbounce_cos_0036,21928,178.3627157613113,9.440129298757821,run_147
cosbounce_cos_0077,11347,178.36205719526987,12.839860000784528,run_147
cosbounce_cos_0068,1521,178.3590689848274,2.143726031991803,run_147
cosbounce_cos_0083,2855,178.35697923327066,324.565565642702,run_147
cosbounce_cos_0049,22033,178.35335882649363,15.856937771118712,run_147
cosbounce_cos_0054,12146,178.3479431819545,15.171404752210194,run_147
cosbounce_cos_0042,5286,178.3454243092219,16.17187986485308,run_147
cosbounce_cos_0016,3511,178.3430530923299,3.253537508021681,run_147
cosbounce_cos_0043,18345,178.34298836430455,6.87869465094927,run_147
cosbounce_cos_0060,7143,178.335939811865,5.585433657841705,run_147
cosbounce_cos_0069,10016,178.3354677723113,14.42038921503653,run_147
cosbounce_cos_0046,3226,178.33515590705647,15.692560996421726,run_147
cosbounce_cos_0013,17555,178.33334253703347,31.724674985764633,run_147
cosbounce_cos_0070,16934,178.3333216544826,21.87587577856046,run_147
cosbounce_cos_0086,135,178.3331940721967,4.250663666578679,run_147
cosbounce_cos_0051,5778,178.33187754717179,29.403956004284506,run_147
cosbounce_cos_0033,226,178.33149583715286,1.8265974316457123,run_147
cosbounce_cos_0056,4846,178.3305254714962,10.15677645382249,run_147
cosbounce_cos_0036,15292,178.32934798203289,1.7186987790525203,run_147
cosbounce_cos_0070,6130,178.32097250060306,24.2792075935367,run_147
cosbounce_cos_0069,13508,178.31880934167148,23.727032013428563,run_147
cosbounce_cos_0021,9991,178.31793861925001,3.978713759963388,run_147
cosbounce_cos_0064,15268,178.31658981470537,13.000408827491972,run_147
cosbounce_cos_0056,21179,178.30905513784577,10.735119788824106,run_147
cosbounce_cos_0039,16296,178.30904913108213,5.400480400706331,run_147
cosbounce_cos_0009,13406,178.30756398023308,12.65999019429389,run_147
cosbounce_cos_0059,21305,178.30416071582093,40.13839533265489,run_147
cosbounce_cos_0018,4668,178.30380231365223,8.014085627768306,run_147
cosbounce_cos_0019,7424,178.3023728665343,9.135785123562702,run_147
cosbounce_cos_0007,5696,178.30003444110858,3.291096030237179,run_147
cosbounce_cos_0086,8773,178.29817981635063,12.59925168188574,run_147
cosbounce_cos_0019,14609,178.2969448069576,9.70350303828809,run_147
cosbounce_cos_0052,16363,178.2960752797473,8.870482875039468,run_147
cosbounce_cos_0070,8986,178.29557568102518,3.561144606722908,run_147
cosbounce_cos_0043,8946,178.29235824364625,18.424736729873292,run_147
cosbounce_cos_0031,19872,178.29184956441142,16.924710182311006,run_147
cosbounce_cos_0025,3338,178.29183430912093,1.5043357259305266,run_147
cosbounce_cos_0044,9771,178.28945358988136,8.204844785427543,run_147
cosbounce_cos_0060,20554,178.28724321406767,1.5197625921789568,run_147
cosbounce_cos_0032,11812,178.28409073234116,9.68931465432976,run_147
cosbounce_cos_0054,18645,178.28285190290873,27.137535865299082,run_147
cosbounce_cos_0014,5882,178.27840092190874,7.086653751809208,run_147
cosbounce_cos_0047,18606,178.27707804556272,10.009191530576521,run_147
cosbounce_cos_0020,9518,178.27630784376646,8.050994884302774,run_147
cosbounce_cos_0022,2633,178.2750211719252,5.175210533312063,run_147
cosbounce_cos_0082,11554,178.2713969519032,16.029503008558294,run_147
cosbounce_cos_0061,4111,178.2709104266252,12.421493246676576,run_147
cosbounce_cos_0023,21905,178.2697142550376,4.9699538961009395,run_147
cosbounce_cos_0040,3010,178.2660530930685,8.146952735628172,run_147
cosbounce_cos_0084,14639,178.2636986882649,19.435048999092274,run_147
cosbounce_cos_0077,3591,178.2605231469493,9.918794167163627,run_147
cosbounce_cos_0066,21936,178.25987542237615,4.838018987314452,run_147
cosbounce_cos_0062,15457,178.25752963658613,3.999487425495403,run_147
cosbounce_cos_0074,659,178.25609432021773,13.157106814275997,run_147
cosbounce_cos_0054,21682,178.25100977484632,8.968178019510322,run_147
cosbounce_cos_0071,12321,178.24987398140257,28.3587212222578,run_147
cosbounce_cos_0018,20164,178.2441292563941,10.446393724240528,run_147
cosbounce_cos_0055,10662,178.24112464717805,13.827365094012997,run_147
cosbounce_cos_0060,563,178.24066557179563,11.228980144623632,run_147
cosbounce_cos_0068,16884,178.2381513054783,7.7570575074840775,run_147
cosbounce_cos_0079,4547,178.23744348535837,41.38727349691166,run_147
cosbounce_cos_0067,101,178.23642927958986,0.9619988132481141,run_147
cosbounce_cos_0008,558,178.23263018366455,2.7615812758214364,run_147
cosbounce_cos_0057,21912,178.23100068673125,3.6012155631168916,run_147
cosbounce_cos_0044,16842,178.23012710834374,12.443355219924038,run_147
cosbounce_cos_0045,12416,178.22757263445516,2.667716800171507,run_147
cosbounce_cos_0083,22082,178.22706949278032,7.398604044804917,run_147
cosbounce_cos_0052,4608,178.225446338532,7.9367232660415405,run_147
cosbounce_cos_0058,16369,178.22112026660457,7.88491740789431,run_147
cosbounce_cos_0006,13982,178.22085054580626,11.608007834319784,run_147
cosbounce_cos_0003,1698,178.2151489813473,8.55884499801288,run_147
cosbounce_cos_0032,10738,178.21461749889778,5.4968087914146375,run_147
cosbounce_cos_0066,7442,178.2136715203019,12.879722719450406,run_147
cosbounce_cos_0036,17559,178.2124252260917,4.203681933441818,run_147
cosbounce_cos_0029,8255,178.20894565553976,4.104941712876743,run_147
cosbounce_cos_0076,14494,178.20784202631367,2.1920783100284704,run_147
cosbounce_cos_0044,2378,178.20712032583427,6.311601805302015,run_147
cosbounce_cos_0020,16540,178.2067043925199,8.60488869895481,run_147
cosbounce_cos_0040,8008,178.19993603489894,11.350015448579134,run_147
cosbounce_cos_0014,7650,178.1929394437348,9.57782230583526,run_147
cosbounce_cos_0042,9472,178.1926839345582,1.9183197434600083,run_147
cosbounce_cos_0070,13405,178.192042320945,6.298523831674088,run_147
cosbounce_cos_0037,14774,178.1916758131094,7.585495086631283,run_147
cosbounce_cos_0017,8749,178.18869080033912,2.834102588370322,run_147
cosbounce_cos_0085,10960,178.18767023760532,11.891066623550728,run_147
cosbounce_cos_0005,12947,178.18328101604953,6.78600893364854,run_147
cosbounce_cos_0019,11081,178.18025500436207,7.3131791497342045,run_147
cosbounce_cos_0082,13172,178.17628003146874,14.49539949761389,run_147
cosbounce_cos_0016,10384,178.1755115821451,2.274181448687535,run_147
cosbounce_cos_0023,14211,178.17508111255503,7.354318317423192,run_147
cosbounce_cos_0067,8707,178.16878452930854,2.0922118718768585,run_147
cosbounce_cos_0052,418,178.1677502783988,6.1059905919493955,run_147
cosbounce_cos_0074,18237,178.1616165938843,2.2904437944607725,run_147
cosbounce_cos_0060,13202,178.15844195197428,9.723697278411134,run_147
cosbounce_cos_0053,18853,178.15833091245494,8.464493498472608,run_147
cosbounce_cos_0057,21509,178.1502139322012,68.10396063738536,run_147
cosbounce_cos_0043,14009,178.1478023057614,1.0648255491951812,run_147
cosbounce_cos_0036,8455,178.14440801876603,10.04628798163388,run_147
cosbounce_cos_0053,19110,178.14093175556113,8.367760122745123,run_147
cosbounce_cos_0024,48,178.13949078291552,1.8239962900512832,run_147
cosbounce_cos_0003,21211,178.1356202934078,7.063799252121939,run_147
cosbounce_cos_0008,18990,178.1338580558644,4.094149980856544,run_147
cosbounce_cos_0004,17998,178.13285731614772,4.0745376350283555,run_147
cosbounce_cos_0065,14085,178.12977270576857,16.761787955230258,run_147
cosbounce_cos_0085,4272,178.12278057971432,10.355835071714614,run_147
cosbounce_cos_0048,12817,178.11834878471967,8.58464995735451,run_147
cosbounce_cos_0073,3657,178.11802646609087,22.681425684815878,run_147
cosbounce_cos_0051,11210,178.11513315410423,4.362420705708575,run_147
cosbounce_cos_0066,3105,178.115006698152,7.638879528520993,run_147
cosbounce_cos_0064,7733,178.11408125940724,13.416403352504666,run_147
cosbounce_cos_0033,13057,178.11184546298887,18.446018725602713,run_147
cosbounce_cos_0009,3286,178.11139331849796,2.972387484793502,run_147
cosbounce_cos_0076,2246,178.11020958758095,4.523897814157893,run_147
cosbounce_cos_0011,11589,178.09607625963363,29.445690136086167,run_147
cosbounce_cos_0023,19336,178.09453054133346,1.216085789804639,run_147
cosbounce_cos_0073,10633,178.08793912147425,33.32377172144113,run_147
cosbounce_cos_0045,17469,178.08581151131204,14.342397856558641,run_147
cosbounce_cos_0047,21191,178.08530674644857,8.188081115378795,run_147
cosbounce_cos_0029,11619,178.08371703050264,6.202095590154015,run_147
cosbounce_cos_0061,5175,178.08297023418388,37.574891634184326,run_147
cosbounce_cos_0016,13759,178.07709105861653,74.21704691743261,run_147
cosbounce_cos_0045,11334,178.07679652627257,3.6698073563088234,run_147
cosbounce_cos_0023,9887,178.07646544592222,0.9462584937805262,run_147
cosbounce_cos_0076,647,178.0759792007993,6.655303461145007,run_147
cosbounce_cos_0052,529,178.07478800256982,11.141363101326773,run_147
cosbounce_cos_0085,7673,178.06973453732596,19.61299947175521,run_147
cosbounce_cos_0018,13224,178.06544774702863,86.42104535753302,run_147
cosbounce_cos_0016,9918,178.0600049037004,11.469127115062548,run_147
cosbounce_cos_0068,757,178.05884759018016,4.447605240637838,run_147
cosbounce_cos_0038,18734,178.0581649468604,22.69499627800821,run_147
cosbounce_cos_0037,19358,178.05587242725366,0.08818205450565436,run_147
cosbounce_cos_0079,2732,178.05079728508463,16.44073726823169,run_147
cosbounce_cos_0053,18512,178.04709123056864,1.4097470989766734,run_147
cosbounce_cos_0074,1416,178.0424553861176,6.1732119553470985,run_147
cosbounce_cos_0024,1174,178.04161939082954,14.059465939617516,run_147
cosbounce_cos_0085,7268,178.0415704510328,12.530796208883412,run_147
cosbounce_cos_0021,12940,178.03694872400743,0.16898060613865162,run_147
cosbounce_cos_0022,8849,178.02589355219615,11.735847601021794,run_147
cosbounce_cos_0053,87,178.02540769348414,25.909293639100092,run_147
cosbounce_cos_0047,4775,178.02480953488245,10.693172002536905,run_147
cosbounce_cos_0056,7206,178.0240359673697,3.2505861371637073,run_147
cosbounce_cos_0055,20970,178.02225813913526,2.3297510855413726,run_147
cosbounce_cos_0024,20906,178.02211659783046,12.972021272108954,run_147
cosbounce_cos_0010,16758,178.02181948742032,2.345577073913029,run_147
cosbounce_cos_0005,3725,178.02101094351102,29.041907795965688,run_147
cosbounce_cos_0074,9889,178.02091162793647,9.717551678455303,run_147
cosbounce_cos_0048,19522,178.01581332702492,2.1059329082446854,run_147
cosbounce_cos_0078,15967,178.01517690972773,2.4473495694709397,run_147
cosbounce_cos_0011,16123,178.01497835214306,8.611044097365854,run_147
cosbounce_cos_0022,16583,178.01306680845676,74.24989646089497,run_147
cosbounce_cos_0039,15699,178.01284415693922,6.21207881254212,run_147
cosbounce_cos_0076,2850,178.009662142154,2.2673122763271105,run_147
cosbounce_cos_0041,6833,178.0048327718271,12.329391608523283,run_147
cosbounce_cos_0009,11377,178.0013685509551,6.779794027203564,run_147
cosbounce_cos_0006,17310,177.99569969862063,6.266746708971632,run_147
cosbounce_cos_0056,17882,177.9942683231978,11.503593504236942,run_147
cosbounce_cos_0051,6749,177.99219918473815,26.920900813374935,run_147
cosbounce_cos_0026,8183,177.99113125615506,5.289933288494156,run_147
cosbounce_cos_0023,17733,177.98471217081445,4.412514870113704,run_147
cosbounce_cos_0071,9916,177.98426146765968,18.553160879894435,run_147
cosbounce_cos_0034,10762,177.98348987606494,4.329847151401885,run_147
cosbounce_cos_0039,1053,177.9771827682146,3.505678112817471,run_147
cosbounce_cos_0068,20428,177.9705602560831,14.546721608963587,run_147
cosbounce_cos_0044,2506,177.96915067693413,10.191225910174193,run_147
cosbounce_cos_0056,10058,177.96590593910636,11.922531036086745,run_147
cosbounce_cos_0007,5523,177.96130875739175,7.637859833554783,run_147
cosbounce_cos_0086,945,177.95577722439765,6.339634000450364,run_147
cosbounce_cos_0061,5434,177.9555130542258,1.8145031821809945,run_147
cosbounce_cos_0045,15384,177.95530868277723,3.539147599999829,run_147
cosbounce_cos_0022,21735,177.95127768554585,0.07826979607188662,run_147
cosbounce_cos_0052,12481,177.94966089091417,11.09428048616627,run_147
cosbounce_cos_0001,12562,177.94381804285555,2.8450921144351695,run_147
cosbounce_cos_0017,12061,177.9380951009849,2.7996315318890637,run_147
cosbounce_cos_0035,21868,177.93636510250687,10.220810787407748,run_147
cosbounce_cos_0045,5903,177.93394866617604,12.556696948720026,run_147
cosbounce_cos_0082,15327,177.93352345584287,17.653498827729994,run_147
cosbounce_cos_0044,9764,177.93232115698885,22.414471638696305,run_147
cosbounce_cos_0060,3482,177.93087740179206,24.357705848426463,run_147
cosbounce_cos_0031,15600,177.9306361915639,8.260047626232657,run_147
cosbounce_cos_0067,5327,177.92374498727926,6.479931086073754,run_147
cosbounce_cos_0062,3671,177.923515666782,8.854533810157212,run_147
cosbounce_cos_0011,19395,177.9137157245596,3.2762947768524744,run_147
cosbounce_cos_0074,18084,177.91275449665673,19.093909146329874,run_147
cosbounce_cos_0070,2135,177.9123460304744,16.33601935151912,run_147
cosbounce_cos_0083,5844,177.91103384898793,22.3713132377151,run_147
cosbounce_cos_0024,8234,177.910414655828,3.1116506873475505,run_147
cosbounce_cos_0044,21121,177.91027038445654,26.782440038079894,run_147
cosbounce_cos_0032,9845,177.91018498381462,5.884284618406555,run_147
cosbounce_cos_0040,4878,177.9043154875691,0.23719119267985134,run_147
cosbounce_cos_0050,10586,177.90161341894458,9.294078515434826,run_147
cosbounce_cos_0010,17140,177.90015292854267,10.01510862728846,run_147
cosbounce_cos_0084,712,177.89586329029106,16.313781761992125,run_147
cosbounce_cos_0012,15657,177.89067789054457,5.218578544237495,run_147
cosbounce_cos_0067,20210,177.88656908031584,21.148041755529647,run_147
cosbounce_cos_0060,4859,177.88648544049533,3.106869063449046,run_147
cosbounce_cos_0011,4123,177.88348641374006,5.678117739046328,run_147
cosbounce_cos_0064,18472,177.8832794410877,12.17195466661797,run_147
cosbounce_cos_0005,7192,177.88283370706694,30.345616394697856,run_147
cosbounce_cos_0072,10365,177.88174291635,0.8571335206832862,run_147
cosbounce_cos_0049,21777,177.88003971391902,22.06383879152647,run_147
cosbounce_cos_0043,21759,177.8800372003628,9.156215916631028,run_147
cosbounce_cos_0062,9275,177.87969873803434,4.93984844891146,run_147
cosbounce_cos_0005,21951,177.87636324383598,5.129762887199635,run_147
cosbounce_cos_0073,2138,177.8755232774046,31.07381084181651,run_147
cosbounce_cos_0075,6587,177.87388427823248,3.9386839423238666,run_147
cosbounce_cos_0051,6707,177.87326447709256,11.64973889979458,run_147
cosbounce_cos_0043,11441,177.87157604162692,14.324595904456528,run_147
cosbounce_cos_0077,13649,177.8705071294739,12.38875719105895,run_147
cosbounce_cos_0078,7510,177.87026793856577,13.441441845660252,run_147
cosbounce_cos_0082,18297,177.86932907249826,19.076678594848318,run_147
cosbounce_cos_0052,22067,177.86878752075052,10.583592315872517,run_147
cosbounce_cos_0019,16759,177.8679218635164,3.6677482564596984,run_147
cosbounce_cos_0031,4545,177.8665529912585,1.1251320417226582,run_147
cosbounce_cos_0001,15402,177.86579754564363,119.80319582507649,run_147
cosbounce_cos_0071,16000,177.8647420798733,5.082704978013805,run_147
cosbounce_cos_0082,9302,177.8641958572455,6.299776833391303,run_147
cosbounce_cos_0039,8722,177.85771177369236,3.684403589742787,run_147
cosbounce_cos_0056,7605,177.85740025940555,6.880387996094243,run_147
cosbounce_cos_0080,19248,177.8517443630029,12.07571716330027,run_147
cosbounce_cos_0055,5188,177.85045775673493,21.35696202559301,run_147
cosbounce_cos_0015,6867,177.84986321802216,1.5022596148943204,run_147
cosbounce_cos_0075,7386,177.84890602960127,17.959845696718094,run_147
cosbounce_cos_0053,7466,177.84876981167216,4.606638124313092,run_147
cosbounce_cos_0031,10400,177.8478149641965,19.03114136092933,run_147
cosbounce_cos_0045,4801,177.8466585691266,35.831449581295125,run_147
cosbounce_cos_0018,8635,177.84527342281973,4.380846041027667,run_147
cosbounce_cos_0050,17234,177.84513267373077,23.636356659878775,run_147
cosbounce_cos_0048,15225,177.8440149625236,4.699681728884793,run_147
cosbounce_cos_0047,16362,177.8439780648812,9.847112537810156,run_147
cosbounce_cos_0049,3862,177.84385863708025,3.1687581995608807,run_147
cosbounce_cos_0009,2687,177.84278854732997,12.726775091220638,run_147
cosbounce_cos_0023,16863,177.8423094489008,1.4747213782885622,run_147
cosbounce_cos_0066,22087,177.8396431108776,14.902813524120658,run_147
cosbounce_cos_0062,6811,177.83860395931146,10.365463115800008,run_147
cosbounce_cos_0019,14385,177.83448848292664,19.649428015772806,run_147
cosbounce_cos_0053,21991,177.83227725850432,29.378139183779986,run_147
cosbounce_cos_0021,9674,177.83097699313197,7.969910174497535,run_147
cosbounce_cos_0042,22350,177.830554009662,13.311468334376865,run_147
cosbounce_cos_0061,11782,177.8294389106011,7.1906730076509335,run_147
cosbounce_cos_0007,10289,177.82856632796233,4.034817320016279,run_147
cosbounce_cos_0053,5650,177.8247207735199,0.8289897331535682,run_147
cosbounce_cos_0043,17317,177.82293598317972,5.4681277528307275,run_147
cosbounce_cos_0028,13171,177.82257068683944,4.911624242242525,run_147
cosbounce_cos_0028,13644,177.81973697776746,0.6879596333366658,run_147
cosbounce_cos_0057,15172,177.81897054861386,19.476085483320286,run_147
cosbounce_cos_0014,1289,177.8173040863303,6.832737430068692,run_147
cosbounce_cos_0052,2906,177.81629278412046,1.5167830181859314,run_147
cosbounce_cos_0062,5829,177.8157372399955,11.684054705607961,run_147
cosbounce_cos_0066,5663,177.81456711605006,41.01084703880688,run_147
cosbounce_cos_0043,9509,177.81438615820332,14.088185177237895,run_147
cosbounce_cos_0076,16203,177.81320361065087,4.458355278518429,run_147
cosbounce_cos_0072,14383,177.81150165836897,14.126809226746381,run_147
cosbounce_cos_0068,12934,177.81133859129443,27.78871771443581,run_147
cosbounce_cos_0082,12569,177.81086670163137,13.790769631558272,run_147
cosbounce_cos_0083,8998,177.80616590140076,3.454881836439242,run_147
cosbounce_cos_0079,6973,177.80281847887514,26.04095251019725,run_147
cosbounce_cos_0057,3939,177.80229890925858,12.558367099607306,run_147
cosbounce_cos_0051,12961,177.79831047288707,7.316616781177062,run_147
cosbounce_cos_0075,9152,177.79545763239244,6.244556488004919,run_147
cosbounce_cos_0020,728,177.7909323328655,1.0269271418236736,run_147
cosbounce_cos_0033,6530,177.79026674119413,13.591442043949003,run_147
cosbounce_cos_0083,10643,177.78876027902402,33.306590567111684,run_147
cosbounce_cos_0050,2780,177.788663338356,1.3695729287588105,run_147
cosbounce_cos_0055,5893,177.78357872824085,15.98415621458165,run_147
cosbounce_cos_0058,12192,177.78171817288933,11.943899736862614,run_147
cosbounce_cos_0071,20912,177.7788962268405,4.3711290477708475,run_147
cosbounce_cos_0072,9040,177.77841021267074,8.56075425437203,run_147
cosbounce_cos_0008,18493,177.774866507482,14.999432980218817,run_147
cosbounce_cos_0035,9002,177.77289659172266,23.46841162130294,run_147
cosbounce_cos_0019,10454,177.7723679391581,22.52121292799211,run_147
cosbounce_cos_0037,16492,177.771437330406,1.9967598982171737,run_147
cosbounce_cos_0065,15055,177.7711410426987,20.249526725438812,run_147
cosbounce_cos_0081,8414,177.76724228810923,5.62085430429045,run_147
cosbounce_cos_0045,12101,177.76683019585,9.87867446530203,run_147
cosbounce_cos_0067,7359,177.7664689189396,1.6929601072974783,run_147
cosbounce_cos_0031,6333,177.76581361472253,1.6064157625740674,run_147
cosbounce_cos_0044,2766,177.76477502020836,15.065703521121057,run_147
cosbounce_cos_0026,10885,177.76078438597494,4.937724748555438,run_147
cosbounce_cos_0052,4927,177.75897303023797,39.428951790028,run_147
cosbounce_cos_0022,16756,177.75736421291907,17.3400678247706,run_147
cosbounce_cos_0069,15251,177.75706988129946,16.845915881353775,run_147
cosbounce_cos_0060,11597,177.7556009024491,10.702539525569717,run_147
cosbounce_cos_0009,14757,177.75282863161016,26.342725170001238,run_147
cosbounce_cos_0076,17320,177.75219734892246,10.720944881718907,run_147
cosbounce_cos_0080,11546,177.75129094686136,13.671849761376535,run_147
cosbounce_cos_0054,9612,177.74997972448142,0.6639153645717855,run_147
cosbounce_cos_0017,12478,177.74362241057617,22.271201068706745,run_147
cosbounce_cos_0075,10344,177.7431689005101,31.883237141168344,run_147
cosbounce_cos_0051,9428,177.7410147250943,4.98080365566372,run_147
cosbounce_cos_0074,6188,177.73638142137162,2.897560615069611,run_147
cosbounce_cos_0058,14691,177.73235692450356,4.008552055438771,run_147
cosbounce_cos_0009,20053,177.72936884701238,17.065820657306087,run_147
cosbounce_cos_0016,17495,177.72857870920845,6.8361730818742,run_147
cosbounce_cos_0011,22021,177.7251065510341,6.141905164093327,run_147
cosbounce_cos_0055,5957,177.72373748286557,6.736498162027746,run_147
cosbounce_cos_0066,15212,177.72007117432062,4.098525418506319,run_147
cosbounce_cos_0054,9801,177.7195733630438,13.739689547382332,run_147
cosbounce_cos_0080,8597,177.71915097497538,16.035707577054023,run_147
cosbounce_cos_0034,19682,177.71742105380665,1.572143525467666,run_147
cosbounce_cos_0048,13684,177.7156426503485,2.2891723701706526,run_147
cosbounce_cos_0080,8026,177.71075943221018,5.5276722074572335,run_147
cosbounce_cos_0027,19276,177.7103537197924,10.367947119927043,run_147
cosbounce_cos_0045,5013,177.69743923753612,10.72369826652401,run_147
cosbounce_cos_0050,19826,177.69148980448028,11.849594109818268,run_147
cosbounce_cos_0086,1396,177.69126903098413,2.1849299139779417,run_147
cosbounce_cos_0045,18817,177.6899989425329,16.68123758045565,run_147
cosbounce_cos_0075,13011,177.68713427127355,0.38549695445676113,run_147
cosbounce_cos_0005,8110,177.68630881548953,22.722099133787143,run_147
cosbounce_cos_0084,2932,177.68288706413375,1.7554852451614797,run_147
cosbounce_cos_0067,7536,177.6801639200464,11.742787847783939,run_147
cosbounce_cos_0083,14414,177.6767522201892,7.432569562124451,run_147
cosbounce_cos_0033,16193,177.67523245629994,2.8714175117122407,run_147
cosbounce_cos_0021,7905,177.67423494126308,0.6044510100171439,run_147
cosbounce_cos_0001,13291,177.6726958015464,5.8587848363921,run_147
cosbounce_cos_0057,12992,177.67229291117067,47.54849609324736,run_147
cosbounce_cos_0083,3164,177.67217884014357,8.448876387384601,run_147
cosbounce_cos_0085,20519,177.6719127705823,125.07956579506417,run_147
cosbounce_cos_0068,22071,177.6687869012458,16.617695814865513,run_147
cosbounce_cos_0053,11207,177.66850985205716,20.60605586404326,run_147
cosbounce_cos_0051,9165,177.66259840455086,15.44061076218271,run_147
cosbounce_cos_0042,22146,177.6606474760713,18.511379276791544,run_147
cosbounce_cos_0049,364,177.6592333348234,4.9146858851253885,run_147
cosbounce_cos_0048,897,177.65854780138895,11.547090649165808,run_147
cosbounce_cos_0008,15686,177.65817792537038,6.100657969579605,run_147
cosbounce_cos_0055,18959,177.6563950496122,13.817841181206562,run_147
cosbounce_cos_0054,8607,177.6556779706104,3.6606774034048413,run_147
cosbounce_cos_0033,15394,177.65544811417107,5.362872681530476,run_147
cosbounce_cos_0031,7088,177.6541585444652,4.741236263875932,run_147
cosbounce_cos_0064,5206,177.6539673200742,27.838114894431953,run_147
cosbounce_cos_0032,14999,177.6531549925859,6.2120647030063285,run_147
cosbounce_cos_0036,11712,177.65139013845754,19.64020386584441,run_147
cosbounce_cos_0021,3982,177.65126849909112,7.472468109739487,run_147
cosbounce_cos_0063,1431,177.6495460669088,9.922644084865173,run_147
cosbounce_cos_0085,7019,177.64709995832263,14.295906342704932,run_147
cosbounce_cos_0047,10499,177.64503353566397,140.563998062579,run_147
cosbounce_cos_0011,17665,177.64359853424352,15.449912270005077,run_147
cosbounce_cos_0063,13985,177.64155222553077,26.261582311236918,run_147
cosbounce_cos_0028,3311,177.63885492394675,13.486829130149966,run_147
cosbounce_cos_0034,17974,177.63511325877425,78.92184507901504,run_147
cosbounce_cos_0062,16135,177.63301431482253,5.756973792524691,run_147
cosbounce_cos_0011,6128,177.62778396438975,3.0643589946088343,run_147
cosbounce_cos_0032,17180,177.62760190344673,6.571834668713586,run_147
cosbounce_cos_0047,10781,177.61982988290896,3.725531017940817,run_147
cosbounce_cos_0052,9572,177.61915060086193,26.86944183161946,run_147
cosbounce_cos_0030,8879,177.61698401595152,9.603852659197106,run_147
cosbounce_cos_0043,1811,177.6113250086069,0.7612296279611964,run_147
cosbounce_cos_0047,7529,177.61068530687223,5.4006486441235095,run_147
cosbounce_cos_0065,5434,177.61050485033758,1.8758219061654966,run_147
cosbounce_cos_0051,15756,177.6103010352746,3.3901259413528613,run_147
cosbounce_cos_0057,1823,177.60581789052742,13.07639842241772,run_147
cosbounce_cos_0018,1583,177.6057819484104,15.408475856532696,run_147
cosbounce_cos_0026,17095,177.59669000936472,5.8709935288024235,run_147
cosbounce_cos_0079,1978,177.59648949390186,251.23790952718218,run_147
cosbounce_cos_0051,20436,177.5945817602329,15.560517641853913,run_147
cosbounce_cos_0060,13280,177.592884538679,18.911246799059935,run_147
cosbounce_cos_0067,1365,177.59208970757,1.236566093725246,run_147
cosbounce_cos_0041,5710,177.58991886315144,1.7905551334609362,run_147
cosbounce_cos_0065,597,177.58955800369063,17.55992891612526,run_147
cosbounce_cos_0025,7473,177.58723989041724,23.998997584462963,run_147
cosbounce_cos_0071,6395,177.58557862632944,10.239214675018383,run_147
cosbounce_cos_0025,5137,177.58457847959644,9.402778925879923,run_147
cosbounce_cos_0071,14255,177.5829680258101,3.956367399223675,run_147
cosbounce_cos_0061,10343,177.58082799357936,1.6580703559044634,run_147
cosbounce_cos_0017,17160,177.5771157236321,0.7026294868967061,run_147
cosbounce_cos_0051,8935,177.57363967700786,14.486543234217304,run_147
cosbounce_cos_0060,21578,177.57185695166444,13.410211082563121,run_147
cosbounce_cos_0038,12129,177.57173456942007,4.583858435814465,run_147
cosbounce_cos_0077,17430,177.57096611121025,0.8734775651487695,run_147
cosbounce_cos_0079,18023,177.56443727898426,14.4841573705003,run_147
cosbounce_cos_0033,729,177.56339174020312,125.36370851478723,run_147
cosbounce_cos_0068,12325,177.56252658470092,20.725933980495267,run_147
cosbounce_cos_0035,8681,177.55854341761,7.052234168880104,run_147
cosbounce_cos_0040,11384,177.55771472487083,6.6940960424695755,run_147
cosbounce_cos_0005,4137,177.5569645312131,21.37539879791374,run_147
cosbounce_cos_0077,22148,177.5563139829318,22.977540343444183,run_147
cosbounce_cos_0015,21290,177.55614061897427,15.05670114565465,run_147
cosbounce_cos_0039,16611,177.5546538595692,5.447474808108222,run_147
cosbounce_cos_0006,11189,177.55132789879966,19.80119326497265,run_147
cosbounce_cos_0032,9621,177.55077536020463,10.94655372674605,run_147
cosbounce_cos_0038,9366,177.55051219749353,5.486700229545959,run_147
cosbounce_cos_0048,411,177.54661080703227,16.282838248984735,run_147
cosbounce_cos_0012,15610,177.54311478884168,7.378046932747421,run_147
cosbounce_cos_0013,7430,177.5428195379507,0.7128002131346375,run_147
cosbounce_cos_0060,931,177.5395160032015,16.59435839918841,run_147
cosbounce_cos_0081,1701,177.53753922481837,14.714356514079252,run_147
cosbounce_cos_0022,9982,177.53454161473215,10.10796245159862,run_147
cosbounce_cos_0039,19558,177.53222870561632,23.854597691176508,run_147
cosbounce_cos_0042,6425,177.53211656602454,8.371442391435384,run_147
cosbounce_cos_0057,1890,177.5306857786319,15.059789077427972,run_147
cosbounce_cos_0077,21851,177.52923611781824,9.993569727254576,run_147
cosbounce_cos_0017,2124,177.52838794752054,2.259004749139699,run_147
cosbounce_cos_0039,1762,177.52691934119503,0.13385190132903724,run_147
cosbounce_cos_0067,13312,177.52631227650664,31.992390249280554,run_147
cosbounce_cos_0005,6783,177.52601971792603,0.908096270524957,run_147
cosbounce_cos_0069,21944,177.52560209196542,132.6910329101163,run_147
cosbounce_cos_0020,20937,177.52329481189977,4.010974823935032,run_147
cosbounce_cos_0079,3755,177.52210168301872,34.07693613829306,run_147
cosbounce_cos_0044,16710,177.52210138986615,8.950728604461114,run_147
cosbounce_cos_0020,16668,177.5213203962688,0.37602691536541016,run_147
cosbounce_cos_0004,8737,177.51213089220678,0.9690438538456297,run_147
cosbounce_cos_0066,15849,177.51087685799553,1.9022154694808884,run_147
cosbounce_cos_0052,21168,177.5093337732496,11.649398704416203,run_147
cosbounce_cos_0075,7560,177.50837727734873,2.476888762234843,run_147
cosbounce_cos_0034,10817,177.50828939594967,8.714119909587648,run_147
cosbounce_cos_0069,13174,177.50822421087523,6.881275608733372,run_147
cosbounce_cos_0005,1835,177.50717839424772,3.744866097334776,run_147
cosbounce_cos_0028,21634,177.50476257483032,8.768363742844402,run_147
cosbounce_cos_0028,21451,177.50260832579306,16.020464757226797,run_147
cosbounce_cos_0051,1745,177.50220190044692,1.4048179672906331,run_147
cosbounce_cos_0026,1732,177.49934742939243,2.19900396033959,run_147
cosbounce_cos_0079,15832,177.49893735345455,4.527515342519721,run_147
cosbounce_cos_0054,16630,177.49647392051438,2.0550307726047623,run_147
cosbounce_cos_0037,4006,177.4930515488387,2.3622670093162244,run_147
cosbounce_cos_0017,18919,177.48916687883815,160.76828525425412,run_147
cosbounce_cos_0067,4550,177.48874846793825,8.49908228275035,run_147
cosbounce_cos_0029,3697,177.48802749099437,4.860488894856595,run_147
cosbounce_cos_0084,3276,177.48796051981194,0.20778250285586938,run_147
cosbounce_cos_0042,3178,177.48424516627088,5.278897466255809,run_147
cosbounce_cos_0004,2410,177.48359185384024,1.538261738657722,run_147
cosbounce_cos_0070,11592,177.4829618609012,20.518381575144627,run_147
cosbounce_cos_0043,4071,177.48157665676007,23.77907769705676,run_147
cosbounce_cos_0031,5144,177.47936710928658,2.8046280862804154,run_147
cosbounce_cos_0011,324,177.47675960161843,0.4958309225351279,run_147
cosbounce_cos_0052,15645,177.47383418208207,17.428292150267644,run_147
cosbounce_cos_0042,21039,177.4736843579165,2.7560214226996256,run_147
cosbounce_cos_0034,17075,177.46978622534724,9.072254915318362,run_147
cosbounce_cos_0077,792,177.46296785726452,10.157448095112835,run_147
cosbounce_cos_0040,16740,177.46220399542437,2.2987866844300604,run_147
cosbounce_cos_0047,9032,177.46204561992374,42.08145095106307,run_147
cosbounce_cos_0007,6840,177.4617738703244,2.3708791183628533,run_147
cosbounce_cos_0035,18764,177.45950289637156,3.483534231934801,run_147
cosbounce_cos_0079,16369,177.4574504483429,5.212989815323475,run_147
cosbounce_cos_0052,17452,177.45367020816587,3.3137892284514585,run_147
cosbounce_cos_0072,19090,177.44984859780755,23.812994754661286,run_147
cosbounce_cos_0067,10817,177.44957687413003,15.019745520165198,run_147
cosbounce_cos_0040,16723,177.444980498602,18.36707179648549,run_147
cosbounce_cos_0065,1055,177.44304893619753,4.9960152680386445,run_147
cosbounce_cos_0028,2035,177.43532326046488,11.759537572330233,run_147
cosbounce_cos_0078,2687,177.43482078585004,0.8412611714390229,run_147
cosbounce_cos_0036,20350,177.4334029734044,10.597152009658126,run_147
cosbounce_cos_0025,8821,177.43231015212515,0.9350577185957463,run_147
cosbounce_cos_0052,21671,177.42791829011662,0.6899937576416402,run_147
cosbounce_cos_0070,2588,177.42767251381957,2.082450880810488,run_147
cosbounce_cos_0000,17074,177.42708808122347,3.13897365458623,run_147
cosbounce_cos_0080,7741,177.42514924744833,14.793005197658397,run_147
cosbounce_cos_0015,8158,177.42206793099263,0.8048788082351229,run_147
cosbounce_cos_0063,16171,177.42117893045224,2.365193277009157,run_147
cosbounce_cos_0023,17788,177.41913970864792,1.8037607854529145,run_147
cosbounce_cos_0070,12134,177.41881269655826,16.539376209525233,run_147
cosbounce_cos_0010,2568,177.418565753465,19.232497577746134,run_147
cosbounce_cos_0001,16517,177.4155975849371,4.846750700072566,run_147
cosbounce_cos_0028,12712,177.40952073990994,13.277149725323028,run_147
cosbounce_cos_0036,7006,177.40710216706762,7.325083782262694,run_147
cosbounce_cos_0035,11657,177.40538990222365,3.1400890808469506,run_147
cosbounce_cos_0073,20776,177.40445359587542,30.71752707672825,run_147
cosbounce_cos_0028,8174,177.40417309806918,6.7803742228714885,run_147
cosbounce_cos_0027,182,177.403807751544,6.0457787068068605,run_147
cosbounce_cos_0061,12270,177.40251535722064,2.331444716179493,run_147
cosbounce_cos_0029,9922,177.40085450484773,330.7802103804651,run_147
cosbounce_cos_0008,11128,177.3968724407246,8.553516424631262,run_147
cosbounce_cos_0040,17074,177.3959929993889,5.601432558561045,run_147
cosbounce_cos_0077,16094,177.3908857864481,10.87850089633133,run_147
cosbounce_cos_0034,2858,177.38463963804048,41.42948643122819,run_147
cosbounce_cos_0053,9815,177.38328731768152,11.774665162830168,run_147
cosbounce_cos_0041,5776,177.3829355291165,47.640454504099274,run_147
cosbounce_cos_0030,19926,177.38270981466442,9.44127039785449,run_147
cosbounce_cos_0057,17546,177.38235590263358,9.097885291187792,run_147
cosbounce_cos_0017,8470,177.38128713696202,19.980911995878074,run_147
cosbounce_cos_0035,10386,177.38121717894393,2.7405838409655496,run_147
cosbounce_cos_0062,2091,177.3794035653635,20.979811282942226,run_147
cosbounce_cos_0020,6982,177.37865746759954,4.307315793124326,run_147
cosbounce_cos_0000,3374,177.37801874312294,1.3147526745586056,run_147
cosbounce_cos_0030,13145,177.3766411232647,6.56473767798075,run_147
cosbounce_cos_0005,11137,177.3765447564987,0.8336293501542359,run_147
cosbounce_cos_0070,13356,177.3762733092938,6.629545011593163,run_147
cosbounce_cos_0050,8224,177.37570302788683,9.17495304702795,run_147
cosbounce_cos_0019,22163,177.3754434269808,5.547415934785785,run_147
cosbounce_cos_0083,19827,177.37543363992307,23.106427895608608,run_147
cosbounce_cos_0042,5382,177.37393024655717,5.894610095920097,run_147
cosbounce_cos_0043,12601,177.37110834441376,12.417421989534551,run_147
cosbounce_cos_0052,21886,177.3686065127559,1.7304801211052587,run_147
cosbounce_cos_0027,3130,177.36829177970216,0.9967992507297427,run_147
cosbounce_cos_0053,5276,177.36768877480952,1.2797464637140643,run_147
cosbounce_cos_0055,11371,177.36737323982658,18.443724698417476,run_147
cosbounce_cos_0053,16258,177.36707621870633,8.385469572102188,run_147
cosbounce_cos_0013,22293,177.36606571407933,0.5889298953372176,run_147
cosbounce_cos_0039,1802,177.36466411400366,5.3981178253461914,run_147
cosbounce_cos_0019,12021,177.3626737867921,10.026124865112562,run_147
cosbounce_cos_0014,21244,177.35940307433947,9.336409853274985,run_147
cosbounce_cos_0036,9971,177.35868509429577,27.340554630908727,run_147
cosbounce_cos_0002,20332,177.3584628664196,11.88731811079873,run_147
cosbounce_cos_0060,367,177.35613602493004,28.589333138028003,run_147
cosbounce_cos_0029,2927,177.35407320546508,17.670931998158988,run_147
cosbounce_cos_0085,7250,177.35030228009043,8.682858039713102,run_147
cosbounce_cos_0053,19229,177.3481652124294,15.374841210612965,run_147
cosbounce_cos_0001,1886,177.34798931357082,11.663783734310371,run_147
cosbounce_cos_0085,19443,177.3477525824812,16.812727767674748,run_147
cosbounce_cos_0072,19511,177.34661726934021,9.423533312185457,run_147
cosbounce_cos_0065,22225,177.3459922928679,8.468670239959796,run_147
cosbounce_cos_0046,11280,177.34215596194008,25.739330656273687,run_147
cosbounce_cos_0078,15717,177.34192236056944,51.16245078291673,run_147
cosbounce_cos_0009,8582,177.34115166080088,12.606293912544741,run_147
cosbounce_cos_0076,20918,177.3409248645521,11.445069136559804,run_147
cosbounce_cos_0084,20019,177.33974598788376,155.79043592655879,run_147
cosbounce_cos_0053,12928,177.3396082690915,12.160452765367838,run_147
cosbounce_cos_0067,10175,177.33664851906994,2.8186932386375076,run_147
cosbounce_cos_0038,8377,177.33660958909402,4.11376293170513,run_147
cosbounce_cos_0034,18053,177.33579609356764,23.933476244142923,run_147
cosbounce_cos_0025,15448,177.3353170574598,17.81692701478888,run_147
cosbounce_cos_0003,5639,177.3347283124837,316.32257688321033,run_147
cosbounce_cos_0066,8991,177.32766421022592,40.72175232549977,run_147
cosbounce_cos_0033,17898,177.32672794576263,115.74945122171168,run_147
cosbounce_cos_0054,11829,177.32671826295075,32.61416058329916,run_147
cosbounce_cos_0083,14095,177.32552589396465,4.984128919324533,run_147
cosbounce_cos_0024,19165,177.32504036761262,7.318967822860367,run_147
cosbounce_cos_0069,2930,177.32227079328663,15.786771494561458,run_147
cosbounce_cos_0076,10716,177.3218408233726,19.43381038349597,run_147
cosbounce_cos_0018,13445,177.32053208071795,8.07649684526179,run_147
cosbounce_cos_0056,1427,177.3202239708628,13.261014605749489,run_147
cosbounce_cos_0014,18415,177.31894894260853,4.029623706928326,run_147
cosbounce_cos_0041,12365,177.31874064105577,16.87642942062898,run_147
cosbounce_cos_0071,8064,177.31542080800463,9.336401311082211,run_147
cosbounce_cos_0068,836,177.31492984722206,4.0388477185769425,run_147
cosbounce_cos_0064,4183,177.3141543878687,18.93359946782217,run_147
cosbounce_cos_0026,3249,177.30949126353502,6.782316763384648,run_147
cosbounce_cos_0005,11598,177.30774442474345,1.5432109351491756,run_147
cosbounce_cos_0063,51,177.30763623596422,0.9232533811073447,run_147
cosbounce_cos_0046,6528,177.30510236495445,2.840569147774181,run_147
cosbounce_cos_0046,4676,177.30302159936076,4.989360253806593,run_147
cosbounce_cos_0046,2523,177.30087198627987,2.780640643684772,run_147
cosbounce_cos_0030,18220,177.3007132499977,2.7239896498791496,run_147
cosbounce_cos_0058,17258,177.30064079759555,5.312139307947411,run_147
cosbounce_cos_0077,6741,177.29988636635454,0.2781107755120757,run_147
cosbounce_cos_0007,10503,177.29979961481362,8.099559403708398,run_147
cosbounce_cos_0049,15099,177.29961141655394,6.442851712968842,run_147
cosbounce_cos_0023,2104,177.29827791387507,7.561926940239461,run_147
cosbounce_cos_0049,7269,177.29692877279066,3.107465360329519,run_147
cosbounce_cos_0066,8084,177.29447277605001,5.632522440989286,run_147
cosbounce_cos_0002,6466,177.2944414808656,19.7164188299724,run_147
cosbounce_cos_0023,20595,177.28934590063483,241.72026193969845,run_147
cosbounce_cos_0045,1325,177.28799554396747,6.101369742380399,run_147
cosbounce_cos_0008,3711,177.28529616187248,1.2246010314662377,run_147
cosbounce_cos_0063,9284,177.2848896438472,6.854896307300217,run_147
cosbounce_cos_0056,20808,177.2840093321079,22.097748443149857,run_147
cosbounce_cos_0038,6129,177.28346288026754,6.725999137207082,run_147
cosbounce_cos_0063,7633,177.28289461294784,4.815500085827424,run_147
cosbounce_cos_0059,6318,177.2817151679688,232.53592756178912,run_147
cosbounce_cos_0026,10500,177.27845937436433,12.530044602084097,run_147
cosbounce_cos_0050,18620,177.27614899566467,7.666854812227636,run_147
cosbounce_cos_0025,18163,177.2759750636758,10.055777041950503,run_147
cosbounce_cos_0018,1138,177.2742168816992,1.400971704736822,run_147
cosbounce_cos_0029,4659,177.27421586671636,5.768947801160533,run_147
cosbounce_cos_0083,2114,177.27268330394864,7.037805186660213,run_147
cosbounce_cos_0065,1454,177.2690207369881,14.460961442565175,run_147
cosbounce_cos_0058,9042,177.26470695217725,19.033323330626033,run_147
cosbounce_cos_0024,15996,177.26374537002633,3.141521027535158,run_147
cosbounce_cos_0011,12477,177.2633630666016,2.2727864906369857,run_147
cosbounce_cos_0077,2833,177.26314036618024,3.6372686340438816,run_147
cosbounce_cos_0033,1536,177.26181903975578,7.067181604284134,run_147
cosbounce_cos_0053,12933,177.26164868860448,8.594008741553884,run_147
cosbounce_cos_0004,3971,177.26130890364965,18.391640105110696,run_147
cosbounce_cos_0068,3356,177.2604309011244,22.950196830227252,run_147
cosbounce_cos_0025,13870,177.25998169962827,2.99338108788132,run_147
cosbounce_cos_0048,17852,177.25559722460255,14.611712518372455,run_147
cosbounce_cos_0068,425,177.25146689823183,12.517134487280302,run_147
cosbounce_cos_0055,18809,177.2514298994995,13.203237543686996,run_147
cosbounce_cos_0044,13062,177.24378114646424,13.683252824558709,run_147
cosbounce_cos_0034,9693,177.24056724200287,6.883398113295985,run_147
cosbounce_cos_0069,19272,177.23806985146535,10.009116589338165,run_147
cosbounce_cos_0081,2712,177.23611452393752,14.06298102578477,run_147
cosbounce_cos_0001,5156,177.235937436042,1.111071943984858,run_147
cosbounce_cos_0068,18045,177.23494701143187,16.81544986230349,run_147
cosbounce_cos_0022,2894,177.2327980138356,2.358145057280541,run_147
cosbounce_cos_0019,21605,177.23072353411456,0.01195511875231975,run_147
cosbounce_cos_0023,4687,177.22386270351367,9.369067878597827,run_147
cosbounce_cos_0081,4825,177.22359038656447,8.281073203396238,run_147
cosbounce_cos_0075,11999,177.21715098933458,8.564737618633426,run_147
cosbounce_cos_0046,652,177.21614132388092,6.705817009303726,run_147
cosbounce_cos_0021,21078,177.2147900896061,2.319122789195416,run_147
cosbounce_cos_0027,2773,177.2134641733998,7.468997344398982,run_147
cosbounce_cos_0071,4534,177.21293243946965,1.6990554470347587,run_147
cosbounce_cos_0027,13594,177.21170961004086,6.277306803044535,run_147
cosbounce_cos_0062,17898,177.20974616621976,3.308991634781053,run_147
cosbounce_cos_0024,7751,177.20933460508348,9.641809504831167,run_147
cosbounce_cos_0025,18010,177.20830367458157,4.247487371686843,run_147
cosbounce_cos_0075,11741,177.2077399893778,9.91105706069689,run_147
cosbounce_cos_0009,10269,177.20721837103645,33.27045937044713,run_147
cosbounce_cos_0043,14493,177.2059344483477,6.736946837788431,run_147
cosbounce_cos_0070,21459,177.2028278016698,11.844209013886589,run_147
cosbounce_cos_0060,47,177.20161976496024,22.68372665589072,run_147
cosbounce_cos_0056,5974,177.20146862444116,12.940910940635577,run_147
cosbounce_cos_0081,618,177.19895279854245,59.592038927743246,run_147
cosbounce_cos_0030,21104,177.1956033871155,20.137757840361346,run_147
cosbounce_cos_0066,19771,177.19433784057856,15.06942108199939,run_147
cosbounce_cos_0047,17992,177.19134223386894,6.9462790843430255,run_147
cosbounce_cos_0052,4290,177.18979344270704,8.556158643321357,run_147
cosbounce_cos_0062,18423,177.1888744274935,140.80074265647764,run_147
cosbounce_cos_0069,1941,177.1854988550651,32.16583795416682,run_147
cosbounce_cos_0017,17205,177.18440467353815,11.38511559624821,run_147
cosbounce_cos_0054,634,177.1843910310992,18.155421402008226,run_147
cosbounce_cos_0001,7904,177.1751524004675,5.823898595022661,run_147
cosbounce_cos_0071,21651,177.17388902443014,2.6676888368745537,run_147
cosbounce_cos_0055,6593,177.1703672435958,0.5821795520697285,run_147
cosbounce_cos_0049,13840,177.16997914793077,0.2702076226346485,run_147
cosbounce_cos_0064,383,177.1681924394894,1.741142537365799,run_147
cosbounce_cos_0005,8630,177.16594104267563,4.236751745074827,run_147
cosbounce_cos_0018,19732,177.16430453944778,2.8152609611338937,run_147
cosbounce_cos_0049,616,177.16373188510912,5.2810699445199525,run_147
cosbounce_cos_0078,11612,177.1583227191121,2.0830946723931705,run_147
cosbounce_cos_0062,18579,177.1521037427145,0.5227933359359265,run_147
cosbounce_cos_0042,4534,177.15132096872412,2.167132558420382,run_147
cosbounce_cos_0053,19281,177.1501181990297,5.833419656082287,run_147
cosbounce_cos_0064,7488,177.14975719548005,4.8399380444362485,run_147
cosbounce_cos_0034,14857,177.14958534376666,8.448038572912521,run_147
cosbounce_cos_0039,13671,177.14952467805793,5.491999171101231,run_147
cosbounce_cos_0011,9101,177.1470080611578,0.23384259245270864,run_147
cosbounce_cos_0017,10524,177.14538005833612,3.2302872758233887,run_147
cosbounce_cos_0004,5656,177.14486206423575,7.52306096385763,run_147
cosbounce_cos_0075,12217,177.14470477777937,7.122888190828477,run_147
cosbounce_cos_0036,7652,177.1434359802572,7.14584025921275,run_147
cosbounce_cos_0031,2619,177.14312973371315,12.737104099800387,run_147
cosbounce_cos_0084,7910,177.14296733574932,7.034715742770606,run_147
cosbounce_cos_0019,20337,177.14143447403447,39.27058739802509,run_147
cosbounce_cos_0035,16980,177.1413558799793,7.3544020586141015,run_147
cosbounce_cos_0006,5728,177.13703652135288,25.27183230845115,run_147
cosbounce_cos_0073,6183,177.13524220988393,7.3782313062576925,run_147
cosbounce_cos_0066,11017,177.13335177207188,5.902588482475038,run_147
cosbounce_cos_0013,7760,177.13238172570644,1.411927304024364,run_147
cosbounce_cos_0069,18278,177.12670161208058,5.790949059130949,run_147
cosbounce_cos_0041,6989,177.1220247873315,7.187399540036544,run_147
cosbounce_cos_0046,16721,177.1217816439489,0.7545860992405403,run_147
cosbounce_cos_0003,21386,177.11939192401778,1.8887038681941286,run_147
cosbounce_cos_0083,9569,177.1185122791133,1.7247058557305865,run_147
cosbounce_cos_0000,20726,177.1174015908492,65.80876689530085,run_147
cosbounce_cos_0002,7209,177.1162926797208,13.36451490310872,run_147
cosbounce_cos_0086,6214,177.11173853883227,9.629245468519683,run_147
cosbounce_cos_0071,13247,177.10833115522442,10.041981879470269,run_147
cosbounce_cos_0040,5672,177.10706403818995,0.5464708597653112,run_147
cosbounce_cos_0017,18792,177.10287467094238,9.274055068530455,run_147
cosbounce_cos_0005,19063,177.10031036529855,10.515881609607954,run_147
cosbounce_cos_0073,2796,177.09966870907635,9.939238395448019,run_147
cosbounce_cos_0007,5111,177.09786310751082,9.6986132252146,run_147
cosbounce_cos_0023,21680,177.09431649041065,35.779090887071696,run_147
cosbounce_cos_0030,8557,177.09395522451476,31.461394639784345,run_147
cosbounce_cos_0010,5790,177.09380645557482,3.8598020993788893,run_147
cosbounce_cos_0051,2289,177.0917772330941,2.6780176658572783,run_147
cosbounce_cos_0058,7174,177.08677366902754,2.8076324349142014,run_147
cosbounce_cos_0006,8322,177.0845882984293,25.13337644160942,run_147
cosbounce_cos_0063,6772,177.0844298910135,11.878225794596057,run_147
cosbounce_cos_0024,10340,177.08291444330274,7.496197655366864,run_147
cosbounce_cos_0055,6281,177.08165926000535,14.534275083948222,run_147
cosbounce_cos_0054,19233,177.08106027367148,7.975135135014589,run_147
cosbounce_cos_0037,10091,177.08038478553868,1.9500567505877926,run_147
cosbounce_cos_0028,4493,177.07880351649175,10.584155712257779,run_147
cosbounce_cos_0055,16979,177.0787754762843,18.080459877191267,run_147
cosbounce_cos_0027,10847,177.07873927474031,6.196027525515027,run_147
cosbounce_cos_0029,17940,177.07732198989933,11.799668000054755,run_147
cosbounce_cos_0068,2542,177.07376006995597,11.634053206900054,run_147
cosbounce_cos_0058,6890,177.07236680591743,6.465559297095033,run_147
cosbounce_cos_0069,20180,177.0709146960857,5.2873498972423265,run_147
cosbounce_cos_0008,7094,177.06899017909396,6.254287002511149,run_147
cosbounce_cos_0056,7395,177.06825772877863,1.3267116590585264,run_147
cosbounce_cos_0017,11768,177.0679366392709,0.8966832190464756,run_147
cosbounce_cos_0034,5551,177.06727542461388,7.883391254552124,run_147
cosbounce_cos_0058,731,177.06594286934342,7.4889104958159125,run_147
cosbounce_cos_0016,14316,177.06344601227644,17.460563794589852,run_147
cosbounce_cos_0084,16825,177.06251929322156,48.965011722537945,run_147
cosbounce_cos_0009,9424,177.06139035968104,17.581796407638805,run_147
cosbounce_cos_0066,9328,177.06081100249546,13.55696447617117,run_147
cosbounce_cos_0008,20874,177.0554113451952,10.63075109064026,run_147
cosbounce_cos_0050,12534,177.05408160302164,12.320612392602108,run_147
cosbounce_cos_0083,19688,177.05270937357486,0.10491317322959143,run_147
cosbounce_cos_0002,6234,177.0525641980996,2.698335952448947,run_147
cosbounce_cos_0070,3459,177.0496124932097,17.5536335568141,run_147
cosbounce_cos_0075,8636,177.0485537137245,9.384345723277509,run_147
cosbounce_cos_0069,10886,177.0453089915541,28.92045755093724,run_147
cosbounce_cos_0056,1219,177.04500464562113,0.8468197634838275,run_147
cosbounce_cos_0033,21286,177.04461166698704,45.272602067046144,run_147
cosbounce_cos_0036,12493,177.0443518111283,3.295008496246726,run_147
cosbounce_cos_0052,18601,177.04326625309054,1.2267563298620139,run_147
cosbounce_cos_0078,15802,177.0407157361677,5.580336728332992,run_147
cosbounce_cos_0069,17200,177.03982713338328,5.893301122220377,run_147
cosbounce_cos_0008,1758,177.03718977877955,14.391444829016312,run_147
cosbounce_cos_0029,9594,177.0362880103699,9.187490094681662,run_147
cosbounce_cos_0084,21174,177.03609302747722,8.504796718953367,run_147
cosbounce_cos_0069,707,177.03388428496635,50.31781562008588,run_147
cosbounce_cos_0047,935,177.03283009015158,10.702926810740253,run_147
cosbounce_cos_0003,10730,177.0290475220092,48.37140761759467,run_147
cosbounce_cos_0041,12992,177.02714874714172,16.084463756241075,run_147
cosbounce_cos_0032,13137,177.02633644931672,8.216573450180563,run_147
cosbounce_cos_0059,25,177.02459956383674,10.52030953231112,run_147
cosbounce_cos_0028,9662,177.02438803454578,2.5841568319095893,run_147
cosbounce_cos_0000,3077,177.02037856057441,4.952651849144607,run_147
cosbounce_cos_0055,13224,177.01513343946087,7.928992824869742,run_147
cosbounce_cos_0023,17212,177.01467630951484,6.604500657161916,run_147
cosbounce_cos_0008,5318,177.01228965681463,9.16709598282335,run_147
cosbounce_cos_0052,10087,177.00889726188538,9.787682330756118,run_147
cosbounce_cos_0036,311,177.0074389509772,14.060755422739398,run_147
cosbounce_cos_0083,8216,177.00721520747217,2.4284322294257,run_147
cosbounce_cos_0033,21982,177.0064152015491,0.380094400866018,run_147
cosbounce_cos_0027,20906,177.00595206746183,2.865503152865021,run_147
cosbounce_cos_0059,4534,177.004010529732,11.637883390147032,run_147
cosbounce_cos_0038,18225,177.00287373032924,16.971454582993825,run_147
cosbounce_cos_0036,21947,177.00284009721773,0.22660430434483517,run_147
cosbounce_cos_0014,15338,177.00243917814242,0.2775755995477993,run_147
cosbounce_cos_0068,11841,176.99990191259656,6.818085961571608,run_147
cosbounce_cos_0020,7888,176.9980863096369,360.05908259478446,run_147
cosbounce_cos_0048,22092,176.9953835418761,4.912224843752761,run_147
cosbounce_cos_0066,2170,176.9934222869928,10.460949254551656,run_147
cosbounce_cos_0019,20742,176.99184160186215,12.605564779207096,run_147
cosbounce_cos_0034,2009,176.99131435383345,75.70812094901817,run_147
cosbounce_cos_0014,10500,176.9893836973802,21.83345495953883,run_147
cosbounce_cos_0010,20136,176.98787695300354,0.08692127156482603,run_147
cosbounce_cos_0079,6266,176.9837653922322,8.442247142010364,run_147
cosbounce_cos_0018,8904,176.9822741282733,0.5455485693030002,run_147
cosbounce_cos_0034,17639,176.9800961945547,4.633211163111262,run_147
cosbounce_cos_0036,4220,176.97964727569325,12.321053290680926,run_147
cosbounce_cos_0044,15974,176.97735669347094,0.2919921835146361,run_147
cosbounce_cos_0015,11358,176.9763180954079,18.025933809766073,run_147
cosbounce_cos_0009,22458,176.97587882083891,3.613718268162051,run_147
cosbounce_cos_0084,21460,176.97361435324615,7.275204036875317,run_147
cosbounce_cos_0011,9642,176.9720318070431,8.582176689650316,run_147
cosbounce_cos_0056,3217,176.9710455137157,8.630277725830592,run_147
cosbounce_cos_0064,10321,176.9653455724113,8.958286340074231,run_147
cosbounce_cos_0010,15755,176.96490770080925,223.24180736561644,run_147
cosbounce_cos_0063,514,176.96161280875208,11.451468387612325,run_147
cosbounce_cos_0044,11895,176.96099813435856,28.329853301721606,run_147
cosbounce_cos_0076,4957,176.96057552116605,3.4225721502498887,run_147
cosbounce_cos_0053,14037,176.95874355191157,9.985422995759954,run_147
cosbounce_cos_0067,3650,176.95816463487202,17.115003069498833,run_147
cosbounce_cos_0078,17563,176.9564076559196,5.04857113954759,run_147
cosbounce_cos_0006,9965,176.9551477012934,1.0297898900596993,run_147
cosbounce_cos_0050,7785,176.9549241846676,2.083471018805849,run_147
cosbounce_cos_0022,9519,176.95281425626746,13.621924735661695,run_147
cosbounce_cos_0027,9291,176.94957284366737,4.788818106205705,run_147
cosbounce_cos_0062,5276,176.9463759385174,15.58109027360831,run_147
cosbounce_cos_0019,9134,176.94553469574498,4.9488804887923745,run_147
cosbounce_cos_0073,12836,176.94304487809293,7.6209487664563484,run_147
cosbounce_cos_0085,1501,176.94092183900676,4.927658292127839,run_147
cosbounce_cos_0025,18343,176.94019325090517,9.598370477547395,run_147
cosbounce_cos_0020,18400,176.93878162571673,10.678401686043596,run_147
cosbounce_cos_0012,11443,176.93779968920953,20.05518307216115,run_147
cosbounce_cos_0059,3759,176.93200198205764,116.76902656992486,run_147
cosbounce_cos_0009,3819,176.93187504557736,13.759703056831068,run_147
cosbounce_cos_0077,8352,176.93024649805034,0.11983505950256094,run_147
cosbounce_cos_0040,10082,176.92832175134836,8.830790450207568,run_147
cosbounce_cos_0042,18816,176.92818928795057,0.08076799518978887,run_147
cosbounce_cos_0073,2111,176.9281200901904,6.394575400240198,run_147
cosbounce_cos_0047,13135,176.9257904192012,5.942731293384043,run_147
cosbounce_cos_0034,1437,176.92276492598296,31.486957020571246,run_147
cosbounce_cos_0052,12938,176.91946039078675,7.38969303312953,run_147
cosbounce_cos_0058,8636,176.91896003335233,2.9523014488508346,run_147
cosbounce_cos_0022,20465,176.91887763555803,10.56230844527028,run_147
cosbounce_cos_0032,16967,176.9188059968655,0.5656733182333639,run_147
cosbounce_cos_0045,16312,176.91832927278605,326.29142460656965,run_147
cosbounce_cos_0046,9424,176.91786247068885,65.60983188852539,run_147
cosbounce_cos_0055,17336,176.91750636610595,0.48953834345952746,run_147
cosbounce_cos_0079,12011,176.91353864736718,11.256895410558133,run_147
cosbounce_cos_0044,20892,176.9130361340469,12.856289624316169,run_147
cosbounce_cos_0081,16538,176.91270808779473,6.489998351899512,run_147
cosbounce_cos_0065,6451,176.91120170128337,4.048001430146642,run_147
cosbounce_cos_0072,278,176.91046781683565,2.79103526439776,run_147
cosbounce_cos_0081,5822,176.90591529586533,17.963786406131288,run_147
cosbounce_cos_0059,594,176.90349591418536,3.1702796677563723,run_147
cosbounce_cos_0055,10090,176.89839549829725,19.839063792491565,run_147
cosbounce_cos_0063,5843,176.89614991307283,3.8152231623660087,run_147
cosbounce_cos_0052,18345,176.896069183352,6.935439300210409,run_147
cosbounce_cos_0007,3068,176.89521534114937,3.05102564650476,run_147
cosbounce_cos_0052,10646,176.89519526550677,3.115468195838554,run_147
cosbounce_cos_0066,15966,176.89057929645625,3.9216421234748973,run_147
cosbounce_cos_0075,14178,176.8905646658371,6.391735005586788,run_147
cosbounce_cos_0077,20883,176.88568825061736,2.6244980446915975,run_147
cosbounce_cos_0034,17798,176.8838242889085,6.034639275431407,run_147
cosbounce_cos_0081,10294,176.88128322910077,6.873958984228545,run_147
cosbounce_cos_0024,13639,176.87917433143608,2.659983394039026,run_147
cosbounce_cos_0083,13889,176.8791336640932,20.384589135716528,run_147
cosbounce_cos_0068,14130,176.87834787240453,0.1604865348161017,run_147
cosbounce_cos_0057,15353,176.86947731397868,18.225727335041945,run_147
cosbounce_cos_0028,12130,176.86899881074396,10.81589296516381,run_147
cosbounce_cos_0084,12370,176.86609898083321,8.25108177965389,run_147
cosbounce_cos_0060,22635,176.8652058025141,4.235463328041978,run_147
cosbounce_cos_0071,14730,176.86277753666926,3.9508962581941516,run_147
cosbounce_cos_0073,8984,176.86185884317715,6.595860618292722,run_147
cosbounce_cos_0018,21651,176.86061217521382,10.509221413937084,run_147
cosbounce_cos_0075,16757,176.8604914589845,9.425230488001707,run_147
cosbounce_cos_0030,1302,176.8546687825113,10.49762109618985,run_147
cosbounce_cos_0015,290,176.8544878018121,25.7957553760249,run_147
cosbounce_cos_0019,9029,176.8536513356429,11.478301149852747,run_147
cosbounce_cos_0008,3435,176.85329054683623,13.798112309114389,run_147
cosbounce_cos_0018,2387,176.85288213616803,21.071843511372887,run_147
cosbounce_cos_0057,19167,176.85006437799433,8.576528804600558,run_147
cosbounce_cos_0030,9867,176.84750003055146,0.9176778434022295,run_147
cosbounce_cos_0060,4784,176.84271472499506,5.546881517008901,run_147
cosbounce_cos_0039,3042,176.84197689570138,57.4993436153064,run_147
cosbounce_cos_0018,14570,176.83835598615434,1.9078485909284855,run_147
cosbounce_cos_0066,1938,176.83425080704768,1.3123342315252111,run_147
cosbounce_cos_0005,19607,176.8337733310408,6.533142116890494,run_147
cosbounce_cos_0074,17608,176.83270229308857,17.84255508642689,run_147
cosbounce_cos_0004,14683,176.82699189350558,8.063306840582253,run_147
cosbounce_cos_0036,8792,176.82688146740495,2.839252499911359,run_147
cosbounce_cos_0029,14951,176.82636731970697,0.06882237152565254,run_147
cosbounce_cos_0080,18049,176.8260623229394,12.825613024181232,run_147
cosbounce_cos_0060,3505,176.82459003810314,4.809195125536779,run_147
cosbounce_cos_0006,12540,176.8242423884728,46.56858441685065,run_147
cosbounce_cos_0012,1472,176.82301539386233,5.976352494734343,run_147
cosbounce_cos_0082,11080,176.82262377054064,10.632231004030965,run_147
cosbounce_cos_0066,7756,176.82199226349508,6.718490025439583,run_147
cosbounce_cos_0028,6174,176.82035458769724,0.6819626866697565,run_147
cosbounce_cos_0025,3032,176.81929407120057,13.815163226437459,run_147
cosbounce_cos_0017,16123,176.81752945327187,12.579344252422846,run_147
cosbounce_cos_0022,20233,176.81483490333147,10.813182806650738,run_147
cosbounce_cos_0001,20454,176.81442439585223,15.264528026666687,run_147
cosbounce_cos_0083,18724,176.8143031211264,5.088968892578109,run_147
cosbounce_cos_0049,4387,176.8136940829332,12.198741991527651,run_147
cosbounce_cos_0010,228,176.81354045897024,6.522031353947738,run_147
cosbounce_cos_0055,17390,176.8045708845868,1.0291306131180569,run_147
cosbounce_cos_0002,21567,176.8042902565126,10.683494848252572,run_147
cosbounce_cos_0058,13301,176.8030313786031,16.85748554438109,run_147
cosbounce_cos_0049,4872,176.80214919751052,22.682530175796405,run_147
cosbounce_cos_0004,18800,176.79826030594847,22.77300673200037,run_147
cosbounce_cos_0080,3000,176.79097044519705,6.089349629207781,run_147
cosbounce_cos_0004,6002,176.79093714042838,1.2805709033267825,run_147
cosbounce_cos_0084,15402,176.78780023879003,28.523044206057637,run_147
cosbounce_cos_0028,2650,176.78765969912106,2.9557555296251308,run_147
cosbounce_cos_0015,993,176.78702719129876,7.652505971685969,run_147
cosbounce_cos_0029,17828,176.78567341829563,14.127800233198467,run_147
cosbounce_cos_0003,416,176.78557556898835,1.5029578757473399,run_147
cosbounce_cos_0002,17157,176.7841699903338,4.572389194815919,run_147
cosbounce_cos_0083,21352,176.78013475620372,17.71241943413372,run_147
cosbounce_cos_0067,8766,176.77429336861638,4.278632204245002,run_147
cosbounce_cos_0029,1771,176.77259299723923,22.17953004512586,run_147
cosbounce_cos_0083,9373,176.77228799338553,10.555118087924177,run_147
cosbounce_cos_0037,1594,176.76486315165894,0.369073947164451,run_147
cosbounce_cos_0011,8445,176.76354814247404,1.76680004097665,run_147
cosbounce_cos_0020,5718,176.76199444357263,3.9276778092544093,run_147
cosbounce_cos_0046,15323,176.7618269709114,22.27689888972392,run_147
cosbounce_cos_0034,3249,176.75865617038252,6.757576598386314,run_147
cosbounce_cos_0020,2252,176.7554109375714,13.065308512062767,run_147
cosbounce_cos_0041,11466,176.7544576955501,7.779887309819234,run_147
cosbounce_cos_0079,380,176.7536886732528,6.989696849491739,run_147
cosbounce_cos_0072,7471,176.752752817019,5.518996728227728,run_147
cosbounce_cos_0066,13020,176.7514161756294,11.412082218936018,run_147
cosbounce_cos_0023,9198,176.74786537995166,25.813336499445327,run_147
cosbounce_cos_0069,17194,176.74583441245292,4.384938360252189,run_147
cosbounce_cos_0080,12146,176.74528028198824,23.28677391767212,run_147
cosbounce_cos_0040,7712,176.7445767242337,3.617813007663246,run_147
cosbounce_cos_0080,2771,176.7444905622935,6.529846564481815,run_147
cosbounce_cos_0023,5503,176.73860108475944,15.710184006798626,run_147
cosbounce_cos_0060,2092,176.73566598118938,5.058899568909417,run_147
cosbounce_cos_0019,872,176.73523095216754,8.589485294248288,run_147
cosbounce_cos_0078,15600,176.7349818046868,0.7146898852168633,run_147
cosbounce_cos_0008,9579,176.73278277297985,2.4065237380923064,run_147
cosbounce_cos_0039,4709,176.7321263193615,22.72053659607262,run_147
cosbounce_cos_0047,5824,176.73155881577705,1.5588375231630394,run_147
cosbounce_cos_0067,9772,176.73111329259225,9.176311550768833,run_147
cosbounce_cos_0053,17525,176.7310815214743,3.0228930314904674,run_147
cosbounce_cos_0034,16452,176.73104396758978,1.7175902778166128,run_147
cosbounce_cos_0061,13787,176.72804734442286,10.09546049225372,run_147
cosbounce_cos_0086,643,176.7273814995004,117.69832894483825,run_147
cosbounce_cos_0016,16871,176.7265596136256,4.653748037801324,run_147
cosbounce_cos_0050,13898,176.7228283807203,22.578637033207098,run_147
cosbounce_cos_0043,20219,176.72243479554166,22.55848886183984,run_147
cosbounce_cos_0026,12452,176.72129505212263,4.623426446783617,run_147
cosbounce_cos_0082,19059,176.72093298311898,7.28640403294697,run_147
cosbounce_cos_0076,19925,176.7197449529871,9.070029948186473,run_147
cosbounce_cos_0060,12579,176.71793091373382,8.011257225201062,run_147
cosbounce_cos_0045,14779,176.71742205429592,1.2540996034611298,run_147
cosbounce_cos_0029,4055,176.7124033021265,9.375383861759113,run_147
cosbounce_cos_0017,17644,176.71099394424218,5.734685956808987,run_147
cosbounce_cos_0053,4410,176.71074871041594,27.798255862559714,run_147
cosbounce_cos_0040,3996,176.7098053183569,71.45078454931912,run_147
cosbounce_cos_0061,17541,176.70595240126514,2.9443279657244448,run_147
cosbounce_cos_0072,3350,176.7050532987165,46.522351172374464,run_147
cosbounce_cos_0033,13915,176.70105516835127,5.02571129298299,run_147
cosbounce_cos_0028,6398,176.7008406583576,2.400588788168662,run_147
cosbounce_cos_0070,11043,176.70025902508291,18.934186378199296,run_147
cosbounce_cos_0004,4225,176.6998750161684,12.506733686773323,run_147
cosbounce_cos_0024,19180,176.69907453371755,1.5621788309116107,run_147
cosbounce_cos_0034,1292,176.69649160049568,6.827496661651764,run_147
cosbounce_cos_0007,12105,176.69493761974667,8.853907264385139,run_147
cosbounce_cos_0043,9253,176.6924899373131,3.768646464623952,run_147
cosbounce_cos_0004,7138,176.69096062407215,24.85048193931525,run_147
cosbounce_cos_0080,6678,176.68991265207302,3.540183763003869,run_147
cosbounce_cos_0009,6511,176.68805230734506,5.1788610077409025,run_147
cosbounce_cos_0010,966,176.6879992291668,2.68306300207368,run_147
cosbounce_cos_0009,4867,176.68512123609713,0.14684412503727293,run_147
cosbounce_cos_0079,18181,176.68481918304118,11.116843325868942,run_147
cosbounce_cos_0040,18675,176.68412207858003,108.56267666783005,run_147
cosbounce_cos_0003,11201,176.68014226181145,4.535546391923701,run_147
cosbounce_cos_0041,3452,176.6784764795569,15.386996289354556,run_147
cosbounce_cos_0008,14555,176.67845656510616,0.38193217693126286,run_147
cosbounce_cos_0081,2908,176.6780998173864,5.833659474647701,run_147
cosbounce_cos_0044,8465,176.67783915393187,12.11453097452678,run_147
cosbounce_cos_0083,590,176.67741297052683,0.09429425747522756,run_147
cosbounce_cos_0035,14283,176.67149825458586,94.64512743315277,run_147
cosbounce_cos_0041,14006,176.66723329666493,0.7415302846043422,run_147
cosbounce_cos_0032,16265,176.6663551973191,5.715108370072369,run_147
cosbounce_cos_0020,7039,176.66332645751407,19.245077010941433,run_147
cosbounce_cos_0028,12463,176.66224985733373,5.0537117303381995,run_147
cosbounce_cos_0005,3248,176.65998841982224,0.15766664604713146,run_147
cosbounce_cos_0017,9015,176.65907830902307,83.08943295901422,run_147
cosbounce_cos_0032,16242,176.65691414204767,3.7313410026294656,run_147
cosbounce_cos_0035,20295,176.65474253399972,44.77609298332109,run_147
cosbounce_cos_0007,21495,176.65426173831094,12.615732343208158,run_147
cosbounce_cos_0076,19883,176.65286608467932,36.75627358137829,run_147
cosbounce_cos_0015,3828,176.65171391627737,12.266506622401382,run_147
cosbounce_cos_0010,11989,176.64903197436848,25.53857969202896,run_147
cosbounce_cos_0065,13605,176.64883369545336,14.619354639141052,run_147
cosbounce_cos_0034,5133,176.64739649473708,16.884589262888255,run_147
cosbounce_cos_0022,10774,176.64665520942057,3.3880025739366917,run_147
cosbounce_cos_0005,12022,176.64659612994487,324.1996150254098,run_147
cosbounce_cos_0053,442,176.64649631167475,11.170740820518258,run_147
cosbounce_cos_0015,1491,176.64512734972163,10.698313058753046,run_147
cosbounce_cos_0011,12260,176.6429318940711,2.270375936127192,run_147
cosbounce_cos_0073,95,176.63833503378623,4.516394373354462,run_147
cosbounce_cos_0016,21455,176.63701213618992,4.847424325687868,run_147
cosbounce_cos_0060,16451,176.63338340395546,127.97913019579909,run_147
cosbounce_cos_0010,19145,176.63161950028174,35.86989484587206,run_147
cosbounce_cos_0077,5974,176.63110548226004,6.98676921587733,run_147
cosbounce_cos_0027,17881,176.6302168173548,4.367351558072362,run_147
cosbounce_cos_0077,14674,176.62499396329187,18.860993383935437,run_147
cosbounce_cos_0039,11831,176.6243991859313,4.6452610127760865,run_147
cosbounce_cos_0005,1491,176.62432717256405,10.917671826667382,run_147
cosbounce_cos_0028,3043,176.62291495299056,8.529337259052376,run_147
cosbounce_cos_0081,13741,176.6184846292154,22.342528132701695,run_147
cosbounce_cos_0033,17018,176.61760015215805,7.042739922576156,run_147
cosbounce_cos_0019,349,176.61758259484137,5.339547250767757,run_147
cosbounce_cos_0026,15608,176.61090146803335,3.1191146287088247,run_147
cosbounce_cos_0065,20158,176.60868207544635,1.9863819256048347,run_147
cosbounce_cos_0023,7172,176.60842443261203,16.341083763286633,run_147
cosbounce_cos_0068,803,176.60633007029165,2.5587330280530933,run_147
cosbounce_cos_0001,1797,176.6048156052848,8.285738703329246,run_147
cosbounce_cos_0007,8043,176.60289283550236,3.757651804255241,run_147
cosbounce_cos_0062,5129,176.6020789048028,29.769949442844762,run_147
cosbounce_cos_0040,5712,176.60187433621368,11.357129535149912,run_147
cosbounce_cos_0031,7748,176.6014642479396,1.3891912166269746,run_147
cosbounce_cos_0077,18012,176.59814209632967,6.617597677493571,run_147
cosbounce_cos_0051,2558,176.5957005304414,3.675571952321319,run_147
cosbounce_cos_0063,6746,176.59404302107131,68.74192567330289,run_147
cosbounce_cos_0058,15642,176.59386408006927,4.14450960454755,run_147
cosbounce_cos_0005,6390,176.59305851742207,12.18405309663639,run_147
cosbounce_cos_0008,12229,176.5927745996677,1.8491218283312614,run_147
cosbounce_cos_0070,16753,176.59268866295224,15.856686301981954,run_147
cosbounce_cos_0026,17205,176.58961467208425,2.5313198316524104,run_147
cosbounce_cos_0055,10888,176.58781818428284,18.196919277891734,run_147
cosbounce_cos_0026,17209,176.5866999438882,42.1089332081532,run_147
cosbounce_cos_0047,8194,176.58158727580056,10.753147012336454,run_147
cosbounce_cos_0039,13698,176.58047034766403,2.8603518886582657,run_147
cosbounce_cos_0011,505,176.57963281485604,15.002496607517664,run_147
cosbounce_cos_0079,14564,176.57916047668687,15.115608411239162,run_147
cosbounce_cos_0048,21589,176.57818250469973,4.9496288985497925,run_147
cosbounce_cos_0051,11929,176.5777856340896,9.23819818052698,run_147
cosbounce_cos_0058,266,176.57775465543781,176.20387431239703,run_147
cosbounce_cos_0060,20079,176.57620954890706,31.28894662892219,run_147
cosbounce_cos_0060,5987,176.57270061560556,23.034214386623013,run_147
cosbounce_cos_0076,18796,176.56954892200537,2.021417492267585,run_147
cosbounce_cos_0049,10803,176.56933012465936,38.96952650475289,run_147
cosbounce_cos_0046,6014,176.568839755447,55.74250261218182,run_147
cosbounce_cos_0080,11313,176.5645046842162,7.152918928351372,run_147
cosbounce_cos_0004,22316,176.56420080509685,1.1242130614452313,run_147
cosbounce_cos_0009,12182,176.56243247772224,12.408170765445307,run_147
cosbounce_cos_0028,22346,176.5603021839138,30.950665593595307,run_147
cosbounce_cos_0001,18143,176.55378155043582,0.9132768230373626,run_147
cosbounce_cos_0004,3287,176.55337660443095,0.9383227869280711,run_147
cosbounce_cos_0076,22198,176.55108135188846,24.787860502781935,run_147
cosbounce_cos_0049,17084,176.54486144311952,0.5542880198029336,run_147
cosbounce_cos_0058,19842,176.54433207061152,14.225320516243778,run_147
cosbounce_cos_0047,6152,176.54341706057713,14.205344676397074,run_147
cosbounce_cos_0033,1298,176.54304682412234,24.478820458407178,run_147
cosbounce_cos_0085,21843,176.54286415059147,115.79757991536002,run_147
cosbounce_cos_0019,7096,176.54245214026102,5.965575906048077,run_147
cosbounce_cos_0055,15099,176.5419541163071,22.84485551683671,run_147
cosbounce_cos_0023,13113,176.53966663852825,287.1556861345115,run_147
cosbounce_cos_0014,8601,176.53893060752665,6.3584237528297365,run_147
cosbounce_cos_0072,17992,176.53870734105735,13.154181606482828,run_147
cosbounce_cos_0004,13931,176.53849217813672,7.1754843046721195,run_147
cosbounce_cos_0028,8419,176.53679712251198,1.2843581364366563,run_147
cosbounce_cos_0039,12564,176.53606490378874,5.244947098127236,run_147
cosbounce_cos_0029,13725,176.53546112314908,0.3860068820829176,run_147
cosbounce_cos_0061,8147,176.5332103616444,3.6856252304333093,run_147
cosbounce_cos_0031,13170,176.52950665555133,4.091660970265568,run_147
cosbounce_cos_0074,13924,176.52876093498034,31.060399450218167,run_147
cosbounce_cos_0019,22494,176.5278707768683,2.2092498048507414,run_147
cosbounce_cos_0063,5243,176.52714940951674,16.477197601670767,run_147
cosbounce_cos_0062,19406,176.52453637306206,7.58671654312054,run_147
cosbounce_cos_0026,658,176.5192810907801,1.633082722745288,run_147
cosbounce_cos_0060,11351,176.51629690723962,7.495835415814292,run_147
cosbounce_cos_0085,12274,176.51490223176438,3.819300811320382,run_147
cosbounce_cos_0012,19922,176.51190853746948,2.5472970645617523,run_147
cosbounce_cos_0016,8461,176.50882700051432,4.3009156183872195,run_147
cosbounce_cos_0074,9915,176.5079163654775,3.953604833439241,run_147
cosbounce_cos_0002,5928,176.5021941273064,0.6692480985563042,run_147
cosbounce_cos_0035,15230,176.5015439084078,16.782552264858758,run_147
cosbounce_cos_0044,10351,176.49768754554162,0.0013284477750830795,run_147
cosbounce_cos_0081,1594,176.49522668044318,6.335451920373576,run_147
cosbounce_cos_0054,4136,176.49365070548296,21.538999445060675,run_147
cosbounce_cos_0016,313,176.49355200479286,2.8904318392786372,run_147
cosbounce_cos_0008,1428,176.4924698171088,0.2441377025342985,run_147
cosbounce_cos_0057,17837,176.48589274411904,5.954829170750967,run_147
cosbounce_cos_0033,5061,176.48472397495,0.23248705170352343,run_147
cosbounce_cos_0053,17667,176.48428397947842,9.25298234843544,run_147
cosbounce_cos_0057,3920,176.48331527744818,14.687579958454675,run_147
cosbounce_cos_0055,17499,176.48299070125648,12.318271865073674,run_147
cosbounce_cos_0045,21334,176.4822852405902,2.9388828892864765,run_147
cosbounce_cos_0060,17580,176.47887232556843,5.2452080638948155,run_147
cosbounce_cos_0008,13857,176.47644481845808,6.975396366093245,run_147
cosbounce_cos_0073,7743,176.4706727954828,6.573666803813816,run_147
cosbounce_cos_0063,22003,176.47041675155992,13.194618988037416,run_147
cosbounce_cos_0062,4536,176.4638025836154,12.572475584930395,run_147
cosbounce_cos_0010,3175,176.4632431340851,4.521400714942374,run_147
cosbounce_cos_0022,7885,176.46244051972766,0.3631492950183274,run_147
cosbounce_cos_0072,5500,176.46232326904615,24.839252550836754,run_147
cosbounce_cos_0036,14782,176.4561339174115,8.139722974791834,run_147
cosbounce_cos_0019,17078,176.45576168073958,9.411886756646274,run_147
cosbounce_cos_0044,8,176.45549738542914,2.7437085040373743,run_147
cosbounce_cos_0004,1056,176.4524778487967,11.851960839260007,run_147
cosbounce_cos_0042,2772,176.449935605293,5.7378455992663255,run_147
cosbounce_cos_0033,789,176.44917089702415,3.8550902620386718,run_147
cosbounce_cos_0079,16686,176.4471397208844,2.3139066380182705,run_147
cosbounce_cos_0024,1240,176.44594408572877,6.708501679581577,run_147
cosbounce_cos_0064,5613,176.44526463209593,90.83583904829345,run_147
cosbounce_cos_0066,11061,176.44288729300882,5.106923477206067,run_147
cosbounce_cos_0043,13163,176.4411363934479,23.313941470821558,run_147
cosbounce_cos_0033,22038,176.4410323105018,8.429341066409753,run_147
cosbounce_cos_0026,3951,176.43936143654057,8.154563717319764,run_147
cosbounce_cos_0012,18771,176.43928881730272,47.75301434406914,run_147
cosbounce_cos_0037,16124,176.43739933351935,4.2732767007383545,run_147
cosbounce_cos_0020,8741,176.43728311454137,2.58862176401809,run_147
cosbounce_cos_0020,7021,176.43632785295046,25.48443549822015,run_147
cosbounce_cos_0029,20215,176.43069266172137,12.246838086015607,run_147
cosbounce_cos_0067,12125,176.43062544632878,9.560625637126684,run_147
cosbounce_cos_0061,11790,176.42895466434092,8.3724828773698,run_147
cosbounce_cos_0015,10948,176.42596545181917,0.24046923094220263,run_147
cosbounce_cos_0043,18120,176.42569398513515,7.087330251232806,run_147
cosbounce_cos_0068,8331,176.4186515370216,20.158118022874532,run_147
cosbounce_cos_0045,17198,176.4181475327159,11.36142808456136,run_147
cosbounce_cos_0069,20739,176.41655409728767,4.875838651844601,run_147
cosbounce_cos_0021,6850,176.4164683099689,2.2004335395965717,run_147
cosbounce_cos_0055,1479,176.41513405450036,1.241373792568212,run_147
cosbounce_cos_0007,3609,176.41471251119745,2.8569305658280584,run_147
cosbounce_cos_0012,6537,176.41391009852833,16.3291807401873,run_147
cosbounce_cos_0004,14091,176.4119294774173,349.5038492392034,run_147
cosbounce_cos_0013,1119,176.40721428711166,0.7733627965519578,run_147
cosbounce_cos_0005,18198,176.40535367540278,172.41812591763093,run_147
cosbounce_cos_0027,13404,176.4050118030492,52.53410307532546,run_147
cosbounce_cos_0055,18211,176.4021844117593,28.074791395980252,run_147
cosbounce_cos_0035,16905,176.39607495234213,2.50136668842722,run_147
cosbounce_cos_0079,8448,176.3952416696106,1.710169630454489,run_147
cosbounce_cos_0045,18265,176.39481946408236,183.79449903838048,run_147
cosbounce_cos_0033,18298,176.39401862648262,11.405315788143207,run_147
cosbounce_cos_0047,15354,176.39320151479174,7.76100889023229,run_147
cosbounce_cos_0001,3295,176.3909751249084,13.198046990663867,run_147
cosbounce_cos_0024,15857,176.3891848845552,5.0956393229379495,run_147
cosbounce_cos_0085,10806,176.38907150364292,11.867292806313099,run_147
cosbounce_cos_0012,10160,176.3890388566177,18.898249326973747,run_147
cosbounce_cos_0068,17472,176.38883558975425,3.9289586242077843,run_147
cosbounce_cos_0061,14622,176.38281982061355,0.8216963008272259,run_147
cosbounce_cos_0049,19910,176.38133008762642,1.2236839474854568,run_147
cosbounce_cos_0002,12207,176.37897103689062,1.9531271058380442,run_147
cosbounce_cos_0079,17277,176.37510590604387,10.384184019338926,run_147
cosbounce_cos_0063,10920,176.37463969276428,11.249665455342118,run_147
cosbounce_cos_0033,11884,176.3742060389779,23.671943746145775,run_147
cosbounce_cos_0060,6809,176.37378680749083,8.433967338581626,run_147
cosbounce_cos_0005,16970,176.37324586281855,13.483777590553368,run_147
cosbounce_cos_0031,8538,176.37324335246444,0.18699522474543753,run_147
cosbounce_cos_0076,11494,176.37049657671534,14.105313629237658,run_147
cosbounce_cos_0021,921,176.36874176470135,15.187750522179918,run_147
cosbounce_cos_0016,18662,176.36847397034828,10.4366742107039,run_147
cosbounce_cos_0007,111,176.3680007066988,5.718510193867207,run_147
cosbounce_cos_0009,20366,176.36753062485477,1.4592626758279836,run_147
cosbounce_cos_0039,334,176.3668281298072,12.772357990048981,run_147
cosbounce_cos_0036,20545,176.36438987815387,5.261473730729136,run_147
cosbounce_cos_0069,3656,176.3634120829247,206.110976997024,run_147
cosbounce_cos_0032,8662,176.36205872155148,4.810528962300916,run_147
cosbounce_cos_0074,3674,176.3619430767533,24.973886112415947,run_147
cosbounce_cos_0083,13689,176.36118616280788,25.071621112039903,run_147
cosbounce_cos_0020,2948,176.35801210251293,12.338019106819711,run_147
cosbounce_cos_0002,20330,176.35795677070297,13.290783784443239,run_147
cosbounce_cos_0074,1284,176.35405186119095,14.338157296530627,run_147
cosbounce_cos_0026,16537,176.3523772721369,8.686834552023477,run_147
cosbounce_cos_0056,7555,176.34911723237332,11.452428359795675,run_147
cosbounce_cos_0085,12440,176.34853154256433,2.7901222726307524,run_147
cosbounce_cos_0065,1991,176.34716090228798,9.5691139421255,run_147
cosbounce_cos_0046,13004,176.3437273491127,216.7748998073554,run_147
cosbounce_cos_0006,8528,176.34363750854024,30.522824817092673,run_147
cosbounce_cos_0084,22152,176.33691217376014,15.124153864665406,run_147
cosbounce_cos_0072,13778,176.33607493647673,10.804483604369615,run_147
cosbounce_cos_0051,14262,176.33538674064798,23.300180433408716,run_147
cosbounce_cos_0000,19990,176.3325435747047,5.560623441483093,run_147
cosbounce_cos_0013,18620,176.33031443921107,2.5404484123141007,run_147
cosbounce_cos_0040,20067,176.32684780990442,25.166430805335395,run_147
cosbounce_cos_0073,7568,176.32511397746092,8.575590332745046,run_147
cosbounce_cos_0021,11432,176.32310533097797,70.41131345458126,run_147
cosbounce_cos_0044,12799,176.32243635572962,19.111144033463674,run_147
cosbounce_cos_0050,14098,176.32151036106586,7.25578313390964,run_147
cosbounce_cos_0077,11505,176.31865511302556,7.141312952218817,run_147
cosbounce_cos_0033,8754,176.31632936603688,25.26565736632288,run_147
cosbounce_cos_0064,13152,176.3155394061962,3.0873334444003415,run_147
cosbounce_cos_0041,21814,176.3148771918928,6.047361567817792,run_147
cosbounce_cos_0009,3801,176.31159161173358,13.666191868779956,run_147
cosbounce_cos_0047,938,176.31139238296444,6.261882903926105,run_147
cosbounce_cos_0034,3427,176.3104648728643,4.700364746288057,run_147
cosbounce_cos_0005,20416,176.30616301488595,2.5968567051231113,run_147
cosbounce_cos_0000,6893,176.30520469623195,0.12750693887691936,run_147
cosbounce_cos_0052,16368,176.30148737640064,13.83330950723267,run_147
cosbounce_cos_0062,21367,176.29707723005697,8.329997333498095,run_147
cosbounce_cos_0027,8314,176.29269865321768,9.242888541674402,run_147
cosbounce_cos_0024,18770,176.29192761841443,7.207378928636273,run_147
cosbounce_cos_0006,2312,176.2911911333587,14.522786542751527,run_147
cosbounce_cos_0015,6840,176.29095738564934,11.287931206864075,run_147
cosbounce_cos_0068,1883,176.2869715579217,23.84605838285414,run_147
cosbounce_cos_0024,12133,176.28552842909664,4.452429445022344,run_147
cosbounce_cos_0067,14049,176.285440899598,14.3148637144978,run_147
cosbounce_cos_0079,5792,176.284376931306,15.95964030506631,run_147
cosbounce_cos_0050,1897,176.2820035186831,1.7210094886966407,run_147
cosbounce_cos_0039,4804,176.26855521052028,12.38943136362118,run_147
cosbounce_cos_0045,17047,176.26486284011312,12.577946132170366,run_147
cosbounce_cos_0076,9433,176.2634849760534,22.874134582388056,run_147
cosbounce_cos_0057,8961,176.2624136437931,3.0847436936794566,run_147
cosbounce_cos_0031,9870,176.2586515206953,4.3685323263949885,run_147
cosbounce_cos_0019,13125,176.25482004236613,0.37658694587355,run_147
cosbounce_cos_0079,15355,176.25318642574382,14.845283197204598,run_147
cosbounce_cos_0009,4827,176.25122863027184,3.0711418440388094,run_147
cosbounce_cos_0067,21893,176.25101305830796,9.56579979875533,run_147
cosbounce_cos_0025,20639,176.25013990469273,37.00869663615546,run_147
cosbounce_cos_0068,828,176.247558744251,9.070256407701878,run_147
cosbounce_cos_0074,21898,176.24711746802296,9.296771648563857,run_147
cosbounce_cos_0047,8446,176.24711501923775,13.426223763438669,run_147
cosbounce_cos_0008,4518,176.240731296045,8.51017964252294,run_147
cosbounce_cos_0023,7663,176.2404063088019,14.501751620066035,run_147
cosbounce_cos_0061,16362,176.23829171937575,2.679048648272517,run_147
cosbounce_cos_0018,3976,176.23815220521564,15.567286772033578,run_147
cosbounce_cos_0001,2021,176.23712691801984,19.199577251016127,run_147
cosbounce_cos_0056,1460,176.23706064644605,7.94068191816101,run_147
cosbounce_cos_0065,14098,176.2363398564072,4.297652041553255,run_147
cosbounce_cos_0062,10809,176.2362409815268,30.30496291996098,run_147
cosbounce_cos_0017,4910,176.2315284682185,51.35299629648316,run_147
cosbounce_cos_0064,11435,176.2311563061455,2.9667283136236913,run_147
cosbounce_cos_0082,2034,176.2267896560031,2.4446714258655913,run_147
cosbounce_cos_0045,8913,176.22214533367574,14.66336555215142,run_147
cosbounce_cos_0055,6375,176.21581710178236,7.5516233207259305,run_147
cosbounce_cos_0017,1049,176.2154982234302,2.4876048870530556,run_147
cosbounce_cos_0018,17010,176.2149750457606,1.3165690176155154,run_147
cosbounce_cos_0002,18251,176.21467751439172,11.38832823888301,run_147
cosbounce_cos_0060,15490,176.2142559258827,6.357201820956736,run_147
cosbounce_cos_0085,17620,176.21398296911966,14.639609294430098,run_147
cosbounce_cos_0039,7647,176.21188845721898,9.20761373576106,run_147
cosbounce_cos_0058,9890,176.2105149984954,6.901145781953026,run_147
cosbounce_cos_0063,18599,176.20747830357936,1.57278621465837,run_147
cosbounce_cos_0063,3210,176.20727488088306,25.705820421487644,run_147
cosbounce_cos_0031,21153,176.20542647882127,2.719121617850636,run_147
cosbounce_cos_0029,1820,176.2042743649802,5.388672156404211,run_147
cosbounce_cos_0085,22098,176.20422055570802,3.1830074321582074,run_147
cosbounce_cos_0064,7116,176.20404945332862,11.555145931480384,run_147
cosbounce_cos_0014,9600,176.20391077415735,3.8005403186279776,run_147
cosbounce_cos_0012,17250,176.202242272867,3.6004467409157455,run_147
cosbounce_cos_0069,18035,176.2016093271254,28.073412388298298,run_147
cosbounce_cos_0080,21330,176.1999668571312,5.904151868153282,run_147
cosbounce_cos_0022,1832,176.1981611464647,15.496063261796737,run_147
cosbounce_cos_0075,11635,176.1958848393719,6.27545767447905,run_147
cosbounce_cos_0024,14813,176.1954778954582,2.604524172291662,run_147
cosbounce_cos_0078,4779,176.19435653420132,13.065644416725132,run_147
cosbounce_cos_0068,22227,176.19302454846832,7.715809614477833,run_147
cosbounce_cos_0038,21868,176.19008750198407,13.086029394653195,run_147
cosbounce_cos_0019,632,176.18285337042147,6.023361010068741,run_147
cosbounce_cos_0007,16785,176.18163690875733,4.254955370822817,run_147
cosbounce_cos_0034,1375,176.18052408942134,2.2672224963844316,run_147
cosbounce_cos_0015,15938,176.17953491941338,7.294865076415237,run_147
cosbounce_cos_0056,17035,176.17829959422653,1.4075230037152966,run_147
cosbounce_cos_0075,131,176.1758518273664,7.574128857687582,run_147
cosbounce_cos_0063,10143,176.17310236662337,8.65104196276387,run_147
cosbounce_cos_0055,5683,176.17245212853655,4.352708194900372,run_147
cosbounce_cos_0041,18413,176.1696265717833,17.0182061040662,run_147
cosbounce_cos_0056,22068,176.16933350003967,14.452334625518422,run_147
cosbounce_cos_0049,6685,176.16917070498363,16.164486338339263,run_147
cosbounce_cos_0066,13360,176.16877033979813,4.092619344794164,run_147
cosbounce_cos_0009,19367,176.16791577569006,3.493867111233924,run_147
cosbounce_cos_0041,10242,176.1654220963872,18.959178109316653,run_147
cosbounce_cos_0034,17989,176.16194583767057,21.36953631259723,run_147
cosbounce_cos_0024,19461,176.15673544561753,19.416047783510244,run_147
cosbounce_cos_0058,7217,176.1567007670377,1.403182453835793,run_147
cosbounce_cos_0003,6428,176.15643328070195,13.717264364075085,run_147
cosbounce_cos_0053,5333,176.15503245474108,16.974784925684876,run_147
cosbounce_cos_0039,3992,176.15311914480026,1.0176583153160723,run_147
cosbounce_cos_0065,21201,176.15139320061246,9.749176964580498,run_147
cosbounce_cos_0002,8371,176.14852789164425,2.5566029604531924,run_147
cosbounce_cos_0072,10741,176.14766402743516,3.370239343183636,run_147
cosbounce_cos_0051,596,176.14695745421596,2.5028198731264246,run_147
cosbounce_cos_0067,8864,176.14663067960515,15.628854721783945,run_147
cosbounce_cos_0079,15616,176.14597465625067,27.780664310358237,run_147
cosbounce_cos_0015,19662,176.14528689591293,3.1207683768837344,run_147
cosbounce_cos_0001,2925,176.14388680268826,18.654585142906814,run_147
cosbounce_cos_0053,1190,176.1427259866906,7.757132318526762,run_147
cosbounce_cos_0072,4261,176.1404868618385,6.850749270455947,run_147
cosbounce_cos_0027,1630,176.13594506625424,7.505810886883324,run_147
cosbounce_cos_0025,22116,176.13476442365828,4.070520451922839,run_147
cosbounce_cos_0061,5060,176.13104621416358,23.56647746429756,run_147
cosbounce_cos_0009,77,176.13064301321137,7.231207593462165,run_147
cosbounce_cos_0027,15702,176.129286844271,11.75155189902694,run_147
cosbounce_cos_0003,12593,176.12516445824568,10.56190179074667,run_147
cosbounce_cos_0018,19370,176.1242160911634,16.271700142954458,run_147
cosbounce_cos_0030,4158,176.12321511786882,8.17843451531117,run_147
cosbounce_cos_0011,3984,176.1222640793008,2.2015405282393563,run_147
cosbounce_cos_0053,6589,176.11729280684295,19.283703314806655,run_147
cosbounce_cos_0063,8506,176.11569027158924,6.43163199916789,run_147
cosbounce_cos_0015,7896,176.11530262852568,8.0734901692135,run_147
cosbounce_cos_0028,1574,176.11358042407164,14.287755881113384,run_147
cosbounce_cos_0055,4623,176.1117489859369,213.2381162917592,run_147
cosbounce_cos_0082,606,176.11045362463753,10.648285666766798,run_147
cosbounce_cos_0077,5224,176.1089674505116,12.513533363407225,run_147
cosbounce_cos_0033,15893,176.10485840179217,0.036820984871722036,run_147
cosbounce_cos_0047,5291,176.1045351020101,15.84033203891848,run_147
cosbounce_cos_0037,16881,176.10389477683884,12.381180706497053,run_147
cosbounce_cos_0070,193,176.1034331181167,22.015244426787422,run_147
cosbounce_cos_0046,9223,176.10228614388484,9.94135461690493,run_147
cosbounce_cos_0039,3520,176.09989137832036,8.910220679494689,run_147
cosbounce_cos_0021,14085,176.09617511514406,11.182701798712527,run_147
cosbounce_cos_0053,6556,176.09189954989967,5.48799975154751,run_147
cosbounce_cos_0072,5534,176.0906901672797,2.2919000390912476,run_147
cosbounce_cos_0032,6844,176.08965882100034,8.549014324243146,run_147
cosbounce_cos_0031,1441,176.08900307039008,8.040672433757866,run_147
cosbounce_cos_0068,15076,176.08704062400773,3.705458287752013,run_147
cosbounce_cos_0005,20369,176.08577461018083,0.35340577899317155,run_147
cosbounce_cos_0078,11607,176.08226005230202,15.16395067600895,run_147
cosbounce_cos_0046,2695,176.0801917599091,84.34512229502933,run_147
cosbounce_cos_0043,18932,176.07883978492964,4.059196386329961,run_147
cosbounce_cos_0076,20711,176.07743892017788,358.35653990336124,run_147
cosbounce_cos_0045,5786,176.07706531248724,17.132231263120225,run_147
cosbounce_cos_0063,10352,176.07626127639702,1.8150762534911764,run_147
cosbounce_cos_0001,18393,176.07365431195439,5.927088840003859,run_147
cosbounce_cos_0054,8721,176.07363701422508,9.996262772693823,run_147
cosbounce_cos_0084,7730,176.07331376285126,13.768876635492,run_147
cosbounce_cos_0055,18104,176.07190275224744,3.626358259874035,run_147
cosbounce_cos_0061,5215,176.07163967174446,3.508348800812416,run_147
cosbounce_cos_0081,4740,176.0686214066547,13.487062333228387,run_147
cosbounce_cos_0043,17076,176.06495571017854,10.278558947063294,run_147
cosbounce_cos_0008,4207,176.06489526402865,11.732065960943576,run_147
cosbounce_cos_0034,5108,176.06310261329295,1.1076212156008414,run_147
cosbounce_cos_0041,15273,176.0628450423625,10.513125511044858,run_147
cosbounce_cos_0064,19912,176.06264167600818,14.157085856343796,run_147
cosbounce_cos_0064,18056,176.06219960005814,17.209843299685495,run_147
cosbounce_cos_0001,15612,176.0601190285331,10.22263061783114,run_147
cosbounce_cos_0084,19062,176.05939401950116,14.848639615549542,run_147
cosbounce_cos_0011,16529,176.05907167447796,367.9529455280233,run_147
cosbounce_cos_0071,7733,176.05892415610654,22.430661878423816,run_147
cosbounce_cos_0074,21939,176.05645278660256,10.287541563561854,run_147
cosbounce_cos_0019,1649,176.05622012693328,16.312175879607523,run_147
cosbounce_cos_0065,1310,176.0554935665404,13.756244830583412,run_147
cosbounce_cos_0075,21592,176.05449712909004,24.489736684297398,run_147
cosbounce_cos_0011,16523,176.05426476210474,14.402237984627675,run_147
cosbounce_cos_0074,3230,176.0527780641593,3.1708643861152117,run_147
cosbounce_cos_0085,6865,176.05272837142726,9.117509185845766,run_147
cosbounce_cos_0016,2498,176.05201309603538,2.8401382775917794,run_147
cosbounce_cos_0055,14024,176.04570844643897,0.2448956166157143,run_147
cosbounce_cos_0070,10725,176.04530605209123,21.471141480378645,run_147
cosbounce_cos_0062,4920,176.0449033202749,248.94783569403688,run_147
cosbounce_cos_0058,18951,176.04312642530917,1.6481987071459785,run_147
cosbounce_cos_0056,15054,176.04030890876356,6.116785778222554,run_147
cosbounce_cos_0080,2729,176.03939060152186,46.61670375578785,run_147
cosbounce_cos_0037,20214,176.03760685911445,13.126908756481026,run_147
cosbounce_cos_0002,20053,176.03330144664727,5.000795986864633,run_147
cosbounce_cos_0061,17400,176.03196104875607,26.074386469886402,run_147
cosbounce_cos_0023,16057,176.03120984939233,22.757913170696142,run_147
cosbounce_cos_0001,5511,176.03057912216974,2.280918438966862,run_147
cosbounce_cos_0052,19956,176.025967197336,8.48754114440225,run_147
cosbounce_cos_0076,8925,176.02587143817604,24.424227370726115,run_147
cosbounce_cos_0038,427,176.02228146099108,6.65075825748933,run_147
cosbounce_cos_0007,15719,176.01943036491872,0.034739542354680505,run_147
cosbounce_cos_0063,6036,176.0178110858699,6.333256490094891,run_147
cosbounce_cos_0054,3765,176.01412906349836,15.124641337418316,run_147
cosbounce_cos_0032,2450,176.01262739162993,6.837034641061753,run_147
cosbounce_cos_0023,7004,176.01174416027186,0.4348920414234447,run_147
cosbounce_cos_0021,21237,176.0091183823361,11.546253514249328,run_147
cosbounce_cos_0026,14872,176.0086261484937,3.7412601236499086,run_147
cosbounce_cos_0020,14846,176.00629301855207,18.359586446735157,run_147
cosbounce_cos_0044,13543,176.00439516628967,0.3401509183564251,run_147
cosbounce_cos_0024,14583,176.00258738729227,4.589195156074727,run_147
cosbounce_cos_0051,1785,176.0020113155985,7.922698500387841,run_147
cosbounce_cos_0081,10576,176.00110834462322,78.189839576652,run_147
cosbounce_cos_0049,16923,175.99589860600497,8.481473918542912,run_147
cosbounce_cos_0015,20099,175.995649783409,2.669627254619821,run_147
cosbounce_cos_0072,3171,175.99335326904128,9.723293381823634,run_147
cosbounce_cos_0000,20281,175.99284437346054,19.412366967811177,run_147
cosbounce_cos_0010,17071,175.99104236933468,21.125835506246442,run_147
cosbounce_cos_0025,7281,175.99085340076078,6.450683118676804,run_147
cosbounce_cos_0046,6505,175.98909916047677,198.06790200983883,run_147
cosbounce_cos_0066,18675,175.98672292408472,22.09646761741476,run_147
cosbounce_cos_0078,9449,175.98562071969135,12.040538309693877,run_147
cosbounce_cos_0059,12242,175.9852615037429,22.28943246324354,run_147
cosbounce_cos_0011,9408,175.98171263692558,7.142866647103853,run_147
cosbounce_cos_0054,2558,175.9770358561682,18.312550551784316,run_147
cosbounce_cos_0032,5607,175.97403009263473,5.098203130815316,run_147
cosbounce_cos_0040,18875,175.97401793048928,70.33052571960559,run_147
cosbounce_cos_0084,4470,175.97389641968115,20.32236465694527,run_147
cosbounce_cos_0005,15645,175.97204758484472,2.0556914419205423,run_147
cosbounce_cos_0035,7028,175.9716962502906,0.024052651009390115,run_147
cosbounce_cos_0062,15970,175.96722719520133,9.4523610605665,run_147
cosbounce_cos_0023,7731,175.9669869315163,141.96301785418473,run_147
cosbounce_cos_0017,4230,175.96679856035772,14.678310489308146,run_147
cosbounce_cos_0031,13870,175.9657272485076,6.909242934405862,run_147
cosbounce_cos_0079,17036,175.96074762967817,14.77372520101089,run_147
cosbounce_cos_0010,16264,175.96032389852576,13.785064298579396,run_147
cosbounce_cos_0004,1657,175.9599294962248,0.021625340357657445,run_147
cosbounce_cos_0002,6833,175.95973158227656,13.03171903961752,run_147
cosbounce_cos_0016,1564,175.9582367653295,11.506457608195504,run_147
cosbounce_cos_0002,3924,175.95088416722388,100.42067999269375,run_147
cosbounce_cos_0076,10772,175.95006622331607,16.136234571737297,run_147
cosbounce_cos_0048,15913,175.9496314283587,10.062719986043781,run_147
cosbounce_cos_0075,10521,175.94752593928337,9.380357819066253,run_147
cosbounce_cos_0055,7737,175.94439597746586,243.02603087789677,run_147
cosbounce_cos_0020,8992,175.94350728759156,3.86849357513442,run_147
cosbounce_cos_0073,12338,175.94048434990705,6.190281053669343,run_147
cosbounce_cos_0042,13532,175.9386568550054,2.207701787719661,run_147
cosbounce_cos_0052,5378,175.9379449641279,7.715405803221934,run_147
cosbounce_cos_0074,6943,175.93787622964334,4.454671710402582,run_147
cosbounce_cos_0015,19595,175.93503074872942,16.40138349974826,run_147
cosbounce_cos_0060,13262,175.93169577145076,11.156675256747356,run_147
cosbounce_cos_0022,21092,175.93142430246974,20.37710888334997,run_147
cosbounce_cos_0039,18020,175.92959435949066,22.754188248057613,run_147
cosbounce_cos_0081,11211,175.92856648440082,21.169339072401463,run_147
cosbounce_cos_0010,9683,175.92813750671394,3.8731100428269265,run_147
cosbounce_cos_0035,9958,175.9273776905103,4.275096066946908,run_147
cosbounce_cos_0066,12120,175.92518960057652,25.954496053063693,run_147
cosbounce_cos_0060,9585,175.92358600233598,19.603695236577746,run_147
cosbounce_cos_0080,10021,175.92262549626597,17.173943253488517,run_147
cosbounce_cos_0018,15188,175.92142243107074,10.56392167767272,run_147
cosbounce_cos_0046,12979,175.9202107025166,8.88989046124776,run_147
cosbounce_cos_0050,12930,175.91841718816443,35.781991576728586,run_147
cosbounce_cos_0074,17971,175.91609265653614,4.597715656933374,run_147
cosbounce_cos_0026,5329,175.91579455691084,17.798348587516482,run_147
cosbounce_cos_0047,11327,175.91492332874333,15.250363299678737,run_147
cosbounce_cos_0045,3843,175.9108838977062,14.627382808348179,run_147
cosbounce_cos_0031,21176,175.9075706286031,11.802098270137597,run_147
cosbounce_cos_0080,6842,175.90462453252863,3.7182993267686624,run_147
cosbounce_cos_0043,11516,175.90440388431395,15.656428250182934,run_147
cosbounce_cos_0023,5755,175.90257145090888,1.0338090362158978,run_147
cosbounce_cos_0071,12104,175.9017456273457,6.242916861900641,run_147
cosbounce_cos_0056,18513,175.90128677886133,19.1435412955688,run_147
cosbounce_cos_0068,12964,175.90097903097475,22.62558709748595,run_147
cosbounce_cos_0054,3029,175.8963538971273,4.193415521961302,run_147
cosbounce_cos_0029,17748,175.8957986152438,11.555056292569061,run_147
cosbounce_cos_0002,4900,175.89535755596572,12.932284547329937,run_147
cosbounce_cos_0012,21424,175.89382717740867,261.4083994974376,run_147
cosbounce_cos_0021,15908,175.88691257032718,3.678094576433258,run_147
cosbounce_cos_0078,18019,175.88444424592444,8.46341038778142,run_147
cosbounce_cos_0009,13650,175.8838008990664,0.9954447349083507,run_147
cosbounce_cos_0038,1970,175.88236727545083,9.854865026524477,run_147
cosbounce_cos_0017,3796,175.88100811800953,13.481937888663575,run_147
cosbounce_cos_0053,11703,175.87481227205657,7.719884171347066,run_147
cosbounce_cos_0079,16216,175.87465236339014,11.7488265129471,run_147
cosbounce_cos_0074,20243,175.87446166886173,6.403379674015443,run_147
cosbounce_cos_0069,20936,175.873210014173,0.2037579148590277,run_147
cosbounce_cos_0032,13320,175.87297982070805,0.3946204442546673,run_147
cosbounce_cos_0037,21111,175.8707523855517,1.275142336845711,run_147
cosbounce_cos_0038,896,175.8691761495904,19.407098425675162,run_147
cosbounce_cos_0028,13488,175.8662460308414,9.722798056963837,run_147
cosbounce_cos_0060,8095,175.86601196599995,15.698136579422647,run_147
cosbounce_cos_0063,564,175.86554058980082,41.75468089631182,run_147
cosbounce_cos_0049,474,175.864730466784,3.3359373291815446,run_147
cosbounce_cos_0001,11495,175.86423891711783,55.95859684560002,run_147
cosbounce_cos_0008,21221,175.8629289998332,0.7280518913319265,run_147
cosbounce_cos_0075,135,175.8625375316291,22.507701503589114,run_147
cosbounce_cos_0064,14885,175.8602358422727,0.6165326875375241,run_147
cosbounce_cos_0023,13348,175.85796470856053,3.936970843724466,run_147
cosbounce_cos_0050,17104,175.85692468808588,8.044069339231976,run_147
cosbounce_cos_0006,7350,175.8559266993549,12.864148855299462,run_147
cosbounce_cos_0002,8833,175.8552585113598,0.9467015010474595,run_147
cosbounce_cos_0013,10913,175.85503988162924,1.7594670723554946,run_147
cosbounce_cos_0050,8171,175.85458897609277,14.216888604775374,run_147
cosbounce_cos_0024,10924,175.85374906408404,3.6076887749278166,run_147
cosbounce_cos_0073,19004,175.85156854556277,7.0086230621956025,run_147
cosbounce_cos_0086,7890,175.85155487844258,6.617691213482521,run_147
cosbounce_cos_0078,4355,175.85081979491477,9.59982894587491,run_147
cosbounce_cos_0067,4014,175.85076423998368,16.03844935117086,run_147
cosbounce_cos_0040,15800,175.84993237660396,7.466001099008148,run_147
cosbounce_cos_0050,3831,175.84979532860336,6.986317405052387,run_147
cosbounce_cos_0004,22486,175.84761075183712,13.468022939325005,run_147
cosbounce_cos_0061,11103,175.84614056799228,23.693696810401168,run_147
cosbounce_cos_0070,9406,175.84519472994796,13.377221033088434,run_147
cosbounce_cos_0026,21592,175.84511021672418,5.970919553075958,run_147
cosbounce_cos_0035,3763,175.84485574267683,11.646972278351797,run_147
cosbounce_cos_0027,1942,175.8448513924812,1.9807594013943546,run_147
cosbounce_cos_0050,574,175.84445296465537,15.660734518558554,run_147
cosbounce_cos_0069,2506,175.8439459486154,15.925434285368564,run_147
cosbounce_cos_0032,6582,175.84281214799913,32.599205149842184,run_147
cosbounce_cos_0061,2451,175.8426590212942,1.1668716210334855,run_147
cosbounce_cos_0017,8897,175.84238802864525,3.552236725435312,run_147
cosbounce_cos_0061,10157,175.839201400454,39.50973923593331,run_147
cosbounce_cos_0041,9728,175.83748662127454,1.600687401659644,run_147
cosbounce_cos_0018,14769,175.83588472697366,4.266036481623205,run_147
cosbounce_cos_0016,16090,175.8323631362679,6.305718285982789,run_147
cosbounce_cos_0076,11498,175.82995162535278,8.139690950684516,run_147
cosbounce_cos_0030,18102,175.82850455959448,6.971530579958016,run_147
cosbounce_cos_0079,13366,175.8261263542234,5.03444154323899,run_147
cosbounce_cos_0021,12069,175.8257948233741,12.289240778570203,run_147
cosbounce_cos_0034,9829,175.82508340329917,2.181037309585252,run_147
cosbounce_cos_0002,22406,175.8249645387453,7.246030940405073,run_147
cosbounce_cos_0078,18713,175.82242198386973,3.202481519679043,run_147
cosbounce_cos_0042,18155,175.82144484903935,19.35565891336415,run_147
cosbounce_cos_0000,18202,175.82014270483336,8.544461781646627,run_147
cosbounce_cos_0034,9349,175.81772761573018,7.488497321246878,run_147
cosbounce_cos_0005,7958,175.81665042863767,11.290740869483512,run_147
cosbounce_cos_0045,9165,175.81653104700325,4.9727130087054086,run_147
cosbounce_cos_0061,15678,175.8145552670649,18.694079273346777,run_147
cosbounce_cos_0081,10805,175.81393236124842,4.854217633368547,run_147
cosbounce_cos_0051,795,175.81368209353823,6.946712054487286,run_147
cosbounce_cos_0015,15445,175.81239892631157,1.0339030239249418,run_147
cosbounce_cos_0076,5905,175.81201913541506,17.715112593256023,run_147
cosbounce_cos_0075,3070,175.81154773871265,3.6553200785737388,run_147
cosbounce_cos_0022,14947,175.80991054033706,9.484431398320234,run_147
cosbounce_cos_0085,8552,175.8085936052092,3.4341533385663934,run_147
cosbounce_cos_0004,19447,175.80770025602047,15.166525027864884,run_147
cosbounce_cos_0083,19577,175.8073613293868,22.237003791667867,run_147
cosbounce_cos_0021,17214,175.8067873600302,23.165062766358194,run_147
cosbounce_cos_0017,4204,175.8041690401983,21.939010256573187,run_147
cosbounce_cos_0023,21212,175.79711223036,4.583048250754183,run_147
cosbounce_cos_0050,17341,175.79247737758567,5.604430553280883,run_147
cosbounce_cos_0022,1755,175.79124532781356,0.8598221877497167,run_147
cosbounce_cos_0025,13939,175.79072623867285,87.08493594900168,run_147
cosbounce_cos_0004,16429,175.7903809977212,10.517511196151252,run_147
cosbounce_cos_0040,6067,175.78869394520586,6.859619717859976,run_147
cosbounce_cos_0049,18188,175.78743288815068,18.143049628016264,run_147
cosbounce_cos_0039,726,175.7842995278441,5.379074769338396,run_147
cosbounce_cos_0065,16020,175.78365814807037,0.16000010223366928,run_147
cosbounce_cos_0061,13043,175.78312121163788,11.366770434989137,run_147
cosbounce_cos_0082,5636,175.78296588818955,10.21512707381152,run_147
cosbounce_cos_0027,11658,175.78184845553545,6.540509809692183,run_147
cosbounce_cos_0079,18508,175.78063702753866,12.302538703524881,run_147
cosbounce_cos_0023,21205,175.77956275442946,4.321073452116747,run_147
cosbounce_cos_0047,3142,175.77952068071934,9.370000958659043,run_147
cosbounce_cos_0004,4733,175.77793989103353,0.3471470090181042,run_147
cosbounce_cos_0085,13892,175.77624174116775,6.520950963837022,run_147
cosbounce_cos_0039,4770,175.77581500664277,0.7833622161230284,run_147
cosbounce_cos_0014,2937,175.77576949482147,4.515422466608688,run_147
cosbounce_cos_0084,316,175.77522602524866,8.39763999881274,run_147
cosbounce_cos_0005,3475,175.7744013232866,2.530767124418177,run_147
cosbounce_cos_0045,4372,175.77359386547687,14.06893467828694,run_147
cosbounce_cos_0003,10068,175.76786514973372,3.8440488380966733,run_147
cosbounce_cos_0037,9535,175.75969178759811,0.562296682006062,run_147
cosbounce_cos_0045,9251,175.75767543865845,19.85857024405758,run_147
cosbounce_cos_0001,7369,175.75750481760133,7.6085646594825285,run_147
cosbounce_cos_0050,1807,175.7565008758048,23.69512852970533,run_147
cosbounce_cos_0081,5954,175.75427678519335,1.9776788591424501,run_147
cosbounce_cos_0028,16621,175.7524117541758,23.312903207165157,run_147
cosbounce_cos_0082,8093,175.7509716830567,7.61665387450595,run_147
cosbounce_cos_0047,15931,175.74866046010564,13.26177425922411,run_147
cosbounce_cos_0084,15741,175.7478263381635,6.9358764559969055,run_147
cosbounce_cos_0033,21990,175.74691497885692,6.601214232311971,run_147
cosbounce_cos_0052,10701,175.74678025150578,55.70407520784577,run_147
cosbounce_cos_0016,13715,175.74479977142303,9.555031992423201,run_147
cosbounce_cos_0064,17578,175.74378817308096,16.615064480171736,run_147
cosbounce_cos_0036,13123,175.74259739559037,27.93707442367133,run_147
cosbounce_cos_0035,19733,175.7415987206358,11.98321439645251,run_147
cosbounce_cos_0080,8579,175.74102546725842,0.7979394884263153,run_147
cosbounce_cos_0034,16930,175.7406518218964,5.6017956041685055,run_147
cosbounce_cos_0031,4585,175.73955364779846,23.485786020683456,run_147
cosbounce_cos_0015,7841,175.73771955333217,7.116076815601877,run_147
cosbounce_cos_0009,11115,175.73695462888776,10.408174290259783,run_147
cosbounce_cos_0085,715,175.73408566639208,19.718801007067274,run_147
cosbounce_cos_0063,18855,175.73112094803508,6.136785050911798,run_147
cosbounce_cos_0042,1001,175.72747985696935,3.49608417426782,run_147
cosbounce_cos_0024,3584,175.72668685461858,7.996542556982596,run_147
cosbounce_cos_0075,13257,175.71869746878627,123.97101611120452,run_147
cosbounce_cos_0078,13357,175.7175477715757,20.110699544708567,run_147
cosbounce_cos_0061,6946,175.7175227106784,1.8957313188297222,run_147
cosbounce_cos_0081,12027,175.71449406655933,1.6352749084467422,run_147
cosbounce_cos_0000,15798,175.70630942347594,7.517890067933786,run_147
cosbounce_cos_0015,5088,175.70552782957915,18.489067196178016,run_147
cosbounce_cos_0081,19432,175.69974443092997,9.517698683328785,run_147
cosbounce_cos_0024,17847,175.69968462953474,10.964194518485451,run_147
cosbounce_cos_0051,7721,175.69739640580957,18.22365139022377,run_147
cosbounce_cos_0062,18889,175.6923151805104,13.01966273116523,run_147
cosbounce_cos_0002,15582,175.6919150698326,3.5633773022408364,run_147
cosbounce_cos_0075,14824,175.68986709663045,0.7266080573528817,run_147
cosbounce_cos_0071,8539,175.68836237287198,10.584059580196374,run_147
cosbounce_cos_0062,20321,175.68789737331514,2.1179849056471043,run_147
cosbounce_cos_0039,16486,175.6873315460369,24.973989755500437,run_147
cosbounce_cos_0065,12165,175.68137184709386,16.886498766373606,run_147
cosbounce_cos_0002,8081,175.6792497887585,17.57692298088132,run_147
cosbounce_cos_0052,3354,175.67785856209534,20.34948802005982,run_147
cosbounce_cos_0004,2226,175.67645365659467,13.32455200191592,run_147
cosbounce_cos_0079,11535,175.67495637730173,5.8995777533702185,run_147
cosbounce_cos_0004,17246,175.67473610632638,9.19475614525611,run_147
cosbounce_cos_0034,977,175.67422529818356,3.1428181243127558,run_147
cosbounce_cos_0020,9055,175.67111259804634,1.3273491343952277,run_147
cosbounce_cos_0004,38,175.66944830523326,7.323706086191657,run_147
cosbounce_cos_0014,5886,175.6670166788593,9.91167376261642,run_147
cosbounce_cos_0071,17982,175.66688849357445,2.1942653874446467,run_147
cosbounce_cos_0075,19765,175.66640084865878,11.277140346566032,run_147
cosbounce_cos_0001,18646,175.66611573662792,11.366950884647203,run_147
cosbounce_cos_0084,15775,175.6634911461306,2.609789138584819,run_147
cosbounce_cos_0031,4029,175.66200186327967,1.5747349523873204,run_147
cosbounce_cos_0062,1616,175.6615880542341,12.990462725699553,run_147
cosbounce_cos_0000,10617,175.6528995488817,20.587231075045807,run_147
cosbounce_cos_0045,10588,175.6520809020702,10.291739868566095,run_147
cosbounce_cos_0042,14576,175.6514184231118,17.46328407879252,run_147
cosbounce_cos_0052,6596,175.65005571777778,3.186604520353763,run_147
cosbounce_cos_0044,21925,175.64873849653804,11.477328223372353,run_147
cosbounce_cos_0005,18426,175.64863377224034,0.6949550746252763,run_147
cosbounce_cos_0040,14783,175.64616805056633,0.23381755252852515,run_147
cosbounce_cos_0064,9411,175.64310846488647,5.681102668156188,run_147
cosbounce_cos_0048,21551,175.64168974391674,0.9492699019205242,run_147
cosbounce_cos_0083,12717,175.63967304572228,66.65832303911051,run_147
cosbounce_cos_0016,9024,175.63797761946935,4.675318158448922,run_147
cosbounce_cos_0016,3428,175.63774985241375,9.621457213400879,run_147
cosbounce_cos_0017,20208,175.63750162361396,0.9140577415022059,run_147
cosbounce_cos_0046,12022,175.63567385152984,4.651967423133632,run_147
cosbounce_cos_0044,11609,175.63508325919102,8.961707066677059,run_147
cosbounce_cos_0000,7263,175.63499202754406,0.5613748576243425,run_147
cosbounce_cos_0027,21701,175.6315971089605,4.411640935323952,run_147
cosbounce_cos_0026,15687,175.63156988132252,4.489977340590099,run_147
cosbounce_cos_0076,12691,175.63148481787604,6.33714804819128,run_147
cosbounce_cos_0001,9910,175.6277300466843,2.5537064187479164,run_147
cosbounce_cos_0010,17770,175.62759221334588,26.133067174434053,run_147
cosbounce_cos_0073,9010,175.6245704279606,15.391298021795468,run_147
cosbounce_cos_0064,16212,175.6240960515368,19.131738222788723,run_147
cosbounce_cos_0020,1353,175.6212474736267,0.6756578031700855,run_147
cosbounce_cos_0069,11134,175.62088207246975,13.355919353624897,run_147
cosbounce_cos_0012,9377,175.6208426421729,71.25249882508695,run_147
cosbounce_cos_0069,7962,175.62050526706398,10.781071204082819,run_147
cosbounce_cos_0059,9580,175.61959897706507,11.35009848216774,run_147
cosbounce_cos_0064,12256,175.61768281048407,30.129548687866485,run_147
cosbounce_cos_0052,15403,175.61462919974622,4.079282229189803,run_147
cosbounce_cos_0027,10644,175.61280376646403,8.55767777368406,run_147
cosbounce_cos_0073,21817,175.6096614726218,2.070649841441674,run_147
cosbounce_cos_0057,19604,175.6095166509679,3.170229470662844,run_147
cosbounce_cos_0040,1983,175.60935948327662,4.2714984397222935,run_147
cosbounce_cos_0033,16882,175.60731995080897,41.825559550026796,run_147
cosbounce_cos_0023,15435,175.60269435202906,7.7796768562670415,run_147
cosbounce_cos_0011,20600,175.59878128117705,17.892244184452604,run_147
cosbounce_cos_0020,21059,175.59658547563424,7.672370785567633,run_147
cosbounce_cos_0058,13176,175.59519184627356,5.775077005368014,run_147
cosbounce_cos_0040,17978,175.59140973003474,9.870190118062109,run_147
cosbounce_cos_0069,5528,175.59087106463835,7.72372971279418,run_147
cosbounce_cos_0085,18657,175.59034572511877,35.01003813812177,run_147
cosbounce_cos_0085,8167,175.59002074800634,12.07653956058251,run_147
cosbounce_cos_0065,21872,175.5897293410343,5.731214591493186,run_147
cosbounce_cos_0009,19211,175.58455503068592,8.318386345196716,run_147
cosbounce_cos_0077,12996,175.58314618612428,10.379138109666238,run_147
cosbounce_cos_0025,21749,175.58139574130774,8.51844799311577,run_147
cosbounce_cos_0037,7839,175.57950372096735,3.8539320662221845,run_147
cosbounce_cos_0079,12867,175.57411252514422,90.92734133362077,run_147
cosbounce_cos_0006,12299,175.57278625457312,8.120355017994529,run_147
cosbounce_cos_0035,1875,175.5697744365666,2.6449550368518273,run_147
cosbounce_cos_0057,8854,175.56514718095897,17.453826596505913,run_147
cosbounce_cos_0082,7676,175.56361855822388,5.973412214014046,run_147
cosbounce_cos_0002,13848,175.56140651159959,1.896569668701615,run_147
cosbounce_cos_0005,7697,175.56113219673801,2.313978632363548,run_147
cosbounce_cos_0079,17693,175.56012147663478,38.68593646970044,run_147
cosbounce_cos_0061,14725,175.55989699852466,24.538206028197067,run_147
cosbounce_cos_0070,18825,175.55420735696012,13.374342318874819,run_147
cosbounce_cos_0033,17054,175.55381136815203,23.540921681355893,run_147
cosbounce_cos_0037,8134,175.54721928638915,2.2412802251993487,run_147
cosbounce_cos_0050,20730,175.54309727829246,61.16430871294473,run_147
cosbounce_cos_0014,15847,175.5408036953231,12.45933082220849,run_147
cosbounce_cos_0022,2998,175.53950059928806,0.6921558273586108,run_147
cosbounce_cos_0041,8844,175.53597318298387,0.17532260715604836,run_147
cosbounce_cos_0042,16745,175.5350033090386,16.796405908629975,run_147
cosbounce_cos_0052,9752,175.5345981568282,8.687720989695809,run_147
cosbounce_cos_0067,5011,175.53449279612752,7.052100527914664,run_147
cosbounce_cos_0067,13542,175.53366371917193,0.6343957688500186,run_147
cosbounce_cos_0039,20824,175.53177105023917,3.2477379070868637,run_147
cosbounce_cos_0047,10586,175.5304029298012,6.515885841910199,run_147
cosbounce_cos_0001,9582,175.5303434812733,23.183484094050776,run_147
cosbounce_cos_0069,4279,175.52574877585783,9.697569801443992,run_147
cosbounce_cos_0069,3838,175.5184084287643,9.40593428037894,run_147
cosbounce_cos_0080,5210,175.51791267856075,3.336437562957169,run_147
cosbounce_cos_0049,19484,175.51724906968727,9.698227452682227,run_147
cosbounce_cos_0070,14347,175.51465080892345,5.774300347102818,run_147
cosbounce_cos_0009,6850,175.51338371794398,11.362426339227705,run_147
cosbounce_cos_0053,734,175.51013966270867,9.833731492718957,run_147
cosbounce_cos_0003,12923,175.5056875775956,9.585111688860145,run_147
cosbounce_cos_0083,7971,175.50447035008494,14.516000300223594,run_147
cosbounce_cos_0027,4872,175.504209481771,39.93847545598488,run_147
cosbounce_cos_0041,12811,175.50394596998873,2.922188476699218,run_147
cosbounce_cos_0009,21968,175.50338451326675,9.69924588896517,run_147
cosbounce_cos_0024,2453,175.50333776431762,6.97605126378501,run_147
cosbounce_cos_0022,10201,175.502100332555,4.308813608910839,run_147
cosbounce_cos_0063,15031,175.50094511154666,10.75793846354079,run_147
cosbounce_cos_0010,6890,175.49901625161883,13.447660257740434,run_147
cosbounce_cos_0053,15602,175.49722718833485,8.163141252807636,run_147
cosbounce_cos_0022,19939,175.49004636925116,24.33990935678365,run_147
cosbounce_cos_0085,12388,175.48865746185112,20.741117348186577,run_147
cosbounce_cos_0049,14879,175.48725018811183,15.772026949272158,run_147
cosbounce_cos_0019,5082,175.48209115966813,8.656896843295252,run_147
cosbounce_cos_0056,21790,175.47925146614156,9.550206253707545,run_147
cosbounce_cos_0042,8240,175.47518324050753,3.382627268689338,run_147
cosbounce_cos_0042,17747,175.47409293839118,318.0162712406663,run_147
cosbounce_cos_0082,17010,175.4740510713521,17.231751299835267,run_147
cosbounce_cos_0035,12715,175.4733136906828,3.1434845242155025,run_147
cosbounce_cos_0004,11853,175.47293510615077,5.8565185405583575,run_147
cosbounce_cos_0038,6311,175.47292078148516,5.658506966066158,run_147
cosbounce_cos_0009,12858,175.4716883759704,8.431996521780745,run_147
cosbounce_cos_0004,3834,175.47156401214198,0.48173842004060735,run_147
cosbounce_cos_0042,10371,175.46953399968953,15.135179259894809,run_147
cosbounce_cos_0051,2103,175.4691158236394,34.10261633801178,run_147
cosbounce_cos_0080,4064,175.4688449535568,6.249571422244805,run_147
cosbounce_cos_0079,17989,175.467945694425,12.625864600255493,run_147
cosbounce_cos_0072,9368,175.46703594231838,7.18431089049831,run_147
cosbounce_cos_0064,16973,175.4610266192535,9.343324663926058,run_147
cosbounce_cos_0040,4207,175.45954671932125,9.503731587762216,run_147
cosbounce_cos_0061,3574,175.45338788178225,13.937871908101203,run_147
cosbounce_cos_0077,207,175.45165935597552,11.855233663353419,run_147
cosbounce_cos_0061,5014,175.4515264605967,8.998781311859801,run_147
cosbounce_cos_0022,9536,175.4363733995043,11.517298947458952,run_147
cosbounce_cos_0058,8452,175.4314524004891,0.08673309894625673,run_147
cosbounce_cos_0006,1213,175.4308694289901,6.031029011695246,run_147
cosbounce_cos_0081,16954,175.42986723579975,12.914459436893804,run_147
cosbounce_cos_0026,14096,175.42666852744284,6.788372434623926,run_147
cosbounce_cos_0047,19827,175.42600716765673,17.81702133698783,run_147
cosbounce_cos_0077,1543,175.4255519859927,3.1394899073777873,run_147
cosbounce_cos_0063,233,175.42293897094834,5.421274337952743,run_147
cosbounce_cos_0041,10581,175.42266650215245,9.683543155351957,run_147
cosbounce_cos_0001,4525,175.42214651441492,14.021983146741288,run_147
cosbounce_cos_0023,8430,175.42055607166822,5.796805260969671,run_147
cosbounce_cos_0007,22165,175.41367759701913,8.058016176334851,run_147
cosbounce_cos_0036,10193,175.41298347562355,9.826959230742467,run_147
cosbounce_cos_0052,22277,175.41263010560738,20.581978531173657,run_147
cosbounce_cos_0063,15560,175.41152207826138,8.597899530781605,run_147
cosbounce_cos_0063,13516,175.40982550473424,6.190672549182616,run_147
cosbounce_cos_0051,10628,175.40808003167308,16.97392822231287,run_147
cosbounce_cos_0067,6765,175.4067105055741,3.6174456292081447,run_147
cosbounce_cos_0035,15968,175.40469957102766,3.5154365277949298,run_147
cosbounce_cos_0074,11737,175.40327473362643,16.178536745136668,run_147
cosbounce_cos_0027,20942,175.4005798461548,20.08795822500175,run_147
cosbounce_cos_0029,9418,175.3954598853077,4.726767407846499,run_147
cosbounce_cos_0047,9923,175.39520894652298,20.95987361192393,run_147
cosbounce_cos_0029,10134,175.3926067292488,8.703796734040973,run_147
cosbounce_cos_0073,6977,175.3915232304006,25.749996725270655,run_147
cosbounce_cos_0062,20445,175.39084657114688,16.68539163611021,run_147
cosbounce_cos_0083,5184,175.39058366391313,2.806071213178634,run_147
cosbounce_cos_0074,8263,175.38971039563768,23.6937689759768,run_147
cosbounce_cos_0010,10983,175.3893848518793,7.997274977666606,run_147
cosbounce_cos_0066,16876,175.38870162813524,0.6389393690803785,run_147
cosbounce_cos_0008,13927,175.38836668647505,10.772999819554792,run_147
cosbounce_cos_0042,21190,175.38705554809223,9.46820964756946,run_147
cosbounce_cos_0046,12720,175.3860004635728,14.118639749213965,run_147
cosbounce_cos_0000,16411,175.38571562690706,25.558223418699033,run_147
cosbounce_cos_0039,12838,175.38254758522797,5.541668029555155,run_147
cosbounce_cos_0038,5879,175.38171799331874,10.671642715327375,run_147
cosbounce_cos_0050,13697,175.38093888514527,1.3531556943616492,run_147
cosbounce_cos_0082,10506,175.3774041729253,1.396171894068987,run_147
cosbounce_cos_0000,13789,175.3742839536901,10.739528030426456,run_147
cosbounce_cos_0036,19261,175.3729547736564,14.09989039919915,run_147
cosbounce_cos_0066,21968,175.37129540196605,16.470162221708993,run_147
cosbounce_cos_0075,19562,175.37055907878613,42.38738870258145,run_147
cosbounce_cos_0016,18166,175.36940358685544,7.816886641680721,run_147
cosbounce_cos_0078,10534,175.3650669589023,25.28145526661438,run_147
cosbounce_cos_0084,8816,175.362704346231,2.4136300717323675,run_147
cosbounce_cos_0058,12625,175.3601930983529,115.28631583798467,run_147
cosbounce_cos_0019,3520,175.36004759574735,8.862837443007296,run_147
cosbounce_cos_0085,1302,175.35953047032606,11.512180150523571,run_147
cosbounce_cos_0082,20919,175.35861363618878,17.527999838441776,run_147
cosbounce_cos_0042,1200,175.35805034676423,14.457277748062156,run_147
cosbounce_cos_0063,20923,175.3565636566507,4.879735692277385,run_147
cosbounce_cos_0044,617,175.35526961287766,14.370696034719456,run_147
cosbounce_cos_0061,18576,175.35270353246943,6.357585091578875,run_147
cosbounce_cos_0040,19662,175.35256982060778,7.134045504822663,run_147
cosbounce_cos_0073,21757,175.3525645147858,17.169249109476244,run_147
cosbounce_cos_0037,7029,175.35080925583006,7.1878187027073865,run_147
cosbounce_cos_0023,3526,175.34522622844156,12.285003431607334,run_147
cosbounce_cos_0078,6245,175.34513919948498,13.617562679736535,run_147
cosbounce_cos_0064,22350,175.34275511724368,33.835715403373754,run_147
cosbounce_cos_0068,238,175.34249832209966,25.59128726525377,run_147
cosbounce_cos_0076,3850,175.3424730225799,17.886790518473664,run_147
cosbounce_cos_0050,6223,175.34242967038455,1.832413548309259,run_147
cosbounce_cos_0077,7272,175.34199129877751,29.626050758896103,run_147
cosbounce_cos_0023,17194,175.33727751290158,10.387589694845284,run_147
cosbounce_cos_0046,12140,175.33696996363395,2.3461000969021604,run_147
cosbounce_cos_0015,21677,175.33467316791436,10.312362735855391,run_147
cosbounce_cos_0008,12485,175.33344984180565,29.190773888610206,run_147
cosbounce_cos_0042,20557,175.33292792920918,6.309704623755894,run_147
cosbounce_cos_0044,9718,175.33083707178125,16.38503852207034,run_147
cosbounce_cos_0025,2159,175.3303683030506,11.410132742726447,run_147
cosbounce_cos_0034,1871,175.32931167179623,23.292220642035275,run_147
cosbounce_cos_0047,5272,175.3280324603805,1.453815197435871,run_147
cosbounce_cos_0041,3090,175.32775821651586,119.07184406907521,run_147
cosbounce_cos_0043,228,175.32737319207152,19.168751170020677,run_147
cosbounce_cos_0023,3514,175.32653346453955,8.540019308959248,run_147
cosbounce_cos_0019,16161,175.32589107943306,11.996868583678408,run_147
cosbounce_cos_0080,13696,175.32182550063916,4.948373374190578,run_147
cosbounce_cos_0033,4187,175.321181387735,185.05651516780875,run_147
cosbounce_cos_0050,14539,175.31936142671896,23.030611092283518,run_147
cosbounce_cos_0047,19511,175.3168411305446,5.035884119326578,run_147
cosbounce_cos_0069,6219,175.31404338643435,1.0242696084197922,run_147
cosbounce_cos_0050,13328,175.3113062303249,8.762665564706387,run_147
cosbounce_cos_0047,5303,175.31062077624495,1.1680844624791549,run_147
cosbounce_cos_0014,13442,175.30797758620622,16.501633035132095,run_147
cosbounce_cos_0030,1888,175.30682097344842,28.270414362463374,run_147
cosbounce_cos_0077,18106,175.30479156731192,1.5805856369821771,run_147
cosbounce_cos_0059,4850,175.30337260709902,4.1182100364923295,run_147
cosbounce_cos_0028,9483,175.3015557653008,4.76908480989575,run_147
cosbounce_cos_0079,11809,175.30116179013837,2.7067085917378746,run_147
cosbounce_cos_0084,6961,175.3000415128607,11.569316199550483,run_147
cosbounce_cos_0026,17504,175.29679932644052,11.71597280374858,run_147
cosbounce_cos_0060,15932,175.29581352297484,12.902738909252601,run_147
cosbounce_cos_0060,18702,175.29576297041226,17.330214506213466,run_147
cosbounce_cos_0016,6590,175.29448621439556,18.08268074603624,run_147
cosbounce_cos_0031,17729,175.2935305672461,4.872361570159998,run_147
cosbounce_cos_0043,21833,175.28988575064812,3.7622672895554894,run_147
cosbounce_cos_0035,7898,175.28857653021032,0.5900488783774067,run_147
cosbounce_cos_0046,17722,175.2870595256289,2.4704929715615527,run_147
cosbounce_cos_0069,7775,175.28682640647995,5.591927431091776,run_147
cosbounce_cos_0056,20013,175.28127795289632,10.021077446451697,run_147
cosbounce_cos_0027,13722,175.2765098232374,11.171005427033,run_147
cosbounce_cos_0014,3570,175.27627320908917,12.800306644122166,run_147
cosbounce_cos_0050,9224,175.27486461691078,10.135086729529327,run_147
cosbounce_cos_0017,21891,175.27414633760307,1.9405391993041614,run_147
cosbounce_cos_0060,7531,175.27361865405575,15.895643059287426,run_147
cosbounce_cos_0023,1558,175.27342040712688,6.834653880270902,run_147
cosbounce_cos_0000,10316,175.27289810773695,1.2153934580981067,run_147
cosbounce_cos_0074,14712,175.26652476523816,4.867702949537129,run_147
cosbounce_cos_0033,19516,175.2662352815912,13.735799392424306,run_147
cosbounce_cos_0007,7154,175.2652136965567,24.247307043554144,run_147
cosbounce_cos_0004,15105,175.26485932483635,12.497177877752408,run_147
cosbounce_cos_0030,6018,175.2614427703971,5.819934187587901,run_147
cosbounce_cos_0074,15867,175.2609702780156,19.28925858949961,run_147
cosbounce_cos_0080,615,175.25948252143152,47.45086864396383,run_147
cosbounce_cos_0043,17021,175.25693950447314,1.6391976212018473,run_147
cosbounce_cos_0053,14163,175.25490390145012,2.5551683416449156,run_147
cosbounce_cos_0055,17557,175.2545012200282,15.309936323506474,run_147
cosbounce_cos_0005,5425,175.25394397481185,44.69590634482961,run_147
cosbounce_cos_0048,7334,175.2530317891537,2.8199056940873515,run_147
cosbounce_cos_0080,5023,175.25190143476286,4.193360740854794,run_147
cosbounce_cos_0084,8971,175.25172519089529,67.10911418425424,run_147
cosbounce_cos_0045,1132,175.2500606166177,1.125027087190063,run_147
cosbounce_cos_0007,18042,175.2495491808523,6.484703150156569,run_147
cosbounce_cos_0019,10040,175.24623212109958,17.708456546621107,run_147
cosbounce_cos_0056,4945,175.24149131023165,4.05858414613481,run_147
cosbounce_cos_0018,11524,175.23886696071986,0.38534857081981105,run_147
cosbounce_cos_0021,15539,175.23572357697452,0.680144258415366,run_147
cosbounce_cos_0027,8003,175.2345481206754,0.5594708257096994,run_147
cosbounce_cos_0028,9477,175.2308033606908,1.4945397215221832,run_147
cosbounce_cos_0002,2234,175.22886592289038,198.2686865842049,run_147
cosbounce_cos_0023,2651,175.22755788816502,11.811339655061497,run_147
cosbounce_cos_0004,8596,175.22129124141256,3.374712774935811,run_147
cosbounce_cos_0077,1422,175.21932287372223,17.566358297785396,run_147
cosbounce_cos_0064,18161,175.21870048257608,5.876841656568874,run_147
cosbounce_cos_0060,11496,175.21678712881737,7.248684311551441,run_147
cosbounce_cos_0057,12934,175.2150910448478,9.212709423876273,run_147
cosbounce_cos_0040,5670,175.21454068360774,12.728237595026004,run_147
cosbounce_cos_0081,17973,175.21365097482226,18.79663307288389,run_147
cosbounce_cos_0025,8908,175.2110659004656,6.218449242631872,run_147
cosbounce_cos_0032,18029,175.2098127877896,6.755844031264465,run_147
cosbounce_cos_0062,16394,175.2083583236887,33.49305024503117,run_147
cosbounce_cos_0053,14361,175.20727458055038,10.05118268822017,run_147
cosbounce_cos_0044,13922,175.20607718981762,13.081663410371702,run_147
cosbounce_cos_0072,4241,175.20064001521226,1.9868263047459513,run_147
cosbounce_cos_0002,18791,175.2005026220595,132.4538389011454,run_147
cosbounce_cos_0040,14734,175.20033343098905,18.645824307704217,run_147
cosbounce_cos_0081,8917,175.2000161409921,8.97562950116571,run_147
cosbounce_cos_0061,15144,175.1985309667592,0.13390022131673013,run_147
cosbounce_cos_0052,18247,175.19780299202685,5.194648676874793,run_147
cosbounce_cos_0035,7913,175.19537894504924,83.50505944149795,run_147
cosbounce_cos_0051,21882,175.19419920030535,6.478550907058816,run_147
cosbounce_cos_0025,11459,175.19412420029246,7.880433227786183,run_147
cosbounce_cos_0060,7180,175.19297337347936,116.48607441330343,run_147
cosbounce_cos_0026,328,175.1910969964105,8.74816855694333,run_147
cosbounce_cos_0032,393,175.19089803011698,10.427240536545243,run_147
cosbounce_cos_0044,13716,175.18921090605775,11.003673617777936,run_147
cosbounce_cos_0069,11900,175.18499938013696,9.438392918961302,run_147
cosbounce_cos_0082,17642,175.18284714430868,2.179684860549929,run_147
cosbounce_cos_0042,15841,175.1821777890574,24.294070496433523,run_147
cosbounce_cos_0079,13120,175.1818419512198,24.972885464095672,run_147
cosbounce_cos_0067,22074,175.1785534582563,0.20727974786778616,run_147
cosbounce_cos_0051,7176,175.17815551794124,301.3583123538271,run_147
cosbounce_cos_0001,3633,175.1767306126905,13.432786716340678,run_147
cosbounce_cos_0045,6802,175.17203459028337,5.411442539944577,run_147
cosbounce_cos_0017,20641,175.16849573026693,2.4213166440348073,run_147
cosbounce_cos_0072,6072,175.1659970915061,2.0634203099692026,run_147
cosbounce_cos_0011,3304,175.1634188619758,8.156606412663745,run_147
cosbounce_cos_0008,19171,175.1620390253488,7.58860261464926,run_147
cosbounce_cos_0005,11361,175.16192032897737,8.455204718435917,run_147
cosbounce_cos_0033,2921,175.16021823500319,7.905247870784395,run_147
cosbounce_cos_0043,794,175.15136109286345,29.51836232420801,run_147
cosbounce_cos_0080,19138,175.14835992968415,10.725138852189978,run_147
cosbounce_cos_0036,14222,175.14772748311242,8.386376487867556,run_147
cosbounce_cos_0047,6624,175.14700285816807,8.907395327769693,run_147
cosbounce_cos_0071,2777,175.1463823883067,14.01871688708487,run_147
cosbounce_cos_0079,4924,175.14616651814183,14.291281785356926,run_147
cosbounce_cos_0075,20594,175.13970210831297,14.704215502058805,run_147
cosbounce_cos_0055,5167,175.1343775323026,5.843086521138055,run_147
cosbounce_cos_0002,17208,175.13365397388796,19.30924209337319,run_147
cosbounce_cos_0037,1854,175.13209979027323,11.342744958554743,run_147
cosbounce_cos_0005,3656,175.13076249908653,32.636543797066615,run_147
cosbounce_cos_0014,17120,175.13035319887277,2.801894169881304,run_147
cosbounce_cos_0050,8448,175.1293447156131,14.534869158030874,run_147
cosbounce_cos_0032,20093,175.12929050101246,0.30774604284261314,run_147
cosbounce_cos_0076,6430,175.122869370863,18.832803292416678,run_147
cosbounce_cos_0053,5640,175.11746147182885,28.445358378217378,run_147
cosbounce_cos_0066,5177,175.11546951735576,26.3550819215927,run_147
cosbounce_cos_0035,10010,175.11417376201626,9.78260854967604,run_147
cosbounce_cos_0003,9726,175.1132438451267,26.305064710725752,run_147
cosbounce_cos_0029,7004,175.11299406830844,7.102008499721449,run_147
cosbounce_cos_0018,17598,175.11259372159,14.430276206995472,run_147
cosbounce_cos_0076,13450,175.1059730354011,17.48645467667777,run_147
cosbounce_cos_0034,10870,175.10315209157713,7.441364529367567,run_147
cosbounce_cos_0018,9481,175.10015572865407,5.109031428445066,run_147
cosbounce_cos_0044,12264,175.09866699385466,6.516487012377969,run_147
cosbounce_cos_0085,18016,175.09467731247977,12.487165377466443,run_147
cosbounce_cos_0025,14972,175.09366577348226,112.08953907463795,run_147
cosbounce_cos_0046,6622,175.08989978095465,3.6535951696004316,run_147
cosbounce_cos_0025,12474,175.0884925453058,16.136457739390156,run_147
cosbounce_cos_0021,2817,175.08462321669506,10.892851678762051,run_147
cosbounce_cos_0030,5481,175.0833767731193,4.125106359557947,run_147
cosbounce_cos_0018,20954,175.0812073168181,4.217321757581956,run_147
cosbounce_cos_0072,17829,175.08071854278873,7.825403007006893,run_147
cosbounce_cos_0067,5832,175.07910267881869,5.018688646131624,run_147
cosbounce_cos_0038,13422,175.07316546204032,18.470999045994663,run_147
cosbounce_cos_0037,7718,175.0728501667737,10.765846766197463,run_147
cosbounce_cos_0050,19297,175.07091098496375,10.566506311257134,run_147
cosbounce_cos_0049,2440,175.0697650254612,3.202915955684323,run_147
cosbounce_cos_0017,11953,175.06866027892048,1.6090389172022395,run_147
cosbounce_cos_0062,17247,175.06355046420927,6.74151402604294,run_147
cosbounce_cos_0062,16827,175.06244051191163,15.754595175855453,run_147
cosbounce_cos_0031,22165,175.05690517206108,9.947028453528686,run_147
cosbounce_cos_0034,1899,175.05297291568579,27.152529728150057,run_147
cosbounce_cos_0063,10997,175.05256946295236,3.7754044669843743,run_147
cosbounce_cos_0045,22163,175.0486678400781,0.7394764342312533,run_147
cosbounce_cos_0059,10860,175.0476436681568,8.70960115270692,run_147
cosbounce_cos_0065,18161,175.04598843175935,6.666739252710047,run_147
cosbounce_cos_0025,3728,175.04342678753972,16.991374386764846,run_147
cosbounce_cos_0001,2835,175.03683782464955,12.828493395998153,run_147
cosbounce_cos_0037,9707,175.03607541246225,14.378124508542804,run_147
cosbounce_cos_0036,20268,175.03404826801835,11.015852413258372,run_147
cosbounce_cos_0053,6457,175.03391257211428,2.2702947440387944,run_147
cosbounce_cos_0059,18747,175.03348045641184,24.476164642812527,run_147
cosbounce_cos_0000,5565,175.03336419229785,11.180838150389214,run_147
cosbounce_cos_0085,19250,175.03289890594047,29.70975689477719,run_147
cosbounce_cos_0013,11738,175.03251207389724,24.349024757499503,run_147
cosbounce_cos_0005,14854,175.02957194346092,13.85651777497497,run_147
cosbounce_cos_0085,11186,175.0292167473956,0.5869322514112266,run_147
cosbounce_cos_0046,14140,175.02687442163534,8.201665584742361,run_147
cosbounce_cos_0052,1103,175.02219140144862,14.427113435530718,run_147
cosbounce_cos_0000,19030,175.02054944293656,0.01650099382154632,run_147
cosbounce_cos_0018,1189,175.02011229616187,7.613232251613279,run_147
cosbounce_cos_0042,10332,175.01771265977604,4.252515729081695,run_147
cosbounce_cos_0051,14287,175.01132731110675,9.799537271947138,run_147
cosbounce_cos_0038,13546,174.9972642008254,218.92748047307322,run_147
cosbounce_cos_0037,281,174.9925826448642,34.983200446476026,run_147
cosbounce_cos_0040,21665,174.99066054667225,13.398785236578822,run_147
cosbounce_cos_0038,5874,174.9892546995035,3.33291750696434,run_147
cosbounce_cos_0056,7660,174.98851973091865,3.608810745558237,run_147
cosbounce_cos_0032,16141,174.9872445244411,12.500360414232539,run_147
cosbounce_cos_0054,4736,174.98601683684848,8.794268531894577,run_147
cosbounce_cos_0014,17506,174.98163821256668,11.166609842651468,run_147
cosbounce_cos_0024,2765,174.9790557523846,5.101387194620477,run_147
cosbounce_cos_0062,6351,174.97553145172063,11.938957273107114,run_147
cosbounce_cos_0029,1382,174.97342612848553,7.867583093320376,run_147
cosbounce_cos_0073,13130,174.97002565847126,10.29082597864157,run_147
cosbounce_cos_0004,3850,174.96898677681418,9.112475110386889,run_147
cosbounce_cos_0033,4464,174.96763046261358,48.64819227661967,run_147
cosbounce_cos_0049,12180,174.9639693386558,9.410557803730123,run_147
cosbounce_cos_0020,850,174.96243488717732,153.9405261150296,run_147
cosbounce_cos_0085,5784,174.96131313605238,2.568007914150304,run_147
cosbounce_cos_0059,11327,174.95936572656532,8.66024174429755,run_147
cosbounce_cos_0032,14562,174.9589685531031,2.9286989795430722,run_147
cosbounce_cos_0084,4413,174.95837871061136,13.565089194395446,run_147
cosbounce_cos_0060,21693,174.95508629489132,18.37630306731077,run_147
cosbounce_cos_0043,3274,174.95453648281767,36.257237072180175,run_147
cosbounce_cos_0035,20356,174.94952803489232,5.115571888130949,run_147
cosbounce_cos_0047,12174,174.9479260403576,29.352980831536595,run_147
cosbounce_cos_0012,19554,174.94759237380345,1.204240254220302,run_147
cosbounce_cos_0011,9261,174.94740544995688,12.773103716991878,run_147
cosbounce_cos_0067,3350,174.94709713093073,18.642924564679916,run_147
cosbounce_cos_0019,6258,174.94409307686405,9.127406594115948,run_147
cosbounce_cos_0009,6271,174.94206494712571,26.180753315031094,run_147
cosbounce_cos_0000,4165,174.94141236060972,4.624942104857223,run_147
cosbounce_cos_0035,9824,174.94017105320617,357.4916604666602,run_147
cosbounce_cos_0032,18437,174.939217605008,23.249292011261492,run_147
cosbounce_cos_0039,10412,174.93485119393796,7.243884216902968,run_147
cosbounce_cos_0006,5140,174.9338032389181,2.457011928893127,run_147
cosbounce_cos_0081,12580,174.92973797147118,12.669461851687359,run_147
cosbounce_cos_0069,8411,174.9288722848935,12.306600484358544,run_147
cosbounce_cos_0004,17997,174.9267824023718,4.735521491020067,run_147
cosbounce_cos_0082,14473,174.926405499847,5.252326956758004,run_147
cosbounce_cos_0061,19080,174.92533512973574,17.57550167378766,run_147
cosbounce_cos_0028,6980,174.92504899998312,7.448659729012374,run_147
cosbounce_cos_0042,22411,174.92348854824832,6.759669340839986,run_147
cosbounce_cos_0056,16598,174.92256713657497,4.726987158040215,run_147
cosbounce_cos_0035,10609,174.92173150220145,18.704276092302575,run_147
cosbounce_cos_0041,15915,174.92154906090468,3.665286038561445,run_147
cosbounce_cos_0015,292,174.91927808292914,4.425867945600021,run_147
cosbounce_cos_0036,14121,174.91849976571197,8.882001814576963,run_147
cosbounce_cos_0005,6655,174.9139567832683,0.5633230548480378,run_147
cosbounce_cos_0007,6715,174.90897174109972,1.6095512099153158,run_147
cosbounce_cos_0030,18320,174.9039861136587,0.37274878726726735,run_147
cosbounce_cos_0008,13545,174.9021488089609,3.218073213738124,run_147
cosbounce_cos_0052,14854,174.90168565101956,49.98202825847752,run_147
cosbounce_cos_0030,16851,174.89911102580757,0.6973985242209247,run_147
cosbounce_cos_0004,17792,174.89364814244897,1.3446570495483738,run_147
cosbounce_cos_0004,18852,174.89020815375827,6.834629162567233,run_147
cosbounce_cos_0044,18587,174.88869067461528,11.40257892066651,run_147
cosbounce_cos_0064,5532,174.8859957916489,28.3159390265608,run_147
cosbounce_cos_0079,9575,174.88549746644898,11.795877128718645,run_147
cosbounce_cos_0070,12656,174.885368621045,1.743684093574137,run_147
cosbounce_cos_0032,12835,174.88485366992288,17.056440872000536,run_147
cosbounce_cos_0039,5343,174.8832139301655,19.847448008914913,run_147
cosbounce_cos_0055,17824,174.8832063851102,0.10186880212156404,run_147
cosbounce_cos_0058,15614,174.8820231255561,19.703720861653334,run_147
cosbounce_cos_0063,20092,174.87986425883275,4.0134276562299105,run_147
cosbounce_cos_0062,3379,174.8761804695254,1.6734987439512752,run_147
cosbounce_cos_0079,16323,174.87085328076387,18.706598803065354,run_147
cosbounce_cos_0072,15,174.8691250444733,4.986366432875564,run_147
cosbounce_cos_0050,5978,174.86766051834692,13.506586181553745,run_147
cosbounce_cos_0072,15906,174.86409022215705,13.17708548529167,run_147
cosbounce_cos_0028,1876,174.86100985367995,10.661336340328033,run_147
cosbounce_cos_0023,8542,174.85810608196928,2.973109382208148,run_147
cosbounce_cos_0023,18575,174.85794779023223,47.45430981888968,run_147
cosbounce_cos_0052,3469,174.85539083233562,22.591884255675907,run_147
cosbounce_cos_0069,4077,174.85465586384055,19.697123576321005,run_147
cosbounce_cos_0068,5631,174.8513866158942,12.79868677922333,run_147
cosbounce_cos_0071,13607,174.8511012575138,99.11620085111852,run_147
cosbounce_cos_0082,4156,174.8480854980362,6.091927720771482,run_147
cosbounce_cos_0078,17250,174.84737964281555,1.3546511320394612,run_147
cosbounce_cos_0000,6045,174.8453376563799,6.348150528417054,run_147
cosbounce_cos_0062,15090,174.842777408127,11.997064415467106,run_147
cosbounce_cos_0044,11893,174.83812683257946,32.52580358925677,run_147
cosbounce_cos_0059,7825,174.8380001486866,9.580985998517352,run_147
cosbounce_cos_0017,14528,174.83797555832888,3.6241880356027334,run_147
cosbounce_cos_0024,11090,174.83653855310493,26.896397609781253,run_147
cosbounce_cos_0069,17114,174.83631278591935,4.91208764245248,run_147
cosbounce_cos_0036,12349,174.8358495780122,34.34155483895957,run_147
cosbounce_cos_0071,17529,174.83316378429748,8.906525263877812,run_147
cosbounce_cos_0045,15068,174.83264448776,14.353368347665509,run_147
cosbounce_cos_0043,9091,174.83003965379694,7.1791437685746,run_147
cosbounce_cos_0051,21649,174.8282938746344,6.6231843935737045,run_147
cosbounce_cos_0031,16588,174.82818469613383,5.710995099950273,run_147
cosbounce_cos_0025,21815,174.82534067931022,10.34055790099387,run_147
cosbounce_cos_0058,19789,174.82504634725845,12.382266350359869,run_147
cosbounce_cos_0077,9573,174.82341810317124,10.033088064367519,run_147
cosbounce_cos_0043,19707,174.82336351834712,13.9646721227724,run_147
cosbounce_cos_0012,11815,174.8216141884532,8.33101029754999,run_147
cosbounce_cos_0011,11428,174.81864181763467,13.89490050321208,run_147
cosbounce_cos_0059,9123,174.8155366702122,2.9371070220437776,run_147
cosbounce_cos_0005,9692,174.8143674722036,168.46390014823618,run_147
cosbounce_cos_0054,18837,174.81166150765338,53.43600411256135,run_147
cosbounce_cos_0035,9508,174.80925413589648,4.375229088241278,run_147
cosbounce_cos_0063,16689,174.80734705281873,9.865798118046895,run_147
cosbounce_cos_0052,18416,174.80553414153465,16.275273573347153,run_147
cosbounce_cos_0042,14840,174.8020607725335,18.984750222776892,run_147
cosbounce_cos_0063,17478,174.7990171652899,35.90840457737581,run_147
cosbounce_cos_0059,13891,174.79823374756134,21.102935534253003,run_147
cosbounce_cos_0054,6484,174.7971737562081,12.078618533724915,run_147
cosbounce_cos_0055,10634,174.79400635555714,13.389465091725635,run_147
cosbounce_cos_0008,11093,174.79179444730985,12.207072817117593,run_147
cosbounce_cos_0040,7505,174.78848180119374,5.393179666946845,run_147
cosbounce_cos_0036,14077,174.78659744722646,18.422393216422602,run_147
cosbounce_cos_0019,18308,174.7857978718179,9.551200357561338,run_147
cosbounce_cos_0063,6142,174.7840436647507,2.235275910827766,run_147
cosbounce_cos_0014,2713,174.78267617769853,18.611188859367505,run_147
cosbounce_cos_0067,3242,174.77968610274772,28.664077606078152,run_147
cosbounce_cos_0055,10933,174.77597398246047,203.69391310489124,run_147
cosbounce_cos_0031,19466,174.77261411760264,5.10977400726816,run_147
cosbounce_cos_0036,12184,174.7697463003083,3.129661307915657,run_147
cosbounce_cos_0028,11753,174.76242149099346,17.855187922318958,run_147
cosbounce_cos_0003,987,174.75656140902245,5.094548435209451,run_147
cosbounce_cos_0026,16655,174.75617623943242,6.398687914946666,run_147
cosbounce_cos_0016,8575,174.75149467874593,8.317600847858673,run_147
cosbounce_cos_0008,17229,174.7479509844938,12.45068385190843,run_147
cosbounce_cos_0023,5963,174.7466008374497,13.810593999350981,run_147
cosbounce_cos_0055,10246,174.7460347948277,13.480741232008507,run_147
cosbounce_cos_0016,16649,174.7451256592324,3.5264564494418247,run_147
cosbounce_cos_0021,20478,174.74082331426578,10.768322475624636,run_147
cosbounce_cos_0079,4484,174.7403495761636,9.941923241262664,run_147
cosbounce_cos_0039,926,174.7393114811978,5.668776785767071,run_147
cosbounce_cos_0052,5074,174.7383875695045,19.700808244011768,run_147
cosbounce_cos_0020,20852,174.73648631969078,1.8554664424996252,run_147
cosbounce_cos_0059,15746,174.73580449523794,23.443397858581335,run_147
cosbounce_cos_0061,15113,174.73568651856928,9.086677705543128,run_147
cosbounce_cos_0002,11010,174.73512788173693,38.4109326774762,run_147
cosbounce_cos_0013,17326,174.7324798168428,5.6094744218358175,run_147
cosbounce_cos_0000,7840,174.7284339504578,0.9761762370731397,run_147
cosbounce_cos_0019,20959,174.72108848448397,2.2896097052392044,run_147
cosbounce_cos_0075,6669,174.71477873771528,9.258141897840202,run_147
cosbounce_cos_0037,7435,174.71250044524825,1.6356193540390633,run_147
cosbounce_cos_0039,14632,174.71152905268136,165.98294158135576,run_147
cosbounce_cos_0077,18479,174.71135089275458,19.248064159299705,run_147
cosbounce_cos_0043,10647,174.7058940381397,22.139492736923057,run_147
cosbounce_cos_0046,2879,174.69765555909987,5.527454707201314,run_147
cosbounce_cos_0003,3703,174.69650561324832,11.654976077328486,run_147
cosbounce_cos_0018,15520,174.6962150113017,26.255606638803354,run_147
cosbounce_cos_0012,6323,174.6954926347827,3.767715995223075,run_147
cosbounce_cos_0042,19980,174.69392273629254,22.53685528218561,run_147
cosbounce_cos_0054,911,174.6929382910413,4.578821240024255,run_147
cosbounce_cos_0085,4055,174.68869858999702,14.365329042726666,run_147
cosbounce_cos_0005,9948,174.68752703435058,2.269778883536929,run_147
cosbounce_cos_0077,1891,174.686861848289,5.908629452502233,run_147
cosbounce_cos_0073,2996,174.6867301233048,5.348586491906885,run_147
cosbounce_cos_0083,11563,174.68172665703327,16.331020557107095,run_147
cosbounce_cos_0028,14348,174.68064091147664,0.7874995943688071,run_147
cosbounce_cos_0060,17009,174.67927025000506,16.363885673980455,run_147
cosbounce_cos_0066,18523,174.67722739438972,47.6776292400303,run_147
cosbounce_cos_0077,17668,174.67103916014375,0.6641905287510118,run_147
cosbounce_cos_0065,4078,174.67088840060995,16.80973245462847,run_147
cosbounce_cos_0073,19248,174.6700441149707,6.361961712253167,run_147
cosbounce_cos_0042,20541,174.6687556851995,14.134650335758646,run_147
cosbounce_cos_0023,9831,174.66764806045688,4.238023992161746,run_147
cosbounce_cos_0017,11498,174.6644152084388,3.8132428410718973,run_147
cosbounce_cos_0015,7926,174.66404580376215,11.855553280540272,run_147
cosbounce_cos_0021,4169,174.66247913152023,2.85502815049608,run_147
cosbounce_cos_0039,6171,174.66213639327242,10.007806944477078,run_147
cosbounce_cos_0065,19504,174.66019219231097,5.19091594208364,run_147
cosbounce_cos_0003,18372,174.65820085601567,18.76895973003559,run_147
cosbounce_cos_0067,7112,174.65637151329037,25.466783354324246,run_147
cosbounce_cos_0010,10373,174.65332770556873,7.842740947454642,run_147
cosbounce_cos_0061,1181,174.64903290617642,16.876581140000717,run_147
cosbounce_cos_0061,18225,174.64843988754447,2.679558523483405,run_147
cosbounce_cos_0008,10807,174.6475377371562,2.862524069350902,run_147
cosbounce_cos_0018,17182,174.6456940389387,20.239243001668225,run_147
cosbounce_cos_0037,6954,174.6455980519028,27.27698053104571,run_147
cosbounce_cos_0056,8553,174.63745032786713,34.22804304573579,run_147
cosbounce_cos_0000,5191,174.63029219569006,12.383950355671866,run_147
cosbounce_cos_0017,3714,174.63016978792916,7.4099688279814995,run_147
cosbounce_cos_0069,21720,174.62936144277504,34.550746852986975,run_147
cosbounce_cos_0016,3259,174.6258784136559,3.2893753818478544,run_147
cosbounce_cos_0077,5712,174.62435019036118,30.609570702859966,run_147
cosbounce_cos_0050,17688,174.6225527288034,0.9056685735857861,run_147
cosbounce_cos_0049,7824,174.62183278598886,56.730105538918686,run_147
cosbounce_cos_0072,21603,174.61532069319318,29.237891262665165,run_147
cosbounce_cos_0041,10780,174.61401242641506,36.96299428340317,run_147
cosbounce_cos_0078,10240,174.60998494164633,16.768869770021073,run_147
cosbounce_cos_0085,9003,174.60914545993228,18.758564422138072,run_147
cosbounce_cos_0031,21665,174.6016888075577,1.6181026162628973,run_147
cosbounce_cos_0023,17516,174.6013413640945,2.2996625265113106,run_147
cosbounce_cos_0061,2881,174.6004734048028,2.76168672456354,run_147
cosbounce_cos_0007,6030,174.59330513907815,1.3940993242473432,run_147
cosbounce_cos_0074,8992,174.59055108975082,2.1415911157495695,run_147
cosbounce_cos_0009,19885,174.58867138263406,18.996478149991614,run_147
cosbounce_cos_0009,15597,174.5873077322008,20.645493012063003,run_147
cosbounce_cos_0020,19577,174.57938776676988,1.250312385335738,run_147
cosbounce_cos_0020,20484,174.5780552746627,5.166524082003454,run_147
cosbounce_cos_0037,4776,174.57525183610414,6.554994185811337,run_147
cosbounce_cos_0058,9039,174.57494908564155,38.96498016267068,run_147
cosbounce_cos_0059,18732,174.57426281988842,5.977226678745727,run_147
cosbounce_cos_0057,16394,174.57279999225096,4.785650555630143,run_147
cosbounce_cos_0005,4243,174.57173162738093,9.418896045986907,run_147
cosbounce_cos_0062,2204,174.56459660280797,6.976405711702882,run_147
cosbounce_cos_0029,5715,174.56196261469512,24.294867249114674,run_147
cosbounce_cos_0061,19592,174.55974809427582,5.339168208824999,run_147
cosbounce_cos_0016,8111,174.55575822161745,14.767430833045813,run_147
cosbounce_cos_0071,16324,174.55474150590803,22.67962173647918,run_147
cosbounce_cos_0027,15167,174.55195886146856,0.3775355270455748,run_147
cosbounce_cos_0073,11302,174.55165780340843,9.248753828149713,run_147
cosbounce_cos_0065,6282,174.55143697756068,31.38496445367029,run_147
cosbounce_cos_0071,8874,174.54788934146913,3.159823524241102,run_147
cosbounce_cos_0083,10156,174.54415754293308,4.541653796791017,run_147
cosbounce_cos_0013,15989,174.5424692144458,3.3387760757035503,run_147
cosbounce_cos_0002,7752,174.54170073479196,162.37779203974472,run_147
cosbounce_cos_0034,19266,174.54143177071637,24.27203290890506,run_147
cosbounce_cos_0080,21371,174.5402966203511,1.4783734791002456,run_147
cosbounce_cos_0014,18222,174.5401390803751,5.702885549283963,run_147
cosbounce_cos_0086,6811,174.5399568336364,3.92307740402216,run_147
cosbounce_cos_0001,3152,174.53962576000384,20.19613039716103,run_147
cosbounce_cos_0025,8051,174.53930814467114,9.366424624176283,run_147
cosbounce_cos_0074,2401,174.5382419321248,25.617360056757818,run_147
cosbounce_cos_0024,16510,174.5326025993431,2.8363008363553686,run_147
cosbounce_cos_0064,2540,174.52644110127108,9.063068579358964,run_147
cosbounce_cos_0035,10323,174.5245442067066,3.2288770084370872,run_147
cosbounce_cos_0083,3682,174.5208849221134,1.1161949362079988,run_147
cosbounce_cos_0022,12797,174.51864233516594,13.775898459213593,run_147
cosbounce_cos_0082,15251,174.5181587991077,18.130488548329332,run_147
cosbounce_cos_0008,2221,174.51762784459146,14.09262516858841,run_147
cosbounce_cos_0042,18761,174.51143416919825,2.2238822899289272,run_147
cosbounce_cos_0080,12519,174.5099176804113,12.142884923125028,run_147
cosbounce_cos_0020,7956,174.50669278842088,4.895275024196878,run_147
cosbounce_cos_0016,17394,174.50540605457593,5.73503707924757,run_147
cosbounce_cos_0037,11700,174.5035580806516,6.016436483590113,run_147
cosbounce_cos_0000,21871,174.5008063195703,3.528813438286296,run_147
cosbounce_cos_0052,15080,174.49973478766196,117.14759784160007,run_147
cosbounce_cos_0081,11774,174.49890921933684,1.2564984209453398,run_147
cosbounce_cos_0020,192,174.49849217505326,128.00555498095758,run_147
cosbounce_cos_0070,2637,174.49352323978468,29.13528509048133,run_147
cosbounce_cos_0069,3138,174.49249333656815,4.1073033254189255,run_147
cosbounce_cos_0040,21276,174.49083688979752,11.549389643162161,run_147
cosbounce_cos_0028,8743,174.48823795546727,4.636384726891063,run_147
cosbounce_cos_0078,19038,174.48247652477025,43.81107203083218,run_147
cosbounce_cos_0075,1516,174.47933316663836,1.4328691660790487,run_147
cosbounce_cos_0040,10272,174.4788609822707,20.28771953344172,run_147
cosbounce_cos_0033,18554,174.47847336077086,15.166066037662423,run_147
cosbounce_cos_0054,16995,174.47785750545225,11.60572583781414,run_147
cosbounce_cos_0063,886,174.47683295377448,1.9721732950729378,run_147
cosbounce_cos_0079,8419,174.47647033973496,10.913890757258876,run_147
cosbounce_cos_0003,1816,174.4714780587583,9.87016228699395,run_147
cosbounce_cos_0040,9979,174.46650874469591,31.051650655779483,run_147
cosbounce_cos_0019,15640,174.46078159248702,21.158001260382036,run_147
cosbounce_cos_0033,6885,174.45557690092033,7.180570323243112,run_147
cosbounce_cos_0075,7119,174.4534950589436,8.686271359335526,run_147
cosbounce_cos_0082,4472,174.45310594159105,9.005884120257685,run_147
cosbounce_cos_0079,17671,174.45274598967214,9.436798133753351,run_147
cosbounce_cos_0078,20578,174.4524513048466,20.21437789341351,run_147
cosbounce_cos_0040,3844,174.45148370949445,4.888473627520503,run_147
cosbounce_cos_0045,1964,174.44360528589695,8.432769378143574,run_147
cosbounce_cos_0060,5448,174.4363238828932,2.967191639030528,run_147
cosbounce_cos_0061,9648,174.43517863853694,92.92221268874653,run_147
cosbounce_cos_0051,16575,174.43359151362984,2.242952056691027,run_147
cosbounce_cos_0054,4827,174.43348296268442,6.037805948128653,run_147
cosbounce_cos_0021,9289,174.43226053759426,3.605106470174316,run_147
cosbounce_cos_0023,6969,174.43091707780079,11.607235403130824,run_147
cosbounce_cos_0061,5905,174.4304942523773,18.604026065600667,run_147
cosbounce_cos_0010,12358,174.4065837409319,8.737980525260465,run_147
cosbounce_cos_0065,8355,174.4002900747733,2.9126612624640473,run_147
cosbounce_cos_0085,11228,174.3988583337068,245.57380736671587,run_147
cosbounce_cos_0019,2741,174.39757494822987,9.687587736501216,run_147
cosbounce_cos_0081,2221,174.39708600580744,12.446668186036247,run_147
cosbounce_cos_0031,14611,174.3962575164274,194.44796358198005,run_147
cosbounce_cos_0078,16912,174.391770046982,7.178621760642908,run_147
cosbounce_cos_0016,7992,174.390655832476,5.311291022758192,run_147
cosbounce_cos_0007,352,174.39045254634095,1.8532425732213718,run_147
cosbounce_cos_0077,18015,174.38842764970502,24.173788229518603,run_147
cosbounce_cos_0048,6846,174.38303148512134,12.780962407088074,run_147
cosbounce_cos_0039,4102,174.3829959875962,11.048794476859285,run_147
cosbounce_cos_0065,14624,174.38051785659886,218.87496306858287,run_147
cosbounce_cos_0014,555,174.37655680688474,10.05566327963089,run_147
cosbounce_cos_0042,4006,174.3683882967418,7.455856983066518,run_147
cosbounce_cos_0017,7877,174.36540609827384,16.57192899801301,run_147
cosbounce_cos_0020,11294,174.3649522024263,4.7213520703671215,run_147
cosbounce_cos_0079,6440,174.36237171936733,8.972568341706543,run_147
cosbounce_cos_0041,17536,174.36114984465564,2.415247026272747,run_147
cosbounce_cos_0002,20093,174.3604091517456,8.808498033831809,run_147
cosbounce_cos_0016,20967,174.3585739410814,33.7143415221641,run_147
cosbounce_cos_0065,2961,174.35747251124974,6.770847980607055,run_147
cosbounce_cos_0065,19795,174.35435641841673,0.5595453124976004,run_147
cosbounce_cos_0026,11676,174.34874507800978,6.459345311047173,run_147
cosbounce_cos_0043,4076,174.3483395281313,5.906524869796346,run_147
cosbounce_cos_0050,13000,174.3412419848193,6.697189842869611,run_147
cosbounce_cos_0071,17949,174.3408005853507,14.830647430395416,run_147
cosbounce_cos_0024,9019,174.33727305768957,2.246205133617546,run_147
cosbounce_cos_0009,13428,174.33517586085304,18.40841998334781,run_147
cosbounce_cos_0044,1146,174.32646020835926,6.518766294456885,run_147
cosbounce_cos_0063,18485,174.32017838213935,15.036711052933196,run_147
cosbounce_cos_0073,19591,174.3201327233367,38.48322045361134,run_147
cosbounce_cos_0034,11970,174.3173972924687,4.739499985796263,run_147
cosbounce_cos_0004,22128,174.31584830263375,3.59471931107974,run_147
cosbounce_cos_0071,2236,174.304086510927,21.76173286129605,run_147
cosbounce_cos_0017,17008,174.3013351951573,111.14628912549225,run_147
cosbounce_cos_0056,13085,174.29845154153688,0.7339708600490316,run_147
cosbounce_cos_0056,17566,174.29665233472028,21.836530482312117,run_147
cosbounce_cos_0027,5296,174.29557752317686,9.180422857103373,run_147
cosbounce_cos_0031,3429,174.29417672216934,6.604439985017036,run_147
cosbounce_cos_0052,18997,174.28894635227851,13.251789736518786,run_147
cosbounce_cos_0057,6299,174.2868121425804,20.04557397471211,run_147
cosbounce_cos_0028,11366,174.2847667492994,13.047215700701349,run_147
cosbounce_cos_0076,19049,174.27727220110555,15.381719389205802,run_147
cosbounce_cos_0045,14134,174.27481245324327,9.86966611889422,run_147
cosbounce_cos_0059,5314,174.27305111746728,0.7495377114558179,run_147
cosbounce_cos_0070,11589,174.26982203959446,60.13954353925804,run_147
cosbounce_cos_0043,8250,174.2694343702162,11.404078699576727,run_147
cosbounce_cos_0031,1983,174.26765551893493,8.149951784811744,run_147
cosbounce_cos_0069,16341,174.26752778951064,22.512595660991924,run_147
cosbounce_cos_0062,3827,174.26739368025466,29.5951129904431,run_147
cosbounce_cos_0051,14798,174.26722030435576,6.830494662786664,run_147
cosbounce_cos_0004,19725,174.26666489844345,1.966036446673697,run_147
cosbounce_cos_0067,19264,174.2622045337985,11.688350383016722,run_147
cosbounce_cos_0053,18343,174.26133167061496,19.978433253099823,run_147
cosbounce_cos_0064,15764,174.25723948107068,0.39338436389181963,run_147
cosbounce_cos_0078,20548,174.25630927725817,6.690139608774185,run_147
cosbounce_cos_0074,21400,174.25437965437786,31.49069555004754,run_147
cosbounce_cos_0010,4219,174.25431454851875,18.0394059056242,run_147
cosbounce_cos_0011,5631,174.25371726866985,18.15528043094233,run_147
cosbounce_cos_0009,17718,174.24760094706895,10.521640589241002,run_147
cosbounce_cos_0034,518,174.24686796055587,0.008610218792140023,run_147
cosbounce_cos_0058,6579,174.24460939726507,2.260629220750516,run_147
cosbounce_cos_0055,15602,174.24454463051433,7.524762482640077,run_147
cosbounce_cos_0017,8697,174.2382661040942,17.79617595313046,run_147
cosbounce_cos_0019,16124,174.23748405599164,9.956574393828468,run_147
cosbounce_cos_0053,9219,174.23734778839267,4.231101454731656,run_147
cosbounce_cos_0009,8004,174.23405174814508,7.638427212330494,run_147
cosbounce_cos_0079,9561,174.23386433363888,193.87763991265987,run_147
cosbounce_cos_0047,14359,174.23182081430105,8.79970214118132,run_147
cosbounce_cos_0080,10473,174.23112891700399,23.33745435930017,run_147
cosbounce_cos_0070,12496,174.22575215208724,11.162051203828034,run_147
cosbounce_cos_0046,21269,174.21785241777084,15.012615683474642,run_147
cosbounce_cos_0016,2654,174.2173641723377,4.901705935319742,run_147
cosbounce_cos_0039,2316,174.20629617471943,8.34340354858924,run_147
cosbounce_cos_0006,16400,174.1964760496051,11.218171154592769,run_147
cosbounce_cos_0069,3686,174.19031084484558,27.167798643217758,run_147
cosbounce_cos_0067,12902,174.18999712947945,23.54702080325266,run_147
cosbounce_cos_0049,10011,174.18918072933127,19.203288826672097,run_147
cosbounce_cos_0041,12054,174.18817959576836,11.84427936458018,run_147
cosbounce_cos_0065,2157,174.1865216570512,19.585807271628454,run_147
cosbounce_cos_0078,8938,174.1804314351756,5.665944131050117,run_147
cosbounce_cos_0081,21711,174.18030985899088,296.5078723053529,run_147
cosbounce_cos_0056,20174,174.1721591000811,20.875286822842025,run_147
cosbounce_cos_0019,20895,174.16856015198374,0.5213231306651779,run_147
cosbounce_cos_0082,12329,174.16242808168465,13.019387254188468,run_147
cosbounce_cos_0005,11517,174.16172373778065,0.36180991158209064,run_147
cosbounce_cos_0058,3565,174.16047640666886,9.848052216033865,run_147
cosbounce_cos_0048,7856,174.16039422605368,5.371484844284465,run_147
cosbounce_cos_0002,19129,174.15884839154324,34.685647840996324,run_147
cosbounce_cos_0038,11702,174.15441596460437,4.129936575438931,run_147
cosbounce_cos_0071,5136,174.15326199570333,18.990891949369022,run_147
cosbounce_cos_0034,21429,174.1503355619863,2.4793473045804397,run_147
cosbounce_cos_0055,201,174.1449743315161,0.28737205064863136,run_147
cosbounce_cos_0035,120,174.14178659254924,26.474501361300277,run_147
cosbounce_cos_0062,7002,174.14174726070098,2.687875150248719,run_147
cosbounce_cos_0084,8102,174.13124385805074,5.407490142386498,run_147
cosbounce_cos_0026,3231,174.12678449121287,7.577700720579278,run_147
cosbounce_cos_0084,17498,174.1248019442297,14.82347154992179,run_147
cosbounce_cos_0025,15865,174.12319459698273,4.618886220491216,run_147
cosbounce_cos_0015,17748,174.1223582741641,3.7016627350966247,run_147
cosbounce_cos_0014,6863,174.12139990577057,16.731978707911573,run_147
cosbounce_cos_0056,12624,174.1199109987465,1.2663093232685747,run_147
cosbounce_cos_0018,20428,174.11877204932827,100.6725603964506,run_147
cosbounce_cos_0049,10021,174.1130997875427,50.26946843426973,run_147
cosbounce_cos_0054,897,174.11147847921373,6.890811468369212,run_147
cosbounce_cos_0006,3764,174.10824559040248,3.125799752833463,run_147
cosbounce_cos_0010,5653,174.10732379567474,7.0498907889682565,run_147
cosbounce_cos_0077,21605,174.10698737930116,7.69989981929992,run_147
cosbounce_cos_0054,14618,174.10410774211493,17.791490141706785,run_147
cosbounce_cos_0059,16287,174.09859057319488,1.1782584622659715,run_147
cosbounce_cos_0007,10268,174.09792924631063,1.7430146996043756,run_147
cosbounce_cos_0053,22162,174.09615995822733,7.338216273715888,run_147
cosbounce_cos_0078,11245,174.09275832597137,1.509639331457092,run_147
cosbounce_cos_0007,9272,174.09241756227007,2.4533800559223997,run_147
cosbounce_cos_0039,17151,174.09207437209452,6.074438307452088,run_147
cosbounce_cos_0005,10812,174.08899286599151,3.3109131519200097,run_147
cosbounce_cos_0071,6818,174.0874381671662,9.433504211358297,run_147
cosbounce_cos_0003,19279,174.0870607321722,9.852898687899117,run_147
cosbounce_cos_0022,14436,174.08551908778472,0.22844498258342857,run_147
cosbounce_cos_0070,5056,174.0803273697632,1.707748526340316,run_147
cosbounce_cos_0008,11865,174.07811231194506,9.444554000875783,run_147
cosbounce_cos_0010,10586,174.07447030118004,19.36889452995122,run_147
cosbounce_cos_0065,18949,174.07430849482213,18.458061360403896,run_147
cosbounce_cos_0035,4542,174.0715220514845,26.19739670914422,run_147
cosbounce_cos_0030,975,174.06920862708122,42.85154700425234,run_147
cosbounce_cos_0047,2453,174.06441439906789,11.963396728990405,run_147
cosbounce_cos_0047,14156,174.06061593590422,15.729473170080094,run_147
cosbounce_cos_0016,7338,174.05863972879834,7.951931071846735,run_147
cosbounce_cos_0069,1422,174.05704961783564,9.588255802151119,run_147
cosbounce_cos_0061,11882,174.05524059903865,3.89293176062425,run_147
cosbounce_cos_0043,14464,174.0528488199525,11.540970551538335,run_147
cosbounce_cos_0003,5237,174.05192728666066,10.601047614923482,run_147
cosbounce_cos_0079,4906,174.04788891681153,13.140553375040323,run_147
cosbounce_cos_0085,16530,174.04133897035476,35.43189002088989,run_147
cosbounce_cos_0029,7822,174.0372418115218,2.4348818707228075,run_147
cosbounce_cos_0060,1376,174.0367519593796,2.508087571922951,run_147
cosbounce_cos_0008,14807,174.03517032495418,9.526252072933836,run_147
cosbounce_cos_0008,12330,174.03145030497367,0.4336002889489566,run_147
cosbounce_cos_0023,22028,174.02326346423433,20.7866543178473,run_147
cosbounce_cos_0005,16105,174.02189969171428,11.100237753709207,run_147
cosbounce_cos_0064,6971,174.02046069324857,10.957785968488002,run_147
cosbounce_cos_0013,10922,174.01182706687686,4.109020261004041,run_147
cosbounce_cos_0038,12116,174.00835914550407,3.5518851981578035,run_147
cosbounce_cos_0064,20445,174.00767411539022,8.675766307638291,run_147
cosbounce_cos_0048,15434,174.00023459252637,7.862779420420075,run_147
cosbounce_cos_0059,15107,173.99498859288556,11.070338192214878,run_147
cosbounce_cos_0003,9973,173.9944725789849,17.945917437733033,run_147
cosbounce_cos_0069,19207,173.99419842997642,20.207695089911727,run_147
cosbounce_cos_0072,14486,173.9913680484415,18.546661770202206,run_147
cosbounce_cos_0008,11208,173.99040748172982,10.716187586189292,run_147
cosbounce_cos_0023,6284,173.9849103478037,388.31129929794196,run_147
cosbounce_cos_0060,595,173.98169487705195,0.602921058979315,run_147
cosbounce_cos_0000,6162,173.981188552637,8.001817146374039,run_147
cosbounce_cos_0022,7174,173.97982344882914,3.7145057466559823,run_147
cosbounce_cos_0026,11505,173.97887831650243,1.5599755266813367,run_147
cosbounce_cos_0079,1574,173.97447415083005,6.8272362008602565,run_147
cosbounce_cos_0028,9332,173.97201885173686,1.2374922996248692,run_147
cosbounce_cos_0062,2556,173.9709269476533,12.952830987017117,run_147
cosbounce_cos_0032,14907,173.9697863787881,3.698720055353289,run_147
cosbounce_cos_0066,3818,173.9685985421291,0.9780304669299531,run_147
cosbounce_cos_0016,20165,173.96511069685755,0.857218627830751,run_147
cosbounce_cos_0076,18856,173.96305689732597,5.738035920145501,run_147
cosbounce_cos_0048,12054,173.95584362095474,15.331765895844805,run_147
cosbounce_cos_0009,3050,173.9548683143921,10.92882944651844,run_147
cosbounce_cos_0036,20,173.94831473196967,14.465626937289292,run_147
cosbounce_cos_0057,2042,173.94347625515786,8.056350068026145,run_147
cosbounce_cos_0017,17090,173.936503613738,8.124829775198918,run_147
cosbounce_cos_0031,8028,173.93398008279635,5.302540240872834,run_147
cosbounce_cos_0077,14635,173.9337778035593,23.92719362100613,run_147
cosbounce_cos_0009,17563,173.93298839994486,11.868354603288143,run_147
cosbounce_cos_0050,114,173.9312949951941,21.924036340538994,run_147
cosbounce_cos_0068,17848,173.93094110863993,4.44564069621198,run_147
cosbounce_cos_0006,18555,173.9306748836704,15.935855418700681,run_147
cosbounce_cos_0019,5452,173.9276305744642,8.296082484392612,run_147
cosbounce_cos_0059,21270,173.9176197194653,10.363929773430765,run_147
cosbounce_cos_0078,8661,173.91608230397387,3.807197272928892,run_147
cosbounce_cos_0057,7560,173.91213700300005,31.922375137639428,run_147
cosbounce_cos_0005,8975,173.909947264562,1.549836196777724,run_147
cosbounce_cos_0006,17514,173.89526439955546,9.810739683092711,run_147
cosbounce_cos_0086,7052,173.8938775473818,0.7653903794278387,run_147
cosbounce_cos_0037,20515,173.8921744706086,1.6661747436695593,run_147
cosbounce_cos_0001,2027,173.88861637745762,8.472561312829013,run_147
cosbounce_cos_0057,12399,173.88802676671537,18.135960635974506,run_147
cosbounce_cos_0000,2573,173.8872249203232,7.17663683833285,run_147
cosbounce_cos_0026,14672,173.88369327383566,22.494891883603035,run_147
cosbounce_cos_0033,17109,173.88341969800712,12.949753957103123,run_147
cosbounce_cos_0017,1026,173.8783142272787,0.7510458143701535,run_147
cosbounce_cos_0029,17470,173.87726150721153,40.04518957180148,run_147
cosbounce_cos_0085,13495,173.8718993038237,7.947856087940185,run_147
cosbounce_cos_0053,19210,173.8716049125827,8.944876076689626,run_147
cosbounce_cos_0035,8425,173.86983982631028,0.13042528642808546,run_147
cosbounce_cos_0063,8491,173.86982281144495,14.47320616301855,run_147
cosbounce_cos_0082,1188,173.86349818453434,7.442051755603459,run_147
cosbounce_cos_0005,13520,173.8634131417811,3.614428847395825,run_147
cosbounce_cos_0043,10140,173.85889693924312,8.840596155820533,run_147
cosbounce_cos_0078,21011,173.85711332130498,6.044306224058004,run_147
cosbounce_cos_0008,10431,173.85543038445937,0.21023990583805638,run_147
cosbounce_cos_0081,11827,173.85519287400732,12.979058910101402,run_147
cosbounce_cos_0023,6882,173.8551696900672,11.365674902548689,run_147
cosbounce_cos_0086,8526,173.85418819549616,100.66801308217339,run_147
cosbounce_cos_0037,15106,173.8486726888107,10.597212195400227,run_147
cosbounce_cos_0018,443,173.84105072850957,25.712590730218604,run_147
cosbounce_cos_0061,14245,173.83634675715658,20.887156282209173,run_147
cosbounce_cos_0014,6882,173.83377577922874,26.303983647431842,run_147
cosbounce_cos_0067,14231,173.82782960594662,37.80537564056196,run_147
cosbounce_cos_0022,17695,173.82508141059017,22.517379413568243,run_147
cosbounce_cos_0013,22171,173.8172157594372,12.55813433829566,run_147
cosbounce_cos_0029,1042,173.81567000591428,12.796137536200474,run_147
cosbounce_cos_0010,21059,173.81448065934902,0.38925582183337143,run_147
cosbounce_cos_0065,14724,173.813988787879,16.09945261128302,run_147
cosbounce_cos_0010,14139,173.8101207525046,15.490503248618992,run_147
cosbounce_cos_0079,3912,173.80976729512864,3.4451861096179344,run_147
cosbounce_cos_0044,3022,173.8084091191715,1.901400689458982,run_147
cosbounce_cos_0002,22145,173.80193441172102,12.513800941901044,run_147
cosbounce_cos_0059,20318,173.7859163629342,12.192266706401254,run_147
cosbounce_cos_0056,7752,173.77908921078287,29.764590129419567,run_147
cosbounce_cos_0005,549,173.77471208053214,6.03401799080917,run_147
cosbounce_cos_0051,15,173.7735130999524,400.71046730825543,run_147
cosbounce_cos_0016,14689,173.76992310472465,10.187908669315332,run_147
cosbounce_cos_0076,20796,173.76984795648622,15.008243285447557,run_147
cosbounce_cos_0020,20943,173.7658863470933,1.301692275779784,run_147
cosbounce_cos_0066,11904,173.76493410648388,10.9880412815508,run_147
cosbounce_cos_0034,8861,173.75300685347136,183.64362080208574,run_147
cosbounce_cos_0007,21611,173.743801645313,7.630522858871159,run_147
cosbounce_cos_0066,13382,173.74365106803762,10.833256789221615,run_147
cosbounce_cos_0051,6822,173.7277737606725,66.8987287094413,run_147
cosbounce_cos_0009,12467,173.71844614165923,18.172926582001168,run_147
cosbounce_cos_0011,6592,173.71673947411148,12.927718106882166,run_147
cosbounce_cos_0068,7511,173.71333402358263,20.755724086142003,run_147
cosbounce_cos_0041,10497,173.70975282101202,3.584474052402211,run_147
cosbounce_cos_0039,15055,173.70941876041056,8.764648106730776,run_147
cosbounce_cos_0028,12819,173.70802665878392,10.227950139718347,run_147
cosbounce_cos_0004,9151,173.70736213689685,14.532218554316154,run_147
cosbounce_cos_0010,14967,173.70416989486924,14.51184674014965,run_147
cosbounce_cos_0035,4361,173.7020675273254,159.89927258611337,run_147
cosbounce_cos_0067,10739,173.70151284738932,78.3077967422539,run_147
cosbounce_cos_0035,10652,173.69912157821094,8.271081615291317,run_147
cosbounce_cos_0026,7596,173.6937880090179,58.87094213965768,run_147
cosbounce_cos_0006,13506,173.69377428411767,9.141262301122818,run_147
cosbounce_cos_0013,1753,173.69274784867525,25.1183500874368,run_147
cosbounce_cos_0006,16249,173.69206798698576,8.721806018137535,run_147
cosbounce_cos_0081,8361,173.67555284419763,13.141955543790226,run_147
cosbounce_cos_0026,746,173.6744920586926,5.313784309615648,run_147
cosbounce_cos_0006,15034,173.6740813519042,15.44968143638402,run_147
cosbounce_cos_0032,14479,173.6700589904891,2.6829208492488714,run_147
cosbounce_cos_0002,21826,173.66776944501635,0.09024677486024268,run_147
cosbounce_cos_0048,7626,173.66150062826478,0.22546144524437456,run_147
cosbounce_cos_0050,5680,173.66134561948206,31.429792997783697,run_147
cosbounce_cos_0002,18644,173.6568414263931,82.13205913329499,run_147
cosbounce_cos_0077,13849,173.65513427613573,41.826032608956176,run_147
cosbounce_cos_0049,7298,173.64988624500162,34.83423524097893,run_147
cosbounce_cos_0024,629,173.64987836443404,4.28910880918454,run_147
cosbounce_cos_0024,15605,173.6439054798985,0.23103546320066834,run_147
cosbounce_cos_0058,19443,173.6386278561919,3.905997413677158,run_147
cosbounce_cos_0014,1388,173.63609145070313,3.58018053117138,run_147
cosbounce_cos_0029,12044,173.63509208013056,9.513480189021342,run_147
cosbounce_cos_0050,2980,173.63453824309488,5.988141583483007,run_147
cosbounce_cos_0011,3229,173.6279692193759,18.515892009077607,run_147
cosbounce_cos_0009,20900,173.62573799859464,19.325724014683107,run_147
cosbounce_cos_0063,13807,173.62493891973645,25.765824189580833,run_147
cosbounce_cos_0050,9029,173.62389470349598,1.1925503232005386,run_147
cosbounce_cos_0058,4219,173.61844698097792,10.138710543047434,run_147
cosbounce_cos_0030,969,173.61685530322063,1.1873091115863725,run_147
cosbounce_cos_0014,4665,173.61488440304714,5.809423506774781,run_147
cosbounce_cos_0048,11554,173.61412039688815,21.49166840303731,run_147
cosbounce_cos_0023,20737,173.6129161097551,6.1383982325161055,run_147
cosbounce_cos_0021,4271,173.61220802574925,5.547428721654971,run_147
cosbounce_cos_0012,17207,173.61183687905563,18.11774237418144,run_147
cosbounce_cos_0006,14711,173.60946437207028,7.849422471041542,run_147
cosbounce_cos_0044,13356,173.60887417462953,42.04904577532654,run_147
cosbounce_cos_0062,19159,173.60195309950862,11.07914272488234,run_147
cosbounce_cos_0035,4469,173.5979263796921,5.269220586881395,run_147
cosbounce_cos_0028,21029,173.59482004835402,33.27901371476751,run_147
cosbounce_cos_0050,20055,173.5906642726612,9.249939259004764,run_147
cosbounce_cos_0027,5598,173.59061245228546,8.205708129975138,run_147
cosbounce_cos_0031,15882,173.58867191533864,3.2544042516525242,run_147
cosbounce_cos_0066,16241,173.5881029728777,9.510357986458265,run_147
cosbounce_cos_0053,19682,173.5867353916222,6.5994930128170095,run_147
cosbounce_cos_0082,18584,173.58515888113837,0.9608885370017342,run_147
cosbounce_cos_0023,7293,173.5802523160592,124.91598225752678,run_147
cosbounce_cos_0022,19295,173.57976539853723,113.66108805958822,run_147
cosbounce_cos_0078,21837,173.5774478106551,3.637208960359991,run_147
cosbounce_cos_0002,1179,173.57572266111674,1.8578583767894594,run_147
cosbounce_cos_0054,16981,173.57414294511787,21.864089974686138,run_147
cosbounce_cos_0034,15678,173.57291400658258,2.895379109575993,run_147
cosbounce_cos_0033,5545,173.56820908888614,6.3295812804290135,run_147
cosbounce_cos_0041,9803,173.56194321734688,3.2072324718225076,run_147
cosbounce_cos_0024,2337,173.5602290754075,4.74991886270868,run_147
cosbounce_cos_0051,15844,173.5601363583533,6.798634559379636,run_147
cosbounce_cos_0076,15416,173.5584154892034,19.395248280612535,run_147
cosbounce_cos_0017,4115,173.55072148115718,8.757324211970653,run_147
cosbounce_cos_0039,19551,173.54862992992358,12.954531768284115,run_147
cosbounce_cos_0077,1514,173.54635761884808,204.68148773928266,run_147
cosbounce_cos_0020,8511,173.54562169271983,2.189237779477536,run_147
cosbounce_cos_0038,22377,173.54204794093826,101.65899408808751,run_147
cosbounce_cos_0069,14403,173.53743129826864,10.173526295536616,run_147
cosbounce_cos_0068,22287,173.51817847058803,118.07882264366864,run_147
cosbounce_cos_0044,8145,173.51307264868646,19.213105395525652,run_147
cosbounce_cos_0001,4384,173.5049975958966,4.5182149122667905,run_147
cosbounce_cos_0021,3754,173.50308764918378,59.494326897585715,run_147
cosbounce_cos_0017,14099,173.5027261791829,5.558194633069411,run_147
cosbounce_cos_0073,12777,173.50037861771403,18.18636570790472,run_147
cosbounce_cos_0042,5709,173.49916765213874,8.467118147949515,run_147
cosbounce_cos_0016,13009,173.48932682038517,0.9749483800530135,run_147
cosbounce_cos_0000,18420,173.48051531993664,8.5352144515019,run_147
cosbounce_cos_0064,1657,173.4783856145484,9.56579480788757,run_147
cosbounce_cos_0003,22205,173.47498062291476,4.244500192100606,run_147
cosbounce_cos_0008,268,173.47299429962465,12.556812980388026,run_147
cosbounce_cos_0034,11606,173.46113783862305,17.63386176140834,run_147
cosbounce_cos_0069,13081,173.4607927360554,9.967863566189001,run_147
cosbounce_cos_0038,11444,173.45402826769677,3.610565122095662,run_147
cosbounce_cos_0008,4127,173.4524378463546,8.20380000082246,run_147
cosbounce_cos_0003,10577,173.4514812462488,113.26722991669166,run_147
cosbounce_cos_0041,3477,173.45094940714307,13.666822073373368,run_147
cosbounce_cos_0009,2597,173.45091026620895,7.530427095600278,run_147
cosbounce_cos_0078,816,173.44794565116447,23.167426541453484,run_147
cosbounce_cos_0034,20610,173.44521286596236,22.865786796425084,run_147
cosbounce_cos_0021,10973,173.4433075353958,9.419660867505959,run_147
cosbounce_cos_0022,6582,173.4421073380231,4.446997400100675,run_147
cosbounce_cos_0024,16464,173.43918737919162,5.049895783184778,run_147
cosbounce_cos_0018,18772,173.43792714347734,5.075643965401552,run_147
cosbounce_cos_0004,16427,173.4355974291909,1.0093025438363676,run_147
cosbounce_cos_0055,852,173.42732488515452,3.0677853037073537,run_147
cosbounce_cos_0011,4577,173.42647519954704,9.384228159941854,run_147
cosbounce_cos_0011,11186,173.4262320580792,4.998806852691901,run_147
cosbounce_cos_0068,12005,173.42468248869915,2.587526926426939,run_147
cosbounce_cos_0014,20529,173.41167733419354,129.47589252499458,run_147
cosbounce_cos_0028,16618,173.40907394362966,28.75302620719145,run_147
cosbounce_cos_0004,14949,173.40727934204597,3.0901827915563858,run_147
cosbounce_cos_0036,16678,173.40673044623193,13.164137931775537,run_147
cosbounce_cos_0053,8030,173.40645307480668,2.1273206301123833,run_147
cosbounce_cos_0059,17041,173.4062836704333,19.425655191384045,run_147
cosbounce_cos_0013,14884,173.40519377025254,4.182218081705628,run_147
cosbounce_cos_0054,7453,173.40370727609815,14.032576970415676,run_147
cosbounce_cos_0011,12548,173.40336454361068,18.27864325026055,run_147
cosbounce_cos_0037,2977,173.40228592112817,50.14719199555899,run_147
cosbounce_cos_0071,16554,173.39827304901985,17.67764263452481,run_147
cosbounce_cos_0029,6972,173.3833404893067,9.499466139335007,run_147
cosbounce_cos_0058,12839,173.3573438923568,20.754258405912193,run_147
cosbounce_cos_0009,9633,173.35687620565258,5.308938361838014,run_147
cosbounce_cos_0038,13890,173.3549181428737,13.86475753813916,run_147
cosbounce_cos_0005,20115,173.35467253744645,23.067149457353388,run_147
cosbounce_cos_0084,6597,173.35439978657863,14.178204467555972,run_147
cosbounce_cos_0021,6055,173.34816949436475,25.91815292142411,run_147
cosbounce_cos_0002,15852,173.34417420247505,13.99439721959909,run_147
cosbounce_cos_0018,3278,173.34022981652515,6.574125000264376,run_147
cosbounce_cos_0011,7629,173.3396308375195,56.966346348845924,run_147
cosbounce_cos_0070,10724,173.3386396748604,20.435100449568818,run_147
cosbounce_cos_0086,1116,173.33168886818342,13.999223353733058,run_147
cosbounce_cos_0013,18168,173.32640752593778,0.8616548717728183,run_147
cosbounce_cos_0069,4006,173.31819067440082,16.53773169394661,run_147
cosbounce_cos_0023,470,173.31385478597096,182.5227443406523,run_147
cosbounce_cos_0042,9428,173.31238762524197,53.05360395609974,run_147
cosbounce_cos_0039,21007,173.30225927591115,22.697612825238423,run_147
cosbounce_cos_0055,18042,173.2919279551754,14.110891142511301,run_147
cosbounce_cos_0031,15539,173.28909680976824,34.76862797139031,run_147
cosbounce_cos_0065,10910,173.28449181862584,32.247230982092795,run_147
cosbounce_cos_0050,4979,173.28024562651322,143.57484565535756,run_147
cosbounce_cos_0083,6797,173.27761964021013,17.905132445618722,run_147
cosbounce_cos_0077,17165,173.27478027730183,7.84146871040933,run_147
cosbounce_cos_0078,17157,173.27258609781302,11.880661074842433,run_147
cosbounce_cos_0043,11387,173.26833628112848,32.89164228188798,run_147
cosbounce_cos_0030,9829,173.2555804402772,19.11380564730096,run_147
cosbounce_cos_0003,21176,173.25144933013888,16.60839036597777,run_147
cosbounce_cos_0012,2794,173.24398000009938,15.021823326431553,run_147
cosbounce_cos_0062,19150,173.23503979710733,26.699313491984125,run_147
cosbounce_cos_0071,1066,173.2272890469539,20.583570112452996,run_147
cosbounce_cos_0045,273,173.22693994931015,12.526642830034252,run_147
cosbounce_cos_0035,629,173.22439063747538,7.141843961204234,run_147
cosbounce_cos_0039,12217,173.21904536106223,33.24420408828777,run_147
cosbounce_cos_0033,4313,173.2160057571425,4.938804364459856,run_147
cosbounce_cos_0036,9958,173.21214755732808,29.717983494566738,run_147
cosbounce_cos_0028,7501,173.2094673771093,2.188369387902344,run_147
cosbounce_cos_0006,7386,173.2087070515541,55.50526835336692,run_147
cosbounce_cos_0020,17177,173.20810024818113,10.42815311758283,run_147
cosbounce_cos_0066,7708,173.20525153471425,19.352429184520012,run_147
cosbounce_cos_0030,17086,173.2037228119104,17.96016438235368,run_147
cosbounce_cos_0035,9984,173.20102222118294,35.58303084112803,run_147
cosbounce_cos_0025,3582,173.1873685708818,414.1075514810673,run_147
cosbounce_cos_0011,13599,173.1850701003874,14.350221305843537,run_147
cosbounce_cos_0013,13448,173.1790491414793,2.630532902501021,run_147
cosbounce_cos_0041,21596,173.17898293035475,13.541663122632162,run_147
cosbounce_cos_0072,16463,173.1789509898468,21.859313604917993,run_147
cosbounce_cos_0028,10502,173.17822805809098,89.84418225457111,run_147
cosbounce_cos_0016,178,173.16869564320425,8.913424880578923,run_147
cosbounce_cos_0055,6081,173.16076830912965,15.437124857305008,run_147
cosbounce_cos_0061,4201,173.15811952139288,8.309883628336037,run_147
cosbounce_cos_0073,6434,173.14697080495688,2.8125000207573887,run_147
cosbounce_cos_0081,8963,173.14572187962438,5.540875072255797,run_147
cosbounce_cos_0030,21307,173.14048161128247,16.169115666837484,run_147
cosbounce_cos_0043,13949,173.13945506703746,0.5739611599107399,run_147
cosbounce_cos_0019,18854,173.1384023626301,0.30305626421056847,run_147
cosbounce_cos_0020,21652,173.1382373706707,9.648998072435742,run_147
cosbounce_cos_0075,13899,173.11631898760305,11.081163285188673,run_147
cosbounce_cos_0012,3516,173.11606534363057,11.300077428829974,run_147
cosbounce_cos_0032,10617,173.11210852627002,1.6379408792919674,run_147
cosbounce_cos_0048,13155,173.11209670940602,6.675060127910615,run_147
cosbounce_cos_0059,5309,173.11062291187744,13.438891217569946,run_147
cosbounce_cos_0025,5450,173.0989767177307,3.9409146900385883,run_147
cosbounce_cos_0053,21443,173.09879132769066,0.32856946588233243,run_147
cosbounce_cos_0045,12519,173.09126355692038,10.719563436264018,run_147
cosbounce_cos_0010,6393,173.09042221308658,7.13970175513102,run_147
cosbounce_cos_0023,6215,173.08576467939284,15.235149172900567,run_147
cosbounce_cos_0059,16252,173.08457407799318,20.658522488622342,run_147
cosbounce_cos_0066,20085,173.08321199014688,16.27530749460981,run_147
cosbounce_cos_0053,4406,173.0775092398671,19.449605685918662,run_147
cosbounce_cos_0020,9099,173.07740526679456,23.563963590357375,run_147
cosbounce_cos_0019,2677,173.07140613042725,0.7883671971260984,run_147
cosbounce_cos_0023,6639,173.06697928830894,6.5700044128504835,run_147
cosbounce_cos_0031,15786,173.06341941770165,18.712382303751188,run_147
cosbounce_cos_0077,19879,173.06150648474858,13.546019674855462,run_147
cosbounce_cos_0021,19344,173.05979910464268,45.73387907254725,run_147
cosbounce_cos_0045,9801,173.05700717630225,5.281633740168597,run_147
cosbounce_cos_0049,1879,173.05667546289345,12.76470257208293,run_147
cosbounce_cos_0075,18300,173.054570442722,9.558557790533627,run_147
cosbounce_cos_0081,4153,173.04789525058138,241.24805467909903,run_147
cosbounce_cos_0077,2872,173.04381556051175,10.873918764858189,run_147
cosbounce_cos_0085,13001,173.02637933022586,77.04955824312411,run_147
cosbounce_cos_0000,14141,173.02174931124776,16.67565745578509,run_147
cosbounce_cos_0066,1862,173.01880454103292,12.685088946149069,run_147
cosbounce_cos_0080,6563,173.00960941790012,233.40285742624616,run_147
cosbounce_cos_0030,12538,173.00739382309746,55.215525951814556,run_147
cosbounce_cos_0069,5152,172.99766693045402,47.64872259961392,run_147
cosbounce_cos_0010,1007,172.99718341724846,10.446071461923399,run_147
cosbounce_cos_0024,17275,172.9933967444663,20.81069360331837,run_147
cosbounce_cos_0028,22291,172.98918604889872,11.809273164414027,run_147
cosbounce_cos_0049,18260,172.98853255676747,1.711811208652432,run_147
cosbounce_cos_0064,12719,172.98793764843083,31.471400795971082,run_147
cosbounce_cos_0061,19904,172.9827051448207,55.057120295544244,run_147
cosbounce_cos_0084,11394,172.97864671588098,15.506437374827886,run_147
cosbounce_cos_0075,15449,172.975995162304,10.854648946592626,run_147
cosbounce_cos_0075,11691,172.9708440843533,177.6912754647139,run_147
cosbounce_cos_0047,139,172.9660819795873,5.394424944232164,run_147
cosbounce_cos_0064,8431,172.96497785578734,33.647902257531044,run_147
cosbounce_cos_0082,13052,172.96326163131639,12.421565620219011,run_147
cosbounce_cos_0041,16965,172.95978271731354,7.866146406634601,run_147
cosbounce_cos_0010,15470,172.95757723982024,0.7798775224538725,run_147
cosbounce_cos_0031,905,172.938662124369,17.94356288636359,run_147
cosbounce_cos_0030,13885,172.93562233182604,66.30769907482811,run_147
cosbounce_cos_0012,13893,172.91655241497824,50.24955074711672,run_147
cosbounce_cos_0079,21739,172.91654315789876,10.028132744064914,run_147
cosbounce_cos_0074,1516,172.9074021808351,5.870667656701232,run_147
cosbounce_cos_0009,7408,172.8981340455325,2.008511166854764,run_147
cosbounce_cos_0018,5544,172.89759885659848,45.23977496290036,run_147
cosbounce_cos_0019,7954,172.89531433396255,0.7714659472655861,run_147
cosbounce_cos_0057,21405,172.89324628183707,8.989023696397982,run_147
cosbounce_cos_0047,4107,172.8898678762081,11.959816450794472,run_147
cosbounce_cos_0070,9604,172.8882985445915,20.785483346778967,run_147
cosbounce_cos_0038,3945,172.88750665233536,17.97836498610637,run_147
cosbounce_cos_0030,6863,172.88582574038256,10.800883987093407,run_147
cosbounce_cos_0044,16284,172.88358289810682,0.7200637561044926,run_147
cosbounce_cos_0054,13873,172.88098716388808,17.87648178812962,run_147
cosbounce_cos_0028,5401,172.87183430850703,22.766568894819248,run_147
cosbounce_cos_0067,7695,172.8704349458271,158.26717337445913,run_147
cosbounce_cos_0044,7882,172.8655430903749,1.8350251139674862,run_147
cosbounce_cos_0073,18272,172.86426552712206,144.0210399692582,run_147
cosbounce_cos_0047,18023,172.86015331596812,80.23744363712824,run_147
cosbounce_cos_0044,8770,172.8488941696509,22.6181126754472,run_147
cosbounce_cos_0035,11004,172.8458314832665,23.80464892420747,run_147
cosbounce_cos_0001,11592,172.84556913004926,15.864297757936084,run_147
cosbounce_cos_0018,13089,172.84498182194352,5.917061308055402,run_147
cosbounce_cos_0075,5840,172.84153098289727,2.6116501538789003,run_147
cosbounce_cos_0006,8048,172.83418243540186,6.328250993005066,run_147
cosbounce_cos_0060,2537,172.83241555624775,19.57832375381153,run_147
cosbounce_cos_0009,18599,172.82945107098644,5.256027466494778,run_147
cosbounce_cos_0074,14317,172.82823159701965,2.124156279815191,run_147
cosbounce_cos_0014,13015,172.82681969756337,7.570507272624353,run_147
cosbounce_cos_0045,22104,172.82059784853791,6.848536592278499,run_147
cosbounce_cos_0048,11867,172.81932828036378,3.7252340841624823,run_147
cosbounce_cos_0083,819,172.81300496872518,5.863740639737218,run_147
cosbounce_cos_0081,18678,172.80481288199303,1.814982852333746,run_147
cosbounce_cos_0000,17419,172.80471305594378,20.941428442890423,run_147
cosbounce_cos_0049,16089,172.80443944808263,7.882315536786917,run_147
cosbounce_cos_0008,9433,172.798397157934,0.6472422051611859,run_147
cosbounce_cos_0041,11652,172.79023704949606,1.4685490976821816,run_147
cosbounce_cos_0008,3282,172.77796861536106,6.6381947748800885,run_147
cosbounce_cos_0056,15786,172.7759130331673,7.4568619895688695,run_147
cosbounce_cos_0044,6859,172.7748828428747,11.801898052866884,run_147
cosbounce_cos_0070,8582,172.76914858367417,89.37804360144578,run_147
cosbounce_cos_0066,12964,172.76471489406015,128.8507922888838,run_147
cosbounce_cos_0035,2551,172.75559244905247,10.68889959874028,run_147
cosbounce_cos_0086,7659,172.7546852860068,10.35439529099507,run_147
cosbounce_cos_0011,1203,172.75147897774505,5.795296912307517,run_147
cosbounce_cos_0024,7589,172.74712543600197,56.35312527876532,run_147
cosbounce_cos_0000,3858,172.7383858440337,59.77307152020582,run_147
cosbounce_cos_0022,20793,172.7264272648795,76.72146531715944,run_147
cosbounce_cos_0068,6493,172.72523763913435,5.76877315384175,run_147
cosbounce_cos_0052,16189,172.71954727645408,94.60902861019505,run_147
cosbounce_cos_0085,20707,172.7187647958522,31.348638168925127,run_147
cosbounce_cos_0028,3454,172.71646087930552,43.71772566926292,run_147
cosbounce_cos_0046,6844,172.71563449726713,20.932555655863084,run_147
cosbounce_cos_0085,15450,172.71525368788807,20.80363942001926,run_147
cosbounce_cos_0000,18463,172.70744206259778,116.61255828027528,run_147
cosbounce_cos_0069,11588,172.70186147489645,3.9376621464719634,run_147
cosbounce_cos_0000,14862,172.6965512055424,10.498406463507251,run_147
cosbounce_cos_0079,2792,172.6943683298257,4.325138971006499,run_147
cosbounce_cos_0006,4518,172.6899880921361,18.085439644328346,run_147
cosbounce_cos_0075,14088,172.6847795671663,7.94209966651339,run_147
cosbounce_cos_0070,12667,172.6837414826816,18.081456650372136,run_147
cosbounce_cos_0075,13784,172.68363589991088,6.800577224359343,run_147
cosbounce_cos_0004,5276,172.6788000372987,3.6156395175459277,run_147
cosbounce_cos_0021,17260,172.67269928277068,2.500225593512782,run_147
cosbounce_cos_0052,13341,172.67188027473765,3.0162079968479816,run_147
cosbounce_cos_0007,6020,172.6678762455932,11.012720386256731,run_147
cosbounce_cos_0075,21677,172.66293409849004,13.550367388910322,run_147
cosbounce_cos_0000,7591,172.66241055311656,4.707315501703389,run_147
cosbounce_cos_0014,11727,172.64487305719436,15.050874043620414,run_147
cosbounce_cos_0060,1915,172.63965584004916,0.9265681707891387,run_147
cosbounce_cos_0010,19827,172.63855809729603,13.112510518187609,run_147
cosbounce_cos_0003,6318,172.63190173946242,8.941521250665607,run_147
cosbounce_cos_0058,10592,172.6301843879511,2.4425521646389745,run_147
cosbounce_cos_0010,18707,172.6278058734577,3.7367462529554065,run_147
cosbounce_cos_0047,19854,172.6262708942584,33.03619988890984,run_147
cosbounce_cos_0046,16064,172.61457394570832,363.87543824513887,run_147
cosbounce_cos_0048,21317,172.60464323610674,22.808089532615764,run_147
cosbounce_cos_0036,5186,172.5984694119573,15.04719893487604,run_147
cosbounce_cos_0060,899,172.58858831380934,3.7520425489182263,run_147
cosbounce_cos_0028,20054,172.58646389423902,24.98799316817609,run_147
cosbounce_cos_0031,20680,172.58539614235247,40.32637234962046,run_147
cosbounce_cos_0080,13260,172.5639086014447,11.795181430611011,run_147
cosbounce_cos_0059,6773,172.5406257833298,97.52054103968487,run_147
cosbounce_cos_0042,13427,172.53831103173152,1.1949651726241208,run_147
cosbounce_cos_0074,13255,172.5285600934714,58.54342013311172,run_147
cosbounce_cos_0039,10419,172.52727504146802,14.424995120158632,run_147
cosbounce_cos_0030,4747,172.52331875114166,22.49311750235955,run_147
cosbounce_cos_0067,19303,172.52249946063077,45.81155861554424,run_147
cosbounce_cos_0034,4296,172.52152765626474,9.98276373117407,run_147
cosbounce_cos_0083,14401,172.52076528457528,29.791941617946115,run_147
cosbounce_cos_0020,14309,172.51710706092803,4.259329087219077,run_147
cosbounce_cos_0012,1593,172.51692862154255,6.751221815576313,run_147
cosbounce_cos_0054,11591,172.51301570637466,2.9558318621553297,run_147
cosbounce_cos_0065,17712,172.5061700650408,4.466042412400731,run_147
cosbounce_cos_0064,305,172.50546618586108,5.121227932914969,run_147
cosbounce_cos_0085,11797,172.50531520025072,39.22906557975182,run_147
cosbounce_cos_0083,16699,172.49911926804762,5.743844254245807,run_147
cosbounce_cos_0066,13593,172.49869791073337,60.593802719680156,run_147
cosbounce_cos_0075,11435,172.4946149009031,0.2813898478563503,run_147
cosbounce_cos_0007,8672,172.49439063578004,87.54991741289115,run_147
cosbounce_cos_0074,7196,172.4929028417335,126.13312439932996,run_147
cosbounce_cos_0022,20102,172.4878866774287,0.8400452843102232,run_147
cosbounce_cos_0051,19111,172.48785380184205,26.709783762852677,run_147
cosbounce_cos_0003,15738,172.4863433471457,3.8292596377026684,run_147
cosbounce_cos_0041,9967,172.4823545890023,4.095110668772718,run_147
cosbounce_cos_0033,19076,172.4795502056808,26.001498019762128,run_147
cosbounce_cos_0065,16435,172.47690062964074,124.97236320839868,run_147
cosbounce_cos_0082,15521,172.47568211573602,15.794174656092045,run_147
cosbounce_cos_0011,12084,172.47161657500357,11.646982976130106,run_147
cosbounce_cos_0068,12424,172.46504033759481,20.72024878524317,run_147
cosbounce_cos_0018,1477,172.46431239969985,148.46808756101473,run_147
cosbounce_cos_0060,21300,172.46198717440174,11.710631774032105,run_147
cosbounce_cos_0000,11851,172.4533586817234,3.542302503742405,run_147
cosbounce_cos_0013,8511,172.45205953713332,183.9045018714092,run_147
cosbounce_cos_0037,19460,172.44356088716972,30.654132998244688,run_147
cosbounce_cos_0025,7260,172.43179004972646,76.52745575691381,run_147
cosbounce_cos_0007,20463,172.4315127923583,2.9072725817305134,run_147
cosbounce_cos_0005,18860,172.43029799703763,7.598244883923215,run_147
cosbounce_cos_0024,13044,172.41588439100832,4.50751964766339,run_147
cosbounce_cos_0067,6803,172.41085181587633,18.031577442682696,run_147
cosbounce_cos_0028,5364,172.40060712287547,25.3116594025461,run_147
cosbounce_cos_0017,16057,172.39925447649432,8.965699720060261,run_147
cosbounce_cos_0004,18394,172.3984043418904,15.75297457149086,run_147
cosbounce_cos_0050,10846,172.3912049282341,11.073842178219122,run_147
cosbounce_cos_0001,2664,172.39094458625976,15.797990639733724,run_147
cosbounce_cos_0041,12991,172.38932626773774,33.316209137136525,run_147
cosbounce_cos_0059,19674,172.38732952542358,20.77950925434003,run_147
cosbounce_cos_0052,15024,172.37988030742056,16.025741022615055,run_147
cosbounce_cos_0082,12547,172.37054843324924,6.09967881800254,run_147
cosbounce_cos_0032,20691,172.3692020514492,7.991967447551422,run_147
cosbounce_cos_0067,9789,172.3672239060476,6.556893853582549,run_147
cosbounce_cos_0018,6587,172.3595629402294,3.606978503620783,run_147
cosbounce_cos_0030,18700,172.3587744712886,13.555838208112279,run_147
cosbounce_cos_0034,17341,172.35318695744536,0.0920546718417723,run_147
cosbounce_cos_0018,11503,172.34680998241998,2.0889761747566022,run_147
cosbounce_cos_0054,535,172.3459089711426,77.53036074116332,run_147
cosbounce_cos_0026,9647,172.31855546095588,17.994371656342814,run_147
cosbounce_cos_0084,1883,172.31163052618857,222.69040715944394,run_147
cosbounce_cos_0044,1362,172.30654037602076,6.931505941899802,run_147
cosbounce_cos_0003,11138,172.2933057034595,3.383480996727473,run_147
cosbounce_cos_0021,18962,172.28948237698364,4.613530638038617,run_147
cosbounce_cos_0027,4446,172.28867001941163,5.169551460370055,run_147
cosbounce_cos_0049,14669,172.28819327913996,24.173276556371583,run_147
cosbounce_cos_0057,16243,172.2862415859958,57.516176944100394,run_147
cosbounce_cos_0066,855,172.28187256959987,89.38993627050482,run_147
cosbounce_cos_0059,8007,172.2738891313613,16.480350745260946,run_147
cosbounce_cos_0050,17870,172.273822126012,42.96608116014275,run_147
cosbounce_cos_0004,19894,172.27170611650376,12.179093068609776,run_147
cosbounce_cos_0072,11134,172.25639659619034,8.789684108752365,run_147
cosbounce_cos_0084,496,172.25248527362018,39.08475492411462,run_147
cosbounce_cos_0023,15750,172.23128467397763,2.80467405022158,run_147
cosbounce_cos_0026,17729,172.225776202141,2.6722830883471804,run_147
cosbounce_cos_0011,20536,172.22275407771122,14.619386205814456,run_147
cosbounce_cos_0069,3542,172.20908809461756,40.3700176381932,run_147
cosbounce_cos_0031,10140,172.20748194315536,9.501048382217881,run_147
cosbounce_cos_0076,2936,172.20502645568385,16.196271159738636,run_147
cosbounce_cos_0038,4116,172.19668573581356,9.736540786518702,run_147
cosbounce_cos_0055,13032,172.19313256903976,28.323930232338657,run_147
cosbounce_cos_0000,14365,172.18737748472262,10.247115334253527,run_147
cosbounce_cos_0011,11678,172.18000640107712,6.999284320210043,run_147
cosbounce_cos_0033,320,172.1774668456629,35.52420857469771,run_147
cosbounce_cos_0061,17431,172.16751445506125,135.79722778242729,run_147
cosbounce_cos_0032,4845,172.16612223586466,233.9716321696377,run_147
cosbounce_cos_0077,8279,172.16444850268658,230.07347578167364,run_147
cosbounce_cos_0046,14689,172.1625247474308,24.49532310441009,run_147
cosbounce_cos_0043,12772,172.1556549025135,5.596943081722437,run_147
cosbounce_cos_0085,7480,172.1502812768371,14.72875492935979,run_147
cosbounce_cos_0021,20978,172.14040298417532,17.053798904251888,run_147
cosbounce_cos_0032,10473,172.13838022453456,73.3292738267013,run_147
cosbounce_cos_0075,12619,172.1313175556101,0.7118521770221664,run_147
cosbounce_cos_0037,21863,172.12992052060676,14.25901690131376,run_147
cosbounce_cos_0042,16430,172.12597323466167,1.5769696430132238,run_147
cosbounce_cos_0059,2470,172.11307127406582,23.828785044355175,run_147
cosbounce_cos_0046,20643,172.10828002853867,29.39599206563644,run_147
cosbounce_cos_0074,19268,172.10658974191378,0.07668570187190174,run_147
cosbounce_cos_0021,20988,172.10568508403355,12.146898175952634,run_147
cosbounce_cos_0030,14151,172.1000877389371,0.036860059463003,run_147
cosbounce_cos_0076,6132,172.09049264018395,31.912513480210944,run_147
cosbounce_cos_0056,2392,172.08823842074335,3.054417643836711,run_147
cosbounce_cos_0045,19258,172.0741625226288,95.4228427026912,run_147
cosbounce_cos_0036,6522,172.06084475989664,4.355051401478865,run_147
cosbounce_cos_0010,1917,172.05935261305916,15.12642734610243,run_147
cosbounce_cos_0036,15184,172.05553751415985,2.2274025492939833,run_147
cosbounce_cos_0079,4950,172.0516090281053,34.092384476328675,run_147
cosbounce_cos_0043,17071,172.0497853142981,5.185322262067569,run_147
cosbounce_cos_0059,20357,172.04471668970976,3.2653542220424248,run_147
cosbounce_cos_0082,15157,172.04158228642245,4.727348756815253,run_147
cosbounce_cos_0058,7704,172.0406288209916,10.115128658546132,run_147
cosbounce_cos_0080,7037,172.04029561669563,154.70991322115785,run_147
cosbounce_cos_0058,13999,172.03201737378257,61.49816316927421,run_147
cosbounce_cos_0068,399,172.02694152879866,0.6804556890576224,run_147
cosbounce_cos_0017,14419,172.02398919819248,11.373773730097476,run_147
cosbounce_cos_0051,6549,172.02317468475093,7.670746012451361,run_147
cosbounce_cos_0078,17500,172.02255787784614,12.760112054585047,run_147
cosbounce_cos_0014,4322,172.01637318221967,39.33113087890692,run_147
cosbounce_cos_0052,18865,172.000088864302,42.18776452141793,run_147
cosbounce_cos_0038,21375,171.99820370971204,71.79686071348807,run_147
cosbounce_cos_0016,18512,171.98833593227891,11.691323080308882,run_147
cosbounce_cos_0013,15970,171.98209528483306,6.4358491644762506,run_147
cosbounce_cos_0028,18246,171.96527818512268,16.183807929333554,run_147
cosbounce_cos_0072,5139,171.96416449106886,16.261393946162784,run_147
cosbounce_cos_0021,3233,171.9555757628648,175.70678344701005,run_147
cosbounce_cos_0044,1302,171.954854932286,13.720289088298882,run_147
cosbounce_cos_0006,1569,171.95469238313953,13.077573495400648,run_147
cosbounce_cos_0056,16193,171.94973100355713,7.321419636502331,run_147
cosbounce_cos_0049,967,171.94932301748653,16.147398896981457,run_147
cosbounce_cos_0053,17919,171.94814332118912,8.44888399181372,run_147
cosbounce_cos_0049,19449,171.93544878966384,14.981966840620942,run_147
cosbounce_cos_0036,17575,171.93432064278167,3.023263817422714,run_147
cosbounce_cos_0057,5303,171.93391973062015,5.817793787717922,run_147
cosbounce_cos_0026,11680,171.93192695084116,4.743281821488494,run_147
cosbounce_cos_0057,10563,171.92848180186374,14.865676658671427,run_147
cosbounce_cos_0036,3988,171.9244551055356,14.42343121466217,run_147
cosbounce_cos_0005,16617,171.91704383374127,0.3722642716164516,run_147
cosbounce_cos_0027,19160,171.91267487798973,0.824489863113913,run_147
cosbounce_cos_0001,8594,171.91018865016213,4.675078106432381,run_147
cosbounce_cos_0028,10903,171.90340177431207,11.80927968447228,run_147
cosbounce_cos_0008,16521,171.90257979033106,8.731183234878063,run_147
cosbounce_cos_0030,8295,171.89776907079752,0.3759591609901934,run_147
cosbounce_cos_0084,13855,171.8964209168792,17.245870893716756,run_147
cosbounce_cos_0073,21130,171.89568235872363,17.82152799027296,run_147
cosbounce_cos_0058,1227,171.88885049566517,15.119562587774935,run_147
cosbounce_cos_0057,16174,171.88455182756425,6.768258832140349,run_147
cosbounce_cos_0057,19737,171.88403995008937,5.113555225035749,run_147
cosbounce_cos_0055,5010,171.8778806538768,11.753350582906185,run_147
cosbounce_cos_0043,296,171.86420299072125,17.241716416068165,run_147
cosbounce_cos_0069,422,171.8602660189502,165.5250639379682,run_147
cosbounce_cos_0015,17012,171.84168929820865,11.930762884370095,run_147
cosbounce_cos_0003,20085,171.83868772341916,197.1775324079094,run_147
cosbounce_cos_0015,20211,171.82794584143844,78.58779844026847,run_147
cosbounce_cos_0079,13942,171.8278939976506,10.52100355263471,run_147
cosbounce_cos_0057,18317,171.82701376732547,3.3049957934471323,run_147
cosbounce_cos_0041,18291,171.80606743746281,51.77205310206652,run_147
cosbounce_cos_0002,11117,171.79498452004407,3.4955460321664384,run_147
cosbounce_cos_0016,18922,171.79131236577,10.835538748364245,run_147
cosbounce_cos_0060,20708,171.78334274700168,169.4317282414945,run_147
cosbounce_cos_0050,15335,171.77801250813215,23.039218600706644,run_147
cosbounce_cos_0039,14097,171.7746363382985,21.233048405669308,run_147
cosbounce_cos_0003,11221,171.76757814336696,15.883108285004402,run_147
cosbounce_cos_0009,10531,171.7672671222312,6.698789152731311,run_147
cosbounce_cos_0032,20039,171.76640510068552,29.558087844674542,run_147
cosbounce_cos_0032,15544,171.74922018674764,16.049485053909365,run_147
cosbounce_cos_0005,4166,171.73548912463363,229.48296138256214,run_147
cosbounce_cos_0039,11699,171.73235554381517,1.5115580339257861,run_147
cosbounce_cos_0052,14138,171.73138998813022,121.86022768905562,run_147
cosbounce_cos_0006,19083,171.72819500673575,11.13958782164186,run_147
cosbounce_cos_0057,4605,171.72773885651253,16.081903035407002,run_147
cosbounce_cos_0036,19619,171.71771581608465,21.488411898955853,run_147
cosbounce_cos_0072,18690,171.71552154942287,6.458067722793211,run_147
cosbounce_cos_0063,12411,171.71345938358857,266.49482746519857,run_147
cosbounce_cos_0037,15864,171.71131381542105,10.724311642487374,run_147
cosbounce_cos_0084,3279,171.70292402322346,11.796280201762658,run_147
cosbounce_cos_0081,8943,171.6788941828297,27.61219992511431,run_147
cosbounce_cos_0008,12343,171.67630161458283,13.561168721222755,run_147
cosbounce_cos_0054,21721,171.66703979640448,6.422579719339196,run_147
cosbounce_cos_0026,1288,171.66608123088528,3.3612256307071693,run_147
cosbounce_cos_0046,9944,171.65873741474863,41.96774322813805,run_147
cosbounce_cos_0078,16973,171.6548751596445,4.810556427868878,run_147
cosbounce_cos_0012,237,171.64671756618068,16.64008899141775,run_147
cosbounce_cos_0045,511,171.64332644516855,8.325027733092442,run_147
cosbounce_cos_0075,18943,171.63747580772167,27.611650324000212,run_147
cosbounce_cos_0013,13743,171.63271824407468,6.307128264678459,run_147
cosbounce_cos_0042,19320,171.63164020909886,1.5258816240425037,run_147
cosbounce_cos_0072,19575,171.61463726978897,2.111721628034227,run_147
cosbounce_cos_0052,1986,171.61383505144101,17.188622050661184,run_147
cosbounce_cos_0078,8062,171.6077482060079,18.60248122912531,run_147
cosbounce_cos_0026,2967,171.60197134281103,55.29928570407742,run_147
cosbounce_cos_0044,12365,171.6002193719196,17.641799805770162,run_147
cosbounce_cos_0007,4290,171.59440140199274,145.76918269346976,run_147
cosbounce_cos_0027,20626,171.59042036665028,113.97874933790419,run_147
cosbounce_cos_0015,10047,171.58396028114777,10.776503975615775,run_147
cosbounce_cos_0054,7120,171.58267969043726,96.17255513342373,run_147
cosbounce_cos_0005,10233,171.5814676664131,12.134368284563287,run_147
cosbounce_cos_0046,11880,171.57168355138444,16.71696037392809,run_147
cosbounce_cos_0037,5437,171.55816464778513,8.5501702552905,run_147
cosbounce_cos_0060,16668,171.55100752412915,1.8357589351170962,run_147
cosbounce_cos_0018,845,171.54887902697266,18.921428742645542,run_147
cosbounce_cos_0016,15465,171.53579004808506,35.88893398826717,run_147
cosbounce_cos_0001,1869,171.51114114890288,13.122425307344345,run_147
cosbounce_cos_0007,13044,171.49733063735906,20.343625443674377,run_147
cosbounce_cos_0033,10018,171.49081965429318,1.044716664326027,run_147
cosbounce_cos_0027,22407,171.4900785160075,31.11694815596982,run_147
cosbounce_cos_0039,9652,171.48178970451997,13.743536631627064,run_147
cosbounce_cos_0044,7662,171.4769293613662,12.730475018516136,run_147
cosbounce_cos_0019,16473,171.47470274176737,13.54914983150567,run_147
cosbounce_cos_0083,9724,171.4728785792635,4.015832924128471,run_147
cosbounce_cos_0010,1265,171.47196259308916,9.092514643030693,run_147
cosbounce_cos_0033,15263,171.47059619962374,12.697560450327734,run_147
cosbounce_cos_0013,9613,171.47033152756572,85.62841670317826,run_147
cosbounce_cos_0033,20214,171.46598800813257,10.063889231339408,run_147
cosbounce_cos_0041,13937,171.4589362179785,3.5677337992171134,run_147
cosbounce_cos_0028,7994,171.45706587259306,8.797582148522324,run_147
cosbounce_cos_0068,21147,171.45387540651916,19.764755460079268,run_147
cosbounce_cos_0035,8571,171.45119407729877,1.5806552343992781,run_147
cosbounce_cos_0001,15768,171.4442526438822,49.50910630313991,run_147
cosbounce_cos_0020,11330,171.4172364135765,1.1664696695648398,run_147
cosbounce_cos_0046,1152,171.41539368399273,15.714246311230973,run_147
cosbounce_cos_0002,2873,171.40725849045933,8.21378969828021,run_147
cosbounce_cos_0026,20094,171.405596570277,6.161848826154666,run_147
cosbounce_cos_0065,14100,171.40503176521514,226.145276888995,run_147
cosbounce_cos_0048,3497,171.4018117419013,21.879901354702575,run_147
cosbounce_cos_0085,1956,171.39883699123305,5.776947942666895,run_147
cosbounce_cos_0080,19709,171.38046775508133,30.296325828848875,run_147
cosbounce_cos_0075,3011,171.3715851666586,8.028851303131626,run_147
cosbounce_cos_0015,19244,171.35188270946364,20.591719721364136,run_147
cosbounce_cos_0031,7998,171.3237999409309,19.8205657181407,run_147
cosbounce_cos_0067,8928,171.31633182908274,139.87254783846473,run_147
cosbounce_cos_0083,13912,171.30696390893695,26.38375776949752,run_147
cosbounce_cos_0064,11831,171.30409557681585,3.685234964411709,run_147
cosbounce_cos_0077,19885,171.287947156804,233.3329510671735,run_147
cosbounce_cos_0059,15730,171.2849763623263,214.42933237620923,run_147
cosbounce_cos_0083,7860,171.2744406100077,14.826896879864195,run_147
cosbounce_cos_0042,10559,171.27409794284375,49.78395102400664,run_147
cosbounce_cos_0062,18640,171.27395346852526,43.55927932394645,run_147
cosbounce_cos_0058,16879,171.27077548841686,17.489918013987264,run_147
cosbounce_cos_0054,15933,171.26957717242908,11.876381952362333,run_147
cosbounce_cos_0031,14707,171.26930311650793,15.995205684047582,run_147
cosbounce_cos_0086,7992,171.26197809158174,47.43626624292331,run_147
cosbounce_cos_0059,18992,171.25759422959717,42.82017184435982,run_147
cosbounce_cos_0051,15549,171.24132243883784,4.411169659467276,run_147
cosbounce_cos_0000,19959,171.22705112485298,3.7137420076017795,run_147
cosbounce_cos_0047,20930,171.21480572948943,16.116903383211817,run_147
cosbounce_cos_0064,6505,171.15850646629477,46.827762979508094,run_147
cosbounce_cos_0021,2329,171.15600961211018,23.63206947261285,run_147
cosbounce_cos_0026,19266,171.15125681350455,31.290438370935085,run_147
cosbounce_cos_0035,8077,171.1510447874213,66.46839463435175,run_147
cosbounce_cos_0058,3414,171.14605274447993,4.4367690129854,run_147
cosbounce_cos_0008,1910,171.1388092233987,111.59875034890351,run_147
cosbounce_cos_0051,9761,171.13743223768395,4.824210788336078,run_147
cosbounce_cos_0055,9970,171.12585202191113,17.34402089322968,run_147
cosbounce_cos_0036,14957,171.11010644600606,25.66476807578751,run_147
cosbounce_cos_0075,12255,171.10313027808482,17.577431604228213,run_147
cosbounce_cos_0053,949,171.08257296901158,18.587896763806988,run_147
cosbounce_cos_0055,9213,171.05750713296442,18.163605445137794,run_147
cosbounce_cos_0073,10386,171.0525800282814,16.593888001164984,run_147
cosbounce_cos_0018,11494,171.05233452910346,13.704277214266847,run_147
cosbounce_cos_0074,11925,171.04068515883517,28.54864703203562,run_147
cosbounce_cos_0067,21890,171.02817756608042,7.538620354705565,run_147
cosbounce_cos_0075,14040,171.02446816822004,1.0598055233258799,run_147
cosbounce_cos_0007,16855,171.00623218551098,9.17323669079605,run_147
cosbounce_cos_0034,5945,171.0009785329184,16.94993955211183,run_147
cosbounce_cos_0057,17631,170.99670362599284,58.233544122189585,run_147
cosbounce_cos_0084,6350,170.99592834298758,87.14437284023282,run_147
cosbounce_cos_0005,9335,170.97940928930237,0.5483378758462939,run_147
cosbounce_cos_0052,21275,170.97429783373755,301.5139982317879,run_147
cosbounce_cos_0038,18114,170.96593490584823,31.41462444737921,run_147
cosbounce_cos_0050,1022,170.95609805607668,208.0963685249089,run_147
cosbounce_cos_0065,18291,170.95189811777053,4.67151612431968,run_147
cosbounce_cos_0045,20676,170.95061982136292,153.26876251736863,run_147
cosbounce_cos_0030,14014,170.9443714441647,45.83023975053772,run_147
cosbounce_cos_0086,1180,170.93642073524242,48.485999322543755,run_147
cosbounce_cos_0038,6172,170.92587027174937,73.99988255088155,run_147
cosbounce_cos_0013,6067,170.90841320111375,6.94852253373213,run_147
cosbounce_cos_0030,19959,170.90806644198378,4.884879061199506,run_147
cosbounce_cos_0012,17387,170.90578834255524,4.481584480358866,run_147
cosbounce_cos_0042,16303,170.90543110830188,36.452964867713185,run_147
cosbounce_cos_0060,17880,170.90243892905525,59.91650347308503,run_147
cosbounce_cos_0062,12080,170.89509744082986,3.8942825783355626,run_147
cosbounce_cos_0058,21289,170.89223310931774,495.72970372450493,run_147
cosbounce_cos_0043,11593,170.87990721572604,1.788117882743782,run_147
cosbounce_cos_0042,4521,170.8630701906749,14.5580327413018,run_147
cosbounce_cos_0041,12438,170.84826096223907,0.591853632018109,run_147
cosbounce_cos_0041,17371,170.84232831924263,191.5243144351291,run_147
cosbounce_cos_0069,20720,170.83828133695766,32.30861834624511,run_147
cosbounce_cos_0024,9898,170.81929482959308,178.5331577602187,run_147
cosbounce_cos_0044,7260,170.78474517238402,197.20264763419502,run_147
cosbounce_cos_0009,10283,170.78358619909682,11.09377569412849,run_147
cosbounce_cos_0034,8857,170.7699131536163,41.5199759040052,run_147
cosbounce_cos_0007,5933,170.7679194949747,7.4202259921731635,run_147
cosbounce_cos_0001,11173,170.76633290647328,77.28724242205062,run_147
cosbounce_cos_0008,481,170.750401111996,31.330504611883708,run_147
cosbounce_cos_0019,877,170.7449542374932,18.136509025430186,run_147
cosbounce_cos_0004,20008,170.74389336907203,6.006475164920866,run_147
cosbounce_cos_0009,3123,170.73290546502923,57.15017274662667,run_147
cosbounce_cos_0021,12161,170.72265002063048,0.9927169551589858,run_147
cosbounce_cos_0046,15975,170.72179434697534,15.942447653358853,run_147
cosbounce_cos_0004,22387,170.71882518036062,121.52231347735096,run_147
cosbounce_cos_0004,19886,170.71810550285315,2.050687307172609,run_147
cosbounce_cos_0068,15373,170.71055372963608,1.8933731090880936,run_147
cosbounce_cos_0056,11865,170.68863024221764,15.0705377579162,run_147
cosbounce_cos_0039,19978,170.68109358432605,83.81062492214498,run_147
cosbounce_cos_0061,6873,170.67386416018903,1.6605935256416362,run_147
cosbounce_cos_0032,12090,170.6692678973123,40.32556053416778,run_147
cosbounce_cos_0029,15272,170.65702579714718,11.44690877276922,run_147
cosbounce_cos_0016,16448,170.65507968251774,3.8122939810403387,run_147
cosbounce_cos_0066,9615,170.6441156238189,1.250666813260532,run_147
cosbounce_cos_0009,8116,170.64236528648016,0.26048939672873606,run_147
cosbounce_cos_0049,11524,170.64043751792778,29.08736013682527,run_147
cosbounce_cos_0074,3926,170.62213354905714,3.149359619435833,run_147
cosbounce_cos_0031,1767,170.61842643626287,19.294196739613124,run_147
cosbounce_cos_0017,16918,170.6141195472837,58.386535738195064,run_147
cosbounce_cos_0040,15792,170.60429396471477,46.80109359292383,run_147
cosbounce_cos_0081,14579,170.60126514406684,42.59334094656646,run_147
cosbounce_cos_0042,4699,170.59678896760263,4.791442549539038,run_147
cosbounce_cos_0040,7674,170.5844930793183,12.541299934301778,run_147
cosbounce_cos_0076,21654,170.58325519873065,29.328468739038787,run_147
cosbounce_cos_0044,12747,170.5535268543046,7.978470763960982,run_147
cosbounce_cos_0016,6618,170.54470078397978,46.395479313389316,run_147
cosbounce_cos_0006,3159,170.53715612482694,46.24551165983134,run_147
cosbounce_cos_0011,21925,170.53501228395348,3.6690892740118985,run_147
cosbounce_cos_0078,14917,170.53020290774876,6.492716411844549,run_147
cosbounce_cos_0042,208,170.51627790722537,19.63908140423942,run_147
cosbounce_cos_0013,13183,170.5138700249736,11.21165979561395,run_147
cosbounce_cos_0052,13924,170.511781418921,8.666013927198595,run_147
cosbounce_cos_0077,10615,170.50893874157475,18.167720043672233,run_147
cosbounce_cos_0031,21630,170.49870174791994,2.1817265135865873,run_147
cosbounce_cos_0043,19851,170.49192502198397,50.10186250236737,run_147
cosbounce_cos_0061,3188,170.49137154089627,39.318084552582675,run_147
cosbounce_cos_0082,5180,170.48994111829785,7.927760274824867,run_147
cosbounce_cos_0056,1483,170.48770764473366,20.208343110124975,run_147
cosbounce_cos_0073,3864,170.48093466500183,304.3874433407708,run_147
cosbounce_cos_0061,15458,170.47062291531552,28.62866083663317,run_147
cosbounce_cos_0056,7928,170.467358309,72.97528272693309,run_147
cosbounce_cos_0032,3567,170.45974064849383,42.20031737967301,run_147
cosbounce_cos_0010,7228,170.44517810618893,0.31414082850430003,run_147
cosbounce_cos_0047,8414,170.4399795657325,10.295835578593183,run_147
cosbounce_cos_0077,9709,170.43957322881693,10.909209178055551,run_147
cosbounce_cos_0078,16037,170.43068715673937,17.485185372259117,run_147
cosbounce_cos_0085,13249,170.42880754097885,11.705711775046971,run_147
cosbounce_cos_0051,7662,170.42752508182727,15.521174679210178,run_147
cosbounce_cos_0025,12080,170.42728409724006,278.6562284715368,run_147
cosbounce_cos_0050,4064,170.4196109192726,21.61709105103186,run_147
cosbounce_cos_0070,21431,170.4137011942914,123.15056359307425,run_147
cosbounce_cos_0061,15687,170.39917939739792,4.5837517682197175,run_147
cosbounce_cos_0023,11273,170.39016330840943,0.8646784886322926,run_147
cosbounce_cos_0013,6540,170.38354234435025,3.808137179511508,run_147
cosbounce_cos_0086,8657,170.373794237433,255.68310163551902,run_147
cosbounce_cos_0085,21531,170.37354614266772,2.7432122764084736,run_147
cosbounce_cos_0081,11252,170.3680929977514,8.519360492044413,run_147
cosbounce_cos_0023,5079,170.35775217228917,9.104422817657575,run_147
cosbounce_cos_0013,3753,170.33816589107604,6.386239913296768,run_147
cosbounce_cos_0027,2380,170.33023545975865,16.152698463909708,run_147
cosbounce_cos_0054,21849,170.3240635854143,5.9544867254064755,run_147
cosbounce_cos_0027,17223,170.30898021027815,130.71129516484848,run_147
cosbounce_cos_0072,969,170.30372511630708,33.66240879192495,run_147
cosbounce_cos_0028,2833,170.30156844128337,37.37845738144846,run_147
cosbounce_cos_0070,20407,170.29585958046437,19.550977437602693,run_147
cosbounce_cos_0063,22055,170.27748914436557,96.65901111004102,run_147
cosbounce_cos_0066,13476,170.27727550342567,21.093302079025673,run_147
cosbounce_cos_0056,10108,170.27454475003233,29.097523680278748,run_147
cosbounce_cos_0084,12386,170.26404787261535,11.051591408281048,run_147
cosbounce_cos_0063,4223,170.2156823266538,20.435604566110904,run_147
cosbounce_cos_0015,10432,170.21455996575034,204.52936904354172,run_147
cosbounce_cos_0076,8307,170.20528467872666,2.1099340735191103,run_147
cosbounce_cos_0012,16144,170.20049744907922,30.299181423154007,run_147
cosbounce_cos_0086,310,170.17486175965226,17.853285457864008,run_147
cosbounce_cos_0045,21762,170.16058861625078,9.073450462582615,run_147
cosbounce_cos_0059,16705,170.12853674871192,14.653236945275136,run_147
cosbounce_cos_0034,18635,170.12390163429657,10.90425968890401,run_147
cosbounce_cos_0084,17851,170.10557728795555,15.592293500648168,run_147
cosbounce_cos_0006,18181,170.09869346401055,19.977960533346188,run_147
cosbounce_cos_0044,1526,170.09407761319292,22.20226094649839,run_147
cosbounce_cos_0038,18612,170.085931336997,156.3528881836076,run_147
cosbounce_cos_0004,4149,170.0804087969596,2.5124789067454105,run_147
cosbounce_cos_0009,22239,170.07193327003492,67.13967224883147,run_147
cosbounce_cos_0067,15579,170.06811368232326,33.9604104185717,run_147
cosbounce_cos_0079,12366,170.06025440965433,35.61534363763889,run_147
cosbounce_cos_0040,20775,170.05289425677836,14.682125616093405,run_147
cosbounce_cos_0023,21890,170.0394035090894,31.826641244447636,run_147
cosbounce_cos_0065,20214,170.0296005575947,17.721091326676785,run_147
cosbounce_cos_0004,3608,170.02394872209345,6.838117234425524,run_147
cosbounce_cos_0036,9312,170.0162121441305,364.419467334107,run_147
cosbounce_cos_0073,13569,170.00659132869723,282.607808875464,run_147
cosbounce_cos_0041,11436,170.00597205663723,76.15911586106269,run_147
cosbounce_cos_0036,14629,169.98739894416494,20.321986151320793,run_147
cosbounce_cos_0082,20965,169.98432059002639,66.86644336686541,run_147
cosbounce_cos_0030,5246,169.97307073251827,27.787088152515196,run_147
cosbounce_cos_0026,101,169.9728344164785,20.14476678713405,run_147
cosbounce_cos_0026,7860,169.95950024201255,23.796078002925928,run_147
cosbounce_cos_0004,3634,169.95812497762705,9.852944266358218,run_147
cosbounce_cos_0058,21098,169.947584554375,78.74045368138697,run_147
cosbounce_cos_0029,4491,169.94185515815116,19.89411202247784,run_147
cosbounce_cos_0028,17232,169.91811769815277,9.351665953964913,run_147
cosbounce_cos_0086,2534,169.9030793928409,10.163570201066825,run_147
cosbounce_cos_0073,14858,169.868622517447,273.1090105890403,run_147
cosbounce_cos_0023,12352,169.86265827593297,15.569636487902404,run_147
cosbounce_cos_0013,15352,169.85795128810594,9.775305399335165,run_147
cosbounce_cos_0002,19676,169.855667381349,17.31145297689786,run_147
cosbounce_cos_0063,6495,169.84373584564005,45.31100875847072,run_147
cosbounce_cos_0069,14093,169.8401049260372,260.6187861348206,run_147
cosbounce_cos_0071,21420,169.83546633224591,18.37795756197615,run_147
cosbounce_cos_0058,13464,169.81083400459468,24.254028575988333,run_147
cosbounce_cos_0054,9688,169.8095835902034,4.4432485766000145,run_147
cosbounce_cos_0060,20325,169.79844127839675,46.24819817322472,run_147
cosbounce_cos_0042,7048,169.79211933421828,5.561526591177635,run_147
cosbounce_cos_0047,4238,169.78574773202746,16.756657042418485,run_147
cosbounce_cos_0058,13897,169.77042590608218,31.941808700784676,run_147
cosbounce_cos_0038,5853,169.75719315605807,0.01393220792934402,run_147
cosbounce_cos_0021,21479,169.74754033026386,20.128682286938247,run_147
cosbounce_cos_0065,3807,169.73239211107065,181.18220844496807,run_147
cosbounce_cos_0045,13125,169.73054764725856,201.3112774034734,run_147
cosbounce_cos_0012,18250,169.71181973718916,8.215150030438824,run_147
cosbounce_cos_0029,19810,169.71034082672296,299.5597450676101,run_147
cosbounce_cos_0083,21701,169.68137803844886,14.402226421661135,run_147
cosbounce_cos_0020,17476,169.67887906496577,32.37413114423171,run_147
cosbounce_cos_0000,20876,169.65660347812286,79.44018619795425,run_147
cosbounce_cos_0016,8366,169.65192364667766,179.5258223242203,run_147
cosbounce_cos_0027,9936,169.65142466827433,38.181274673274984,run_147
cosbounce_cos_0034,10787,169.62724967932652,206.52499923829637,run_147
cosbounce_cos_0051,22102,169.59980068452296,2.8332931260323324,run_147
cosbounce_cos_0075,14264,169.59306903844814,13.541787608360874,run_147
cosbounce_cos_0047,22,169.5820479636039,27.296357646827104,run_147
cosbounce_cos_0059,11785,169.57332061438876,0.3434509948046037,run_147
cosbounce_cos_0051,866,169.56293897078436,1.0595607018411324,run_147
cosbounce_cos_0078,15681,169.52671029999507,11.032480358290238,run_147
cosbounce_cos_0028,18824,169.51378983610823,15.473628565983018,run_147
cosbounce_cos_0055,17272,169.51003889149115,4.06566229034808,run_147
cosbounce_cos_0020,1283,169.49639227065734,1.2380273563964586,run_147
cosbounce_cos_0075,20362,169.49570853194484,20.748572916992117,run_147
cosbounce_cos_0064,20458,169.48560368765055,14.441351818795663,run_147
cosbounce_cos_0011,12381,169.48199159416313,6.427223958446046,run_147
cosbounce_cos_0055,13963,169.47568639686463,52.722495828287975,run_147
cosbounce_cos_0083,8766,169.45048036685404,123.06515217370749,run_147
cosbounce_cos_0077,6534,169.4504183542257,0.24077514605004074,run_147
cosbounce_cos_0016,3239,169.4502702374081,2.0504456441974295,run_147
cosbounce_cos_0034,3738,169.44679257851678,26.552047434949017,run_147
cosbounce_cos_0067,632,169.4332267521297,3.717933729371122,run_147
cosbounce_cos_0042,21873,169.40982746015948,54.41683306801064,run_147
cosbounce_cos_0067,5857,169.39883635739744,67.99184653856658,run_147
cosbounce_cos_0032,6366,169.3941093538386,16.180485352339808,run_147
cosbounce_cos_0031,14077,169.38264168152062,21.7670514359194,run_147
cosbounce_cos_0078,5931,169.3655902536966,12.037526520293325,run_147
cosbounce_cos_0020,16652,169.36213500194057,2.608649521152789,run_147
cosbounce_cos_0009,5043,169.3564912781811,0.8106420106149194,run_147
cosbounce_cos_0027,21037,169.34268357211033,10.341190485072184,run_147
cosbounce_cos_0053,19320,169.3392688122274,9.801793924900256,run_147
cosbounce_cos_0047,17380,169.3201308990342,49.03236668035686,run_147
cosbounce_cos_0073,9252,169.30372432146464,2.433970336017072,run_147
cosbounce_cos_0045,11032,169.28307643050874,13.039334461953302,run_147
cosbounce_cos_0027,8888,169.28033693640592,351.10197389635135,run_147
cosbounce_cos_0018,4491,169.24285199933712,13.64739309701873,run_147
cosbounce_cos_0042,21109,169.241971162951,14.173059107244313,run_147
cosbounce_cos_0070,1247,169.23691605320778,105.19429400453937,run_147
cosbounce_cos_0028,21194,169.23570527252525,276.0589558492831,run_147
cosbounce_cos_0060,5140,169.2290255212944,185.79414245720398,run_147
cosbounce_cos_0069,9656,169.22638898272893,42.46198778063818,run_147
cosbounce_cos_0011,2149,169.22104662989764,83.27952524752641,run_147
cosbounce_cos_0068,17977,169.2192947209906,19.513831901243144,run_147
cosbounce_cos_0077,8417,169.20602426886168,45.70861328346672,run_147
cosbounce_cos_0059,14003,169.1702316037862,157.93213753847294,run_147
cosbounce_cos_0027,7319,169.1689009377943,31.01619698996116,run_147
cosbounce_cos_0068,3184,169.13149598984512,67.56637270469031,run_147
cosbounce_cos_0052,4805,169.11939172341997,9.031668850295821,run_147
cosbounce_cos_0084,6899,169.1181747683616,0.060686954078709304,run_147
cosbounce_cos_0016,12070,169.1100614784506,52.18673930692139,run_147
cosbounce_cos_0081,3200,169.08403405625356,61.58926362218693,run_147
cosbounce_cos_0028,7808,169.0642571683578,115.90826841413903,run_147
cosbounce_cos_0032,4114,169.0519757915174,26.37244156063205,run_147
cosbounce_cos_0037,13167,169.03091216978643,56.152237132581,run_147
cosbounce_cos_0021,528,169.02580056425685,10.870866272994128,run_147
cosbounce_cos_0027,9736,169.01136675826868,17.087445748641052,run_147
cosbounce_cos_0028,10019,169.00528552089193,1.7073704658438555,run_147
cosbounce_cos_0058,9049,168.99762560839144,223.9204951505434,run_147
cosbounce_cos_0036,12379,168.990488765514,12.512688469990303,run_147
cosbounce_cos_0065,14869,168.97508549558222,8.181529736183396,run_147
cosbounce_cos_0009,17537,168.97189236218998,48.73622515540917,run_147
cosbounce_cos_0075,1885,168.97124925283072,6.582619303375721,run_147
cosbounce_cos_0048,3001,168.9612175243496,262.10134220139105,run_147
cosbounce_cos_0085,17235,168.93010410168517,131.67810373477096,run_147
cosbounce_cos_0085,14905,168.92211664878855,46.17975604341356,run_147
cosbounce_cos_0054,6022,168.8981389231389,1.1018472437949187,run_147
cosbounce_cos_0086,3648,168.87153517456542,20.245758791165713,run_147
cosbounce_cos_0058,19599,168.86093600863273,29.740180062820496,run_147
cosbounce_cos_0055,19253,168.81996861218508,18.002102176448734,run_147
cosbounce_cos_0066,17020,168.8168369579018,17.46883764312688,run_147
cosbounce_cos_0053,9506,168.80914402182458,46.37822699744765,run_147
cosbounce_cos_0002,16030,168.79883872821108,10.632920753763235,run_147
cosbounce_cos_0067,18677,168.79641711579947,41.548347079074894,run_147
cosbounce_cos_0061,9769,168.79456791052252,63.44861615299495,run_147
cosbounce_cos_0070,4958,168.78149691908476,5.779669361586903,run_147
cosbounce_cos_0062,19958,168.77747978786277,2.766251553648065,run_147
cosbounce_cos_0032,7884,168.77650822224413,30.422499887103992,run_147
cosbounce_cos_0028,1728,168.71435327772414,8.291414603537769,run_147
cosbounce_cos_0056,7521,168.71089264558432,111.33085483622803,run_147
cosbounce_cos_0077,9984,168.69580092229435,29.646840116702883,run_147
cosbounce_cos_0067,17283,168.66902326412253,22.01092943744089,run_147
cosbounce_cos_0024,20315,168.66269105803607,6.002448116343934,run_147
cosbounce_cos_0028,18797,168.63527064724857,18.6821009615327,run_147
cosbounce_cos_0063,3932,168.6247154849689,399.7758099580876,run_147
cosbounce_cos_0052,20751,168.61475971518163,8.248372994149353,run_147
cosbounce_cos_0065,1753,168.6146933057584,14.579275728582761,run_147
cosbounce_cos_0062,20637,168.6051198965079,20.12129844048268,run_147
cosbounce_cos_0014,10738,168.6028839799987,32.054302982058715,run_147
cosbounce_cos_0069,9874,168.57202230784003,25.215269352859405,run_147
cosbounce_cos_0069,2173,168.55922738389503,102.84361741115261,run_147
cosbounce_cos_0052,15203,168.54538770270935,4.805403244437922,run_147
cosbounce_cos_0085,4030,168.5173695444589,74.11310199125901,run_147
cosbounce_cos_0058,15204,168.51001961417936,134.35222229022892,run_147
cosbounce_cos_0002,9249,168.49971926333882,14.131584448302805,run_147
cosbounce_cos_0016,20342,168.49180433738164,30.79016480762013,run_147
cosbounce_cos_0000,10135,168.48867053428205,19.818246154639606,run_147
cosbounce_cos_0016,7012,168.48772586658353,46.73808594708896,run_147
cosbounce_cos_0014,15039,168.48165930151018,19.513114455655785,run_147
cosbounce_cos_0023,13754,168.44831876609624,79.50208330829845,run_147
cosbounce_cos_0011,10127,168.43595859698814,25.648552638717803,run_147
cosbounce_cos_0037,12832,168.42063127145875,38.344775166032484,run_147
cosbounce_cos_0028,11968,168.41874096854235,23.573373553165585,run_147
cosbounce_cos_0078,7872,168.40961216995336,0.14959212986524506,run_147
cosbounce_cos_0069,17645,168.34552238984833,19.047821456874665,run_147
cosbounce_cos_0011,5556,168.30177839121913,9.247837608477802,run_147
cosbounce_cos_0066,10557,168.28767214125145,33.69777117702636,run_147
cosbounce_cos_0032,11395,168.26200600701037,54.84846742645704,run_147
cosbounce_cos_0016,20500,168.24607377449377,36.56181407833048,run_147
cosbounce_cos_0047,13817,168.22620181308474,1.0130012771690025,run_147
cosbounce_cos_0072,12554,168.2254891379205,6.0055281078998,run_147
cosbounce_cos_0079,869,168.2251737902263,32.49364555228302,run_147
cosbounce_cos_0007,19452,168.22177033980665,18.45359421336121,run_147
cosbounce_cos_0040,1845,168.21203451785408,135.06866910249,run_147
cosbounce_cos_0066,6682,168.2002815261232,2.8197381647041535,run_147
cosbounce_cos_0040,14645,168.1909304593044,222.55767682703265,run_147
cosbounce_cos_0014,15497,168.184768158099,0.7109738375433976,run_147
cosbounce_cos_0056,12911,168.17595236767414,50.96478852437812,run_147
cosbounce_cos_0042,6658,168.14453719789523,5.14050148697491,run_147
cosbounce_cos_0052,11729,168.14170422728657,24.36060227750784,run_147
cosbounce_cos_0050,21040,168.14107878402336,73.3830035913798,run_147
cosbounce_cos_0022,19792,168.1378591162467,4.4847789134549725,run_147
cosbounce_cos_0055,14787,168.11448096268106,23.70839399585807,run_147
cosbounce_cos_0024,18766,168.11279813722993,41.568721808859685,run_147
cosbounce_cos_0031,15816,168.11034542467831,1.0036085532089605,run_147
cosbounce_cos_0070,20988,168.0835695212354,246.0924058539563,run_147
cosbounce_cos_0083,7204,168.08271250564184,52.548414303556434,run_147
cosbounce_cos_0059,7071,168.07334034164458,132.94493458176657,run_147
cosbounce_cos_0010,18458,168.06796763038665,27.444116569229713,run_147
cosbounce_cos_0066,22104,168.06672175460443,19.31207059682903,run_147
cosbounce_cos_0002,15364,168.0599460204711,27.847088121697404,run_147
cosbounce_cos_0046,19314,168.04643882321665,61.50414135118307,run_147
cosbounce_cos_0071,16577,168.03670945032044,21.712755780528276,run_147
cosbounce_cos_0017,16173,168.03289235237054,12.710543638955961,run_147
cosbounce_cos_0058,20310,168.0186338007179,3.6822073435806604,run_147
cosbounce_cos_0025,2272,168.00178335461828,1.7571600151995417,run_147
cosbounce_cos_0044,2547,167.96213240873058,124.30687439485756,run_147
cosbounce_cos_0011,1500,167.96132218326613,8.370962200721602,run_147
cosbounce_cos_0060,5344,167.92271093690366,44.371954450615874,run_147
cosbounce_cos_0016,3473,167.9178761343528,2.55042312381554,run_147
cosbounce_cos_0053,12551,167.903819107477,61.74570619883917,run_147
cosbounce_cos_0040,7752,167.8850827289106,13.004045208773759,run_147
cosbounce_cos_0081,8111,167.8794608208561,39.35627172130193,run_147
cosbounce_cos_0014,21966,167.87870405873574,55.87101708977644,run_147
cosbounce_cos_0050,10119,167.87284779719954,124.87531578705723,run_147
cosbounce_cos_0061,14497,167.86949946052553,28.607171035016666,run_147
cosbounce_cos_0035,10103,167.84410146962512,31.898474826505424,run_147
cosbounce_cos_0055,20576,167.82305012489002,39.24157939997565,run_147
cosbounce_cos_0000,13938,167.82202196269114,19.34070570725934,run_147
cosbounce_cos_0039,4828,167.81448056467312,0.31471041234446956,run_147
cosbounce_cos_0047,21039,167.80089047720043,55.68964588861187,run_147
cosbounce_cos_0051,21781,167.78484884918325,7.573087800622632,run_147
cosbounce_cos_0005,18469,167.76814327027097,20.39064353223991,run_147
cosbounce_cos_0011,20799,167.7573038545026,32.34604435533987,run_147
cosbounce_cos_0075,21030,167.75609853516903,236.4208990141327,run_147
cosbounce_cos_0058,8685,167.75535424684253,3.5764976669954436,run_147
cosbounce_cos_0070,16819,167.73753335787248,14.102421703284506,run_147
cosbounce_cos_0025,14267,167.69571250291594,152.46051018797905,run_147
cosbounce_cos_0061,7407,167.67354612596745,11.199587420216043,run_147
cosbounce_cos_0036,2870,167.6445176682128,19.661141073211812,run_147
cosbounce_cos_0065,8060,167.6403019079783,14.546996817571488,run_147
cosbounce_cos_0072,17872,167.6348401583034,35.3423982799841,run_147
cosbounce_cos_0040,12058,167.6000076647432,32.97953786256691,run_147
cosbounce_cos_0050,14507,167.58764736538882,17.291955967648086,run_147
cosbounce_cos_0062,2647,167.58547151669114,505.96371026862704,run_147
cosbounce_cos_0052,18695,167.57569373888083,175.32934494988302,run_147
cosbounce_cos_0006,20673,167.5725526999561,30.70107482841326,run_147
cosbounce_cos_0015,19610,167.57104308478037,67.44469769437987,run_147
cosbounce_cos_0059,6037,167.57040729361935,45.72421386822935,run_147
cosbounce_cos_0060,7650,167.55944915596464,9.6029473074055,run_147
cosbounce_cos_0058,2907,167.54007717264284,85.81754620496798,run_147
cosbounce_cos_0078,11406,167.53314982623544,68.92914612897286,run_147
cosbounce_cos_0078,3335,167.5311129262452,40.28818058117093,run_147
cosbounce_cos_0066,15478,167.51857776228596,56.182254832808376,run_147
cosbounce_cos_0008,18099,167.49188581791526,3.681851217001923,run_147
cosbounce_cos_0021,19316,167.48323928204178,1.823814788691168,run_147
cosbounce_cos_0018,16269,167.48307081989927,38.205998099135826,run_147
cosbounce_cos_0059,5592,167.45744169069562,55.32075871072758,run_147
cosbounce_cos_0080,8428,167.44576765042603,8.492166308328548,run_147
cosbounce_cos_0035,16676,167.44544718086178,5.696885612538689,run_147
cosbounce_cos_0074,8125,167.43985764674227,18.69195902526975,run_147
cosbounce_cos_0018,18000,167.40151546905832,40.94822818581169,run_147
cosbounce_cos_0052,10905,167.32870901663952,31.266721577126276,run_147
cosbounce_cos_0080,8439,167.31751703068008,126.29971655628275,run_147
cosbounce_cos_0060,15203,167.31746230388848,5.730890795157283,run_147
cosbounce_cos_0080,9341,167.3123688840504,22.69516179304472,run_147
cosbounce_cos_0043,19426,167.31001477218024,12.233295580195376,run_147
cosbounce_cos_0058,20110,167.28997140539465,26.49550318601182,run_147
cosbounce_cos_0055,17627,167.2872674052038,460.0161052448387,run_147
cosbounce_cos_0018,21055,167.25742584148293,17.754413034244426,run_147
cosbounce_cos_0059,10902,167.2413309553432,32.707085752107574,run_147
cosbounce_cos_0033,2027,167.22777131784602,277.2856148044603,run_147
cosbounce_cos_0041,21390,167.22691901554526,22.68407368049967,run_147
cosbounce_cos_0060,2207,167.22219538315179,5.780310857343415,run_147
cosbounce_cos_0030,17082,167.21051643272423,7.9997174544581755,run_147
cosbounce_cos_0000,4854,167.20914578199782,3.403480343731343,run_147
cosbounce_cos_0002,20961,167.20566016271107,216.41120121129623,run_147
cosbounce_cos_0009,11052,167.20139683941042,26.432220052856643,run_147
cosbounce_cos_0030,12009,167.19473913692931,2.2189957529616082,run_147
cosbounce_cos_0066,7584,167.18119142083378,49.00081798717023,run_147
cosbounce_cos_0077,14822,167.1724738014843,24.774674635141253,run_147
cosbounce_cos_0058,9497,167.16642941847712,126.25548876619929,run_147
cosbounce_cos_0023,11325,167.1584373719364,41.954153522727935,run_147
cosbounce_cos_0017,13060,167.15586717365466,17.34126030763253,run_147
cosbounce_cos_0076,4495,167.13618411751466,8.65584093925871,run_147
cosbounce_cos_0035,9712,167.12171547797138,21.742982629742688,run_147
cosbounce_cos_0082,20042,167.11699599142517,58.73625671880255,run_147
cosbounce_cos_0061,10349,167.10874326973712,56.852622055529395,run_147
cosbounce_cos_0046,3160,167.09800815205077,30.9879585860955,run_147
cosbounce_cos_0039,8265,167.0630201122683,2.767449646484821,run_147
cosbounce_cos_0010,14571,167.01744753100104,153.37636803675045,run_147
cosbounce_cos_0025,344,167.01033504139926,107.72675455975538,run_147
cosbounce_cos_0001,17795,167.0038605344593,238.39749074715647,run_147
cosbounce_cos_0010,21196,167.00004571566478,11.042753150389833,run_147
cosbounce_cos_0063,18459,166.99889812622763,7.398979613076921,run_147
cosbounce_cos_0015,8243,166.9784102215151,1.2919446468578706,run_147
cosbounce_cos_0085,18166,166.97467588580122,1.3261126692929703,run_147
cosbounce_cos_0008,6288,166.92916449612372,7.921416350670489,run_147
cosbounce_cos_0036,3134,166.92409330994906,24.949378558153978,run_147
cosbounce_cos_0037,8064,166.9217486856765,45.24051801513482,run_147
cosbounce_cos_0035,19591,166.91251187134557,1.3624481660233707,run_147
cosbounce_cos_0041,19441,166.89025121011855,27.78300052415386,run_147
cosbounce_cos_0027,5504,166.88698694884232,19.940891558295938,run_147
cosbounce_cos_0079,10132,166.87648377574897,83.77471297733673,run_147
cosbounce_cos_0072,16562,166.8745215616687,14.451723501164444,run_147
cosbounce_cos_0033,19398,166.84804428337543,45.07039357021553,run_147
cosbounce_cos_0078,20775,166.83847906691983,40.82702661662914,run_147
cosbounce_cos_0043,9289,166.80501578225898,10.490153140869777,run_147
cosbounce_cos_0010,2897,166.8024135595902,5.567934083382479,run_147
cosbounce_cos_0019,10819,166.7954053737822,8.790963193333415,run_147
cosbounce_cos_0030,5119,166.74786505315902,7.209720892944749,run_147
cosbounce_cos_0016,4785,166.72742511412156,87.89103828257775,run_147
cosbounce_cos_0078,15839,166.70846719815262,301.8608308526748,run_147
cosbounce_cos_0022,17186,166.6607949902552,39.13385306503264,run_147
cosbounce_cos_0017,16543,166.63252554963034,24.822041842188693,run_147
cosbounce_cos_0014,16335,166.60163354621315,118.64669866043182,run_147
cosbounce_cos_0072,4487,166.57442457230178,8.783339977190831,run_147
cosbounce_cos_0034,12702,166.56133950265504,27.299779575301574,run_147
cosbounce_cos_0069,6692,166.5606898297938,12.956306600993367,run_147
cosbounce_cos_0003,13825,166.5169954437888,1.4836742372846266,run_147
cosbounce_cos_0033,18903,166.51692850902717,120.90475796281198,run_147
cosbounce_cos_0002,9558,166.50535691276178,393.85581896652883,run_147
cosbounce_cos_0015,3318,166.48437882217826,27.21386715917861,run_147
cosbounce_cos_0012,974,166.47929578179483,12.503399323663238,run_147
cosbounce_cos_0048,11432,166.46683276907712,60.489402838331664,run_147
cosbounce_cos_0052,19181,166.46264153542407,216.1205487689429,run_147
cosbounce_cos_0059,7603,166.41579624638112,5.80472998749479,run_147
cosbounce_cos_0021,6979,166.3810684154533,5.779850457997286,run_147
cosbounce_cos_0065,14914,166.36181607410256,18.132551702019992,run_147
cosbounce_cos_0034,20808,166.35889551744768,12.22034466754822,run_147
cosbounce_cos_0065,15643,166.351545264765,166.1330441146662,run_147
cosbounce_cos_0019,6392,166.34784744181803,10.736918558185275,run_147
cosbounce_cos_0050,9769,166.30501548550035,139.3835929785772,run_147
cosbounce_cos_0079,10916,166.28542970254276,29.97863311416228,run_147
cosbounce_cos_0033,18803,166.28372272838985,26.525553014110322,run_147
cosbounce_cos_0006,3734,166.2801533649268,39.327934669300944,run_147
cosbounce_cos_0031,20326,166.27797536943334,21.09959065767894,run_147
cosbounce_cos_0081,17626,166.25958881614298,179.75569593410071,run_147
cosbounce_cos_0062,10235,166.20942467625383,43.11448683070188,run_147
cosbounce_cos_0045,19434,166.2079697987282,57.14710153410122,run_147
cosbounce_cos_0001,4860,166.19079764082787,318.55222820267915,run_147
cosbounce_cos_0009,6473,166.14534835334615,9.027198009896102,run_147
cosbounce_cos_0084,21666,166.12044723277785,12.066967176627234,run_147
cosbounce_cos_0005,4255,166.1004250532888,26.716597177953833,run_147
cosbounce_cos_0068,20689,166.09106558967602,347.14295889901075,run_147
cosbounce_cos_0013,17994,166.07846680416742,251.39320467798436,run_147
cosbounce_cos_0049,15034,166.0776759280141,65.79675037928654,run_147
cosbounce_cos_0029,14656,166.0645790943509,279.83040284324437,run_147
cosbounce_cos_0035,16392,166.04910677496306,11.224980951718745,run_147
cosbounce_cos_0041,21007,166.044594814414,9.622493147999773,run_147
cosbounce_cos_0054,3331,166.0018362428989,14.545336480618628,run_147
cosbounce_cos_0017,13207,165.97758202724145,17.025949485237494,run_147
cosbounce_cos_0050,10811,165.90515861244222,5.561545739086242,run_147
cosbounce_cos_0010,5305,165.89760716415503,7.6395718697705695,run_147
cosbounce_cos_0014,21018,165.89189958149194,143.2948446044816,run_147
cosbounce_cos_0069,18909,165.86259351396845,47.197420604496884,run_147
cosbounce_cos_0003,9399,165.85237062763312,87.03201736264478,run_147
cosbounce_cos_0013,9768,165.83508668682114,175.1007445405936,run_147
cosbounce_cos_0056,17907,165.83337218534052,30.498505834346094,run_147
cosbounce_cos_0001,10400,165.81332462649266,131.9911647780738,run_147
cosbounce_cos_0051,7379,165.79541518103417,17.84116745701827,run_147
cosbounce_cos_0059,8748,165.78880196832498,5.274895141536831,run_147
cosbounce_cos_0069,1485,165.78230989174443,12.132080951351158,run_147
cosbounce_cos_0056,18179,165.77431079055276,172.61729310415407,run_147
cosbounce_cos_0069,6567,165.7681254674275,29.382678579881645,run_147
cosbounce_cos_0071,17986,165.7680705892932,19.83330225125428,run_147
cosbounce_cos_0033,15971,165.748268484829,12.801325501396233,run_147
cosbounce_cos_0029,11939,165.65152423893588,5.818736176424173,run_147
cosbounce_cos_0074,4182,165.6302942606589,44.69220271363873,run_147
cosbounce_cos_0003,4553,165.62797780868624,3.875250275886465,run_147
cosbounce_cos_0003,10724,165.60539156729055,15.861708932924623,run_147
cosbounce_cos_0018,16495,165.5691167038744,163.50132143491717,run_147
cosbounce_cos_0069,7359,165.5455397473243,10.314071288944872,run_147
cosbounce_cos_0000,6501,165.53589517304724,65.019139792547,run_147
cosbounce_cos_0081,19222,165.5308076481519,175.44649724487084,run_147
cosbounce_cos_0024,5111,165.52367648958557,54.21758523642777,run_147
cosbounce_cos_0018,2835,165.50239150268263,49.43805697958486,run_147
cosbounce_cos_0056,6271,165.50190330322226,295.1018267014319,run_147
cosbounce_cos_0041,457,165.50140401310992,26.07234179149138,run_147
cosbounce_cos_0068,2808,165.48520746958266,33.812776381462974,run_147
cosbounce_cos_0010,17912,165.45450300823433,6.281402221704608,run_147
cosbounce_cos_0003,6708,165.44603186188886,127.1255960697159,run_147
cosbounce_cos_0074,9873,165.44167553007034,18.65298131120693,run_147
cosbounce_cos_0005,13319,165.4335724442242,0.4271566931070107,run_147
cosbounce_cos_0063,16593,165.3863990549587,227.61820703442527,run_147
cosbounce_cos_0073,2461,165.38434342595315,32.620027742352136,run_147
cosbounce_cos_0081,13360,165.38332283051233,123.89668889002107,run_147
cosbounce_cos_0054,7635,165.37891466749014,90.6215170630931,run_147
cosbounce_cos_0009,18533,165.37626779937233,20.815064338384655,run_147
cosbounce_cos_0015,13652,165.33321985601407,217.5066277193719,run_147
cosbounce_cos_0029,5753,165.30136212804038,8.717210066028672,run_147
cosbounce_cos_0050,13083,165.28065015960706,223.6250426206144,run_147
cosbounce_cos_0028,16782,165.2551511725906,8.903709884480808,run_147
cosbounce_cos_0043,86,165.24647630616454,27.846157630502635,run_147
cosbounce_cos_0057,18899,165.2396298129883,210.5789264283593,run_147
cosbounce_cos_0043,8091,165.2388657795022,13.081113487836598,run_147
cosbounce_cos_0063,5669,165.23692946579706,6.4135107593903635,run_147
cosbounce_cos_0067,22148,165.23688182646433,20.92119856410985,run_147
cosbounce_cos_0073,13102,165.2312290139008,36.69677759818531,run_147
cosbounce_cos_0066,9190,165.2181939119374,14.393470722422895,run_147
cosbounce_cos_0010,17809,165.18506383099052,50.002000971462536,run_147
cosbounce_cos_0019,21082,165.1538367040173,41.81886846302597,run_147
cosbounce_cos_0003,1325,165.15046130437062,4.196829231556321,run_147
cosbounce_cos_0026,16088,165.05292532760225,2.045972844700392,run_147
cosbounce_cos_0062,20525,165.0520433794255,24.522097223369922,run_147
cosbounce_cos_0037,20081,165.04865868177697,14.773301635026428,run_147
cosbounce_cos_0055,8965,165.04826323741582,17.58704241385585,run_147
cosbounce_cos_0058,4819,165.03493531776496,54.06864031151355,run_147
cosbounce_cos_0046,5697,165.02823482738918,82.86039121016572,run_147
cosbounce_cos_0031,15569,165.0276198417327,382.3839338712353,run_147
cosbounce_cos_0053,19301,165.02212424883672,0.6668110885583128,run_147
cosbounce_cos_0004,7403,164.9993392835401,275.7959518090412,run_147
cosbounce_cos_0008,20740,164.995623816157,19.557495997239005,run_147
cosbounce_cos_0020,15793,164.99400348653262,22.523978368773726,run_147
cosbounce_cos_0046,1369,164.9691243614991,30.38763657940098,run_147
cosbounce_cos_0082,12339,164.95660980170481,197.52569386031664,run_147
cosbounce_cos_0000,21988,164.9436410858552,279.25298185192275,run_147
cosbounce_cos_0007,8091,164.90478744228102,331.90253502315886,run_147
cosbounce_cos_0007,9066,164.8919629904108,236.20438187401137,run_147
cosbounce_cos_0054,4959,164.87477913405263,36.2749269640757,run_147
cosbounce_cos_0008,13967,164.84447869469315,9.172627209550283,run_147
cosbounce_cos_0028,17436,164.83979672506098,65.18033909078696,run_147
cosbounce_cos_0040,18109,164.80018533002834,13.75301306093089,run_147
cosbounce_cos_0036,14673,164.791090301132,11.386217320099266,run_147
cosbounce_cos_0001,18919,164.78717319772556,126.79413759688617,run_147
cosbounce_cos_0080,3664,164.74984577215164,38.2787162957657,run_147
cosbounce_cos_0080,17560,164.71805649559417,252.44952815279166,run_147
cosbounce_cos_0005,530,164.69105384555255,44.113532484152216,run_147
cosbounce_cos_0073,6088,164.60350651912174,33.292013696778696,run_147
cosbounce_cos_0038,5241,164.60020542848093,22.49671636933484,run_147
cosbounce_cos_0078,20564,164.57977479783784,24.090122453964483,run_147
cosbounce_cos_0054,2366,164.5762812560779,71.8215346364456,run_147
cosbounce_cos_0065,19954,164.57324836645867,28.029242391034085,run_147
cosbounce_cos_0025,1808,164.54577742883706,62.7216308641283,run_147
cosbounce_cos_0043,3260,164.5287492998402,45.469567560962254,run_147
cosbounce_cos_0066,10390,164.49176802961097,12.378542026501473,run_147
cosbounce_cos_0081,7482,164.46978830147586,46.4316058293708,run_147
cosbounce_cos_0059,19766,164.4426433949702,35.581514257905965,run_147
cosbounce_cos_0044,3716,164.4283770149082,61.32093102778501,run_147
cosbounce_cos_0052,4735,164.39317348124476,11.463878031170623,run_147
cosbounce_cos_0047,5617,164.3925193613624,0.021770844834977023,run_147
cosbounce_cos_0036,20258,164.38667375005878,84.58223935904991,run_147
cosbounce_cos_0003,19527,164.3843514918379,0.578853562323369,run_147
cosbounce_cos_0074,4887,164.34019833286283,340.95133369463144,run_147
cosbounce_cos_0078,18983,164.32924354326045,6.634274696920596,run_147
cosbounce_cos_0082,9642,164.3197749002471,75.5634596338492,run_147
cosbounce_cos_0013,6316,164.30191686353282,86.16860225827487,run_147
cosbounce_cos_0060,12277,164.2950736370489,179.30483570852172,run_147
cosbounce_cos_0002,11457,164.27713910001833,41.888891890087926,run_147
cosbounce_cos_0002,13578,164.2756680693897,4.173709192784124,run_147
cosbounce_cos_0027,17226,164.24551194463487,3.1183409371499504,run_147
cosbounce_cos_0028,10631,164.24365411253746,23.34045075925225,run_147
cosbounce_cos_0003,13326,164.2429097060525,2.3246057438562686,run_147
cosbounce_cos_0048,19634,164.23568182871512,215.2541799643051,run_147
cosbounce_cos_0073,12423,164.21715692593222,39.978914318125746,run_147
cosbounce_cos_0025,13678,164.05166180610507,2.1597194921275347,run_147
cosbounce_cos_0019,11449,163.95453229208246,152.45056329576465,run_147
cosbounce_cos_0035,12246,163.93300776616314,2.824860707227097,run_147
cosbounce_cos_0047,8437,163.8814117504946,23.313248745156276,run_147
cosbounce_cos_0002,2644,163.86809146330708,31.074588243958033,run_147
cosbounce_cos_0064,4844,163.81843302566242,482.2721682206539,run_147
cosbounce_cos_0044,17868,163.79839000321928,86.12034887783136,run_147
cosbounce_cos_0031,2865,163.78350415190724,62.592434454114915,run_147
cosbounce_cos_0025,9144,163.77288579393422,29.52493583773402,run_147
cosbounce_cos_0041,20802,163.72019971102597,25.685013660994343,run_147
cosbounce_cos_0064,18570,163.68218065768068,80.79168981121005,run_147
cosbounce_cos_0073,16744,163.6794062709071,72.54149703055317,run_147
cosbounce_cos_0050,21737,163.6522482947488,349.18396184251804,run_147
cosbounce_cos_0075,13915,163.65075028327038,3.713983975485548,run_147
cosbounce_cos_0047,142,163.55034497172986,0.0634310829692853,run_147
cosbounce_cos_0057,7550,163.51016910275143,155.29213406468932,run_147
cosbounce_cos_0038,21828,163.49590906143015,169.39426814166572,run_147
cosbounce_cos_0025,5832,163.44569460560314,73.90208028344789,run_147
cosbounce_cos_0052,13969,163.41840810723474,34.08196716097885,run_147
cosbounce_cos_0067,6863,163.41388869790643,196.05065968092524,run_147
cosbounce_cos_0076,19812,163.3659766424406,55.82103877542881,run_147
cosbounce_cos_0068,18977,163.36301523343283,60.28992509564649,run_147
cosbounce_cos_0024,12569,163.3374549901915,264.47173343188575,run_147
cosbounce_cos_0059,16013,163.29526328970385,12.843292923236394,run_147
cosbounce_cos_0013,11115,163.29454985084732,1.1555802994890594,run_147
cosbounce_cos_0005,5583,163.26797981702035,73.2081413390852,run_147
cosbounce_cos_0043,21493,163.19687272920459,201.43806690984823,run_147
cosbounce_cos_0016,6652,163.1952592566346,204.40327177642183,run_147
cosbounce_cos_0041,14964,163.17400828128265,23.2782580151233,run_147
cosbounce_cos_0000,6077,163.13556600776124,4.8777993291014745,run_147
cosbounce_cos_0034,9610,163.12872174684983,11.698625015921559,run_147
cosbounce_cos_0080,19037,163.1192584727202,21.046623250940474,run_147
cosbounce_cos_0058,19736,163.10834585343477,30.519799048937173,run_147
cosbounce_cos_0063,561,163.09624594089314,78.81397742909519,run_147
cosbounce_cos_0066,11643,163.06268134183915,3.2102581852774597,run_147
cosbounce_cos_0026,1409,163.05852793527077,383.58501339409344,run_147
cosbounce_cos_0070,7587,163.0545727347087,45.651004479828536,run_147
cosbounce_cos_0026,13190,163.0365975042738,194.8382198360963,run_147
cosbounce_cos_0025,1423,163.0187952722159,8.52802537231322,run_147
cosbounce_cos_0079,1686,162.98723869463464,84.91023188087453,run_147
cosbounce_cos_0023,7065,162.86464792653777,17.83404071885057,run_147
cosbounce_cos_0067,18782,162.86445407639363,25.357893923641768,run_147
cosbounce_cos_0066,5199,162.8469456430331,197.82469815522677,run_147
cosbounce_cos_0015,5350,162.82756416446318,19.243597227649577,run_147
cosbounce_cos_0055,16132,162.76706161724965,36.63797341390521,run_147
cosbounce_cos_0020,6771,162.70044054604776,328.14511445531986,run_147
cosbounce_cos_0009,19987,162.68514123962802,147.01688411069114,run_147
cosbounce_cos_0045,16406,162.6710195938442,64.52042900274479,run_147
cosbounce_cos_0000,14038,162.59062788145476,75.73618137039635,run_147
cosbounce_cos_0046,14007,162.5891598499901,1.3323319846689363,run_147
cosbounce_cos_0038,8082,162.5456387620352,330.80862269520503,run_147
cosbounce_cos_0005,14395,162.53941419056764,30.501629474458475,run_147
cosbounce_cos_0073,21210,162.52761361490525,5.2762932549168475,run_147
cosbounce_cos_0054,9035,162.51930729436287,405.87845216525704,run_147
cosbounce_cos_0060,13666,162.46110908568065,33.86064504095818,run_147
cosbounce_cos_0085,13604,162.4521904461293,184.6614092369238,run_147
cosbounce_cos_0021,21675,162.4361915083326,58.6252466891659,run_147
cosbounce_cos_0039,9624,162.4302657342952,20.7284041120385,run_147
cosbounce_cos_0044,12252,162.41488207710586,178.70040999611078,run_147
cosbounce_cos_0041,18051,162.39306163723268,64.36248411340067,run_147
cosbounce_cos_0004,16581,162.37836787807444,60.05575363466384,run_147
cosbounce_cos_0057,20828,162.36750748648373,36.62634346086583,run_147
cosbounce_cos_0020,20006,162.3580832110247,2.246976278846704,run_147
cosbounce_cos_0078,22143,162.33304497882543,0.2136991332532134,run_147
cosbounce_cos_0060,15441,162.32412858107355,4.8190939965335495,run_147
cosbounce_cos_0037,7331,162.32321314595248,4.267290180301934,run_147
cosbounce_cos_0056,13898,162.30343641574993,3.5562435348288943,run_147
cosbounce_cos_0064,19008,162.2988235320064,34.27284261181239,run_147
cosbounce_cos_0003,2911,162.25678955523864,21.84750395129389,run_147
cosbounce_cos_0086,8561,162.24451595147104,13.679013957898638,run_147
cosbounce_cos_0076,11392,162.20933262801972,33.99193163504999,run_147
cosbounce_cos_0067,13664,162.1929569639523,7.708482275575319,run_147
cosbounce_cos_0069,1585,162.1909471162402,1.30924546182495,run_147
cosbounce_cos_0057,2395,162.15104440894575,56.47576510720772,run_147
cosbounce_cos_0077,19107,162.15098344994556,102.23614644668997,run_147
cosbounce_cos_0042,10064,162.14572852125315,7.151771423676548,run_147
cosbounce_cos_0039,8665,162.14374660321445,39.7974468257969,run_147
cosbounce_cos_0008,19882,162.13581646693297,22.394708860889487,run_147
cosbounce_cos_0072,20959,162.13160575133415,22.472042798526445,run_147
cosbounce_cos_0017,12459,162.11046256712746,167.8756782564956,run_147
cosbounce_cos_0081,6098,162.09006601072417,93.46322788418033,run_147
cosbounce_cos_0038,14121,162.0815335929545,309.0131007700096,run_147
cosbounce_cos_0020,21136,162.01880250546486,15.526622322663107,run_147
cosbounce_cos_0082,6421,162.0091468015886,10.507154914875294,run_147
cosbounce_cos_0076,21727,161.97285861291115,140.79154432185675,run_147
cosbounce_cos_0081,9844,161.94048157716998,28.610135229747492,run_147
cosbounce_cos_0047,6619,161.9366561461379,184.755791853009,run_147
cosbounce_cos_0067,5416,161.92561550026363,26.157149737750103,run_147
cosbounce_cos_0056,9170,161.8998087145719,97.05023738554846,run_147
cosbounce_cos_0019,9290,161.88956777299515,15.905291594429059,run_147
cosbounce_cos_0080,420,161.87683527507323,40.67589927279724,run_147
cosbounce_cos_0026,5684,161.86065968287878,66.61215294376993,run_147
cosbounce_cos_0008,6206,161.83733305075404,23.330349841430504,run_147
cosbounce_cos_0027,10402,161.79138910635157,51.664036575441955,run_147
cosbounce_cos_0022,5850,161.77958498644293,6.662393090431362,run_147
cosbounce_cos_0022,15797,161.73550018364406,40.16133381540456,run_147
cosbounce_cos_0009,14638,161.7313538362475,31.738213241333884,run_147
cosbounce_cos_0073,7123,161.65665418906994,396.58355223378544,run_147
cosbounce_cos_0049,15761,161.61531775063168,37.349090718280586,run_147
cosbounce_cos_0051,18657,161.61105912397505,6.718598226293823,run_147
cosbounce_cos_0046,21437,161.6046514032313,62.41632436818156,run_147
cosbounce_cos_0038,21839,161.55299816396237,8.511189085262824,run_147
cosbounce_cos_0030,5525,161.51541605356826,67.45402965191268,run_147
cosbounce_cos_0029,21094,161.45009909492532,73.48119064850374,run_147
cosbounce_cos_0078,3082,161.44942714710297,25.33614274814338,run_147
cosbounce_cos_0045,7006,161.4088882133612,388.02988556940846,run_147
cosbounce_cos_0008,21285,161.40636611446098,17.320707613563854,run_147
cosbounce_cos_0069,17007,161.28547281254563,376.3056954382216,run_147
cosbounce_cos_0025,7390,161.25463240329566,274.4771471179178,run_147
cosbounce_cos_0024,9989,161.25126862490626,14.033916917411727,run_147
cosbounce_cos_0032,18096,161.24601991786477,5.209387531337205,run_147
cosbounce_cos_0058,10593,161.20430765594162,20.87408510282643,run_147
cosbounce_cos_0025,9277,161.16486131287752,56.34241540526229,run_147
cosbounce_cos_0081,6564,161.16293163251393,13.308044682048246,run_147
cosbounce_cos_0052,13860,161.12967368066998,237.07164126493285,run_147
cosbounce_cos_0019,8328,161.11142398544115,44.86813541452522,run_147
cosbounce_cos_0062,21049,161.09675522728813,15.036110051931674,run_147
cosbounce_cos_0066,2833,161.0633176273055,224.56383329445651,run_147
cosbounce_cos_0070,11830,161.05675312353574,26.773292162472952,run_147
cosbounce_cos_0074,11586,161.04681392738328,16.006699123645976,run_147
cosbounce_cos_0019,14462,161.03773398222202,7.768748204573569,run_147
cosbounce_cos_0001,1191,161.03114680914285,55.10043342802423,run_147
cosbounce_cos_0034,1253,160.96805423362417,6.444542438241261,run_147
cosbounce_cos_0039,4606,160.95620777969424,100.03535730711147,run_147
cosbounce_cos_0046,12830,160.94586624429834,321.28725856304646,run_147
cosbounce_cos_0048,13629,160.9429283638618,29.698237875709864,run_147
cosbounce_cos_0025,1594,160.89213146704617,16.14173330627785,run_147
cosbounce_cos_0068,9276,160.89067126459133,0.7528301422502697,run_147
cosbounce_cos_0012,20536,160.86933235928,89.37215089508402,run_147
cosbounce_cos_0012,14909,160.84823587870764,86.23735782307892,run_147
cosbounce_cos_0059,14904,160.84766132771142,59.04083395894645,run_147
cosbounce_cos_0014,11054,160.79864578179252,1.2099041728563487,run_147
cosbounce_cos_0004,6705,160.7673871549263,44.5210557688602,run_147
cosbounce_cos_0035,17906,160.7610434357804,20.832279571740354,run_147
cosbounce_cos_0031,10324,160.7507618121659,63.06852111375911,run_147
cosbounce_cos_0063,20822,160.6955723819652,444.00541112838414,run_147
cosbounce_cos_0066,21177,160.6576661233355,19.619783890609575,run_147
cosbounce_cos_0063,21130,160.61266414727086,177.43558374574496,run_147
cosbounce_cos_0047,13265,160.56288861585497,0.8934144385822201,run_147
cosbounce_cos_0035,1820,160.38537536588998,455.45754511231706,run_147
cosbounce_cos_0081,14420,160.35234277012293,103.39323363219124,run_147
cosbounce_cos_0020,3491,160.32067652053476,6.347059176194575,run_147
cosbounce_cos_0071,2852,160.28710430622073,137.89617641392633,run_147
cosbounce_cos_0064,20352,160.27517033494223,332.08370305215124,run_147
cosbounce_cos_0047,17960,160.2375403853136,37.50175624487263,run_147
cosbounce_cos_0051,16890,160.2323060493206,23.729340356018273,run_147
cosbounce_cos_0060,21611,160.23024595355733,10.993741886058388,run_147
cosbounce_cos_0081,1510,160.21251403814506,210.57816034493663,run_147
cosbounce_cos_0040,11355,160.18299701560784,11.062004287751769,run_147
cosbounce_cos_0020,11638,160.10521122284314,432.8661075847034,run_147
cosbounce_cos_0039,19190,160.09153981152213,11.044006766570224,run_147
cosbounce_cos_0066,6710,160.0826995208897,109.27069017898374,run_147
cosbounce_cos_0001,12665,159.98782472123438,60.357469568715636,run_147
cosbounce_cos_0044,5602,159.98125273812272,4.123279198679914,run_147
cosbounce_cos_0078,6388,159.95944523752232,0.7066519778291266,run_147
cosbounce_cos_0049,2710,159.92391819555303,64.7986622693306,run_147
cosbounce_cos_0071,6320,159.9189228658007,103.04128706942649,run_147
cosbounce_cos_0011,5114,159.91751449263916,19.00572472545311,run_147
cosbounce_cos_0045,6367,159.89968111746808,0.39130693928611293,run_147
cosbounce_cos_0043,14685,159.85674590022793,49.04536875327076,run_147
cosbounce_cos_0047,1456,159.8204409434886,112.09199088340549,run_147
cosbounce_cos_0036,16808,159.78489517763413,78.17478468802145,run_147
cosbounce_cos_0083,17686,159.68219566303026,63.87589711128942,run_147
cosbounce_cos_0037,19498,159.66158286696887,262.98089702171524,run_147
cosbounce_cos_0064,18625,159.6480658016678,461.00735715117696,run_147
cosbounce_cos_0069,21957,159.58184298606662,7.979254563918922,run_147
cosbounce_cos_0067,16776,159.51738247632406,34.33858437775385,run_147
cosbounce_cos_0048,928,159.48708125899952,48.49407519888528,run_147
cosbounce_cos_0058,1235,159.4529763269708,50.62675308791187,run_147
cosbounce_cos_0034,8531,159.41495627408779,165.39141002865804,run_147
cosbounce_cos_0044,1173,159.4121354433513,15.707105890454137,run_147
cosbounce_cos_0064,14969,159.37585909412348,93.89673197431411,run_147
cosbounce_cos_0027,18685,159.36582012926496,26.849876270926483,run_147
cosbounce_cos_0025,176,159.3137929631646,23.47322714622677,run_147
cosbounce_cos_0021,5597,159.3129666483241,10.053042199033461,run_147
cosbounce_cos_0077,21381,159.29788232685237,28.17380502234803,run_147
cosbounce_cos_0071,13886,159.28108160522433,70.24358825754507,run_147
cosbounce_cos_0025,7420,159.28098357668637,46.00617096295501,run_147
cosbounce_cos_0055,7693,159.2449441653785,28.84269883804882,run_147
cosbounce_cos_0059,13065,159.15581740030942,176.9637004096857,run_147
cosbounce_cos_0073,930,159.11456179321294,6.680152916169159,run_147
cosbounce_cos_0072,2150,159.1139952355652,61.40331176700303,run_147
cosbounce_cos_0074,19798,159.0615822553042,144.94457956366776,run_147
cosbounce_cos_0081,17146,159.0530715125447,21.474318655534862,run_147
cosbounce_cos_0061,12479,158.9962318868533,62.751160799252865,run_147
cosbounce_cos_0082,12765,158.96242667941274,23.724091022529922,run_147
cosbounce_cos_0085,4563,158.9610011260968,37.23509752368387,run_147
cosbounce_cos_0021,18228,158.94307521749255,129.1194969374334,run_147
cosbounce_cos_0070,16657,158.88985187582585,28.137144629795895,run_147
cosbounce_cos_0023,8920,158.87487966223856,3.4955032244958812,run_147
cosbounce_cos_0026,4807,158.7562221111028,9.676122608009416,run_147
cosbounce_cos_0026,6901,158.74167112468015,18.706356767717892,run_147
cosbounce_cos_0067,4806,158.7291168013014,32.88735966208369,run_147
cosbounce_cos_0001,16471,158.6420965168179,383.38586699441527,run_147
cosbounce_cos_0010,1892,158.6180471296051,21.614470285609475,run_147
cosbounce_cos_0076,6831,158.5781009228195,28.045575252571943,run_147
cosbounce_cos_0068,17882,158.56801606167153,17.483574568771857,run_147
cosbounce_cos_0016,2216,158.53258882719376,6.981359180671605,run_147
cosbounce_cos_0040,3082,158.52895283974772,54.052205368913846,run_147
cosbounce_cos_0052,10709,158.49122257315884,36.18900034801516,run_147
cosbounce_cos_0024,18936,158.48922789094397,187.5892724102807,run_147
cosbounce_cos_0058,18337,158.47969125420542,92.93152994893654,run_147
cosbounce_cos_0030,1200,158.46685555935412,64.9539809646261,run_147
cosbounce_cos_0019,12114,158.44614612314425,12.271629995003535,run_147
cosbounce_cos_0048,7029,158.43610484628337,125.83806661936757,run_147
cosbounce_cos_0049,11527,158.4277426140077,50.03899326288495,run_147
cosbounce_cos_0059,18482,158.32868047257125,38.5608096905163,run_147
cosbounce_cos_0050,12819,158.29231934872627,13.928923176450967,run_147
cosbounce_cos_0017,17322,158.28213055715852,244.03566408664514,run_147
cosbounce_cos_0034,9073,158.27512774076683,1.9080048132587895,run_147
cosbounce_cos_0018,22068,158.26685652439215,18.393950596566366,run_147
cosbounce_cos_0016,14798,158.21679971541133,5.3448049874797166,run_147
cosbounce_cos_0041,7720,158.211577832669,108.0736189678988,run_147
cosbounce_cos_0068,2415,158.20060176183506,279.8962095708512,run_147
cosbounce_cos_0068,19519,158.20035089703208,54.85388769066507,run_147
cosbounce_cos_0076,22375,158.1810218567077,39.80926165699921,run_147
cosbounce_cos_0083,14488,158.17430380649802,26.178053106703498,run_147
cosbounce_cos_0027,21918,158.16138336014467,168.31872595768058,run_147
cosbounce_cos_0069,14383,158.1141218530834,259.2016174829183,run_147
cosbounce_cos_0045,4688,158.0538742864519,49.0081200407847,run_147
cosbounce_cos_0017,15006,158.0307847111982,29.2473042071378,run_147
cosbounce_cos_0041,6134,158.0220630142464,46.133522307476326,run_147
cosbounce_cos_0049,1143,157.96907526867793,24.58785628371999,run_147
cosbounce_cos_0027,21881,157.9379822109369,425.1757433100084,run_147
cosbounce_cos_0075,13859,157.91562160822917,25.187070200105044,run_147
cosbounce_cos_0015,1792,157.8828932853196,287.1845974633649,run_147
cosbounce_cos_0046,10824,157.8699558610057,6.420999424419806,run_147
cosbounce_cos_0001,12202,157.84479888212692,195.4071766923106,run_147
cosbounce_cos_0013,18864,157.8442856328207,97.23499649862322,run_147
cosbounce_cos_0020,4270,157.83152263702362,141.76976809516597,run_147
cosbounce_cos_0059,20377,157.82392954823285,2.3520856468964957,run_147
cosbounce_cos_0000,8789,157.81942081072023,335.9117565173037,run_147
cosbounce_cos_0077,4180,157.73339802496287,19.269362027111026,run_147
cosbounce_cos_0018,356,157.7326415261803,16.745380749774316,run_147
cosbounce_cos_0058,22344,157.72482298521905,44.980346101192886,run_147
cosbounce_cos_0014,2962,157.71594611102472,11.291312162930456,run_147
cosbounce_cos_0034,5428,157.6680302257633,79.8447166513305,run_147
cosbounce_cos_0065,7971,157.66414193883713,12.997464103901232,run_147
cosbounce_cos_0004,6463,157.61082401348108,52.6749451776451,run_147
cosbounce_cos_0074,3652,157.59821326204136,65.4025189995632,run_147
cosbounce_cos_0009,14059,157.5531693088673,11.69534958672604,run_147
cosbounce_cos_0083,10249,157.5515906486482,55.33740931063068,run_147
cosbounce_cos_0059,11096,157.53895376447207,5.096795544962729,run_147
cosbounce_cos_0052,10313,157.53208159543277,185.71466422492088,run_147
cosbounce_cos_0023,9596,157.51458449961163,15.980026700045846,run_147
cosbounce_cos_0020,314,157.5101787414972,9.15286313696168,run_147
cosbounce_cos_0053,20964,157.49154753708638,2.900780521529536,run_147
cosbounce_cos_0043,11053,157.43612684407688,33.41737923289911,run_147
cosbounce_cos_0070,16213,157.41340363991543,194.52496873529284,run_147
cosbounce_cos_0025,10712,157.41296304548314,34.256382322463175,run_147
cosbounce_cos_0025,3475,157.37909857581823,83.00381138112111,run_147
cosbounce_cos_0065,9993,157.35931526418625,29.58957891649518,run_147
cosbounce_cos_0038,10143,157.3563176009069,12.148044933076237,run_147
cosbounce_cos_0065,7599,157.35008933606662,330.80749560640487,run_147
cosbounce_cos_0066,371,157.31085686871526,14.700911957181788,run_147
cosbounce_cos_0064,20551,157.25348932293002,335.05536367085887,run_147
cosbounce_cos_0026,4164,157.23020949018695,34.504897496267716,run_147
cosbounce_cos_0026,1731,157.2114604304508,19.63729491828232,run_147
cosbounce_cos_0076,11989,157.211303400116,16.791011509896734,run_147
cosbounce_cos_0065,9697,157.1953905916597,52.4473917742803,run_147
cosbounce_cos_0060,16801,157.14972090770237,72.20507448250954,run_147
cosbounce_cos_0040,21148,157.138113339523,72.49863386063157,run_147
cosbounce_cos_0045,1646,157.07471776736273,62.11292340749329,run_147
cosbounce_cos_0070,16124,157.0590019023879,15.619468133963924,run_147
cosbounce_cos_0080,14546,157.02423908188857,44.719531104178344,run_147
cosbounce_cos_0083,17374,157.00914121105885,172.13105499660998,run_147
cosbounce_cos_0067,5543,156.96948008632515,25.46002929500655,run_147
cosbounce_cos_0045,12306,156.93946879236813,150.08487478942334,run_147
cosbounce_cos_0019,21978,156.90875039475756,201.68877930785277,run_147
cosbounce_cos_0064,8129,156.85949142797836,30.751841628110043,run_147
cosbounce_cos_0033,9248,156.84539278080248,43.51438345494845,run_147
cosbounce_cos_0075,2271,156.84530579782498,91.08916088827543,run_147
cosbounce_cos_0001,15054,156.82834978013076,5.630746439063232,run_147
cosbounce_cos_0062,8362,156.79384642251952,42.6097757077668,run_147
cosbounce_cos_0054,4015,156.72548175557185,3.6952598916598536,run_147
cosbounce_cos_0020,17719,156.69546649588258,336.64439440144594,run_147
cosbounce_cos_0051,15868,156.67335890931605,24.25192068527274,run_147
cosbounce_cos_0052,1885,156.66718790362847,403.42843153616025,run_147
cosbounce_cos_0008,2242,156.64981118536133,0.21909920019905071,run_147
cosbounce_cos_0084,12406,156.58683337112583,299.40031339596743,run_147
cosbounce_cos_0022,4038,156.5327031244512,287.45529677661165,run_147
cosbounce_cos_0023,10996,156.50241463135927,3.807015328114181,run_147
cosbounce_cos_0028,2378,156.50114614444163,86.24649770917964,run_147
cosbounce_cos_0013,630,156.48966747078853,109.06817400992662,run_147
cosbounce_cos_0009,4653,156.46459201056015,4.328395983549008,run_147
cosbounce_cos_0043,21491,156.43405308245454,194.35566394809337,run_147
cosbounce_cos_0022,12488,156.3942769866749,27.269077748827726,run_147
cosbounce_cos_0039,5407,156.28162586402266,17.298204904434662,run_147
cosbounce_cos_0058,13963,156.26953984955273,18.95938530198731,run_147
cosbounce_cos_0053,15969,156.24433633738334,290.71183575967785,run_147
cosbounce_cos_0013,3700,156.23972321194813,60.056725717612146,run_147
cosbounce_cos_0019,11071,156.19306232682467,230.7598717911283,run_147
cosbounce_cos_0080,19365,156.14711562755335,22.841794816494726,run_147
cosbounce_cos_0043,12946,156.12254479506035,168.61065435285647,run_147
cosbounce_cos_0086,8658,156.12193357279642,44.796511555221045,run_147
cosbounce_cos_0051,12604,156.10135892458698,59.93516731816432,run_147
cosbounce_cos_0011,13009,156.05623332522822,212.93252368866996,run_147
cosbounce_cos_0061,20920,156.00184382397336,60.56349195007418,run_147
cosbounce_cos_0015,4222,155.90221357825763,358.4623706939903,run_147
cosbounce_cos_0017,21311,155.839917650911,69.61096654494892,run_147
cosbounce_cos_0003,18151,155.8212719723495,15.037695879958568,run_147
cosbounce_cos_0045,4021,155.77982961844472,14.253783843691178,run_147
cosbounce_cos_0023,6482,155.75889302791168,4.650834788805331,run_147
cosbounce_cos_0084,6984,155.75363096482207,35.12111278041603,run_147
cosbounce_cos_0043,736,155.71861117008243,111.86583244914387,run_147
cosbounce_cos_0005,6422,155.6373536377184,175.06974730592745,run_147
cosbounce_cos_0050,10926,155.55865938141972,54.64231469422111,run_147
cosbounce_cos_0052,5971,155.55803633541018,160.10241090073225,run_147
cosbounce_cos_0036,3534,155.53073295638063,124.22919511551531,run_147
cosbounce_cos_0020,7936,155.50296583080205,330.75568781529495,run_147
cosbounce_cos_0078,18879,155.47006696122307,9.214180941847479,run_147
cosbounce_cos_0066,18438,155.4665498155265,442.926970779791,run_147
cosbounce_cos_0002,9764,155.4520855478016,35.49272899896607,run_147
cosbounce_cos_0001,20838,155.44544974963026,266.6290116353131,run_147
cosbounce_cos_0073,7338,155.39900962633294,199.1016560198781,run_147
cosbounce_cos_0055,19208,155.3454479306263,16.295941780332324,run_147
cosbounce_cos_0012,11567,155.31087806870522,153.17430984446267,run_147
cosbounce_cos_0033,220,155.22919112839176,10.541379934281757,run_147
cosbounce_cos_0053,8686,155.20273025318835,43.22420326670688,run_147
cosbounce_cos_0006,17298,155.0971680610315,256.64568764127733,run_147
cosbounce_cos_0067,6133,155.01999739731795,14.700433284330469,run_147
cosbounce_cos_0081,16877,155.01543028032702,54.817008359701674,run_147
cosbounce_cos_0055,2734,154.97359196871423,16.170871498492264,run_147
cosbounce_cos_0011,12027,154.96643388487396,143.47979430439284,run_147
cosbounce_cos_0039,7216,154.94095635027034,45.489831745399435,run_147
cosbounce_cos_0070,14410,154.87760499253937,127.03237993798875,run_147
cosbounce_cos_0046,6410,154.8706135791588,53.58039620415359,run_147
cosbounce_cos_0072,17304,154.855867734304,6.633991990226629,run_147
cosbounce_cos_0031,17486,154.84780958183197,107.2844942874659,run_147
cosbounce_cos_0030,21178,154.82837212660675,61.113590019083524,run_147
cosbounce_cos_0044,1877,154.71530245295097,336.318137541449,run_147
cosbounce_cos_0013,15191,154.64409051343148,125.3765591178154,run_147
cosbounce_cos_0005,12797,154.5611961043218,222.95191744012533,run_147
cosbounce_cos_0031,17050,154.54177674404139,100.15307416959459,run_147
cosbounce_cos_0067,6121,154.52685149405903,199.81930446553181,run_147
cosbounce_cos_0025,20153,154.46336080426713,6.432003980955555,run_147
cosbounce_cos_0050,5076,154.40680471770338,185.72420960116133,run_147
cosbounce_cos_0000,18939,154.363380178724,5.765705574081058,run_147
cosbounce_cos_0085,21658,154.33305841315888,13.18140284159351,run_147
cosbounce_cos_0015,16170,154.27354042458478,16.60048357776617,run_147
cosbounce_cos_0011,21955,154.27001679691918,60.872312302550036,run_147
cosbounce_cos_0070,2111,154.26246228920326,133.52258098324032,run_147
cosbounce_cos_0063,3305,154.24985985431164,2.759904557317608,run_147
cosbounce_cos_0002,10760,154.18468504884112,47.54103050035389,run_147
cosbounce_cos_0069,21827,154.15483129200052,19.55430737118554,run_147
cosbounce_cos_0021,12129,154.11100262699702,105.3869919361551,run_147
cosbounce_cos_0086,8667,154.03492428686795,20.24701652455332,run_147
cosbounce_cos_0014,11510,153.99938102115195,46.30462583223172,run_147
cosbounce_cos_0028,2045,153.97732274222915,53.265919754261475,run_147
cosbounce_cos_0066,17242,153.94605582054737,10.239561974529774,run_147
cosbounce_cos_0042,7107,153.93826100880486,4.651314380320195,run_147
cosbounce_cos_0015,4755,153.92611411024697,254.0056303976058,run_147
cosbounce_cos_0002,21369,153.91996370101955,6.832820919264161,run_147
cosbounce_cos_0037,132,153.8794686823717,146.57702763946344,run_147
cosbounce_cos_0083,9579,153.86005763147054,1.420539808655601,run_147
cosbounce_cos_0066,18498,153.82950667828072,242.50106564279127,run_147
cosbounce_cos_0033,2059,153.80926516249187,38.186677883838684,run_147
cosbounce_cos_0003,3019,153.77689190288422,24.757053787684626,run_147
cosbounce_cos_0061,18037,153.73807654017287,1.5018599122964056,run_147
cosbounce_cos_0037,9289,153.73374349173454,17.790505634094373,run_147
cosbounce_cos_0060,30,153.6430355655068,26.208213977112557,run_147
cosbounce_cos_0010,4550,153.6148379708768,43.7554587773297,run_147
cosbounce_cos_0070,10185,153.58912433969817,143.1200051818624,run_147
cosbounce_cos_0080,19495,153.58742037431603,181.18665857010467,run_147
cosbounce_cos_0002,12021,153.51761190625925,56.405421491372024,run_147
cosbounce_cos_0019,17503,153.47991617477177,20.91139596685317,run_147
cosbounce_cos_0012,1247,153.45605549734128,265.1425444688561,run_147
cosbounce_cos_0054,9996,153.45439977245644,46.126583205551896,run_147
cosbounce_cos_0058,9466,153.4270155528629,5.015279039233026,run_147
cosbounce_cos_0035,8427,153.409141459179,43.88084079585893,run_147
cosbounce_cos_0062,7334,153.37546809808669,8.66546208899949,run_147
cosbounce_cos_0010,6923,153.36336712334506,28.368353812209,run_147
cosbounce_cos_0079,16084,153.24911266646674,182.35794422823568,run_147
cosbounce_cos_0030,10342,153.14751044296446,39.301304858691736,run_147
cosbounce_cos_0000,2576,153.14601920645984,7.204338423575479,run_147
cosbounce_cos_0080,13874,153.13997038886976,9.992952468667987,run_147
cosbounce_cos_0081,52,153.12196746192834,46.45338351610951,run_147
cosbounce_cos_0042,6419,153.1207940224437,73.70369938992405,run_147
cosbounce_cos_0012,18823,153.07903822005832,102.70310421455648,run_147
cosbounce_cos_0058,11804,153.00903181860483,51.209635806572344,run_147
cosbounce_cos_0070,2387,152.99324728833415,12.182515974464055,run_147
cosbounce_cos_0004,21212,152.95543667390749,97.8077117608522,run_147
cosbounce_cos_0065,571,152.9553256418909,18.251444800531637,run_147
cosbounce_cos_0027,306,152.9521833776963,58.03933063214762,run_147
cosbounce_cos_0077,21305,152.8864463443021,29.691693958405907,run_147
cosbounce_cos_0022,7303,152.86646351356634,13.741740118055366,run_147
cosbounce_cos_0043,13690,152.81677979686197,12.784025739383301,run_147
cosbounce_cos_0003,17392,152.8137291072481,138.51047577036212,run_147
cosbounce_cos_0070,20434,152.7903583934168,76.90830632922113,run_147
cosbounce_cos_0080,5662,152.7602264222207,29.980792814835024,run_147
cosbounce_cos_0046,13733,152.7325812818277,66.84517942390504,run_147
cosbounce_cos_0069,8147,152.7231756223055,14.786927427778485,run_147
cosbounce_cos_0000,4586,152.65768019321447,30.139551269515277,run_147
cosbounce_cos_0024,11697,152.54367771205742,26.893878777067272,run_147
cosbounce_cos_0064,17328,152.4804014384839,249.85703438515444,run_147
cosbounce_cos_0024,10335,152.4756478116344,10.694666661879308,run_147
cosbounce_cos_0049,4897,152.46987532551307,181.93737105109017,run_147
cosbounce_cos_0003,6864,152.40239031517456,59.37900310080409,run_147
cosbounce_cos_0068,6945,152.222341145331,37.58826797282081,run_147
cosbounce_cos_0071,4693,152.21750775805629,88.03917715885333,run_147
cosbounce_cos_0083,16786,152.18515467969465,36.333178880294696,run_147
cosbounce_cos_0077,14180,152.14086255709927,29.207259682619,run_147
cosbounce_cos_0059,10321,152.10173271411463,141.52052367902743,run_147
cosbounce_cos_0038,14892,152.05707560687517,7.29670560794175,run_147
cosbounce_cos_0040,253,152.0445213577682,229.93703247650282,run_147
cosbounce_cos_0085,1269,152.03993124728947,100.3728479610903,run_147
cosbounce_cos_0079,416,151.99826562351822,23.585680421607154,run_147
cosbounce_cos_0076,16827,151.95790568512027,295.360715993016,run_147
cosbounce_cos_0042,12198,151.9483711475699,308.7954169898121,run_147
cosbounce_cos_0007,19031,151.9226918719032,14.530045087024154,run_147
cosbounce_cos_0054,6381,151.91774137114754,40.40571092396262,run_147
cosbounce_cos_0023,1227,151.90708254937397,24.737600909003294,run_147
cosbounce_cos_0085,16758,151.88862482191234,45.49762795838312,run_147
cosbounce_cos_0085,5975,151.87041577153423,6.356207050984676,run_147
cosbounce_cos_0072,14406,151.77559099038442,30.191872152638858,run_147
cosbounce_cos_0054,12135,151.70887139928524,16.069707708254068,run_147
cosbounce_cos_0045,6294,151.58373879424778,188.00960537140878,run_147
cosbounce_cos_0022,10197,151.5700940965747,15.739275338111655,run_147
cosbounce_cos_0063,13370,151.5491745623231,1.5134961825011404,run_147
cosbounce_cos_0022,11252,151.48614669747852,119.56588143421607,run_147
cosbounce_cos_0015,21481,151.472172240969,26.854597141466066,run_147
cosbounce_cos_0028,18447,151.44623888282945,309.95919696805146,run_147
cosbounce_cos_0077,3435,151.4303002906761,116.86180679459426,run_147
cosbounce_cos_0059,5078,151.39821028062258,1.9467086152231616,run_147
cosbounce_cos_0042,2766,151.39354355480927,123.89591788079129,run_147
cosbounce_cos_0013,10039,151.3889164290071,189.1573262065766,run_147
cosbounce_cos_0057,9376,151.38713410439289,25.20079419703532,run_147
cosbounce_cos_0018,14909,151.33633779420612,31.428143773471543,run_147
cosbounce_cos_0039,5885,151.33447757917753,47.102044497373385,run_147
cosbounce_cos_0000,10860,151.2288826172218,20.62491504821841,run_147
cosbounce_cos_0068,15642,151.22781612471988,123.0352751167084,run_147
cosbounce_cos_0061,20494,151.1328914521958,127.70688722269493,run_147
cosbounce_cos_0077,11504,151.0978571326667,68.12079645316999,run_147
cosbounce_cos_0009,8288,151.09141706567127,273.4392255293871,run_147
cosbounce_cos_0072,8008,151.07457379742698,1.7378920321683513,run_147
cosbounce_cos_0068,21146,151.04459036307827,14.318122873036467,run_147
cosbounce_cos_0016,6737,151.02273278807422,11.43653855478099,run_147
cosbounce_cos_0033,1393,150.98374795667274,215.04399677703927,run_147
cosbounce_cos_0041,11954,150.91226901235288,24.317634323302,run_147
cosbounce_cos_0001,3535,150.8836759554648,15.101556535329767,run_147
cosbounce_cos_0014,9550,150.87253520397635,45.184463151262705,run_147
cosbounce_cos_0024,1826,150.8657780700006,174.7083783750081,run_147
cosbounce_cos_0044,1777,150.84027580188774,215.6673582974832,run_147
cosbounce_cos_0067,13327,150.75376245640422,40.439569288459055,run_147
cosbounce_cos_0076,1842,150.72894207052767,23.578304343966757,run_147
cosbounce_cos_0010,4833,150.60135352222184,3.2780118980793147,run_147
cosbounce_cos_0057,5034,150.5976163991675,3.926288254827417,run_147
cosbounce_cos_0006,6112,150.52422516106864,10.516555454901331,run_147
cosbounce_cos_0061,4646,150.49961368431073,53.998037154996034,run_147
cosbounce_cos_0078,8038,150.48444003681334,317.83444479749437,run_147
cosbounce_cos_0057,3568,150.4818207441436,30.360021853731887,run_147
cosbounce_cos_0060,20247,150.35412909611233,287.60719895141705,run_147
cosbounce_cos_0023,1693,150.35189275537508,76.84767401918228,run_147
cosbounce_cos_0082,1032,150.3087782027117,6.926882135827658,run_147
cosbounce_cos_0022,21087,150.25430621055085,3.5056796083221986,run_147
cosbounce_cos_0067,3074,150.24493875082376,5.964870151051438,run_147
cosbounce_cos_0037,229,150.19359767174734,37.86457603735515,run_147
cosbounce_cos_0045,3348,150.1397228524689,29.11584238679928,run_147
cosbounce_cos_0013,8602,150.12770138775832,148.04183024184223,run_147
cosbounce_cos_0006,11931,150.1234620805949,296.7864952566958,run_147
cosbounce_cos_0019,1425,150.074327728719,157.09529912957404,run_147
cosbounce_cos_0084,5639,150.01252122874723,7.6891107503947556,run_147
cosbounce_cos_0024,20825,149.99324335254101,63.42936749436075,run_147
cosbounce_cos_0010,19169,149.99247047079095,21.449729243367127,run_147
cosbounce_cos_0058,21122,149.87768533610603,160.4988992449535,run_147
cosbounce_cos_0046,13682,149.8707485108497,44.92556234557845,run_147
cosbounce_cos_0043,5141,149.86811809406203,21.461384507203682,run_147
cosbounce_cos_0053,7903,149.82460707236456,38.638170826189416,run_147
cosbounce_cos_0010,5951,149.79365825158584,4.259159838614076,run_147
cosbounce_cos_0040,5899,149.78644655618803,74.99411738988391,run_147
cosbounce_cos_0042,7993,149.78127970004138,11.050911136000607,run_147
cosbounce_cos_0040,19552,149.63945122152938,54.225588421681316,run_147
cosbounce_cos_0068,19317,149.63938659130756,471.92413306159574,run_147
cosbounce_cos_0056,7625,149.62514855322706,31.725627895219066,run_147
cosbounce_cos_0068,5111,149.61078484441592,183.07883109271327,run_147
cosbounce_cos_0024,9006,149.60769962078,69.73732214392689,run_147
cosbounce_cos_0029,14082,149.59994630827072,9.442691467076864,run_147
cosbounce_cos_0031,12543,149.59796221906308,332.5517696135765,run_147
cosbounce_cos_0039,15893,149.59525775919232,295.18793348010274,run_147
cosbounce_cos_0026,16562,149.50194725712427,72.9987339284234,run_147
cosbounce_cos_0055,13218,149.4984143138512,57.627292158810604,run_147
cosbounce_cos_0005,19920,149.38421862336705,357.3725578510801,run_147
cosbounce_cos_0016,3777,149.37234676562676,364.89248098323816,run_147
cosbounce_cos_0041,2575,149.29679381886797,30.613395474267158,run_147
cosbounce_cos_0073,12264,149.2682937645752,18.61221935814184,run_147
cosbounce_cos_0028,16268,149.21422538647587,66.53039847479825,run_147
cosbounce_cos_0020,2588,149.21239860756273,99.23541446590929,run_147
cosbounce_cos_0068,2563,149.09404079040928,18.447173624217953,run_147
cosbounce_cos_0077,9851,149.07874250896697,5.204379237207139,run_147
cosbounce_cos_0032,6194,149.05813499710527,21.94376348542629,run_147
cosbounce_cos_0010,1035,149.0025247966771,7.010963574827836,run_147
cosbounce_cos_0064,20154,148.99010182494698,8.37307656808667,run_147
cosbounce_cos_0060,21799,148.9114337076499,3.0324399779573326,run_147
cosbounce_cos_0042,22439,148.90740839265686,48.26222394604315,run_147
cosbounce_cos_0045,13273,148.89151454431519,15.508307975641598,run_147
cosbounce_cos_0011,5907,148.88825342130397,33.780373069641875,run_147
cosbounce_cos_0040,20254,148.87138325698308,107.91962855266685,run_147
cosbounce_cos_0034,2326,148.87045322433138,31.592702165363015,run_147
cosbounce_cos_0027,5889,148.82802754374217,29.36455245664042,run_147
cosbounce_cos_0071,13613,148.7772589578224,48.148445705921894,run_147
cosbounce_cos_0082,19468,148.75985339707606,39.83234468218932,run_147
cosbounce_cos_0026,3245,148.7019315359757,229.6223070491992,run_147
cosbounce_cos_0065,21397,148.68873238519825,34.1374562082603,run_147
cosbounce_cos_0051,11826,148.64121670082696,236.1630929498506,run_147
cosbounce_cos_0041,14293,148.559009738239,36.24902337237717,run_147
cosbounce_cos_0031,8420,148.55838515999665,205.15980732151382,run_147
cosbounce_cos_0022,9524,148.45817425729925,0.35458197882139514,run_147
cosbounce_cos_0054,21552,148.42393959026998,27.26325440133042,run_147
cosbounce_cos_0078,12051,148.36608621688666,38.822029108068676,run_147
cosbounce_cos_0084,16629,148.30363238685686,61.62586683128868,run_147
cosbounce_cos_0028,6010,148.2325542031811,41.4677637656024,run_147
cosbounce_cos_0050,16728,148.19262551262872,139.21029673422157,run_147
cosbounce_cos_0046,13436,148.17800216673004,75.63317497918476,run_147
cosbounce_cos_0024,19326,148.17757813721383,154.86286016128255,run_147
cosbounce_cos_0064,472,148.17712293467565,341.37356647420404,run_147
cosbounce_cos_0042,17683,148.13461217373984,1.5398250295853855,run_147
cosbounce_cos_0072,39,148.103101305677,37.194730754798,run_147
cosbounce_cos_0006,20688,148.07726829839575,147.23236304199742,run_147
cosbounce_cos_0013,4153,148.0412070039585,14.657638749553316,run_147
cosbounce_cos_0068,20009,148.0261655805292,241.96906673932426,run_147
cosbounce_cos_0014,18730,147.98988807982977,19.77094850600438,run_147
cosbounce_cos_0008,95,147.75539408414525,183.1569965819487,run_147
cosbounce_cos_0000,4472,147.72193728611003,367.479535674618,run_147
cosbounce_cos_0009,13429,147.69071945831007,7.901513448557639,run_147
cosbounce_cos_0043,13265,147.66737152809884,53.967705801535494,run_147
cosbounce_cos_0017,21385,147.6666208665962,12.572632553820602,run_147
cosbounce_cos_0079,2822,147.63460943492825,349.45110168493994,run_147
cosbounce_cos_0073,17310,147.61656252764084,6.878988843067791,run_147
cosbounce_cos_0011,20639,147.6120754390036,57.144306598369695,run_147
cosbounce_cos_0084,19972,147.6111730576499,9.570781704966208,run_147
cosbounce_cos_0054,3193,147.58467068271833,130.2603212185985,run_147
cosbounce_cos_0048,10530,147.53088555502774,0.5975526436288197,run_147
cosbounce_cos_0040,17330,147.52170882603716,267.3481266089237,run_147
cosbounce_cos_0017,697,147.44649840610606,48.3043085753025,run_147
cosbounce_cos_0050,2778,147.44605831229225,60.13054427729134,run_147
cosbounce_cos_0058,11477,147.34900455252966,1.9694310561373691,run_147
cosbounce_cos_0012,19900,147.32028038525584,14.714645266523387,run_147
cosbounce_cos_0083,1721,147.27936520808547,212.66504031339997,run_147
cosbounce_cos_0052,19785,147.25809668473482,22.08444730201819,run_147
cosbounce_cos_0004,3597,147.24839870863465,25.23548418787262,run_147
cosbounce_cos_0043,8323,147.11870300491464,108.30278239187457,run_147
cosbounce_cos_0012,4754,147.05958418027342,36.986703811724695,run_147
cosbounce_cos_0009,4907,147.02878200256657,162.18054146618357,run_147
cosbounce_cos_0081,4032,146.99702214592602,5.867920672358381,run_147
cosbounce_cos_0084,7214,146.94266499513168,29.884499821982157,run_147
cosbounce_cos_0055,547,146.8681466521775,21.82807156707103,run_147
cosbounce_cos_0026,697,146.80986109557713,359.03698358232907,run_147
cosbounce_cos_0079,21342,146.7852501433951,98.3126496733822,run_147
cosbounce_cos_0000,12187,146.77478975027856,39.97459528235011,run_147
cosbounce_cos_0036,5838,146.70644566474186,3.1437804236095905,run_147
cosbounce_cos_0075,10984,146.6917647471981,121.1283862869831,run_147
cosbounce_cos_0010,14504,146.552141872083,19.74495610238105,run_147
cosbounce_cos_0013,1642,146.5225561455804,155.32355440657705,run_147
cosbounce_cos_0070,14085,146.52005895567984,155.1540642441906,run_147
cosbounce_cos_0040,10831,146.5067642573057,80.54562245571508,run_147
cosbounce_cos_0080,18832,146.4668087542607,17.508915533184016,run_147
cosbounce_cos_0004,12894,146.45488785978563,135.22867243597682,run_147
cosbounce_cos_0072,6153,146.44927819246467,3.294966019391634,run_147
cosbounce_cos_0068,9710,146.43406036640943,301.9076654413367,run_147
cosbounce_cos_0066,18655,146.4114500880708,334.1256934691752,run_147
cosbounce_cos_0071,16519,146.2318378596605,44.01718875858549,run_147
cosbounce_cos_0060,17541,146.16263986548697,48.30840877976574,run_147
cosbounce_cos_0064,16967,146.04008787221903,27.588892475177378,run_147
cosbounce_cos_0013,15036,146.0299647640277,1.2193157478207088,run_147
cosbounce_cos_0027,6214,145.99269528370417,50.1798241210192,run_147
cosbounce_cos_0033,3935,145.95639627697173,25.33281020191043,run_147
cosbounce_cos_0077,21204,145.921760488131,284.98771218486286,run_147
cosbounce_cos_0052,10864,145.91517939701768,14.610935303530255,run_147
cosbounce_cos_0082,6990,145.89547059930226,9.891171034963302,run_147
cosbounce_cos_0021,1289,145.884888200625,4.099321716697351,run_147
cosbounce_cos_0025,21473,145.8739912599843,1.3599980016407287,run_147
cosbounce_cos_0034,19134,145.86039255857824,27.161917922325838,run_147
cosbounce_cos_0080,21792,145.84479508751238,38.080422662402825,run_147
cosbounce_cos_0003,5361,145.7221001768711,245.69525023583833,run_147
cosbounce_cos_0008,15280,145.69677824397584,248.87379248426348,run_147
cosbounce_cos_0004,22614,145.67799163124337,85.48606956599619,run_147
cosbounce_cos_0047,22357,145.66369152271525,209.74482508826992,run_147
cosbounce_cos_0019,13389,145.63210616046672,154.27720346378496,run_147
cosbounce_cos_0075,1187,145.6196726441769,141.3596629883004,run_147
cosbounce_cos_0027,20307,145.60894693380106,140.2227167548184,run_147
cosbounce_cos_0046,2106,145.5833457550741,176.7355978608642,run_147
cosbounce_cos_0078,17065,145.55849724469405,120.94148613270504,run_147
cosbounce_cos_0043,3938,145.52942913570539,18.46171739109254,run_147
cosbounce_cos_0066,4059,145.4805218928434,3.5614992570802406,run_147
cosbounce_cos_0024,20354,145.47559830569875,3.2294014276394813,run_147
cosbounce_cos_0001,12420,145.41376087831767,49.86475331254074,run_147
cosbounce_cos_0071,1862,145.37430611194216,7.994692382946342,run_147
cosbounce_cos_0032,18659,145.37184282667008,49.640128272924365,run_147
cosbounce_cos_0035,103,145.33352909223447,211.13023167395193,run_147
cosbounce_cos_0048,14426,145.30490578870499,7.876790781800591,run_147
cosbounce_cos_0048,16457,145.25838963730223,16.122559890608677,run_147
cosbounce_cos_0044,8304,145.24694509290845,16.81559545392184,run_147
cosbounce_cos_0067,18745,145.2343557530291,95.16043835671196,run_147
cosbounce_cos_0082,2944,145.2266976232127,65.32527143191179,run_147
cosbounce_cos_0072,985,145.21234514499864,8.569757934629907,run_147
cosbounce_cos_0001,2472,145.15890753737008,7.514933856788125,run_147
cosbounce_cos_0014,3627,145.0926474429518,206.02156016507774,run_147
cosbounce_cos_0068,2524,144.8614033810319,2.388137067188255,run_147
cosbounce_cos_0066,21281,144.8487022610038,164.5132908016243,run_147
cosbounce_cos_0038,18681,144.73750389466105,32.48367167817869,run_147
cosbounce_cos_0086,8467,144.72412197815976,214.57140921123093,run_147
cosbounce_cos_0064,13575,144.71354477574158,47.82478704989002,run_147
cosbounce_cos_0001,2918,144.67028456920673,1.3100732686330165,run_147
cosbounce_cos_0005,16382,144.62813631862454,195.17185680339676,run_147
cosbounce_cos_0000,19720,144.60289039998918,11.376096115970716,run_147
cosbounce_cos_0064,9774,144.59943278865015,28.01616633229706,run_147
cosbounce_cos_0051,2833,144.5696200036537,208.14320385530345,run_147
cosbounce_cos_0048,4704,144.53513674869646,9.454159839352604,run_147
cosbounce_cos_0080,13707,144.53291183098827,19.965699980561762,run_147
cosbounce_cos_0032,16055,144.52109087911512,31.53625777875574,run_147
cosbounce_cos_0060,12734,144.46889137181213,27.58212502930323,run_147
cosbounce_cos_0017,3214,144.46412822744475,72.18303208396911,run_147
cosbounce_cos_0000,13858,144.42586129463803,11.448207033219841,run_147
cosbounce_cos_0008,20347,144.19377088086333,7.566071369151617,run_147
cosbounce_cos_0014,19453,144.13269235043825,72.71056209719343,run_147
cosbounce_cos_0083,19957,144.11737387670226,81.51156748458617,run_147
cosbounce_cos_0077,19236,144.08943200679857,135.2231054991311,run_147
cosbounce_cos_0000,1300,144.07609230966224,228.29252189945637,run_147
cosbounce_cos_0056,15699,144.05850477970083,104.14898038998831,run_147
cosbounce_cos_0029,13282,144.03319857322805,23.292102584148317,run_147
cosbounce_cos_0051,19851,144.0140863504046,121.90403675335614,run_147
cosbounce_cos_0037,1562,144.01300879065008,178.6375804583466,run_147
cosbounce_cos_0078,4063,143.98483167565664,19.378605615709873,run_147
cosbounce_cos_0084,10908,143.96572041116912,73.68162756554456,run_147
cosbounce_cos_0001,1782,143.96566915130094,216.18182436727244,run_147
cosbounce_cos_0022,7167,143.95962908066537,196.11822545520192,run_147
cosbounce_cos_0084,20533,143.95163679528605,32.07308686019914,run_147
cosbounce_cos_0074,6626,143.8755691637872,97.56769851049529,run_147
cosbounce_cos_0007,17774,143.85999919514228,176.01283259550345,run_147
cosbounce_cos_0007,21909,143.7546527182094,132.2983170743279,run_147
cosbounce_cos_0022,13988,143.74027523149684,149.48228612403898,run_147
cosbounce_cos_0060,2561,143.70789019257472,71.35538527491157,run_147
cosbounce_cos_0025,239,143.65023609908636,1.1166419497363644,run_147
cosbounce_cos_0004,8539,143.57813774960806,14.649245236820487,run_147
cosbounce_cos_0009,19806,143.55356699350872,30.992951569758983,run_147
cosbounce_cos_0061,5654,143.5407616986833,244.50762545348482,run_147
cosbounce_cos_0015,9698,143.49826473989174,17.395265190773358,run_147
cosbounce_cos_0067,5082,143.4972200081805,98.64793416762252,run_147
cosbounce_cos_0004,2536,143.49045899809678,10.850653015310701,run_147
cosbounce_cos_0000,20748,143.47725566118027,207.98065957318235,run_147
cosbounce_cos_0070,21898,143.45633639381288,277.41337247495915,run_147
cosbounce_cos_0046,11009,143.36669297730322,121.24724242079016,run_147
cosbounce_cos_0054,588,143.296064914597,126.66339025695414,run_147
cosbounce_cos_0011,15089,143.28700547623936,518.51773037257,run_147
cosbounce_cos_0084,19164,143.25424325592675,99.09717247813512,run_147
cosbounce_cos_0007,15901,143.2294622721814,270.16713804972994,run_147
cosbounce_cos_0071,12577,143.22550581215705,157.53600824101093,run_147
cosbounce_cos_0009,20009,143.16993001309842,9.195631372625632,run_147
cosbounce_cos_0039,16946,143.0817506463693,59.35866182043054,run_147
cosbounce_cos_0001,15116,143.07912471073192,218.54966973293884,run_147
cosbounce_cos_0011,20928,143.0391731856478,27.151715898227817,run_147
cosbounce_cos_0076,4676,142.99818033290083,140.87021583460412,run_147
cosbounce_cos_0051,2831,142.96723347763862,317.78088449010505,run_147
cosbounce_cos_0056,1222,142.93530735726,67.5238883733772,run_147
cosbounce_cos_0012,19057,142.90670862938623,16.892278288934072,run_147
cosbounce_cos_0058,4837,142.87385223807766,18.471018043775608,run_147
cosbounce_cos_0086,8843,142.73273772815912,96.83370179746069,run_147
cosbounce_cos_0016,4521,142.7283797404185,31.33219592222601,run_147
cosbounce_cos_0048,21087,142.7090841506542,42.50020511056578,run_147
cosbounce_cos_0052,12610,142.6764471566645,110.44227861151631,run_147
cosbounce_cos_0085,7786,142.6510261167416,220.33237383805886,run_147
cosbounce_cos_0052,19610,142.62901090260664,6.2913690191315235,run_147
cosbounce_cos_0063,16166,142.62866585632253,23.452989569169983,run_147
cosbounce_cos_0041,18620,142.60899176020806,82.40112521903494,run_147
cosbounce_cos_0011,20914,142.52195377723277,146.29651079607163,run_147
cosbounce_cos_0008,19855,142.50838080718646,406.2584246852861,run_147
cosbounce_cos_0005,20337,142.45307903688058,39.542875818199754,run_147
cosbounce_cos_0026,10190,142.452470960021,148.17923879549494,run_147
cosbounce_cos_0033,18879,142.44403039622932,1.2717829411933985,run_147
cosbounce_cos_0073,8332,142.35775264893877,166.63048969854947,run_147
cosbounce_cos_0086,3475,142.2936371724093,311.9346514439638,run_147
cosbounce_cos_0005,15315,142.29221794408758,23.738661019921853,run_147
cosbounce_cos_0024,20186,142.27113289540486,271.35525724176443,run_147
cosbounce_cos_0057,7283,142.24386455897513,36.77919253090493,run_147
cosbounce_cos_0026,3207,142.22335114339,120.2366687292372,run_147
cosbounce_cos_0005,1735,142.19050121677688,5.57960888179463,run_147
cosbounce_cos_0026,15936,142.1765123544071,38.44535404998547,run_147
cosbounce_cos_0067,17774,142.15602248122562,13.82429460833248,run_147
cosbounce_cos_0082,2755,142.1431939490085,6.922359339908138,run_147
cosbounce_cos_0057,20326,142.0997439223917,15.335463592802103,run_147
cosbounce_cos_0033,9177,142.0877672186115,98.04500444773437,run_147
cosbounce_cos_0036,14993,142.0763412010179,67.7952601176975,run_147
cosbounce_cos_0048,21032,142.07544453271439,4.0037800632042195,run_147
cosbounce_cos_0014,6571,142.06101808412467,162.94530166695253,run_147
cosbounce_cos_0075,7149,142.04916817373567,12.101141192274588,run_147
cosbounce_cos_0030,9433,142.02524619487107,4.805454062871846,run_147
cosbounce_cos_0014,3799,142.02191221329605,208.35895558706298,run_147
cosbounce_cos_0013,20481,141.99900134942393,502.47825709698196,run_147
cosbounce_cos_0047,13863,141.99143164709037,39.592943774300785,run_147
cosbounce_cos_0022,13703,141.94869898297273,101.26476387111734,run_147
cosbounce_cos_0032,14643,141.948671549414,128.9410066249915,run_147
cosbounce_cos_0070,13506,141.94246066721584,32.16708561036771,run_147
cosbounce_cos_0005,9349,141.86469214037032,24.691986620066643,run_147
cosbounce_cos_0063,1227,141.7888947071047,103.0233240158868,run_147
cosbounce_cos_0031,3092,141.74976336241528,19.19705355537593,run_147
cosbounce_cos_0059,20002,141.736875974227,85.03789160970898,run_147
cosbounce_cos_0042,4331,141.70344173605844,0.8466152835370858,run_147
cosbounce_cos_0001,1296,141.6347944284098,3.2589168241835273,run_147
cosbounce_cos_0031,6419,141.63101037008758,23.1807223904014,run_147
cosbounce_cos_0044,4514,141.6134518379918,56.01631366200926,run_147
cosbounce_cos_0081,14035,141.40030752978592,26.698594862056353,run_147
cosbounce_cos_0060,16256,141.3904620573874,100.43207149209506,run_147
cosbounce_cos_0070,775,141.35739658455805,16.464654108940888,run_147
cosbounce_cos_0082,8488,141.34844215426716,147.62824979562956,run_147
cosbounce_cos_0037,19067,141.31896088552017,17.017860440274237,run_147
cosbounce_cos_0020,9441,141.2806343195874,30.82831818474951,run_147
cosbounce_cos_0047,12853,141.28006926526433,237.6396509495869,run_147
cosbounce_cos_0060,12800,141.27132675930426,54.34154046622646,run_147
cosbounce_cos_0062,18207,141.26048637447238,62.382885626825455,run_147
cosbounce_cos_0078,13725,141.2234887516186,65.80735753714893,run_147
cosbounce_cos_0011,10280,141.20295467105564,328.64782710126093,run_147
cosbounce_cos_0036,7933,141.20199130103828,2.3175494950409825,run_147
cosbounce_cos_0018,144,141.19407472249898,61.995665779878365,run_147
cosbounce_cos_0035,8504,141.18197589646306,25.50032995313525,run_147
cosbounce_cos_0003,1358,141.10949557081892,3.0059209452508453,run_147
cosbounce_cos_0008,7268,141.07737277560219,26.885373722902603,run_147
cosbounce_cos_0008,2941,141.0705497993681,2.83285721235079,run_147
cosbounce_cos_0022,16947,141.04278216905587,20.285662160307076,run_147
cosbounce_cos_0043,15977,141.03537608661156,1.1346891054878028,run_147
cosbounce_cos_0049,2793,140.9536979395612,90.00977093994578,run_147
cosbounce_cos_0076,12754,140.92414570278342,391.58470630680085,run_147
cosbounce_cos_0070,16332,140.87971160143962,261.7522642109705,run_147
cosbounce_cos_0035,5145,140.83262481652721,76.91169692548246,run_147
cosbounce_cos_0007,21311,140.7757744183782,154.5035930310354,run_147
cosbounce_cos_0021,11060,140.68001479670951,53.81873690723144,run_147
cosbounce_cos_0044,6631,140.67590000716817,100.28399057311513,run_147
cosbounce_cos_0023,652,140.49315545041486,56.96149864536627,run_147
cosbounce_cos_0072,21928,140.49039880972654,50.85131743163217,run_147
cosbounce_cos_0073,9084,140.4413225157224,400.7022245099708,run_147
cosbounce_cos_0032,7375,140.28739267584763,162.82848494432554,run_147
cosbounce_cos_0032,15270,140.27203787294982,5.990162149037561,run_147
cosbounce_cos_0079,19029,140.257624209966,12.785039837209023,run_147
cosbounce_cos_0004,11907,140.23024715484618,15.869162560843941,run_147
cosbounce_cos_0056,10831,140.1808922334349,66.61500571759916,run_147
cosbounce_cos_0042,6820,140.18020546737,38.14921960050822,run_147
cosbounce_cos_0042,19727,140.16358836881972,61.772577925422866,run_147
cosbounce_cos_0001,15097,140.07480317436753,308.37594349816925,run_147
cosbounce_cos_0061,9634,140.0634540982148,133.44142323487227,run_147
cosbounce_cos_0076,15159,140.05730493227867,12.17160365122769,run_147
cosbounce_cos_0068,10418,140.04238423792464,269.4627486701387,run_147
cosbounce_cos_0032,2738,139.97675630436058,4.435764799626843,run_147
cosbounce_cos_0018,15448,139.96209264675036,12.579812844263838,run_147
cosbounce_cos_0055,4849,139.9506685857218,20.296407043294163,run_147
cosbounce_cos_0019,10282,139.84662606302354,157.0275273354326,run_147
cosbounce_cos_0035,19588,139.8281824410331,132.57176418891802,run_147
cosbounce_cos_0025,5085,139.79029661150247,62.00880184361584,run_147
cosbounce_cos_0018,13767,139.7719475466078,223.22717589857692,run_147
cosbounce_cos_0004,12756,139.73350409626985,363.0276510686007,run_147
cosbounce_cos_0002,5642,139.73337584378052,25.756224917795194,run_147
cosbounce_cos_0014,16444,139.68777079442077,0.9787630450609823,run_147
cosbounce_cos_0013,5670,139.6127727953498,398.57335237927805,run_147
cosbounce_cos_0020,4557,139.60007173308927,54.45174520791588,run_147
cosbounce_cos_0064,495,139.5869911475899,18.247969949882364,run_147
cosbounce_cos_0023,13661,139.46747996126618,45.49615012348693,run_147
cosbounce_cos_0038,10069,139.43947704854597,62.674578221482314,run_147
cosbounce_cos_0048,20299,139.42440391617538,20.914470066580538,run_147
cosbounce_cos_0077,1580,139.39019871508535,391.4045348794761,run_147
cosbounce_cos_0026,8312,139.36782027181454,55.08104043683629,run_147
cosbounce_cos_0010,5972,139.36606294912383,5.947029578536687,run_147
cosbounce_cos_0044,10033,139.3561268630959,41.531361355602996,run_147
cosbounce_cos_0018,6393,139.28190059728325,158.94940565214893,run_147
cosbounce_cos_0021,4507,139.2478144869631,29.009069158386627,run_147
cosbounce_cos_0078,20713,139.2147582874014,15.337422681661577,run_147
cosbounce_cos_0019,13284,139.192397545711,23.858435686463572,run_147
cosbounce_cos_0024,16227,139.18338266449322,308.6206078407319,run_147
cosbounce_cos_0053,16670,139.1699432168709,22.827214761644395,run_147
cosbounce_cos_0004,21031,139.12369843199545,150.00971830741415,run_147
cosbounce_cos_0005,598,138.9881338891012,116.46744178725245,run_147
cosbounce_cos_0042,3704,138.95816754712897,18.57399862736602,run_147
cosbounce_cos_0030,21252,138.9404956851246,17.41032684301977,run_147
cosbounce_cos_0010,5600,138.8576661024857,13.595954464116128,run_147
cosbounce_cos_0080,13279,138.81038348216666,115.85489859931398,run_147
cosbounce_cos_0075,12328,138.77174633704487,160.98508572896597,run_147
cosbounce_cos_0084,20169,138.7347651982443,22.40182565736191,run_147
cosbounce_cos_0062,5561,138.72917102631675,204.18607349890604,run_147
cosbounce_cos_0060,9280,138.7248338232521,184.64843420692145,run_147
cosbounce_cos_0000,1511,138.66715570598063,187.3108884275919,run_147
cosbounce_cos_0043,21390,138.65834467988313,348.7461932317329,run_147
cosbounce_cos_0012,11787,138.65362914046275,0.4624186371371901,run_147
cosbounce_cos_0055,20278,138.60151697519817,47.58256852485605,run_147
cosbounce_cos_0080,2239,138.58824899568774,111.28780199883799,run_147
cosbounce_cos_0010,11091,138.56098686297074,5.536622150707274,run_147
cosbounce_cos_0062,9381,138.492470641651,3.0094432927502752,run_147
cosbounce_cos_0055,16205,138.48794893005876,363.9456297898276,run_147
cosbounce_cos_0059,6801,138.4761786526695,45.087577501892646,run_147
cosbounce_cos_0002,1509,138.4466556031623,151.548370917013,run_147
cosbounce_cos_0036,3015,138.41916632329202,131.21725165366598,run_147
cosbounce_cos_0051,16995,138.4174947995535,289.41343775641536,run_147
cosbounce_cos_0005,12411,138.4053023794743,107.09562129293703,run_147
cosbounce_cos_0021,8101,138.2591455356451,308.20134108788153,run_147
cosbounce_cos_0027,9696,138.25104335258632,121.86500907812108,run_147
cosbounce_cos_0052,4114,138.22051533207488,52.91740381218713,run_147
cosbounce_cos_0037,4486,138.17363897172402,361.9568459832775,run_147
cosbounce_cos_0085,1650,138.15442243522486,15.143058264000665,run_147
cosbounce_cos_0083,14383,138.13397094562305,298.0991217543289,run_147
cosbounce_cos_0069,12708,138.12494761487093,29.386639652948567,run_147
cosbounce_cos_0060,1094,138.10330426175787,20.53043043603608,run_147
cosbounce_cos_0036,16699,138.07086832560938,62.34409405832951,run_147
cosbounce_cos_0053,9144,138.06077156788896,94.30711766556225,run_147
cosbounce_cos_0021,2858,138.0086358917128,11.154218155071842,run_147
cosbounce_cos_0011,18778,137.81208487411908,10.659865415052296,run_147
cosbounce_cos_0026,18274,137.7780720577744,1.2782931344232353,run_147
cosbounce_cos_0036,605,137.6998959508795,45.722726839808,run_147
cosbounce_cos_0066,19724,137.69758248851548,165.66371679030993,run_147
cosbounce_cos_0042,365,137.68629251545397,295.0464860986698,run_147
cosbounce_cos_0005,945,137.68116210135165,34.34590342536007,run_147
cosbounce_cos_0045,4579,137.67462628636304,143.25497850966394,run_147
cosbounce_cos_0047,3410,137.67329038428073,373.7119519197202,run_147
cosbounce_cos_0067,3306,137.6726136798451,106.94220522721174,run_147
cosbounce_cos_0059,7949,137.57301671646192,12.27172433698432,run_147
cosbounce_cos_0063,121,137.55707139795294,3.3445535742215817,run_147
cosbounce_cos_0077,18367,137.5157891563058,113.78519856177327,run_147
cosbounce_cos_0030,11814,137.50073278664127,4.8991464196901475,run_147
cosbounce_cos_0005,5115,137.46389950027992,290.8295329742338,run_147
cosbounce_cos_0059,18512,137.46244651327663,66.91142662595841,run_147
cosbounce_cos_0054,2803,137.45573219674696,18.71986921665243,run_147
cosbounce_cos_0013,4407,137.45339913101054,217.90903857403828,run_147
cosbounce_cos_0053,6870,137.40371150336594,59.04736482658386,run_147
cosbounce_cos_0037,6775,137.34164030596236,8.699948543266423,run_147
cosbounce_cos_0009,4709,137.28975113646396,22.47413134911081,run_147
cosbounce_cos_0039,17741,137.26287979069377,23.42082155740085,run_147
cosbounce_cos_0027,15356,137.20999322827478,53.49336707764313,run_147
cosbounce_cos_0057,522,137.17019260046771,19.05015888112585,run_147
cosbounce_cos_0031,20291,137.0625783458389,85.68313100682515,run_147
cosbounce_cos_0000,8292,137.0501466695095,53.63623393588574,run_147
cosbounce_cos_0029,19448,136.99898568857557,38.75417822347942,run_147
cosbounce_cos_0058,20864,136.89599192233277,60.24370733177244,run_147
cosbounce_cos_0068,15836,136.884076350251,3.2883439219947195,run_147
cosbounce_cos_0069,2298,136.83065953190606,369.4201712249111,run_147
cosbounce_cos_0029,20953,136.81835667245662,9.481352872142239,run_147
cosbounce_cos_0070,11865,136.8141702607152,188.49955189574152,run_147
cosbounce_cos_0034,10309,136.74962410914398,26.83048209100008,run_147
cosbounce_cos_0009,473,136.72675252565872,306.0298378075024,run_147
cosbounce_cos_0052,497,136.66689761489388,16.50088670903033,run_147
cosbounce_cos_0086,6579,136.6288500047777,253.03962117179051,run_147
cosbounce_cos_0045,8097,136.54403885312698,210.2543972276025,run_147
cosbounce_cos_0021,10644,136.35339289012933,125.63117042637401,run_147
cosbounce_cos_0000,22329,136.28441904143264,51.10929566225355,run_147
cosbounce_cos_0046,3288,136.21250218342414,175.69247554594477,run_147
cosbounce_cos_0037,18942,136.17822178735804,30.5096313176519,run_147
cosbounce_cos_0022,20405,136.0710810133379,128.3266223526587,run_147
cosbounce_cos_0000,5422,136.03883618333253,263.8441293427318,run_147
cosbounce_cos_0031,4164,136.0370185061144,1.45922414195712,run_147
cosbounce_cos_0057,13125,136.03386824122586,243.7706843120588,run_147
cosbounce_cos_0059,4770,136.01687258193664,65.86784216672542,run_147
cosbounce_cos_0001,3434,135.97496020287903,6.4391136559969695,run_147
cosbounce_cos_0015,11048,135.9591304892693,9.090099923761102,run_147
cosbounce_cos_0057,15593,135.95398835040012,14.219374367204464,run_147
cosbounce_cos_0026,5397,135.9148421929426,157.04412553319824,run_147
cosbounce_cos_0055,14293,135.88961785427642,188.34103574663195,run_147
cosbounce_cos_0056,15655,135.88696153012984,120.2048557916305,run_147
cosbounce_cos_0001,22612,135.8685540843174,80.71474450491745,run_147
cosbounce_cos_0012,15604,135.79426716024423,41.1200296635853,run_147
cosbounce_cos_0036,10110,135.78353638089862,171.7078412595166,run_147
cosbounce_cos_0008,11416,135.7777917455051,43.718196508764954,run_147
cosbounce_cos_0026,13996,135.65239934880583,178.42960703743947,run_147
cosbounce_cos_0024,6770,135.65063410505928,25.416316871238067,run_147
cosbounce_cos_0034,8970,135.62145258797145,220.2276810725224,run_147
cosbounce_cos_0074,11413,135.6191296349726,18.75998836498112,run_147
cosbounce_cos_0011,12724,135.60148237089263,260.69874980062013,run_147
cosbounce_cos_0045,11554,135.55926209404774,356.375749435835,run_147
cosbounce_cos_0044,16628,135.5540111310894,81.00939080574193,run_147
cosbounce_cos_0028,18075,135.55321427811876,342.1225180277069,run_147
cosbounce_cos_0010,8117,135.49880608491998,287.57369624185526,run_147
cosbounce_cos_0040,3182,135.43537880204772,64.17293035219402,run_147
cosbounce_cos_0074,5808,135.4070859715986,132.09612160954472,run_147
cosbounce_cos_0015,7308,135.39985605257593,148.52513111402615,run_147
cosbounce_cos_0016,2275,135.385638800604,12.880824071168494,run_147
cosbounce_cos_0006,5127,135.33593615517438,311.21758534640725,run_147
cosbounce_cos_0011,22479,135.31878695422952,92.93844243553782,run_147
cosbounce_cos_0045,11716,135.25954070848465,3.050758938225799,run_147
cosbounce_cos_0048,14974,135.24223792397726,388.8416167432701,run_147
cosbounce_cos_0055,5675,135.21138413839734,328.8361322869864,run_147
cosbounce_cos_0044,7461,135.20655434472022,58.03372084258576,run_147
cosbounce_cos_0081,7405,135.20209939775378,73.52857727897229,run_147
cosbounce_cos_0035,14424,135.20088396660714,211.06524383041557,run_147
cosbounce_cos_0015,18051,135.11239323619984,82.60760219865864,run_147
cosbounce_cos_0032,7347,135.0820722213352,2.6707929439430504,run_147
cosbounce_cos_0012,18931,134.96895901815117,5.7616130555444975,run_147
cosbounce_cos_0044,21947,134.9461626712055,83.25660252873064,run_147
cosbounce_cos_0009,7838,134.89382559224023,9.162951418454139,run_147
cosbounce_cos_0031,20057,134.89309650270096,251.26601296040084,run_147
cosbounce_cos_0076,7277,134.87310853097406,162.27734588850637,run_147
cosbounce_cos_0085,10111,134.78995789431434,253.0267274274892,run_147
cosbounce_cos_0015,3291,134.7772510870975,4.756345055241526,run_147
cosbounce_cos_0049,13442,134.7660912592825,514.2006338578292,run_147
cosbounce_cos_0037,21419,134.7374417301417,12.53563587961843,run_147
cosbounce_cos_0040,19132,134.7342954616116,176.8158187174241,run_147
cosbounce_cos_0036,21349,134.70844734548223,16.528420018847072,run_147
cosbounce_cos_0082,18076,134.69133556523056,73.83536090995214,run_147
cosbounce_cos_0057,615,134.67488243378824,16.3981766506125,run_147
cosbounce_cos_0018,12118,134.66546137190682,32.52726152018016,run_147
cosbounce_cos_0029,18096,134.61007967604982,240.55069953865987,run_147
cosbounce_cos_0054,19602,134.54685357337803,35.149826749822914,run_147
cosbounce_cos_0020,6160,134.53283491579697,75.72278573135276,run_147
cosbounce_cos_0008,5920,134.5189413758983,3.531765919897862,run_147
cosbounce_cos_0073,10308,134.51403732521678,91.48172704950562,run_147
cosbounce_cos_0058,7212,134.4957879544386,24.16070201480675,run_147
cosbounce_cos_0056,13529,134.48514120948707,5.858556894363568,run_147
cosbounce_cos_0036,8995,134.44221169208373,4.6453524642695605,run_147
cosbounce_cos_0058,15498,134.38253980208657,79.77486976526313,run_147
cosbounce_cos_0038,19164,134.36978210503446,4.325942437936675,run_147
cosbounce_cos_0074,5929,134.2351136892474,29.591830660091112,run_147
cosbounce_cos_0017,21692,134.1613361277191,82.4604896856661,run_147
cosbounce_cos_0059,12263,134.13987036087437,40.22915238203142,run_147
cosbounce_cos_0002,1004,134.13869735639958,48.372278003265315,run_147
cosbounce_cos_0053,7347,134.11492944158738,0.4798161480827626,run_147
cosbounce_cos_0017,380,134.1051149402055,78.73233467695317,run_147
cosbounce_cos_0068,4665,134.08520755327118,133.27692171274,run_147
cosbounce_cos_0063,6883,133.9476772684071,87.73057003417952,run_147
cosbounce_cos_0008,12002,133.94046587617706,137.8311860908164,run_147
cosbounce_cos_0018,1039,133.9264292636709,8.568233364402886,run_147
cosbounce_cos_0026,5964,133.91682139764023,49.4081777638453,run_147
cosbounce_cos_0003,14448,133.8496059599656,76.0444966331964,run_147
cosbounce_cos_0051,21232,133.84773527663043,191.8258453436357,run_147
cosbounce_cos_0078,2072,133.814151405052,20.23519465710305,run_147
cosbounce_cos_0067,5024,133.81134330186026,349.7511999129489,run_147
cosbounce_cos_0083,3015,133.80261187215356,56.06413087467752,run_147
cosbounce_cos_0062,8442,133.78872552483995,78.38106649771332,run_147
cosbounce_cos_0068,19799,133.74298722224216,101.2795956453716,run_147
cosbounce_cos_0076,12847,133.6567798619417,6.8660932305618,run_147
cosbounce_cos_0067,10326,133.64227346612546,11.748927892733152,run_147
cosbounce_cos_0049,11871,133.59100055576695,217.92233206489917,run_147
cosbounce_cos_0040,12052,133.56944789573836,26.90693299167928,run_147
cosbounce_cos_0010,13988,133.54272530093309,22.98549623187053,run_147
cosbounce_cos_0050,16605,133.4891111372753,102.12866489083763,run_147
cosbounce_cos_0057,16720,133.4868309053011,53.28205136797421,run_147
cosbounce_cos_0083,16884,133.40219404103135,99.45328610647803,run_147
cosbounce_cos_0001,12088,133.39931357506325,11.159535187348324,run_147
cosbounce_cos_0062,18201,133.39871363737183,157.12280567829745,run_147
cosbounce_cos_0051,14508,133.39640631252402,40.62131272863173,run_147
cosbounce_cos_0038,12474,133.34265333765916,11.18731769365798,run_147
cosbounce_cos_0019,21322,133.30731033215682,95.53925460752369,run_147
cosbounce_cos_0000,19986,133.3069056602753,32.508077276331456,run_147
cosbounce_cos_0007,319,133.28947348054052,18.01198248207314,run_147
cosbounce_cos_0019,4691,133.2782476373981,22.77317658203616,run_147
cosbounce_cos_0006,16081,133.23668407301298,113.07322957619112,run_147
cosbounce_cos_0045,20433,133.23336220467812,21.66025563375965,run_147
cosbounce_cos_0023,5955,133.21236558920458,201.62411280766463,run_147
cosbounce_cos_0072,7755,133.20517523408895,35.774085714528596,run_147
cosbounce_cos_0017,10475,133.20134605077374,19.608089941524128,run_147
cosbounce_cos_0058,15124,133.1818856483554,49.26884065055585,run_147
cosbounce_cos_0074,13769,133.1609717687069,124.8319463476345,run_147
cosbounce_cos_0047,16609,133.14349334223587,400.767384971202,run_147
cosbounce_cos_0021,12270,133.13699504641932,326.05554651101085,run_147
cosbounce_cos_0033,15718,133.13257404211828,169.85129248556362,run_147
cosbounce_cos_0067,4038,133.1274787735557,56.77853909365551,run_147
cosbounce_cos_0072,22395,133.1072847674442,179.74892537692142,run_147
cosbounce_cos_0020,4999,133.0526075077161,13.940287382829316,run_147
cosbounce_cos_0009,17929,132.99247713847063,0.5729352330057629,run_147
cosbounce_cos_0041,20176,132.98055469220375,81.77081334748998,run_147
cosbounce_cos_0009,6638,132.9713546072425,5.27796681411144,run_147
cosbounce_cos_0043,20452,132.965563092576,227.2533059981485,run_147
cosbounce_cos_0042,19619,132.9331121113145,126.97323502216592,run_147
cosbounce_cos_0032,2311,132.8685992342916,52.63202291818036,run_147
cosbounce_cos_0040,5772,132.85614515677307,20.522944322055437,run_147
cosbounce_cos_0022,8097,132.841139753085,54.39713433948681,run_147
cosbounce_cos_0005,11189,132.83480215122063,2.0675279795099635,run_147
cosbounce_cos_0026,2592,132.78168615896016,0.2752131311631123,run_147
cosbounce_cos_0037,12858,132.77409785859652,36.86554575881483,run_147
cosbounce_cos_0007,9800,132.68315939892665,21.77376457527787,run_147
cosbounce_cos_0012,20999,132.68081690978175,203.65702691817748,run_147
cosbounce_cos_0024,12828,132.66553460450282,1.4849339798472794,run_147
cosbounce_cos_0077,5736,132.66471882901476,23.176295057143076,run_147
cosbounce_cos_0081,13214,132.64786744532896,20.75245352317479,run_147
cosbounce_cos_0032,21343,132.61056215552293,16.640476121012398,run_147
cosbounce_cos_0058,1985,132.5928318623446,45.93184785165099,run_147
cosbounce_cos_0052,19125,132.52314739803634,10.063318131877113,run_147
cosbounce_cos_0009,20846,132.4732600244849,113.99437752616679,run_147
cosbounce_cos_0006,3027,132.463229110842,101.58272315152284,run_147
cosbounce_cos_0008,11502,132.41188440394276,10.288726972642442,run_147
cosbounce_cos_0017,3802,132.28177030275543,84.8954333735544,run_147
cosbounce_cos_0040,9298,132.24530387210294,177.63659505261225,run_147
cosbounce_cos_0011,5600,132.21849488587432,29.318519129856554,run_147
cosbounce_cos_0055,19523,132.20492511972003,66.03416919830313,run_147
cosbounce_cos_0081,7947,132.18705747015585,6.262686115521125,run_147
cosbounce_cos_0031,5025,132.18472557292895,102.68681466325712,run_147
cosbounce_cos_0031,15409,132.1434764402662,68.01195925159305,run_147
cosbounce_cos_0077,7453,132.13837319509526,18.068769965920136,run_147
cosbounce_cos_0072,19122,132.10978638316863,26.082577678654538,run_147
cosbounce_cos_0070,9415,132.07717401253421,35.039036726350425,run_147
cosbounce_cos_0045,9614,131.99955045291028,10.9456869951772,run_147
cosbounce_cos_0041,20996,131.97384161419473,2.206078199358385,run_147
cosbounce_cos_0012,13505,131.9525053125615,476.25831141704833,run_147
cosbounce_cos_0076,21966,131.94033445239748,5.568048936114681,run_147
cosbounce_cos_0030,2688,131.85508237118563,0.4804253547375109,run_147
cosbounce_cos_0062,8746,131.82631670913128,30.239561710858503,run_147
cosbounce_cos_0015,715,131.79393553993563,14.32473416244422,run_147
cosbounce_cos_0076,17230,131.78222466234166,0.37663054286254977,run_147
cosbounce_cos_0032,20546,131.77782318206332,47.878237616590596,run_147
cosbounce_cos_0046,5710,131.7124473065253,24.163077386510547,run_147
cosbounce_cos_0048,9172,131.71172059204395,12.047158495778492,run_147
cosbounce_cos_0085,1318,131.69121459383976,105.5418871814255,run_147
cosbounce_cos_0069,4585,131.67233560489203,18.888418796207326,run_147
cosbounce_cos_0042,15725,131.64176803176736,1.0912608747937662,run_147
cosbounce_cos_0007,18700,131.63768009872257,89.1331777688005,run_147
cosbounce_cos_0048,14517,131.61472439633906,89.9986855528117,run_147
cosbounce_cos_0032,20733,131.57021674888554,342.18357073005956,run_147
cosbounce_cos_0073,18219,131.5590359842489,193.92087446015822,run_147
cosbounce_cos_0055,12286,131.54119672346343,0.7481367246369652,run_147
cosbounce_cos_0062,17554,131.53909351587689,91.31194914287379,run_147
cosbounce_cos_0022,2256,131.46624707386601,49.65353385985093,run_147
cosbounce_cos_0005,5129,131.4569214080191,10.123876976101513,run_147
cosbounce_cos_0084,2551,131.45250405548845,55.11806343272327,run_147
cosbounce_cos_0029,15255,131.39442692518026,10.266508732875028,run_147
cosbounce_cos_0060,21708,131.3478287900884,150.65425648780183,run_147
cosbounce_cos_0043,9677,131.3296014467846,18.27206165959362,run_147
cosbounce_cos_0042,12409,131.27738996369948,14.632215732489326,run_147
cosbounce_cos_0066,10016,131.2754801470245,4.799191562392085,run_147
cosbounce_cos_0066,3935,131.26450803094028,32.870017461047574,run_147
cosbounce_cos_0019,21696,131.2587823488167,48.7888229127187,run_147
cosbounce_cos_0082,13223,131.24740110616565,136.45442248782976,run_147
cosbounce_cos_0020,21611,131.1632092757211,57.46777117244336,run_147
cosbounce_cos_0049,11808,131.13546896149361,8.740147193586564,run_147
cosbounce_cos_0025,9844,131.07481317837423,35.51223113330403,run_147
cosbounce_cos_0010,20763,131.06821296137963,70.40733083254003,run_147
cosbounce_cos_0023,13444,131.0648307640058,12.945140163244563,run_147
cosbounce_cos_0043,12351,131.05742502585906,11.74241214838447,run_147
cosbounce_cos_0028,13411,130.8883223424267,10.958118472584514,run_147
cosbounce_cos_0021,4346,130.87580219189914,21.778535625868976,run_147
cosbounce_cos_0045,12203,130.69492699733223,21.322629735952553,run_147
cosbounce_cos_0054,7388,130.60810416447467,54.95079551629743,run_147
cosbounce_cos_0066,11086,130.59337253225178,55.131743659018284,run_147
cosbounce_cos_0034,19775,130.58459348806056,24.30820294195989,run_147
cosbounce_cos_0075,10017,130.57920757187327,79.41251930362996,run_147
cosbounce_cos_0052,6021,130.52291388371725,48.155648417591344,run_147
cosbounce_cos_0032,4990,130.50886290697105,13.52506960370385,run_147
cosbounce_cos_0038,5955,130.48875498579338,22.544605016050873,run_147
cosbounce_cos_0050,10048,130.45781387248115,47.230038262522434,run_147
cosbounce_cos_0075,14574,130.29665847392315,36.982166279470405,run_147
cosbounce_cos_0044,14209,130.29522153681424,396.7410223249162,run_147
cosbounce_cos_0069,14451,130.29186620657376,19.50254673986626,run_147
cosbounce_cos_0060,15024,130.27522568391078,31.070936764807136,run_147
cosbounce_cos_0007,865,130.25190284545351,59.62255959580746,run_147
cosbounce_cos_0012,4116,130.16355839044223,24.585312223387202,run_147
cosbounce_cos_0077,11135,130.05386365767788,86.41195388869639,run_147
cosbounce_cos_0054,881,130.02808758310817,138.2819334109235,run_147
cosbounce_cos_0083,15872,130.01261425958165,51.42396055004941,run_147
cosbounce_cos_0086,5666,129.9232259277852,7.296214518196166,run_147
cosbounce_cos_0020,20964,129.90367949788356,59.61277748611672,run_147
cosbounce_cos_0063,7716,129.82622983111034,72.15947042348446,run_147
cosbounce_cos_0039,17522,129.8143519514838,12.985868352777784,run_147
cosbounce_cos_0015,6687,129.75819893362166,55.466628616130656,run_147
cosbounce_cos_0066,15562,129.71180143666587,39.30907130172559,run_147
cosbounce_cos_0047,6876,129.66455885661492,10.874689286095558,run_147
cosbounce_cos_0004,10618,129.64397587994063,397.0915633811849,run_147
cosbounce_cos_0068,15839,129.58281760902312,144.9814847224308,run_147
cosbounce_cos_0003,8433,129.46793046544462,43.080996150819765,run_147
cosbounce_cos_0067,3632,129.46239389320377,5.072064824434554,run_147
cosbounce_cos_0016,11004,129.40391073224794,21.545858411250446,run_147
cosbounce_cos_0036,15694,129.39600149941356,95.35233911879202,run_147
cosbounce_cos_0068,22399,129.35611562786343,6.893058397233308,run_147
cosbounce_cos_0071,14709,129.30016396203737,2.904901913080586,run_147
cosbounce_cos_0001,1675,129.28007928633238,60.66822279222279,run_147
cosbounce_cos_0003,2702,129.1069331633567,58.90256079092788,run_147
cosbounce_cos_0000,10496,129.0749137820572,286.7788864733388,run_147
cosbounce_cos_0082,8825,129.0523902800553,4.908542201346131,run_147
cosbounce_cos_0065,278,129.03215922658,5.524082341547056,run_147
cosbounce_cos_0055,16245,128.97008933182846,9.771675470519558,run_147
cosbounce_cos_0048,5363,128.899009141303,182.2307071883619,run_147
cosbounce_cos_0013,11350,128.8866145682891,115.41863623409208,run_147
cosbounce_cos_0039,17334,128.8572553357879,116.09680108808374,run_147
cosbounce_cos_0001,6482,128.77905732118904,3.399626457759862,run_147
cosbounce_cos_0037,21332,128.73426380176636,189.12695498366764,run_147
cosbounce_cos_0039,7288,128.7313750610484,8.628062706028413,run_147
cosbounce_cos_0033,3118,128.7020900397579,20.018648719117177,run_147
cosbounce_cos_0080,5221,128.67419075297212,74.97548801656046,run_147
cosbounce_cos_0084,9885,128.65563313754762,270.7286206548501,run_147
cosbounce_cos_0064,15972,128.63523048656967,48.3965367847331,run_147
cosbounce_cos_0024,4409,128.63109464263508,33.64775762783043,run_147
cosbounce_cos_0081,22020,128.6292574119423,20.379822072915516,run_147
cosbounce_cos_0059,5684,128.60895035421157,134.22480095472437,run_147
cosbounce_cos_0028,12300,128.57730499376598,270.72343128589137,run_147
cosbounce_cos_0036,5706,128.5542130030746,10.826735362502701,run_147
cosbounce_cos_0036,11440,128.5210875678482,5.057229635345576,run_147
cosbounce_cos_0012,9603,128.51426778773728,36.2357815081251,run_147
cosbounce_cos_0019,1868,128.46702829097188,79.59105143526797,run_147
cosbounce_cos_0080,14053,128.45399377513164,148.4245503707346,run_147
cosbounce_cos_0027,2231,128.45358274327077,139.38451668372133,run_147
cosbounce_cos_0015,16770,128.33948033781684,44.20927897734867,run_147
cosbounce_cos_0004,6565,128.30827051231842,429.8534688073363,run_147
cosbounce_cos_0044,1761,128.28893983571547,158.5904497824656,run_147
cosbounce_cos_0018,8629,128.2139525678882,45.70245267806014,run_147
cosbounce_cos_0077,2328,128.2014719191133,42.400267716089516,run_147
cosbounce_cos_0055,7670,128.1948878339246,147.1906734627165,run_147
cosbounce_cos_0024,12748,128.18626866204784,2.757042145681863,run_147
cosbounce_cos_0010,6819,128.16684657734993,5.03513482783742,run_147
cosbounce_cos_0021,15889,128.13929058707566,43.97192353086861,run_147
cosbounce_cos_0012,20867,128.1139344116928,5.695661984696737,run_147
cosbounce_cos_0069,9756,128.10677354690324,6.60245760019641,run_147
cosbounce_cos_0072,9085,128.10306310966322,227.89559360120137,run_147
cosbounce_cos_0054,11090,128.0016551346096,1.087215116197426,run_147
cosbounce_cos_0077,18680,127.99155861819233,43.89074478187309,run_147
cosbounce_cos_0065,20607,127.98027147431381,4.473461736221057,run_147
cosbounce_cos_0080,7329,127.97176169846566,81.71631920883146,run_147
cosbounce_cos_0035,3893,127.94660554416295,71.15156632044895,run_147
cosbounce_cos_0070,10126,127.93883149238751,7.514134839318603,run_147
cosbounce_cos_0021,1500,127.91726036954334,21.08867126194248,run_147
cosbounce_cos_0002,22561,127.90705965385935,41.11792956464521,run_147
cosbounce_cos_0037,15271,127.83205048125734,24.112571822767052,run_147
cosbounce_cos_0070,10930,127.82677220426037,323.30783291298764,run_147
cosbounce_cos_0070,11020,127.82659420145805,36.18922063251872,run_147
cosbounce_cos_0079,16649,127.81678885565833,1.325695945092243,run_147
cosbounce_cos_0018,3012,127.81395582238241,0.40679968273085865,run_147
cosbounce_cos_0065,2568,127.80363322975225,2.0009364942699834,run_147
cosbounce_cos_0060,4364,127.77808847878453,184.24572074839463,run_147
cosbounce_cos_0008,9233,127.72517664846093,3.671425433255008,run_147
cosbounce_cos_0023,21314,127.69238787199971,7.305991020925453,run_147
cosbounce_cos_0055,15343,127.65831188316588,196.7551965728579,run_147
cosbounce_cos_0085,2004,127.59934128846834,74.06744414877791,run_147
cosbounce_cos_0045,8040,127.58691829675016,62.80172674799871,run_147
cosbounce_cos_0031,1822,127.577371620326,7.502470571385353,run_147
cosbounce_cos_0027,10019,127.52494086223354,80.9854434108388,run_147
cosbounce_cos_0063,8181,127.51359541062325,2.011594999369849,run_147
cosbounce_cos_0017,4267,127.31771250892652,3.718118164421042,run_147
cosbounce_cos_0015,19536,127.21536442676376,6.257123722472191,run_147
cosbounce_cos_0006,4530,127.15570447834783,18.19891461184225,run_147
cosbounce_cos_0048,15552,127.0944525951859,8.163259659117658,run_147
cosbounce_cos_0058,11490,127.05608178270404,258.2839363862596,run_147
cosbounce_cos_0064,7021,127.04504455014701,11.558240572100255,run_147
cosbounce_cos_0081,20928,127.00662481675715,48.894641643804825,run_147
cosbounce_cos_0077,16352,126.97528900485095,5.446094370887444,run_147
cosbounce_cos_0006,544,126.9496444021602,16.73200666979601,run_147
cosbounce_cos_0054,17466,126.88626782545634,114.56085211239946,run_147
cosbounce_cos_0070,7498,126.8837467078644,17.97392012511164,run_147
cosbounce_cos_0040,77,126.85750718167309,161.4552845886251,run_147
cosbounce_cos_0056,69,126.85513941982445,124.49978265662129,run_147
cosbounce_cos_0019,12767,126.84375602616511,111.74202355130006,run_147
cosbounce_cos_0029,14224,126.80246901648621,76.8094861918031,run_147
cosbounce_cos_0051,16037,126.78444108018924,84.31426358248228,run_147
cosbounce_cos_0059,21195,126.77657093266201,117.32454802929456,run_147
cosbounce_cos_0024,2083,126.75853538566082,100.07858200330402,run_147
cosbounce_cos_0026,11330,126.74704984404968,22.640930079576577,run_147
cosbounce_cos_0078,10805,126.73573599832315,240.8761538243078,run_147
cosbounce_cos_0000,4761,126.64875696501566,46.21774609880435,run_147
cosbounce_cos_0075,366,126.61362302633867,11.730648799765921,run_147
cosbounce_cos_0009,12939,126.59312605031796,35.8047509992878,run_147
cosbounce_cos_0057,17821,126.56229905605814,36.49881759607773,run_147
cosbounce_cos_0035,11601,126.53101809970143,11.008970435486633,run_147
cosbounce_cos_0030,16399,126.52780809563357,108.73001721658031,run_147
cosbounce_cos_0063,3894,126.48172518225466,2.874348707922081,run_147
cosbounce_cos_0001,15913,126.42558552623383,5.256844371171239,run_147
cosbounce_cos_0054,4788,126.42182487492312,87.30461567663856,run_147
cosbounce_cos_0041,14794,126.38982903109604,164.3259646260587,run_147
cosbounce_cos_0066,16497,126.2706868790113,393.219461822517,run_147
cosbounce_cos_0064,6099,126.22936817036896,44.38219317258732,run_147
cosbounce_cos_0044,7017,126.20729278067269,6.602546655736602,run_147
cosbounce_cos_0026,12652,126.19800764347053,13.279878857557955,run_147
cosbounce_cos_0003,15487,126.18983994395597,69.65607837276912,run_147
cosbounce_cos_0055,9953,126.18211170809624,6.851369426419634,run_147
cosbounce_cos_0038,504,126.16767248956,38.68854310460367,run_147
cosbounce_cos_0033,8635,126.07485374175695,47.79663881801316,run_147
cosbounce_cos_0061,8398,126.06602315094617,9.340383716344062,run_147
cosbounce_cos_0071,9747,126.02588618715869,22.40650882860496,run_147
cosbounce_cos_0036,3372,126.00894136884192,7.1128497514430595,run_147
cosbounce_cos_0006,20385,125.86625453390555,11.578024448230954,run_147
cosbounce_cos_0076,40,125.86144997848196,1.4366468220855124,run_147
cosbounce_cos_0074,11485,125.82903466812616,64.47524002481626,run_147
cosbounce_cos_0081,20092,125.81506792800191,85.31940696096426,run_147
cosbounce_cos_0042,6459,125.78775305346457,26.130951366584767,run_147
cosbounce_cos_0076,20976,125.77572144917612,72.06469508856132,run_147
cosbounce_cos_0015,8390,125.7063278379341,143.74439578969535,run_147
cosbounce_cos_0035,22147,125.68122139854094,71.4750200810787,run_147
cosbounce_cos_0011,13597,125.66363566271912,8.188268460853777,run_147
cosbounce_cos_0037,8116,125.62588870516764,12.844976006577914,run_147
cosbounce_cos_0049,21428,125.48783112232383,148.4184291353136,run_147
cosbounce_cos_0023,3388,125.47522003443774,116.18269627901144,run_147
cosbounce_cos_0030,19321,125.4678268191464,14.722829693457708,run_147
cosbounce_cos_0045,15599,125.44294970059843,175.78829843895545,run_147
cosbounce_cos_0019,11075,125.25217672802594,10.900063264899805,run_147
cosbounce_cos_0067,22140,125.23584568652309,11.207196563546919,run_147
cosbounce_cos_0055,5991,125.2342544195349,146.9686318959969,run_147
cosbounce_cos_0003,1329,125.19866669335633,12.326057160090679,run_147
cosbounce_cos_0069,18229,125.19337418267119,3.3276695546823873,run_147
cosbounce_cos_0062,2110,125.18223337464188,146.5143228147234,run_147
cosbounce_cos_0061,19859,125.15985828246649,1.3529515306992006,run_147
cosbounce_cos_0007,7884,125.01562501234079,21.496223137388647,run_147
cosbounce_cos_0034,8701,125.0108182496914,25.326192559430353,run_147
cosbounce_cos_0080,9710,124.9494092169899,36.408593430817305,run_147
cosbounce_cos_0003,16187,124.88975162193795,9.001706438930203,run_147
cosbounce_cos_0029,20967,124.88845876638244,15.410846659480034,run_147
cosbounce_cos_0006,10458,124.85889844797063,334.39065129048464,run_147
cosbounce_cos_0044,740,124.79075523975258,104.12605283189244,run_147
cosbounce_cos_0085,13253,124.77006890986898,307.7982256725658,run_147
cosbounce_cos_0082,6525,124.75568805060232,138.22507093918645,run_147
cosbounce_cos_0024,5891,124.7247183608191,223.8420794727473,run_147
cosbounce_cos_0036,12543,124.69989235993391,87.94111667840059,run_147
cosbounce_cos_0067,18489,124.59793544820543,74.53491817995871,run_147
cosbounce_cos_0061,8146,124.4919824245471,78.93795801250803,run_147
cosbounce_cos_0083,13773,124.43140120344242,18.08953239990357,run_147
cosbounce_cos_0077,8078,124.42739433420779,311.8780534976416,run_147
cosbounce_cos_0022,7851,124.40332481933729,9.492229547377645,run_147
cosbounce_cos_0076,12914,124.36507501603559,2.2346852227993494,run_147
cosbounce_cos_0073,10508,124.32617564137577,15.237737008699233,run_147
cosbounce_cos_0018,9293,124.29869217263891,29.085361318028152,run_147
cosbounce_cos_0071,8449,124.29647416528232,23.436865572355014,run_147
cosbounce_cos_0029,10167,124.28853155274612,8.202308751125013,run_147
cosbounce_cos_0006,2593,124.25680752572539,19.790345072081575,run_147
cosbounce_cos_0047,10161,124.24928920211791,11.286987289271083,run_147
cosbounce_cos_0001,1121,124.22732339992677,58.712840703020944,run_147
cosbounce_cos_0008,3049,124.15942446419544,3.532271996188353,run_147
cosbounce_cos_0049,10373,124.135436912441,1.401186454795471,run_147
cosbounce_cos_0077,6396,124.10120480282798,134.97456487555735,run_147
cosbounce_cos_0053,10161,124.09738355962422,6.435220534878776,run_147
cosbounce_cos_0044,6604,124.02927778652531,20.809293905360516,run_147
cosbounce_cos_0049,16745,123.90565102815377,89.52497246332561,run_147
cosbounce_cos_0076,6930,123.88522165066102,395.98024509586776,run_147
cosbounce_cos_0047,13989,123.8480921772378,191.2249603529923,run_147
cosbounce_cos_0054,1569,123.82772447666491,12.490553883974842,run_147
cosbounce_cos_0028,18954,123.82389558478091,3.828960411789042,run_147
cosbounce_cos_0015,13931,123.78435968377785,4.649446229457013,run_147
cosbounce_cos_0004,21196,123.78028269716108,153.30816298467832,run_147
cosbounce_cos_0036,10248,123.77119913574538,28.233360105947817,run_147
cosbounce_cos_0047,10500,123.65821181584249,39.44410370260427,run_147
cosbounce_cos_0046,20555,123.63388583672243,15.092065145183104,run_147
cosbounce_cos_0036,6773,123.63146203849583,8.261153731374153,run_147
cosbounce_cos_0083,13965,123.62233668159342,225.43052399809187,run_147
cosbounce_cos_0046,956,123.56514330482594,10.476128394042629,run_147
cosbounce_cos_0040,14638,123.55740606421263,8.026423324243796,run_147
cosbounce_cos_0015,19319,123.50664719461969,8.314169768960435,run_147
cosbounce_cos_0031,4748,123.50386621057234,49.70468269989783,run_147
cosbounce_cos_0008,3690,123.41996623608473,23.035948266080307,run_147
cosbounce_cos_0063,18473,123.38658388058982,26.460799906062515,run_147
cosbounce_cos_0058,14211,123.3641892808317,203.63070780283806,run_147
cosbounce_cos_0012,3535,123.30572975231611,59.6084717567505,run_147
cosbounce_cos_0017,21733,123.2833749337287,204.98442033135856,run_147
cosbounce_cos_0034,7774,123.27451473479381,253.47767982610736,run_147
cosbounce_cos_0014,17786,123.27005848922103,212.2267990104968,run_147
cosbounce_cos_0061,3481,123.24264980493247,42.89215310835259,run_147
cosbounce_cos_0021,14267,123.22793364587297,3.342185829180422,run_147
cosbounce_cos_0006,15329,123.20095342490826,154.73232727811347,run_147
cosbounce_cos_0001,18053,123.15520837717143,10.717387963521201,run_147
cosbounce_cos_0023,16141,123.11347260823362,21.185612894047196,run_147
cosbounce_cos_0032,9966,123.05509630509351,5.146336286166316,run_147
cosbounce_cos_0084,12553,123.04942066545227,16.030907712368816,run_147
cosbounce_cos_0043,14327,123.04391537153211,90.45870082646405,run_147
cosbounce_cos_0082,11321,123.00550742581223,50.772678753205305,run_147
cosbounce_cos_0072,15809,122.994139140821,0.36458815734750366,run_147
cosbounce_cos_0014,18788,122.90031845995976,26.00192182173631,run_147
cosbounce_cos_0015,6401,122.85098549185254,16.97807446497972,run_147
cosbounce_cos_0027,14428,122.84219169704907,29.825059869188266,run_147
cosbounce_cos_0055,15729,122.84143881038116,240.7106161366975,run_147
cosbounce_cos_0064,18276,122.83084992603301,11.513358837354426,run_147
cosbounce_cos_0000,19979,122.67337988572741,84.27553491474644,run_147
cosbounce_cos_0011,13351,122.66199721050955,98.2455957535238,run_147
cosbounce_cos_0067,18030,122.64177075175398,80.62539918962761,run_147
cosbounce_cos_0005,1537,122.588678507256,4.623644008903262,run_147
cosbounce_cos_0061,11884,122.51954301240552,20.937605949666597,run_147
cosbounce_cos_0002,18981,122.51435881235045,222.71409707672296,run_147
cosbounce_cos_0039,13853,122.50699827109486,19.879259406908652,run_147
cosbounce_cos_0014,14655,122.47955796724173,169.71928848623398,run_147
cosbounce_cos_0033,5279,122.46247414489152,11.89314654584489,run_147
cosbounce_cos_0010,22275,122.45295413554635,9.971826410570786,run_147
cosbounce_cos_0028,6050,122.4451253008492,66.60170955177753,run_147
cosbounce_cos_0048,13522,122.43393197654686,70.14838564015753,run_147
cosbounce_cos_0045,1001,122.4225298905914,35.08862056787232,run_147
cosbounce_cos_0023,14865,122.39952655581168,120.46775379141087,run_147
cosbounce_cos_0067,19668,122.34507841647539,348.86102095598767,run_147
cosbounce_cos_0061,4481,122.30439379843386,54.336181401306455,run_147
cosbounce_cos_0022,4402,122.29378587164067,13.37586678567384,run_147
cosbounce_cos_0043,12065,122.27474809672711,87.24633485635876,run_147
cosbounce_cos_0014,10698,122.24483227766616,17.793878486580777,run_147
cosbounce_cos_0010,16296,122.10410277369698,39.23474334587863,run_147
cosbounce_cos_0013,1559,122.09230271496534,18.938163252732394,run_147
cosbounce_cos_0064,4103,121.96945788723866,44.70111969342933,run_147
cosbounce_cos_0016,11094,121.94180129149908,87.98508805958576,run_147
cosbounce_cos_0073,14734,121.89538193335574,148.47880576847137,run_147
cosbounce_cos_0040,17053,121.85032069844195,28.06890690052931,run_147
cosbounce_cos_0045,5677,121.81578705318495,307.8664449667409,run_147
cosbounce_cos_0002,1919,121.7734764574554,419.40206048165254,run_147
cosbounce_cos_0044,8426,121.7702239296238,405.5383220870822,run_147
cosbounce_cos_0021,13077,121.66816540185513,4.964151631027909,run_147
cosbounce_cos_0072,18736,121.64008534926243,21.81571073735515,run_147
cosbounce_cos_0039,4736,121.56569162324084,61.19391465278325,run_147
cosbounce_cos_0009,20112,121.53919353351412,0.5476223247353804,run_147
cosbounce_cos_0034,1868,121.53541699442937,46.333494321657,run_147
cosbounce_cos_0011,4522,121.51132968795422,42.112266708246146,run_147
cosbounce_cos_0004,1582,121.29512599304029,242.9665621033561,run_147
cosbounce_cos_0052,1523,121.21722179198466,33.82741430564457,run_147
cosbounce_cos_0043,18730,121.20781559928403,15.42739725031347,run_147
cosbounce_cos_0017,7118,121.1169601851662,93.01583328687964,run_147
cosbounce_cos_0004,8803,121.0885386761179,310.48302676649723,run_147
cosbounce_cos_0038,1038,121.03495297977823,5.662782146060164,run_147
cosbounce_cos_0057,15813,120.91400511385307,14.364958942075788,run_147
cosbounce_cos_0021,4865,120.91328675697552,21.400405670523032,run_147
cosbounce_cos_0038,16243,120.90893702582468,3.2317940578036968,run_147
cosbounce_cos_0071,2559,120.89168454134186,36.64227502398913,run_147
cosbounce_cos_0080,5643,120.84491578897861,51.91950582804752,run_147
cosbounce_cos_0013,18560,120.8109716639364,81.01654803781862,run_147
cosbounce_cos_0020,12235,120.80049175007578,14.29432056897769,run_147
cosbounce_cos_0028,17000,120.74448525552904,15.815205043969815,run_147
cosbounce_cos_0021,3778,120.71942531793498,25.599963426714826,run_147
cosbounce_cos_0030,17291,120.70658696034636,75.54978675739449,run_147
cosbounce_cos_0015,1034,120.64890827786022,15.61617685201237,run_147
cosbounce_cos_0040,7013,120.63732794415844,76.4693944339332,run_147
cosbounce_cos_0013,3731,120.60803958412896,104.40340230342532,run_147
cosbounce_cos_0004,12718,120.51149781350625,14.419387717588085,run_147
cosbounce_cos_0024,3610,120.49374210788616,54.064494505176974,run_147
cosbounce_cos_0000,7282,120.41271929707015,6.907474964212307,run_147
cosbounce_cos_0044,20279,120.35964530158823,84.32003649384924,run_147
cosbounce_cos_0079,21293,120.28447440309594,85.84683668674508,run_147
cosbounce_cos_0066,9394,120.27719314853768,40.01509544479287,run_147
cosbounce_cos_0083,17962,120.22968051283593,69.84142536195128,run_147
cosbounce_cos_0048,13030,120.19454631639542,155.69548684642726,run_147
cosbounce_cos_0001,4676,120.13361951921188,189.56253590684102,run_147
cosbounce_cos_0062,9606,120.07885518679537,3.958294595817748,run_147
cosbounce_cos_0072,11659,120.05496486864986,324.77832871287563,run_147
cosbounce_cos_0075,14144,120.04492475285477,108.5643590416955,run_147
cosbounce_cos_0007,22332,119.89509972959152,347.18391193899726,run_147
cosbounce_cos_0056,9976,119.88664875589424,117.03468990514828,run_147
cosbounce_cos_0019,1232,119.87899847401613,7.553544886336984,run_147
cosbounce_cos_0021,10406,119.83035420746829,2.964221508477014,run_147
cosbounce_cos_0003,11428,119.72447976487534,345.0545217177333,run_147
cosbounce_cos_0004,10840,119.71947392982942,4.164744219508838,run_147
cosbounce_cos_0043,9050,119.69616631507257,314.1150578971394,run_147
cosbounce_cos_0037,9827,119.6943939580188,377.3501592712818,run_147
cosbounce_cos_0007,21980,119.65875999498317,39.812526263872485,run_147
cosbounce_cos_0051,21017,119.5876386201,327.48532507548947,run_147
cosbounce_cos_0040,6971,119.53998714873853,375.9257062647737,run_147
cosbounce_cos_0031,7866,119.5365549012726,2.20427929544527,run_147
cosbounce_cos_0068,14647,119.50794548112023,21.84481004027358,run_147
cosbounce_cos_0067,19305,119.4699076101701,290.31547257307034,run_147
cosbounce_cos_0009,7249,119.43937974806215,144.1190750559575,run_147
cosbounce_cos_0026,4986,119.37504397205359,79.23224685101822,run_147
cosbounce_cos_0020,2741,119.36920570643979,111.9516237884602,run_147
cosbounce_cos_0046,10018,119.33502632879485,0.07760703755880041,run_147
cosbounce_cos_0042,8967,119.33382200286559,156.82619058101713,run_147
cosbounce_cos_0012,7470,119.3035127336554,40.23375510290186,run_147
cosbounce_cos_0039,19993,119.25635054787168,79.68077026591348,run_147
cosbounce_cos_0016,4167,119.20083742382506,19.53411481801271,run_147
cosbounce_cos_0064,22083,119.10055102920414,87.61012325197781,run_147
cosbounce_cos_0030,4737,119.02017517845854,13.150924284341135,run_147
cosbounce_cos_0086,6383,118.99393311832357,49.40140604081581,run_147
cosbounce_cos_0032,14515,118.9671161900672,35.84100316588238,run_147
cosbounce_cos_0015,17346,118.92256340009962,3.2428967391819885,run_147
cosbounce_cos_0068,9074,118.8938407388285,246.43701253140185,run_147
cosbounce_cos_0045,3924,118.856205163442,36.11108890791254,run_147
cosbounce_cos_0071,18368,118.76655143999896,304.197430446092,run_147
cosbounce_cos_0044,19944,118.76065690207275,58.49193474670612,run_147
cosbounce_cos_0072,4001,118.70200985296253,28.58183968349898,run_147
cosbounce_cos_0006,18959,118.64462665691283,17.365533833912277,run_147
cosbounce_cos_0014,3232,118.61714830038534,11.07379507549469,run_147
cosbounce_cos_0024,612,118.538287284182,80.09125883478251,run_147
cosbounce_cos_0028,5431,118.52642482168169,65.80806811345121,run_147
cosbounce_cos_0047,19309,118.43834748181473,349.88100233952,run_147
cosbounce_cos_0001,11617,118.33896124458603,168.79093049420683,run_147
cosbounce_cos_0037,21159,118.21948906208347,200.6903280727215,run_147
cosbounce_cos_0046,20159,118.20752544905461,122.21116471263842,run_147
cosbounce_cos_0023,925,118.1807776222943,150.02192138311358,run_147
cosbounce_cos_0085,2561,118.03303228899902,17.39721356141916,run_147
cosbounce_cos_0069,13634,118.03115932486114,10.447045443304406,run_147
cosbounce_cos_0021,15358,117.95956432066467,13.15514985469622,run_147
cosbounce_cos_0006,20929,117.94300222059165,4.706399676390222,run_147
cosbounce_cos_0003,17464,117.9256705409397,82.90245486567242,run_147
cosbounce_cos_0018,15904,117.91562142050071,36.047496272123006,run_147
cosbounce_cos_0006,21405,117.88251512361553,96.23024051676981,run_147
cosbounce_cos_0043,11131,117.84078788572775,212.8913533128778,run_147
cosbounce_cos_0003,7298,117.81220235863391,267.0895407662988,run_147
cosbounce_cos_0063,7240,117.67822430075483,7.107556452795657,run_147
cosbounce_cos_0074,18305,117.67511881404624,103.642527781768,run_147
cosbounce_cos_0012,3193,117.61918865668137,477.4855923196607,run_147
cosbounce_cos_0001,20776,117.5419284599402,22.5076136198197,run_147
cosbounce_cos_0085,3647,117.53401141481687,15.814386944411597,run_147
cosbounce_cos_0009,18815,117.49962413318518,454.39935031397204,run_147
cosbounce_cos_0071,21664,117.49523451181341,205.5742566941127,run_147
cosbounce_cos_0013,9162,117.49453073170336,26.95668675720765,run_147
cosbounce_cos_0010,19095,117.43210916815599,87.47713356386006,run_147
cosbounce_cos_0021,9978,117.31686650875115,114.9465250076707,run_147
cosbounce_cos_0022,5488,117.2971091085337,118.07600972709629,run_147
cosbounce_cos_0072,6398,117.2565428151798,29.01852617129696,run_147
cosbounce_cos_0077,9722,117.24055378851222,8.32287160685028,run_147
cosbounce_cos_0034,8860,117.11196193877126,207.3674129567958,run_147
cosbounce_cos_0021,10772,117.08374958556081,3.0295140066706074,run_147
cosbounce_cos_0083,11627,117.01571497951736,186.99264513480887,run_147
cosbounce_cos_0035,18743,116.86904649405652,37.8976872236424,run_147
cosbounce_cos_0009,8212,116.8386168635758,206.9191395842992,run_147
cosbounce_cos_0020,16920,116.79058732238038,94.62174939853976,run_147
cosbounce_cos_0017,10080,116.73443388177132,246.99135080607192,run_147
cosbounce_cos_0066,1389,116.5753706177416,30.582469702674363,run_147
cosbounce_cos_0038,21794,116.5179776606613,143.07068652121401,run_147
cosbounce_cos_0058,18169,116.46486741334165,36.36707933238455,run_147
cosbounce_cos_0085,10748,116.37029343286368,304.8623784984539,run_147
cosbounce_cos_0065,8328,116.33108132303069,17.353590983738126,run_147
cosbounce_cos_0060,2984,116.25934453048733,2.6395326339849885,run_147
cosbounce_cos_0062,3889,116.23692898796239,160.05595873138606,run_147
cosbounce_cos_0013,20658,116.18044096724356,41.976427743149834,run_147
cosbounce_cos_0067,16823,116.1339682496844,168.1601103595116,run_147
cosbounce_cos_0030,10646,116.02251184363317,436.99246266056406,run_147
cosbounce_cos_0005,784,115.94535546778582,80.65938017868096,run_147
cosbounce_cos_0024,8884,115.91203264612,9.529788261199299,run_147
cosbounce_cos_0025,12019,115.86566792204694,13.224945701339358,run_147
cosbounce_cos_0008,5683,115.82120229192466,31.1084858374195,run_147
cosbounce_cos_0004,6951,115.55419179236492,425.72956642741167,run_147
cosbounce_cos_0074,11143,115.50477365607783,164.13975609569079,run_147
cosbounce_cos_0017,3237,115.42602214992426,82.41479704006846,run_147
cosbounce_cos_0079,14176,115.37707314874271,12.337510804483669,run_147
cosbounce_cos_0032,15365,115.362962717724,101.25358552520204,run_147
cosbounce_cos_0011,12985,115.32565615237435,23.633819666471144,run_147
cosbounce_cos_0062,4660,115.32534591618182,203.91195309477433,run_147
cosbounce_cos_0077,4744,115.31373504242696,241.36851630674266,run_147
cosbounce_cos_0036,17221,115.29578094856377,20.222531430580347,run_147
cosbounce_cos_0026,18989,115.28232986790493,13.852504259758216,run_147
cosbounce_cos_0001,14938,115.20078220127412,6.428823499487514,run_147
cosbounce_cos_0084,17486,115.16879200903699,319.0567111691912,run_147
cosbounce_cos_0035,9885,115.07834905193296,13.401311279647253,run_147
cosbounce_cos_0083,19731,114.87671441698627,103.32008163449487,run_147
cosbounce_cos_0079,22220,114.76341772139884,464.91861083897936,run_147
cosbounce_cos_0020,17357,114.75081856931509,69.91889111503825,run_147
cosbounce_cos_0010,1097,114.68128271799404,94.9119043350143,run_147
cosbounce_cos_0040,4428,114.5937976902534,15.13325046726389,run_147
cosbounce_cos_0077,21507,114.55944699588701,165.3392323760176,run_147
cosbounce_cos_0029,298,114.54289975637816,22.84639405582804,run_147
cosbounce_cos_0062,9578,114.49376534722846,74.33015863451477,run_147
cosbounce_cos_0021,6446,114.49257210946503,8.578218301741874,run_147
cosbounce_cos_0067,12983,114.32658844021064,11.397304824500987,run_147
cosbounce_cos_0020,15963,114.27869927455444,145.34037923736327,run_147
cosbounce_cos_0018,15310,114.20953057001327,5.025651980751648,run_147
cosbounce_cos_0039,20168,114.20573620315376,17.553569117248543,run_147
cosbounce_cos_0042,16575,114.16188246565395,33.7939323010215,run_147
cosbounce_cos_0029,4677,114.01788197898725,101.04195189081251,run_147
cosbounce_cos_0029,14058,113.9377114741432,50.915712783882185,run_147
cosbounce_cos_0027,17473,113.83331516078161,106.95780198503446,run_147
cosbounce_cos_0074,18896,113.75529248780359,13.675658389365724,run_147
cosbounce_cos_0012,882,113.59802660971168,255.53045018365415,run_147
cosbounce_cos_0085,16408,113.51994436930721,318.71700792616286,run_147
cosbounce_cos_0028,11367,113.4559688462664,20.412431265438677,run_147
cosbounce_cos_0065,14218,113.11253455572262,143.29995653612426,run_147
cosbounce_cos_0012,1684,112.9851546124937,55.172202183536626,run_147
cosbounce_cos_0050,6415,112.94350672771158,229.48531690233142,run_147
cosbounce_cos_0064,20481,112.93533193173553,114.23911797484867,run_147
cosbounce_cos_0036,1137,112.76413745136877,89.92033475142541,run_147
cosbounce_cos_0019,15059,112.73104532390097,276.41212656058326,run_147
cosbounce_cos_0081,469,112.47003600267848,126.69409306386162,run_147
cosbounce_cos_0002,5219,112.16772117793678,126.47437805526953,run_147
cosbounce_cos_0078,21416,112.15763692855579,56.13588396426055,run_147
cosbounce_cos_0022,3772,112.1557031253237,9.330414040998116,run_147
cosbounce_cos_0067,22006,112.11315286246798,217.93304100776132,run_147
cosbounce_cos_0051,10873,111.9542190206695,23.20163353479006,run_147
cosbounce_cos_0054,98,111.90239580197743,1.835571592579254,run_147
cosbounce_cos_0074,14634,111.82546252456704,61.378560441209096,run_147
cosbounce_cos_0017,18315,111.8248385422336,9.729087519213477,run_147
cosbounce_cos_0019,22274,111.70646195528808,15.860761175385964,run_147
cosbounce_cos_0038,7605,111.63751267274125,4.903128189457227,run_147
cosbounce_cos_0080,11593,111.51063316624465,263.31281179623426,run_147
cosbounce_cos_0080,9126,111.27472122998167,456.4224775820415,run_147
cosbounce_cos_0040,21796,111.08045655611905,55.67621966873712,run_147
cosbounce_cos_0001,5029,110.99904968016207,61.22261556302355,run_147
cosbounce_cos_0031,3770,110.9218552164862,184.8763257838809,run_147
cosbounce_cos_0085,20407,110.79493189506385,53.63929840323509,run_147
cosbounce_cos_0021,4401,110.70287143843193,315.8278058513196,run_147
cosbounce_cos_0019,2309,110.69752811404274,8.68919002817639,run_147
cosbounce_cos_0053,11315,110.6769347516021,15.668710355790806,run_147
cosbounce_cos_0061,18585,110.24071719445216,55.67734472847415,run_147
cosbounce_cos_0005,14545,110.14034257064033,259.6978506592411,run_147
cosbounce_cos_0041,5831,110.11553603782212,21.627673842148,run_147
cosbounce_cos_0038,21472,110.09623049332743,210.10844630994822,run_147
cosbounce_cos_0062,11993,109.93652734284818,5.634353217100677,run_147
cosbounce_cos_0058,8221,109.8338147195068,87.28731448340245,run_147
cosbounce_cos_0067,4576,109.82711270929063,439.31770837935244,run_147
cosbounce_cos_0076,1281,109.43256366306404,72.74400390143407,run_147
cosbounce_cos_0057,18521,109.28281890906432,15.533226188337737,run_147
cosbounce_cos_0060,9230,109.22945344727421,55.19298508245531,run_147
cosbounce_cos_0033,19869,109.13274241454023,18.475395312166608,run_147
cosbounce_cos_0075,20041,108.91635630571811,7.55832772226806,run_147
cosbounce_cos_0049,18418,108.74114492190898,65.08344929501062,run_147
cosbounce_cos_0085,2334,108.73203578659896,33.30667606197059,run_147
cosbounce_cos_0084,17993,108.66329344605813,216.1835249731959,run_147
cosbounce_cos_0030,151,108.48277548741389,171.6288323913539,run_147
cosbounce_cos_0064,3858,108.31285180796976,7.7172409299358256,run_147
cosbounce_cos_0041,13136,108.2734169451819,146.20970355852057,run_147
cosbounce_cos_0026,16820,108.16660959278134,28.549342178973852,run_147
cosbounce_cos_0044,3844,108.14475482143315,68.12300487175406,run_147
cosbounce_cos_0058,2622,107.28472021489259,40.66861940514474,run_147
cosbounce_cos_0031,12207,107.14825562334082,346.3528291425157,run_147
cosbounce_cos_0081,18301,106.88585451728241,0.0003236645304860957,run_147
cosbounce_cos_0038,21392,106.76094740209372,126.58401639074148,run_147
cosbounce_cos_0039,12384,106.56505311401361,42.74201797680161,run_147
cosbounce_cos_0031,8732,106.45239001839347,11.135149976397962,run_147
cosbounce_cos_0062,15373,105.98969352710161,3.1013707063523195,run_147
cosbounce_cos_0044,12469,105.91954052936556,64.79768586389649,run_147
cosbounce_cos_0064,12018,105.90860049462158,91.46523362372146,run_147
cosbounce_cos_0042,4656,105.90661682855468,30.81373333459521,run_147
cosbounce_cos_0057,6792,105.77014580639273,75.01012338535895,run_147
cosbounce_cos_0017,21350,105.65611365315019,211.89016992663147,run_147
cosbounce_cos_0034,10349,105.55488396750312,203.87831726055796,run_147
cosbounce_cos_0027,4955,105.2809639418334,82.16873534669226,run_147
cosbounce_cos_0083,9379,104.91905912251093,105.775629312734,run_147
cosbounce_cos_0020,1672,104.83630091943051,63.28524280124356,run_147
cosbounce_cos_0061,954,104.41084507634548,5.939628124299442,run_147
cosbounce_cos_0001,2498,104.34224160685292,309.6656228232139,run_147
cosbounce_cos_0025,9377,104.1698862016436,104.79605409536698,run_147
cosbounce_cos_0052,5931,103.96364001900201,15.127576242869818,run_147
cosbounce_cos_0046,22134,103.55069407585455,149.4708053834186,run_147
cosbounce_cos_0084,9922,102.78528620786058,158.18789343635993,run_147
cosbounce_cos_0040,4729,102.30994040434135,150.8655247372134,run_147
cosbounce_cos_0053,19028,101.87530685669839,149.6919825724708,run_147
cosbounce_cos_0060,10541,101.44533973097984,255.93192007005965,run_147
cosbounce_cos_0025,20702,101.23496906433914,55.78949596985808,run_147
cosbounce_cos_0081,9138,99.90533313910959,126.3170147747228,run_147
cosbounce_cos_0010,20652,99.50473614737494,118.2388774785304,run_147
cosbounce_cos_0083,17587,99.32460114156468,102.39689701225788,run_147
cosbounce_cos_0056,12463,98.86184153761889,33.5222441778999,run_147
cosbounce_cos_0037,15785,98.8361938539489,15.995599599501402,run_147
cosbounce_cos_0051,5506,96.93138489732378,30.906864915094054,run_147
cosbounce_cos_0062,18061,96.57421696092362,70.0331276577904,run_147
cosbounce_cos_0074,11725,96.20049202099017,127.61184557467162,run_147
cosbounce_cos_0056,17963,95.59515299374983,13.922165719919064,run_147
cosbounce_cos_0037,6815,94.94279142337247,86.90550826945245,run_147
cosbounce_cos_0007,20067,93.59705367321659,65.04653526367436,run_147
cosbounce_cos_0085,8260,92.47572887455875,147.79207636636957,run_147
cosbounce_cos_0073,6040,91.00112298486617,43.3417106540904,run_147
cosbounce_cos_0010,20090,88.14143375646242,11.0941788778374,run_147
cosbounce_cos_0026,13664,85.10840083010052,155.19458570967575,run_147
cosbounce_cos_0079,14135,179.85614514539617,5.2827101660618005,run_150
cosbounce_cos_0056,7315,179.79162591415448,4.854623094405426,run_150
cosbounce_cos_0059,5605,179.76892119023896,4.696437522083856,run_150
cosbounce_cos_0073,18828,179.76127132540228,7.739721389358629,run_150
cosbounce_cos_0022,20829,179.7607414489423,8.144427616294685,run_150
cosbounce_cos_0080,14860,179.74153458632085,6.614599311407221,run_150
cosbounce_cos_0081,19597,179.7142226960087,8.66287871880003,run_150
cosbounce_cos_0053,8981,179.7132734268821,8.018213910195525,run_150
cosbounce_cos_0059,12529,179.6369992884812,13.673238281765487,run_150
cosbounce_cos_0054,4849,179.63644458618236,21.00238532512735,run_150
cosbounce_cos_0063,13098,179.6322931310828,12.511930721792513,run_150
cosbounce_cos_0082,18787,179.59244202178016,9.25695790569734,run_150
cosbounce_cos_0050,12047,179.57271963110975,12.807569752625064,run_150
cosbounce_cos_0024,1814,179.56413679057508,3.677620959776918,run_150
cosbounce_cos_0081,3657,179.55884985419556,12.530149283134904,run_150
cosbounce_cos_0051,4558,179.53481223195826,10.933244239242837,run_150
cosbounce_cos_0079,10684,179.53310666792333,14.10210214064794,run_150
cosbounce_cos_0029,19649,179.52390311101706,4.960309483926079,run_150
cosbounce_cos_0026,11164,179.51123898700808,11.721682217874342,run_150
cosbounce_cos_0054,13043,179.50748479556927,23.945968799809656,run_150
cosbounce_cos_0061,14572,179.5040552308366,14.854766762739931,run_150
cosbounce_cos_0041,6892,179.5013781586131,1.5456926884391484,run_150
cosbounce_cos_0063,10732,179.49078054678273,59.470175209910735,run_150
cosbounce_cos_0014,4037,179.48707628908855,4.346918851027254,run_150
cosbounce_cos_0048,15474,179.47451581813124,5.1458341720012255,run_150
cosbounce_cos_0083,11166,179.47193635227237,18.304550587692095,run_150
cosbounce_cos_0071,4116,179.46268660485322,3.6843214212938076,run_150
cosbounce_cos_0005,15303,179.45657598420112,29.022221159034185,run_150
cosbounce_cos_0048,10051,179.45409816777345,3.8164911595186304,run_150
cosbounce_cos_0033,13243,179.4484931738241,0.37239746813934654,run_150
cosbounce_cos_0072,6840,179.43279702922183,5.220160136805199,run_150
cosbounce_cos_0050,18893,179.42544077673278,0.8482101092019553,run_150
cosbounce_cos_0061,13062,179.41425996245852,10.95812724934484,run_150
cosbounce_cos_0029,7521,179.39287263368746,11.081203943237304,run_150
cosbounce_cos_0020,15315,179.39179763627698,0.9174272959905748,run_150
cosbounce_cos_0083,6892,179.32744827527242,27.870105140935905,run_150
cosbounce_cos_0075,21205,179.3251901522472,22.714737317166893,run_150
cosbounce_cos_0080,20198,179.30744051115164,3.1849276465831067,run_150
cosbounce_cos_0064,9864,179.3047379700279,5.773040532791931,run_150
cosbounce_cos_0063,20812,179.29721589938197,17.580097667015178,run_150
cosbounce_cos_0048,21045,179.28398734014692,8.619339417049352,run_150
cosbounce_cos_0047,17311,179.27036681654383,2.0093792019658814,run_150
cosbounce_cos_0048,20682,179.2576305091774,21.09380341419614,run_150
cosbounce_cos_0035,10612,179.24302549658006,264.32440187757487,run_150
cosbounce_cos_0044,18287,179.24236706645829,0.15474078396320765,run_150
cosbounce_cos_0014,4059,179.24162036525772,19.313510673263973,run_150
cosbounce_cos_0018,14453,179.24094337751325,6.681124438905272,run_150
cosbounce_cos_0051,417,179.21998394609585,5.434355042994757,run_150
cosbounce_cos_0036,5643,179.21749556770834,20.69683198061339,run_150
cosbounce_cos_0004,9877,179.21603036125956,13.042922023433054,run_150
cosbounce_cos_0077,3614,179.1905668978937,0.900646965423986,run_150
cosbounce_cos_0030,17012,179.19052132674724,15.64360235069725,run_150
cosbounce_cos_0066,20305,179.1859903331165,6.7790902123195425,run_150
cosbounce_cos_0061,11574,179.18580641604075,2.8362633076382373,run_150
cosbounce_cos_0054,8419,179.18499186046327,27.39590338186253,run_150
cosbounce_cos_0064,17242,179.18373688097105,170.01370677741593,run_150
cosbounce_cos_0051,16217,179.18013473958777,1.0303068509840232,run_150
cosbounce_cos_0046,569,179.17650808554063,3.5865210055202685,run_150
cosbounce_cos_0051,5913,179.1658952405808,32.03160458183328,run_150
cosbounce_cos_0056,20284,179.14196736637945,0.6248490383371935,run_150
cosbounce_cos_0067,15347,179.12594007079477,0.8993685883579444,run_150
cosbounce_cos_0026,18015,179.12187279291322,5.102237053774564,run_150
cosbounce_cos_0045,13777,179.11449879409605,1.24682044098358,run_150
cosbounce_cos_0023,17860,179.09701925558585,8.613331115468862,run_150
cosbounce_cos_0038,1334,179.08318638144584,7.910163766538917,run_150
cosbounce_cos_0059,3351,179.0742185019919,6.437670924165768,run_150
cosbounce_cos_0031,18874,179.07153061653491,0.26342348413998984,run_150
cosbounce_cos_0055,10421,179.07122966931564,1.6167901916557395,run_150
cosbounce_cos_0020,5374,179.06799444616126,196.17856933387714,run_150
cosbounce_cos_0036,4614,179.0670644455786,14.668170116936592,run_150
cosbounce_cos_0022,19049,179.06531964006027,11.709555161309734,run_150
cosbounce_cos_0032,11812,179.0639466352826,9.68578381191864,run_150
cosbounce_cos_0083,5676,179.06348930032286,25.298949513586447,run_150
cosbounce_cos_0084,14639,179.05871549327492,19.81473803962507,run_150
cosbounce_cos_0053,10296,179.05849857281476,29.21405724523039,run_150
cosbounce_cos_0074,8891,179.05458391273197,20.553579743994145,run_150
cosbounce_cos_0014,20943,179.05198253287557,8.93715814251323,run_150
cosbounce_cos_0014,8094,179.0462124589763,17.243473853543687,run_150
cosbounce_cos_0068,5847,179.04095686406518,4.69220695480915,run_150
cosbounce_cos_0074,16692,179.03704577589085,6.8204132245175915,run_150
cosbounce_cos_0053,7871,179.02967007381375,0.8998721556871436,run_150
cosbounce_cos_0065,7181,179.02961830923115,197.55208727809108,run_150
cosbounce_cos_0043,13025,179.0267380223662,8.009981050808081,run_150
cosbounce_cos_0085,19756,179.02308735631073,3.2878505430504275,run_150
cosbounce_cos_0016,820,179.00746857438108,4.531261483756227,run_150
cosbounce_cos_0017,18042,179.00165961356896,12.422334027816888,run_150
cosbounce_cos_0021,19178,179.00074037986596,6.981932912789425,run_150
cosbounce_cos_0084,19317,178.9959655755974,1.4861192615206382,run_150
cosbounce_cos_0066,15595,178.99590123301007,11.519290148732095,run_150
cosbounce_cos_0052,14529,178.99475512940444,1.8156787937816217,run_150
cosbounce_cos_0039,9669,178.9887276133458,2.2979986784544306,run_150
cosbounce_cos_0013,21954,178.98095829779146,62.75380755780849,run_150
cosbounce_cos_0025,4863,178.9788476563358,3.3429568039872706,run_150
cosbounce_cos_0038,19585,178.9783855094123,1.475176095748968,run_150
cosbounce_cos_0065,10243,178.9745085287439,14.764100385151183,run_150
cosbounce_cos_0013,14209,178.9740529775187,11.537026970832548,run_150
cosbounce_cos_0051,5778,178.97346693169956,27.25771682824281,run_150
cosbounce_cos_0079,4547,178.96997102336837,43.329320923316686,run_150
cosbounce_cos_0063,16343,178.9579426607764,10.021030547271467,run_150
cosbounce_cos_0002,7045,178.9533489176471,20.7100919568955,run_150
cosbounce_cos_0055,19361,178.9452528607763,4.849911961882565,run_150
cosbounce_cos_0058,9818,178.9367009549047,5.746968745595557,run_150
cosbounce_cos_0069,19287,178.93663548181337,3.915223714068267,run_150
cosbounce_cos_0061,20577,178.9227313044861,3.7428681111291957,run_150
cosbounce_cos_0067,8707,178.92153445997963,3.957672253955849,run_150
cosbounce_cos_0069,11019,178.92052768460252,3.7462610009085053,run_150
cosbounce_cos_0055,11006,178.91549216209202,25.276749414020284,run_150
cosbounce_cos_0048,3184,178.90886822563704,4.676197088442918,run_150
cosbounce_cos_0051,3527,178.90784979061996,33.85091456370348,run_150
cosbounce_cos_0032,5408,178.90661619288136,0.8495719666756593,run_150
cosbounce_cos_0018,21311,178.89951772448632,0.8115624631344227,run_150
cosbounce_cos_0080,14453,178.87446535544217,21.38216213714356,run_150
cosbounce_cos_0005,9458,178.8701087567858,12.084851838961725,run_150
cosbounce_cos_0072,7019,178.86267971731465,6.576985400143276,run_150
cosbounce_cos_0073,3574,178.84226488723866,2.0420370980858524,run_150
cosbounce_cos_0011,21751,178.84095327108716,3.8912839444292358,run_150
cosbounce_cos_0020,5923,178.8331620504952,4.897122297335764,run_150
cosbounce_cos_0070,16934,178.83114195389362,22.371725381983733,run_150
cosbounce_cos_0058,10908,178.82470612085186,25.405182246715295,run_150
cosbounce_cos_0036,17559,178.82372055628977,4.271115475126291,run_150
cosbounce_cos_0051,7690,178.81764740327918,28.091602569252377,run_150
cosbounce_cos_0048,18248,178.81253467607692,11.010898103689605,run_150
cosbounce_cos_0043,11306,178.806346404969,16.970017698304627,run_150
cosbounce_cos_0020,6005,178.80480568470946,19.275128042542804,run_150
cosbounce_cos_0039,18572,178.79555148457425,36.22775765201624,run_150
cosbounce_cos_0041,14039,178.7928195710806,0.7029831499201364,run_150
cosbounce_cos_0017,16450,178.78368779663634,6.402473147873508,run_150
cosbounce_cos_0065,13966,178.7794732379216,0.964641662231626,run_150
cosbounce_cos_0027,21766,178.77911158388684,25.276210937952243,run_150
cosbounce_cos_0008,14091,178.77639832899726,10.009229813717267,run_150
cosbounce_cos_0022,2633,178.77307846263497,3.3890141424983162,run_150
cosbounce_cos_0008,16708,178.7727611672865,11.485464946450863,run_150
cosbounce_cos_0057,8417,178.7717480217373,25.89503168418823,run_150
cosbounce_cos_0077,11899,178.76973292841086,12.993015659219733,run_150
cosbounce_cos_0015,4813,178.76803701183445,253.97549597552555,run_150
cosbounce_cos_0010,304,178.7678257960734,6.19690721342531,run_150
cosbounce_cos_0031,12546,178.754095947415,14.259760449091454,run_150
cosbounce_cos_0051,17947,178.75250287038332,2.7943860666051363,run_150
cosbounce_cos_0043,2711,178.74319702853742,1.0755508567441572,run_150
cosbounce_cos_0077,5287,178.73596821284,2.7593079133544345,run_150
cosbounce_cos_0023,10460,178.7137503780186,13.634415125068536,run_150
cosbounce_cos_0031,9608,178.7095179990731,23.897572430753094,run_150
cosbounce_cos_0004,8975,178.70034563617014,3.72877502901437,run_150
cosbounce_cos_0067,101,178.69539675268317,0.5570736376872611,run_150
cosbounce_cos_0076,14428,178.69185820646257,4.1513399390433925,run_150
cosbounce_cos_0085,13195,178.69172012144244,1.2674456213544063,run_150
cosbounce_cos_0056,21366,178.69094924877146,11.142939215119284,run_150
cosbounce_cos_0010,8956,178.6906470357626,12.931278453290641,run_150
cosbounce_cos_0057,21912,178.68956228552491,2.6310920955230266,run_150
cosbounce_cos_0021,9973,178.68098825731602,1.9778738623220782,run_150
cosbounce_cos_0040,11811,178.67890765927038,4.884098285385622,run_150
cosbounce_cos_0076,15388,178.67804741441392,8.5152376874625,run_150
cosbounce_cos_0002,2152,178.67395320578203,51.74933938679896,run_150
cosbounce_cos_0064,11477,178.6704228532444,4.151112035384507,run_150
cosbounce_cos_0010,18522,178.66315227187476,10.45661477191655,run_150
cosbounce_cos_0049,20932,178.65500977611404,17.036692482261046,run_150
cosbounce_cos_0077,18113,178.6538831176236,17.88751748843794,run_150
cosbounce_cos_0051,4314,178.65013694086107,7.101696360313749,run_150
cosbounce_cos_0050,13031,178.64976438269284,22.61912857648512,run_150
cosbounce_cos_0056,4846,178.64955089482999,3.9579014584653276,run_150
cosbounce_cos_0013,13509,178.6402048956955,4.236556202796377,run_150
cosbounce_cos_0019,7424,178.6376576841062,7.665451196103289,run_150
cosbounce_cos_0035,10648,178.63539791911953,3.104749001359843,run_150
cosbounce_cos_0046,3226,178.63391713382782,24.517026138672513,run_150
cosbounce_cos_0083,14618,178.6300813746387,3.841426801578374,run_150
cosbounce_cos_0029,1419,178.62151187374766,20.861459712420523,run_150
cosbounce_cos_0082,12525,178.61939099718745,0.13069020306811718,run_150
cosbounce_cos_0002,11127,178.6171639857502,4.6171658515192275,run_150
cosbounce_cos_0061,14463,178.6168959453862,1.9298259835027323,run_150
cosbounce_cos_0078,4159,178.61551872648877,4.609857211961575,run_150
cosbounce_cos_0005,8102,178.60910241349745,6.53497190587684,run_150
cosbounce_cos_0009,13748,178.60850392485727,3.3941986895867347,run_150
cosbounce_cos_0053,6254,178.60667357966398,14.473230496002863,run_150
cosbounce_cos_0020,20180,178.59085991886414,2.1486933812758298,run_150
cosbounce_cos_0017,18894,178.58765411528094,0.429140573501704,run_150
cosbounce_cos_0002,9797,178.58561849646009,6.3090398576083135,run_150
cosbounce_cos_0023,9016,178.5792496519304,9.20867733787504,run_150
cosbounce_cos_0069,4652,178.57685812612783,9.8716362675959,run_150
cosbounce_cos_0002,2904,178.5749110351966,12.11559945085905,run_150
cosbounce_cos_0009,3286,178.57444121624349,2.887816229126254,run_150
cosbounce_cos_0083,7745,178.57327225709682,182.55976549200966,run_150
cosbounce_cos_0072,12999,178.56690994136525,5.994792676446212,run_150
cosbounce_cos_0055,5611,178.5653597647866,17.149660288676245,run_150
cosbounce_cos_0033,20125,178.5652658767129,1.4078610291522662,run_150
cosbounce_cos_0068,20428,178.55629072612712,17.890092155524002,run_150
cosbounce_cos_0008,558,178.5396098437593,4.350917299250848,run_150
cosbounce_cos_0045,15224,178.5391911654952,7.247102553226748,run_150
cosbounce_cos_0045,20616,178.53877140587386,5.869900114274122,run_150
cosbounce_cos_0055,14218,178.52034335953283,5.912848336058782,run_150
cosbounce_cos_0077,1838,178.52017455220033,3.6201913926927247,run_150
cosbounce_cos_0047,11011,178.51962373122473,10.677337290975212,run_150
cosbounce_cos_0065,4400,178.51757000129177,17.25446592697742,run_150
cosbounce_cos_0011,16123,178.51671197552508,6.1331052358153295,run_150
cosbounce_cos_0066,22087,178.51288890868267,15.258032197272001,run_150
cosbounce_cos_0004,20955,178.51230493796464,1.3696451551183448,run_150
cosbounce_cos_0036,1241,178.504083133484,4.817737890371683,run_150
cosbounce_cos_0002,8248,178.49485322077507,1.296116028890669,run_150
cosbounce_cos_0048,7751,178.49300373040654,0.9293364250383163,run_150
cosbounce_cos_0051,3808,178.49074793509308,2.433068101170615,run_150
cosbounce_cos_0053,8839,178.4869265561925,5.2091576530319506,run_150
cosbounce_cos_0033,6495,178.4846724940282,0.05262693025240717,run_150
cosbounce_cos_0005,20940,178.48447437098517,6.23063734992134,run_150
cosbounce_cos_0080,7316,178.48296614936825,8.68121117123554,run_150
cosbounce_cos_0011,11947,178.48001345698117,17.5537346200346,run_150
cosbounce_cos_0082,13172,178.47197740251576,17.50964626659069,run_150
cosbounce_cos_0024,5751,178.4700911987518,8.702193314082734,run_150
cosbounce_cos_0010,17140,178.46708483627404,8.537481959152545,run_150
cosbounce_cos_0073,3657,178.4596352659869,23.281436383024406,run_150
cosbounce_cos_0072,16368,178.45567917826673,1.2387767818783946,run_150
cosbounce_cos_0018,4668,178.45425190661848,26.045927691914283,run_150
cosbounce_cos_0019,10454,178.45172656359637,18.620692191921286,run_150
cosbounce_cos_0032,3042,178.44927943317506,2.85670545347514,run_150
cosbounce_cos_0080,8597,178.4469523277816,21.656327712738857,run_150
cosbounce_cos_0034,10962,178.44449398824017,9.499252181189012,run_150
cosbounce_cos_0074,9889,178.4438162975374,9.11058761779334,run_150
cosbounce_cos_0040,4878,178.438301686871,4.377176624272869,run_150
cosbounce_cos_0048,10953,178.43548491520065,13.680596555667629,run_150
cosbounce_cos_0053,20363,178.43148980220258,19.674315316608514,run_150
cosbounce_cos_0060,4649,178.4304764892962,6.304404135324196,run_150
cosbounce_cos_0046,4319,178.42625757682777,4.10581691092444,run_150
cosbounce_cos_0041,13587,178.42581838666973,13.512683088179855,run_150
cosbounce_cos_0018,13635,178.40286319727585,14.020808680947797,run_150
cosbounce_cos_0006,3712,178.39283170517615,45.52178105826674,run_150
cosbounce_cos_0039,7573,178.3921012322496,13.853473303513912,run_150
cosbounce_cos_0033,729,178.3919170364549,145.64650516638193,run_150
cosbounce_cos_0045,21902,178.38969293102463,3.026434938974021,run_150
cosbounce_cos_0013,3276,178.38357138063535,15.764852451319538,run_150
cosbounce_cos_0020,16540,178.382729272499,4.230008738278411,run_150
cosbounce_cos_0056,21179,178.3801695772389,5.8033788792842875,run_150
cosbounce_cos_0073,9148,178.37751965497742,5.364475548272419,run_150
cosbounce_cos_0070,3245,178.37258735491068,4.649021151275994,run_150
cosbounce_cos_0053,2153,178.37219878382743,2.119366560131768,run_150
cosbounce_cos_0025,2102,178.3702365376312,17.157661484035792,run_150
cosbounce_cos_0053,7466,178.36955743438267,4.638370376704805,run_150
cosbounce_cos_0078,1386,178.3577721374294,22.162519703336024,run_150
cosbounce_cos_0071,2926,178.34777714238066,12.202066027915487,run_150
cosbounce_cos_0045,11334,178.3471257321329,1.1494928264334252,run_150
cosbounce_cos_0033,9739,178.3442746004502,139.84263499701967,run_150
cosbounce_cos_0056,10058,178.34075281907744,13.080364424030375,run_150
cosbounce_cos_0044,10407,178.3407400111388,4.898777094775419,run_150
cosbounce_cos_0079,1978,178.3375483643442,314.0273718937099,run_150
cosbounce_cos_0080,6420,178.3373180046361,133.42633964044254,run_150
cosbounce_cos_0057,15369,178.33670385964865,4.355322578494659,run_150
cosbounce_cos_0011,957,178.33655529015417,20.41110324277281,run_150
cosbounce_cos_0036,20146,178.32524797839315,15.267871046912138,run_150
cosbounce_cos_0062,3671,178.32510533641164,13.401583364667003,run_150
cosbounce_cos_0062,15457,178.32476813700532,0.6138141428506476,run_150
cosbounce_cos_0074,2527,178.32456464126412,0.9795077231833885,run_150
cosbounce_cos_0060,11146,178.31876799616273,20.717004281144078,run_150
cosbounce_cos_0033,226,178.31793823802332,1.4637044149024485,run_150
cosbounce_cos_0054,6496,178.31610820267355,2.308455826384955,run_150
cosbounce_cos_0057,21509,178.3041850347709,117.15715403033452,run_150
cosbounce_cos_0015,7482,178.29633311940145,4.718804778746722,run_150
cosbounce_cos_0027,22437,178.2952960086295,4.690187115116475,run_150
cosbounce_cos_0044,13475,178.29257152327148,8.57871060882962,run_150
cosbounce_cos_0009,12048,178.29167181803894,17.170043121294636,run_150
cosbounce_cos_0019,15434,178.29145677643456,50.15873975852154,run_150
cosbounce_cos_0057,21374,178.28804787469647,1.8576002800538398,run_150
cosbounce_cos_0043,14009,178.282131539274,0.0376628395034623,run_150
cosbounce_cos_0003,20700,178.28049160421364,1.6526208304440255,run_150
cosbounce_cos_0064,5050,178.2797642498061,9.213589633837602,run_150
cosbounce_cos_0056,8175,178.27930548361957,1.0467577746391783,run_150
cosbounce_cos_0070,6130,178.2770355285675,22.77442222265326,run_150
cosbounce_cos_0060,13202,178.27532647614998,7.950433047014159,run_150
cosbounce_cos_0002,13429,178.2730129381122,0.23697715562197624,run_150
cosbounce_cos_0071,12321,178.27106655561744,16.878545479759374,run_150
cosbounce_cos_0065,20645,178.27067148867974,1.9410071190509306,run_150
cosbounce_cos_0053,16704,178.26860689454975,0.4773362251177596,run_150
cosbounce_cos_0059,15456,178.26857894230324,19.586987021158446,run_150
cosbounce_cos_0040,15545,178.26018306274153,2.4945027117904055,run_150
cosbounce_cos_0079,6973,178.25716417920341,24.019583657669944,run_150
cosbounce_cos_0008,852,178.25479511746477,12.980397457838253,run_150
cosbounce_cos_0001,13291,178.25192259120033,5.428163653905939,run_150
cosbounce_cos_0025,10025,178.25138294022992,8.829014899857793,run_150
cosbounce_cos_0052,4927,178.2511304464072,54.638506902521534,run_150
cosbounce_cos_0018,8635,178.2506885005109,4.957162222526786,run_150
cosbounce_cos_0078,7991,178.24739572760208,0.05669099848532924,run_150
cosbounce_cos_0031,17401,178.2470485911883,10.007787282002383,run_150
cosbounce_cos_0003,13668,178.24137888553545,0.3626763005624371,run_150
cosbounce_cos_0008,17341,178.24063090306413,8.789830109657867,run_150
cosbounce_cos_0014,21983,178.23629474073945,12.823207478852174,run_150
cosbounce_cos_0061,11983,178.2358354791971,8.079812130329207,run_150
cosbounce_cos_0036,8888,178.2323085850469,4.145803552645843,run_150
cosbounce_cos_0081,3346,178.2267416719285,8.368093672398068,run_150
cosbounce_cos_0050,10012,178.2215773713859,7.811809094892719,run_150
cosbounce_cos_0066,5663,178.2190648111421,41.826799323781806,run_150
cosbounce_cos_0061,9256,178.2150661582964,5.23952670243493,run_150
cosbounce_cos_0067,4449,178.2029337752566,3.521390428564612,run_150
cosbounce_cos_0045,12416,178.20120493428098,3.9693301782042694,run_150
cosbounce_cos_0007,19819,178.1768573223936,12.810189296649952,run_150
cosbounce_cos_0019,11081,178.17543029757417,1.9963374047883222,run_150
cosbounce_cos_0049,6379,178.17415887503887,2.7039619076338073,run_150
cosbounce_cos_0081,8504,178.1637422651196,3.4875618990972,run_150
cosbounce_cos_0045,15336,178.1514999238309,5.5773898647812485,run_150
cosbounce_cos_0051,21295,178.14405418981283,9.593593905689328,run_150
cosbounce_cos_0038,577,178.1369374674524,6.285205217139201,run_150
cosbounce_cos_0033,20154,178.1362273275376,2.283133984909108,run_150
cosbounce_cos_0058,11903,178.1350923965387,15.88002358728888,run_150
cosbounce_cos_0048,13846,178.12948593849083,15.128573967010269,run_150
cosbounce_cos_0071,9916,178.12836538301826,16.254179933860748,run_150
cosbounce_cos_0036,21928,178.12726813285772,3.9558494559370327,run_150
cosbounce_cos_0045,17469,178.1265168370707,7.112428090044116,run_150
cosbounce_cos_0036,12484,178.12560220653512,0.27297509858177277,run_150
cosbounce_cos_0029,11619,178.12468243275632,4.078016059353199,run_150
cosbounce_cos_0086,5079,178.11374778273552,9.963168648189564,run_150
cosbounce_cos_0023,21215,178.10824399654106,2.7000916610579275,run_150
cosbounce_cos_0077,18083,178.09038884251353,17.425741209737062,run_150
cosbounce_cos_0031,12897,178.086475142113,14.649499833404645,run_150
cosbounce_cos_0067,13312,178.08294892788686,31.040494489456663,run_150
cosbounce_cos_0074,18084,178.0802323617815,14.108585738375172,run_150
cosbounce_cos_0051,12961,178.0799853645106,21.217329444326644,run_150
cosbounce_cos_0046,11708,178.07609811400164,3.3372275417471853,run_150
cosbounce_cos_0064,2998,178.07422035013346,6.382500585693638,run_150
cosbounce_cos_0043,19042,178.0699495471618,7.913571205671664,run_150
cosbounce_cos_0070,10766,178.06739931174826,9.245431953660066,run_150
cosbounce_cos_0043,8946,178.06568488569917,14.921132841018647,run_150
cosbounce_cos_0015,10712,178.06477784756063,3.4931374573192877,run_150
cosbounce_cos_0069,15251,178.06191704793122,16.003087156180193,run_150
cosbounce_cos_0064,8645,178.06174558437797,4.059913395771802,run_150
cosbounce_cos_0043,14493,178.05590457336572,6.4526518963476285,run_150
cosbounce_cos_0055,18809,178.05499531148476,12.89337130097418,run_150
cosbounce_cos_0019,14385,178.05298994843378,11.01175670484405,run_150
cosbounce_cos_0059,18568,178.05039417616,3.5812984985755794,run_150
cosbounce_cos_0000,3175,178.0493087744593,7.3068568075433395,run_150
cosbounce_cos_0070,2588,178.04130391055344,2.3021157039896236,run_150
cosbounce_cos_0024,1174,178.0412591875214,6.0838332032068525,run_150
cosbounce_cos_0054,20308,178.03731703335873,0.4896175680622475,run_150
cosbounce_cos_0039,19558,178.02934480546008,17.280137102391492,run_150
cosbounce_cos_0000,22195,178.02541583485475,6.833586532879673,run_150
cosbounce_cos_0031,4545,178.02246771310013,3.004761351377332,run_150
cosbounce_cos_0054,18645,178.02059029086652,81.50433481571804,run_150
cosbounce_cos_0061,5175,178.01963419958466,34.15213023018245,run_150
cosbounce_cos_0049,4224,178.01940237825974,5.046522640178839,run_150
cosbounce_cos_0006,17310,178.01699628723756,12.110411432982012,run_150
cosbounce_cos_0065,4096,178.01535737643215,6.321308521551462,run_150
cosbounce_cos_0060,13280,178.015233242736,19.296645581580975,run_150
cosbounce_cos_0061,16366,178.01229830067643,23.82058596237049,run_150
cosbounce_cos_0040,3010,178.01198119094332,3.6798330776624413,run_150
cosbounce_cos_0050,13960,178.0119108981942,12.207108216109217,run_150
cosbounce_cos_0030,18220,178.01080182631762,0.030289848408581586,run_150
cosbounce_cos_0024,48,178.00562695054057,2.5362304603683583,run_150
cosbounce_cos_0060,3612,177.99757760253402,7.802910374097432,run_150
cosbounce_cos_0052,4608,177.99568160082282,9.447059997224724,run_150
cosbounce_cos_0055,5893,177.9946426245245,14.104655590013182,run_150
cosbounce_cos_0044,2313,177.99344829146654,0.810403353232691,run_150
cosbounce_cos_0051,9165,177.99194093434508,8.165179263063974,run_150
cosbounce_cos_0085,12488,177.9880240406504,4.223206836312479,run_150
cosbounce_cos_0005,12947,177.98474517176277,8.481367978494035,run_150
cosbounce_cos_0021,15694,177.97821956152066,11.000130439523925,run_150
cosbounce_cos_0067,3522,177.97671700268188,146.8344165502585,run_150
cosbounce_cos_0044,15654,177.97537853092413,11.470652922787169,run_150
cosbounce_cos_0017,8470,177.97337416950515,17.355274254367405,run_150
cosbounce_cos_0043,21759,177.96572194573454,12.310024635725528,run_150
cosbounce_cos_0070,11592,177.9645369985846,20.85021059509103,run_150
cosbounce_cos_0055,10662,177.96055362111665,6.315732179861049,run_150
cosbounce_cos_0057,12992,177.95933323264424,33.05764587568155,run_150
cosbounce_cos_0016,3511,177.95664104995024,1.9652408372268906,run_150
cosbounce_cos_0071,9310,177.95501945626648,6.6468019892762715,run_150
cosbounce_cos_0014,7650,177.95215951827052,3.2692484510027895,run_150
cosbounce_cos_0039,15699,177.95156736824515,2.502762438242356,run_150
cosbounce_cos_0067,7536,177.95028120222332,0.026424462378733804,run_150
cosbounce_cos_0052,12950,177.94772201857387,5.311317269130624,run_150
cosbounce_cos_0023,9887,177.94606127240357,5.940518804851815,run_150
cosbounce_cos_0023,14211,177.9386765404918,0.8078613156799151,run_150
cosbounce_cos_0043,18345,177.93451265103903,10.953303585378931,run_150
cosbounce_cos_0063,16171,177.9336138881623,3.183330069058111,run_150
cosbounce_cos_0038,1493,177.9332590220176,10.563843342875092,run_150
cosbounce_cos_0050,17234,177.93085102278397,19.915161705437374,run_150
cosbounce_cos_0044,2766,177.92898363176965,14.357752880037967,run_150
cosbounce_cos_0006,13982,177.92705409324952,5.178174196077579,run_150
cosbounce_cos_0031,9843,177.9190273476955,3.195265346287469,run_150
cosbounce_cos_0017,17160,177.91856135519475,7.423833878629833,run_150
cosbounce_cos_0003,1698,177.9119395137343,0.09132232872031472,run_150
cosbounce_cos_0061,4111,177.9102392764998,9.546653078846763,run_150
cosbounce_cos_0009,13406,177.9096446547464,10.112358277324203,run_150
cosbounce_cos_0060,7143,177.90530092588344,4.445502944691499,run_150
cosbounce_cos_0022,9391,177.9050775027493,7.875865572133238,run_150
cosbounce_cos_0066,15212,177.90356156327772,1.6636558703776265,run_150
cosbounce_cos_0058,9114,177.90324180096235,1.1323927115197785,run_150
cosbounce_cos_0069,13508,177.90211513646392,6.786756570093724,run_150
cosbounce_cos_0051,1745,177.90114453868392,0.07427128263837077,run_150
cosbounce_cos_0034,17974,177.9002415445411,69.87228272173263,run_150
cosbounce_cos_0005,21951,177.8999553473085,8.92045937200695,run_150
cosbounce_cos_0034,11769,177.89967477820068,2.374091237644275,run_150
cosbounce_cos_0007,5696,177.89625223393213,5.006062088420748,run_150
cosbounce_cos_0025,3338,177.89617389927378,5.7699853331758755,run_150
cosbounce_cos_0049,22033,177.8960061560709,13.605787218201426,run_150
cosbounce_cos_0044,16842,177.88913169186492,5.396606441281806,run_150
cosbounce_cos_0052,12481,177.88892335201396,7.855378299663774,run_150
cosbounce_cos_0056,17882,177.88819810988653,1.7783842734455502,run_150
cosbounce_cos_0040,5672,177.88774070640048,0.7715878045259251,run_150
cosbounce_cos_0058,21813,177.88680814802882,5.623947713586913,run_150
cosbounce_cos_0049,21777,177.88187078395694,18.1838019827148,run_150
cosbounce_cos_0078,7510,177.88063108182124,6.654629792234466,run_150
cosbounce_cos_0011,12477,177.8776510745112,0.3599305660390179,run_150
cosbounce_cos_0045,18817,177.8712486062086,10.556329360936354,run_150
cosbounce_cos_0041,6833,177.87099097093935,6.336507064152162,run_150
cosbounce_cos_0082,11554,177.86817149928254,14.832868109212951,run_150
cosbounce_cos_0009,7501,177.86661095554186,2.382274889652876,run_150
cosbounce_cos_0062,6555,177.8659325569703,2.5025844370375028,run_150
cosbounce_cos_0040,8008,177.86164363414824,8.368881127562334,run_150
cosbounce_cos_0056,5974,177.858030674084,16.437310430507896,run_150
cosbounce_cos_0051,6749,177.85352276019725,20.48161260098805,run_150
cosbounce_cos_0062,18423,177.85238168743834,138.3633995141748,run_150
cosbounce_cos_0074,659,177.85204104351243,7.980353705371678,run_150
cosbounce_cos_0077,792,177.8517727148154,5.864036010695334,run_150
cosbounce_cos_0026,7411,177.84756690677918,5.1273519180470455,run_150
cosbounce_cos_0062,18579,177.84748170423052,0.34055311495915713,run_150
cosbounce_cos_0086,8773,177.8463083957695,10.143664446596484,run_150
cosbounce_cos_0047,10499,177.8443876595491,124.87613431304544,run_150
cosbounce_cos_0070,21459,177.84335320320798,10.82057800656266,run_150
cosbounce_cos_0008,18493,177.84240303971663,3.9285757285693115,run_150
cosbounce_cos_0036,15292,177.8377673748177,2.6859100369396054,run_150
cosbounce_cos_0062,5829,177.83743543081812,9.552802289021542,run_150
cosbounce_cos_0044,9771,177.83435968995602,1.2790668312068731,run_150
cosbounce_cos_0050,10586,177.83123011636272,11.764583061686507,run_150
cosbounce_cos_0049,364,177.82127775450658,1.239526497989433,run_150
cosbounce_cos_0079,6734,177.82069638820278,6.1226583359083655,run_150
cosbounce_cos_0086,135,177.81981084634404,4.799558384145156,run_150
cosbounce_cos_0033,13057,177.81864012781799,13.552822857089367,run_150
cosbounce_cos_0046,8528,177.81807587216875,13.17075956333473,run_150
cosbounce_cos_0080,7741,177.81452345184613,13.977428058656942,run_150
cosbounce_cos_0086,2176,177.81392721986853,1.0310627245969648,run_150
cosbounce_cos_0056,22036,177.81175015074876,12.049573135465495,run_150
cosbounce_cos_0016,13759,177.81085752042716,79.26710606271651,run_150
cosbounce_cos_0054,21682,177.8104223176102,7.9357463321166914,run_150
cosbounce_cos_0039,16296,177.80779297290277,5.051888648757388,run_150
cosbounce_cos_0053,19110,177.80516206826292,8.552881367524568,run_150
cosbounce_cos_0068,17260,177.8042922783315,239.00966201955003,run_150
cosbounce_cos_0077,3591,177.80338266168124,13.990631387247046,run_150
cosbounce_cos_0064,7733,177.8023090700618,7.507376126101919,run_150
cosbounce_cos_0065,597,177.8012498963662,14.268842559573336,run_150
cosbounce_cos_0034,18985,177.80004960812136,1.0733564069720793,run_150
cosbounce_cos_0072,19511,177.79919527767908,9.228212225997165,run_150
cosbounce_cos_0064,15268,177.79795302224863,8.707968603114177,run_150
cosbounce_cos_0060,563,177.796364772739,4.408773160525226,run_150
cosbounce_cos_0036,9971,177.79454542483865,26.797236616659422,run_150
cosbounce_cos_0060,20554,177.79126324792963,6.700072714099912,run_150
cosbounce_cos_0039,11810,177.78925406096337,0.5204857130408455,run_150
cosbounce_cos_0003,4690,177.78852538302897,5.597140833755275,run_150
cosbounce_cos_0023,21905,177.78604912797493,0.9030848756825853,run_150
cosbounce_cos_0014,5882,177.78268454662359,7.359117296235616,run_150
cosbounce_cos_0027,15140,177.78241111725254,0.9715700797902529,run_150
cosbounce_cos_0047,4775,177.77791256263873,5.207234928133956,run_150
cosbounce_cos_0019,14609,177.77383011825535,9.773198741989015,run_150
cosbounce_cos_0066,3105,177.7725134830048,9.72190268826559,run_150
cosbounce_cos_0085,4272,177.77144354429137,3.851129422950343,run_150
cosbounce_cos_0076,14494,177.77114168190684,2.2195885283311125,run_150
cosbounce_cos_0048,15341,177.76963236478718,7.601193379545551,run_150
cosbounce_cos_0021,7905,177.76650897759498,2.201381820078777,run_150
cosbounce_cos_0000,19588,177.76598672031136,3.3074953956897604,run_150
cosbounce_cos_0019,12021,177.765718534239,7.878808876099387,run_150
cosbounce_cos_0033,1536,177.7648422224298,6.384908145869522,run_150
cosbounce_cos_0029,8255,177.76464995483437,7.307699724063369,run_150
cosbounce_cos_0046,652,177.76375202049957,7.736523980103143,run_150
cosbounce_cos_0037,7285,177.7599733830001,14.609860957067191,run_150
cosbounce_cos_0018,20164,177.75982185658557,10.147191542868459,run_150
cosbounce_cos_0081,16538,177.75893523141167,0.2593351303834176,run_150
cosbounce_cos_0055,432,177.75841107881934,0.07474990357911392,run_150
cosbounce_cos_0054,12146,177.75768741772913,7.13675513777162,run_150
cosbounce_cos_0052,529,177.75735361407007,3.14913372482141,run_150
cosbounce_cos_0024,20906,177.75532723140194,9.90955002377984,run_150
cosbounce_cos_0070,2135,177.7544124231725,13.127225531603838,run_150
cosbounce_cos_0020,5773,177.75305453891718,1.228448650374569,run_150
cosbounce_cos_0032,10738,177.7481516458885,0.341374842196953,run_150
cosbounce_cos_0052,16363,177.7458115782363,7.869686276105007,run_150
cosbounce_cos_0074,18237,177.7436073500767,4.639048292572874,run_150
cosbounce_cos_0018,13224,177.74358263098802,74.30581166859747,run_150
cosbounce_cos_0022,16583,177.74072930403568,73.96126406421546,run_150
cosbounce_cos_0057,19167,177.73999159192152,9.164815840215903,run_150
cosbounce_cos_0055,41,177.7329037456464,5.4384678781504885,run_150
cosbounce_cos_0077,11347,177.72716748333622,11.403548154209819,run_150
cosbounce_cos_0082,15327,177.72635443043993,8.861623810354272,run_150
cosbounce_cos_0036,7006,177.725317030796,4.552555632744113,run_150
cosbounce_cos_0069,10016,177.72486690950706,13.161540127652092,run_150
cosbounce_cos_0071,9422,177.72322241381093,6.703231167988297,run_150
cosbounce_cos_0018,3396,177.71971447619552,9.87162563256628,run_150
cosbounce_cos_0003,21636,177.7187937612172,7.2010497250459835,run_150
cosbounce_cos_0053,18512,177.71821056333778,9.672253256184232,run_150
cosbounce_cos_0066,21936,177.71795078806008,1.247500990885425,run_150
cosbounce_cos_0065,14085,177.71629329865226,12.010872775060138,run_150
cosbounce_cos_0066,7442,177.71219161977132,126.77706194618766,run_150
cosbounce_cos_0053,18853,177.70446369058348,9.058845316713917,run_150
cosbounce_cos_0037,19358,177.69499863846931,1.6784758986571413,run_150
cosbounce_cos_0068,1521,177.69217482834318,0.979342834818932,run_150
cosbounce_cos_0021,9991,177.68779062290758,1.8735973851659562,run_150
cosbounce_cos_0037,14774,177.68775817694188,4.23603802682613,run_150
cosbounce_cos_0075,17228,177.68765794071766,3.1644638631775317,run_150
cosbounce_cos_0063,7633,177.68485756314215,3.526544391930843,run_150
cosbounce_cos_0048,897,177.68385737816078,8.95813130106434,run_150
cosbounce_cos_0013,16434,177.68353509996578,28.280933526179474,run_150
cosbounce_cos_0074,17608,177.68050180836838,17.823941197145643,run_150
cosbounce_cos_0040,20814,177.6780946870496,24.92284840160684,run_150
cosbounce_cos_0016,9918,177.67712545954043,11.372479434611488,run_150
cosbounce_cos_0054,11829,177.67507292523106,29.33708591923951,run_150
cosbounce_cos_0013,17555,177.67275327323907,33.21412743684142,run_150
cosbounce_cos_0025,15448,177.67163950527168,12.778802521257367,run_150
cosbounce_cos_0057,3939,177.66925614302036,5.933360928060961,run_150
cosbounce_cos_0070,8986,177.66624689455932,1.3408815386452098,run_150
cosbounce_cos_0019,16759,177.66201268783522,6.65917830236695,run_150
cosbounce_cos_0056,7206,177.6613595081639,0.901782035487104,run_150
cosbounce_cos_0031,19872,177.6607770102644,15.67764652935018,run_150
cosbounce_cos_0043,4071,177.65997234698006,20.65568736221982,run_150
cosbounce_cos_0076,647,177.65888771183123,3.060183512546942,run_150
cosbounce_cos_0022,16756,177.64484513331996,10.664958192135131,run_150
cosbounce_cos_0048,17852,177.6442921532742,22.924638928344855,run_150
cosbounce_cos_0071,21651,177.64242068706875,0.445262264149368,run_150
cosbounce_cos_0079,2732,177.63920217407085,12.423900279512024,run_150
cosbounce_cos_0076,2246,177.63902541657407,1.0104730492462297,run_150
cosbounce_cos_0003,21211,177.6365794521339,5.005742328050073,run_150
cosbounce_cos_0020,9518,177.63632874772716,6.722231089980376,run_150
cosbounce_cos_0034,10762,177.63184829985587,2.183240647895861,run_150
cosbounce_cos_0069,10886,177.63004708824562,27.43802036892026,run_150
cosbounce_cos_0044,2378,177.62998127704563,6.67781275316923,run_150
cosbounce_cos_0047,18606,177.629262259158,10.491390985146412,run_150
cosbounce_cos_0053,21991,177.6151644691609,19.163923868300216,run_150
cosbounce_cos_0008,15686,177.6121547779663,10.181714976123336,run_150
cosbounce_cos_0071,20912,177.6071041652718,0.21255105132975033,run_150
cosbounce_cos_0036,8455,177.6057359762296,13.448886503594773,run_150
cosbounce_cos_0020,728,177.60414764776465,3.738612026728714,run_150
cosbounce_cos_0011,4123,177.60230024768276,3.023347566656852,run_150
cosbounce_cos_0058,16369,177.60078304569439,8.061204091756725,run_150
cosbounce_cos_0083,22082,177.59776219481478,0.47143514358907207,run_150
cosbounce_cos_0028,12712,177.59692600912928,8.875722780174007,run_150
cosbounce_cos_0083,2855,177.59632531598916,239.04671449053407,run_150
cosbounce_cos_0038,18734,177.59419908967757,22.96460278405152,run_150
cosbounce_cos_0075,9152,177.59234814275686,3.8439843577003505,run_150
cosbounce_cos_0035,21868,177.58980655369166,13.091918261876094,run_150
cosbounce_cos_0004,17998,177.5888199354587,3.466468501198989,run_150
cosbounce_cos_0068,16884,177.5887612225759,1.5402650820450092,run_150
cosbounce_cos_0045,5013,177.58761067835033,7.41720009633506,run_150
cosbounce_cos_0021,12940,177.5845441630141,1.6738352810128974,run_150
cosbounce_cos_0028,21451,177.5818940951375,10.200020432028344,run_150
cosbounce_cos_0017,8749,177.5818302443508,3.6746212366933353,run_150
cosbounce_cos_0042,5286,177.58098180201875,18.836306561633346,run_150
cosbounce_cos_0056,20808,177.58063555822875,19.859202375196503,run_150
cosbounce_cos_0059,21305,177.57998960367715,35.82148543008434,run_150
cosbounce_cos_0085,7673,177.57965464595816,12.596540197989604,run_150
cosbounce_cos_0051,11210,177.5777781865204,6.029912084238625,run_150
cosbounce_cos_0035,9002,177.57417958799658,14.942053271907056,run_150
cosbounce_cos_0060,11597,177.57263490616194,3.324663033769746,run_150
cosbounce_cos_0001,12562,177.57044221915442,3.6920808963597533,run_150
cosbounce_cos_0020,6982,177.56163305220863,7.588261536244157,run_150
cosbounce_cos_0036,21947,177.55769405111678,4.019735030337709,run_150
cosbounce_cos_0082,9302,177.55686605065858,7.580352229585942,run_150
cosbounce_cos_0022,9982,177.55405207017563,2.224933058014526,run_150
cosbounce_cos_0033,6530,177.55033344986748,9.138842582164846,run_150
cosbounce_cos_0045,12101,177.54924552312707,5.494327629710733,run_150
cosbounce_cos_0034,5551,177.54826159879647,10.259341733336925,run_150
cosbounce_cos_0044,9764,177.54578135234556,17.108009044371798,run_150
cosbounce_cos_0050,2780,177.54430163992083,0.544029911387488,run_150
cosbounce_cos_0028,8174,177.54420799729832,0.07638483650452378,run_150
cosbounce_cos_0010,2568,177.54385657846976,11.534514460499814,run_150
cosbounce_cos_0056,7605,177.53965470241357,6.469276373783812,run_150
cosbounce_cos_0083,5844,177.536313008148,20.687521279074986,run_150
cosbounce_cos_0045,5903,177.53572493880048,6.964072314762183,run_150
cosbounce_cos_0072,10365,177.52645353814685,6.890415638578052,run_150
cosbounce_cos_0042,9472,177.52510727090984,4.694397520521851,run_150
cosbounce_cos_0023,19336,177.52278195515916,9.262607735023325,run_150
cosbounce_cos_0080,19248,177.51738894551642,13.811121732992246,run_150
cosbounce_cos_0063,13985,177.51721747243738,19.83943933260842,run_150
cosbounce_cos_0011,17665,177.5152648971323,8.84558426327563,run_150
cosbounce_cos_0017,12061,177.5146546583435,3.8678220569205704,run_150
cosbounce_cos_0067,20210,177.51423425456886,15.998611340999954,run_150
cosbounce_cos_0073,10633,177.51410707551307,24.605783933812617,run_150
cosbounce_cos_0055,11371,177.51173023320825,10.698304457969384,run_150
cosbounce_cos_0017,12478,177.5083728761339,19.77965211219387,run_150
cosbounce_cos_0005,3725,177.50686028699303,48.85787606903611,run_150
cosbounce_cos_0010,16758,177.50025556971033,1.2516796716827854,run_150
cosbounce_cos_0068,757,177.49943849690285,4.503139959265905,run_150
cosbounce_cos_0068,22071,177.4916192502385,12.760442175022048,run_150
cosbounce_cos_0047,16362,177.48995950535854,2.639171338183531,run_150
cosbounce_cos_0067,5327,177.4831405666524,8.439765932904585,run_150
cosbounce_cos_0022,21735,177.48145590106552,1.1855503446560716,run_150
cosbounce_cos_0072,14383,177.4813051978572,12.03913874947542,run_150
cosbounce_cos_0057,15172,177.48058731217432,8.17213595841753,run_150
cosbounce_cos_0011,19395,177.47854779466758,0.9256456441218965,run_150
cosbounce_cos_0082,11080,177.46768966261143,9.459919604608576,run_150
cosbounce_cos_0028,13171,177.46731342885897,3.3934000011942507,run_150
cosbounce_cos_0053,5650,177.46610264409065,5.652897901377682,run_150
cosbounce_cos_0028,13644,177.46301894631975,1.152316157418007,run_150
cosbounce_cos_0050,18620,177.46148144751538,4.483466643625602,run_150
cosbounce_cos_0028,2035,177.4595626988412,7.846023552184454,run_150
cosbounce_cos_0043,1811,177.45758336609808,1.9695103032742762,run_150
cosbounce_cos_0023,17733,177.45060582717966,12.235653193463389,run_150
cosbounce_cos_0014,1289,177.45044487126867,7.26081244349738,run_150
cosbounce_cos_0060,3482,177.44871841102452,30.55922816530064,run_150
cosbounce_cos_0048,15225,177.44856151344626,4.730480654239362,run_150
cosbounce_cos_0043,11441,177.44436636149146,14.368653192302274,run_150
cosbounce_cos_0038,9366,177.4443315843165,0.42870554833451185,run_150
cosbounce_cos_0007,5523,177.44239411536807,0.8164743930971785,run_150
cosbounce_cos_0009,11377,177.43412124259453,3.1924367642772316,run_150
cosbounce_cos_0039,1762,177.43272617646002,2.764912598837428,run_150
cosbounce_cos_0031,15600,177.43235394384453,9.832201742806461,run_150
cosbounce_cos_0024,8234,177.42784009276576,4.776288425722853,run_150
cosbounce_cos_0061,5434,177.42710370141134,0.15952625693260708,run_150
cosbounce_cos_0052,22067,177.4259140732547,5.570507007834532,run_150
cosbounce_cos_0066,8991,177.4225215014415,23.474548093921317,run_150
cosbounce_cos_0052,2906,177.42156523127989,0.9389568203060797,run_150
cosbounce_cos_0076,2850,177.42149157643135,0.3767957960973116,run_150
cosbounce_cos_0053,87,177.4214572994798,25.124482986702276,run_150
cosbounce_cos_0075,13011,177.4144057693062,1.977691616511625,run_150
cosbounce_cos_0077,22148,177.41413213720367,16.907868287680618,run_150
cosbounce_cos_0007,10289,177.4138691570206,2.450374829431599,run_150
cosbounce_cos_0080,6678,177.40945437504786,3.031169992764815,run_150
cosbounce_cos_0051,2558,177.4073592735976,5.315860481760043,run_150
cosbounce_cos_0045,4801,177.40567556183396,24.573888040978655,run_150
cosbounce_cos_0030,8557,177.40474954924872,26.763691255184007,run_150
cosbounce_cos_0006,11189,177.404525635524,13.222059264834305,run_150
cosbounce_cos_0009,2687,177.40159180825222,11.630942897597626,run_150
cosbounce_cos_0052,418,177.39652165285978,0.8157832662909845,run_150
cosbounce_cos_0023,17212,177.39615023733907,2.913363591199251,run_150
cosbounce_cos_0016,10384,177.39389015754924,3.0222567706954173,run_150
cosbounce_cos_0039,1053,177.3929541225565,10.943929141636142,run_150
cosbounce_cos_0011,11589,177.39090747796627,22.698649040434557,run_150
cosbounce_cos_0049,10803,177.38872648083162,36.56605332824398,run_150
cosbounce_cos_0036,20350,177.3862425131268,4.87757740046782,run_150
cosbounce_cos_0073,2138,177.38548928022882,23.757316186036576,run_150
cosbounce_cos_0023,17788,177.3847914068799,0.34055323296881834,run_150
cosbounce_cos_0042,22146,177.3839673909935,9.836400559512972,run_150
cosbounce_cos_0085,7268,177.3806837827965,6.666916644788245,run_150
cosbounce_cos_0008,18990,177.3801616253469,0.08933693195888298,run_150
cosbounce_cos_0026,10885,177.38014320871645,2.3390164949188743,run_150
cosbounce_cos_0077,13649,177.37916641402407,6.811293453258853,run_150
cosbounce_cos_0020,16668,177.37821105154995,5.188069395833857,run_150
cosbounce_cos_0050,19826,177.37789637062792,3.3191803902691888,run_150
cosbounce_cos_0054,9801,177.3740286216628,8.345351754537287,run_150
cosbounce_cos_0082,12569,177.37299430410354,5.515223758106039,run_150
cosbounce_cos_0055,20970,177.36761801007435,1.9700873354142574,run_150
cosbounce_cos_0070,13405,177.3657049041934,7.48352084466002,run_150
cosbounce_cos_0076,10716,177.36213131751674,12.260727167806627,run_150
cosbounce_cos_0040,16723,177.36150637952164,9.85114151877591,run_150
cosbounce_cos_0040,16740,177.3598330509459,0.05546573318305772,run_150
cosbounce_cos_0046,4676,177.35871470583047,2.203939497728357,run_150
cosbounce_cos_0062,6811,177.35624391988347,9.347047637841692,run_150
cosbounce_cos_0053,11207,177.35465878845267,8.873886366210037,run_150
cosbounce_cos_0083,14095,177.3537259517785,0.4222383643182376,run_150
cosbounce_cos_0048,19522,177.35265170763546,1.2505210331255128,run_150
cosbounce_cos_0054,8607,177.35246679351332,1.4488866925659059,run_150
cosbounce_cos_0081,1701,177.35214673591602,12.772349659047874,run_150
cosbounce_cos_0055,5188,177.3511736199497,16.560321162902596,run_150
cosbounce_cos_0076,20918,177.34849658465842,8.008209158818593,run_150
cosbounce_cos_0078,15717,177.34731099338137,36.35555488663083,run_150
cosbounce_cos_0082,18297,177.34723059433665,20.770052900893443,run_150
cosbounce_cos_0064,18472,177.34375532898804,7.857691972295711,run_150
cosbounce_cos_0062,9275,177.34236394028903,0.9461004447725121,run_150
cosbounce_cos_0044,2506,177.3423479127187,9.603750723227044,run_150
cosbounce_cos_0020,18400,177.34200886414527,7.870057694993501,run_150
cosbounce_cos_0026,8183,177.33685917946207,4.059028958107207,run_150
cosbounce_cos_0043,17317,177.3349885406133,5.259247368356295,run_150
cosbounce_cos_0085,10960,177.33473638844356,5.941413574315803,run_150
cosbounce_cos_0031,7088,177.3329034693028,10.9433574259559,run_150
cosbounce_cos_0075,6587,177.33274216398493,2.2074243180273676,run_150
cosbounce_cos_0035,18764,177.33272482419804,1.5896868520250353,run_150
cosbounce_cos_0025,7473,177.33059991359218,16.952306568401625,run_150
cosbounce_cos_0042,3178,177.32826902781116,18.771527269244807,run_150
cosbounce_cos_0047,21191,177.3277705402334,7.610224272582241,run_150
cosbounce_cos_0034,2009,177.32765914724132,89.20580416464948,run_150
cosbounce_cos_0066,7756,177.32446467148728,6.9611677703317785,run_150
cosbounce_cos_0083,3164,177.32339897817718,0.025530611305411947,run_150
cosbounce_cos_0039,8722,177.32300895921705,8.105674550502036,run_150
cosbounce_cos_0052,21671,177.32204827257533,3.163497461477082,run_150
cosbounce_cos_0086,1396,177.319964200952,0.12025340587393768,run_150
cosbounce_cos_0080,11546,177.31769822421916,12.78212392053317,run_150
cosbounce_cos_0086,945,177.317684621976,8.334027811569335,run_150
cosbounce_cos_0040,7712,177.3168114330928,2.842064663340542,run_150
cosbounce_cos_0078,15967,177.30881410422325,1.1048051568858654,run_150
cosbounce_cos_0038,8377,177.3081680210658,1.9009105911386035,run_150
cosbounce_cos_0036,8792,177.30612540843273,2.337276315415788,run_150
cosbounce_cos_0048,12817,177.3034806517758,9.299375923414715,run_150
cosbounce_cos_0083,8998,177.3026931681611,0.2923395523443547,run_150
cosbounce_cos_0074,1416,177.2975313427938,8.172819242888838,run_150
cosbounce_cos_0055,15099,177.29569306868962,21.4940283825019,run_150
cosbounce_cos_0023,16863,177.29352733589735,6.984509041996994,run_150
cosbounce_cos_0076,17320,177.29186249610797,8.734936689714003,run_150
cosbounce_cos_0021,9674,177.2906885369814,9.384874356890668,run_150
cosbounce_cos_0022,8849,177.28836146784477,9.627227196197772,run_150
cosbounce_cos_0078,17563,177.28605245650814,2.4369414803717877,run_150
cosbounce_cos_0048,22092,177.28384616712714,9.801198387582083,run_150
cosbounce_cos_0071,6395,177.2822371116186,5.060302377184116,run_150
cosbounce_cos_0005,11598,177.28126012763934,2.732300023418519,run_150
cosbounce_cos_0027,19276,177.27942455358996,4.164256541021514,run_150
cosbounce_cos_0072,19090,177.27223584971236,15.053645755945967,run_150
cosbounce_cos_0020,7888,177.27216921340104,334.4283446034578,run_150
cosbounce_cos_0060,4859,177.26826841701254,2.3770276179070247,run_150
cosbounce_cos_0015,6867,177.26305411822452,0.5949446209218411,run_150
cosbounce_cos_0032,9845,177.26112019138318,1.10110870403635,run_150
cosbounce_cos_0043,9509,177.26024227331106,19.54209692196889,run_150
cosbounce_cos_0062,2091,177.25838749857408,15.949867727569856,run_150
cosbounce_cos_0071,16000,177.25620651412223,7.078532035122899,run_150
cosbounce_cos_0034,14857,177.25269326699276,4.381194142029782,run_150
cosbounce_cos_0061,11782,177.25232309182152,6.773109018888873,run_150
cosbounce_cos_0005,8110,177.24307459196172,20.36336631236284,run_150
cosbounce_cos_0085,19443,177.24216403874482,11.143319428996977,run_150
cosbounce_cos_0035,8681,177.2403212503455,0.40851959614505545,run_150
cosbounce_cos_0016,17495,177.2351551795846,4.174256408421242,run_150
cosbounce_cos_0069,1941,177.22950223597172,22.569663332880058,run_150
cosbounce_cos_0011,22021,177.22765347589822,0.8273183724546141,run_150
cosbounce_cos_0056,1219,177.2264113816257,3.7454082747026676,run_150
cosbounce_cos_0015,21290,177.22608372785865,14.88854948398844,run_150
cosbounce_cos_0018,1071,177.2203030794611,3.532030757218228,run_150
cosbounce_cos_0044,13062,177.21974375879077,8.825996718979944,run_150
cosbounce_cos_0005,6783,177.21833243806972,6.213821225733114,run_150
cosbounce_cos_0000,17074,177.21400232071167,0.8875894400965466,run_150
cosbounce_cos_0047,7529,177.2119900970867,5.365649877401995,run_150
cosbounce_cos_0069,13174,177.21084540934024,2.185882548357747,run_150
cosbounce_cos_0045,15384,177.21035032452377,10.555632017586737,run_150
cosbounce_cos_0046,6528,177.20895986025542,3.3095251483430004,run_150
cosbounce_cos_0081,2712,177.2067927272646,3.317372960899585,run_150
cosbounce_cos_0064,5206,177.2064586271906,24.24403885421653,run_150
cosbounce_cos_0004,8737,177.20617735130634,1.5184079030371957,run_150
cosbounce_cos_0058,266,177.2056516348049,243.67746484998472,run_150
cosbounce_cos_0048,13684,177.20503567688615,2.2318818467779757,run_150
cosbounce_cos_0072,3350,177.20049654153115,39.504398826984584,run_150
cosbounce_cos_0049,3862,177.2003355668212,0.5956152783155416,run_150
cosbounce_cos_0001,15402,177.20005262831762,105.45267088457797,run_150
cosbounce_cos_0041,5710,177.19967626818243,4.919297818228374,run_150
cosbounce_cos_0052,9572,177.19920515915533,22.897230376892537,run_150
cosbounce_cos_0029,3697,177.19871410683874,0.9660412027045931,run_150
cosbounce_cos_0076,9433,177.19746271488066,21.5057318394905,run_150
cosbounce_cos_0018,1583,177.19424325829246,10.428997785934799,run_150
cosbounce_cos_0037,16492,177.19321094375653,2.752881224606127,run_150
cosbounce_cos_0044,21121,177.18779260768918,25.181937154242647,run_150
cosbounce_cos_0072,9040,177.18766062888238,5.573811788353746,run_150
cosbounce_cos_0051,15756,177.1844745272545,3.234108024850658,run_150
cosbounce_cos_0009,14757,177.18422909395488,18.273288322368145,run_150
cosbounce_cos_0006,9965,177.18360673745138,2.4555489434162645,run_150
cosbounce_cos_0055,5957,177.1809543981895,9.813454315518017,run_150
cosbounce_cos_0005,11137,177.17802182557313,2.1754726926333148,run_150
cosbounce_cos_0077,21851,177.17670844969513,2.2549554951641024,run_150
cosbounce_cos_0007,6840,177.17354429002677,1.9034706050445056,run_150
cosbounce_cos_0060,21578,177.17176088169606,16.507758621639738,run_150
cosbounce_cos_0021,3982,177.1673603300021,8.31096864320092,run_150
cosbounce_cos_0058,12192,177.1667779190161,9.010204535087784,run_150
cosbounce_cos_0042,22350,177.1658289304396,10.93008285052552,run_150
cosbounce_cos_0084,712,177.16171651252753,2.6098616059068696,run_150
cosbounce_cos_0079,18023,177.1606904296155,9.352908451703925,run_150
cosbounce_cos_0083,10643,177.1594804648881,34.43078052230896,run_150
cosbounce_cos_0051,9428,177.15944541132112,2.8445423218161543,run_150
cosbounce_cos_0033,13915,177.15845116316336,5.520395828338823,run_150
cosbounce_cos_0065,15055,177.15808794854624,11.836361033708585,run_150
cosbounce_cos_0047,10781,177.15740057677678,2.2252741868526034,run_150
cosbounce_cos_0055,18959,177.15477016541396,14.15656149357353,run_150
cosbounce_cos_0028,22346,177.15375008570416,30.37674622780912,run_150
cosbounce_cos_0061,10343,177.15250952368615,6.344358915310163,run_150
cosbounce_cos_0013,22293,177.15132384902594,1.6098703692521248,run_150
cosbounce_cos_0024,15996,177.15074236128783,0.3810039073980017,run_150
cosbounce_cos_0077,17430,177.15061799087445,1.828963599654105,run_150
cosbounce_cos_0069,21944,177.14887110644443,131.97176335864097,run_150
cosbounce_cos_0012,15657,177.14777808364977,5.698943845849001,run_150
cosbounce_cos_0041,5776,177.1440600578318,45.96687527088835,run_150
cosbounce_cos_0075,7386,177.14201286753666,16.751696527547022,run_150
cosbounce_cos_0081,618,177.14059636136804,9.458865317597299,run_150
cosbounce_cos_0039,16611,177.139353574617,1.7166593015287863,run_150
cosbounce_cos_0076,16203,177.1362256419901,3.461223119807959,run_150
cosbounce_cos_0069,19272,177.1353045679679,6.453895589117567,run_150
cosbounce_cos_0075,10344,177.12738964070797,24.705146162885924,run_150
cosbounce_cos_0035,16980,177.12623027650895,0.8095074452351351,run_150
cosbounce_cos_0063,1431,177.12581924085964,5.712714970748257,run_150
cosbounce_cos_0032,17180,177.12541773425343,3.9839227004112203,run_150
cosbounce_cos_0009,20053,177.12111171050307,15.501556554226019,run_150
cosbounce_cos_0017,2124,177.11970213336264,5.544305221470871,run_150
cosbounce_cos_0051,6707,177.1110180149027,6.9002125444047,run_150
cosbounce_cos_0080,11313,177.10939331460574,3.262537463005815,run_150
cosbounce_cos_0015,8158,177.10695982143056,0.39913237937248086,run_150
cosbounce_cos_0034,10817,177.10549652366336,8.584771818443333,run_150
cosbounce_cos_0083,14414,177.10480508795482,6.978154995564113,run_150
cosbounce_cos_0070,12134,177.10477457564423,11.47515735112858,run_150
cosbounce_cos_0047,9032,177.10434090121785,18.048378807432545,run_150
cosbounce_cos_0060,20079,177.10105112701967,29.961212442131963,run_150
cosbounce_cos_0067,1365,177.09165956833354,1.394499174026752,run_150
cosbounce_cos_0036,11712,177.0874578961002,13.014335201763705,run_150
cosbounce_cos_0046,11280,177.0762783683152,15.33176545726519,run_150
cosbounce_cos_0067,7359,177.07580906891684,4.004859941299915,run_150
cosbounce_cos_0034,19682,177.0641153064425,1.259040158936847,run_150
cosbounce_cos_0031,10400,177.06353568669027,14.980361575747763,run_150
cosbounce_cos_0053,19229,177.06253606777426,11.311583303647225,run_150
cosbounce_cos_0033,15394,177.06182771564147,0.15075581664794568,run_150
cosbounce_cos_0065,1055,177.0579468970711,3.278174012462553,run_150
cosbounce_cos_0048,411,177.0556350229411,14.16083183746127,run_150
cosbounce_cos_0018,13445,177.05242758636462,10.266819407781757,run_150
cosbounce_cos_0002,20332,177.05041366991946,15.338896775805168,run_150
cosbounce_cos_0045,21334,177.04945702314927,1.419860653319396,run_150
cosbounce_cos_0033,16193,177.04849417428656,4.242399174508824,run_150
cosbounce_cos_0005,7192,177.04646546740162,28.870927761816173,run_150
cosbounce_cos_0003,21386,177.04605554956018,8.377193156822969,run_150
cosbounce_cos_0031,6333,177.04261160482434,1.3969673626608823,run_150
cosbounce_cos_0040,11384,177.04200640187838,8.555258271653146,run_150
cosbounce_cos_0000,3374,177.04135855253062,1.716511905488065,run_150
cosbounce_cos_0064,4183,177.04067653189867,14.30836198839015,run_150
cosbounce_cos_0060,367,177.04029901615397,24.30839022487921,run_150
cosbounce_cos_0035,10386,177.0368136551058,0.3869541694893836,run_150
cosbounce_cos_0074,6188,177.03359446280425,5.920214283660555,run_150
cosbounce_cos_0051,8935,177.0238984945863,8.912986612875608,run_150
cosbounce_cos_0058,14691,177.01949085746136,1.4431648195377125,run_150
cosbounce_cos_0032,14999,177.01608755876683,3.2148602750271738,run_150
cosbounce_cos_0081,8414,177.01479048047483,2.995861549523227,run_150
cosbounce_cos_0046,2695,177.01296746330524,56.21989720485396,run_150
cosbounce_cos_0086,6214,177.00992952085772,7.65692317552084,run_150
cosbounce_cos_0054,9612,177.009427119145,0.22748116870423546,run_150
cosbounce_cos_0057,15353,177.0071844571376,12.607125858490555,run_150
cosbounce_cos_0058,731,177.0065156437183,3.441788272345927,run_150
cosbounce_cos_0012,15610,177.00594525948875,9.131788833563464,run_150
cosbounce_cos_0056,1460,177.00535859991547,7.059163769407913,run_150
cosbounce_cos_0030,8879,177.00521172917001,11.500578306972601,run_150
cosbounce_cos_0063,51,177.00253307031423,1.3315490628814,run_150
cosbounce_cos_0025,5137,177.00072608316822,5.161274271617872,run_150
cosbounce_cos_0085,7019,176.99600953259107,16.91897469360879,run_150
cosbounce_cos_0026,17209,176.99397620216823,44.28457421985837,run_150
cosbounce_cos_0019,20337,176.9934099326377,27.09694053535138,run_150
cosbounce_cos_0054,16630,176.9903984177842,7.662453402200443,run_150
cosbounce_cos_0077,5974,176.98750279821752,3.8197455021852047,run_150
cosbounce_cos_0080,2729,176.98625143355284,29.123110953369213,run_150
cosbounce_cos_0025,3032,176.98087625477058,6.879358882473518,run_150
cosbounce_cos_0036,4220,176.98053720729172,8.118118251931561,run_150
cosbounce_cos_0008,3711,176.98046105596293,5.311157224874962,run_150
cosbounce_cos_0084,2932,176.97631185578697,0.9215914044406335,run_150
cosbounce_cos_0000,3077,176.9738122452323,2.3189130625275802,run_150
cosbounce_cos_0068,18045,176.97269656925974,13.55260710096643,run_150
cosbounce_cos_0044,16710,176.97265690978895,8.719668473370573,run_150
cosbounce_cos_0062,5276,176.97253251241534,13.543795240339463,run_150
cosbounce_cos_0026,1732,176.9715238416615,3.81392580419325,run_150
cosbounce_cos_0080,8026,176.9705004230316,3.4255353297141857,run_150
cosbounce_cos_0068,12934,176.97022788454288,23.26421685175595,run_150
cosbounce_cos_0011,324,176.9646448030475,2.3881754400015947,run_150
cosbounce_cos_0043,18120,176.9644140915189,4.708274339713875,run_150
cosbounce_cos_0002,21567,176.96428499566335,8.390073083775993,run_150
cosbounce_cos_0021,21078,176.96183304709376,0.48286800531368407,run_150
cosbounce_cos_0038,12129,176.9616625932264,2.4717197813923586,run_150
cosbounce_cos_0051,20436,176.95920168417547,14.815527975375026,run_150
cosbounce_cos_0068,12325,176.95576218887643,24.2239193948839,run_150
cosbounce_cos_0051,596,176.9557276698472,8.902510480581167,run_150
cosbounce_cos_0019,22163,176.9538677955409,4.2832925801375294,run_150
cosbounce_cos_0037,4006,176.95259239755143,0.2102778018760356,run_150
cosbounce_cos_0057,1823,176.95209037860272,14.716369183309897,run_150
cosbounce_cos_0033,17898,176.95147129436103,59.23420194959365,run_150
cosbounce_cos_0046,2523,176.9512285904312,4.587948328547507,run_150
cosbounce_cos_0018,1138,176.95115409195958,2.70027686119675,run_150
cosbounce_cos_0078,2687,176.9495251086355,2.784471449400154,run_150
cosbounce_cos_0056,1427,176.9490690886756,10.044279691576133,run_150
cosbounce_cos_0001,16517,176.94706280617584,7.182282981283359,run_150
cosbounce_cos_0054,634,176.94676323275868,15.45234312503036,run_150
cosbounce_cos_0079,3755,176.94417050323221,23.486869947295865,run_150
cosbounce_cos_0011,6128,176.94340138750525,3.459127689214214,run_150
cosbounce_cos_0035,11657,176.9416197851702,4.41202589125338,run_150
cosbounce_cos_0061,12270,176.94144763100758,3.7012530520224227,run_150
cosbounce_cos_0014,21244,176.93669255243017,3.9729481733085446,run_150
cosbounce_cos_0075,7560,176.9349879577439,2.846834189065036,run_150
cosbounce_cos_0053,16258,176.9310338107451,5.437793568876627,run_150
cosbounce_cos_0005,4137,176.93011651226013,17.954143983879902,run_150
cosbounce_cos_0031,5144,176.92961739411092,7.951886371115788,run_150
cosbounce_cos_0084,3276,176.92576472483032,3.194207971656838,run_150
cosbounce_cos_0001,1886,176.92261517124578,9.446982726764963,run_150
cosbounce_cos_0027,3130,176.92155569822873,3.7314092769145786,run_150
cosbounce_cos_0004,14683,176.91882237701043,10.29585439912777,run_150
cosbounce_cos_0002,12207,176.91750229865428,2.1360688870667697,run_150
cosbounce_cos_0024,19165,176.91723882819352,3.684955664137035,run_150
cosbounce_cos_0009,8582,176.91533575280877,13.173050932147726,run_150
cosbounce_cos_0027,2773,176.91511268531482,4.603842070574874,run_150
cosbounce_cos_0071,8064,176.91418380303082,5.021076159232109,run_150
cosbounce_cos_0027,182,176.91328583094648,3.285532155799964,run_150
cosbounce_cos_0034,1437,176.9120216885612,21.16149459992202,run_150
cosbounce_cos_0041,12365,176.91084062930162,14.845981659705094,run_150
cosbounce_cos_0071,4534,176.909346216854,1.5775648703055185,run_150
cosbounce_cos_0085,7250,176.90735026824663,2.5265721849324874,run_150
cosbounce_cos_0030,19926,176.90494183882,4.219464373287761,run_150
cosbounce_cos_0001,1797,176.90055210400632,6.0618035742282705,run_150
cosbounce_cos_0042,5382,176.89940770564823,5.028725452781008,run_150
cosbounce_cos_0057,3920,176.89886288246169,12.362680662489435,run_150
cosbounce_cos_0066,15849,176.89758190531865,1.457809689170745,run_150
cosbounce_cos_0003,5639,176.89680594274273,343.07410054008534,run_150
cosbounce_cos_0009,9424,176.89152355393335,11.668050629473193,run_150
cosbounce_cos_0067,10175,176.89040008489377,4.064776561533174,run_150
cosbounce_cos_0073,3675,176.88986185369592,97.35152007373888,run_150
cosbounce_cos_0062,16135,176.88889102661258,2.629411687210194,run_150
cosbounce_cos_0034,17075,176.88684173810879,5.94052464560933,run_150
cosbounce_cos_0069,2930,176.886676773836,12.853177353405119,run_150
cosbounce_cos_0081,13741,176.88581969214454,21.80743181864826,run_150
cosbounce_cos_0079,15832,176.88372834743302,1.9225315130867406,run_150
cosbounce_cos_0042,21039,176.88103855033856,3.4785868113109997,run_150
cosbounce_cos_0029,9922,176.88100929719013,297.7737068860588,run_150
cosbounce_cos_0028,3311,176.88024318247037,13.101180697613923,run_150
cosbounce_cos_0077,16094,176.87623235920438,10.87708658263735,run_150
cosbounce_cos_0057,1890,176.8721241252048,12.61423268201432,run_150
cosbounce_cos_0077,6741,176.87170772985408,0.8580561794301395,run_150
cosbounce_cos_0001,5156,176.8679766814515,0.45798392080131056,run_150
cosbounce_cos_0026,3249,176.8673402732872,6.209247015500373,run_150
cosbounce_cos_0063,3210,176.86471090801095,25.367482061908223,run_150
cosbounce_cos_0041,6989,176.86300947346703,2.0098997165539583,run_150
cosbounce_cos_0059,4534,176.8629707332925,10.154816672116388,run_150
cosbounce_cos_0058,17258,176.86153815894042,5.236880305123343,run_150
cosbounce_cos_0060,4784,176.85865836541433,1.3021166203469203,run_150
cosbounce_cos_0065,22225,176.85825062378882,2.791402311663217,run_150
cosbounce_cos_0063,9284,176.85811634420622,7.355328336728197,run_150
cosbounce_cos_0083,19827,176.85234149648903,22.542628070827384,run_150
cosbounce_cos_0052,17452,176.8485371829698,4.275838584150487,run_150
cosbounce_cos_0043,12601,176.847112639382,10.149682157040678,run_150
cosbounce_cos_0085,20519,176.84635580918257,138.5186535465256,run_150
cosbounce_cos_0065,5434,176.84628348255242,2.7216060112599694,run_150
cosbounce_cos_0067,10817,176.84465932328726,11.704851440579874,run_150
cosbounce_cos_0046,9424,176.84136349581223,49.251474657115445,run_150
cosbounce_cos_0067,4550,176.83886975218073,8.155804712912184,run_150
cosbounce_cos_0042,6425,176.83721042699509,10.452251035134692,run_150
cosbounce_cos_0053,5276,176.83663023078114,2.1640247877344514,run_150
cosbounce_cos_0024,7751,176.8330107236901,11.858701440697322,run_150
cosbounce_cos_0017,18919,176.83050217231752,86.39864953887147,run_150
cosbounce_cos_0002,20053,176.83008086673368,4.471258372248705,run_150
cosbounce_cos_0040,17074,176.82773673739487,3.9819565289360943,run_150
cosbounce_cos_0052,15645,176.82689704151733,14.814619408604996,run_150
cosbounce_cos_0025,8821,176.82535882095516,0.5698413471311757,run_150
cosbounce_cos_0032,9621,176.8239668998906,10.899840080026976,run_150
cosbounce_cos_0028,21634,176.82386546516952,12.776457083981452,run_150
cosbounce_cos_0026,17095,176.82335555443873,4.4774150195400875,run_150
cosbounce_cos_0005,8630,176.82200753835815,7.3276324090131055,run_150
cosbounce_cos_0060,931,176.81856225574185,16.14586342479453,run_150
cosbounce_cos_0068,836,176.81803024709316,2.2029295257049095,run_150
cosbounce_cos_0013,7430,176.8154340747928,0.59810708569281,run_150
cosbounce_cos_0058,7174,176.81206665596875,1.5904366768935854,run_150
cosbounce_cos_0066,19771,176.80975980920834,10.315314431511366,run_150
cosbounce_cos_0053,12933,176.80906542923057,6.008771917229952,run_150
cosbounce_cos_0083,9373,176.80459738025746,5.717443714488419,run_150
cosbounce_cos_0085,21843,176.80274417141234,96.73672023804485,run_150
cosbounce_cos_0026,10500,176.80054979570423,10.157612457701006,run_150
cosbounce_cos_0035,20295,176.7994686936375,43.660119825363125,run_150
cosbounce_cos_0017,17205,176.7965943943223,9.140207255441865,run_150
cosbounce_cos_0084,20019,176.79618777547415,147.9219302301709,run_150
cosbounce_cos_0077,5224,176.79539360738025,12.824273543012799,run_150
cosbounce_cos_0029,4659,176.7922381073376,3.7589836837782853,run_150
cosbounce_cos_0005,1835,176.78832626435977,4.773965524759957,run_150
cosbounce_cos_0070,16753,176.78431330919912,14.505743205851731,run_150
cosbounce_cos_0023,4687,176.78410645142725,15.819035615503628,run_150
cosbounce_cos_0006,8528,176.78012324587885,29.621379501117197,run_150
cosbounce_cos_0081,10576,176.7790347459703,106.17764495743296,run_150
cosbounce_cos_0065,6451,176.77805394449499,5.815701992102962,run_150
cosbounce_cos_0030,21104,176.77429255369196,15.810605702112175,run_150
cosbounce_cos_0049,13840,176.77121827507253,1.7680815700139105,run_150
cosbounce_cos_0066,2170,176.77014549314865,6.4844365976969724,run_150
cosbounce_cos_0004,2410,176.76940469883482,0.38076715164655434,run_150
cosbounce_cos_0075,11999,176.76938262970984,6.729521734584933,run_150
cosbounce_cos_0069,17194,176.76902057946828,8.72294452220555,run_150
cosbounce_cos_0020,20937,176.7644532928021,4.431164833715724,run_150
cosbounce_cos_0033,21286,176.76351855396797,38.04109557795307,run_150
cosbounce_cos_0004,3971,176.76308157508032,13.429069979084451,run_150
cosbounce_cos_0083,8216,176.76307781396963,2.211521547107111,run_150
cosbounce_cos_0079,18181,176.75859811627134,2.7818688202639636,run_150
cosbounce_cos_0073,7568,176.75780546286464,3.85498911202262,run_150
cosbounce_cos_0056,7395,176.75710394652248,7.332300247795108,run_150
cosbounce_cos_0002,6466,176.75497557770868,19.230919314856457,run_150
cosbounce_cos_0027,13594,176.75453101078907,4.527417315449493,run_150
cosbounce_cos_0025,13870,176.75443593326537,3.911444981340109,run_150
cosbounce_cos_0045,1325,176.7531409319961,10.380689035897008,run_150
cosbounce_cos_0002,6234,176.7511385422627,3.124179473336564,run_150
cosbounce_cos_0052,21168,176.75090303049865,10.428011452512306,run_150
cosbounce_cos_0073,2796,176.74970738290665,4.976628900703954,run_150
cosbounce_cos_0052,21886,176.74784922466162,2.1603999726998406,run_150
cosbounce_cos_0075,11741,176.74573323953277,7.693585508082456,run_150
cosbounce_cos_0052,4290,176.74567171430877,10.779879139039238,run_150
cosbounce_cos_0081,4825,176.74440481246197,7.293495294497502,run_150
cosbounce_cos_0071,14255,176.74317814426274,2.215331674147868,run_150
cosbounce_cos_0083,13889,176.73900454302787,14.241689666906552,run_150
cosbounce_cos_0008,7094,176.73472031830724,2.950338362531788,run_150
cosbounce_cos_0027,20906,176.73441115432576,10.987264330618542,run_150
cosbounce_cos_0005,12022,176.7334218949734,314.6026834392174,run_150
cosbounce_cos_0044,11895,176.73274535685022,11.37608626110881,run_150
cosbounce_cos_0043,20219,176.72945678214052,15.971651585037112,run_150
cosbounce_cos_0059,6318,176.72932602135015,239.34035334942,run_150
cosbounce_cos_0063,6772,176.72574142988694,7.6965936993204815,run_150
cosbounce_cos_0031,2619,176.72497008942852,6.992140725085982,run_150
cosbounce_cos_0064,7488,176.7245658799699,9.000633734927234,run_150
cosbounce_cos_0007,10503,176.72419561165557,11.630339773504582,run_150
cosbounce_cos_0068,2542,176.72334489975148,7.003876601004763,run_150
cosbounce_cos_0008,5318,176.72227369081656,4.275954979344513,run_150
cosbounce_cos_0023,2104,176.72074358470604,5.649705978698221,run_150
cosbounce_cos_0024,10340,176.7191618140299,4.663767996450958,run_150
cosbounce_cos_0022,2894,176.71869687733212,3.9926586565995357,run_150
cosbounce_cos_0039,1802,176.71390549856676,3.872968075864581,run_150
cosbounce_cos_0027,13404,176.71049248159522,55.14444685847649,run_150
cosbounce_cos_0050,8224,176.70880464425824,5.366125157323519,run_150
cosbounce_cos_0066,8084,176.70832541666053,3.9898460896578274,run_150
cosbounce_cos_0018,19732,176.70666413600773,0.3294619229098028,run_150
cosbounce_cos_0042,4534,176.70662135053269,2.327705808529997,run_150
cosbounce_cos_0063,6746,176.70656502612388,48.69832556605595,run_150
cosbounce_cos_0053,12928,176.70267789921758,13.828172616296944,run_150
cosbounce_cos_0040,10082,176.7025283341512,3.2797742233988827,run_150
cosbounce_cos_0070,3459,176.7002551345123,28.437241073021916,run_150
cosbounce_cos_0075,16757,176.6969055918813,7.069284671855202,run_150
cosbounce_cos_0006,5728,176.69667801961384,19.795533459419758,run_150
cosbounce_cos_0079,16369,176.69414976905352,3.4841766032663735,run_150
cosbounce_cos_0049,616,176.69411711880343,6.114566679265224,run_150
cosbounce_cos_0062,5129,176.69312905495732,22.7692064940183,run_150
cosbounce_cos_0069,20739,176.69281436798974,7.153406249609328,run_150
cosbounce_cos_0084,21174,176.69268402202172,8.436073508865295,run_150
cosbounce_cos_0052,10087,176.69198819581817,5.431621216449062,run_150
cosbounce_cos_0009,10269,176.69144590643876,27.238951837619176,run_150
cosbounce_cos_0040,5712,176.690371537548,10.834790700089293,run_150
cosbounce_cos_0014,18415,176.6899774848183,7.054668628484185,run_150
cosbounce_cos_0017,18792,176.6874002182225,7.709246240033631,run_150
cosbounce_cos_0084,7910,176.68709201772984,2.816097924758273,run_150
cosbounce_cos_0010,20136,176.6837236603498,0.921266270806496,run_150
cosbounce_cos_0013,7760,176.6728533099747,3.2351333359133294,run_150
cosbounce_cos_0008,1428,176.6706791625613,3.899679196950674,run_150
cosbounce_cos_0025,18163,176.66982104333934,9.468677238095001,run_150
cosbounce_cos_0073,20776,176.66816266533885,26.149906910818085,run_150
cosbounce_cos_0078,11612,176.66757005935477,0.5763160974968428,run_150
cosbounce_cos_0039,13671,176.66418026592038,6.5926391095234305,run_150
cosbounce_cos_0065,13605,176.6623473328921,19.983281263992414,run_150
cosbounce_cos_0037,10091,176.65787687912194,3.2368564555101216,run_150
cosbounce_cos_0058,9042,176.65725736429476,10.29227915818173,run_150
cosbounce_cos_0069,18278,176.65670796084208,4.151991213556432,run_150
cosbounce_cos_0073,8984,176.65585299168882,4.8403560081068315,run_150
cosbounce_cos_0005,19063,176.65395439978084,5.498372833533596,run_150
cosbounce_cos_0033,5061,176.6496212184672,3.217918257922313,run_150
cosbounce_cos_0069,707,176.64715275834743,42.405682894942274,run_150
cosbounce_cos_0053,17525,176.64522758898244,0.8453274992540295,run_150
cosbounce_cos_0053,9815,176.6448958760086,5.263688464903494,run_150
cosbounce_cos_0077,2833,176.64299729763243,6.4833862803526126,run_150
cosbounce_cos_0065,1454,176.64246221393623,10.433863918167209,run_150
cosbounce_cos_0055,6593,176.6422517347589,2.2017996850117836,run_150
cosbounce_cos_0008,11128,176.64221406636585,9.73190021660881,run_150
cosbounce_cos_0079,6266,176.64190159524364,1.6440594362949235,run_150
cosbounce_cos_0034,9693,176.6405602424167,8.30534831529708,run_150
cosbounce_cos_0049,7269,176.63895050996226,6.097442308139264,run_150
cosbounce_cos_0083,9569,176.63744121951535,3.929758624599881,run_150
cosbounce_cos_0019,21605,176.63558365990173,2.0706091119090915,run_150
cosbounce_cos_0030,13145,176.63523561645738,10.750296688856336,run_150
cosbounce_cos_0004,5656,176.63311634977327,8.425261513114767,run_150
cosbounce_cos_0051,2289,176.63288572952024,4.18255358044378,run_150
cosbounce_cos_0076,19883,176.63049871319222,22.53591341202306,run_150
cosbounce_cos_0073,6183,176.62929133174416,8.504813337581416,run_150
cosbounce_cos_0084,21460,176.62645149506378,4.578454899240262,run_150
cosbounce_cos_0025,18010,176.62211928918944,0.4488645472817923,run_150
cosbounce_cos_0050,13898,176.62063546865673,19.05742244013458,run_150
cosbounce_cos_0034,2858,176.61797127962603,35.39535914979956,run_150
cosbounce_cos_0050,7785,176.6171418184715,1.8217060781559276,run_150
cosbounce_cos_0004,18800,176.61643498766148,15.653509739918018,run_150
cosbounce_cos_0067,9772,176.61455843508546,0.6846557088800787,run_150
cosbounce_cos_0072,13778,176.61428495716999,7.196310728293927,run_150
cosbounce_cos_0003,10730,176.60676031742946,45.78072978970882,run_150
cosbounce_cos_0068,3356,176.6031431479436,14.531208894708293,run_150
cosbounce_cos_0080,12146,176.59839370446446,10.264002852769142,run_150
cosbounce_cos_0068,11841,176.5975244457566,4.303880190701031,run_150
cosbounce_cos_0036,7652,176.59737812556946,11.115029974445282,run_150
cosbounce_cos_0032,13137,176.59602240535224,9.378116912649359,run_150
cosbounce_cos_0038,6129,176.5936365144096,4.8744864674259984,run_150
cosbounce_cos_0015,3828,176.58997242651535,9.780639708559729,run_150
cosbounce_cos_0029,2927,176.58958255988708,18.98955148441983,run_150
cosbounce_cos_0031,7748,176.58871597122084,3.4828839502817184,run_150
cosbounce_cos_0045,16312,176.58534318654844,317.85542901816444,run_150
cosbounce_cos_0062,17898,176.58460258166335,4.286886199777858,run_150
cosbounce_cos_0046,6014,176.58210074525482,50.27338069034724,run_150
cosbounce_cos_0083,2114,176.58192267245084,6.857020587278499,run_150
cosbounce_cos_0007,5111,176.58173351505934,6.252979716750064,run_150
cosbounce_cos_0000,20726,176.5785562841673,62.778549420631585,run_150
cosbounce_cos_0084,15402,176.57744427615413,20.45785740146368,run_150
cosbounce_cos_0066,15966,176.5748968309277,1.6862439019439677,run_150
cosbounce_cos_0027,9291,176.57402707795646,3.549168667449656,run_150
cosbounce_cos_0066,9328,176.57203678726154,9.20413888388135,run_150
cosbounce_cos_0038,18225,176.57108583776557,12.423809592637618,run_150
cosbounce_cos_0068,425,176.56889686617845,8.46292972248517,run_150
cosbounce_cos_0075,14178,176.56881521224778,3.9340746033486558,run_150
cosbounce_cos_0019,9134,176.5677108936174,3.8957427758568475,run_150
cosbounce_cos_0057,17546,176.5646717744152,11.95377644792301,run_150
cosbounce_cos_0070,13356,176.56418435287168,1.1626066804180162,run_150
cosbounce_cos_0011,9101,176.56392837423,1.2125949135696434,run_150
cosbounce_cos_0023,13113,176.56242109764733,253.2839557528031,run_150
cosbounce_cos_0063,514,176.5613043950394,6.999167895265482,run_150
cosbounce_cos_0052,18601,176.55662407634597,3.198642712284412,run_150
cosbounce_cos_0010,15755,176.5552793239792,213.42567201584126,run_150
cosbounce_cos_0049,15099,176.55307204383934,4.425512260498263,run_150
cosbounce_cos_0055,16979,176.552811546135,12.465554423917553,run_150
cosbounce_cos_0079,12867,176.55187320209893,90.8338822482257,run_150
cosbounce_cos_0001,7904,176.5515270096998,13.1019122769235,run_150
cosbounce_cos_0069,18035,176.54439305785363,22.337851726604548,run_150
cosbounce_cos_0008,20874,176.54361938690562,9.280510972673612,run_150
cosbounce_cos_0060,47,176.5429776274813,17.130671635039345,run_150
cosbounce_cos_0075,12217,176.5428663367462,6.1213254475003955,run_150
cosbounce_cos_0034,1292,176.54233941436522,5.408017485139633,run_150
cosbounce_cos_0084,16825,176.53926127671187,52.57546561680755,run_150
cosbounce_cos_0034,17798,176.53897901141107,2.419714572394306,run_150
cosbounce_cos_0010,5790,176.53869239108747,1.4702191995774536,run_150
cosbounce_cos_0047,935,176.53820182279375,8.72517664105879,run_150
cosbounce_cos_0066,13020,176.53711502320644,4.2881283067421805,run_150
cosbounce_cos_0029,17940,176.5369488792506,13.644832337564207,run_150
cosbounce_cos_0023,21680,176.5350216394202,36.579448774436436,run_150
cosbounce_cos_0083,19688,176.5346490001355,0.7143355592588467,run_150
cosbounce_cos_0028,4493,176.53188101338185,10.634091914111192,run_150
cosbounce_cos_0055,6281,176.53077845112492,8.197766830611227,run_150
cosbounce_cos_0040,20067,176.52989236789793,20.448473329575855,run_150
cosbounce_cos_0055,17390,176.52988634510584,6.994714463879867,run_150
cosbounce_cos_0036,311,176.52846831952766,10.485780113119922,run_150
cosbounce_cos_0052,10646,176.52293285275718,0.4151612531887365,run_150
cosbounce_cos_0079,12011,176.51702892714192,8.598599804059326,run_150
cosbounce_cos_0043,13163,176.51691251769046,19.373506055874504,run_150
cosbounce_cos_0023,20595,176.51602248223554,220.03643520905163,run_150
cosbounce_cos_0069,3656,176.51579180888643,247.8546903596534,run_150
cosbounce_cos_0079,5792,176.51513709925678,13.163828278883448,run_150
cosbounce_cos_0064,5613,176.51438708880974,83.1635428183443,run_150
cosbounce_cos_0019,7096,176.51371133146887,3.2627631347795627,run_150
cosbounce_cos_0017,10524,176.51140309419569,1.8956869500097326,run_150
cosbounce_cos_0019,872,176.5106791802876,6.446696180260011,run_150
cosbounce_cos_0039,334,176.50801917370413,7.809367110046603,run_150
cosbounce_cos_0034,18053,176.50566029570476,22.135315646025074,run_150
cosbounce_cos_0069,20180,176.50314438538064,1.192298551486823,run_150
cosbounce_cos_0019,20742,176.50141837885147,14.180659901114796,run_150
cosbounce_cos_0008,12229,176.4963641842326,0.5291742375232188,run_150
cosbounce_cos_0008,1758,176.49120979695417,16.99580944494935,run_150
cosbounce_cos_0052,18345,176.4911180359747,0.9935704212023129,run_150
cosbounce_cos_0055,10090,176.4880865418576,12.926113566991289,run_150
cosbounce_cos_0034,17639,176.48695066514162,6.243494657418461,run_150
cosbounce_cos_0017,11768,176.48537271865612,6.97270290608956,run_150
cosbounce_cos_0030,9867,176.48305229189828,0.5675796739685826,run_150
cosbounce_cos_0077,8352,176.48238786468195,1.821673374709352,run_150
cosbounce_cos_0016,3428,176.4811669569376,9.756404731962046,run_150
cosbounce_cos_0015,19595,176.4793361375104,10.710425603896056,run_150
cosbounce_cos_0035,14283,176.478977558834,90.5072440099008,run_150
cosbounce_cos_0011,3984,176.4774424260755,3.2005901347726176,run_150
cosbounce_cos_0055,10888,176.476881287538,13.631336477114454,run_150
cosbounce_cos_0015,993,176.4760118156078,5.695535130578904,run_150
cosbounce_cos_0027,10847,176.47481121683487,11.412021473387485,run_150
cosbounce_cos_0033,21982,176.4748056703489,2.0607625729117522,run_150
cosbounce_cos_0075,8636,176.47150960365732,16.529813330897944,run_150
cosbounce_cos_0085,13892,176.4714405034755,7.349783455932973,run_150
cosbounce_cos_0021,17214,176.47110179813382,26.5652690438941,run_150
cosbounce_cos_0056,3217,176.46811937524782,2.0676475993260213,run_150
cosbounce_cos_0072,10741,176.4673401360644,22.800933634044295,run_150
cosbounce_cos_0020,5718,176.46541255400803,1.5725068148617993,run_150
cosbounce_cos_0046,16721,176.46492376525538,1.6183468566126282,run_150
cosbounce_cos_0017,9015,176.45668722921272,60.95797898115482,run_150
cosbounce_cos_0066,11017,176.45539511449104,5.752922816020242,run_150
cosbounce_cos_0071,13247,176.45099118794496,2.5385762990408502,run_150
cosbounce_cos_0074,9915,176.44956115153448,8.529750028103514,run_150
cosbounce_cos_0052,12938,176.44677197173195,2.3805686929253986,run_150
cosbounce_cos_0002,7209,176.44618487390466,13.181039727009932,run_150
cosbounce_cos_0022,9519,176.44612581082066,16.864661758459572,run_150
cosbounce_cos_0047,13135,176.44605848835116,7.62582291849356,run_150
cosbounce_cos_0017,17644,176.4452939519748,1.7746290017922046,run_150
cosbounce_cos_0014,15338,176.44259852224934,2.3141041494152246,run_150
cosbounce_cos_0014,10500,176.4408174476157,16.174911573377805,run_150
cosbounce_cos_0022,20465,176.43977971266722,7.632400013990527,run_150
cosbounce_cos_0032,16242,176.43948111436774,3.792225057644283,run_150
cosbounce_cos_0006,8322,176.43849898618646,21.388151993152036,run_150
cosbounce_cos_0058,8636,176.43532822913292,6.751330376911416,run_150
cosbounce_cos_0041,12992,176.43121854668166,11.164622904909542,run_150
cosbounce_cos_0076,4957,176.42943395500185,2.103825738264857,run_150
cosbounce_cos_0081,10294,176.42780922966836,2.60689703807238,run_150
cosbounce_cos_0016,14316,176.42731373101947,17.317482047409403,run_150
cosbounce_cos_0053,19281,176.42524480293397,6.81622019328177,run_150
cosbounce_cos_0051,14262,176.4231483082275,18.34944737224894,run_150
cosbounce_cos_0005,19607,176.42224848464681,7.432566539363157,run_150
cosbounce_cos_0029,14951,176.41996282957325,2.365086340933438,run_150
cosbounce_cos_0064,383,176.41978992438897,2.6962882588493473,run_150
cosbounce_cos_0068,8331,176.4159273658075,16.513601705474187,run_150
cosbounce_cos_0009,3819,176.41454095070517,20.71739279751208,run_150
cosbounce_cos_0047,17992,176.41230148882485,5.713961056905983,run_150
cosbounce_cos_0059,3759,176.41200176157628,112.0262229480996,run_150
cosbounce_cos_0004,6002,176.40945146915627,4.994200867936006,run_150
cosbounce_cos_0050,12534,176.4068999510112,12.762162482184817,run_150
cosbounce_cos_0010,228,176.40478307012177,0.04745575224876742,run_150
cosbounce_cos_0080,18049,176.40359214700322,2.945870067901446,run_150
cosbounce_cos_0081,4740,176.4023954027133,9.043025533561812,run_150
cosbounce_cos_0005,1491,176.40097012305822,8.083159896062243,run_150
cosbounce_cos_0028,6398,176.40005297471768,4.984378113503932,run_150
cosbounce_cos_0044,11609,176.39834438332534,8.153519616474602,run_150
cosbounce_cos_0063,5243,176.39705730353273,9.720066957980082,run_150
cosbounce_cos_0017,16123,176.39561417230544,13.985952655363109,run_150
cosbounce_cos_0023,9198,176.3952321830135,19.2867289265497,run_150
cosbounce_cos_0026,14872,176.39500640030136,4.280794819343463,run_150
cosbounce_cos_0006,12540,176.39395170709764,50.929737579901676,run_150
cosbounce_cos_0028,9662,176.3910740422877,0.8907588309301566,run_150
cosbounce_cos_0041,3452,176.39093901752642,11.626004119265652,run_150
cosbounce_cos_0055,13224,176.38888547289466,7.444870806298214,run_150
cosbounce_cos_0029,9594,176.38849303218694,8.416096766503417,run_150
cosbounce_cos_0001,20454,176.38614126311413,13.094240119347617,run_150
cosbounce_cos_0059,25,176.38607623415476,8.466295257716192,run_150
cosbounce_cos_0039,4804,176.3855108538736,7.243501163006775,run_150
cosbounce_cos_0083,18724,176.3850712733156,3.5449071932607934,run_150
cosbounce_cos_0067,3650,176.38485877495407,13.306556173032481,run_150
cosbounce_cos_0083,12717,176.3807333135293,66.22582902959836,run_150
cosbounce_cos_0044,15974,176.3778212100066,0.39196513328674076,run_150
cosbounce_cos_0043,17076,176.3770424805059,2.073199180536454,run_150
cosbounce_cos_0084,22152,176.37492036670315,11.458111956755914,run_150
cosbounce_cos_0055,4623,176.37296303351144,160.13039581905107,run_150
cosbounce_cos_0047,15931,176.37269408822118,17.87195362270389,run_150
cosbounce_cos_0020,7039,176.372365114722,8.116209033747753,run_150
cosbounce_cos_0032,16967,176.37176860039398,3.008387918960083,run_150
cosbounce_cos_0076,11494,176.3707880783968,11.635170082965297,run_150
cosbounce_cos_0009,22458,176.37017217656566,1.719306199433007,run_150
cosbounce_cos_0085,1501,176.36943476680332,2.913661294672962,run_150
cosbounce_cos_0004,38,176.3691491449255,4.823045052081565,run_150
cosbounce_cos_0077,20883,176.3669979437687,0.1385177481623537,run_150
cosbounce_cos_0003,416,176.3633981367695,1.7329196102245532,run_150
cosbounce_cos_0034,16452,176.3632128929646,0.5869403001073017,run_150
cosbounce_cos_0022,20233,176.36197511221016,6.476772635110742,run_150
cosbounce_cos_0015,11358,176.35809581378385,20.2740795843452,run_150
cosbounce_cos_0045,5786,176.35629455470283,16.27415507169212,run_150
cosbounce_cos_0039,4709,176.35282626656812,16.65468731062703,run_150
cosbounce_cos_0018,14570,176.3526771335247,0.1304630787841443,run_150
cosbounce_cos_0021,6850,176.3494711525182,2.328923281713249,run_150
cosbounce_cos_0020,2252,176.34818019915937,9.806435788272735,run_150
cosbounce_cos_0073,12836,176.34710139609876,3.5444508049426395,run_150
cosbounce_cos_0007,12105,176.3464298051234,13.418255335487915,run_150
cosbounce_cos_0060,11351,176.3444408901042,3.08700369913639,run_150
cosbounce_cos_0029,17828,176.3429085418298,25.302017380971183,run_150
cosbounce_cos_0073,2111,176.34286452374613,7.4424808858223415,run_150
cosbounce_cos_0019,9029,176.3418851334213,10.244072154149487,run_150
cosbounce_cos_0018,8904,176.34156401600904,2.6545353804861436,run_150
cosbounce_cos_0020,7021,176.33842096462487,20.489702772572322,run_150
cosbounce_cos_0042,18816,176.33595313913943,1.6276443282061765,run_150
cosbounce_cos_0003,11201,176.3345209735851,2.415698983220816,run_150
cosbounce_cos_0007,21495,176.3338013127006,10.69459516733272,run_150
cosbounce_cos_0078,15802,176.33268632635324,4.4828712324519,run_150
cosbounce_cos_0084,12370,176.3319599836439,7.5186783036674845,run_150
cosbounce_cos_0012,11443,176.33102706389403,13.672340085406098,run_150
cosbounce_cos_0011,9642,176.33032382286544,8.035925612704789,run_150
cosbounce_cos_0058,6890,176.32281052794121,8.272471012928063,run_150
cosbounce_cos_0034,5133,176.322425652203,9.651744782940446,run_150
cosbounce_cos_0061,17541,176.32143232037083,6.145073527422607,run_150
cosbounce_cos_0016,18662,176.32052584419614,24.53073459355056,run_150
cosbounce_cos_0063,5843,176.3194229053206,2.5256711791634485,run_150
cosbounce_cos_0065,1991,176.31839043043274,4.534316169547143,run_150
cosbounce_cos_0053,17667,176.31576063728605,15.542240951866239,run_150
cosbounce_cos_0044,20892,176.31445437890935,14.46031134714301,run_150
cosbounce_cos_0008,9579,176.31392551917187,2.8493908754627917,run_150
cosbounce_cos_0071,7733,176.3134581033228,20.992996603297595,run_150
cosbounce_cos_0012,18771,176.30938936197853,45.68600072273234,run_150
cosbounce_cos_0007,111,176.3071946259514,4.06979808560552,run_150
cosbounce_cos_0025,18343,176.30681831813206,7.665017739029372,run_150
cosbounce_cos_0069,17200,176.29916445149556,4.1509306828356065,run_150
cosbounce_cos_0009,4867,176.29563682154978,0.9398778563323917,run_150
cosbounce_cos_0061,13787,176.29552121578573,6.2822293045688244,run_150
cosbounce_cos_0036,12493,176.29535954178044,2.282870676485418,run_150
cosbounce_cos_0054,19233,176.2895889554796,6.086052517138541,run_150
cosbounce_cos_0041,11466,176.28928614151533,6.476169159862931,run_150
cosbounce_cos_0068,14130,176.2873653877498,0.0377492470299146,run_150
cosbounce_cos_0076,19925,176.28302107895342,6.069064337826997,run_150
cosbounce_cos_0072,17992,176.2813245452735,8.943768675392215,run_150
cosbounce_cos_0080,3000,176.2805261499285,2.605789399579148,run_150
cosbounce_cos_0016,16871,176.2793782797264,0.42653372368063336,run_150
cosbounce_cos_0075,135,176.27613715088106,20.888935910673414,run_150
cosbounce_cos_0047,8194,176.27569871714297,6.939829214833074,run_150
cosbounce_cos_0050,1897,176.27342423316705,2.137801191561909,run_150
cosbounce_cos_0007,3068,176.27229452133233,3.2671169954840518,run_150
cosbounce_cos_0026,12452,176.27150427972333,4.318046842473506,run_150
cosbounce_cos_0081,2908,176.268528627678,4.1873373290482485,run_150
cosbounce_cos_0010,19145,176.26775161893968,36.781822834681684,run_150
cosbounce_cos_0028,6174,176.26220705447435,0.34149302423578387,run_150
cosbounce_cos_0010,966,176.259628945205,2.4517636997862238,run_150
cosbounce_cos_0063,22003,176.25868938120303,8.842098638362552,run_150
cosbounce_cos_0066,1938,176.25705859103587,0.0732231068876164,run_150
cosbounce_cos_0018,21651,176.25019557101183,11.661508400537878,run_150
cosbounce_cos_0017,4910,176.2500079112117,68.90282334087671,run_150
cosbounce_cos_0053,14037,176.2476212022589,3.9349752830555595,run_150
cosbounce_cos_0074,13924,176.24450177511065,25.75799731087941,run_150
cosbounce_cos_0078,15600,176.24405001655126,0.5247247744224636,run_150
cosbounce_cos_0071,14730,176.24382846250663,8.32841385645407,run_150
cosbounce_cos_0009,6511,176.24098974319665,8.803271786647793,run_150
cosbounce_cos_0058,13301,176.24085639274142,13.2949429368655,run_150
cosbounce_cos_0059,594,176.24026490384637,3.9426479532540104,run_150
cosbounce_cos_0028,2650,176.2389505919041,3.3798739445377612,run_150
cosbounce_cos_0022,10774,176.23793388052172,2.6319232158809696,run_150
cosbounce_cos_0064,10321,176.2361646587033,1.9307848592610946,run_150
cosbounce_cos_0072,278,176.2311477896172,1.001075853288016,run_150
cosbounce_cos_0085,17620,176.22704116361786,8.275344045839098,run_150
cosbounce_cos_0083,21352,176.22632946469102,8.104637886936413,run_150
cosbounce_cos_0023,5503,176.22424155808665,19.305962503886775,run_150
cosbounce_cos_0008,3435,176.22366135945734,15.262669531700565,run_150
cosbounce_cos_0019,349,176.222977103308,2.0230153225649183,run_150
cosbounce_cos_0079,380,176.2180437152139,5.279107929208057,run_150
cosbounce_cos_0033,17018,176.21799798503935,8.241192135255126,run_150
cosbounce_cos_0080,2771,176.2129549196838,8.375333961104019,run_150
cosbounce_cos_0024,13639,176.2105264315966,4.058476593085759,run_150
cosbounce_cos_0026,658,176.21024459944883,9.447960162649423,run_150
cosbounce_cos_0039,11831,176.20968532105883,0.7302682110851779,run_150
cosbounce_cos_0004,22316,176.20935530701686,0.19334111932833006,run_150
cosbounce_cos_0009,12182,176.20855951326973,9.208588242095333,run_150
cosbounce_cos_0062,19406,176.20558136373808,4.784923195018087,run_150
cosbounce_cos_0036,10193,176.20540869010262,6.089319948445778,run_150
cosbounce_cos_0040,18675,176.2051772966548,95.9663260801047,run_150
cosbounce_cos_0037,16124,176.20504630441394,2.0470006953967483,run_150
cosbounce_cos_0004,3287,176.20301893393713,0.7993943780761771,run_150
cosbounce_cos_0002,2234,176.2027427050502,190.8967947363428,run_150
cosbounce_cos_0053,4410,176.20161621744145,22.711083548492113,run_150
cosbounce_cos_0045,3843,176.20056000126735,11.532267622490535,run_150
cosbounce_cos_0053,442,176.2001405816213,8.949858297765086,run_150
cosbounce_cos_0072,7471,176.19470110673737,5.379552280677875,run_150
cosbounce_cos_0041,14006,176.19352946415628,27.878713099175105,run_150
cosbounce_cos_0021,921,176.19317960273366,11.415170808594505,run_150
cosbounce_cos_0029,1771,176.19174240920185,23.817081248944632,run_150
cosbounce_cos_0004,4225,176.19133911558893,14.393705090282062,run_150
cosbounce_cos_0086,643,176.19027308207671,119.49036555919722,run_150
cosbounce_cos_0018,2387,176.18934359690277,17.456989654221413,run_150
cosbounce_cos_0046,6505,176.1891921007804,201.9634758187773,run_150
cosbounce_cos_0044,12799,176.18626865010918,12.266596803702722,run_150
cosbounce_cos_0060,16451,176.18384409189173,108.69756861420969,run_150
cosbounce_cos_0027,17881,176.1782423310308,2.2376821296352545,run_150
cosbounce_cos_0064,22350,176.17801271424997,60.50007041987074,run_150
cosbounce_cos_0049,4872,176.1774821027579,23.21335945697465,run_150
cosbounce_cos_0055,17336,176.17701106013232,1.1185062472738159,run_150
cosbounce_cos_0060,2092,176.17457447062208,9.322216529976778,run_150
cosbounce_cos_0060,3505,176.17248680078862,4.338043928422503,run_150
cosbounce_cos_0039,3042,176.16925087061438,52.51779999355981,run_150
cosbounce_cos_0028,12130,176.16917418132343,12.852676412383348,run_150
cosbounce_cos_0012,6537,176.16399872297504,14.418098930951126,run_150
cosbounce_cos_0015,1491,176.16362262617238,14.334441403328663,run_150
cosbounce_cos_0025,20639,176.16157697122728,36.640381934109605,run_150
cosbounce_cos_0012,1472,176.15973053176182,7.02014060576904,run_150
cosbounce_cos_0083,13689,176.15900430450543,19.717769957516566,run_150
cosbounce_cos_0007,8043,176.15841877273166,0.13644687315496845,run_150
cosbounce_cos_0072,5500,176.1555380256304,20.402057898645058,run_150
cosbounce_cos_0030,1302,176.15083189792,6.907873078416636,run_150
cosbounce_cos_0045,14779,176.14421353934037,6.114578740475469,run_150
cosbounce_cos_0070,11043,176.13854928722478,12.438314487055631,run_150
cosbounce_cos_0002,17157,176.1383924502173,5.643615892630881,run_150
cosbounce_cos_0060,7180,176.1371414610068,117.15980191625323,run_150
cosbounce_cos_0015,290,176.1353412275855,28.300062800568003,run_150
cosbounce_cos_0008,14555,176.1298875860849,1.697944876412156,run_150
cosbounce_cos_0036,14782,176.12492124396027,7.106990634444787,run_150
cosbounce_cos_0011,8445,176.12469673476252,1.9010082074194552,run_150
cosbounce_cos_0026,17205,176.12392577744777,1.6412803575977046,run_150
cosbounce_cos_0051,6903,176.12009061387454,75.46574625860337,run_150
cosbounce_cos_0008,13857,176.11720615943975,11.501593395245363,run_150
cosbounce_cos_0024,19180,176.11639812004955,3.96679941812239,run_150
cosbounce_cos_0077,14674,176.11501515101367,14.906562801044215,run_150
cosbounce_cos_0029,17748,176.11423032173678,8.220376591108378,run_150
cosbounce_cos_0012,19922,176.11134439306,1.695127834110438,run_150
cosbounce_cos_0029,1820,176.10856389994922,0.9940241613769476,run_150
cosbounce_cos_0049,19910,176.10748303721437,2.703004297079548,run_150
cosbounce_cos_0026,3951,176.10655952339752,5.424196935471425,run_150
cosbounce_cos_0079,17277,176.1057453162966,6.686031331099573,run_150
cosbounce_cos_0014,9600,176.10454008174594,0.39605193397595306,run_150
cosbounce_cos_0026,17504,176.1043112279363,10.822975118191394,run_150
cosbounce_cos_0082,19059,176.1027633173083,6.58464359583605,run_150
cosbounce_cos_0039,12564,176.10250752502148,5.903913932090748,run_150
cosbounce_cos_0067,8766,176.10158763129397,4.976273056775681,run_150
cosbounce_cos_0076,18796,176.09687984305324,2.41966456723351,run_150
cosbounce_cos_0013,1119,176.0964690089167,0.9511762551777031,run_150
cosbounce_cos_0060,12579,176.09583220694432,3.974930367565152,run_150
cosbounce_cos_0073,95,176.0931842612949,7.654066033678347,run_150
cosbounce_cos_0063,20923,176.0901078692226,7.802756855396901,run_150
cosbounce_cos_0081,5822,176.0897779520651,18.22021779810353,run_150
cosbounce_cos_0050,12930,176.08969882047802,29.85165243482665,run_150
cosbounce_cos_0015,21677,176.08793322072788,17.88191468648791,run_150
cosbounce_cos_0061,8147,176.08450895637938,5.911128625575809,run_150
cosbounce_cos_0016,21455,176.08288185718624,11.63432729090452,run_150
cosbounce_cos_0069,2506,176.08136921857584,10.477569109189528,run_150
cosbounce_cos_0000,18202,176.08114500450066,15.284316648404719,run_150
cosbounce_cos_0047,6152,176.0808958775666,10.399590785406616,run_150
cosbounce_cos_0044,8465,176.07910381301846,11.145792164597093,run_150
cosbounce_cos_0004,7138,176.07888756089258,27.474751176059502,run_150
cosbounce_cos_0049,4387,176.07751901748205,12.406862556194499,run_150
cosbounce_cos_0016,8461,176.07717158391787,0.5467170167871818,run_150
cosbounce_cos_0028,16621,176.07533508498705,28.950156994330534,run_150
cosbounce_cos_0060,22635,176.0737518383847,6.950365873077753,run_150
cosbounce_cos_0070,193,176.06521862365994,15.25508835958443,run_150
cosbounce_cos_0023,7172,176.06393633372815,18.871196691989965,run_150
cosbounce_cos_0031,13170,176.06164433123195,0.21578322587020712,run_150
cosbounce_cos_0002,20330,176.0587931550367,7.547409942458263,run_150
cosbounce_cos_0035,16905,176.0562500967396,6.719806588853061,run_150
cosbounce_cos_0066,11061,176.05511979108746,0.17014150269312206,run_150
cosbounce_cos_0054,4136,176.05134196113823,16.60989397925223,run_150
cosbounce_cos_0020,8741,176.0497131448006,0.8072612424065195,run_150
cosbounce_cos_0083,590,176.04792987852312,0.022485832983605798,run_150
cosbounce_cos_0078,10534,176.04316715398073,24.08990548785503,run_150
cosbounce_cos_0005,3248,176.03990542421764,1.548539477971309,run_150
cosbounce_cos_0058,12625,176.03929687975344,123.11051792909677,run_150
cosbounce_cos_0005,16970,176.03910170418962,19.55971910541071,run_150
cosbounce_cos_0037,1594,176.03608649308308,3.144775413569852,run_150
cosbounce_cos_0061,5060,176.03329460677833,20.165606752177275,run_150
cosbounce_cos_0047,5824,176.02952973083845,1.5547554575864797,run_150
cosbounce_cos_0081,1594,176.02905169620774,1.445852555968563,run_150
cosbounce_cos_0000,6893,176.02876332581806,3.2257552418337987,run_150
cosbounce_cos_0029,4055,176.02558841903902,4.1300409868145875,run_150
cosbounce_cos_0085,12274,176.02505829366066,6.384443867337485,run_150
cosbounce_cos_0023,16057,176.02375260143648,16.314714843113922,run_150
cosbounce_cos_0064,12256,176.02299202466887,26.491949836873566,run_150
cosbounce_cos_0040,3996,176.0227939297626,77.83804044320301,run_150
cosbounce_cos_0039,13698,176.02238705601343,2.0389237235666546,run_150
cosbounce_cos_0021,11432,176.02131709476706,74.34882722498703,run_150
cosbounce_cos_0077,18012,176.0204959969028,5.526914509193291,run_150
cosbounce_cos_0022,21092,176.0196898764174,17.9436120622035,run_150
cosbounce_cos_0014,8601,176.01326583057119,3.654475833281516,run_150
cosbounce_cos_0042,2772,176.01068375662965,4.444308892470069,run_150
cosbounce_cos_0016,313,176.00808750459143,4.318010877688572,run_150
cosbounce_cos_0032,16265,176.00518834490535,7.813826166751062,run_150
cosbounce_cos_0062,4536,176.00386594273263,10.697862560409087,run_150
cosbounce_cos_0033,18298,176.0036501840661,9.663428664863398,run_150
cosbounce_cos_0043,9253,176.00267304236345,5.204745266996808,run_150
cosbounce_cos_0011,12260,175.99920037098497,2.6359109239014504,run_150
cosbounce_cos_0068,803,175.99899319514893,2.2264349127013254,run_150
cosbounce_cos_0034,3249,175.99693227273823,4.291039190291958,run_150
cosbounce_cos_0041,10242,175.99596869906827,13.730185543143312,run_150
cosbounce_cos_0028,3043,175.99501916977843,4.58713606304052,run_150
cosbounce_cos_0009,4827,175.99300511875566,1.485669191168328,run_150
cosbounce_cos_0061,15678,175.9919914250068,8.760763712595175,run_150
cosbounce_cos_0051,11929,175.9913194497265,7.864580404909397,run_150
cosbounce_cos_0026,15608,175.99078266712098,0.9332845115876244,run_150
cosbounce_cos_0062,10809,175.98771794642136,22.467559404118784,run_150
cosbounce_cos_0015,10948,175.98428062178272,2.5859860960787717,run_150
cosbounce_cos_0048,21589,175.9827032136015,4.580425881912077,run_150
cosbounce_cos_0060,17580,175.98143177604163,2.4657162028451407,run_150
cosbounce_cos_0004,1056,175.97920487284753,15.986091890526545,run_150
cosbounce_cos_0058,15642,175.9788323093284,4.102804961562107,run_150
cosbounce_cos_0005,18198,175.97668547227116,175.86445941617959,run_150
cosbounce_cos_0083,5184,175.97361775058553,2.670112859590592,run_150
cosbounce_cos_0001,3295,175.97309659388867,19.282036657390503,run_150
cosbounce_cos_0049,17084,175.9727104622114,0.4602575782081208,run_150
cosbounce_cos_0053,5333,175.97081694760507,9.222216051426258,run_150
cosbounce_cos_0000,19990,175.9672765298739,8.205423685196616,run_150
cosbounce_cos_0041,21814,175.96705024212693,1.681909778510558,run_150
cosbounce_cos_0010,11989,175.9670373893112,20.116521141516596,run_150
cosbounce_cos_0063,8506,175.9636785601056,4.797823014982286,run_150
cosbounce_cos_0029,9418,175.95767863993586,3.8922521032600033,run_150
cosbounce_cos_0011,16523,175.95364005416005,9.66616794761517,run_150
cosbounce_cos_0029,13725,175.95194271364926,0.7301662270022672,run_150
cosbounce_cos_0079,14564,175.9510275511528,15.27402495018562,run_150
cosbounce_cos_0031,8538,175.95025779319397,0.663178260290225,run_150
cosbounce_cos_0019,17078,175.94747857875367,6.95522777674553,run_150
cosbounce_cos_0047,15354,175.94696826860763,5.75159489274035,run_150
cosbounce_cos_0061,11103,175.94608789290217,17.85268598931313,run_150
cosbounce_cos_0028,12463,175.94482929264055,9.528897739913441,run_150
cosbounce_cos_0005,6390,175.9437715761591,8.002618523675133,run_150
cosbounce_cos_0050,14098,175.94369903530767,3.4558290359394936,run_150
cosbounce_cos_0035,15230,175.94318388166622,15.631686796281201,run_150
cosbounce_cos_0080,10021,175.94086135291982,13.971790488559769,run_150
cosbounce_cos_0001,18143,175.93967709537645,5.244574007722425,run_150
cosbounce_cos_0079,8448,175.93692756480164,0.7412790927532552,run_150
cosbounce_cos_0033,789,175.93500128888112,0.1874477690898383,run_150
cosbounce_cos_0055,6375,175.93450029459345,7.364955797219301,run_150
cosbounce_cos_0034,3427,175.93280227600928,2.316010122722112,run_150
cosbounce_cos_0044,8,175.92882265974504,2.7875649527040216,run_150
cosbounce_cos_0033,1298,175.92768263968313,23.76999734463559,run_150
cosbounce_cos_0046,15323,175.92581575381047,20.434394575309494,run_150
cosbounce_cos_0056,5082,175.92545740569582,45.55921648574515,run_150
cosbounce_cos_0060,6809,175.92099991652557,7.341289840353105,run_150
cosbounce_cos_0005,7958,175.91389612939156,9.113034154897694,run_150
cosbounce_cos_0052,10701,175.90901584688544,67.57709895618487,run_150
cosbounce_cos_0003,9726,175.90829857142103,25.739808798803377,run_150
cosbounce_cos_0024,1240,175.90802225092312,5.952042026763787,run_150
cosbounce_cos_0029,20215,175.9067532511732,13.646987751746774,run_150
cosbounce_cos_0046,13580,175.90629065263587,387.29299610505177,run_150
cosbounce_cos_0018,3976,175.90509659952238,13.58870596452905,run_150
cosbounce_cos_0049,6685,175.90454528458176,20.007514202319967,run_150
cosbounce_cos_0065,20158,175.8986924437572,1.1871295316670119,run_150
cosbounce_cos_0058,19842,175.89811670150866,12.863490627850846,run_150
cosbounce_cos_0081,19432,175.89319422400058,3.928243591876611,run_150
cosbounce_cos_0009,20366,175.8922704266246,1.4390200909116129,run_150
cosbounce_cos_0004,13931,175.8920217353528,11.668832316428452,run_150
cosbounce_cos_0032,8662,175.89195563180363,8.123950074031534,run_150
cosbounce_cos_0045,18265,175.89146967758043,158.2825670592774,run_150
cosbounce_cos_0064,9411,175.8912563137709,3.1125506126337625,run_150
cosbounce_cos_0036,20545,175.88861559261719,3.3368126035260524,run_150
cosbounce_cos_0001,18393,175.88276766832226,12.270205201162284,run_150
cosbounce_cos_0004,19447,175.88123092347982,11.861443708678014,run_150
cosbounce_cos_0004,14091,175.8803784205741,335.1012614108789,run_150
cosbounce_cos_0076,12691,175.87714017523066,2.142040767797529,run_150
cosbounce_cos_0062,21367,175.87319545475754,8.158242830253789,run_150
cosbounce_cos_0063,564,175.872163680885,38.201324820084245,run_150
cosbounce_cos_0037,7029,175.87215087015474,16.18042126105229,run_150
cosbounce_cos_0047,8446,175.8718311780128,14.835451583137989,run_150
cosbounce_cos_0082,2034,175.87117743287862,0.2803344686680247,run_150
cosbounce_cos_0028,8419,175.87039162320025,0.10164539521492946,run_150
cosbounce_cos_0045,4372,175.87013030929674,7.257221315345541,run_150
cosbounce_cos_0074,21898,175.86841959246257,8.571796086821974,run_150
cosbounce_cos_0039,7647,175.8676190232892,11.97893816525505,run_150
cosbounce_cos_0005,18426,175.86647616969293,6.571475180612831,run_150
cosbounce_cos_0001,2021,175.86355627668837,15.170794172182529,run_150
cosbounce_cos_0077,11505,175.8634034068656,5.424443984790467,run_150
cosbounce_cos_0056,7555,175.86092457178907,8.671545812943823,run_150
cosbounce_cos_0002,5928,175.8607383069587,4.218479063821154,run_150
cosbounce_cos_0033,8754,175.86067320234062,18.906278782061605,run_150
cosbounce_cos_0024,12133,175.85974074727338,2.23969414545805,run_150
cosbounce_cos_0075,11635,175.85782049838866,5.4196841816267165,run_150
cosbounce_cos_0027,4872,175.85755033273816,36.073456275868175,run_150
cosbounce_cos_0010,3175,175.85653544103437,4.744402412206362,run_150
cosbounce_cos_0002,13848,175.85653352411526,1.9400938406989088,run_150
cosbounce_cos_0055,18211,175.85486550279035,20.183080683144638,run_150
cosbounce_cos_0072,5534,175.8536300530325,1.158467493630686,run_150
cosbounce_cos_0007,3609,175.8521184588684,0.8324041192407893,run_150
cosbounce_cos_0019,22494,175.8502903612022,2.3762430005552204,run_150
cosbounce_cos_0005,20416,175.849383850606,4.59101417793332,run_150
cosbounce_cos_0055,17499,175.84697131487948,11.245459255261077,run_150
cosbounce_cos_0002,4900,175.84600038742832,9.145040902465345,run_150
cosbounce_cos_0067,14049,175.84458703686226,10.106724785087327,run_150
cosbounce_cos_0032,6844,175.83991156405614,6.07883408069868,run_150
cosbounce_cos_0010,9683,175.83897184086834,7.976938022426868,run_150
cosbounce_cos_0024,15857,175.837483530453,5.9814950972519405,run_150
cosbounce_cos_0023,15435,175.8370511814197,2.4604195991874906,run_150
cosbounce_cos_0044,10351,175.83671442401408,2.9777735196320028,run_150
cosbounce_cos_0085,22098,175.83548437513664,4.719379669183383,run_150
cosbounce_cos_0033,22038,175.83176506123783,5.858707386362288,run_150
cosbounce_cos_0076,22198,175.83087570839072,18.776760037970035,run_150
cosbounce_cos_0021,14085,175.83070645388693,13.093966711849209,run_150
cosbounce_cos_0034,17989,175.83045515181587,17.23418686926184,run_150
cosbounce_cos_0004,2226,175.8303614837722,8.87647479448796,run_150
cosbounce_cos_0002,18791,175.8300632080753,188.85601248742336,run_150
cosbounce_cos_0027,1630,175.8284425154846,9.149386777680641,run_150
cosbounce_cos_0064,13152,175.82581867131165,3.696666789257185,run_150
cosbounce_cos_0002,8371,175.82398297859228,2.0722263432902115,run_150
cosbounce_cos_0063,18599,175.8236012714679,5.387241666490269,run_150
cosbounce_cos_0035,3763,175.82255846117224,5.382602066266668,run_150
cosbounce_cos_0057,17837,175.8219868023019,10.579102486228795,run_150
cosbounce_cos_0068,1883,175.82179747040607,20.23029496713468,run_150
cosbounce_cos_0060,5987,175.8191892949742,22.310318140092804,run_150
cosbounce_cos_0038,21868,175.81369978083185,9.153412336440914,run_150
cosbounce_cos_0011,505,175.80790283295138,14.052805147242518,run_150
cosbounce_cos_0072,4261,175.80005880999326,3.946668613538399,run_150
cosbounce_cos_0061,16362,175.7996179558523,1.365498714816962,run_150
cosbounce_cos_0024,18770,175.79937335964135,15.772371700682065,run_150
cosbounce_cos_0068,828,175.79805339820334,12.227719884860512,run_150
cosbounce_cos_0080,21330,175.79359910603677,5.299328723128609,run_150
cosbounce_cos_0027,8314,175.7933589449595,9.636771916642079,run_150
cosbounce_cos_0085,10806,175.79138597529757,10.52564373399688,run_150
cosbounce_cos_0060,7531,175.7906078481733,14.245739345775048,run_150
cosbounce_cos_0032,6582,175.78849222519392,27.030916927448544,run_150
cosbounce_cos_0045,9165,175.7865524299351,8.160584490284815,run_150
cosbounce_cos_0009,3801,175.78530830417424,14.522676006685163,run_150
cosbounce_cos_0026,16537,175.78503791653176,16.2900530570908,run_150
cosbounce_cos_0060,9585,175.78470850706165,15.257424533341364,run_150
cosbounce_cos_0054,2558,175.78438030870947,10.861227592355881,run_150
cosbounce_cos_0078,11607,175.7842883520095,13.318131817204376,run_150
cosbounce_cos_0013,18620,175.78391125034926,3.1898740435625363,run_150
cosbounce_cos_0061,5215,175.78352176733836,1.68334755909452,run_150
cosbounce_cos_0052,19956,175.78209245057957,6.152491682056212,run_150
cosbounce_cos_0061,14622,175.78152064571051,2.543514923303943,run_150
cosbounce_cos_0010,16264,175.77989316186105,9.327502976261737,run_150
cosbounce_cos_0066,18675,175.77906370764396,18.517221314779515,run_150
cosbounce_cos_0049,2440,175.77893251536588,6.599811590874907,run_150
cosbounce_cos_0006,2312,175.77876419555957,11.483416917635704,run_150
cosbounce_cos_0081,11211,175.7787509154712,14.70780049019721,run_150
cosbounce_cos_0011,16529,175.77870370025624,364.60979064045,run_150
cosbounce_cos_0063,10920,175.77478405778112,6.517624015472083,run_150
cosbounce_cos_0054,8721,175.77265010148173,2.6803059568559826,run_150
cosbounce_cos_0019,13125,175.77185935305357,3.493025160175727,run_150
cosbounce_cos_0045,17047,175.7704298206633,9.046679659908994,run_150
cosbounce_cos_0037,7839,175.76965995847561,0.7075306615023029,run_150
cosbounce_cos_0060,15932,175.7640454787433,8.022382196212089,run_150
cosbounce_cos_0074,20243,175.76402692023575,3.4142704686434304,run_150
cosbounce_cos_0006,4902,175.76364208828537,186.39503355150572,run_150
cosbounce_cos_0085,12440,175.7611508214492,0.3571870705527012,run_150
cosbounce_cos_0046,13004,175.7586599717176,214.5158319205711,run_150
cosbounce_cos_0079,16686,175.75860589308277,1.4516280231829686,run_150
cosbounce_cos_0001,15612,175.7566708772379,6.742132773939181,run_150
cosbounce_cos_0022,7885,175.75559931968039,2.2222221940002447,run_150
cosbounce_cos_0041,18413,175.74863638227347,15.241355837940871,run_150
cosbounce_cos_0025,22116,175.7485443767967,0.3265883846412082,run_150
cosbounce_cos_0056,15054,175.74653543846773,13.027087305138354,run_150
cosbounce_cos_0001,2925,175.7464879471828,14.423436691191021,run_150
cosbounce_cos_0079,15355,175.74547459361963,8.666955482720406,run_150
cosbounce_cos_0074,3674,175.74512295269244,19.556359918947447,run_150
cosbounce_cos_0064,18056,175.73905079581075,11.30877142494282,run_150
cosbounce_cos_0059,12242,175.7330189688328,16.381276033217905,run_150
cosbounce_cos_0061,11790,175.7319131982154,4.358608232678431,run_150
cosbounce_cos_0045,8913,175.72992589343113,12.896912037833287,run_150
cosbounce_cos_0066,12120,175.7296865999172,16.750027077319302,run_150
cosbounce_cos_0028,1574,175.7294243120837,15.014409397951233,run_150
cosbounce_cos_0067,12125,175.72809354073704,9.716103977099662,run_150
cosbounce_cos_0018,17010,175.7254029150982,1.9471859404569682,run_150
cosbounce_cos_0020,2948,175.72499706682507,13.627679356417321,run_150
cosbounce_cos_0054,3765,175.72453177593883,6.899691099588696,run_150
cosbounce_cos_0037,9707,175.72323783430494,14.537788876111724,run_150
cosbounce_cos_0043,18932,175.72227939815247,1.0618887635034908,run_150
cosbounce_cos_0044,12264,175.72200611743915,6.64720976390929,run_150
cosbounce_cos_0052,16368,175.7211204540055,13.226795438964437,run_150
cosbounce_cos_0067,21893,175.72098299768857,8.005386057954906,run_150
cosbounce_cos_0054,18837,175.72040941865924,71.67553357503876,run_150
cosbounce_cos_0055,1479,175.71923059656214,0.178707070879808,run_150
cosbounce_cos_0037,21111,175.71837522105326,14.170808913006985,run_150
cosbounce_cos_0003,12593,175.71683852564834,6.278991581410348,run_150
cosbounce_cos_0064,16212,175.7151806457126,14.621028044504694,run_150
cosbounce_cos_0012,10160,175.71331619925184,14.517196062603738,run_150
cosbounce_cos_0068,22227,175.71307261512572,5.4904004823799895,run_150
cosbounce_cos_0079,15616,175.71221494113493,22.141468548766454,run_150
cosbounce_cos_0030,4158,175.7108910859726,5.714318852004551,run_150
cosbounce_cos_0064,7116,175.7091487740462,9.35814632965927,run_150
cosbounce_cos_0039,3992,175.70889718915228,0.27010977001597614,run_150
cosbounce_cos_0051,1785,175.70532294860593,12.55940437014249,run_150
cosbounce_cos_0024,14813,175.70323501012342,2.1741746783940727,run_150
cosbounce_cos_0061,10157,175.70265948718358,34.22185242043162,run_150
cosbounce_cos_0067,4014,175.70169940355305,10.046112053838645,run_150
cosbounce_cos_0025,3728,175.70133825457413,17.03758271332022,run_150
cosbounce_cos_0061,17400,175.69895063133205,28.04015020912562,run_150
cosbounce_cos_0062,4920,175.6980874160559,205.67744981214915,run_150
cosbounce_cos_0065,21201,175.69784717351885,5.662899728700113,run_150
cosbounce_cos_0064,17578,175.69783859020583,0.9570416562431249,run_150
cosbounce_cos_0068,15076,175.69675970111592,3.9314972831937207,run_150
cosbounce_cos_0015,15938,175.69665894017956,7.536705552968594,run_150
cosbounce_cos_0055,18104,175.69536515495537,2.9352708288944753,run_150
cosbounce_cos_0069,19465,175.6951044672554,6.692258362395531,run_150
cosbounce_cos_0039,18020,175.69349208688112,16.558160760754824,run_150
cosbounce_cos_0058,9890,175.69235166125716,0.46150225344670237,run_150
cosbounce_cos_0075,131,175.6888537812263,6.079573340974459,run_150
cosbounce_cos_0019,632,175.68818642459033,9.247772826053138,run_150
cosbounce_cos_0037,16881,175.67878000557388,5.9504492608523165,run_150
cosbounce_cos_0015,6840,175.67792094131173,6.365974888522409,run_150
cosbounce_cos_0023,7663,175.67725407528687,13.362926262322594,run_150
cosbounce_cos_0009,19367,175.67679338597466,6.932035967324827,run_150
cosbounce_cos_0028,13488,175.6643873042359,13.080527596638714,run_150
cosbounce_cos_0049,18188,175.66389146589972,10.605001066838183,run_150
cosbounce_cos_0050,17104,175.6607396116953,4.798753303176574,run_150
cosbounce_cos_0024,19461,175.6596024894863,16.855876419611434,run_150
cosbounce_cos_0064,19912,175.65797180684086,14.808418981339017,run_150
cosbounce_cos_0042,15841,175.6478665768935,20.5313327796217,run_150
cosbounce_cos_0011,20600,175.64689679111314,13.907670066166824,run_150
cosbounce_cos_0033,11884,175.64669222409273,19.0131244377087,run_150
cosbounce_cos_0007,16785,175.64317705533034,3.3691916400517163,run_150
cosbounce_cos_0084,4470,175.64112615340937,17.39702682935066,run_150
cosbounce_cos_0052,3354,175.63981069360457,17.665088875993504,run_150
cosbounce_cos_0073,7743,175.6394640318052,3.5911246373832535,run_150
cosbounce_cos_0025,14972,175.63809917192526,120.42117083853138,run_150
cosbounce_cos_0031,9870,175.63629651726185,3.363508083229268,run_150
cosbounce_cos_0085,6865,175.6358451247006,7.364837595326155,run_150
cosbounce_cos_0003,10068,175.63537144912533,0.290645401040375,run_150
cosbounce_cos_0074,6943,175.635052808023,2.076698014214843,run_150
cosbounce_cos_0042,13532,175.63385276075132,1.4559505742815093,run_150
cosbounce_cos_0031,21176,175.63210176248043,6.019487193887195,run_150
cosbounce_cos_0068,17472,175.6303738042426,2.4967290372032065,run_150
cosbounce_cos_0007,15719,175.62908978731832,2.953940843933767,run_150
cosbounce_cos_0065,14098,175.62906005746183,0.9975019100289659,run_150
cosbounce_cos_0066,13360,175.625168777212,2.501773466900186,run_150
cosbounce_cos_0060,15490,175.62502891194404,7.797455593957922,run_150
cosbounce_cos_0082,606,175.6243038954062,12.488247197989434,run_150
cosbounce_cos_0045,17198,175.61945225529837,7.615265333759957,run_150
cosbounce_cos_0053,6589,175.61886760983862,22.383359955526757,run_150
cosbounce_cos_0055,5683,175.61629785795353,3.1199656924852266,run_150
cosbounce_cos_0034,5108,175.61500510258088,3.604386730576823,run_150
cosbounce_cos_0008,4518,175.6132294437888,9.575514069888317,run_150
cosbounce_cos_0038,13422,175.60556475392275,14.739818939924213,run_150
cosbounce_cos_0017,1049,175.6044815329042,1.9680492143136195,run_150
cosbounce_cos_0031,1441,175.6043994267859,5.676496640496149,run_150
cosbounce_cos_0056,18513,175.60288099821165,20.830693162803964,run_150
cosbounce_cos_0020,14846,175.5958158089282,15.383775449269178,run_150
cosbounce_cos_0067,8864,175.5954707009208,16.32781047110052,run_150
cosbounce_cos_0058,18951,175.5878699238138,5.365255859032202,run_150
cosbounce_cos_0019,5082,175.5868005798002,5.363587783352836,run_150
cosbounce_cos_0053,1190,175.5856646220363,4.355401922877245,run_150
cosbounce_cos_0047,5291,175.58398394196,13.600246956048831,run_150
cosbounce_cos_0063,10143,175.58254599412948,9.5478013988599,run_150
cosbounce_cos_0032,18029,175.58137446355278,15.202183965486896,run_150
cosbounce_cos_0078,9449,175.57992019529303,9.82065825621181,run_150
cosbounce_cos_0033,15893,175.57654007223363,2.451646971806971,run_150
cosbounce_cos_0040,1983,175.57371261896324,6.399774002495241,run_150
cosbounce_cos_0078,18713,175.57179972830244,2.459498335778749,run_150
cosbounce_cos_0012,17250,175.5680648441909,4.43502425053424,run_150
cosbounce_cos_0015,20099,175.5677400073421,1.367605727730255,run_150
cosbounce_cos_0061,2451,175.56576764245526,3.351668300378696,run_150
cosbounce_cos_0002,6833,175.56321241545143,6.546142364326016,run_150
cosbounce_cos_0008,13927,175.56130273536195,7.061228746161725,run_150
cosbounce_cos_0035,12715,175.56080474153572,8.416231307388552,run_150
cosbounce_cos_0015,19662,175.55953734459257,3.4232549906133722,run_150
cosbounce_cos_0060,13262,175.55769196029144,6.5549310522254665,run_150
cosbounce_cos_0004,1657,175.55611409363956,1.0116210056336294,run_150
cosbounce_cos_0046,9223,175.55570667407628,6.277216123106247,run_150
cosbounce_cos_0078,4779,175.55562405156985,8.749942359192238,run_150
cosbounce_cos_0032,13320,175.55481726040063,1.7500960060057127,run_150
cosbounce_cos_0003,6428,175.55441628469484,14.20847874052418,run_150
cosbounce_cos_0066,9848,175.5489568612569,47.39827653102105,run_150
cosbounce_cos_0084,19062,175.5459110564627,8.96676980928254,run_150
cosbounce_cos_0031,21153,175.54446433893236,5.573532418053759,run_150
cosbounce_cos_0068,238,175.54376167402685,22.90320057443295,run_150
cosbounce_cos_0032,2450,175.54046406383708,5.450450251567636,run_150
cosbounce_cos_0019,1649,175.5394556948594,12.748360564302375,run_150
cosbounce_cos_0009,77,175.53912999274812,5.935769582589123,run_150
cosbounce_cos_0026,21592,175.53675827960274,4.575466691831301,run_150
cosbounce_cos_0004,22486,175.53531818349157,11.128630786625058,run_150
cosbounce_cos_0034,1375,175.53517258277273,0.34779433922474956,run_150
cosbounce_cos_0082,5636,175.53407591064305,7.7328482649387436,run_150
cosbounce_cos_0056,17035,175.53354305121871,4.631013752145602,run_150
cosbounce_cos_0048,15913,175.52892026822747,3.79136641018523,run_150
cosbounce_cos_0084,7730,175.52591123929696,11.493229690336156,run_150
cosbounce_cos_0072,3171,175.52528874376213,8.287310036484984,run_150
cosbounce_cos_0025,7281,175.52495396938423,5.572510717840165,run_150
cosbounce_cos_0018,15188,175.5234979182516,7.128865886309965,run_150
cosbounce_cos_0061,5014,175.52304643525102,11.43794860752695,run_150
cosbounce_cos_0062,15970,175.52185738868323,5.854464945135837,run_150
cosbounce_cos_0044,13543,175.51926311781435,2.6341006733476253,run_150
cosbounce_cos_0004,17246,175.51834845232926,7.752745029559543,run_150
cosbounce_cos_0008,4207,175.5182979112791,15.792283752633496,run_150
cosbounce_cos_0021,12069,175.51655957840333,8.715060768716572,run_150
cosbounce_cos_0037,20214,175.51497553311816,16.87474839069844,run_150
cosbounce_cos_0074,1284,175.5131677255379,12.562205809862952,run_150
cosbounce_cos_0057,8961,175.51185497025924,4.110378502875077,run_150
cosbounce_cos_0035,9958,175.50955723508812,4.591662433388459,run_150
cosbounce_cos_0013,10913,175.5072503486916,2.418674578015223,run_150
cosbounce_cos_0058,7217,175.50587106246516,5.446350246258452,run_150
cosbounce_cos_0002,18251,175.50461179703072,8.950966275791536,run_150
cosbounce_cos_0075,10521,175.5035306589838,8.03803423365406,run_150
cosbounce_cos_0065,16020,175.50287598605468,3.6880889682340796,run_150
cosbounce_cos_0031,4585,175.50158677232338,18.081789173329327,run_150
cosbounce_cos_0047,938,175.5002751531865,1.5153275717277506,run_150
cosbounce_cos_0004,4733,175.49898122647173,4.20613031714573,run_150
cosbounce_cos_0064,14885,175.49512018192073,4.835146250221658,run_150
cosbounce_cos_0030,18102,175.49293207483606,0.042690180566574996,run_150
cosbounce_cos_0000,15798,175.4868027159186,5.7550268506188225,run_150
cosbounce_cos_0011,9408,175.48588945937263,8.271795068927643,run_150
cosbounce_cos_0015,15445,175.48435246122145,0.6693702800157366,run_150
cosbounce_cos_0018,14769,175.4836620353692,0.58148501053857,run_150
cosbounce_cos_0084,316,175.48206495019085,3.5473687202849558,run_150
cosbounce_cos_0020,8992,175.4818879169159,2.320545258655952,run_150
cosbounce_cos_0053,6556,175.47962035948427,6.25429092787798,run_150
cosbounce_cos_0041,15273,175.47866138878723,10.352363238101697,run_150
cosbounce_cos_0047,11327,175.4774299309823,11.784435669779453,run_150
cosbounce_cos_0051,795,175.4749680677277,2.8344650390118082,run_150
cosbounce_cos_0015,7896,175.47336675373677,7.605113678415187,run_150
cosbounce_cos_0072,9368,175.47194010067017,1.3157780170050706,run_150
cosbounce_cos_0073,12338,175.47076173678798,5.421007944128246,run_150
cosbounce_cos_0077,5196,175.47026085714228,53.19882647041487,run_150
cosbounce_cos_0016,2498,175.4647443438796,1.0385436435415207,run_150
cosbounce_cos_0068,12964,175.46338576861191,15.906736195839432,run_150
cosbounce_cos_0010,17071,175.46322945907153,14.918713713355924,run_150
cosbounce_cos_0079,16323,175.463111626184,15.584302145016133,run_150
cosbounce_cos_0044,11893,175.46224641192984,30.62885736687826,run_150
cosbounce_cos_0039,3520,175.46031592719402,6.614603804103513,run_150
cosbounce_cos_0076,11498,175.45703016884713,8.54528209538529,run_150
cosbounce_cos_0049,14879,175.4566396175497,9.742687274500167,run_150
cosbounce_cos_0075,21592,175.4525980615464,21.858193333631828,run_150
cosbounce_cos_0059,4850,175.4491231201172,0.33648476755342804,run_150
cosbounce_cos_0042,14576,175.44867766744423,19.840227178342836,run_150
cosbounce_cos_0077,7272,175.44550176510137,22.14735020870416,run_150
cosbounce_cos_0023,21212,175.44384913512465,1.9954948146082234,run_150
cosbounce_cos_0056,22068,175.43961764943947,13.54759306688762,run_150
cosbounce_cos_0076,8925,175.43648733172463,18.49851336125613,run_150
cosbounce_cos_0060,8095,175.43268919907408,12.02530081401377,run_150
cosbounce_cos_0001,7369,175.43129227109716,6.171263157991663,run_150
cosbounce_cos_0002,3924,175.43106232896736,98.98065680247414,run_150
cosbounce_cos_0062,18889,175.42891952117225,8.75758539700024,run_150
cosbounce_cos_0027,15702,175.4284119581549,8.71510904770606,run_150
cosbounce_cos_0051,7721,175.4239555556002,16.05354917589009,run_150
cosbounce_cos_0000,20281,175.4239385778373,9.154646035664799,run_150
cosbounce_cos_0023,7004,175.42293176116354,0.6360562140751695,run_150
cosbounce_cos_0024,10924,175.42209797566682,3.583403198031742,run_150
cosbounce_cos_0081,10805,175.4179356371541,5.114960414766376,run_150
cosbounce_cos_0052,5378,175.4167363208421,5.498579999899694,run_150
cosbounce_cos_0069,4279,175.4158499911043,5.942894251842503,run_150
cosbounce_cos_0069,3838,175.41573786943982,3.6407403421082667,run_150
cosbounce_cos_0022,1832,175.41033958991554,5.748845491130616,run_150
cosbounce_cos_0063,10352,175.40719608985538,1.965911601298226,run_150
cosbounce_cos_0038,1970,175.4051494502081,9.202283175506158,run_150
cosbounce_cos_0039,726,175.40300488093487,0.23117789878393297,run_150
cosbounce_cos_0001,5511,175.40225074876585,5.1811000006995735,run_150
cosbounce_cos_0086,7890,175.40218405613786,2.675487568678774,run_150
cosbounce_cos_0055,14024,175.4020897275062,3.5450108178918422,run_150
cosbounce_cos_0010,17770,175.4006544295756,21.588505350741222,run_150
cosbounce_cos_0063,13516,175.39696506388685,15.697346332193423,run_150
cosbounce_cos_0054,3029,175.394268104715,2.6865654429673875,run_150
cosbounce_cos_0009,13650,175.39158123014624,4.057263512299626,run_150
cosbounce_cos_0023,5755,175.39138247701032,1.3009706567678134,run_150
cosbounce_cos_0071,12104,175.39119045775448,3.3208599828210885,run_150
cosbounce_cos_0023,7731,175.3879869631477,112.96592837370687,run_150
cosbounce_cos_0035,7028,175.38482011908548,1.205376064266897,run_150
cosbounce_cos_0005,20369,175.38390707469466,3.0839580569754266,run_150
cosbounce_cos_0016,1564,175.38365111750198,7.825138301732455,run_150
cosbounce_cos_0040,14734,175.38169657346455,14.394770914259087,run_150
cosbounce_cos_0006,7350,175.3795212986976,8.011664280985519,run_150
cosbounce_cos_0008,17229,175.37869396187472,11.338343546435329,run_150
cosbounce_cos_0018,19370,175.37747567398432,17.25530622072497,run_150
cosbounce_cos_0074,21939,175.37698249154917,9.31753081867681,run_150
cosbounce_cos_0052,14854,175.37558711120735,43.960363249449514,run_150
cosbounce_cos_0024,17847,175.3741375447153,7.243286872039927,run_150
cosbounce_cos_0021,15908,175.37333316559173,5.086723190600874,run_150
cosbounce_cos_0085,18657,175.37292307660599,25.040689990576933,run_150
cosbounce_cos_0079,17036,175.37212647959646,15.578126039492425,run_150
cosbounce_cos_0049,16923,175.37183767620888,6.311454344579643,run_150
cosbounce_cos_0064,11435,175.37111906919068,4.402179393198724,run_150
cosbounce_cos_0078,4355,175.36782306255094,9.597346482295025,run_150
cosbounce_cos_0079,16216,175.36095801431486,2.2314160376904044,run_150
cosbounce_cos_0008,21221,175.3574122067903,0.9768818098051497,run_150
cosbounce_cos_0074,17971,175.35648157291575,1.8658442219495224,run_150
cosbounce_cos_0049,474,175.35636168125893,0.03702280386846934,run_150
cosbounce_cos_0074,8263,175.35344752718882,18.238047758160636,run_150
cosbounce_cos_0005,15645,175.34922722651746,0.9100862616072337,run_150
cosbounce_cos_0046,14140,175.34877095948738,14.369902998889039,run_150
cosbounce_cos_0045,9251,175.34865679510256,13.65068305874502,run_150
cosbounce_cos_0024,3584,175.347537021764,5.6287419585829666,run_150
cosbounce_cos_0034,977,175.34676681935272,2.0000301771027442,run_150
cosbounce_cos_0024,14583,175.34053054191085,1.896819778440683,run_150
cosbounce_cos_0015,7841,175.33968918551815,9.239450398349824,run_150
cosbounce_cos_0038,896,175.33792942937714,14.924493293549844,run_150
cosbounce_cos_0033,2921,175.33716412348966,4.735633612441372,run_150
cosbounce_cos_0034,9349,175.33592839670635,12.516681379014448,run_150
cosbounce_cos_0026,5329,175.33561998981102,16.497472996826875,run_150
cosbounce_cos_0031,4029,175.33545940516166,0.06668092631380679,run_150
cosbounce_cos_0078,19038,175.33484765879822,46.08017702925381,run_150
cosbounce_cos_0017,3796,175.3339003843844,10.117945383537647,run_150
cosbounce_cos_0081,12027,175.33177090756098,5.595109866733799,run_150
cosbounce_cos_0039,4770,175.33006428121575,3.680907766595267,run_150
cosbounce_cos_0042,1200,175.32702319622192,9.135040878573,run_150
cosbounce_cos_0005,3475,175.3265611531089,2.2254424239296418,run_150
cosbounce_cos_0059,18747,175.32623835353164,32.743678015911286,run_150
cosbounce_cos_0021,21237,175.32157872844817,12.856244161987114,run_150
cosbounce_cos_0080,6842,175.31935084721013,10.856386847892342,run_150
cosbounce_cos_0034,16930,175.31591393001804,4.468472604125073,run_150
cosbounce_cos_0080,4064,175.3157856178329,4.634702378614158,run_150
cosbounce_cos_0022,1755,175.3144266233589,0.15371564630017043,run_150
cosbounce_cos_0047,3142,175.3134121131165,6.765785911723069,run_150
cosbounce_cos_0040,6067,175.3129495412576,5.2712255740544425,run_150
cosbounce_cos_0050,574,175.3114102871393,10.721807266230044,run_150
cosbounce_cos_0038,427,175.30923554566476,4.8995180936597995,run_150
cosbounce_cos_0063,18855,175.309192288541,13.288555423751834,run_150
cosbounce_cos_0047,10586,175.30738189484262,12.071468896335007,run_150
cosbounce_cos_0041,9728,175.30714269811745,5.271431712469286,run_150
cosbounce_cos_0065,21872,175.3067341698494,2.910410317300604,run_150
cosbounce_cos_0017,4204,175.30517132114107,15.352666100444287,run_150
cosbounce_cos_0079,18508,175.3043722146864,11.580360044349897,run_150
cosbounce_cos_0002,8833,175.30330760007905,0.6256940452202708,run_150
cosbounce_cos_0055,7737,175.30185247221957,184.48927292029956,run_150
cosbounce_cos_0063,6036,175.29679754316794,7.008730295579896,run_150
cosbounce_cos_0031,13870,175.29609264430655,7.706560507762546,run_150
cosbounce_cos_0042,1001,175.2955591873069,5.975954154528998,run_150
cosbounce_cos_0022,14947,175.29198079687788,16.090563625818525,run_150
cosbounce_cos_0043,794,175.2875852281674,27.731925306883475,run_150
cosbounce_cos_0012,21424,175.2852071642256,245.7550453204291,run_150
cosbounce_cos_0080,8579,175.28471030338812,2.9708102228647246,run_150
cosbounce_cos_0079,11535,175.2844289725472,5.392581146263134,run_150
cosbounce_cos_0032,5607,175.28333319668667,4.807120811458618,run_150
cosbounce_cos_0016,16090,175.28196780553557,5.473855545133931,run_150
cosbounce_cos_0043,11516,175.2813314398147,12.844232886988847,run_150
cosbounce_cos_0026,15687,175.28121363182927,1.4066853356546232,run_150
cosbounce_cos_0017,4230,175.28029157170624,13.124769150870504,run_150
cosbounce_cos_0062,6351,175.27871764367717,8.009694233719742,run_150
cosbounce_cos_0070,10725,175.27328093190536,22.440499449960264,run_150
cosbounce_cos_0040,18875,175.27185900046746,56.553604360542174,run_150
cosbounce_cos_0006,12299,175.27046310715704,4.4052578621099086,run_150
cosbounce_cos_0051,2103,175.27005663828442,21.42332322701741,run_150
cosbounce_cos_0076,20711,175.26389526099223,344.1301885143429,run_150
cosbounce_cos_0075,3070,175.26363951010262,9.9830470716368,run_150
cosbounce_cos_0034,1899,175.25846733714462,20.020363942730178,run_150
cosbounce_cos_0083,19577,175.2582906888417,20.28073282324987,run_150
cosbounce_cos_0076,5905,175.25813296428993,13.551689935189394,run_150
cosbounce_cos_0000,13789,175.2572248393283,4.597050584718405,run_150
cosbounce_cos_0065,1310,175.25656233573665,13.094283978507963,run_150
cosbounce_cos_0003,1816,175.25630656962494,13.209878006363244,run_150
cosbounce_cos_0075,14824,175.25523955867763,3.1444250547744463,run_150
cosbounce_cos_0055,10933,175.25364473192397,188.48500298954835,run_150
cosbounce_cos_0050,8171,175.25197179926948,12.75447751806433,run_150
cosbounce_cos_0070,9406,175.2491527987197,12.124321481422658,run_150
cosbounce_cos_0017,20208,175.2480318464998,6.910538399089356,run_150
cosbounce_cos_0078,13357,175.24528021576043,14.003696510035434,run_150
cosbounce_cos_0050,3831,175.24361240847364,3.9538356422812755,run_150
cosbounce_cos_0035,19733,175.24307701352606,13.006084483634249,run_150
cosbounce_cos_0046,12979,175.23264453589377,6.8035244491051445,run_150
cosbounce_cos_0081,5954,175.23254644165218,4.294251655961484,run_150
cosbounce_cos_0066,18523,175.23102936295638,51.72124600282398,run_150
cosbounce_cos_0074,3230,175.22428030033075,5.540723843328064,run_150
cosbounce_cos_0020,9055,175.21829623619385,5.562278746840683,run_150
cosbounce_cos_0050,1807,175.218244993687,13.438628004020549,run_150
cosbounce_cos_0007,18042,175.2169598025061,1.6871707881301239,run_150
cosbounce_cos_0003,987,175.21653566502144,0.07204171629063526,run_150
cosbounce_cos_0002,22406,175.21639749163285,8.614283322021027,run_150
cosbounce_cos_0074,11737,175.21586645457222,11.00842974825891,run_150
cosbounce_cos_0027,10644,175.21522624997107,12.96767481197033,run_150
cosbounce_cos_0004,3834,175.21463079720994,0.05298960389468456,run_150
cosbounce_cos_0078,18019,175.2145474820816,12.374773234504808,run_150
cosbounce_cos_0025,21749,175.2123184109579,6.546767320274057,run_150
cosbounce_cos_0085,12388,175.20657307143125,13.907590992471027,run_150
cosbounce_cos_0023,13348,175.2065075767547,1.1972864128995728,run_150
cosbounce_cos_0082,8093,175.20463816447477,7.4688459191388725,run_150
cosbounce_cos_0053,11703,175.2041445159874,3.491148505029053,run_150
cosbounce_cos_0073,19004,175.20330945367596,1.0348563846501573,run_150
cosbounce_cos_0042,18155,175.20322224495254,19.7109701952738,run_150
cosbounce_cos_0069,20936,175.2023392836819,0.5501988069787955,run_150
cosbounce_cos_0026,14096,175.19928659636744,3.9564326530887097,run_150
cosbounce_cos_0035,9824,175.19654321623116,335.18494531952587,run_150
cosbounce_cos_0076,10772,175.19585778394793,17.897878392466534,run_150
cosbounce_cos_0084,8971,175.19583289870366,46.45551965766855,run_150
cosbounce_cos_0044,21925,175.18982833296144,9.092421744360788,run_150
cosbounce_cos_0056,21790,175.18906819953963,5.375678297585438,run_150
cosbounce_cos_0085,19250,175.18735706782493,24.0619546245749,run_150
cosbounce_cos_0046,12022,175.18702122629642,3.4698633956345075,run_150
cosbounce_cos_0085,715,175.1847298659746,11.417034601919166,run_150
cosbounce_cos_0002,15582,175.18339587062326,6.843816936835978,run_150
cosbounce_cos_0001,11495,175.18303651511062,52.63728930506664,run_150
cosbounce_cos_0022,9536,175.1803906957652,1.5593609842434213,run_150
cosbounce_cos_0048,21551,175.1801681097436,5.4130576849892,run_150
cosbounce_cos_0081,17973,175.17683702752154,13.251433885190941,run_150
cosbounce_cos_0017,8897,175.17661735999394,2.9182107782969315,run_150
cosbounce_cos_0082,17010,175.1648409723934,13.715698948522588,run_150
cosbounce_cos_0029,10134,175.1624717594945,6.186994459404374,run_150
cosbounce_cos_0034,1871,175.16244049844278,13.671612739556561,run_150
cosbounce_cos_0039,16486,175.15784162910577,19.050125590623974,run_150
cosbounce_cos_0084,15741,175.15753797224664,7.345924078724499,run_150
cosbounce_cos_0005,7697,175.15608528713125,8.684685274185483,run_150
cosbounce_cos_0069,7962,175.15476008444645,8.295351885692876,run_150
cosbounce_cos_0034,9829,175.15367330482806,0.7574529942746246,run_150
cosbounce_cos_0061,13043,175.15316005324735,7.364141498583335,run_150
cosbounce_cos_0071,17982,175.1516477221828,4.098923170217115,run_150
cosbounce_cos_0018,15520,175.1482094985127,21.81945514295997,run_150
cosbounce_cos_0050,17341,175.14600436759108,1.7517627312361357,run_150
cosbounce_cos_0023,21205,175.14522051781734,1.386577732515154,run_150
cosbounce_cos_0033,21990,175.1450871966588,7.213415033818578,run_150
cosbounce_cos_0052,6596,175.14415325185882,1.0946280826767152,run_150
cosbounce_cos_0017,17008,175.13979803871086,142.91743509282173,run_150
cosbounce_cos_0037,9535,175.13974900330476,2.137681235317492,run_150
cosbounce_cos_0047,9923,175.13963382972108,14.977760969872266,run_150
cosbounce_cos_0020,1353,175.1394114022672,1.7363913084447244,run_150
cosbounce_cos_0033,16882,175.1387009242125,45.07023888783377,run_150
cosbounce_cos_0080,19138,175.13752824416773,0.19329692266700182,run_150
cosbounce_cos_0025,13939,175.13454043106918,88.7930313201517,run_150
cosbounce_cos_0061,6946,175.13421965833408,1.0052352552370176,run_150
cosbounce_cos_0009,6850,175.1326982089668,8.230565024603006,run_150
cosbounce_cos_0038,13546,175.13205774867922,124.1436494824175,run_150
cosbounce_cos_0043,228,175.13201606844703,20.190574535069885,run_150
cosbounce_cos_0009,19211,175.1294101904822,4.172985519110081,run_150
cosbounce_cos_0000,16411,175.1257984170081,27.109181899818314,run_150
cosbounce_cos_0002,8081,175.1244890884173,10.86741078719327,run_150
cosbounce_cos_0045,10588,175.12433785142036,9.897016954593067,run_150
cosbounce_cos_0057,19604,175.12408446023332,2.7356497741728565,run_150
cosbounce_cos_0058,9039,175.1205846942573,34.50613056272565,run_150
cosbounce_cos_0033,17054,175.11645854980196,16.27207652577962,run_150
cosbounce_cos_0055,10246,175.11637396195894,11.152417028068426,run_150
cosbounce_cos_0062,1616,175.11574692563633,11.791747604331057,run_150
cosbounce_cos_0017,20641,175.11537105584068,3.1769866823704986,run_150
cosbounce_cos_0004,8596,175.11530429383558,5.893025504285465,run_150
cosbounce_cos_0085,8552,175.11475008969384,0.998334749126621,run_150
cosbounce_cos_0002,17208,175.11376147913325,16.225224762551154,run_150
cosbounce_cos_0079,13366,175.11350040077323,2.3085761537373215,run_150
cosbounce_cos_0069,5528,175.1101698821959,1.3964265459488767,run_150
cosbounce_cos_0053,734,175.1083854482559,8.56988041066215,run_150
cosbounce_cos_0027,20942,175.10697522547696,17.11275325806453,run_150
cosbounce_cos_0019,3520,175.10644589464786,1.6938377892111216,run_150
cosbounce_cos_0001,9910,175.09758681018923,2.729926640054018,run_150
cosbounce_cos_0059,10860,175.0966490313726,6.211983425749062,run_150
cosbounce_cos_0071,8539,175.09603689241735,12.194102066820099,run_150
cosbounce_cos_0005,9692,175.091597881392,132.74950937378242,run_150
cosbounce_cos_0035,7913,175.08630219462236,88.55584544501119,run_150
cosbounce_cos_0085,11228,175.08371798549933,270.32576972100645,run_150
cosbounce_cos_0073,21757,175.0822044628929,17.91722891059996,run_150
cosbounce_cos_0015,5088,175.0818894058218,19.815697118619703,run_150
cosbounce_cos_0079,13120,175.08044682440516,13.206875289414025,run_150
cosbounce_cos_0024,2453,175.0794209544194,4.572206734843667,run_150
cosbounce_cos_0067,3242,175.07539044101986,23.924633432379718,run_150
cosbounce_cos_0040,15800,175.07458057105075,8.206668164236067,run_150
cosbounce_cos_0052,22277,175.06958553358893,12.906198156665894,run_150
cosbounce_cos_0009,11115,175.06908849393614,10.004002301296063,run_150
cosbounce_cos_0035,1875,175.06567060309538,1.7399576614850925,run_150
cosbounce_cos_0073,21817,175.06489011010567,4.380389587226808,run_150
cosbounce_cos_0027,1942,175.06136110427215,0.3176044466899952,run_150
cosbounce_cos_0051,21882,175.0589106020797,1.7330094749968228,run_150
cosbounce_cos_0038,6311,175.05671394554122,3.21790793194787,run_150
cosbounce_cos_0044,13716,175.05494937131564,8.483313177704494,run_150
cosbounce_cos_0067,19264,175.0546981614645,10.706725177058113,run_150
cosbounce_cos_0014,2937,175.0541514731198,6.062753426006678,run_150
cosbounce_cos_0043,17021,175.05323469893003,1.2837238399657422,run_150
cosbounce_cos_0023,2651,175.0515100580534,8.726445412883658,run_150
cosbounce_cos_0036,51,175.04670602448942,53.655815895428,run_150
cosbounce_cos_0070,14347,175.04449968637002,5.9023451319851805,run_150
cosbounce_cos_0061,14725,175.04420700714482,23.32878216142752,run_150
cosbounce_cos_0080,615,175.04417027098134,35.37685303297835,run_150
cosbounce_cos_0010,6890,175.04272517111687,13.156459126791146,run_150
cosbounce_cos_0069,11134,175.04249667103312,9.763422694259585,run_150
cosbounce_cos_0063,233,175.04246472450515,2.22837758065542,run_150
cosbounce_cos_0084,15775,175.04091256331938,2.60777260551996,run_150
cosbounce_cos_0058,13176,175.03442561756813,2.516714946873684,run_150
cosbounce_cos_0027,11658,175.0337696433785,6.610951700516245,run_150
cosbounce_cos_0007,22165,175.03038345373344,5.363695184398843,run_150
cosbounce_cos_0027,21701,175.02809338039245,5.365841921660051,run_150
cosbounce_cos_0060,1376,175.02272590728876,2.4488792533477857,run_150
cosbounce_cos_0079,17989,175.02104460428032,5.446057875410327,run_150
cosbounce_cos_0065,12165,175.01953917877736,14.638106140230857,run_150
cosbounce_cos_0034,19266,175.01232406753684,23.315455051815693,run_150
cosbounce_cos_0042,16745,175.00744318269912,12.740856473989366,run_150
cosbounce_cos_0036,13123,175.00725353082422,28.29526736738186,run_150
cosbounce_cos_0035,7898,175.00615970514212,3.2139595563201615,run_150
cosbounce_cos_0059,9580,175.0053170357299,16.563006792825327,run_150
cosbounce_cos_0016,13715,175.00425088234996,9.940889410049348,run_150
cosbounce_cos_0001,18646,175.00295744104528,11.999714679836528,run_150
cosbounce_cos_0022,12797,175.00289725087978,11.29663378197674,run_150
cosbounce_cos_0039,12838,175.000205741275,1.0956365199097604,run_150
cosbounce_cos_0050,20730,174.99985788551206,35.162937658089675,run_150
cosbounce_cos_0056,20013,174.99966866102992,5.070298387964207,run_150
cosbounce_cos_0030,975,174.99199734815593,41.30304581143243,run_150
cosbounce_cos_0022,10201,174.9912387672843,2.5411336701713085,run_150
cosbounce_cos_0053,15602,174.9899948520382,6.683087494471612,run_150
cosbounce_cos_0075,19765,174.98870007963933,9.635328034771426,run_150
cosbounce_cos_0000,7263,174.9881730670457,2.0198408827684,run_150
cosbounce_cos_0038,5879,174.9858573498429,6.895032596932105,run_150
cosbounce_cos_0077,18106,174.98246604650086,0.15465648504076765,run_150
cosbounce_cos_0016,18166,174.97870488530134,3.825553035712057,run_150
cosbounce_cos_0052,15403,174.97669381383685,0.2564216091876641,run_150
cosbounce_cos_0047,19827,174.9751964737433,15.802105493494714,run_150
cosbounce_cos_0080,5210,174.974365231454,5.722751927073332,run_150
cosbounce_cos_0037,8134,174.97277593470756,1.8806035359303768,run_150
cosbounce_cos_0041,10581,174.97029408576321,1.4990153424409538,run_150
cosbounce_cos_0050,8448,174.96761682631276,9.91150418103024,run_150
cosbounce_cos_0075,13257,174.96761400842462,83.43753896659304,run_150
cosbounce_cos_0000,10617,174.96308962470692,14.271112055616365,run_150
cosbounce_cos_0004,15105,174.96167578738377,9.341496393114367,run_150
cosbounce_cos_0080,13696,174.96088157390977,6.8386936047836295,run_150
cosbounce_cos_0025,8908,174.96047777956665,2.221041105357823,run_150
cosbounce_cos_0085,8167,174.96028638050623,14.611379811122108,run_150
cosbounce_cos_0025,2159,174.95977674478388,9.045428900677997,run_150
cosbounce_cos_0077,207,174.9593659011937,10.931557965081097,run_150
cosbounce_cos_0010,10983,174.9590711146773,14.555757794453157,run_150
cosbounce_cos_0061,3574,174.95689290228657,13.350380315828971,run_150
cosbounce_cos_0031,17729,174.9555960871028,0.6623299165621879,run_150
cosbounce_cos_0004,16429,174.95232948415094,11.136935116327,run_150
cosbounce_cos_0070,18825,174.95102457865892,8.706492812835997,run_150
cosbounce_cos_0045,15068,174.95019655580757,8.933225843068055,run_150
cosbounce_cos_0079,4924,174.94771180476818,9.369562677050803,run_150
cosbounce_cos_0084,4413,174.94623791740955,10.720840278431163,run_150
cosbounce_cos_0061,19080,174.94505647516752,9.974999818819173,run_150
cosbounce_cos_0081,21711,174.94396226063049,292.18084165273336,run_150
cosbounce_cos_0072,6072,174.94176316030254,3.009471677996915,run_150
cosbounce_cos_0030,6018,174.93924204562066,1.2985370355518153,run_150
cosbounce_cos_0079,17693,174.9385407000213,27.567075074717867,run_150
cosbounce_cos_0016,9024,174.93753045201467,5.653766057406921,run_150
cosbounce_cos_0009,12858,174.93686153510873,10.119573055567303,run_150
cosbounce_cos_0040,5670,174.9356655185874,8.964864029236328,run_150
cosbounce_cos_0063,15031,174.93386802298699,13.210907740658385,run_150
cosbounce_cos_0038,5874,174.9337328444325,14.83504865084568,run_150
cosbounce_cos_0062,20321,174.93344013754157,2.23644444174331,run_150
cosbounce_cos_0022,2998,174.93261475163155,4.183769559940443,run_150
cosbounce_cos_0057,12934,174.9311744087931,5.450653454021006,run_150
cosbounce_cos_0050,13697,174.93074704897012,0.7611286052715028,run_150
cosbounce_cos_0020,21059,174.92793537034436,5.95912867673223,run_150
cosbounce_cos_0023,6284,174.92330447638312,397.06809953543365,run_150
cosbounce_cos_0052,18247,174.9215110443651,12.064788562597325,run_150
cosbounce_cos_0058,8452,174.9186794335789,1.4451218626963878,run_150
cosbounce_cos_0067,5011,174.91802593612147,4.938975889741478,run_150
cosbounce_cos_0006,1213,174.91792664405287,3.9096291829462593,run_150
cosbounce_cos_0079,9561,174.91671690762874,193.71002079386204,run_150
cosbounce_cos_0014,17120,174.91468184986218,1.5398518567143806,run_150
cosbounce_cos_0027,13722,174.91147972433458,10.609818611537223,run_150
cosbounce_cos_0004,11853,174.90956153872958,5.812589930645572,run_150
cosbounce_cos_0057,8854,174.90751464362177,15.181726651542897,run_150
cosbounce_cos_0030,1888,174.90619890792235,27.40411401205186,run_150
cosbounce_cos_0001,2835,174.90593128196264,10.53884478715591,run_150
cosbounce_cos_0033,4464,174.90495462167007,51.71820829926008,run_150
cosbounce_cos_0084,8816,174.90012802122976,4.399514983918555,run_150
cosbounce_cos_0003,12923,174.89865487546393,8.956547362451158,run_150
cosbounce_cos_0077,12996,174.8985240895003,10.16584081814402,run_150
cosbounce_cos_0076,13450,174.89285412197833,13.683760783862903,run_150
cosbounce_cos_0039,20824,174.89003714203827,0.23252453312925694,run_150
cosbounce_cos_0063,15560,174.8883476668268,5.510361045502414,run_150
cosbounce_cos_0070,11589,174.88620452466319,59.43085009585962,run_150
cosbounce_cos_0039,14632,174.88101277749112,152.6445237882342,run_150
cosbounce_cos_0014,15847,174.87975616606371,12.420984162029157,run_150
cosbounce_cos_0040,4207,174.87916487794345,8.448476106933393,run_150
cosbounce_cos_0069,11900,174.87864844354206,4.67172600364625,run_150
cosbounce_cos_0083,3682,174.8780306408564,5.862920695124279,run_150
cosbounce_cos_0042,21190,174.87339227505308,6.558017666573752,run_150
cosbounce_cos_0019,10040,174.8732980981757,14.956198338747098,run_150
cosbounce_cos_0021,15539,174.87276309085493,2.579533503453743,run_150
cosbounce_cos_0069,21720,174.8700416685647,26.922696982827283,run_150
cosbounce_cos_0045,14134,174.86949345387444,7.265048344946441,run_150
cosbounce_cos_0073,9010,174.86766893592608,14.56205667993946,run_150
cosbounce_cos_0040,19662,174.8662770188931,3.1630561909189994,run_150
cosbounce_cos_0023,17194,174.86495709121434,9.19589912835622,run_150
cosbounce_cos_0040,14783,174.86347423593327,3.904400560281461,run_150
cosbounce_cos_0008,12485,174.861603877455,26.6501969549703,run_150
cosbounce_cos_0007,7154,174.85970584106855,21.13861365757203,run_150
cosbounce_cos_0014,5886,174.8584503397266,27.920136356662702,run_150
cosbounce_cos_0073,6977,174.85431106131733,20.569707634192994,run_150
cosbounce_cos_0037,1854,174.85428646346827,13.429060307434401,run_150
cosbounce_cos_0075,20594,174.85395440011604,12.555243993786767,run_150
cosbounce_cos_0042,10371,174.85334306867264,13.644996592201492,run_150
cosbounce_cos_0023,1558,174.852598776597,4.908026111934227,run_150
cosbounce_cos_0082,7676,174.8503100543563,5.476366155666944,run_150
cosbounce_cos_0041,12811,174.8499661856939,1.0870593140704055,run_150
cosbounce_cos_0023,8430,174.84892979508157,2.3604132227106707,run_150
cosbounce_cos_0040,17978,174.84860871395662,11.56434153879826,run_150
cosbounce_cos_0043,21833,174.84664622409463,5.411480943810086,run_150
cosbounce_cos_0077,1543,174.8457591352456,1.2152747728209876,run_150
cosbounce_cos_0050,13328,174.84572140073104,6.4622664681889646,run_150
cosbounce_cos_0028,9483,174.84455279601335,2.6402183021000534,run_150
cosbounce_cos_0067,12902,174.8435992332407,28.2754667860962,run_150
cosbounce_cos_0067,6765,174.84346248270464,0.1881355486178909,run_150
cosbounce_cos_0085,1302,174.84328265459484,10.119945186068946,run_150
cosbounce_cos_0041,8844,174.84241687630433,0.5343528391208096,run_150
cosbounce_cos_0026,328,174.84224244981368,7.225096288460721,run_150
cosbounce_cos_0069,6219,174.83757502358796,2.3220079905957833,run_150
cosbounce_cos_0060,18702,174.8343131471768,12.10589796917166,run_150
cosbounce_cos_0055,17557,174.8333535320789,12.8805617695225,run_150
cosbounce_cos_0025,12474,174.83265687993367,12.575404050575251,run_150
cosbounce_cos_0077,1422,174.83249852905556,12.391263315902956,run_150
cosbounce_cos_0047,19511,174.8297544416041,3.39379044638983,run_150
cosbounce_cos_0048,7334,174.82816465397786,1.4502049548278217,run_150
cosbounce_cos_0009,21968,174.826926417361,9.772607355862354,run_150
cosbounce_cos_0025,11459,174.82039908195992,3.7946846236716985,run_150
cosbounce_cos_0051,10628,174.81945910718443,14.22953222091753,run_150
cosbounce_cos_0023,3514,174.81744673717543,0.775332929752524,run_150
cosbounce_cos_0032,12835,174.81553850158215,11.64296954801412,run_150
cosbounce_cos_0036,19261,174.8153865875138,18.395546138589275,run_150
cosbounce_cos_0017,21891,174.81477145514745,0.9517459002358529,run_150
cosbounce_cos_0047,6624,174.8124769763694,12.386209614658764,run_150
cosbounce_cos_0066,5177,174.80775676106296,24.572713481443895,run_150
cosbounce_cos_0046,12140,174.80176024116798,3.0221612148244583,run_150
cosbounce_cos_0080,5023,174.80055338128005,3.989619229515087,run_150
cosbounce_cos_0082,4156,174.80028757312942,3.5058667709219327,run_150
cosbounce_cos_0019,18308,174.8002235015475,4.979813114973002,run_150
cosbounce_cos_0014,2713,174.8001873590589,15.825423134847343,run_150
cosbounce_cos_0074,8992,174.79968453349792,2.0529869183371114,run_150
cosbounce_cos_0083,7971,174.79935071626898,11.882517317891626,run_150
cosbounce_cos_0064,16973,174.79908748746814,17.658948070778724,run_150
cosbounce_cos_0000,5565,174.79826559903324,8.326640685193146,run_150
cosbounce_cos_0074,14712,174.79308723485303,1.4127671412443388,run_150
cosbounce_cos_0022,19939,174.7929857731414,21.618535601412425,run_150
cosbounce_cos_0044,617,174.7923150784502,9.76173788187396,run_150
cosbounce_cos_0085,11186,174.79206088290465,4.594090756371295,run_150
cosbounce_cos_0035,15968,174.7912840785264,1.1545796130410624,run_150
cosbounce_cos_0084,6961,174.7908887351484,8.059340136133406,run_150
cosbounce_cos_0014,3570,174.789226785458,9.962699047865444,run_150
cosbounce_cos_0082,10506,174.7882934096163,1.9218815560445137,run_150
cosbounce_cos_0049,19484,174.78679180683605,10.34699668130635,run_150
cosbounce_cos_0044,9718,174.78665117514566,22.703093595609925,run_150
cosbounce_cos_0066,16876,174.78605433087023,4.264547843650337,run_150
cosbounce_cos_0076,3850,174.78355653330775,14.427713222885522,run_150
cosbounce_cos_0075,19562,174.78320150417034,40.56072165837352,run_150
cosbounce_cos_0047,5272,174.78028791241394,1.0566572940139034,run_150
cosbounce_cos_0067,13542,174.77726226058388,0.8160954988213779,run_150
cosbounce_cos_0052,1103,174.77722919028133,8.760475670775197,run_150
cosbounce_cos_0061,18576,174.77294009039946,3.4936461708767927,run_150
cosbounce_cos_0050,19297,174.77072508897803,5.292268488868693,run_150
cosbounce_cos_0050,9224,174.77046075289877,2.5410633448733786,run_150
cosbounce_cos_0044,13922,174.76830265564763,10.465979582920303,run_150
cosbounce_cos_0050,14539,174.76479189266294,20.376540738420005,run_150
cosbounce_cos_0067,22074,174.76409243794026,1.0136067228768055,run_150
cosbounce_cos_0044,18587,174.7635584832052,10.19189044828801,run_150
cosbounce_cos_0046,12720,174.76319832685044,13.632402584738546,run_150
cosbounce_cos_0005,5425,174.76276162588636,43.81942156390117,run_150
cosbounce_cos_0065,18161,174.76102735450118,9.901847478032064,run_150
cosbounce_cos_0032,393,174.7551849285098,10.40404110552767,run_150
cosbounce_cos_0073,19591,174.75339413511588,42.2990188665828,run_150
cosbounce_cos_0064,18161,174.74398384400763,10.805391549326497,run_150
cosbounce_cos_0016,6590,174.7407963962402,16.50198064119898,run_150
cosbounce_cos_0077,9573,174.7402884307059,2.9623386323634544,run_150
cosbounce_cos_0077,14635,174.73898646634436,19.944271449489605,run_150
cosbounce_cos_0054,6484,174.73752140204027,6.023572214997817,run_150
cosbounce_cos_0082,20919,174.7361826938308,15.634350532757306,run_150
cosbounce_cos_0018,11524,174.73446183114405,1.4427126523569227,run_150
cosbounce_cos_0009,6271,174.73429779997517,35.34160658096841,run_150
cosbounce_cos_0012,9377,174.73153375912747,67.90511558997517,run_150
cosbounce_cos_0066,21968,174.7284441567602,10.974452745684378,run_150
cosbounce_cos_0019,16161,174.7283845065125,11.934054568150248,run_150
cosbounce_cos_0011,9261,174.7257569971478,13.444383251315779,run_150
cosbounce_cos_0041,3090,174.72099327209858,119.13975641535568,run_150
cosbounce_cos_0052,9752,174.71941875050618,7.555602246982183,run_150
cosbounce_cos_0051,21649,174.71560260904673,3.0128630585293936,run_150
cosbounce_cos_0042,17747,174.71332726119573,287.52099074023164,run_150
cosbounce_cos_0037,281,174.71185556313242,30.33932285443714,run_150
cosbounce_cos_0051,14287,174.71143124992352,6.079312578665334,run_150
cosbounce_cos_0021,2817,174.71125620435578,7.487423620207216,run_150
cosbounce_cos_0062,16394,174.7056500303347,37.2505465656631,run_150
cosbounce_cos_0023,3526,174.70383978802306,18.917293584962643,run_150
cosbounce_cos_0081,16954,174.70253182390516,11.393478125370232,run_150
cosbounce_cos_0062,17247,174.6952850549036,4.980033627878017,run_150
cosbounce_cos_0008,13545,174.6925769737722,0.0070335156892807095,run_150
cosbounce_cos_0035,4542,174.69138446750225,24.548156699697472,run_150
cosbounce_cos_0036,20268,174.691075382444,5.936266688706949,run_150
cosbounce_cos_0065,6282,174.69096460190931,23.97025818864782,run_150
cosbounce_cos_0047,5303,174.69063740141553,0.4911499491538274,run_150
cosbounce_cos_0050,5978,174.68955250075763,13.248998252900071,run_150
cosbounce_cos_0046,17722,174.68952725589807,3.0575976683486323,run_150
cosbounce_cos_0042,20557,174.6884429189201,3.937412563615085,run_150
cosbounce_cos_0019,6258,174.68734380125525,12.812062055145475,run_150
cosbounce_cos_0042,8240,174.68512543169652,0.9952976496012543,run_150
cosbounce_cos_0078,6245,174.68252254613088,10.309235455391994,run_150
cosbounce_cos_0059,15746,174.67999538242327,18.566074459359832,run_150
cosbounce_cos_0061,2881,174.6798403082198,6.216381255305173,run_150
cosbounce_cos_0072,17829,174.6775791839524,3.2958660783084417,run_150
cosbounce_cos_0001,4525,174.67198871929205,11.159400343194351,run_150
cosbounce_cos_0060,11496,174.67062137628452,5.1188558816125544,run_150
cosbounce_cos_0039,10412,174.66770330610663,3.5001862849603413,run_150
cosbounce_cos_0053,14163,174.66468856145787,1.8153552528371448,run_150
cosbounce_cos_0001,9582,174.66354230257068,21.906043530718502,run_150
cosbounce_cos_0053,14361,174.66217838110268,4.918923356372685,run_150
cosbounce_cos_0050,6223,174.66179346201466,2.217880974566559,run_150
cosbounce_cos_0062,20445,174.65997533483718,15.356606171790071,run_150
cosbounce_cos_0063,10997,174.65076878545202,1.5108613029176265,run_150
cosbounce_cos_0037,7718,174.65024446486507,6.714799635447059,run_150
cosbounce_cos_0045,22163,174.64983807922582,1.139537593892076,run_150
cosbounce_cos_0027,8003,174.64923165003722,3.7065800867167282,run_150
cosbounce_cos_0008,19171,174.64499356093646,6.363445932250894,run_150
cosbounce_cos_0074,21400,174.64484408126657,32.40367712725217,run_150
cosbounce_cos_0014,13442,174.64343994398678,12.308185772893607,run_150
cosbounce_cos_0081,8917,174.64337411693194,9.322373590506354,run_150
cosbounce_cos_0061,9648,174.6415875278424,101.12683208999022,run_150
cosbounce_cos_0045,1132,174.64061041787537,2.5289418234640455,run_150
cosbounce_cos_0012,6323,174.63821561305514,2.335543580621165,run_150
cosbounce_cos_0039,5343,174.63815753033265,14.6690309434784,run_150
cosbounce_cos_0020,850,174.6374568057806,135.39783659141673,run_150
cosbounce_cos_0082,17642,174.63739139291704,2.0074584405995584,run_150
cosbounce_cos_0079,11809,174.63228321475572,3.20185146023389,run_150
cosbounce_cos_0035,10609,174.63202555295143,15.675684325135665,run_150
cosbounce_cos_0003,5237,174.631805213048,5.650971276554745,run_150
cosbounce_cos_0067,14231,174.6307469322687,42.33796397180657,run_150
cosbounce_cos_0077,18015,174.6287827381754,17.27820855468051,run_150
cosbounce_cos_0031,22165,174.62744538168477,7.2143509514551,run_150
cosbounce_cos_0033,19516,174.62690125037273,14.016985347350886,run_150
cosbounce_cos_0071,2777,174.6241712563689,11.19911178571343,run_150
cosbounce_cos_0033,4187,174.62058220685574,180.8369603594765,run_150
cosbounce_cos_0062,7002,174.61923442987796,0.6342484796861666,run_150
cosbounce_cos_0028,9477,174.6181406080552,0.3062529663404403,run_150
cosbounce_cos_0073,13130,174.61789740893445,6.938234379969923,run_150
cosbounce_cos_0035,10010,174.61653045098322,7.929892490274101,run_150
cosbounce_cos_0049,7298,174.61533379085301,29.041078406434828,run_150
cosbounce_cos_0053,5640,174.61504963951268,23.579350325659533,run_150
cosbounce_cos_0063,18485,174.61366194203737,19.510109059353685,run_150
cosbounce_cos_0023,18575,174.60798768587628,46.16887748128755,run_150
cosbounce_cos_0005,11361,174.60497274983848,7.153267375792938,run_150
cosbounce_cos_0000,10316,174.60154031660588,1.104717350515509,run_150
cosbounce_cos_0030,5481,174.59957509621788,3.249750873420783,run_150
cosbounce_cos_0037,7435,174.5947392847987,4.559300241493743,run_150
cosbounce_cos_0014,6863,174.59335633248176,15.65253948878608,run_150
cosbounce_cos_0085,18016,174.58552146385034,8.486288970182413,run_150
cosbounce_cos_0072,4241,174.58472465028618,0.03545944756305209,run_150
cosbounce_cos_0043,3274,174.5816515727256,37.83343239592306,run_150
cosbounce_cos_0053,6457,174.58104775029642,0.6217446784813973,run_150
cosbounce_cos_0018,17598,174.57980776253908,10.246063808794842,run_150
cosbounce_cos_0032,18437,174.57947060112403,14.372022764533131,run_150
cosbounce_cos_0056,4945,174.57924611157782,4.767219829054176,run_150
cosbounce_cos_0072,21603,174.57892828155158,23.379552607488037,run_150
cosbounce_cos_0005,3656,174.57096272371376,34.81828242695811,run_150
cosbounce_cos_0072,15906,174.5704177462157,9.357036575579766,run_150
cosbounce_cos_0032,14562,174.5616591133411,0.8633059600129025,run_150
cosbounce_cos_0011,3304,174.56082172735668,8.209171119093815,run_150
cosbounce_cos_0054,4736,174.55528490351637,6.1226524665982165,run_150
cosbounce_cos_0042,10332,174.55425090457123,8.765095394990505,run_150
cosbounce_cos_0050,114,174.55092051441716,19.39105773910847,run_150
cosbounce_cos_0070,12656,174.5495438605755,1.4501602155434279,run_150
cosbounce_cos_0029,1382,174.54744766395703,4.261949309378845,run_150
cosbounce_cos_0081,12580,174.5460120307646,8.388309322091228,run_150
cosbounce_cos_0005,14854,174.544983975009,9.517878444008266,run_150
cosbounce_cos_0050,17688,174.54494357131298,5.804281741437515,run_150
cosbounce_cos_0061,1181,174.54390144560702,10.021533842154888,run_150
cosbounce_cos_0028,14348,174.5407091752803,4.051286629130973,run_150
cosbounce_cos_0019,15640,174.53941616250225,19.699278082564742,run_150
cosbounce_cos_0036,14121,174.53522714220165,6.597441220057137,run_150
cosbounce_cos_0068,5631,174.53362899179177,4.250402054665693,run_150
cosbounce_cos_0005,11517,174.53357897264144,8.825395359995218,run_150
cosbounce_cos_0056,20174,174.53286007334216,17.304557046772157,run_150
cosbounce_cos_0071,16324,174.53146507911475,18.989719837081623,run_150
cosbounce_cos_0056,7660,174.5265716289493,3.26958107440457,run_150
cosbounce_cos_0061,15144,174.52236631183035,2.7866636372937017,run_150
cosbounce_cos_0077,5712,174.5095692926794,22.131813922188346,run_150
cosbounce_cos_0047,12174,174.50766006822593,30.019165418685557,run_150
cosbounce_cos_0006,5140,174.50630923876167,7.7666890517856135,run_150
cosbounce_cos_0083,10156,174.50344810410405,0.2438012187541477,run_150
cosbounce_cos_0074,15867,174.50173393758251,19.89512942691138,run_150
cosbounce_cos_0008,11093,174.5009723762099,7.935690690671271,run_150
cosbounce_cos_0034,10870,174.49576132218775,9.53362553480047,run_150
cosbounce_cos_0032,20093,174.4946827132342,5.460399523279297,run_150
cosbounce_cos_0029,7004,174.49415822961328,4.7942666517568515,run_150
cosbounce_cos_0024,11090,174.49358587633765,20.004379440642644,run_150
cosbounce_cos_0018,20954,174.49357059729323,1.3578745874299312,run_150
cosbounce_cos_0060,21693,174.49033342257061,17.435614197078937,run_150
cosbounce_cos_0000,19030,174.4894395645247,1.731067360190325,run_150
cosbounce_cos_0031,19466,174.4873979581502,6.903714681843037,run_150
cosbounce_cos_0012,19554,174.48724414868514,3.8600129693401968,run_150
cosbounce_cos_0017,14528,174.4835084124117,4.149723343668514,run_150
cosbounce_cos_0001,3633,174.48197055145303,15.29328497741599,run_150
cosbounce_cos_0049,12180,174.48136274146597,5.181663832119355,run_150
cosbounce_cos_0085,5784,174.48094555384515,1.1289289475334932,run_150
cosbounce_cos_0054,911,174.48007562777437,0.8251159589386077,run_150
cosbounce_cos_0082,14473,174.4757990455442,0.582468134137896,run_150
cosbounce_cos_0018,9481,174.4751664260253,6.11112162155029,run_150
cosbounce_cos_0025,21815,174.47437908648095,9.465933164509561,run_150
cosbounce_cos_0018,1189,174.47421859661546,7.60837997125936,run_150
cosbounce_cos_0069,7775,174.4741836190462,1.5776205273973611,run_150
cosbounce_cos_0056,8553,174.47130306074763,28.28073829193475,run_150
cosbounce_cos_0024,2765,174.46805821272707,11.862443459444641,run_150
cosbounce_cos_0040,21665,174.46614837497233,4.181980809975705,run_150
cosbounce_cos_0072,15,174.46184742356638,2.1517257498484605,run_150
cosbounce_cos_0085,9003,174.46165088972916,12.527008749684923,run_150
cosbounce_cos_0023,8542,174.4616128471073,0.13852251099766755,run_150
cosbounce_cos_0004,18852,174.4601298399204,5.367830170295956,run_150
cosbounce_cos_0055,17824,174.45942040130348,2.2566414780890818,run_150
cosbounce_cos_0058,15614,174.45809733073352,15.98756353123462,run_150
cosbounce_cos_0042,14840,174.4575094649575,14.228292022656596,run_150
cosbounce_cos_0045,6802,174.4546135508283,11.038012337355532,run_150
cosbounce_cos_0007,6715,174.45458387093979,1.5827187001417937,run_150
cosbounce_cos_0059,11327,174.45399080410604,4.087520805251463,run_150
cosbounce_cos_0020,192,174.4536471406912,130.60566980738648,run_150
cosbounce_cos_0032,16141,174.45346335819752,10.76316981497505,run_150
cosbounce_cos_0062,16827,174.44936710737792,13.168017786305088,run_150
cosbounce_cos_0028,1876,174.44682422160383,7.313180455780195,run_150
cosbounce_cos_0017,11953,174.4467614556017,2.1068472647943794,run_150
cosbounce_cos_0067,3350,174.44138885034806,13.767178229674437,run_150
cosbounce_cos_0042,22411,174.43227862406943,7.2715882929386275,run_150
cosbounce_cos_0062,3827,174.4322073962281,25.091021859247444,run_150
cosbounce_cos_0041,10780,174.4319041734701,33.67318004786262,run_150
cosbounce_cos_0020,20852,174.42917051856404,1.3695813446171028,run_150
cosbounce_cos_0004,17997,174.42426999475902,3.96609157781306,run_150
cosbounce_cos_0014,555,174.42408152737627,5.788468436234907,run_150
cosbounce_cos_0065,2157,174.42003179896082,13.482500148170121,run_150
cosbounce_cos_0002,11010,174.41927346688195,31.2264564355246,run_150
cosbounce_cos_0036,14222,174.4173267980202,11.675492613810004,run_150
cosbounce_cos_0055,5167,174.41283645947584,4.654718494544223,run_150
cosbounce_cos_0055,10634,174.40924190334033,11.26484767621319,run_150
cosbounce_cos_0082,18584,174.40721242921146,2.667041555957314,run_150
cosbounce_cos_0035,9508,174.40600044435914,2.7413234527413093,run_150
cosbounce_cos_0071,17529,174.4045373707337,6.02356595185341,run_150
cosbounce_cos_0037,6954,174.40098378062805,18.828153411179546,run_150
cosbounce_cos_0073,2996,174.4007213478807,2.071518870176853,run_150
cosbounce_cos_0015,7926,174.3992054511054,21.218108006943805,run_150
cosbounce_cos_0017,11498,174.39551369820902,10.406606938631665,run_150
cosbounce_cos_0048,6846,174.39368270799878,7.87998619609619,run_150
cosbounce_cos_0045,1964,174.3894278804457,6.639786436568802,run_150
cosbounce_cos_0016,17394,174.38935111246124,10.005487815170724,run_150
cosbounce_cos_0040,9979,174.3888583705193,23.97476597141165,run_150
cosbounce_cos_0026,16655,174.38679288983752,7.137661598950987,run_150
cosbounce_cos_0036,12184,174.3779571330679,1.4613758651562778,run_150
cosbounce_cos_0070,2637,174.37795219312432,24.654661318838308,run_150
cosbounce_cos_0021,20478,174.37381645920502,8.275738877990891,run_150
cosbounce_cos_0079,9575,174.37289762084274,12.695453462679614,run_150
cosbounce_cos_0010,10373,174.36717362283528,7.035851747151257,run_150
cosbounce_cos_0014,17506,174.36683729430612,8.855013038320722,run_150
cosbounce_cos_0016,8575,174.36628313624644,5.471757169742948,run_150
cosbounce_cos_0046,6622,174.36433393196546,2.6930312555230964,run_150
cosbounce_cos_0062,15090,174.36244342164787,13.4247818583875,run_150
cosbounce_cos_0046,21269,174.36144193256752,9.999312575654903,run_150
cosbounce_cos_0082,4472,174.36046585876105,5.036458616644349,run_150
cosbounce_cos_0063,6142,174.35621365718012,5.85604212894849,run_150
cosbounce_cos_0052,5074,174.35139334291807,14.370122136399033,run_150
cosbounce_cos_0013,11738,174.35049953696156,22.49213179843802,run_150
cosbounce_cos_0005,6655,174.34892513254275,1.351794142320806,run_150
cosbounce_cos_0055,852,174.3488166460941,0.14412892645544562,run_150
cosbounce_cos_0077,18479,174.3485318326856,15.789171315841864,run_150
cosbounce_cos_0004,3850,174.34164344668997,11.231886806876476,run_150
cosbounce_cos_0039,19551,174.3294445988018,15.520623405366067,run_150
cosbounce_cos_0058,19789,174.32178409584324,7.945967319834052,run_150
cosbounce_cos_0018,17182,174.32140669711322,14.39535781901594,run_150
cosbounce_cos_0063,16689,174.3188964935355,11.967287639128068,run_150
cosbounce_cos_0038,22377,174.31599281545434,109.1860108863803,run_150
cosbounce_cos_0059,7825,174.31172892075335,12.844487412374562,run_150
cosbounce_cos_0069,4077,174.3108036757259,19.499742155322725,run_150
cosbounce_cos_0036,14077,174.30945437307446,10.628866441474488,run_150
cosbounce_cos_0004,16427,174.30851725093854,1.2216937887696366,run_150
cosbounce_cos_0077,1891,174.30588865990072,3.5861556804709362,run_150
cosbounce_cos_0030,18320,174.30521423378752,0.13231437554381922,run_150
cosbounce_cos_0031,16588,174.29788040587906,2.060012382117403,run_150
cosbounce_cos_0063,20092,174.29261190982513,5.314551771303825,run_150
cosbounce_cos_0035,20356,174.29113202567035,4.740545200351538,run_150
cosbounce_cos_0063,17478,174.28776087295026,24.871801746063788,run_150
cosbounce_cos_0067,5832,174.28719038598913,5.893787844867479,run_150
cosbounce_cos_0003,3703,174.2830453495455,8.551496545666483,run_150
cosbounce_cos_0059,9123,174.28214731352557,0.23171741808763333,run_150
cosbounce_cos_0009,15597,174.28176920411175,18.51397539021749,run_150
cosbounce_cos_0062,3379,174.28073965050078,2.8143622027946815,run_150
cosbounce_cos_0059,13891,174.27979146208872,15.227162174885168,run_150
cosbounce_cos_0000,5191,174.27826854910214,10.962349103728075,run_150
cosbounce_cos_0073,19284,174.27707563427785,25.450500718655064,run_150
cosbounce_cos_0017,14486,174.27589146796092,219.93882346448868,run_150
cosbounce_cos_0043,9091,174.270457147664,5.475903221329909,run_150
cosbounce_cos_0005,9948,174.2699084883706,0.6942483388489639,run_150
cosbounce_cos_0061,15113,174.26937883772507,6.089493603055484,run_150
cosbounce_cos_0085,4055,174.26817219350568,6.716592181950245,run_150
cosbounce_cos_0020,7956,174.26799324709378,8.619095642284972,run_150
cosbounce_cos_0037,4776,174.26656744766578,2.843691055920163,run_150
cosbounce_cos_0076,6430,174.26611878887883,18.152096971219418,run_150
cosbounce_cos_0065,4078,174.26538335424627,17.32549591846305,run_150
cosbounce_cos_0015,292,174.26528107319064,2.0301001075840834,run_150
cosbounce_cos_0007,6030,174.26246161886056,0.8067518017254596,run_150
cosbounce_cos_0056,16598,174.2616785855064,3.736803746003981,run_150
cosbounce_cos_0043,19707,174.26055123641967,10.618410117790466,run_150
cosbounce_cos_0000,7840,174.2599205545041,7.140975604609248,run_150
cosbounce_cos_0019,20959,174.25628361016342,4.707933149189274,run_150
cosbounce_cos_0040,7505,174.25530193057975,1.726156393807644,run_150
cosbounce_cos_0004,17792,174.25343357103972,1.5198493393157981,run_150
cosbounce_cos_0051,7176,174.25188702547572,302.28272115976694,run_150
cosbounce_cos_0028,11753,174.2513961800951,17.53964580757263,run_150
cosbounce_cos_0030,16851,174.25024107248834,0.6198766830447737,run_150
cosbounce_cos_0052,18416,174.24798016707246,11.52860905935672,run_150
cosbounce_cos_0000,4165,174.24571178154258,4.224927986495989,run_150
cosbounce_cos_0071,13607,174.24479094009453,100.72189049508457,run_150
cosbounce_cos_0051,16575,174.2433234184644,0.2772280532536988,run_150
cosbounce_cos_0042,18761,174.24106676020966,1.7782290206841875,run_150
cosbounce_cos_0039,926,174.24076169745823,2.12999850183003,run_150
cosbounce_cos_0056,17566,174.23683453041454,14.005887040634732,run_150
cosbounce_cos_0012,11815,174.23005888612352,10.493540528095405,run_150
cosbounce_cos_0046,2879,174.2240997886823,1.7762273623660751,run_150
cosbounce_cos_0067,7112,174.22389574797467,20.950181960530838,run_150
cosbounce_cos_0051,15,174.22170626933408,398.9176484869786,run_150
cosbounce_cos_0060,17009,174.2203338536775,12.098190757722888,run_150
cosbounce_cos_0023,5963,174.2124938548241,18.695332465534545,run_150
cosbounce_cos_0008,10807,174.21224066998562,4.082152046528048,run_150
cosbounce_cos_0042,20541,174.2107771402217,13.93231342169047,run_150
cosbounce_cos_0049,7824,174.2076505611183,50.25000353152351,run_150
cosbounce_cos_0041,15915,174.2068161233742,1.3580395829387208,run_150
cosbounce_cos_0069,8411,174.20636167099235,9.875779952059405,run_150
cosbounce_cos_0079,6440,174.19534644768117,7.472398271988963,run_150
cosbounce_cos_0086,8526,174.19006150286023,150.39860099782888,run_150
cosbounce_cos_0016,3259,174.18274936290325,1.7835390915751306,run_150
cosbounce_cos_0036,12349,174.18265928386745,31.421074668017948,run_150
cosbounce_cos_0043,10647,174.1776815927298,17.426206885549462,run_150
cosbounce_cos_0069,17114,174.17639871307586,7.135229144023917,run_150
cosbounce_cos_0013,17326,174.17548394633423,0.386547010017856,run_150
cosbounce_cos_0041,17536,174.17530954974424,2.342664001833656,run_150
cosbounce_cos_0033,17109,174.17036822139394,10.100813067050597,run_150
cosbounce_cos_0052,3469,174.1682859542704,22.48946052464524,run_150
cosbounce_cos_0062,2204,174.15963531301676,4.021060020878909,run_150
cosbounce_cos_0054,16995,174.15800709655082,10.5872208046757,run_150
cosbounce_cos_0023,7293,174.1566778533619,129.53151517513263,run_150
cosbounce_cos_0000,6045,174.15308290862058,10.925631642061232,run_150
cosbounce_cos_0081,11774,174.15060778126107,1.3342268386980405,run_150
cosbounce_cos_0020,20484,174.15050463899357,2.0878591943766547,run_150
cosbounce_cos_0075,7119,174.14794250797982,10.432466896436969,run_150
cosbounce_cos_0077,17668,174.14664985391133,3.060963832354073,run_150
cosbounce_cos_0039,6171,174.14580061287873,7.929916386164413,run_150
cosbounce_cos_0023,470,174.143130036739,182.84901246956395,run_150
cosbounce_cos_0028,6980,174.13848444982514,6.878727715959025,run_150
cosbounce_cos_0071,2236,174.1367733140558,13.76654699086492,run_150
cosbounce_cos_0022,16860,174.13373428439402,33.87827387483896,run_150
cosbounce_cos_0001,3152,174.13319562450798,17.873192695542603,run_150
cosbounce_cos_0043,8250,174.13038412372563,4.163891248320879,run_150
cosbounce_cos_0075,6669,174.12850811360437,3.7576401935287196,run_150
cosbounce_cos_0069,3138,174.12741099246315,2.501843499987779,run_150
cosbounce_cos_0016,16649,174.12332846304793,1.7595662922765898,run_150
cosbounce_cos_0078,17250,174.1220133922672,0.12842666268637631,run_150
cosbounce_cos_0078,10240,174.12182221596788,16.786921527160548,run_150
cosbounce_cos_0011,11428,174.1197074972649,12.511464518861152,run_150
cosbounce_cos_0031,14611,174.1152887784034,192.2644680513463,run_150
cosbounce_cos_0016,3893,174.11376270054672,27.357494786853394,run_150
cosbounce_cos_0077,1514,174.1128642315607,206.4471212665694,run_150
cosbounce_cos_0076,20796,174.11003458927502,11.96178685592708,run_150
cosbounce_cos_0005,4243,174.10817142757463,4.7702746652062675,run_150
cosbounce_cos_0037,11700,174.1076987400657,1.798346019781107,run_150
cosbounce_cos_0042,19980,174.10479004929928,20.104466783330956,run_150
cosbounce_cos_0016,8111,174.10444539225722,12.519297293084138,run_150
cosbounce_cos_0083,11563,174.10086977508413,17.238786851259913,run_150
cosbounce_cos_0023,17516,174.1008025778708,6.412156808881582,run_150
cosbounce_cos_0011,5631,174.0996141585261,17.678665514504015,run_150
cosbounce_cos_0064,5532,174.09924198629002,25.54381333274585,run_150
cosbounce_cos_0021,4169,174.09711097530013,1.1505728658559107,run_150
cosbounce_cos_0064,2540,174.09646854817987,7.462333658881562,run_150
cosbounce_cos_0003,19279,174.0954610935733,3.1295115633551127,run_150
cosbounce_cos_0061,19592,174.09469611687828,6.025840688178224,run_150
cosbounce_cos_0017,3714,174.09437525221827,10.152180228631195,run_150
cosbounce_cos_0054,4827,174.09364915436493,4.422982312161197,run_150
cosbounce_cos_0014,18222,174.09317893462372,10.665491353872726,run_150
cosbounce_cos_0079,8419,174.0759136501481,7.8893167084835545,run_150
cosbounce_cos_0031,8385,174.07371200346267,0.352181039653244,run_150
cosbounce_cos_0058,3565,174.0732192534498,3.5989658714226365,run_150
cosbounce_cos_0082,15251,174.07268851472134,14.853587986879054,run_150
cosbounce_cos_0084,6597,174.06435009610456,15.62754546290577,run_150
cosbounce_cos_0069,4006,174.06208628237033,25.232908021954728,run_150
cosbounce_cos_0017,1026,174.0549325973583,3.09654743301894,run_150
cosbounce_cos_0025,8051,174.05016260592834,9.51186544539328,run_150
cosbounce_cos_0016,2654,174.0478988934161,7.427500678839438,run_150
cosbounce_cos_0065,19504,174.04771293455644,1.825989770643568,run_150
cosbounce_cos_0003,18372,174.03710642794135,14.92190339817858,run_150
cosbounce_cos_0027,15167,174.03657185847746,2.4621374049906337,run_150
cosbounce_cos_0009,19885,174.0364793479245,25.25118907802826,run_150
cosbounce_cos_0072,14486,174.03420586688014,10.447860363861098,run_150
cosbounce_cos_0040,3844,174.03300639318996,4.651503053568417,run_150
cosbounce_cos_0031,1983,174.0327740980718,14.487012235950564,run_150
cosbounce_cos_0086,6811,174.03154844647912,3.86369949731199,run_150
cosbounce_cos_0052,15080,174.03023795803514,119.09358486235459,run_150
cosbounce_cos_0020,19577,174.02581406859701,0.5921667042280003,run_150
cosbounce_cos_0039,4102,174.025164800962,8.553281957567847,run_150
cosbounce_cos_0079,4484,174.0230124329709,7.4410650366560755,run_150
cosbounce_cos_0031,21665,174.02293780143123,2.9799581008262286,run_150
cosbounce_cos_0080,21371,174.02193817341464,0.8017179470939788,run_150
cosbounce_cos_0061,18225,174.0203000146445,3.1944171843907085,run_150
cosbounce_cos_0069,19207,174.01702986255026,10.831939120387519,run_150
cosbounce_cos_0040,10272,174.01650992885732,20.74676763274663,run_150
cosbounce_cos_0013,22171,174.00437063019206,9.694430942712613,run_150
cosbounce_cos_0008,2221,174.0033756585987,12.451110612889664,run_150
cosbounce_cos_0028,8743,174.0019829436185,2.080461587549527,run_150
cosbounce_cos_0034,8861,173.99982053491445,179.215332596096,run_150
cosbounce_cos_0071,17949,173.99952563600422,10.930185913388431,run_150
cosbounce_cos_0028,21029,173.9819033077172,41.873473284770085,run_150
cosbounce_cos_0040,21276,173.9808377188456,16.365465133162136,run_150
cosbounce_cos_0057,16394,173.9787159766502,4.16547664388035,run_150
cosbounce_cos_0073,11302,173.9780535727787,6.3493858344159255,run_150
cosbounce_cos_0073,19248,173.97550116253868,4.047734267007885,run_150
cosbounce_cos_0028,11366,173.97511849603256,11.271941589301282,run_150
cosbounce_cos_0065,14624,173.97188578267742,200.44671915065015,run_150
cosbounce_cos_0013,15989,173.96823170987867,0.2671155235155143,run_150
cosbounce_cos_0024,16510,173.9681520714282,0.7876073963880003,run_150
cosbounce_cos_0065,8355,173.96796403186673,6.854939383550892,run_150
cosbounce_cos_0053,22162,173.96676942277685,4.329467686721429,run_150
cosbounce_cos_0060,5448,173.96225368594722,0.5314073572124155,run_150
cosbounce_cos_0031,3429,173.96046525908577,0.24898685155005826,run_150
cosbounce_cos_0071,8874,173.95517955257466,3.29638082474295,run_150
cosbounce_cos_0059,18732,173.95480107931112,5.034985299318135,run_150
cosbounce_cos_0075,13899,173.9500340815342,9.54730312538691,run_150
cosbounce_cos_0044,1146,173.94126791367407,2.4497656106920704,run_150
cosbounce_cos_0067,10739,173.93730103682867,67.978470005166,run_150
cosbounce_cos_0033,6885,173.93666726959077,16.71032587270239,run_150
cosbounce_cos_0009,8004,173.93490135344,5.795791885324285,run_150
cosbounce_cos_0079,17671,173.93294090398703,4.553171719390886,run_150
cosbounce_cos_0049,10021,173.93126378768247,41.66139306577892,run_150
cosbounce_cos_0023,6969,173.927823894573,10.239389072344792,run_150
cosbounce_cos_0017,8697,173.9258419227905,13.607434180772774,run_150
cosbounce_cos_0006,16400,173.9253001848586,6.751946028323016,run_150
cosbounce_cos_0063,886,173.92266919794756,1.5024550429347292,run_150
cosbounce_cos_0027,5296,173.9221235403198,0.7791812922177085,run_150
cosbounce_cos_0016,20165,173.9196101588682,2.6796989820001005,run_150
cosbounce_cos_0050,13000,173.91525808946156,4.756817347870588,run_150
cosbounce_cos_0004,22128,173.9141627557436,2.8902598393953,run_150
cosbounce_cos_0041,12054,173.91268875539737,9.973000167105477,run_150
cosbounce_cos_0081,2221,173.90996324960466,8.858179346107798,run_150
cosbounce_cos_0000,21871,173.90751873700947,4.314259981820363,run_150
cosbounce_cos_0009,3050,173.90187814726306,18.652543970671537,run_150
cosbounce_cos_0084,17498,173.89937575386898,11.041084931318945,run_150
cosbounce_cos_0035,10323,173.8879157903255,2.5750022845370695,run_150
cosbounce_cos_0002,20093,173.8828838108872,8.138828272188162,run_150
cosbounce_cos_0004,16921,173.8811848490416,425.65121808461606,run_150
cosbounce_cos_0050,5680,173.8810752487672,27.0283105308059,run_150
cosbounce_cos_0057,6299,173.87996579485463,19.482452275520842,run_150
cosbounce_cos_0072,16463,173.87467186387985,22.56280153992798,run_150
cosbounce_cos_0023,9831,173.87452263782876,3.199899296849513,run_150
cosbounce_cos_0026,11676,173.86932516794175,6.3188877323422075,run_150
cosbounce_cos_0033,18554,173.86677948760448,12.279457028857511,run_150
cosbounce_cos_0075,1516,173.86094503406625,1.2740814195025494,run_150
cosbounce_cos_0037,20515,173.86086469931197,1.9104521870238773,run_150
cosbounce_cos_0086,7052,173.8581489194246,5.41613960494857,run_150
cosbounce_cos_0016,20967,173.85774128538282,37.30016899170342,run_150
cosbounce_cos_0020,11294,173.856936110474,3.7977312665324745,run_150
cosbounce_cos_0029,5715,173.85418642590759,24.194164719996138,run_150
cosbounce_cos_0085,16530,173.84364693557978,25.94329933111119,run_150
cosbounce_cos_0014,20529,173.84089096617458,196.61727759741183,run_150
cosbounce_cos_0073,18272,173.83821818314456,154.11555885540886,run_150
cosbounce_cos_0030,12538,173.83517010160614,57.383668522901814,run_150
cosbounce_cos_0080,12519,173.83284553091008,10.064836105099568,run_150
cosbounce_cos_0069,1422,173.83268507292664,6.243502103304422,run_150
cosbounce_cos_0029,12044,173.82728429588323,4.998607354784647,run_150
cosbounce_cos_0035,120,173.82473203238413,15.714789147647636,run_150
cosbounce_cos_0070,12496,173.82367809624176,4.616409250999511,run_150
cosbounce_cos_0078,8938,173.82029263854625,0.9258169720955227,run_150
cosbounce_cos_0067,7695,173.81624453179165,158.57722614912976,run_150
cosbounce_cos_0021,19344,173.81232801668267,47.530896042305066,run_150
cosbounce_cos_0080,10473,173.81143704795454,27.352851210256276,run_150
cosbounce_cos_0078,20578,173.81080165975186,14.446068964974156,run_150
cosbounce_cos_0065,2961,173.80895669589805,1.9907053510572716,run_150
cosbounce_cos_0065,18949,173.80279610972119,9.33340355507579,run_150
cosbounce_cos_0016,7992,173.8022562809919,4.011690414290146,run_150
cosbounce_cos_0010,12358,173.80152175610615,3.014065286407478,run_150
cosbounce_cos_0022,7174,173.7966542994409,4.096393967270421,run_150
cosbounce_cos_0004,19725,173.79418896707824,0.8241201747294548,run_150
cosbounce_cos_0021,9289,173.79180611191958,1.1078493886714829,run_150
cosbounce_cos_0017,17090,173.7893337966255,6.4906312895165605,run_150
cosbounce_cos_0013,18168,173.78862572773147,0.4275007735149075,run_150
cosbounce_cos_0068,11240,173.78517488173233,41.475012001810484,run_150
cosbounce_cos_0059,5314,173.7829767055828,5.3244341939668365,run_150
cosbounce_cos_0055,15602,173.78046784750018,5.398161474712322,run_150
cosbounce_cos_0002,22145,173.77864876331392,4.839398738936993,run_150
cosbounce_cos_0051,6822,173.77205385606888,68.43612532625426,run_150
cosbounce_cos_0009,13428,173.7712902376307,15.373575142581638,run_150
cosbounce_cos_0043,4076,173.77044896782047,7.944175467340548,run_150
cosbounce_cos_0074,2401,173.7702461645687,24.41457845023166,run_150
cosbounce_cos_0030,9829,173.7669739651055,17.191217941947183,run_150
cosbounce_cos_0019,2741,173.76534495664336,4.621578169330452,run_150
cosbounce_cos_0019,16124,173.76479356365252,8.813499760996056,run_150
cosbounce_cos_0028,10502,173.7629974978309,79.53955180658645,run_150
cosbounce_cos_0062,2556,173.75561713019803,10.322268739575023,run_150
cosbounce_cos_0078,8661,173.75290789106805,4.993252365850803,run_150
cosbounce_cos_0034,21429,173.75216302596527,1.9743422015105945,run_150
cosbounce_cos_0034,11606,173.74837833230808,9.99555073537074,run_150
cosbounce_cos_0044,3022,173.74693629596769,1.024509670393933,run_150
cosbounce_cos_0069,3686,173.74402319881057,21.577554873838654,run_150
cosbounce_cos_0047,14359,173.74226370681262,6.025589301566443,run_150
cosbounce_cos_0026,14672,173.7420920499407,16.245371962867868,run_150
cosbounce_cos_0054,14618,173.73978176550625,14.497524801542534,run_150
cosbounce_cos_0009,17718,173.73439974962747,9.301159335984083,run_150
cosbounce_cos_0084,8102,173.72641860656452,3.4303489762549204,run_150
cosbounce_cos_0031,8028,173.7234186832107,8.345105044142988,run_150
cosbounce_cos_0019,20895,173.71505684916286,0.8889339420744877,run_150
cosbounce_cos_0071,6818,173.71418259154228,5.761270343652119,run_150
cosbounce_cos_0024,9019,173.71239341128765,0.18387518719598142,run_150
cosbounce_cos_0059,16287,173.7091227555064,6.411420020014561,run_150
cosbounce_cos_0008,11208,173.70687176595513,17.667096168019675,run_150
cosbounce_cos_0028,9332,173.699501544446,1.7210701190377617,run_150
cosbounce_cos_0011,7629,173.69659192326404,54.69979355572434,run_150
cosbounce_cos_0070,9604,173.69553740978597,18.104354792797047,run_150
cosbounce_cos_0031,15539,173.6935214509757,30.966068369581002,run_150
cosbounce_cos_0007,10268,173.69322990733593,3.630505764217216,run_150
cosbounce_cos_0052,18997,173.69110785054465,12.58500982521109,run_150
cosbounce_cos_0076,18856,173.68870727173768,2.6892780109666483,run_150
cosbounce_cos_0035,8425,173.68776274902254,3.584860780122395,run_150
cosbounce_cos_0048,7856,173.68620147532354,0.11088080815742728,run_150
cosbounce_cos_0015,17748,173.68429967546112,4.513858696317746,run_150
cosbounce_cos_0053,18343,173.6814937421158,18.051641422118873,run_150
cosbounce_cos_0034,11970,173.67655893207035,6.333558943970446,run_150
cosbounce_cos_0077,13849,173.6742196398745,37.197640450918335,run_150
cosbounce_cos_0044,13356,173.6739793465905,37.05886870590799,run_150
cosbounce_cos_0078,16912,173.67295087579768,8.531351645838962,run_150
cosbounce_cos_0007,352,173.67250068329398,0.9455807439438999,run_150
cosbounce_cos_0059,15107,173.66790333595452,13.42263911751119,run_150
cosbounce_cos_0002,19129,173.66568053030994,32.165389958989174,run_150
cosbounce_cos_0065,19795,173.66502483759473,1.3372529388282532,run_150
cosbounce_cos_0078,11245,173.65170594220183,2.4002166136132916,run_150
cosbounce_cos_0031,905,173.64886052379225,14.95418533149118,run_150
cosbounce_cos_0026,3231,173.64760716041445,4.899293562847173,run_150
cosbounce_cos_0056,13085,173.64650481365595,3.2534256770088503,run_150
cosbounce_cos_0006,3764,173.64649648371895,1.0192525216750337,run_150
cosbounce_cos_0002,7752,173.6412772018714,142.72483503772898,run_150
cosbounce_cos_0007,9272,173.6404323781374,4.730330429308438,run_150
cosbounce_cos_0049,10011,173.63887240768352,17.73868861776095,run_150
cosbounce_cos_0061,5905,173.63249849758438,13.832690173038857,run_150
cosbounce_cos_0064,15764,173.63157429986293,3.043015811314496,run_150
cosbounce_cos_0038,11702,173.63134056987496,1.1863526225957317,run_150
cosbounce_cos_0016,7338,173.63041810351731,6.98988762047496,run_150
cosbounce_cos_0053,9219,173.62434678943777,4.436461941964148,run_150
cosbounce_cos_0029,7822,173.62322266807732,3.6173377273856886,run_150
cosbounce_cos_0005,10812,173.62304984354572,2.9133211969267,run_150
cosbounce_cos_0059,16252,173.61844115079853,16.074143500322652,run_150
cosbounce_cos_0051,14798,173.61660179151104,5.494658555677567,run_150
cosbounce_cos_0057,7560,173.6145674520524,26.824338236986243,run_150
cosbounce_cos_0011,6592,173.61323161693696,5.006206815150229,run_150
cosbounce_cos_0082,12329,173.61243708811423,12.10400248907459,run_150
cosbounce_cos_0064,8431,173.6114409083807,30.300763413336465,run_150
cosbounce_cos_0042,4006,173.60842704784346,8.858497588600834,run_150
cosbounce_cos_0010,4219,173.60330756789753,17.51674139757639,run_150
cosbounce_cos_0025,15865,173.60297314809915,5.703026841950366,run_150
cosbounce_cos_0047,14156,173.60145691428605,13.251535468659162,run_150
cosbounce_cos_0018,443,173.60131804197044,25.966697436847053,run_150
cosbounce_cos_0013,1753,173.5951071047409,16.366488426353822,run_150
cosbounce_cos_0034,518,173.59161083536918,4.203468459179022,run_150
cosbounce_cos_0039,2316,173.5896264187819,8.260873283162121,run_150
cosbounce_cos_0022,14436,173.58826956134394,2.4433333027477557,run_150
cosbounce_cos_0069,16341,173.58792998968318,18.445934298488773,run_150
cosbounce_cos_0017,7877,173.58722783959172,17.090333329147647,run_150
cosbounce_cos_0081,8361,173.58096870579587,7.194775909594762,run_150
cosbounce_cos_0047,2453,173.5703766645483,9.681790831455686,run_150
cosbounce_cos_0000,6162,173.57015264111996,6.513856827844626,run_150
cosbounce_cos_0068,17848,173.56952407136063,2.6802413620938896,run_150
cosbounce_cos_0010,14139,173.56878824265237,23.10794393473378,run_150
cosbounce_cos_0050,9029,173.56485182274056,0.8219159537807612,run_150
cosbounce_cos_0063,8491,173.56396230042986,12.711162580894706,run_150
cosbounce_cos_0006,17514,173.56142700045072,5.703162520832877,run_150
cosbounce_cos_0003,9973,173.55353306871856,10.80309037911332,run_150
cosbounce_cos_0059,2826,173.54965664041575,13.943762958870224,run_150
cosbounce_cos_0055,201,173.54962909600545,2.3099722471315545,run_150
cosbounce_cos_0029,17470,173.54816650027942,31.25416566978478,run_150
cosbounce_cos_0039,21007,173.5460409659712,21.781062467771843,run_150
cosbounce_cos_0056,12624,173.54029324652464,0.08556580480284913,run_150
cosbounce_cos_0071,5136,173.53913129353225,18.246547824398537,run_150
cosbounce_cos_0076,19049,173.53779145107032,14.536962113612754,run_150
cosbounce_cos_0009,17563,173.52986242688488,10.3804338215532,run_150
cosbounce_cos_0078,20548,173.52710655270832,3.951890583517958,run_150
cosbounce_cos_0010,5653,173.5249756307246,5.646483154859313,run_150
cosbounce_cos_0019,5452,173.5168148347535,12.841895038012062,run_150
cosbounce_cos_0047,19854,173.51600763279333,33.53766325108018,run_150
cosbounce_cos_0046,16064,173.51516168721506,383.5123288097313,run_150
cosbounce_cos_0064,20445,173.50946315019394,8.204225515288114,run_150
cosbounce_cos_0066,3818,173.50672500548296,0.3972814551577619,run_150
cosbounce_cos_0060,595,173.50336975007272,0.2702056199867494,run_150
cosbounce_cos_0077,21605,173.50039850486294,5.717497106988762,run_150
cosbounce_cos_0052,16189,173.5001092334004,100.43955096266613,run_150
cosbounce_cos_0037,2977,173.49425310888205,44.22385661824063,run_150
cosbounce_cos_0036,20,173.49280911663007,9.87332129107606,run_150
cosbounce_cos_0010,21059,173.49242147259855,5.290149783061518,run_150
cosbounce_cos_0059,21270,173.48862224861625,8.017366448392872,run_150
cosbounce_cos_0070,5056,173.48737957535286,1.2454318998847587,run_150
cosbounce_cos_0008,12330,173.48655511240727,2.1395224154129973,run_150
cosbounce_cos_0059,6773,173.48572797137166,95.9595453493327,run_150
cosbounce_cos_0064,6971,173.48429791955647,8.22601396000305,run_150
cosbounce_cos_0079,4906,173.4771912049238,10.63072219350102,run_150
cosbounce_cos_0029,1042,173.47562730327726,9.435187155102662,run_150
cosbounce_cos_0054,16981,173.46509416912468,16.35417622702534,run_150
cosbounce_cos_0061,11882,173.45732112090974,2.393173948714157,run_150
cosbounce_cos_0048,12054,173.45596066192948,20.135649364452338,run_150
cosbounce_cos_0043,14464,173.45557123546286,4.5259557683241685,run_150
cosbounce_cos_0018,20428,173.45314297277238,100.6742072963772,run_150
cosbounce_cos_0021,4271,173.4516930857821,10.022285694733423,run_150
cosbounce_cos_0054,897,173.44316204752624,5.1590055610122025,run_150
cosbounce_cos_0034,20610,173.43728613279663,38.46073937807435,run_150
cosbounce_cos_0058,6579,173.43694515517709,3.1077153685499708,run_150
cosbounce_cos_0032,14907,173.43611835886134,2.360062055429893,run_150
cosbounce_cos_0079,3912,173.4358894464688,1.5510291808794154,run_150
cosbounce_cos_0008,11865,173.43316949792342,9.017686830703918,run_150
cosbounce_cos_0005,16105,173.42865277906432,14.949697378593843,run_150
cosbounce_cos_0078,21011,173.42299625757002,1.1015187266835125,run_150
cosbounce_cos_0050,4979,173.4225688158745,132.69393240259393,run_150
cosbounce_cos_0008,14807,173.41970289124504,9.12588508601721,run_150
cosbounce_cos_0010,10586,173.41604499087262,19.47482019555766,run_150
cosbounce_cos_0081,11827,173.41559745641473,8.080878645905504,run_150
cosbounce_cos_0056,7752,173.41279784239688,23.70583814607393,run_150
cosbounce_cos_0039,17151,173.41261643076595,7.190815084382048,run_150
cosbounce_cos_0026,746,173.4031845832887,2.8545523993542226,run_150
cosbounce_cos_0022,6582,173.40104963031743,9.328353663660685,run_150
cosbounce_cos_0048,15434,173.39073514753593,6.3562728352918505,run_150
cosbounce_cos_0059,20318,173.39008080903793,8.62958263091061,run_150
cosbounce_cos_0013,10922,173.3876906448813,2.315117786641567,run_150
cosbounce_cos_0006,18555,173.38060627139419,17.353181264284817,run_150
cosbounce_cos_0014,6882,173.38031335681868,20.76404207322345,run_150
cosbounce_cos_0026,11505,173.368190116351,2.488619065415774,run_150
cosbounce_cos_0057,2042,173.36012036596944,11.861630829062241,run_150
cosbounce_cos_0065,14724,173.34849868050787,10.106942142228995,run_150
cosbounce_cos_0002,1179,173.34625047903208,5.265763993226517,run_150
cosbounce_cos_0075,11691,173.34297253395917,167.0478834171448,run_150
cosbounce_cos_0001,2027,173.33904321309933,4.688758409393817,run_150
cosbounce_cos_0028,22291,173.33411781110362,6.704012818341338,run_150
cosbounce_cos_0022,17695,173.33285352747467,17.86848038856734,run_150
cosbounce_cos_0028,12819,173.32683951538547,6.620316960680167,run_150
cosbounce_cos_0005,13520,173.3229106805192,2.3736328240977635,run_150
cosbounce_cos_0044,8145,173.3222432887878,7.71170319517642,run_150
cosbounce_cos_0069,14403,173.31855301200113,7.92102585388431,run_150
cosbounce_cos_0006,14711,173.31346982904617,4.543843551261752,run_150
cosbounce_cos_0038,12116,173.31239998594577,2.283507335251083,run_150
cosbounce_cos_0076,15416,173.31132520459064,15.249969703797596,run_150
cosbounce_cos_0035,11004,173.30818736528084,23.073577670276087,run_150
cosbounce_cos_0007,21611,173.3043321247664,4.293360927356524,run_150
cosbounce_cos_0048,21317,173.3040927041334,25.511258373538276,run_150
cosbounce_cos_0028,16618,173.30310919935803,25.768948124004094,run_150
cosbounce_cos_0005,8975,173.30060436752478,0.8031483220080187,run_150
cosbounce_cos_0028,7501,173.2855886706393,2.038162223017379,run_150
cosbounce_cos_0020,20943,173.2792555791055,0.42429579781055654,run_150
cosbounce_cos_0000,2573,173.27508287192106,8.142935566054224,run_150
cosbounce_cos_0033,19076,173.27349559489352,24.22482554034279,run_150
cosbounce_cos_0037,15106,173.2703759261245,6.991287083078747,run_150
cosbounce_cos_0012,17207,173.269762207948,15.895914149882941,run_150
cosbounce_cos_0006,13506,173.2685981342675,5.26471258472335,run_150
cosbounce_cos_0066,7708,173.26064706261081,13.210568000638805,run_150
cosbounce_cos_0079,21739,173.25482114818786,6.374429652684455,run_150
cosbounce_cos_0023,22028,173.2523069426946,41.29565660918879,run_150
cosbounce_cos_0000,3858,173.25011754083897,60.61485370845374,run_150
cosbounce_cos_0008,10431,173.24569923313186,1.5962564778197157,run_150
cosbounce_cos_0005,549,173.24394877553826,5.235562061315246,run_150
cosbounce_cos_0042,5709,173.24086109842256,3.1753804690784717,run_150
cosbounce_cos_0055,18042,173.23632323059795,6.259641708119289,run_150
cosbounce_cos_0036,16678,173.2321017291541,11.698259496870605,run_150
cosbounce_cos_0085,13495,173.23147803570015,7.275358666564104,run_150
cosbounce_cos_0012,2794,173.23051567771049,11.727462446688804,run_150
cosbounce_cos_0041,10497,173.22667727809142,2.40012447065544,run_150
cosbounce_cos_0057,12399,173.22622073613502,18.229282592462752,run_150
cosbounce_cos_0050,20055,173.22159483403016,7.8233871896095115,run_150
cosbounce_cos_0036,9958,173.2208066358887,26.416698975649517,run_150
cosbounce_cos_0068,7511,173.21956818668838,18.744670684961466,run_150
cosbounce_cos_0014,1388,173.21949410467184,1.5540683603017305,run_150
cosbounce_cos_0035,10652,173.21949234222754,10.710445220058308,run_150
cosbounce_cos_0022,19295,173.21746078747728,102.70818974307026,run_150
cosbounce_cos_0043,10140,173.2170108212544,6.8991026134570825,run_150
cosbounce_cos_0024,629,173.21654537101605,4.2755942031621315,run_150
cosbounce_cos_0024,16464,173.20797576426668,6.090869440458285,run_150
cosbounce_cos_0024,15605,173.20678719003973,1.5304701398041862,run_150
cosbounce_cos_0065,10910,173.2049374212783,29.140821895520826,run_150
cosbounce_cos_0006,15034,173.2042715459075,14.051077987726273,run_150
cosbounce_cos_0078,20775,173.19828292694228,9.799561689626032,run_150
cosbounce_cos_0079,1574,173.1941425635781,6.024154529507577,run_150
cosbounce_cos_0068,12005,173.19221129089047,7.0055030985462485,run_150
cosbounce_cos_0014,4665,173.19147216011393,7.79672809771436,run_150
cosbounce_cos_0061,14245,173.19057295161014,19.208217220698046,run_150
cosbounce_cos_0053,19210,173.18145127305021,7.7261046026057185,run_150
cosbounce_cos_0082,1188,173.18129605556334,5.553705051486246,run_150
cosbounce_cos_0035,4361,173.17989149989506,143.86388400800095,run_150
cosbounce_cos_0006,16249,173.1780365050941,6.808502948737046,run_150
cosbounce_cos_0016,14689,173.1641405345465,5.319148937443719,run_150
cosbounce_cos_0021,10973,173.16350972943195,7.405253415972708,run_150
cosbounce_cos_0066,13382,173.16290917064785,9.133620810430775,run_150
cosbounce_cos_0060,2537,173.15758243245338,15.912152622091394,run_150
cosbounce_cos_0039,15055,173.15667871463168,7.06863215317892,run_150
cosbounce_cos_0053,19682,173.15578276014378,4.331843088113876,run_150
cosbounce_cos_0010,14967,173.15364440962352,13.463827845916795,run_150
cosbounce_cos_0003,22205,173.1524862123211,3.405252900938375,run_150
cosbounce_cos_0042,9428,173.15005190273922,48.490555918446624,run_150
cosbounce_cos_0064,1657,173.14901239135241,3.6168295672880206,run_150
cosbounce_cos_0069,13081,173.14792389293308,4.565846284255898,run_150
cosbounce_cos_0031,15882,173.14560926572068,1.4401124003837933,run_150
cosbounce_cos_0011,3229,173.14263140981475,14.964992653256441,run_150
cosbounce_cos_0009,2597,173.1419487317767,5.372631975790607,run_150
cosbounce_cos_0004,9151,173.13756470564678,13.294121157213462,run_150
cosbounce_cos_0066,16241,173.13183645362645,6.284518329964033,run_150
cosbounce_cos_0058,19443,173.12679360741956,5.635070057431363,run_150
cosbounce_cos_0002,21826,173.12652706431857,0.24047665889845887,run_150
cosbounce_cos_0002,15852,173.12559145652932,19.566623054957862,run_150
cosbounce_cos_0035,4469,173.11854698678974,0.38712951130726997,run_150
cosbounce_cos_0032,14479,173.11261748559457,0.0766790708952615,run_150
cosbounce_cos_0016,13009,173.10953974155314,0.2522428661999675,run_150
cosbounce_cos_0073,6434,173.10739271413877,0.638203955546187,run_150
cosbounce_cos_0048,7626,173.10670268843057,0.7610872905347803,run_150
cosbounce_cos_0023,6882,173.105511228489,10.884348211810924,run_150
cosbounce_cos_0001,4384,173.10519253497392,9.464935801171572,run_150
cosbounce_cos_0023,20737,173.0997009159511,3.4447092130157504,run_150
cosbounce_cos_0071,16554,173.09921230672958,13.37186333847587,run_150
cosbounce_cos_0058,4219,173.09529083604093,8.345779974980404,run_150
cosbounce_cos_0031,15786,173.09201610615096,14.374885386112506,run_150
cosbounce_cos_0062,19159,173.0905661764097,8.685481281244744,run_150
cosbounce_cos_0066,11904,173.07997513621228,6.8212495833333575,run_150
cosbounce_cos_0047,18023,173.0641695878687,95.90733714861958,run_150
cosbounce_cos_0058,12839,173.05836417123356,13.765809936232959,run_150
cosbounce_cos_0084,1883,173.05714412802604,238.658585322163,run_150
cosbounce_cos_0033,5545,173.05437528909692,5.315844392049573,run_150
cosbounce_cos_0008,268,173.05305597463092,14.338655090509993,run_150
cosbounce_cos_0030,6863,173.05099852808593,7.857233221595379,run_150
cosbounce_cos_0053,4406,173.05082590679115,14.295113088583582,run_150
cosbounce_cos_0002,18644,173.05036256969544,81.69982187714004,run_150
cosbounce_cos_0011,11186,173.0487397897693,5.986241620016086,run_150
cosbounce_cos_0070,10724,173.04470605252249,12.795879214636495,run_150
cosbounce_cos_0054,7453,173.04115441732358,8.58062191757521,run_150
cosbounce_cos_0068,22287,173.03741684273436,111.88716917952938,run_150
cosbounce_cos_0041,3477,173.0348008579988,11.34699631655159,run_150
cosbounce_cos_0009,20900,173.03359375218497,20.840027028312555,run_150
cosbounce_cos_0003,10577,173.03162496936608,122.2086592424217,run_150
cosbounce_cos_0069,5152,173.02483894596142,38.895791860038,run_150
cosbounce_cos_0009,12467,173.02264518224885,7.435037097975914,run_150
cosbounce_cos_0078,816,173.01541797540872,18.35482838680503,run_150
cosbounce_cos_0020,8511,173.01530587235825,3.214554060072682,run_150
cosbounce_cos_0049,1879,173.01072309957215,15.479437842572134,run_150
cosbounce_cos_0034,15678,173.0097766834988,6.406724065419523,run_150
cosbounce_cos_0074,19268,173.00346561579752,0.04783900653843201,run_150
cosbounce_cos_0055,6081,173.002966590832,9.711218791938652,run_150
cosbounce_cos_0086,1116,173.00025573069485,10.402307720124073,run_150
cosbounce_cos_0007,8672,172.99339672426342,90.78825988061364,run_150
cosbounce_cos_0018,18772,172.9926299570316,4.199390101768586,run_150
cosbounce_cos_0048,11554,172.98047718734236,20.043971053707974,run_150
cosbounce_cos_0000,18420,172.97984464302,7.90097605647299,run_150
cosbounce_cos_0024,2337,172.9767805529612,0.7681413641209331,run_150
cosbounce_cos_0078,21837,172.97342956718865,3.5031363673815874,run_150
cosbounce_cos_0077,19879,172.9608518349511,23.89865036373132,run_150
cosbounce_cos_0066,13593,172.9585812295148,54.68693718656165,run_150
cosbounce_cos_0063,13807,172.95663777862745,23.202756613942906,run_150
cosbounce_cos_0017,14099,172.94998667676057,6.423252591132974,run_150
cosbounce_cos_0027,5598,172.94996506202025,6.246273544930603,run_150
cosbounce_cos_0030,13885,172.94975093796174,65.82340903462938,run_150
cosbounce_cos_0073,12777,172.94523398028514,17.63372690073165,run_150
cosbounce_cos_0019,18854,172.93595009628115,4.5873247740437195,run_150
cosbounce_cos_0043,13949,172.9354620832989,1.6169626029416935,run_150
cosbounce_cos_0003,21176,172.93503510338402,12.327357697528223,run_150
cosbounce_cos_0043,11387,172.93138631626167,48.69082038210398,run_150
cosbounce_cos_0011,12548,172.92424462860737,18.915818817839885,run_150
cosbounce_cos_0026,7596,172.9239747486781,59.36429519532341,run_150
cosbounce_cos_0038,11444,172.92182538583876,0.00818581790619049,run_150
cosbounce_cos_0025,5450,172.920857283276,5.301407089250992,run_150
cosbounce_cos_0006,7386,172.91708982292053,59.06430857305537,run_150
cosbounce_cos_0033,4313,172.91520680482063,1.5827302343623184,run_150
cosbounce_cos_0039,12217,172.91443280372152,30.770534896394405,run_150
cosbounce_cos_0079,4950,172.9096905108758,38.38610735374489,run_150
cosbounce_cos_0053,10419,172.90612760873492,49.66545427041195,run_150
cosbounce_cos_0029,6972,172.90325891890333,8.148864266938014,run_150
cosbounce_cos_0009,9633,172.90213026221804,4.753504375405673,run_150
cosbounce_cos_0051,15844,172.8984771576877,7.953507663664621,run_150
cosbounce_cos_0000,14862,172.89219977124475,8.155260054665572,run_150
cosbounce_cos_0041,9803,172.8906441999051,6.951031219559148,run_150
cosbounce_cos_0038,13890,172.88525041539086,12.22906351221487,run_150
cosbounce_cos_0081,8963,172.87294107873467,8.339285153706667,run_150
cosbounce_cos_0085,13001,172.8711587830953,77.0241627271152,run_150
cosbounce_cos_0017,4115,172.86789149470582,12.157437944816005,run_150
cosbounce_cos_0044,7882,172.86608173928755,2.8904815557698296,run_150
cosbounce_cos_0050,2980,172.8631860034431,8.24873220096893,run_150
cosbounce_cos_0020,9099,172.86040744432648,18.34181731742651,run_150
cosbounce_cos_0030,17086,172.8577839701452,22.290367097408893,run_150
cosbounce_cos_0067,19303,172.85711190972816,37.37287613203402,run_150
cosbounce_cos_0045,19258,172.85698239465202,88.37068256855865,run_150
cosbounce_cos_0011,4577,172.85426755725496,10.75294781556956,run_150
cosbounce_cos_0020,21652,172.85016049995875,4.679783105217453,run_150
cosbounce_cos_0004,14949,172.8480183038853,7.7541831690816725,run_150
cosbounce_cos_0039,10419,172.83676477565268,9.418557531851395,run_150
cosbounce_cos_0085,20707,172.8354086180093,26.785883348245836,run_150
cosbounce_cos_0030,969,172.82677364608386,4.571180779585174,run_150
cosbounce_cos_0021,6055,172.8224789287071,29.613476579923223,run_150
cosbounce_cos_0060,21300,172.82005417451757,7.137529242800458,run_150
cosbounce_cos_0078,17157,172.81849213428893,9.400201966718225,run_150
cosbounce_cos_0066,20085,172.81702432927818,21.153360484397247,run_150
cosbounce_cos_0018,3278,172.814426980469,4.411759262766775,run_150
cosbounce_cos_0080,6319,172.80958057536682,4.131937959443344,run_150
cosbounce_cos_0075,5840,172.80369779371273,5.7913688547381685,run_150
cosbounce_cos_0000,14141,172.7981923762886,11.937118342464377,run_150
cosbounce_cos_0008,4127,172.7978376354709,8.689691293251084,run_150
cosbounce_cos_0077,17165,172.79633518001455,11.676210067622256,run_150
cosbounce_cos_0021,3754,172.7929729549345,57.03807906563333,run_150
cosbounce_cos_0012,3516,172.78722990070614,9.521300678795114,run_150
cosbounce_cos_0016,178,172.77992683533256,8.342370015681938,run_150
cosbounce_cos_0021,3233,172.77817707198113,200.07016065340966,run_150
cosbounce_cos_0047,139,172.7567744166521,1.8640032449073138,run_150
cosbounce_cos_0083,6797,172.75597258525198,18.39092196188249,run_150
cosbounce_cos_0045,12519,172.75586942347473,3.9021118268002555,run_150
cosbounce_cos_0041,16965,172.7466259031143,3.7641770840769238,run_150
cosbounce_cos_0018,13089,172.74421619127753,4.388780573625496,run_150
cosbounce_cos_0084,11394,172.74249816370974,11.622656425153409,run_150
cosbounce_cos_0013,13448,172.74244193505203,5.381835407198749,run_150
cosbounce_cos_0052,18865,172.73807341931095,44.24713297868792,run_150
cosbounce_cos_0057,21405,172.7378408363865,3.901235901104986,run_150
cosbounce_cos_0077,8279,172.73581890026037,236.65589166633842,run_150
cosbounce_cos_0080,6563,172.73300310716408,232.27373325309958,run_150
cosbounce_cos_0059,5309,172.7309211411771,12.967941099006776,run_150
cosbounce_cos_0025,3582,172.73018055310794,377.3162380609382,run_150
cosbounce_cos_0028,5364,172.72968087534824,22.25161475409625,run_150
cosbounce_cos_0030,21307,172.71396622937553,13.680865868078092,run_150
cosbounce_cos_0045,273,172.71175511925077,10.886737027694949,run_150
cosbounce_cos_0005,4166,172.70413135980735,233.91158508514997,run_150
cosbounce_cos_0065,16435,172.69640638942116,119.56925196037164,run_150
cosbounce_cos_0022,20793,172.69462007276886,83.42865458471171,run_150
cosbounce_cos_0035,9984,172.6943435835831,36.59456952459042,run_150
cosbounce_cos_0035,629,172.68211929091314,1.9184516466167576,run_150
cosbounce_cos_0032,20039,172.67033584448478,30.199439277311363,run_150
cosbounce_cos_0013,14884,172.67019748660343,4.286688158077,run_150
cosbounce_cos_0059,17041,172.6682432736188,16.64771848642824,run_150
cosbounce_cos_0049,967,172.6609970287695,16.242729590692043,run_150
cosbounce_cos_0052,15024,172.65891873930357,10.837664286762282,run_150
cosbounce_cos_0045,22104,172.64301434064618,7.913545148532674,run_150
cosbounce_cos_0009,7408,172.6325009563058,2.596810636817313,run_150
cosbounce_cos_0053,8030,172.631469039257,5.2492224686699815,run_150
cosbounce_cos_0075,18300,172.62760897181712,3.748143619002977,run_150
cosbounce_cos_0059,2470,172.6187836037745,20.178717268297493,run_150
cosbounce_cos_0005,20115,172.6149306412985,23.725428617054796,run_150
cosbounce_cos_0062,19150,172.61216093875984,22.592885681706317,run_150
cosbounce_cos_0019,2677,172.61140562209167,1.7894286048090327,run_150
cosbounce_cos_0035,2551,172.6086467387978,6.030257980023728,run_150
cosbounce_cos_0028,5401,172.60710309786703,19.741717406475274,run_150
cosbounce_cos_0061,4201,172.6052087374949,5.05066832550407,run_150
cosbounce_cos_0066,1862,172.59666445798806,9.944140197914823,run_150
cosbounce_cos_0038,3945,172.59613356242875,14.643744098247732,run_150
cosbounce_cos_0037,19460,172.59046716042846,26.640779916118323,run_150
cosbounce_cos_0020,17177,172.5835348564045,11.251356099368012,run_150
cosbounce_cos_0080,7037,172.58074319561263,152.02218330834103,run_150
cosbounce_cos_0041,21596,172.5674263664887,13.308120005797834,run_150
cosbounce_cos_0075,15449,172.56490621484215,7.79201408542694,run_150
cosbounce_cos_0036,5186,172.56003605515912,9.128522225588982,run_150
cosbounce_cos_0023,6215,172.55654224217352,14.465826356281944,run_150
cosbounce_cos_0049,18260,172.55653236208988,2.7534751708047125,run_150
cosbounce_cos_0052,1986,172.54959075115087,16.616752708815348,run_150
cosbounce_cos_0016,18512,172.5483770613592,17.64341972254861,run_150
cosbounce_cos_0011,12084,172.5444640042729,7.258337349181628,run_150
cosbounce_cos_0070,8582,172.5387701712715,72.9966897278423,run_150
cosbounce_cos_0032,10617,172.53758075226796,4.683869679637124,run_150
cosbounce_cos_0010,6393,172.53476698454404,5.929320117398417,run_150
cosbounce_cos_0080,13260,172.5272685694476,4.9743042583683765,run_150
cosbounce_cos_0028,18246,172.52333693721357,6.212306601841856,run_150
cosbounce_cos_0081,4153,172.52191705774194,240.26397277999865,run_150
cosbounce_cos_0054,7120,172.51306888886862,109.13466187544334,run_150
cosbounce_cos_0010,18707,172.50949492925102,1.2512974679981723,run_150
cosbounce_cos_0011,13599,172.50881790393055,10.503689570790984,run_150
cosbounce_cos_0061,19904,172.50189339430946,55.42166205295477,run_150
cosbounce_cos_0010,15470,172.49055993138595,1.651573438003487,run_150
cosbounce_cos_0015,19318,172.48990606253588,25.646663782068504,run_150
cosbounce_cos_0053,21443,172.4773052196191,1.7772274738855156,run_150
cosbounce_cos_0054,21721,172.46921364731347,5.307194302242995,run_150
cosbounce_cos_0007,4290,172.46800578616958,143.63961167624893,run_150
cosbounce_cos_0023,6639,172.4654630790234,5.263805855557524,run_150
cosbounce_cos_0064,12719,172.45757180102822,25.57399589245537,run_150
cosbounce_cos_0045,9801,172.4562238597641,0.30110463475068017,run_150
cosbounce_cos_0002,11117,172.44699305545103,6.196635255711201,run_150
cosbounce_cos_0049,16089,172.44638300121483,4.3680378307068315,run_150
cosbounce_cos_0024,17275,172.43423599536712,20.174505781774652,run_150
cosbounce_cos_0018,5544,172.43335465673883,48.58743834429103,run_150
cosbounce_cos_0085,15450,172.43325018808656,26.716546174660994,run_150
cosbounce_cos_0011,1203,172.43317211755237,0.9578695124329845,run_150
cosbounce_cos_0045,511,172.4323507061923,9.679640602681582,run_150
cosbounce_cos_0033,320,172.42722613331074,32.33518198882005,run_150
cosbounce_cos_0077,2872,172.4202663629084,9.230690314073115,run_150
cosbounce_cos_0025,7260,172.41879656214738,47.038256001982106,run_150
cosbounce_cos_0066,12964,172.4179022757838,123.57340509289759,run_150
cosbounce_cos_0083,16699,172.41501099713483,2.9270099962730782,run_150
cosbounce_cos_0001,11592,172.40889253047956,13.664653175463016,run_150
cosbounce_cos_0008,9433,172.40644278925657,3.3086338992622553,run_150
cosbounce_cos_0058,13999,172.40624511852613,51.24042935972236,run_150
cosbounce_cos_0074,14317,172.40498767650203,4.576958149099086,run_150
cosbounce_cos_0083,819,172.40303010035572,10.450451989999019,run_150
cosbounce_cos_0084,3279,172.40260256335569,8.022610145535012,run_150
cosbounce_cos_0028,3454,172.401107990674,41.69295800900104,run_150
cosbounce_cos_0012,1593,172.38911412874148,1.3016823973640048,run_150
cosbounce_cos_0085,11797,172.37842915409743,34.43320256537285,run_150
cosbounce_cos_0071,1066,172.36941976903415,21.523608841725164,run_150
cosbounce_cos_0074,1516,172.3660881657253,5.228736001868329,run_150
cosbounce_cos_0017,16057,172.36306779854306,3.5806317960224474,run_150
cosbounce_cos_0000,17419,172.35900799698967,16.436447403731513,run_150
cosbounce_cos_0048,11867,172.35758536080598,7.156233161953337,run_150
cosbounce_cos_0070,12667,172.3540627818847,15.55380652409246,run_150
cosbounce_cos_0054,13873,172.34727909201635,14.129928789720747,run_150
cosbounce_cos_0008,3282,172.34267278129417,4.100185971680287,run_150
cosbounce_cos_0019,7954,172.33702005796243,2.6276331523215495,run_150
cosbounce_cos_0065,17712,172.32625561669295,2.1227429391602266,run_150
cosbounce_cos_0079,2792,172.32126697437184,17.04788846384746,run_150
cosbounce_cos_0006,8048,172.3189477228181,3.6986647193882183,run_150
cosbounce_cos_0044,6859,172.3183693788505,6.438191107855952,run_150
cosbounce_cos_0004,5276,172.31504493909716,1.4635941554185852,run_150
cosbounce_cos_0046,11880,172.30628248398187,14.85655430098275,run_150
cosbounce_cos_0078,17500,172.30212296766052,7.311612349593212,run_150
cosbounce_cos_0074,13255,172.29660218097456,61.751573179941175,run_150
cosbounce_cos_0012,13893,172.29472736586888,47.72062540125361,run_150
cosbounce_cos_0048,13155,172.29399884118197,8.51197438811481,run_150
cosbounce_cos_0047,4107,172.28629765648793,12.524404934617406,run_150
cosbounce_cos_0086,7659,172.2811016735139,6.1105282903314135,run_150
cosbounce_cos_0010,1007,172.27878527815426,10.972631967397753,run_150
cosbounce_cos_0044,16284,172.27532237493716,2.9093055723007932,run_150
cosbounce_cos_0041,11652,172.27060112293768,3.3820993270399535,run_150
cosbounce_cos_0013,8511,172.25781757898028,170.19211389167793,run_150
cosbounce_cos_0046,20643,172.25322745678065,37.468850414845875,run_150
cosbounce_cos_0014,13015,172.24944228565406,9.331229935729793,run_150
cosbounce_cos_0075,14088,172.24797034375544,5.37037138886543,run_150
cosbounce_cos_0006,4518,172.24760587565888,19.593940048005184,run_150
cosbounce_cos_0046,6844,172.24613786596362,20.091102790312576,run_150
cosbounce_cos_0075,13784,172.2447641665675,5.982338885467151,run_150
cosbounce_cos_0026,2967,172.24117546827813,51.687933155372356,run_150
cosbounce_cos_0060,1915,172.2376224367083,4.451434478041643,run_150
cosbounce_cos_0086,8879,172.23150109128454,192.10557934196905,run_150
cosbounce_cos_0054,11591,172.2246641118736,10.101565808947791,run_150
cosbounce_cos_0056,15786,172.21783932913291,7.678210319304497,run_150
cosbounce_cos_0010,19827,172.216185158211,8.67298327223922,run_150
cosbounce_cos_0044,8770,172.2110745643688,18.28264868429617,run_150
cosbounce_cos_0068,12424,172.21076585518549,13.845267410852047,run_150
cosbounce_cos_0014,11727,172.21043321565003,6.438205021366666,run_150
cosbounce_cos_0081,18678,172.20741794017889,2.6941202631386996,run_150
cosbounce_cos_0082,13052,172.2041691310958,11.162343244227594,run_150
cosbounce_cos_0075,12619,172.2037492974061,6.7559213808444705,run_150
cosbounce_cos_0043,4182,172.20063623631242,176.13351379910404,run_150
cosbounce_cos_0084,496,172.19403186408744,30.435807574550225,run_150
cosbounce_cos_0059,18992,172.1930877544211,42.06753749111392,run_150
cosbounce_cos_0003,6318,172.17953926008556,7.899552057457432,run_150
cosbounce_cos_0021,17260,172.17897542621708,3.4800901146965835,run_150
cosbounce_cos_0069,3542,172.1733139109668,35.62730304725399,run_150
cosbounce_cos_0057,16243,172.17280471697353,63.17971639248813,run_150
cosbounce_cos_0081,8943,172.16954550476407,25.884950905271506,run_150
cosbounce_cos_0041,12991,172.16351078596418,38.56271260077007,run_150
cosbounce_cos_0046,14689,172.15505368053653,15.570439502599948,run_150
cosbounce_cos_0009,18599,172.15244895546726,10.202782683810819,run_150
cosbounce_cos_0060,899,172.148419245096,1.1410268899206322,run_150
cosbounce_cos_0007,6020,172.14829613820294,11.46151874527832,run_150
cosbounce_cos_0077,19885,172.14419702619057,236.7357218198478,run_150
cosbounce_cos_0000,18463,172.13860943812082,93.48747417662014,run_150
cosbounce_cos_0008,12343,172.1365839888514,12.180944672006031,run_150
cosbounce_cos_0065,14100,172.13508623280518,240.7614560135625,run_150
cosbounce_cos_0068,6493,172.127371484818,9.956273255476454,run_150
cosbounce_cos_0064,305,172.11103991450972,5.84844329403044,run_150
cosbounce_cos_0003,15738,172.10817030066207,3.213158925752648,run_150
cosbounce_cos_0058,10592,172.10180044218123,5.6990085823566865,run_150
cosbounce_cos_0046,1152,172.10132984196122,14.532694839331473,run_150
cosbounce_cos_0083,14401,172.084339944981,20.992877193599334,run_150
cosbounce_cos_0049,14669,172.06628056234885,20.090459607212903,run_150
cosbounce_cos_0030,4747,172.0653940660878,18.960565476227334,run_150
cosbounce_cos_0030,18700,172.05936471840823,12.32267091185347,run_150
cosbounce_cos_0067,6803,172.0522231489009,10.694720487442295,run_150
cosbounce_cos_0082,15521,172.05100679006327,13.063608284092027,run_150
cosbounce_cos_0075,11435,172.04754504410633,1.846039674177319,run_150
cosbounce_cos_0051,19111,172.04546442130734,25.042021077633756,run_150
cosbounce_cos_0075,21677,172.04543017317673,11.419151719674588,run_150
cosbounce_cos_0020,14309,172.04487296603756,4.295432706705256,run_150
cosbounce_cos_0000,7591,172.02593112827518,6.3601350545597715,run_150
cosbounce_cos_0000,11851,172.01456796244426,4.088416898016041,run_150
cosbounce_cos_0027,4446,172.01385269970555,1.6148526269109889,run_150
cosbounce_cos_0066,855,172.00944680448757,96.41210383206459,run_150
cosbounce_cos_0004,18394,172.00756121074434,14.336685390616497,run_150
cosbounce_cos_0007,20463,172.00387104570592,0.5128990269227942,run_150
cosbounce_cos_0003,11138,172.00107811386917,1.9164726523046345,run_150
cosbounce_cos_0022,20102,171.99752526300207,3.49427578094233,run_150
cosbounce_cos_0008,16521,171.9966405915829,9.031684214157881,run_150
cosbounce_cos_0007,13044,171.9775927941169,25.866061463573896,run_150
cosbounce_cos_0067,9789,171.9740496097521,1.6366344399073294,run_150
cosbounce_cos_0043,12772,171.9675192999177,3.4164137877352156,run_150
cosbounce_cos_0034,17341,171.957633115477,4.2646696854195545,run_150
cosbounce_cos_0076,6132,171.95537411389105,24.096888248410814,run_150
cosbounce_cos_0028,20054,171.94778711140364,28.118751267959812,run_150
cosbounce_cos_0042,13427,171.9474650845109,0.32318197423997785,run_150
cosbounce_cos_0024,13044,171.94613901250253,0.03450345739095834,run_150
cosbounce_cos_0052,13341,171.94396746348642,4.8669206362376904,run_150
cosbounce_cos_0082,12547,171.93085683996642,5.018163012732409,run_150
cosbounce_cos_0004,19894,171.92124778817998,9.21453355344557,run_150
cosbounce_cos_0086,7992,171.92015429500913,43.0994610320065,run_150
cosbounce_cos_0050,10846,171.91339234946892,13.917870860008033,run_150
cosbounce_cos_0011,20536,171.91250068595602,11.546278894505308,run_150
cosbounce_cos_0031,20680,171.89152024638915,37.24175273118688,run_150
cosbounce_cos_0018,6587,171.89016992655598,2.7603494391118186,run_150
cosbounce_cos_0001,2664,171.88948459203115,16.549117737763662,run_150
cosbounce_cos_0034,4296,171.8843777622866,10.123585828911658,run_150
cosbounce_cos_0080,19709,171.88097367043724,26.208342880958348,run_150
cosbounce_cos_0074,7196,171.87573032052993,122.27314054493716,run_150
cosbounce_cos_0041,18291,171.87271288145297,50.758050230158275,run_150
cosbounce_cos_0059,19674,171.8719770068079,17.144748217372946,run_150
cosbounce_cos_0046,9944,171.86813541517805,44.7584502510011,run_150
cosbounce_cos_0005,18860,171.86283724506677,7.8958956054084615,run_150
cosbounce_cos_0018,1477,171.860574830887,177.25708495257626,run_150
cosbounce_cos_0052,14138,171.85574020297435,128.6701098912947,run_150
cosbounce_cos_0069,11588,171.85386906871605,3.5570103798942982,run_150
cosbounce_cos_0057,10563,171.85312513135528,13.695978054397324,run_150
cosbounce_cos_0024,7589,171.85228023534987,50.19368966105686,run_150
cosbounce_cos_0041,9967,171.84758434077543,5.114815716503987,run_150
cosbounce_cos_0018,11503,171.84015238669855,3.689638223024423,run_150
cosbounce_cos_0036,19619,171.83881534111146,17.737733801506895,run_150
cosbounce_cos_0050,1022,171.82879018197016,207.8932917640141,run_150
cosbounce_cos_0037,21863,171.81025227307808,16.61347940219518,run_150
cosbounce_cos_0005,16617,171.80330290192862,4.5111163381234665,run_150
cosbounce_cos_0026,9647,171.80272713634378,14.814853835138006,run_150
cosbounce_cos_0072,11134,171.79444715059503,11.06915110098362,run_150
cosbounce_cos_0052,21275,171.7934688821446,303.1107197866623,run_150
cosbounce_cos_0032,20691,171.7875078987566,9.244236443279732,run_150
cosbounce_cos_0061,17431,171.77229869512644,128.68221999708572,run_150
cosbounce_cos_0051,9761,171.76947767717985,0.856229190330129,run_150
cosbounce_cos_0021,20978,171.76217455152815,12.387183557867248,run_150
cosbounce_cos_0063,12411,171.75596903359204,246.54814117383523,run_150
cosbounce_cos_0082,15157,171.72581380565035,6.442641636945737,run_150
cosbounce_cos_0056,2392,171.72413711672507,5.002098019495624,run_150
cosbounce_cos_0054,535,171.70833049542898,96.31465406803369,run_150
cosbounce_cos_0023,15750,171.69481489229787,3.146377656765164,run_150
cosbounce_cos_0068,15373,171.692333576289,1.6440698991176532,run_150
cosbounce_cos_0006,1569,171.6845285202802,10.618185182183167,run_150
cosbounce_cos_0021,18962,171.68095342650764,2.8157220918062795,run_150
cosbounce_cos_0085,7480,171.67386549123614,10.205267102504981,run_150
cosbounce_cos_0044,1362,171.66071255916486,5.455066819547831,run_150
cosbounce_cos_0076,2936,171.65496291686176,15.84661328991924,run_150
cosbounce_cos_0057,19737,171.64148442833414,1.7011032417875704,run_150
cosbounce_cos_0036,3988,171.6378315799864,12.88980029685543,run_150
cosbounce_cos_0031,10140,171.62999960930935,6.351761871885447,run_150
cosbounce_cos_0027,19160,171.6249051465094,5.054320602653281,run_150
cosbounce_cos_0015,17012,171.6210712836295,3.48069682702698,run_150
cosbounce_cos_0011,22476,171.61069127472385,90.46951554498399,run_150
cosbounce_cos_0042,16430,171.60880701446868,2.197236704825285,run_150
cosbounce_cos_0038,21375,171.6065735512862,70.68812504233756,run_150
cosbounce_cos_0062,15683,171.6049356153119,294.09832711570635,run_150
cosbounce_cos_0030,14151,171.59225804447684,4.423913225273298,run_150
cosbounce_cos_0072,5139,171.58867994036535,12.094490495123384,run_150
cosbounce_cos_0036,6522,171.58714366575774,2.162103984002313,run_150
cosbounce_cos_0055,13032,171.58488300860884,31.361753749641405,run_150
cosbounce_cos_0011,11678,171.58393928240105,1.1716697815356705,run_150
cosbounce_cos_0060,20708,171.57416354572035,160.4350609673108,run_150
cosbounce_cos_0024,9898,171.57113914987238,185.1263924247098,run_150
cosbounce_cos_0057,18317,171.56961334728587,1.4707535491637203,run_150
cosbounce_cos_0059,15730,171.5683319183163,250.5088668658012,run_150
cosbounce_cos_0053,17919,171.56052916252486,5.425523233045502,run_150
cosbounce_cos_0028,10903,171.56044931998915,6.397398015504151,run_150
cosbounce_cos_0030,8295,171.54529079569735,1.9475251727271012,run_150
cosbounce_cos_0036,14957,171.5425351500427,22.64454551284945,run_150
cosbounce_cos_0049,4324,171.53748703234317,67.76172277133654,run_150
cosbounce_cos_0015,20211,171.53383304652368,73.02138233062823,run_150
cosbounce_cos_0014,4322,171.53169832922424,35.407085078742135,run_150
cosbounce_cos_0058,7704,171.53166377197252,15.69898880576829,run_150
cosbounce_cos_0050,15335,171.53111144319124,17.544693252081128,run_150
cosbounce_cos_0032,4845,171.52824333733878,221.40235322675218,run_150
cosbounce_cos_0057,16174,171.52595344785215,0.7689593288587381,run_150
cosbounce_cos_0036,15184,171.514118067078,5.17429548837053,run_150
cosbounce_cos_0001,8594,171.5093346735415,3.229890774049647,run_150
cosbounce_cos_0000,14365,171.5093215215678,10.72194182811845,run_150
cosbounce_cos_0017,14419,171.50217486479173,10.20948682826977,run_150
cosbounce_cos_0059,20357,171.5016921495507,0.6979862994313134,run_150
cosbounce_cos_0059,8007,171.5011893223748,19.119966560268583,run_150
cosbounce_cos_0043,17071,171.50063847947374,2.241760660645018,run_150
cosbounce_cos_0038,4116,171.4984122254043,9.015443164775583,run_150
cosbounce_cos_0038,18114,171.49812401496462,35.59845268103393,run_150
cosbounce_cos_0026,17729,171.4954651185744,4.497021413920688,run_150
cosbounce_cos_0043,296,171.49404307171946,19.921069600159527,run_150
cosbounce_cos_0050,17870,171.48914781022685,31.205150476361,run_150
cosbounce_cos_0016,15465,171.4844336893657,39.46275790161674,run_150
cosbounce_cos_0038,6172,171.48151988729586,59.773206101866286,run_150
cosbounce_cos_0056,7928,171.48083489622533,74.28779822614932,run_150
cosbounce_cos_0061,15458,171.4755690989042,21.611575831751964,run_150
cosbounce_cos_0013,13743,171.47329438423088,10.22314958589398,run_150
cosbounce_cos_0058,1227,171.46478035905145,11.390230556093757,run_150
cosbounce_cos_0042,208,171.4641497614471,19.601566510355152,run_150
cosbounce_cos_0084,13855,171.46097539380733,11.697783926230276,run_150
cosbounce_cos_0084,6350,171.46093981351194,95.37425701831214,run_150
cosbounce_cos_0010,1917,171.45933416674896,13.730163786652037,run_150
cosbounce_cos_0047,8414,171.45560492043208,10.147421055705639,run_150
cosbounce_cos_0051,6549,171.4549321249152,4.74022432597462,run_150
cosbounce_cos_0048,3497,171.4492197747391,15.095098169871047,run_150
cosbounce_cos_0068,399,171.4489095808334,0.4696017644334034,run_150
cosbounce_cos_0017,12816,171.4456098786069,8.163532799497304,run_150
cosbounce_cos_0061,6873,171.44412286322017,5.5721469564504655,run_150
cosbounce_cos_0009,10531,171.44258202897686,9.011006324557124,run_150
cosbounce_cos_0057,5303,171.4381603174265,8.33617449038586,run_150
cosbounce_cos_0060,16668,171.43026166299103,0.44559828386038314,run_150
cosbounce_cos_0013,15970,171.4263715725189,0.4033269903600401,run_150
cosbounce_cos_0001,15768,171.41150672861934,44.09257691188932,run_150
cosbounce_cos_0021,20988,171.40947000840305,13.659482055797767,run_150
cosbounce_cos_0032,10473,171.4031661224571,67.61847196697846,run_150
cosbounce_cos_0047,20930,171.39519299536565,10.70788175632263,run_150
cosbounce_cos_0026,11680,171.37956748103392,2.259119232369306,run_150
cosbounce_cos_0036,17575,171.37906897835347,3.4437421927617193,run_150
cosbounce_cos_0035,8571,171.37794571363366,4.832519205686015,run_150
cosbounce_cos_0079,13942,171.3674094487648,8.409506048527383,run_150
cosbounce_cos_0037,5437,171.36515222585044,11.670136060307922,run_150
cosbounce_cos_0078,16973,171.36282452784351,0.4503855177117,run_150
cosbounce_cos_0078,8062,171.35855550201336,14.731232686734838,run_150
cosbounce_cos_0005,10233,171.3580949344852,11.26030278902507,run_150
cosbounce_cos_0001,11173,171.35458055582274,70.55916377944679,run_150
cosbounce_cos_0073,21130,171.3531374694978,16.225924230313236,run_150
cosbounce_cos_0032,12090,171.35185624902573,37.599017293016445,run_150
cosbounce_cos_0037,15864,171.34422345941695,2.991151666780799,run_150
cosbounce_cos_0048,11425,171.3379423146879,65.90896366746118,run_150
cosbounce_cos_0021,2329,171.32932098005364,18.677830883915785,run_150
cosbounce_cos_0042,10559,171.3220505761002,52.61612007069886,run_150
cosbounce_cos_0075,18943,171.3202389619105,24.689816588080465,run_150
cosbounce_cos_0013,9613,171.31544453521045,76.35182407460864,run_150
cosbounce_cos_0017,16918,171.31227887435352,62.79354575984868,run_150
cosbounce_cos_0055,5010,171.31147204939913,8.018857565564007,run_150
cosbounce_cos_0020,11330,171.30949685440805,2.833347461582593,run_150
cosbounce_cos_0051,7662,171.30654509378303,20.402145099198503,run_150
cosbounce_cos_0032,15544,171.3034229763618,12.931774567703162,run_150
cosbounce_cos_0015,10047,171.30219249483017,6.624305020052032,run_150
cosbounce_cos_0056,16193,171.28109303318595,9.965340139720585,run_150
cosbounce_cos_0061,3188,171.2698097268966,38.27728892692695,run_150
cosbounce_cos_0040,15792,171.2686722988234,41.61104636610452,run_150
cosbounce_cos_0027,17223,171.2672286316215,133.59812769597406,run_150
cosbounce_cos_0003,20085,171.2623668237814,196.2567029023778,run_150
cosbounce_cos_0063,22055,171.26104772221046,107.30456852572553,run_150
cosbounce_cos_0085,21531,171.25965047590165,4.751046025338902,run_150
cosbounce_cos_0025,12080,171.2569668845708,280.02387309106723,run_150
cosbounce_cos_0018,845,171.25411916493275,13.409912169785084,run_150
cosbounce_cos_0003,11221,171.25259358508276,11.9591494841597,run_150
cosbounce_cos_0006,3159,171.25146891548303,47.73792523493773,run_150
cosbounce_cos_0041,17371,171.24875649276927,178.5992370939186,run_150
cosbounce_cos_0044,7260,171.24772312951038,230.49061474677478,run_150
cosbounce_cos_0049,19449,171.24756664326517,12.037855822987964,run_150
cosbounce_cos_0034,8857,171.23909617432258,36.5400448795076,run_150
cosbounce_cos_0069,20720,171.23504959287015,37.78983135535806,run_150
cosbounce_cos_0063,4223,171.22996993930204,20.23675275900624,run_150
cosbounce_cos_0066,9615,171.22229009457277,5.055639752756775,run_150
cosbounce_cos_0074,3926,171.21520627532254,3.472089876819719,run_150
cosbounce_cos_0064,11831,171.21066567053103,8.309470120240054,run_150
cosbounce_cos_0039,14097,171.20247401409645,19.973262006195263,run_150
cosbounce_cos_0081,11252,171.19436247833707,6.959289154469408,run_150
cosbounce_cos_0006,19083,171.19251199206428,15.050239710473393,run_150
cosbounce_cos_0016,18922,171.18665897307784,10.07113957713853,run_150
cosbounce_cos_0083,9724,171.1785338617259,0.10096521611036208,run_150
cosbounce_cos_0045,20676,171.1760594249688,153.26514602190025,run_150
cosbounce_cos_0039,11699,171.17464282285735,3.9894058388767015,run_150
cosbounce_cos_0073,15094,171.1651431146917,111.74261191327038,run_150
cosbounce_cos_0062,18640,171.1544042533754,39.76579473178944,run_150
cosbounce_cos_0069,422,171.15377320381856,164.48353568557468,run_150
cosbounce_cos_0086,8657,171.144963746664,269.6922760048587,run_150
cosbounce_cos_0068,21147,171.13019688895946,16.612249893489018,run_150
cosbounce_cos_0057,17631,171.12767587209623,45.25705469093363,run_150
cosbounce_cos_0002,2873,171.12675781362265,6.379101549244581,run_150
cosbounce_cos_0044,12365,171.12317524277398,16.886572958236222,run_150
cosbounce_cos_0033,15263,171.12234220642253,10.048964656372277,run_150
cosbounce_cos_0015,19244,171.09611810468286,18.935491367213462,run_150
cosbounce_cos_0057,4605,171.09468143539056,18.092328227882454,run_150
cosbounce_cos_0044,1302,171.08689066313656,11.083065678012847,run_150
cosbounce_cos_0001,1869,171.08667126167688,10.978890374529206,run_150
cosbounce_cos_0012,237,171.08169613150193,16.23158501180557,run_150
cosbounce_cos_0056,14835,171.07349529944491,10.713065919117252,run_150
cosbounce_cos_0027,20626,171.0681159124655,113.94673962180647,run_150
cosbounce_cos_0055,9970,171.06709617812572,7.7171636562352255,run_150
cosbounce_cos_0064,6505,171.0612924221224,41.029543138095526,run_150
cosbounce_cos_0042,19320,171.05651418110392,3.770939283013665,run_150
cosbounce_cos_0052,13924,171.05444407117804,6.8996698694928185,run_150
cosbounce_cos_0031,7998,171.0501895481341,22.18635781079975,run_150
cosbounce_cos_0021,12161,171.04470656066647,2.7664108348984318,run_150
cosbounce_cos_0072,19575,171.03575528585841,5.36749695217539,run_150
cosbounce_cos_0079,12366,171.0324175207724,36.9966630729666,run_150
cosbounce_cos_0028,7994,171.02294197284823,6.397675539801548,run_150
cosbounce_cos_0076,8307,171.00262701726646,4.197244085702768,run_150
cosbounce_cos_0085,1956,170.9935753771866,5.81561970485051,run_150
cosbounce_cos_0058,21289,170.9912830715909,479.3003875904138,run_150
cosbounce_cos_0072,18690,170.98734036681589,4.700423663595052,run_150
cosbounce_cos_0058,3414,170.98035334608215,3.460806749052964,run_150
cosbounce_cos_0026,1288,170.96808738910707,5.1458614301223475,run_150
cosbounce_cos_0000,19959,170.9552825449187,2.8405243802826923,run_150
cosbounce_cos_0038,18612,170.94294308569093,166.83851370649268,run_150
cosbounce_cos_0050,4064,170.92268120388383,21.66356663655326,run_150
cosbounce_cos_0051,15549,170.92200592516875,2.063472545418578,run_150
cosbounce_cos_0019,16473,170.91555764833026,13.150838422038513,run_150
cosbounce_cos_0033,20214,170.91478480531885,10.191741670206136,run_150
cosbounce_cos_0030,14014,170.90751656219226,39.84521793766266,run_150
cosbounce_cos_0041,13937,170.90671160564509,3.7493306844807415,run_150
cosbounce_cos_0039,9652,170.90203747917963,13.52203052080653,run_150
cosbounce_cos_0034,5945,170.89003362171113,12.733298437799816,run_150
cosbounce_cos_0067,21890,170.88422255240525,2.2585132301102195,run_150
cosbounce_cos_0044,7662,170.87932651386092,11.515239188801695,run_150
cosbounce_cos_0083,7860,170.86426172555483,13.314195480769797,run_150
cosbounce_cos_0010,1265,170.85943199008432,7.136006782141518,run_150
cosbounce_cos_0033,10018,170.84581442558886,3.7001456356380524,run_150
cosbounce_cos_0075,12255,170.84152851773067,21.16974459591711,run_150
cosbounce_cos_0016,6618,170.83878108340474,54.67717574745465,run_150
cosbounce_cos_0026,20094,170.81099518807287,7.8310704435275085,run_150
cosbounce_cos_0026,7860,170.80960091732226,24.99665279662693,run_150
cosbounce_cos_0027,22407,170.7991363701351,25.567916188564816,run_150
cosbounce_cos_0053,18124,170.7988817985997,269.3613440282758,run_150
cosbounce_cos_0054,15933,170.7894105854693,8.83984903689433,run_150
cosbounce_cos_0083,13912,170.78170656020188,33.849556047754405,run_150
cosbounce_cos_0027,18385,170.78051503135566,122.8426813515069,run_150
cosbounce_cos_0043,11593,170.76690101080686,1.0010600396871228,run_150
cosbounce_cos_0058,21098,170.7603899786152,77.85677293082085,run_150
cosbounce_cos_0075,3011,170.74270671910062,8.957880760324956,run_150
cosbounce_cos_0023,21890,170.74030507240286,13.17215980813529,run_150
cosbounce_cos_0007,16855,170.73484900938067,3.03191881257411,run_150
cosbounce_cos_0055,9213,170.73150808674077,14.448323443146894,run_150
cosbounce_cos_0036,14629,170.72342245441936,17.079773719488905,run_150
cosbounce_cos_0046,15975,170.72243312913326,10.350495643547676,run_150
cosbounce_cos_0013,15838,170.69710442147993,88.78743204906031,run_150
cosbounce_cos_0035,8077,170.69195232601305,60.350219922987655,run_150
cosbounce_cos_0041,12438,170.69172353806798,7.111439169094846,run_150
cosbounce_cos_0075,14040,170.68419309367025,1.955786034052444,run_150
cosbounce_cos_0009,3123,170.68041285430522,48.13676724072122,run_150
cosbounce_cos_0026,19266,170.6800759176444,29.721374360512844,run_150
cosbounce_cos_0043,4140,170.66613757315312,25.707720667341874,run_150
cosbounce_cos_0031,14707,170.65067354538834,15.219895290195232,run_150
cosbounce_cos_0083,21701,170.6479549646403,11.259880327685927,run_150
cosbounce_cos_0067,8928,170.63585578905216,144.35023305317546,run_150
cosbounce_cos_0058,16879,170.63073359568546,15.008225340184845,run_150
cosbounce_cos_0073,10386,170.62985907478466,22.488683305450458,run_150
cosbounce_cos_0013,15352,170.62835683977147,7.103105872750956,run_150
cosbounce_cos_0018,11494,170.60777251848802,15.38474977682318,run_150
cosbounce_cos_0016,8366,170.59655332691813,175.7776072785799,run_150
cosbounce_cos_0086,1180,170.59049941020885,39.451313463994424,run_150
cosbounce_cos_0053,949,170.58452389658748,16.49108832098917,run_150
cosbounce_cos_0078,14917,170.56650921304364,4.421415567280205,run_150
cosbounce_cos_0042,16303,170.55755526024134,40.96088904573405,run_150
cosbounce_cos_0074,11925,170.55725248890323,23.77940540091388,run_150
cosbounce_cos_0034,10787,170.55581084035052,210.27803289481477,run_150
cosbounce_cos_0038,5853,170.54926009873233,8.632478179845029,run_150
cosbounce_cos_0013,13183,170.5233058544378,11.582844453575659,run_150
cosbounce_cos_0012,17387,170.50072774719845,1.912150680592688,run_150
cosbounce_cos_0002,3545,170.48613899358202,41.00531129791514,run_150
cosbounce_cos_0019,877,170.48020417077237,20.167157064473283,run_150
cosbounce_cos_0030,19959,170.47305406807658,11.044686119814841,run_150
cosbounce_cos_0047,4238,170.47194815632804,10.197035161004031,run_150
cosbounce_cos_0065,18291,170.4656789954266,3.921982903318949,run_150
cosbounce_cos_0011,12381,170.4593484500043,1.2204963388393173,run_150
cosbounce_cos_0027,1622,170.45426609194593,292.72131485364923,run_150
cosbounce_cos_0084,12386,170.45100328943926,11.230970257496487,run_150
cosbounce_cos_0062,12080,170.44230865728622,0.8613887328902623,run_150
cosbounce_cos_0073,3864,170.44164450499616,272.48377678029107,run_150
cosbounce_cos_0031,1767,170.4304222077718,15.967689530617227,run_150
cosbounce_cos_0008,1910,170.42431213822883,89.3153382521791,run_150
cosbounce_cos_0004,19886,170.41743899957157,3.4779504308421174,run_150
cosbounce_cos_0055,13963,170.4104861750234,49.67016546385838,run_150
cosbounce_cos_0004,20008,170.4032164460501,5.0883121379135225,run_150
cosbounce_cos_0073,13569,170.397868616385,308.1401854277336,run_150
cosbounce_cos_0056,1483,170.37878755661288,15.241312208771461,run_150
cosbounce_cos_0029,19810,170.35528293438537,322.5996223213544,run_150
cosbounce_cos_0005,9335,170.34515259646113,1.3813795750071793,run_150
cosbounce_cos_0012,16144,170.34255505979505,28.716985237758283,run_150
cosbounce_cos_0029,15272,170.34253084530664,15.097850907572447,run_150
cosbounce_cos_0007,5933,170.32051069900672,12.602925727186205,run_150
cosbounce_cos_0027,21037,170.31427150257662,6.7679179274704815,run_150
cosbounce_cos_0069,14093,170.30814735163312,228.1034274196425,run_150
cosbounce_cos_0020,16652,170.2857229882905,2.8495215435917105,run_150
cosbounce_cos_0044,12747,170.28037426460222,11.26687422706997,run_150
cosbounce_cos_0060,17880,170.25045080245948,61.931414960862725,run_150
cosbounce_cos_0011,21925,170.24092125253821,2.256772240542247,run_150
cosbounce_cos_0028,2833,170.2400102733131,28.01807574781577,run_150
cosbounce_cos_0080,1488,170.23592487484368,67.13346691133512,run_150
cosbounce_cos_0081,14579,170.23035253338784,47.83528616776322,run_150
cosbounce_cos_0076,21654,170.1934790130129,22.617047724449687,run_150
cosbounce_cos_0016,16448,170.1910234913877,8.011495944196625,run_150
cosbounce_cos_0006,18181,170.19063300645755,17.892931311840872,run_150
cosbounce_cos_0042,4521,170.18849083229705,7.728326508542167,run_150
cosbounce_cos_0013,6067,170.17635820297943,7.212156169988931,run_150
cosbounce_cos_0021,21479,170.1717476568187,22.84234961279536,run_150
cosbounce_cos_0042,4699,170.1524176229369,6.277569885027008,run_150
cosbounce_cos_0029,4491,170.14886942123346,27.755327347744583,run_150
cosbounce_cos_0032,3567,170.14098696172138,45.74333739406181,run_150
cosbounce_cos_0061,15687,170.12194179334034,3.03793462070272,run_150
cosbounce_cos_0040,7674,170.11595948779032,5.788343979780963,run_150
cosbounce_cos_0017,21898,170.11402691220707,6.508478254259283,run_150
cosbounce_cos_0016,12070,170.10547259168,54.30416161377555,run_150
cosbounce_cos_0084,17851,170.10538620475154,9.829690293137887,run_150
cosbounce_cos_0009,10283,170.1032105515589,9.806865337519755,run_150
cosbounce_cos_0067,15579,170.10240837724479,30.983091862830985,run_150
cosbounce_cos_0063,22158,170.10032909251248,17.870106737314444,run_150
cosbounce_cos_0056,11865,170.09171840396476,10.677881648971784,run_150
cosbounce_cos_0031,14077,170.088350275795,17.537386850917063,run_150
cosbounce_cos_0054,21849,170.0883423666046,7.009602507902836,run_150
cosbounce_cos_0008,481,170.0860494161283,34.1600825539341,run_150
cosbounce_cos_0031,21630,170.0859609661379,3.9995716025765566,run_150
cosbounce_cos_0059,16705,170.07150930179606,1.9167396516677033,run_150
cosbounce_cos_0053,8883,170.0669410466553,35.762343664762625,run_150
cosbounce_cos_0077,8417,170.05040924781002,48.99811469229309,run_150
cosbounce_cos_0077,9709,170.04468383347086,12.735634946720111,run_150
cosbounce_cos_0070,20407,170.0446544634304,21.179914915181698,run_150
cosbounce_cos_0045,21762,170.04383922727894,8.172368896279153,run_150
cosbounce_cos_0045,11032,170.04370740738298,16.509494323441483,run_150
cosbounce_cos_0013,6540,170.03763947608402,8.544643908321454,run_150
cosbounce_cos_0064,20458,170.03047397869602,11.816195625695663,run_150
cosbounce_cos_0013,3753,170.02548889631086,6.069993942512156,run_150
cosbounce_cos_0027,2380,170.02287986198155,14.27832328572224,run_150
cosbounce_cos_0049,11524,170.0173369043275,25.73994503899803,run_150
cosbounce_cos_0028,7808,170.01668875167672,123.59862611712279,run_150
cosbounce_cos_0059,14003,170.01562699136772,157.2408064117799,run_150
cosbounce_cos_0034,3738,170.00357682979075,23.99267182789921,run_150
cosbounce_cos_0004,22387,170.00137205146768,114.00607822276669,run_150
cosbounce_cos_0059,11785,169.99149346185482,5.888597470452844,run_150
cosbounce_cos_0023,11273,169.99057942522947,5.535431251059375,run_150
cosbounce_cos_0020,1283,169.97996740728308,2.3790667448768246,run_150
cosbounce_cos_0009,8116,169.97800731797844,0.6212226015523175,run_150
cosbounce_cos_0043,19851,169.97355124794197,42.89417523324096,run_150
cosbounce_cos_0065,14869,169.96271212417736,4.773755699497713,run_150
cosbounce_cos_0068,3184,169.95585816706148,63.92608728683253,run_150
cosbounce_cos_0067,5857,169.94619679119356,71.620445939779,run_150
cosbounce_cos_0023,5079,169.94615905245783,5.219609804191965,run_150
cosbounce_cos_0009,5043,169.9437126076172,3.582316483701098,run_150
cosbounce_cos_0082,5180,169.93296112017606,8.557048344368145,run_150
cosbounce_cos_0056,10108,169.9220305927365,26.085473397372816,run_150
cosbounce_cos_0040,20775,169.90057492324215,15.375555726993086,run_150
cosbounce_cos_0036,9312,169.89673436819803,369.2568128063427,run_150
cosbounce_cos_0004,3634,169.88959231623835,7.050801206022879,run_150
cosbounce_cos_0039,19978,169.8800227672434,101.20106210744342,run_150
cosbounce_cos_0075,14264,169.87081974168515,10.694287439029926,run_150
cosbounce_cos_0072,969,169.87033018567251,27.287125087276237,run_150
cosbounce_cos_0073,14858,169.8679115452715,269.0666347814728,run_150
cosbounce_cos_0075,20362,169.8473748184961,18.229580788686714,run_150
cosbounce_cos_0010,7228,169.84200189909825,4.588228313755362,run_150
cosbounce_cos_0063,6495,169.83423244315404,47.742037296042184,run_150
cosbounce_cos_0035,10552,169.82964262165615,278.73104320253924,run_150
cosbounce_cos_0085,13249,169.8162959147742,6.9407348183463995,run_150
cosbounce_cos_0078,16037,169.80214630044046,23.994111902322427,run_150
cosbounce_cos_0058,13464,169.8019206653186,21.916385815023236,run_150
cosbounce_cos_0002,19676,169.79712707486783,23.1164399368375,run_150
cosbounce_cos_0042,7048,169.7813970336603,0.4230500162630907,run_150
cosbounce_cos_0009,22239,169.77968786415732,72.21255061371151,run_150
cosbounce_cos_0015,10432,169.77711835998898,187.23145349687488,run_150
cosbounce_cos_0077,10615,169.7675299761122,16.069584923644353,run_150
cosbounce_cos_0058,13897,169.75351995706134,26.58820541536052,run_150
cosbounce_cos_0065,20214,169.7502811528268,8.168112006783268,run_150
cosbounce_cos_0027,7319,169.7332260786033,27.476164959092888,run_150
cosbounce_cos_0060,20325,169.73232306598868,42.11046250648988,run_150
cosbounce_cos_0086,3648,169.72828090182853,20.39863929338742,run_150
cosbounce_cos_0066,13476,169.72709636159468,16.59301529825982,run_150
cosbounce_cos_0070,14387,169.7197940991885,150.189008285125,run_150
cosbounce_cos_0086,310,169.70722907420623,11.394276352597744,run_150
cosbounce_cos_0027,8888,169.69918387173098,344.2601809097949,run_150
cosbounce_cos_0044,1526,169.6969281363643,15.197436665053921,run_150
cosbounce_cos_0068,4459,169.68044294631372,1.91761153450703,run_150
cosbounce_cos_0070,21431,169.66397678813678,115.47362352114136,run_150
cosbounce_cos_0053,2806,169.65745882612615,178.2291197525685,run_150
cosbounce_cos_0028,17232,169.65311113010233,12.137075576850252,run_150
cosbounce_cos_0012,362,169.64355508352256,43.523567496702434,run_150
cosbounce_cos_0034,18635,169.63467001633808,12.113389836679126,run_150
cosbounce_cos_0082,1973,169.62052202983486,2.674033119493969,run_150
cosbounce_cos_0054,9688,169.5948877601559,1.6333760893944793,run_150
cosbounce_cos_0053,10436,169.5867809308155,51.27558928360211,run_150
cosbounce_cos_0004,3608,169.5860915393527,3.4723294448344433,run_150
cosbounce_cos_0056,7521,169.57456646183755,111.27534102603929,run_150
cosbounce_cos_0071,21420,169.55548052316675,23.02261276761601,run_150
cosbounce_cos_0026,101,169.5511170569875,18.54434091777211,run_150
cosbounce_cos_0085,4030,169.53786047190917,74.08851505189017,run_150
cosbounce_cos_0030,5246,169.53469676783988,19.022026656147116,run_150
cosbounce_cos_0013,9768,169.5335161303618,121.36483927720637,run_150
cosbounce_cos_0055,17272,169.52769969140874,0.2767922877007796,run_150
cosbounce_cos_0081,3200,169.52422479693092,61.75526824919229,run_150
cosbounce_cos_0056,18393,169.51250226257176,316.1720741991028,run_150
cosbounce_cos_0004,4149,169.50086181442714,4.369090758471313,run_150
cosbounce_cos_0023,12352,169.48044492479104,17.266102838898593,run_150
cosbounce_cos_0020,17476,169.45645445149148,36.426899115766965,run_150
cosbounce_cos_0008,8598,169.44418357998012,36.53723767611015,run_150
cosbounce_cos_0027,9936,169.44070363080107,28.22968803013343,run_150
cosbounce_cos_0082,20965,169.39931908997218,70.91275353710402,run_150
cosbounce_cos_0058,15204,169.375859940383,124.2384091220303,run_150
cosbounce_cos_0010,9627,169.3741324834685,143.27645707938194,run_150
cosbounce_cos_0086,2534,169.37323987522396,10.885509893463821,run_150
cosbounce_cos_0041,11436,169.3546093113913,77.86272047651993,run_150
cosbounce_cos_0055,3281,169.33995269248854,30.623719550146156,run_150
cosbounce_cos_0051,22102,169.3085382552805,2.3632667951985526,run_150
cosbounce_cos_0028,21194,169.30475225610687,270.8722175850964,run_150
cosbounce_cos_0042,381,169.28892916608612,5.434773322890103,run_150
cosbounce_cos_0078,7872,169.28637917254747,5.1771382325383755,run_150
cosbounce_cos_0023,13754,169.28009414464148,84.28605080650784,run_150
cosbounce_cos_0066,17020,169.2648846213446,11.87604683269019,run_150
cosbounce_cos_0047,22,169.24124071946346,31.38743394231494,run_150
cosbounce_cos_0040,1845,169.24119572398664,132.80428006826435,run_150
cosbounce_cos_0012,18250,169.2411617825298,9.4859165959491,run_150
cosbounce_cos_0045,13125,169.23383825951998,188.1647618244059,run_150
cosbounce_cos_0032,11395,169.23321762190082,53.45397637125247,run_150
cosbounce_cos_0067,17283,169.2184940711272,28.142834525149205,run_150
cosbounce_cos_0069,2173,169.19998850657134,102.67698981502143,run_150
cosbounce_cos_0077,6534,169.19193875717198,2.0752485941031833,run_150
cosbounce_cos_0083,8766,169.185645762526,112.6338712011307,run_150
cosbounce_cos_0000,20876,169.1786473855722,78.16626794506212,run_150
cosbounce_cos_0067,632,169.17188704794683,0.4393578843708957,run_150
cosbounce_cos_0042,6658,169.14394309168424,5.596606951261774,run_150
cosbounce_cos_0047,17380,169.1178102207544,39.236815327385,run_150
cosbounce_cos_0051,866,169.10561000274515,4.962783007903635,run_150
cosbounce_cos_0018,4491,169.08550348394184,17.31191381902528,run_150
cosbounce_cos_0028,18824,169.0845097210778,19.06744031558898,run_150
cosbounce_cos_0058,20310,169.04501836177562,3.3463669229893394,run_150
cosbounce_cos_0059,4384,169.0415514551116,56.88542122200477,run_150
cosbounce_cos_0053,19320,169.0119164399901,6.734238612818542,run_150
cosbounce_cos_0065,3807,168.97337156911053,185.77455304495632,run_150
cosbounce_cos_0072,12554,168.9619071694966,3.3108424388555355,run_150
cosbounce_cos_0028,10019,168.96101560614542,4.334821378505172,run_150
cosbounce_cos_0004,14128,168.9487562494907,30.40755290243805,run_150
cosbounce_cos_0073,9252,168.92587287642644,4.692705686508421,run_150
cosbounce_cos_0042,21109,168.92013165945048,13.747325680426059,run_150
cosbounce_cos_0032,6366,168.9179991992411,14.240297682138735,run_150
cosbounce_cos_0078,15681,168.89924362734243,13.804656408586792,run_150
cosbounce_cos_0078,5931,168.8882142098011,13.10784376486267,run_150
cosbounce_cos_0053,9506,168.88628106575655,36.1591786433206,run_150
cosbounce_cos_0037,13167,168.86936739035383,52.195495790811414,run_150
cosbounce_cos_0070,1247,168.86878643558094,103.9627539261459,run_150
cosbounce_cos_0016,7012,168.86723428209737,44.7662915554024,run_150
cosbounce_cos_0014,21966,168.8377137614921,53.331798672320865,run_150
cosbounce_cos_0048,3001,168.8321417480356,249.03048861533753,run_150
cosbounce_cos_0011,10127,168.80599555815792,22.489229787845538,run_150
cosbounce_cos_0044,2547,168.79151577661267,116.60649020074794,run_150
cosbounce_cos_0036,12379,168.74781925104455,17.01617836357154,run_150
cosbounce_cos_0084,6899,168.74430749131497,2.336292761612865,run_150
cosbounce_cos_0052,20751,168.7193116197157,2.7609380809677986,run_150
cosbounce_cos_0069,9656,168.71559266250878,40.49421372964886,run_150
cosbounce_cos_0065,1753,168.71368730341578,7.92087576809911,run_150
cosbounce_cos_0021,528,168.7132130194315,12.939879843542546,run_150
cosbounce_cos_0070,20988,168.71019916893542,241.25394071630885,run_150
cosbounce_cos_0040,14645,168.710025018677,219.2724833758398,run_150
cosbounce_cos_0032,7884,168.70107775417733,25.797354265631153,run_150
cosbounce_cos_0085,14905,168.68726399371727,32.15618978134017,run_150
cosbounce_cos_0066,10557,168.68701375001208,17.602601952393375,run_150
cosbounce_cos_0067,18677,168.67964573737024,44.72752413700686,run_150
cosbounce_cos_0058,19599,168.66936177775568,25.411683320575484,run_150
cosbounce_cos_0061,7407,168.66436429903996,9.980072077432197,run_150
cosbounce_cos_0042,21873,168.64701543422618,55.100235836802625,run_150
cosbounce_cos_0009,17537,168.6416337894743,48.63854989284563,run_150
cosbounce_cos_0016,3239,168.6344994058372,2.5995526286010637,run_150
cosbounce_cos_0052,4805,168.61855289350527,11.759197013454251,run_150
cosbounce_cos_0068,17977,168.61781539247204,19.815333030793337,run_150
cosbounce_cos_0060,5140,168.61741047309584,194.5700717881816,run_150
cosbounce_cos_0024,20315,168.61657269855397,1.1353667799978926,run_150
cosbounce_cos_0061,9769,168.61260125975423,82.79328861423282,run_150
cosbounce_cos_0065,8060,168.59580796094335,13.834704540446966,run_150
cosbounce_cos_0063,3932,168.59528852104853,389.5721659598617,run_150
cosbounce_cos_0028,1728,168.593891233253,3.636966811577875,run_150
cosbounce_cos_0027,9736,168.58820991768042,22.824818743446937,run_150
cosbounce_cos_0024,18766,168.58486784570596,38.80360322187657,run_150
cosbounce_cos_0075,1885,168.57960876025436,6.349498180932185,run_150
cosbounce_cos_0032,4114,168.56429649287088,22.31459916648627,run_150
cosbounce_cos_0052,11729,168.56280394424687,29.843852628634032,run_150
cosbounce_cos_0081,8111,168.5467870959102,37.40270674997563,run_150
cosbounce_cos_0002,15364,168.54340502801568,36.98741880927504,run_150
cosbounce_cos_0055,19253,168.54062099348437,15.386514792490013,run_150
cosbounce_cos_0047,13817,168.53121724846125,1.7535054722101848,run_150
cosbounce_cos_0051,21781,168.51833079955694,11.381461580741972,run_150
cosbounce_cos_0002,9249,168.51473639212375,11.777721955125084,run_150
cosbounce_cos_0066,6682,168.5006479530168,3.2138534831231675,run_150
cosbounce_cos_0083,7204,168.48092112073678,46.707769373964084,run_150
cosbounce_cos_0072,17872,168.48027639369081,27.234630064269677,run_150
cosbounce_cos_0011,2149,168.4800926148751,84.26088330198925,run_150
cosbounce_cos_0077,9984,168.47644080231433,31.448493468660203,run_150
cosbounce_cos_0070,4958,168.46809054792186,6.844149959900569,run_150
cosbounce_cos_0035,16676,168.46545010784124,5.398572479626835,run_150
cosbounce_cos_0037,12832,168.45966976507452,34.54791465562397,run_150
cosbounce_cos_0028,11968,168.45049068140395,19.265326930380073,run_150
cosbounce_cos_0006,20673,168.4498229384252,46.150139314876874,run_150
cosbounce_cos_0021,19316,168.44924090224768,3.9515016209272136,run_150
cosbounce_cos_0025,2272,168.43808593398697,11.491560991165857,run_150
cosbounce_cos_0058,9049,168.43663422132968,222.2413989900257,run_150
cosbounce_cos_0007,13817,168.42834493737283,10.88925756863052,run_150
cosbounce_cos_0085,17235,168.41245862670053,123.28451218839028,run_150
cosbounce_cos_0066,22104,168.38351937118898,10.612768034661762,run_150
cosbounce_cos_0054,6022,168.3700667769573,6.753297662156864,run_150
cosbounce_cos_0002,16030,168.36520924743522,9.043498855642707,run_150
cosbounce_cos_0028,18797,168.34669994107264,13.851310482720532,run_150
cosbounce_cos_0062,19958,168.34217809041024,8.727531516058393,run_150
cosbounce_cos_0058,2907,168.32029932423515,83.4324356450975,run_150
cosbounce_cos_0000,13938,168.31544584642796,13.19591303356968,run_150
cosbounce_cos_0066,15478,168.3138908321464,62.884351496003354,run_150
cosbounce_cos_0007,19452,168.29673273506103,11.85916728215831,run_150
cosbounce_cos_0016,20500,168.27706172608916,41.04368178025225,run_150
cosbounce_cos_0043,19426,168.25460469319816,13.83070035206651,run_150
cosbounce_cos_0050,14507,168.23482054372278,12.004262881801765,run_150
cosbounce_cos_0046,19314,168.1865744353227,56.298812186297894,run_150
cosbounce_cos_0062,20637,168.17186541246235,23.507568674272083,run_150
cosbounce_cos_0052,15203,168.16643881157063,3.7650789439486787,run_150
cosbounce_cos_0014,10738,168.15402861195054,32.39932492252515,run_150
cosbounce_cos_0058,9497,168.14870414986376,126.09743028881782,run_150
cosbounce_cos_0018,21055,168.14815364687303,18.225127553513527,run_150
cosbounce_cos_0082,20042,168.1412322453117,58.82158656932498,run_150
cosbounce_cos_0016,20342,168.13354197461248,29.127959782948597,run_150
cosbounce_cos_0017,800,168.1289631904913,107.85351564756041,run_150
cosbounce_cos_0011,5556,168.10214334901474,5.356817778574731,run_150
cosbounce_cos_0022,19792,168.08333892151867,1.2903402099952872,run_150
cosbounce_cos_0059,5592,168.06399812058962,54.49238502840694,run_150
cosbounce_cos_0058,8685,168.06330546491304,5.040094641454431,run_150
cosbounce_cos_0059,10902,168.06136356148184,30.56716540447785,run_150
cosbounce_cos_0076,4495,168.059960412599,8.659482039080416,run_150
cosbounce_cos_0083,17028,168.03313713490445,24.5182400450892,run_150
cosbounce_cos_0036,2870,168.0317979551372,10.257208739475306,run_150
cosbounce_cos_0079,869,168.02678298620168,36.34531864189745,run_150
cosbounce_cos_0069,17645,168.01929591067412,18.611990217533624,run_150
cosbounce_cos_0078,3335,168.0105614392997,29.64158314660053,run_150
cosbounce_cos_0085,18166,167.99578999089124,1.8325721233974805,run_150
cosbounce_cos_0025,14267,167.96864749677627,126.84287465590945,run_150
cosbounce_cos_0010,14571,167.92724643013307,156.36743858707854,run_150
cosbounce_cos_0018,17866,167.91031189419746,141.52122020951253,run_150
cosbounce_cos_0056,12911,167.90982131842478,52.03880215616026,run_150
cosbounce_cos_0015,8243,167.9058479906442,4.741259416314,run_150
cosbounce_cos_0036,3134,167.90279545718556,24.61905695546476,run_150
cosbounce_cos_0055,20576,167.90207702184594,35.86656863129773,run_150
cosbounce_cos_0014,15039,167.90099173138083,22.207359533397018,run_150
cosbounce_cos_0005,18469,167.8926015856395,22.591505659017155,run_150
cosbounce_cos_0000,10135,167.89216532296643,19.399018145102573,run_150
cosbounce_cos_0079,10132,167.89013692644568,86.55271656168533,run_150
cosbounce_cos_0077,11784,167.87912597489526,101.43872385760353,run_150
cosbounce_cos_0031,15816,167.864861911295,7.854240196384553,run_150
cosbounce_cos_0014,15497,167.85809856168666,3.374118651131835,run_150
cosbounce_cos_0035,9712,167.85474225815963,25.627253521790198,run_150
cosbounce_cos_0069,9874,167.84809927612045,23.603825154424943,run_150
cosbounce_cos_0064,8995,167.79707225607686,237.91888484549835,run_150
cosbounce_cos_0040,12058,167.7945558996791,29.153003440660914,run_150
cosbounce_cos_0075,21030,167.78709506471208,239.2749549576481,run_150
cosbounce_cos_0068,13969,167.78463936853365,11.378563727621184,run_150
cosbounce_cos_0021,7775,167.76431150412898,11.0350517903724,run_150
cosbounce_cos_0047,21039,167.7516195068079,52.5016954056881,run_150
cosbounce_cos_0062,2647,167.7467613519035,508.59797526882176,run_150
cosbounce_cos_0061,14497,167.72374302200117,20.134017276619325,run_150
cosbounce_cos_0060,15203,167.71075046276152,2.262237586863961,run_150
cosbounce_cos_0061,10349,167.707582751971,64.52926610768587,run_150
cosbounce_cos_0055,14787,167.7043741353243,13.940132250463684,run_150
cosbounce_cos_0039,8265,167.7037186887112,1.2922809805531976,run_150
cosbounce_cos_0059,7071,167.69687146102112,133.33431211427728,run_150
cosbounce_cos_0071,16577,167.6889256010605,20.253520328454133,run_150
cosbounce_cos_0085,19960,167.68073225402065,45.73117055838436,run_150
cosbounce_cos_0050,21040,167.66657573790596,79.71715347310811,run_150
cosbounce_cos_0010,21196,167.6482387527148,7.179464045820965,run_150
cosbounce_cos_0015,19610,167.6052329111148,67.48061225850898,run_150
cosbounce_cos_0070,16819,167.5984768569925,10.95105570289021,run_150
cosbounce_cos_0016,3473,167.58954635415202,3.147943593441508,run_150
cosbounce_cos_0035,19591,167.58649283597867,3.1711162268596778,run_150
cosbounce_cos_0011,20799,167.5746961295086,30.38983914714529,run_150
cosbounce_cos_0060,5344,167.55788518650445,45.173457793113805,run_150
cosbounce_cos_0034,12702,167.55135694300876,27.348157867608546,run_150
cosbounce_cos_0011,1500,167.5448356157214,5.744921851211553,run_150
cosbounce_cos_0053,12551,167.53420276936225,54.305010202170514,run_150
cosbounce_cos_0072,16562,167.5193027337361,15.651325887842239,run_150
cosbounce_cos_0046,3160,167.5137388788701,21.156827816853962,run_150
cosbounce_cos_0023,11325,167.47642575272553,40.75713094606639,run_150
cosbounce_cos_0017,16173,167.47523351527028,9.022416121614874,run_150
cosbounce_cos_0018,18000,167.4622326995069,30.145365733657346,run_150
cosbounce_cos_0052,18695,167.45545955682263,171.93429219584937,run_150
cosbounce_cos_0050,10119,167.43411293156674,126.73943847215102,run_150
cosbounce_cos_0039,4828,167.42793888423265,1.6361728715541644,run_150
cosbounce_cos_0002,20961,167.4125880473366,194.00502071960673,run_150
cosbounce_cos_0018,16269,167.4109660056414,33.579801613821004,run_150
cosbounce_cos_0008,18099,167.41082639023304,4.0663248455754015,run_150
cosbounce_cos_0010,18458,167.40409943137502,30.4768161892393,run_150
cosbounce_cos_0033,15483,167.38844223609735,172.8140067653636,run_150
cosbounce_cos_0074,8125,167.38146949840564,14.245926042021948,run_150
cosbounce_cos_0001,17795,167.38007138868204,222.43742066099495,run_150
cosbounce_cos_0040,7752,167.36587691551227,8.299727729245475,run_150
cosbounce_cos_0065,14914,167.3503300687683,19.61471054537405,run_150
cosbounce_cos_0077,14822,167.33002372356904,20.667049624590682,run_150
cosbounce_cos_0077,8686,167.31120522340166,42.97927611280771,run_150
cosbounce_cos_0034,20808,167.25529999978028,8.964607226275978,run_150
cosbounce_cos_0006,3734,167.25200801830817,38.7333032766663,run_150
cosbounce_cos_0062,10235,167.24000776101337,46.95096309555467,run_150
cosbounce_cos_0035,10103,167.21812877925638,32.78316240956751,run_150
cosbounce_cos_0080,8428,167.2128013164054,3.4909677496978366,run_150
cosbounce_cos_0031,20326,167.20186666164733,21.983301066610302,run_150
cosbounce_cos_0033,18903,167.1808457935616,128.06365701958944,run_150
cosbounce_cos_0033,19398,167.17802938295347,39.429689436285706,run_150
cosbounce_cos_0080,8439,167.17447848745402,117.69091104088302,run_150
cosbounce_cos_0055,17627,167.17083995292364,452.6258757335575,run_150
cosbounce_cos_0000,4854,167.16734867984064,2.1781278628135685,run_150
cosbounce_cos_0045,19434,167.16713731937193,59.47178036879914,run_150
cosbounce_cos_0059,6037,167.15161842775203,40.209371446641875,run_150
cosbounce_cos_0058,20110,167.14640176399425,21.485050876057233,run_150
cosbounce_cos_0020,3079,167.12766201793224,128.8352202638481,run_150
cosbounce_cos_0015,3318,167.11118440131702,27.77035665465284,run_150
cosbounce_cos_0059,7603,167.08231257257944,9.393096105128558,run_150
cosbounce_cos_0080,9341,167.06410813963825,15.040914567038728,run_150
cosbounce_cos_0078,11406,167.02596656043016,64.70928946306587,run_150
cosbounce_cos_0050,9769,167.016794236621,137.04055237368192,run_150
cosbounce_cos_0060,7650,166.97498737710623,11.940782049053887,run_150
cosbounce_cos_0033,18803,166.96441557486406,22.866393930503865,run_150
cosbounce_cos_0019,10819,166.92517871446523,5.3123126725034195,run_150
cosbounce_cos_0052,10905,166.91348778940923,30.82533124942643,run_150
cosbounce_cos_0022,17186,166.9101080198126,34.852821705689124,run_150
cosbounce_cos_0060,2207,166.8774370639435,8.568568853407275,run_150
cosbounce_cos_0037,8064,166.82092168188785,44.251286463930875,run_150
cosbounce_cos_0033,2027,166.80518137826868,267.53459283009266,run_150
cosbounce_cos_0078,15839,166.7949646521841,281.9036480857245,run_150
cosbounce_cos_0069,18909,166.7937418428902,54.482293712441766,run_150
cosbounce_cos_0002,9558,166.78971665279087,390.02763870369967,run_150
cosbounce_cos_0074,18658,166.77784814514717,9.811495604287668,run_150
cosbounce_cos_0030,17082,166.76573867905375,5.490816761584828,run_150
cosbounce_cos_0050,10811,166.76034537566883,4.840401585615346,run_150
cosbounce_cos_0027,5504,166.74348562794356,17.1066596767832,run_150
cosbounce_cos_0045,18422,166.73392331144166,291.58063167455316,run_150
cosbounce_cos_0029,14656,166.733893204654,284.62389187058375,run_150
cosbounce_cos_0014,21018,166.72029480693783,154.37383079421363,run_150
cosbounce_cos_0013,17994,166.70748253905109,245.24012940134108,run_150
cosbounce_cos_0017,13060,166.674150692722,15.31226883697868,run_150
cosbounce_cos_0041,21390,166.6706102893653,19.54144519237062,run_150
cosbounce_cos_0032,11606,166.6655277651239,90.4407795238147,run_150
cosbounce_cos_0001,4860,166.65594183757116,321.34622409233236,run_150
cosbounce_cos_0081,17626,166.64477567679998,158.23142134731177,run_150
cosbounce_cos_0080,616,166.61659923748638,372.6939096629343,run_150
cosbounce_cos_0008,6288,166.59576876667361,9.494727096736499,run_150
cosbounce_cos_0068,20689,166.5929522784421,348.40670269193305,run_150
cosbounce_cos_0018,16495,166.58997270960322,163.83157443491496,run_150
cosbounce_cos_0049,15034,166.5849818603366,62.255379647951536,run_150
cosbounce_cos_0081,19222,166.5748511472481,173.69858751833297,run_150
cosbounce_cos_0066,7584,166.56555963676425,49.85241378001754,run_150
cosbounce_cos_0030,12009,166.55787249324808,6.871753990571657,run_150
cosbounce_cos_0048,11432,166.54925299976398,55.070544990235256,run_150
cosbounce_cos_0010,2897,166.53902509578484,4.090904098751102,run_150
cosbounce_cos_0041,19441,166.5062092312973,27.998899675604648,run_150
cosbounce_cos_0061,9680,166.50394458317697,313.17054781692406,run_150
cosbounce_cos_0009,11052,166.4899347228288,25.758839504122378,run_150
cosbounce_cos_0003,13825,166.48104650925612,4.3335877620935195,run_150
cosbounce_cos_0063,18459,166.47268854883563,5.215774044316362,run_150
cosbounce_cos_0054,7635,166.43017298067144,89.19593276633941,run_150
cosbounce_cos_0072,4487,166.43012517695857,14.426199159003792,run_150
cosbounce_cos_0017,16543,166.40439630204773,29.836068744365075,run_150
cosbounce_cos_0063,16593,166.4022280263361,226.38438576064445,run_150
cosbounce_cos_0010,5305,166.38697802746873,1.1829134331070434,run_150
cosbounce_cos_0043,9289,166.34825803657247,8.248434649287875,run_150
cosbounce_cos_0028,13078,166.32991092094696,68.81217669342725,run_150
cosbounce_cos_0016,4785,166.32900631166436,105.36740055327571,run_150
cosbounce_cos_0025,344,166.32141127381257,100.9610862755259,run_150
cosbounce_cos_0056,6271,166.30045843848512,295.05678730693324,run_150
cosbounce_cos_0021,6979,166.28610880953553,3.0805962213334084,run_150
cosbounce_cos_0074,9873,166.2761379791545,16.102824772751617,run_150
cosbounce_cos_0012,974,166.2457804958646,10.794976240881047,run_150
cosbounce_cos_0072,1014,166.2266405931109,96.64025376961,run_150
cosbounce_cos_0053,18503,166.2261653981118,107.38561627999901,run_150
cosbounce_cos_0074,4182,166.21736538024936,46.11036591016479,run_150
cosbounce_cos_0014,16335,166.20772948999192,111.85756018352653,run_150
cosbounce_cos_0065,15643,166.1836964716916,147.05178027264805,run_150
cosbounce_cos_0003,4553,166.14346556288046,6.6980666136177005,run_150
cosbounce_cos_0019,6392,166.13706744215915,5.171075212132859,run_150
cosbounce_cos_0062,20525,166.08145060461578,22.54509537623174,run_150
cosbounce_cos_0003,6708,166.07263573535315,126.63912829530408,run_150
cosbounce_cos_0079,5555,166.071723395411,84.4672668990614,run_150
cosbounce_cos_0041,457,166.06634451168358,20.6458670094848,run_150
cosbounce_cos_0030,5119,166.04967849251426,5.60194445997925,run_150
cosbounce_cos_0079,10916,166.0376645326086,31.89207887782796,run_150
cosbounce_cos_0056,17907,166.01320417402448,26.236876549111056,run_150
cosbounce_cos_0015,13652,166.0114422374708,215.7260051411963,run_150
cosbounce_cos_0052,19181,166.00972778459516,201.4523233994786,run_150
cosbounce_cos_0073,13102,165.99255966902015,38.88254978945726,run_150
cosbounce_cos_0024,5111,165.98395437334173,46.76674663570524,run_150
cosbounce_cos_0031,15569,165.96333444290568,382.8603076042664,run_150
cosbounce_cos_0048,21475,165.96170177640906,18.580302485400104,run_150
cosbounce_cos_0007,9066,165.94294805615613,235.53894798073264,run_150
cosbounce_cos_0055,7712,165.92954337186222,51.13402759955256,run_150
cosbounce_cos_0018,2835,165.9089362189551,56.88418464635248,run_150
cosbounce_cos_0018,13751,165.90276241365012,53.059148889784375,run_150
cosbounce_cos_0084,21666,165.88755911041164,15.958514058585667,run_150
cosbounce_cos_0009,6473,165.87639733127003,11.192177631153761,run_150
cosbounce_cos_0059,8748,165.8680717394137,11.740505305517049,run_150
cosbounce_cos_0041,21007,165.83432739713422,6.254250375196922,run_150
cosbounce_cos_0003,9399,165.82569335100516,84.0959703536598,run_150
cosbounce_cos_0068,2808,165.81566966414084,24.05398394273651,run_150
cosbounce_cos_0069,6567,165.78344909282396,18.507135338763643,run_150
cosbounce_cos_0074,10738,165.78264272864362,1.6904474043666333,run_150
cosbounce_cos_0054,4959,165.77984156539821,37.30062369646873,run_150
cosbounce_cos_0070,10082,165.77686315374137,15.643413102988859,run_150
cosbounce_cos_0069,6692,165.77339858729314,12.817181612644918,run_150
cosbounce_cos_0069,7359,165.73957524775705,7.6884496719199245,run_150
cosbounce_cos_0020,15793,165.7075057065245,20.39218445044295,run_150
cosbounce_cos_0044,16312,165.70328057809525,3.417792244516586,run_150
cosbounce_cos_0056,18179,165.70058653194107,176.19886042492433,run_150
cosbounce_cos_0035,16392,165.69616811296368,4.728253392163635,run_150
cosbounce_cos_0081,13360,165.6900089111104,119.23198744426983,run_150
cosbounce_cos_0069,1485,165.6525531692226,16.273491885784477,run_150
cosbounce_cos_0046,5697,165.62857477558643,76.72677990180952,run_150
cosbounce_cos_0001,10400,165.60719392579594,123.94538614059876,run_150
cosbounce_cos_0082,12339,165.60010032614792,197.93739517923865,run_150
cosbounce_cos_0003,10724,165.58808435143445,23.69112266244752,run_150
cosbounce_cos_0017,13207,165.56702264149953,15.069700537885026,run_150
cosbounce_cos_0041,9987,165.55630992037172,15.495560954237664,run_150
cosbounce_cos_0054,3331,165.5547185572416,14.100833989521888,run_150
cosbounce_cos_0073,2461,165.54295880866115,29.87267102643698,run_150
cosbounce_cos_0005,4255,165.54219603345982,23.400286183636094,run_150
cosbounce_cos_0005,5648,165.53269828454398,440.75398246161615,run_150
cosbounce_cos_0066,10390,165.51968765970227,11.058732632988525,run_150
cosbounce_cos_0044,5500,165.51387569114974,269.96391958954996,run_150
cosbounce_cos_0081,7482,165.47473949270892,43.44418845092415,run_150
cosbounce_cos_0078,20564,165.4634395836425,21.748721906226038,run_150
cosbounce_cos_0051,7379,165.4572186986085,26.971039983546675,run_150
cosbounce_cos_0033,15971,165.42665426220668,14.045552043440425,run_150
cosbounce_cos_0009,18533,165.4197678110814,16.600289728642316,run_150
cosbounce_cos_0054,2366,165.39902350570998,62.630728819609395,run_150
cosbounce_cos_0010,17809,165.3864516034554,54.09620886294917,run_150
cosbounce_cos_0080,17560,165.3797913389833,254.89339882370595,run_150
cosbounce_cos_0081,10063,165.36072392072285,4.555909624795554,run_150
cosbounce_cos_0025,1808,165.3161207465145,64.50607304865746,run_150
cosbounce_cos_0057,18899,165.30536173845303,194.11468801229992,run_150
cosbounce_cos_0053,19301,165.2748334427089,1.6783141061577855,run_150
cosbounce_cos_0067,22148,165.27279909195704,13.070525393589936,run_150
cosbounce_cos_0029,5753,165.24512960573986,4.546123016904012,run_150
cosbounce_cos_0029,11939,165.2272049918183,2.3568649019682155,run_150
cosbounce_cos_0071,17986,165.21928683115453,23.754011529089208,run_150
cosbounce_cos_0047,5617,165.2179524074265,5.225007673355922,run_150
cosbounce_cos_0028,16782,165.21173296527792,13.473160521297675,run_150
cosbounce_cos_0031,17054,165.20928480648752,24.248038162034334,run_150
cosbounce_cos_0028,10631,165.2049733015303,20.140716939270714,run_150
cosbounce_cos_0074,4887,165.1589279595732,346.1066785863251,run_150
cosbounce_cos_0013,6316,165.1519708353687,84.80048111488605,run_150
cosbounce_cos_0000,6501,165.13319493646344,60.43902952092702,run_150
cosbounce_cos_0010,17912,165.10700323118795,12.302225082647505,run_150
cosbounce_cos_0055,8965,165.1051937904758,24.67207599284752,run_150
cosbounce_cos_0043,86,165.0824275030613,23.074880401177765,run_150
cosbounce_cos_0003,1325,165.07612749497287,7.760962017370864,run_150
cosbounce_cos_0050,13083,165.04334363107313,225.08533667786298,run_150
cosbounce_cos_0019,21082,165.04049151921808,24.03161210055946,run_150
cosbounce_cos_0065,19954,165.02866512714925,23.49325176373822,run_150
cosbounce_cos_0008,20740,165.02122703745755,19.6355371536346,run_150
cosbounce_cos_0001,18919,165.00919709511248,115.6982573547817,run_150
cosbounce_cos_0066,9190,165.00665163259254,17.76547072925734,run_150
cosbounce_cos_0046,1369,164.9936378378933,26.525803012274476,run_150
cosbounce_cos_0005,13319,164.98162241398913,7.959535072817223,run_150
cosbounce_cos_0018,16964,164.96387705292668,24.703089558212323,run_150
cosbounce_cos_0043,3260,164.9392896014959,41.40426345058084,run_150
cosbounce_cos_0037,20081,164.9355158997417,15.500309775498241,run_150
cosbounce_cos_0080,3664,164.90722546277036,27.423691614383696,run_150
cosbounce_cos_0026,16088,164.89742999014246,1.3404429220773795,run_150
cosbounce_cos_0031,2865,164.8548267813225,64.15310623340416,run_150
cosbounce_cos_0052,4735,164.81875720643072,6.174189822242816,run_150
cosbounce_cos_0059,7211,164.8109593479914,82.90466403216426,run_150
cosbounce_cos_0063,5669,164.7919372943077,3.7718294818229183,run_150
cosbounce_cos_0000,21988,164.78943453562562,282.3664897845293,run_150
cosbounce_cos_0064,18570,164.73500848759312,81.51136630980439,run_150
cosbounce_cos_0044,3716,164.73046873681582,59.063533602759364,run_150
cosbounce_cos_0073,12423,164.70023800083754,36.288672147173315,run_150
cosbounce_cos_0058,4819,164.69720376692047,45.56321936048034,run_150
cosbounce_cos_0019,11449,164.6750233065459,148.97209307462649,run_150
cosbounce_cos_0043,8091,164.67406437270236,11.464474063201516,run_150
cosbounce_cos_0027,20450,164.66559308452884,206.29353049058187,run_150
cosbounce_cos_0028,7756,164.63806548244116,26.057368023723626,run_150
cosbounce_cos_0070,10187,164.6353142036225,354.41561950985266,run_150
cosbounce_cos_0025,13678,164.6129924026363,5.029891156552462,run_150
cosbounce_cos_0008,13967,164.60569289414437,6.530874123854991,run_150
cosbounce_cos_0057,7550,164.59816213445163,155.02918059664165,run_150
cosbounce_cos_0059,19766,164.59759317157994,36.20686217695023,run_150
cosbounce_cos_0002,2644,164.5968340279127,39.92590787683537,run_150
cosbounce_cos_0007,8091,164.59317568304914,334.20091294763563,run_150
cosbounce_cos_0038,5241,164.53461192979032,20.27170552365472,run_150
cosbounce_cos_0028,17436,164.5302241993668,65.12817783065442,run_150
cosbounce_cos_0036,14673,164.4924565058615,16.62892092492833,run_150
cosbounce_cos_0047,142,164.48613497612362,1.0061385057094672,run_150
cosbounce_cos_0063,2946,164.46137220505952,19.715378822621815,run_150
cosbounce_cos_0040,18109,164.42348407231833,11.396706689497222,run_150
cosbounce_cos_0025,5832,164.42053663034065,71.0019168665457,run_150
cosbounce_cos_0057,7703,164.41575685048787,281.6249651350336,run_150
cosbounce_cos_0024,3399,164.40817109744634,3.2844192505258807,run_150
cosbounce_cos_0060,12277,164.3026374083064,172.84565028026483,run_150
cosbounce_cos_0013,11115,164.29993471411717,4.295054280408382,run_150
cosbounce_cos_0068,18977,164.2421635038703,58.41087350158988,run_150
cosbounce_cos_0050,21737,164.20922189519487,345.0172272613413,run_150
cosbounce_cos_0000,6077,164.2076446393121,4.512732306864896,run_150
cosbounce_cos_0003,13326,164.20048732807714,3.590619353738594,run_150
cosbounce_cos_0002,13578,164.1788532416877,2.336410109462447,run_150
cosbounce_cos_0052,368,164.17344849598095,461.21649497929434,run_150
cosbounce_cos_0027,17226,164.17135177050412,0.29808576428391925,run_150
cosbounce_cos_0047,8437,164.14600839257432,10.116568823156605,run_150
cosbounce_cos_0067,17664,164.13694963552146,43.214643358360995,run_150
cosbounce_cos_0032,13350,164.1318755844637,24.459059267703648,run_150
cosbounce_cos_0005,11734,164.12084155402798,45.452951419205526,run_150
cosbounce_cos_0026,13190,164.10138299851954,195.31378055196575,run_150
cosbounce_cos_0064,4844,164.09593466011398,465.2833316515458,run_150
cosbounce_cos_0005,530,164.09452509278637,48.271838081570124,run_150
cosbounce_cos_0048,19634,164.0748421848688,202.49544604722968,run_150
cosbounce_cos_0043,21493,164.06583366349673,203.1180618980722,run_150
cosbounce_cos_0002,11457,164.05383647650308,44.42831589082067,run_150
cosbounce_cos_0073,6088,164.04427546822427,33.53639833636377,run_150
cosbounce_cos_0070,7587,164.02662426565783,40.20123775043248,run_150
cosbounce_cos_0005,5583,164.00429039244304,63.95941463988517,run_150
cosbounce_cos_0003,3016,163.96526879705092,12.25022018912618,run_150
cosbounce_cos_0073,16744,163.95823299062823,69.36890259748658,run_150
cosbounce_cos_0063,561,163.95794862461364,81.94170077908676,run_150
cosbounce_cos_0059,3991,163.94453418509136,10.701360338955983,run_150
cosbounce_cos_0059,16013,163.89437748570757,10.06611438803452,run_150
cosbounce_cos_0078,18983,163.88843614742927,9.860881447115574,run_150
cosbounce_cos_0058,19736,163.87847524927253,33.46595210520754,run_150
cosbounce_cos_0041,20802,163.87686607546,17.70706996186477,run_150
cosbounce_cos_0079,1686,163.87038458210876,85.42872300128684,run_150
cosbounce_cos_0041,14964,163.8698770686497,21.88363692531639,run_150
cosbounce_cos_0003,19527,163.86324581574135,3.11951362996975,run_150
cosbounce_cos_0036,20258,163.80616237303985,75.46929686181775,run_150
cosbounce_cos_0082,9642,163.80349203460463,71.90468217216933,run_150
cosbounce_cos_0027,3201,163.79616777386124,34.51066010480099,run_150
cosbounce_cos_0024,12569,163.7197012831043,263.26264090479407,run_150
cosbounce_cos_0022,181,163.7160115224653,20.89107083006518,run_150
cosbounce_cos_0019,8932,163.68419733483145,17.37334586619188,run_150
cosbounce_cos_0040,2917,163.67927090953881,76.31092733107522,run_150
cosbounce_cos_0063,19942,163.67553762479338,38.71655975840583,run_150
cosbounce_cos_0066,11643,163.65772940500563,10.635835282092168,run_150
cosbounce_cos_0035,12246,163.62038472865888,0.9216612744844284,run_150
cosbounce_cos_0023,7065,163.5756794650236,31.294090232853748,run_150
cosbounce_cos_0084,4807,163.55600732576153,54.16493470287269,run_150
cosbounce_cos_0055,16132,163.55379531989593,34.290861057250744,run_150
cosbounce_cos_0066,5199,163.5529879157043,193.0732275430422,run_150
cosbounce_cos_0026,13116,163.54964192706552,59.51162927083464,run_150
cosbounce_cos_0025,9144,163.5491039343257,28.889378380217476,run_150
cosbounce_cos_0081,2735,163.54611382125324,511.59123540713085,run_150
cosbounce_cos_0039,9624,163.52979921223394,20.21047075010023,run_150
cosbounce_cos_0038,21828,163.51886852786257,161.80413088693635,run_150
cosbounce_cos_0054,9035,163.48359389498893,401.69966010179354,run_150
cosbounce_cos_0004,16581,163.46717513365147,60.042492811530984,run_150
cosbounce_cos_0016,6652,163.45678663055517,193.8540069880903,run_150
cosbounce_cos_0057,20828,163.44098163046547,36.67161771934472,run_150
cosbounce_cos_0081,13040,163.4402828349895,26.98133368702194,run_150
cosbounce_cos_0037,7331,163.40557343941958,3.514330606953578,run_150
cosbounce_cos_0078,22143,163.39232797845258,1.7245297443333882,run_150
cosbounce_cos_0067,18782,163.38880555230253,18.947940348955196,run_150
cosbounce_cos_0075,13915,163.381258325833,1.5516354890089648,run_150
cosbounce_cos_0056,13898,163.35485494911782,2.7480463594422564,run_150
cosbounce_cos_0026,1409,163.34185225007568,380.8124041842866,run_150
cosbounce_cos_0064,7489,163.29862538815078,468.19975956356143,run_150
cosbounce_cos_0020,6771,163.2590899585031,330.5467426968165,run_150
cosbounce_cos_0044,17868,163.24801451076695,87.7984709534471,run_150
cosbounce_cos_0073,21210,163.242073451319,8.419420500780483,run_150
cosbounce_cos_0012,12532,163.18653726186818,51.798631484582785,run_150
cosbounce_cos_0067,6863,163.1634417420973,174.1611017264292,run_150
cosbounce_cos_0077,19107,163.12871267609478,103.30769579438581,run_150
cosbounce_cos_0086,8561,163.11705581184916,7.3365821897160775,run_150
cosbounce_cos_0040,17587,163.11676510198853,25.874520745946846,run_150
cosbounce_cos_0013,21534,163.0894747428349,137.10571631589465,run_150
cosbounce_cos_0009,19987,163.06902440516822,140.11130134094338,run_150
cosbounce_cos_0025,1423,163.0498040611377,4.093894051313769,run_150
cosbounce_cos_0082,6421,163.04099778568272,12.287465423608564,run_150
cosbounce_cos_0052,13969,163.0317165124546,35.71552507771751,run_150
cosbounce_cos_0000,14038,163.02113283573357,62.53335434737746,run_150
cosbounce_cos_0003,2911,163.02051056317435,18.290041262951977,run_150
cosbounce_cos_0080,19037,163.01890096825997,17.623678414657366,run_150
cosbounce_cos_0045,16406,163.0052354755121,61.88558199643275,run_150
cosbounce_cos_0077,3797,162.98882644464933,64.18972383200982,run_150
cosbounce_cos_0021,21675,162.9832581471093,52.96919197889068,run_150
cosbounce_cos_0067,13664,162.9494703361381,0.5386198434958557,run_150
cosbounce_cos_0005,15669,162.9050806978211,121.24512215375994,run_150
cosbounce_cos_0080,11115,162.89911644204886,324.53020007397606,run_150
cosbounce_cos_0047,6619,162.88597339323928,185.82604573239357,run_150
cosbounce_cos_0074,11806,162.88552355903207,8.406399957188752,run_150
cosbounce_cos_0081,6258,162.8801053828359,33.29066108499005,run_150
cosbounce_cos_0076,19812,162.87310019519862,50.283129198408055,run_150
cosbounce_cos_0022,19026,162.75612827926275,237.00822583637952,run_150
cosbounce_cos_0038,8082,162.73458411511245,331.6084048199451,run_150
cosbounce_cos_0020,20006,162.72943595700798,13.057248481444415,run_150
cosbounce_cos_0022,5850,162.72417029582635,11.531297626456135,run_150
cosbounce_cos_0042,10064,162.72100068168146,7.814212069056436,run_150
cosbounce_cos_0052,2412,162.7179415330726,103.56004777932434,run_150
cosbounce_cos_0037,18417,162.70720709441983,575.7586358425352,run_150
cosbounce_cos_0044,12252,162.65517348551688,176.17367004251346,run_150
cosbounce_cos_0060,15441,162.64488853202755,13.279828501034405,run_150
cosbounce_cos_0046,14007,162.62050661059948,10.293438092945513,run_150
cosbounce_cos_0034,9610,162.60953595597778,13.064441569864155,run_150
cosbounce_cos_0008,19882,162.60772668952356,35.31431290995261,run_150
cosbounce_cos_0076,21727,162.58786798255457,141.17557217588651,run_150
cosbounce_cos_0029,21094,162.54030414969316,75.60416577403949,run_150
cosbounce_cos_0030,5525,162.53752001476798,67.8546114118973,run_150
cosbounce_cos_0023,3892,162.52690861429096,235.24129311351805,run_150
cosbounce_cos_0017,12459,162.4599492810786,154.58576590364052,run_150
cosbounce_cos_0015,5350,162.44897291797827,16.48283289101128,run_150
cosbounce_cos_0068,3001,162.41986821138414,279.55726174648373,run_150
cosbounce_cos_0064,19008,162.39558816294647,41.15242612857206,run_150
cosbounce_cos_0049,15761,162.3895519225096,30.929150002644413,run_150
cosbounce_cos_0083,2408,162.38453431984786,5.371752873877117,run_150
cosbounce_cos_0041,18051,162.37962743932886,58.94764056586236,run_150
cosbounce_cos_0038,14121,162.3683491338703,293.57884742998965,run_150
cosbounce_cos_0057,2395,162.36831190194422,55.2141119598804,run_150
cosbounce_cos_0008,6206,162.36785134690342,21.33432891862002,run_150
cosbounce_cos_0045,2060,162.35730305847505,19.308277710899,run_150
cosbounce_cos_0060,13666,162.33136330611555,27.48069100483396,run_150
cosbounce_cos_0026,2665,162.31832502855784,72.99967024348717,run_150
cosbounce_cos_0039,8665,162.29652667679886,34.228445633530164,run_150
cosbounce_cos_0005,14395,162.27784743775197,29.88523156793155,run_150
cosbounce_cos_0008,21285,162.27267265142962,15.47478951487268,run_150
cosbounce_cos_0025,9277,162.25803708923715,57.400913223180176,run_150
cosbounce_cos_0073,7123,162.23641349839065,406.46989368274996,run_150
cosbounce_cos_0025,7390,162.23603864653222,273.23544814169827,run_150
cosbounce_cos_0078,15818,162.18938689871268,58.559111584346994,run_150
cosbounce_cos_0074,11586,162.1635545479667,16.555604668944202,run_150
cosbounce_cos_0032,18096,162.14211521139512,1.8070606762162764,run_150
cosbounce_cos_0057,1016,162.13896099965456,21.42956653898774,run_150
cosbounce_cos_0080,420,162.08890235540406,36.87237111587409,run_150
cosbounce_cos_0072,20959,162.03318520267442,19.90761527394247,run_150
cosbounce_cos_0070,11830,162.01830284398665,27.431917934770915,run_150
cosbounce_cos_0081,6098,161.988444384879,85.6514639178178,run_150
cosbounce_cos_0045,7006,161.96810075259765,382.93859286901386,run_150
cosbounce_cos_0076,11392,161.94121825063777,31.88045637100152,run_150
cosbounce_cos_0034,1253,161.9061996225029,14.45444959338867,run_150
cosbounce_cos_0069,17007,161.90167549443814,364.07934632186794,run_150
cosbounce_cos_0009,14638,161.88880102121848,27.231180546045728,run_150
cosbounce_cos_0085,13604,161.87335718737484,189.4874141051969,run_150
cosbounce_cos_0068,9276,161.87313832195753,6.308396127641699,run_150
cosbounce_cos_0019,9290,161.86599484031615,21.553462888136995,run_150
cosbounce_cos_0069,1585,161.8394168684209,2.41251059003787,run_150
cosbounce_cos_0019,14462,161.79246714166396,1.3286052584280406,run_150
cosbounce_cos_0020,21136,161.78064654793715,13.302245859663282,run_150
cosbounce_cos_0035,17906,161.7755050810084,20.119466013644963,run_150
cosbounce_cos_0020,4252,161.75578492579746,255.10302872826904,run_150
cosbounce_cos_0058,10593,161.73755443003543,12.88748129540968,run_150
cosbounce_cos_0067,5416,161.7091796224251,25.0316682791339,run_150
cosbounce_cos_0063,21130,161.69544434397838,177.41849200468596,run_150
cosbounce_cos_0038,21839,161.68818397760904,0.42834716612194457,run_150
cosbounce_cos_0081,9844,161.68083031082554,27.081813407874108,run_150
cosbounce_cos_0024,9989,161.66918585305177,19.91809302768845,run_150
cosbounce_cos_0022,15797,161.64859417983783,35.114556308132826,run_150
cosbounce_cos_0025,1594,161.59619544678108,12.779490377298062,run_150
cosbounce_cos_0012,20536,161.57532212808937,81.18849502189927,run_150
cosbounce_cos_0019,8328,161.5274285676399,41.92503485781775,run_150
cosbounce_cos_0063,20822,161.5216502472442,442.27408386104855,run_150
cosbounce_cos_0056,9170,161.51755668017475,107.93597225073833,run_150
cosbounce_cos_0066,2833,161.49245763988029,229.0892839577791,run_150
cosbounce_cos_0081,6564,161.47936144798322,21.22391178091941,run_150
cosbounce_cos_0026,5684,161.4701237889207,66.08514520088492,run_150
cosbounce_cos_0042,14671,161.45809584419627,269.70885302867754,run_150
cosbounce_cos_0039,4606,161.42505089531858,92.79222525641073,run_150
cosbounce_cos_0001,1191,161.3895750566044,54.70003978630522,run_150
cosbounce_cos_0051,18657,161.34816210619283,0.9378852623153879,run_150
cosbounce_cos_0001,22511,161.33308910109938,117.00422018703563,run_150
cosbounce_cos_0051,16890,161.3208681806535,23.05869986130411,run_150
cosbounce_cos_0047,13265,161.3181483692263,4.918765257893178,run_150
cosbounce_cos_0027,10402,161.29520528833706,53.473052976582515,run_150
cosbounce_cos_0052,9615,161.28194807384116,168.9296343225306,run_150
cosbounce_cos_0006,16095,161.25821463096563,73.83328066413696,run_150
cosbounce_cos_0012,14909,161.2369719010925,82.09316070072407,run_150
cosbounce_cos_0052,13860,161.16487377405414,232.69472910370476,run_150
cosbounce_cos_0046,21437,161.14344742135378,62.05040384141132,run_150
cosbounce_cos_0078,3082,161.1413482955624,17.39563682879052,run_150
cosbounce_cos_0038,10850,161.1202732950966,155.09866913782687,run_150
cosbounce_cos_0078,6388,161.1001487619939,0.6326992747835432,run_150
cosbounce_cos_0081,1510,161.03169553261435,212.37106911143368,run_150
cosbounce_cos_0011,5114,160.957979893465,17.17916106546791,run_150
cosbounce_cos_0084,17486,160.9578591218543,9.746691962351141,run_150
cosbounce_cos_0043,14685,160.94863532969916,46.00203142056616,run_150
cosbounce_cos_0064,20352,160.93079165936462,341.4128522622173,run_150
cosbounce_cos_0020,3491,160.90996931590044,8.819840160770413,run_150
cosbounce_cos_0071,2852,160.89829543583627,135.4757973422663,run_150
cosbounce_cos_0066,6710,160.87545145581848,105.40485820643266,run_150
cosbounce_cos_0047,1456,160.87528603050077,113.4751383963908,run_150
cosbounce_cos_0047,17960,160.81744813815948,35.909821734032896,run_150
cosbounce_cos_0004,6705,160.7906905793935,48.068713163558535,run_150
cosbounce_cos_0062,21049,160.7422670836211,13.859354489385751,run_150
cosbounce_cos_0045,6367,160.69480218286694,5.219129150021372,run_150
cosbounce_cos_0020,11638,160.69293839318482,429.3690805625765,run_150
cosbounce_cos_0066,21177,160.68376905618905,16.394547339471742,run_150
cosbounce_cos_0046,12830,160.6322542808544,316.7173208571951,run_150
cosbounce_cos_0068,7261,160.61430300276834,57.84278531484738,run_150
cosbounce_cos_0048,13629,160.56881317828555,39.95488215571266,run_150
cosbounce_cos_0044,5602,160.56067927899733,8.16257776792255,run_150
cosbounce_cos_0039,19190,160.55663351881196,7.460247049379964,run_150
cosbounce_cos_0044,1173,160.53105314737323,14.57610218608473,run_150
cosbounce_cos_0031,10324,160.52058768174544,59.06921367815101,run_150
cosbounce_cos_0001,12665,160.471272989979,63.51077041457184,run_150
cosbounce_cos_0064,14969,160.46544857517765,94.76770260150981,run_150
cosbounce_cos_0081,14420,160.45554343118945,99.3344307141759,run_150
cosbounce_cos_0059,14904,160.43991375472265,58.27273427731462,run_150
cosbounce_cos_0014,11054,160.42786450305186,2.8845417780090066,run_150
cosbounce_cos_0035,1820,160.39190612321906,458.7354455688081,run_150
cosbounce_cos_0040,11355,160.37615998808914,14.080963761362359,run_150
cosbounce_cos_0034,8531,160.33440685097796,163.42570927992145,run_150
cosbounce_cos_0063,5238,160.28323223072377,33.7187080143667,run_150
cosbounce_cos_0066,7252,160.27896308381187,456.105987442683,run_150
cosbounce_cos_0037,19498,160.2759884120905,257.32258041378105,run_150
cosbounce_cos_0031,9845,160.23111910982067,305.2324818743922,run_150
cosbounce_cos_0014,8948,160.22852578267154,235.06261607844118,run_150
cosbounce_cos_0028,14362,160.203360510573,320.937447138518,run_150
cosbounce_cos_0069,21957,160.20226987683537,6.156003474003322,run_150
cosbounce_cos_0027,18685,160.2011939171229,19.2616121011813,run_150
cosbounce_cos_0043,3729,160.15847095142908,45.05119356147049,run_150
cosbounce_cos_0067,16776,160.15357399079903,31.22434663751129,run_150
cosbounce_cos_0053,14704,160.1532950573663,221.02473728010384,run_150
cosbounce_cos_0058,1235,160.14820711736115,47.752524594105054,run_150
cosbounce_cos_0071,6320,160.02968745341022,104.67710746534195,run_150
cosbounce_cos_0060,21611,160.01968674051832,7.295103896073534,run_150
cosbounce_cos_0064,18625,159.95512962075117,447.1985966020268,run_150
cosbounce_cos_0021,5597,159.918110412664,8.386002503332975,run_150
cosbounce_cos_0083,17686,159.89976618191446,57.09083810274657,run_150
cosbounce_cos_0026,6901,159.85567443186662,18.02047626562044,run_150
cosbounce_cos_0067,4806,159.8459697883699,32.41193413524691,run_150
cosbounce_cos_0081,17146,159.72775929046045,20.726391017659978,run_150
cosbounce_cos_0049,2710,159.6911366834195,58.17498931715006,run_150
cosbounce_cos_0071,20185,159.685266555933,51.702472006814574,run_150
cosbounce_cos_0074,19798,159.66807725433227,140.84451769965625,run_150
cosbounce_cos_0025,7420,159.6678237046209,40.82639331474181,run_150
cosbounce_cos_0039,10398,159.65879407118882,193.54373288030175,run_150
cosbounce_cos_0082,12765,159.6079918871546,32.9536641920688,run_150
cosbounce_cos_0080,6373,159.58053368662522,236.93088299606927,run_150
cosbounce_cos_0048,4317,159.56838551625904,110.17707422861017,run_150
cosbounce_cos_0058,18337,159.54111601221132,92.1168058831585,run_150
cosbounce_cos_0023,8920,159.5389144471664,7.301208170455037,run_150
cosbounce_cos_0019,12114,159.46818343636514,9.824078182994272,run_150
cosbounce_cos_0016,2216,159.46120709641374,2.014459438336136,run_150
cosbounce_cos_0005,4783,159.45989321135667,265.6919968566564,run_150
cosbounce_cos_0070,16657,159.45214367032114,34.002050480351016,run_150
cosbounce_cos_0084,7513,159.39866652913784,83.3765645616696,run_150
cosbounce_cos_0018,22068,159.39466093385582,20.567040947905614,run_150
cosbounce_cos_0041,7720,159.36255131224829,107.7755291371014,run_150
cosbounce_cos_0048,928,159.36042235685346,44.09276132143444,run_150
cosbounce_cos_0055,7693,159.33404079851692,22.892920780223644,run_150
cosbounce_cos_0001,16471,159.30027941965668,375.9204250341903,run_150
cosbounce_cos_0027,21918,159.27515841607502,167.5947536637932,run_150
cosbounce_cos_0034,9073,159.25318319895007,6.535634311575814,run_150
cosbounce_cos_0036,16808,159.2305052919918,79.75084673980494,run_150
cosbounce_cos_0012,413,159.177667875013,1.3513017125246034,run_150
cosbounce_cos_0024,18936,159.1083556381191,187.01701176924408,run_150
cosbounce_cos_0017,8069,159.09901740653234,5.822106471001991,run_150
cosbounce_cos_0040,3082,159.08930332970195,46.15965110939922,run_150
cosbounce_cos_0041,6134,159.08911349226162,45.37292327709794,run_150
cosbounce_cos_0029,5472,159.0813819140081,207.24448943218903,run_150
cosbounce_cos_0071,13886,159.06929870286157,75.08802196639019,run_150
cosbounce_cos_0085,4563,159.06004712254173,31.90521178518274,run_150
cosbounce_cos_0030,1200,159.03234577338043,58.235993842857305,run_150
cosbounce_cos_0075,13859,159.02829991454166,23.699013269146455,run_150
cosbounce_cos_0025,176,159.022990215611,19.328868232252173,run_150
cosbounce_cos_0010,1892,158.99951325675192,24.033581888985637,run_150
cosbounce_cos_0059,18482,158.9912742051181,33.33927060590377,run_150
cosbounce_cos_0012,11359,158.92508222116015,301.522484747257,run_150
cosbounce_cos_0085,18632,158.91304641246003,19.75889823424304,run_150
cosbounce_cos_0083,14488,158.90647213787275,22.38325136950867,run_150
cosbounce_cos_0061,12479,158.90118822065867,68.81767181723967,run_150
cosbounce_cos_0059,13065,158.89775650691007,177.00784158002327,run_150
cosbounce_cos_0000,8789,158.89689893717664,338.43258273175576,run_150
cosbounce_cos_0001,12202,158.89571310055396,201.20444474114296,run_150
cosbounce_cos_0072,2150,158.88196281452161,59.71061547118319,run_150
cosbounce_cos_0077,21381,158.86012038927373,33.435621749293375,run_150
cosbounce_cos_0021,18228,158.85023208782326,133.17558038558508,run_150
cosbounce_cos_0005,12129,158.84040762337386,300.3962610710048,run_150
cosbounce_cos_0073,930,158.83578607524953,8.97033723243754,run_150
cosbounce_cos_0014,2962,158.8352271901609,10.774282934999125,run_150
cosbounce_cos_0077,4180,158.82633444184572,20.69958483076533,run_150
cosbounce_cos_0034,5428,158.79882516795172,78.00179734212621,run_150
cosbounce_cos_0078,14169,158.78845694330144,51.973561098840676,run_150
cosbounce_cos_0076,22375,158.7825205955867,40.438746474688124,run_150
cosbounce_cos_0017,17322,158.77878723288453,236.77584214773117,run_150
cosbounce_cos_0052,10313,158.6689838718956,185.8847911536633,run_150
cosbounce_cos_0013,18864,158.6242549161083,92.48027998460867,run_150
cosbounce_cos_0017,15006,158.61481384327206,34.564397975450795,run_150
cosbounce_cos_0045,4688,158.60881695679285,44.460560381020606,run_150
cosbounce_cos_0074,3652,158.56847017615803,65.91014544538938,run_150
cosbounce_cos_0018,356,158.56781011846496,14.15457896458937,run_150
cosbounce_cos_0059,11096,158.5525520598173,8.844052966307625,run_150
cosbounce_cos_0026,4807,158.5392519635602,5.1818462003861105,run_150
cosbounce_cos_0042,7292,158.53760893775802,270.3929805023155,run_150
cosbounce_cos_0012,4258,158.53033887887005,218.14785839384058,run_150
cosbounce_cos_0083,10249,158.5154349497421,49.20273646313673,run_150
cosbounce_cos_0015,1792,158.5015234666849,291.7524133699131,run_150
cosbounce_cos_0059,20377,158.48671836300747,2.8421152130455605,run_150
cosbounce_cos_0043,11053,158.4406685963927,33.753446808272514,run_150
cosbounce_cos_0068,19519,158.43755373330305,67.66846358595177,run_150
cosbounce_cos_0027,21881,158.40615510901304,422.45855918145895,run_150
cosbounce_cos_0025,3475,158.40042726358558,85.03989673420986,run_150
cosbounce_cos_0068,17882,158.3725679501749,14.17577288195018,run_150
cosbounce_cos_0029,3472,158.36498328257719,131.5441994825769,run_150
cosbounce_cos_0076,6831,158.35388819660685,29.050895135907457,run_150
cosbounce_cos_0062,19522,158.353357780742,203.7154045070536,run_150
cosbounce_cos_0061,11521,158.34719933746703,15.095875946525508,run_150
cosbounce_cos_0065,7599,158.34204765396626,328.87456655157644,run_150
cosbounce_cos_0049,1143,158.33796726606542,21.597112576970588,run_150
cosbounce_cos_0026,4164,158.30292803172023,33.44554043499742,run_150
cosbounce_cos_0004,19803,158.25375364102825,139.28959859029422,run_150
cosbounce_cos_0066,371,158.24293425138444,9.57393735617713,run_150
cosbounce_cos_0040,21148,158.2377258686547,75.5931751112052,run_150
cosbounce_cos_0053,21536,158.23390138103323,131.9087013030224,run_150
cosbounce_cos_0049,11527,158.22368682368625,52.274563369473505,run_150
cosbounce_cos_0004,6463,158.18914619579695,46.679996536649774,run_150
cosbounce_cos_0050,12819,158.17945802059074,9.24525791346853,run_150
cosbounce_cos_0023,9596,158.17024266552684,21.016422553142007,run_150
cosbounce_cos_0065,7971,158.1537101125662,17.700982998752394,run_150
cosbounce_cos_0065,9697,158.15365872343276,43.5375915139457,run_150
cosbounce_cos_0016,14798,158.13655747606927,13.135026137726724,run_150
cosbounce_cos_0068,2415,158.1136186250078,269.3170056389968,run_150
cosbounce_cos_0025,10712,158.09141618855304,41.73554923157445,run_150
cosbounce_cos_0052,10709,158.08248484358282,41.001443066074316,run_150
cosbounce_cos_0043,15321,158.07700554062038,118.6220565827734,run_150
cosbounce_cos_0070,16124,158.06249695692966,13.205899439540207,run_150
cosbounce_cos_0069,14383,158.05119304489418,241.7809105516419,run_150
cosbounce_cos_0058,22344,158.0497618782409,52.23373117512045,run_150
cosbounce_cos_0045,12306,158.04855218198475,148.63307767024745,run_150
cosbounce_cos_0018,13705,158.00368149288622,17.510974617848344,run_150
cosbounce_cos_0038,10143,157.94175857064073,9.728755447291036,run_150
cosbounce_cos_0083,17374,157.91615281160222,176.22889726992952,run_150
cosbounce_cos_0062,8362,157.90768293508611,42.10121317694928,run_150
cosbounce_cos_0020,4270,157.90566361509775,140.11597394711777,run_150
cosbounce_cos_0048,7029,157.8947942932847,120.41882067799153,run_150
cosbounce_cos_0046,10824,157.89131192719753,5.8861923887318275,run_150
cosbounce_cos_0067,5543,157.8811177754473,19.732102152050558,run_150
cosbounce_cos_0070,16213,157.87268924181757,188.3471042002085,run_150
cosbounce_cos_0059,11397,157.85302765280179,165.04714585022373,run_150
cosbounce_cos_0075,2271,157.83237900745877,88.63359410137394,run_150
cosbounce_cos_0051,8374,157.74274768921,178.4536161274498,run_150
cosbounce_cos_0060,16801,157.74052631458076,63.4005152268825,run_150
cosbounce_cos_0004,11941,157.7356181047463,8.21379436954531,run_150
cosbounce_cos_0001,15054,157.7140494194134,13.519125628133027,run_150
cosbounce_cos_0028,2378,157.69261771558035,86.19906896235793,run_150
cosbounce_cos_0084,12406,157.69215929237245,299.2961243167128,run_150
cosbounce_cos_0052,1885,157.65460331014793,403.2984553586989,run_150
cosbounce_cos_0022,20026,157.6536853006827,30.405085678148165,run_150
cosbounce_cos_0020,17719,157.6385625849248,339.8852359958207,run_150
cosbounce_cos_0023,10996,157.6322012084547,5.312758114432723,run_150
cosbounce_cos_0045,1646,157.61277248055515,69.30436277025716,run_150
cosbounce_cos_0026,1731,157.60067677170105,33.53019984659559,run_150
cosbounce_cos_0020,314,157.52658763193202,5.77245769438242,run_150
cosbounce_cos_0043,21491,157.4653683106197,192.0529436035004,run_150
cosbounce_cos_0064,8129,157.45624827104126,29.76980871544548,run_150
cosbounce_cos_0022,4038,157.43314964156363,272.34664976070604,run_150
cosbounce_cos_0082,8488,157.3943961055601,86.94455766021532,run_150
cosbounce_cos_0008,2242,157.3913806634899,3.204458981393508,run_150
cosbounce_cos_0009,4653,157.35864135736622,12.576147741305062,run_150
cosbounce_cos_0064,20551,157.35132290247333,333.365958780933,run_150
cosbounce_cos_0020,469,157.34359437634524,365.93568032708885,run_150
cosbounce_cos_0054,4015,157.34122539052052,4.448757925844837,run_150
cosbounce_cos_0058,13963,157.34112746456168,18.31393063473146,run_150
cosbounce_cos_0015,10653,157.32805160130434,113.73842248312938,run_150
cosbounce_cos_0009,14059,157.28974898668332,11.517316351976014,run_150
cosbounce_cos_0070,7119,157.28150189448405,252.31221593715867,run_150
cosbounce_cos_0051,15868,157.28057797362118,19.69988737733029,run_150
cosbounce_cos_0073,18812,157.2652446954974,330.88595218252556,run_150
cosbounce_cos_0086,8658,157.261903370002,45.33987186576392,run_150
cosbounce_cos_0033,9248,157.23687653342583,37.660283291848586,run_150
cosbounce_cos_0080,14546,157.23372877028083,38.37561004545433,run_150
cosbounce_cos_0053,15969,157.20020274605673,286.5229150912094,run_150
cosbounce_cos_0051,12604,157.15692518060618,59.82697152558412,run_150
cosbounce_cos_0000,13720,157.1459530179454,34.22444932982404,run_150
cosbounce_cos_0039,5407,157.11167305440543,15.525060242211518,run_150
cosbounce_cos_0076,11989,157.10930948658756,13.149854529626952,run_150
cosbounce_cos_0053,20964,157.09532956214008,0.9414868756664019,run_150
cosbounce_cos_0019,21978,157.09089496068265,211.9933206420508,run_150
cosbounce_cos_0065,9993,157.07110384349926,30.1079077718945,run_150
cosbounce_cos_0011,13009,157.06906505733676,210.6521026239174,run_150
cosbounce_cos_0021,13468,157.037286382915,194.09890242018423,run_150
cosbounce_cos_0019,11071,157.0047458370397,235.84014196624426,run_150
cosbounce_cos_0069,9951,156.92494460400198,75.74045873390612,run_150
cosbounce_cos_0069,69,156.89392242608182,32.37831734469333,run_150
cosbounce_cos_0023,6482,156.87658367260443,5.810279911345028,run_150
cosbounce_cos_0058,2430,156.8459654076626,148.4556674198204,run_150
cosbounce_cos_0013,630,156.82051044505144,100.12982650383631,run_150
cosbounce_cos_0013,3700,156.73258452761522,66.64839059599804,run_150
cosbounce_cos_0003,18151,156.71041546863228,9.734371069633108,run_150
cosbounce_cos_0015,4222,156.61016993656614,356.0619825572837,run_150
cosbounce_cos_0052,5971,156.60779857095585,158.63785135129507,run_150
cosbounce_cos_0073,7338,156.4839505144442,192.47291340299267,run_150
cosbounce_cos_0001,20838,156.47351082297476,263.18408286226764,run_150
cosbounce_cos_0019,22076,156.46915041868616,65.36844206232502,run_150
cosbounce_cos_0011,8249,156.4366541320131,150.36245063181326,run_150
cosbounce_cos_0043,736,156.42656156629874,107.66813299144111,run_150
cosbounce_cos_0053,8686,156.4121474773126,42.92350664728608,run_150
cosbounce_cos_0017,21311,156.3982885751667,61.48440825990658,run_150
cosbounce_cos_0036,3534,156.35804514024008,121.47761049592069,run_150
cosbounce_cos_0045,4021,156.30230125580516,16.68103381975706,run_150
cosbounce_cos_0006,17298,156.26735748122968,256.8109369926616,run_150
cosbounce_cos_0026,15439,156.2561918317421,405.1727019060652,run_150
cosbounce_cos_0022,12488,156.20343362425862,33.00030327117622,run_150
cosbounce_cos_0008,7292,156.1678318942307,14.61810217723413,run_150
cosbounce_cos_0066,18438,156.16356320287412,432.6324429592075,run_150
cosbounce_cos_0005,6422,156.14631368665343,169.87945524714834,run_150
cosbounce_cos_0012,11567,156.1439291339533,143.51593555571702,run_150
cosbounce_cos_0055,19208,156.14122985110677,20.79974123058127,run_150
cosbounce_cos_0084,6984,156.10386293482793,42.412013134781745,run_150
cosbounce_cos_0043,12946,156.07554900839344,170.6860445579562,run_150
cosbounce_cos_0031,17486,156.06518842021433,106.98184368077949,run_150
cosbounce_cos_0061,20920,156.0393778983729,57.593328491739385,run_150
cosbounce_cos_0084,18267,156.02909560700502,552.0095795187008,run_150
cosbounce_cos_0081,16877,156.0246575342322,53.66723526309291,run_150
cosbounce_cos_0071,13408,156.022997415455,274.67393308261825,run_150
cosbounce_cos_0016,21869,156.0091340991074,155.73077770877168,run_150
cosbounce_cos_0046,6410,155.98420224072117,56.39879835036827,run_150
cosbounce_cos_0067,6133,155.95364757349836,12.346286658969102,run_150
cosbounce_cos_0011,12027,155.94370213794798,144.54489836466644,run_150
cosbounce_cos_0033,220,155.9378526539922,12.369442987791818,run_150
cosbounce_cos_0055,2734,155.9141241528999,8.131704863744767,run_150
cosbounce_cos_0025,14192,155.87017078737264,64.72325869434492,run_150
cosbounce_cos_0050,10926,155.85925142502927,49.70782475995969,run_150
cosbounce_cos_0077,17521,155.81763805590228,4.618862713464644,run_150
cosbounce_cos_0076,19016,155.80558379862393,374.54420189982244,run_150
cosbounce_cos_0017,1042,155.78891695560824,45.131758245043244,run_150
cosbounce_cos_0083,5568,155.76960360313538,40.645082249160275,run_150
cosbounce_cos_0008,14727,155.76612946767705,91.41895448985731,run_150
cosbounce_cos_0020,12750,155.75936594941723,299.06364380644766,run_150
cosbounce_cos_0080,19365,155.73533173702867,24.128448088570988,run_150
cosbounce_cos_0072,17304,155.70280430833134,8.333350187317421,run_150
cosbounce_cos_0067,6121,155.66356566834142,199.9397138847417,run_150
cosbounce_cos_0024,18989,155.63675515657897,10.994403327240569,run_150
cosbounce_cos_0078,18879,155.58430793870212,2.2386404662162342,run_150
cosbounce_cos_0085,11569,155.52262995576982,33.33529710387117,run_150
cosbounce_cos_0070,14410,155.51397413490037,129.37959040444545,run_150
cosbounce_cos_0031,17050,155.44936522785258,95.11163944223726,run_150
cosbounce_cos_0005,12797,155.44716195746042,223.13254297937593,run_150
cosbounce_cos_0011,21955,155.38867490188622,68.17701209810228,run_150
cosbounce_cos_0013,15191,155.35357391605388,115.939387321363,run_150
cosbounce_cos_0020,7936,155.35006501759793,319.0459156493627,run_150
cosbounce_cos_0002,9764,155.28259689909322,27.786499146508113,run_150
cosbounce_cos_0021,12129,155.27458272910235,104.40040316631249,run_150
cosbounce_cos_0000,18939,155.25856713142016,3.708195394255299,run_150
cosbounce_cos_0050,5076,155.22104791562506,182.20008551275802,run_150
cosbounce_cos_0019,11813,155.21095450733847,421.6559331725979,run_150
cosbounce_cos_0015,16170,155.1843347133573,15.52009920727111,run_150
cosbounce_cos_0025,20153,155.159497125144,1.4352377192148378,run_150
cosbounce_cos_0011,3317,155.09011402491245,4.536810723205864,run_150
cosbounce_cos_0039,7216,155.0845451785699,35.99397698932623,run_150
cosbounce_cos_0043,3802,155.0835624662708,530.9480339658033,run_150
cosbounce_cos_0008,11508,155.07039194323175,44.63827652987435,run_150
cosbounce_cos_0086,8667,155.0613717410088,24.164182332860168,run_150
cosbounce_cos_0084,20347,155.06126524858985,159.73404119111188,run_150
cosbounce_cos_0070,2111,155.03789138207554,132.14141989348775,run_150
cosbounce_cos_0002,10760,155.00447559604748,52.14772833290954,run_150
cosbounce_cos_0042,7107,154.99357443479764,7.588662605564036,run_150
cosbounce_cos_0037,9289,154.95102250834216,18.825345447694463,run_150
cosbounce_cos_0014,1715,154.9243151590576,196.98603671940884,run_150
cosbounce_cos_0015,4755,154.92111964224603,252.1764904777543,run_150
cosbounce_cos_0085,21658,154.9095019150291,11.135061073544207,run_150
cosbounce_cos_0054,11448,154.88406212100594,29.36197180310096,run_150
cosbounce_cos_0003,3019,154.87298477467212,23.107861264869285,run_150
cosbounce_cos_0030,21178,154.8709133244505,58.978183162627666,run_150
cosbounce_cos_0010,4550,154.84379194409792,44.96099053407315,run_150
cosbounce_cos_0069,21827,154.82096461885394,17.70172079607245,run_150
cosbounce_cos_0042,337,154.79823806037487,107.20846168689464,run_150
cosbounce_cos_0063,3305,154.78537782152102,3.2059431552660276,run_150
cosbounce_cos_0048,631,154.74994396218588,273.9847922942087,run_150
cosbounce_cos_0028,2045,154.70816612093063,44.774418191796784,run_150
cosbounce_cos_0070,10185,154.69730052502615,141.17567524043284,run_150
cosbounce_cos_0019,17503,154.69478350289927,18.975299500065724,run_150
cosbounce_cos_0002,12021,154.68584836799843,56.90595627025921,run_150
cosbounce_cos_0025,2936,154.68573372385833,29.23314023883874,run_150
cosbounce_cos_0066,18498,154.68549764432416,236.71146855047587,run_150
cosbounce_cos_0039,13806,154.6420430793914,179.14908756713132,run_150
cosbounce_cos_0035,8427,154.57494464178384,43.98853666570269,run_150
cosbounce_cos_0076,12230,154.56917058197044,83.57219917443767,run_150
cosbounce_cos_0058,9466,154.5054116201248,0.2933125900154613,run_150
cosbounce_cos_0054,9996,154.48713091104761,39.57649216387124,run_150
cosbounce_cos_0033,2059,154.47142544068737,33.02464394279913,run_150
cosbounce_cos_0083,9579,154.4613338744018,0.15205388760157523,run_150
cosbounce_cos_0061,18037,154.4408080413341,2.8189946662219842,run_150
cosbounce_cos_0055,1320,154.4313095594358,142.46543154722028,run_150
cosbounce_cos_0014,11510,154.4069905804156,38.47173394579168,run_150
cosbounce_cos_0032,17590,154.39959855721438,56.525936677093796,run_150
cosbounce_cos_0044,1877,154.3168506332242,328.00965313454543,run_150
cosbounce_cos_0079,16084,154.29571876374126,185.14019616686878,run_150
cosbounce_cos_0004,21212,154.20194362206635,97.85083280781072,run_150
cosbounce_cos_0070,2387,154.17652160843252,16.73441014245341,run_150
cosbounce_cos_0032,18160,154.17567481415452,130.7635948408302,run_150
cosbounce_cos_0002,21369,154.11992258573505,4.963024660318821,run_150
cosbounce_cos_0024,17034,154.10321712262825,353.6985166741351,run_150
cosbounce_cos_0012,1247,154.08173034833558,256.09807487821195,run_150
cosbounce_cos_0017,7662,154.0619006091063,475.71853191344485,run_150
cosbounce_cos_0073,5737,154.0425183807748,2.9074083048898505,run_150
cosbounce_cos_0082,21748,153.96686078756758,51.78288943590997,run_150
cosbounce_cos_0010,6385,153.95073388339884,97.34571460505161,run_150
cosbounce_cos_0021,6869,153.94230268248162,119.77158757452847,run_150
cosbounce_cos_0062,7334,153.93965170426904,1.829672097853413,run_150
cosbounce_cos_0022,7303,153.90473437005954,11.258081234042262,run_150
cosbounce_cos_0001,4008,153.89687314514265,260.9374065811342,run_150
cosbounce_cos_0065,571,153.88469713631613,17.058523751612633,run_150
cosbounce_cos_0030,10342,153.88129770090782,35.601057872174295,run_150
cosbounce_cos_0066,17242,153.8712481361437,10.253446198680981,run_150
cosbounce_cos_0012,18823,153.82493495775853,101.64405112169997,run_150
cosbounce_cos_0037,132,153.76573158094092,136.20817566836294,run_150
cosbounce_cos_0042,6419,153.7571665748492,74.2112455453522,run_150
cosbounce_cos_0003,17392,153.7495852501137,138.6859673216345,run_150
cosbounce_cos_0066,21842,153.7443020839617,334.94503000523866,run_150
cosbounce_cos_0027,306,153.7181030653303,50.6274598915667,run_150
cosbounce_cos_0034,510,153.71212646676565,27.035248013680512,run_150
cosbounce_cos_0010,6923,153.7086988244435,26.386725236682782,run_150
cosbounce_cos_0000,2576,153.67922952959836,4.641672861498959,run_150
cosbounce_cos_0080,13874,153.65467747951502,17.358441526459583,run_150
cosbounce_cos_0077,21305,153.58625001830515,24.415989204025045,run_150
cosbounce_cos_0069,8147,153.57377160949764,14.610954481688644,run_150
cosbounce_cos_0058,11804,153.56295509936106,48.262885395016696,run_150
cosbounce_cos_0080,5662,153.53756646014673,34.79518726126452,run_150
cosbounce_cos_0047,9417,153.52824377670302,106.68155643345578,run_150
cosbounce_cos_0028,5200,153.5170033241215,42.151830401600044,run_150
cosbounce_cos_0080,19495,153.45263614182153,183.13952734485602,run_150
cosbounce_cos_0062,8504,153.35269090098737,411.57766049537736,run_150
cosbounce_cos_0068,6945,153.34693212090656,41.27009036512398,run_150
cosbounce_cos_0064,17328,153.30688370996793,246.55148785200674,run_150
cosbounce_cos_0081,52,153.30348771017773,52.84971940260352,run_150
cosbounce_cos_0060,30,153.29468944848173,29.584619316376305,run_150
cosbounce_cos_0059,10321,153.26956351190307,140.21933858409457,run_150
cosbounce_cos_0043,13690,153.2138163668987,18.039509771429245,run_150
cosbounce_cos_0076,1136,153.20383029246833,83.42778501395765,run_150
cosbounce_cos_0023,1227,153.15790687970943,25.44972479588829,run_150
cosbounce_cos_0077,14180,153.1195473968684,26.53591942244797,run_150
cosbounce_cos_0012,773,153.11173750702463,16.71322868570229,run_150
cosbounce_cos_0054,6381,153.11015506365123,41.375010518592184,run_150
cosbounce_cos_0003,6864,153.10437947863625,66.70498623346751,run_150
cosbounce_cos_0046,13733,153.0213189026516,57.021852257549234,run_150
cosbounce_cos_0033,1624,152.95651872863948,12.728922379137902,run_150
cosbounce_cos_0042,12198,152.93805664197572,312.0898639609679,run_150
cosbounce_cos_0033,756,152.90885271324748,105.5656905904707,run_150
cosbounce_cos_0024,123,152.9010267891484,313.5225602077831,run_150
cosbounce_cos_0000,4586,152.8668669301843,41.035188947093296,run_150
cosbounce_cos_0049,4897,152.8416267973331,176.36835063445056,run_150
cosbounce_cos_0038,14892,152.84148940000006,5.145456832929583,run_150
cosbounce_cos_0076,16827,152.83618148277594,294.8310701059488,run_150
cosbounce_cos_0070,20434,152.8209558961554,83.52784103721355,run_150
cosbounce_cos_0079,416,152.80927053736988,20.466675780598973,run_150
cosbounce_cos_0000,9818,152.7735815280443,373.44703518758485,run_150
cosbounce_cos_0085,5975,152.74650019007467,6.760827968541665,run_150
cosbounce_cos_0007,19031,152.64915455653303,12.407743307018237,run_150
cosbounce_cos_0085,1269,152.6371172592368,96.71646299301503,run_150
cosbounce_cos_0024,10335,152.6338443083424,4.733553463173089,run_150
cosbounce_cos_0059,5078,152.62237258477057,0.4389123661441271,run_150
cosbounce_cos_0024,11697,152.6158322593654,37.23960801787796,run_150
cosbounce_cos_0015,21481,152.57067941257202,25.83061261242805,run_150
cosbounce_cos_0057,9376,152.55626061152495,27.517652489220975,run_150
cosbounce_cos_0027,20171,152.54058649583808,101.26019255710928,run_150
cosbounce_cos_0083,18173,152.50127439233373,400.30048657454034,run_150
cosbounce_cos_0022,11252,152.45711649744953,118.6881152110361,run_150
cosbounce_cos_0040,253,152.43105385375827,227.30829939881315,run_150
cosbounce_cos_0063,13370,152.39634980881553,6.625624165304972,run_150
cosbounce_cos_0041,8050,152.3951693121724,19.33177259101266,run_150
cosbounce_cos_0085,16758,152.3944823621614,38.23038263802351,run_150
cosbounce_cos_0045,6294,152.38530077165592,185.85365260279764,run_150
cosbounce_cos_0042,2766,152.36858151179612,124.4616113250196,run_150
cosbounce_cos_0061,20494,152.35556804286227,128.47207000070674,run_150
cosbounce_cos_0000,10860,152.30800631516257,11.69488727582868,run_150
cosbounce_cos_0048,3985,152.30370998333504,82.2089837252548,run_150
cosbounce_cos_0077,3435,152.29550851477154,110.59393073337505,run_150
cosbounce_cos_0013,10039,152.18864102306267,185.1221662832006,run_150
cosbounce_cos_0047,19813,152.18207045760317,17.615337609650418,run_150
cosbounce_cos_0016,6737,152.165476050678,11.799488639909583,run_150
cosbounce_cos_0022,10197,152.1584067616074,23.00436544975571,run_150
cosbounce_cos_0001,3535,152.14587869671857,15.045294766798447,run_150
cosbounce_cos_0072,8008,152.1452114192755,5.71191680540098,run_150
cosbounce_cos_0081,21343,152.13572014223593,142.11265034415484,run_150
cosbounce_cos_0083,22069,152.1258003073438,85.8315570533126,run_150
cosbounce_cos_0082,1149,152.1226316029977,176.03038878754143,run_150
cosbounce_cos_0071,15532,152.12220773905702,63.8658049792363,run_150
cosbounce_cos_0072,14406,152.11345947568998,21.50359029076456,run_150
cosbounce_cos_0077,11504,152.09853182285917,64.66098027265014,run_150
cosbounce_cos_0014,16137,152.0707057319694,135.53951565956365,run_150
cosbounce_cos_0054,12135,152.0619703822508,26.777845789784628,run_150
cosbounce_cos_0071,4693,152.05254469858,76.67624353671468,run_150
cosbounce_cos_0014,9550,151.97720758190314,42.27673843545904,run_150
cosbounce_cos_0033,1393,151.9371163139342,216.4428350931462,run_150
cosbounce_cos_0059,12633,151.91583426536585,156.16312620712608,run_150
cosbounce_cos_0018,14909,151.86568956436324,32.90300429429969,run_150
cosbounce_cos_0083,16786,151.85812967190654,34.38027625697136,run_150
cosbounce_cos_0017,5753,151.8276878239973,52.889761787915496,run_150
cosbounce_cos_0013,13637,151.7633777475701,12.968591673004816,run_150
cosbounce_cos_0044,1777,151.76236811371805,213.12244058240267,run_150
cosbounce_cos_0003,5912,151.75685170024508,58.961440588864626,run_150
cosbounce_cos_0009,8288,151.7243323531558,263.6515242038714,run_150
cosbounce_cos_0039,5885,151.719245985751,43.386864514093354,run_150
cosbounce_cos_0068,15642,151.64877115936483,119.2204498760269,run_150
cosbounce_cos_0030,18340,151.6258624337176,26.563689685265793,run_150
cosbounce_cos_0023,1693,151.61460152628817,75.44819153471924,run_150
cosbounce_cos_0028,18447,151.60310313195225,293.38064382574163,run_150
cosbounce_cos_0006,6112,151.58445030614826,9.31961506759623,run_150
cosbounce_cos_0026,13962,151.55276202649813,125.01321419681825,run_150
cosbounce_cos_0041,11954,151.53956063079144,20.649211214109435,run_150
cosbounce_cos_0076,1842,151.45618480173056,20.920333546881835,run_150
cosbounce_cos_0019,17217,151.44428126155861,298.7120235557281,run_150
cosbounce_cos_0069,7620,151.4239806240325,324.1676743416088,run_150
cosbounce_cos_0045,3348,151.41880076068654,28.219820710824134,run_150
cosbounce_cos_0058,5452,151.40782883947648,160.50971149297828,run_150
cosbounce_cos_0057,5034,151.40021803186062,7.462559480689721,run_150
cosbounce_cos_0022,21087,151.39368688352243,6.025196568006171,run_150
cosbounce_cos_0005,8247,151.29655234966177,65.98117086246272,run_150
cosbounce_cos_0068,21146,151.2828146479087,9.366398126984496,run_150
cosbounce_cos_0060,20247,151.25330808322346,285.3002700532837,run_150
cosbounce_cos_0013,8602,151.25073812116835,154.48049966177584,run_150
cosbounce_cos_0084,1381,151.22325991572012,103.5774667531708,run_150
cosbounce_cos_0067,13327,151.22252180881034,54.846360856362594,run_150
cosbounce_cos_0010,4833,151.18748674913985,3.5230353266464074,run_150
cosbounce_cos_0078,8038,151.16487311843815,314.27100092404726,run_150
cosbounce_cos_0010,19169,151.0806078065399,21.930161620640376,run_150
cosbounce_cos_0053,7903,151.07503638197278,39.90488434931975,run_150
cosbounce_cos_0058,21122,151.06820004305442,157.52258172810355,run_150
cosbounce_cos_0061,4646,151.06381393269294,45.54989817400388,run_150
cosbounce_cos_0024,1826,151.0476230554631,170.11592807522487,run_150
cosbounce_cos_0067,3074,151.02144358512277,0.09433611272624014,run_150
cosbounce_cos_0006,11931,150.9994193550854,295.1088795098802,run_150
cosbounce_cos_0008,6126,150.97579838806334,219.52817989456753,run_150
cosbounce_cos_0027,7017,150.92782619695265,298.54780191340166,run_150
cosbounce_cos_0037,229,150.92316721897114,37.8748228717197,run_150
cosbounce_cos_0024,20825,150.904163876052,58.9921590075759,run_150
cosbounce_cos_0046,13682,150.89017835464452,49.40230268697235,run_150
cosbounce_cos_0043,5141,150.84001842910985,15.720987200242197,run_150
cosbounce_cos_0057,3568,150.7960201698538,37.06403946868778,run_150
cosbounce_cos_0026,16562,150.7083192695853,71.89734004056245,run_150
cosbounce_cos_0084,5639,150.69188447083144,11.567020960589712,run_150
cosbounce_cos_0082,1032,150.69162853546538,2.3990884723815724,run_150
cosbounce_cos_0040,19552,150.66000640537106,53.686457968339475,run_150
cosbounce_cos_0024,9006,150.65715251667535,73.88169880095381,run_150
cosbounce_cos_0029,14082,150.6526700306744,9.51207134440539,run_150
cosbounce_cos_0010,5951,150.61724375167714,2.9473734899087765,run_150
cosbounce_cos_0068,19317,150.61594826425303,469.66516102045955,run_150
cosbounce_cos_0041,2575,150.58876720820032,29.85351199757684,run_150
cosbounce_cos_0055,13218,150.54048467359146,55.38886287210667,run_150
cosbounce_cos_0016,3777,150.47497763448263,362.9837429942144,run_150
cosbounce_cos_0068,5111,150.46983063879358,177.67054503675024,run_150
cosbounce_cos_0042,7993,150.45855914148137,5.9231911545042,run_150
cosbounce_cos_0028,16268,150.35882426463914,68.6108375004783,run_150
cosbounce_cos_0005,19920,150.33433317308646,364.3038803254861,run_150
cosbounce_cos_0068,2563,150.27309707343778,18.582772934770176,run_150
cosbounce_cos_0046,6112,150.2629499559448,481.2425774074236,run_150
cosbounce_cos_0031,12543,150.2436936966941,326.93955560652716,run_150
cosbounce_cos_0077,9851,150.12624227619463,5.787808458275761,run_150
cosbounce_cos_0060,21799,150.11008904788108,1.0874918486540148,run_150
cosbounce_cos_0039,15893,150.08922348555953,294.70353680657064,run_150
cosbounce_cos_0010,1035,150.06087357140285,4.69506863742189,run_150
cosbounce_cos_0064,20154,150.02925831238437,5.953022597179984,run_150
cosbounce_cos_0056,7625,150.0268273799491,38.19191899398093,run_150
cosbounce_cos_0019,1425,150.01619426388788,155.13843729336398,run_150
cosbounce_cos_0011,20328,149.99251464527336,296.51017369947704,run_150
cosbounce_cos_0040,5899,149.95547608992382,70.06905791586256,run_150
cosbounce_cos_0081,4344,149.941009600623,267.7600340918171,run_150
cosbounce_cos_0065,21397,149.92432541208882,35.84571245162611,run_150
cosbounce_cos_0071,13613,149.9198264623945,48.03185232517725,run_150
cosbounce_cos_0026,3245,149.87728066062223,231.82568962324817,run_150
cosbounce_cos_0001,4903,149.82052360809664,228.37050003022665,run_150
cosbounce_cos_0040,20254,149.7960831617046,102.12745483313789,run_150
cosbounce_cos_0032,6194,149.79120549990853,18.525985287508355,run_150
cosbounce_cos_0027,5889,149.78297378582485,23.154152929002052,run_150
cosbounce_cos_0034,2326,149.7398724983165,35.95226174785511,run_150
cosbounce_cos_0054,21552,149.72934442427578,25.633857449289703,run_150
cosbounce_cos_0045,13273,149.67323226836487,22.851017908445993,run_150
cosbounce_cos_0082,19468,149.6542730767446,36.32917406080915,run_150
cosbounce_cos_0073,12264,149.63279686956602,24.108783630319202,run_150
cosbounce_cos_0020,2588,149.6291726208689,93.66761795152938,run_150
cosbounce_cos_0031,8420,149.61250458598585,201.12370751311292,run_150
cosbounce_cos_0040,5622,149.59037954470938,97.22769333250928,run_150
cosbounce_cos_0011,5907,149.5702023250582,30.546288512656794,run_150
cosbounce_cos_0084,16629,149.54007842400082,61.529788630866285,run_150
cosbounce_cos_0050,16728,149.5082769549825,139.54251338899476,run_150
cosbounce_cos_0022,9524,149.45916050787994,4.468333889123314,run_150
cosbounce_cos_0017,10321,149.38765256836967,263.78083985644196,run_150
cosbounce_cos_0041,14293,149.35895585588793,29.48616729836996,run_150
cosbounce_cos_0024,4650,149.30171126456526,336.7313865394276,run_150
cosbounce_cos_0051,15393,149.28548397645346,49.0790190264951,run_150
cosbounce_cos_0068,20009,149.26318899250174,241.35537788162208,run_150
cosbounce_cos_0051,11826,149.21432314851089,228.92851795827227,run_150
cosbounce_cos_0013,4153,149.14934257041887,15.233568442932372,run_150
cosbounce_cos_0072,39,149.14563580353635,40.15566895479023,run_150
cosbounce_cos_0042,22439,149.14468927821224,56.2172283514188,run_150
cosbounce_cos_0010,8250,149.11531791102132,149.09661381809693,run_150
cosbounce_cos_0024,19326,149.1028381662488,146.53119199269148,run_150
cosbounce_cos_0076,4967,149.0810402354468,53.49988274777093,run_150
cosbounce_cos_0060,9693,149.05035243353072,75.77862768445168,run_150
cosbounce_cos_0078,12051,148.99879826616126,40.35125802685352,run_150
cosbounce_cos_0049,5043,148.97478848781495,12.094045774092802,run_150
cosbounce_cos_0079,2822,148.90320626562743,345.55589897169244,run_150
cosbounce_cos_0013,15235,148.89704822124793,214.54503968921875,run_150
cosbounce_cos_0014,18730,148.88504612220981,16.50424716581105,run_150
cosbounce_cos_0043,13265,148.86751093091135,48.89921036386081,run_150
cosbounce_cos_0042,17683,148.85915165407926,7.73157028208482,run_150
cosbounce_cos_0028,6010,148.82854722474474,38.7149391805231,run_150
cosbounce_cos_0054,3193,148.80657465216697,131.004313498335,run_150
cosbounce_cos_0008,95,148.78215283180367,176.71071841005306,run_150
cosbounce_cos_0069,19428,148.77421139334987,69.66891601436029,run_150
cosbounce_cos_0048,10530,148.77276697649722,1.484263320515839,run_150
cosbounce_cos_0073,17310,148.75898931171844,8.742788815317866,run_150
cosbounce_cos_0056,8231,148.73459845259205,22.094278092057692,run_150
cosbounce_cos_0072,16981,148.73400230123113,333.02455075238936,run_150
cosbounce_cos_0009,13429,148.72214890085678,5.495782842699218,run_150
cosbounce_cos_0016,5329,148.5893742859503,29.958805911756887,run_150
cosbounce_cos_0046,13436,148.54126622756007,69.39326535786725,run_150
cosbounce_cos_0064,472,148.53770371492496,332.773719075811,run_150
cosbounce_cos_0011,20639,148.49287261754245,55.97394290296055,run_150
cosbounce_cos_0040,17330,148.47803816501835,260.0534145066812,run_150
cosbounce_cos_0084,19972,148.44640248885221,7.128133350126022,run_150
cosbounce_cos_0039,13926,148.38300404250734,367.5540653125282,run_150
cosbounce_cos_0083,1721,148.31634248051628,210.01182912402982,run_150
cosbounce_cos_0063,17864,148.31469531419324,55.11841426608855,run_150
cosbounce_cos_0000,4472,148.28699515973344,358.2704724716088,run_150
cosbounce_cos_0063,1414,148.24429302110454,360.3114618474788,run_150
cosbounce_cos_0017,21385,148.24061625357064,18.783291875693966,run_150
cosbounce_cos_0068,20309,148.18131737686738,314.32426803850217,run_150
cosbounce_cos_0058,11477,148.13708790213857,1.052404956836033,run_150
cosbounce_cos_0050,2778,148.13088541995845,49.2772618876604,run_150
cosbounce_cos_0017,697,148.10067323796582,41.60939726476973,run_150
cosbounce_cos_0009,4907,148.01975111219176,156.9382469868288,run_150
cosbounce_cos_0006,20688,148.00502311572077,149.27513565603635,run_150
cosbounce_cos_0052,19785,147.97262808456802,17.769109937575845,run_150
cosbounce_cos_0022,5690,147.96408776461547,63.35359537408618,run_150
cosbounce_cos_0000,12187,147.9572871468305,40.04027869558591,run_150
cosbounce_cos_0012,19900,147.94970066896445,17.66294783165659,run_150
cosbounce_cos_0004,3597,147.9258115120784,22.58917278940302,run_150
cosbounce_cos_0038,7289,147.91575163653812,268.99543640171527,run_150
cosbounce_cos_0081,4032,147.85813665094182,2.8785872566228052,run_150
cosbounce_cos_0084,7214,147.83849620676563,33.081192058590595,run_150
cosbounce_cos_0036,5838,147.75324153771794,4.731665266088296,run_150
cosbounce_cos_0012,4754,147.72421541476402,33.65237371782828,run_150
cosbounce_cos_0026,697,147.56823649300753,356.43921788118297,run_150
cosbounce_cos_0013,1642,147.54388878071816,149.891962925537,run_150
cosbounce_cos_0068,9710,147.52307816862466,297.864052010922,run_150
cosbounce_cos_0043,8323,147.43750478148863,103.93294623401157,run_150
cosbounce_cos_0079,21342,147.4287127036658,92.13989450021553,run_150
cosbounce_cos_0066,18655,147.42768732629304,329.4046061577735,run_150
cosbounce_cos_0010,14504,147.42537401345535,17.37608317240856,run_150
cosbounce_cos_0004,12894,147.42458169618538,129.80489605557403,run_150
cosbounce_cos_0054,6365,147.41561238154978,52.415701737568355,run_150
cosbounce_cos_0071,16519,147.40494156494532,43.74471461122653,run_150
cosbounce_cos_0082,15275,147.39976476509585,7.949326057852642,run_150
cosbounce_cos_0055,547,147.38749199271965,18.650491370974994,run_150
cosbounce_cos_0080,18832,147.35526151750457,15.268651442675067,run_150
cosbounce_cos_0001,8109,147.34074860872076,61.539150569033,run_150
cosbounce_cos_0077,19365,147.29048327929684,72.02713759381253,run_150
cosbounce_cos_0072,6153,147.26486008102503,6.775442174230659,run_150
cosbounce_cos_0040,10831,147.25092949475496,86.91826004170645,run_150
cosbounce_cos_0052,10864,147.25039012084395,13.020852471668173,run_150
cosbounce_cos_0013,15036,147.23285987103802,3.6771768168391388,run_150
cosbounce_cos_0071,7120,147.21976967622538,99.21520900077222,run_150
cosbounce_cos_0021,1289,147.21134904830393,4.11451002318536,run_150
cosbounce_cos_0075,10984,147.2079065807167,115.70793258499528,run_150
cosbounce_cos_0070,14085,147.2032469964494,145.3073630390522,run_150
cosbounce_cos_0082,6990,147.10809401767,9.309974080228699,run_150
cosbounce_cos_0003,5361,147.02570971399928,245.53200131088138,run_150
cosbounce_cos_0004,22614,147.02217955482283,85.04410483901012,run_150
cosbounce_cos_0060,17541,147.00461982827755,39.0834222869246,run_150
cosbounce_cos_0080,21792,146.97653214520332,39.261380817552464,run_150
cosbounce_cos_0025,21473,146.90515090071227,0.2964433323779821,run_150
cosbounce_cos_0075,1187,146.90017189043434,138.84952562908822,run_150
cosbounce_cos_0064,16967,146.85384081806117,21.61080307671785,run_150
cosbounce_cos_0018,11484,146.8424504778666,29.92087809842275,run_150
cosbounce_cos_0066,4059,146.83258516459833,3.560854910381236,run_150
cosbounce_cos_0027,6214,146.77632339595908,45.92327540192508,run_150
cosbounce_cos_0048,13519,146.7605237978197,72.94039100403224,run_150
cosbounce_cos_0047,22357,146.7466264310547,202.81054971068068,run_150
cosbounce_cos_0027,20307,146.73967755147203,139.83086841433072,run_150
cosbounce_cos_0019,13389,146.70575561378277,152.6001468040954,run_150
cosbounce_cos_0033,3935,146.6751044058836,29.990375846763257,run_150
cosbounce_cos_0077,21204,146.66472806904164,280.75054540122517,run_150
cosbounce_cos_0034,19134,146.54142712660249,22.383513144543585,run_150
cosbounce_cos_0078,17065,146.53565615239114,117.59509187213112,run_150
cosbounce_cos_0044,8304,146.52141041650026,14.813819331390414,run_150
cosbounce_cos_0046,2106,146.5154998022619,173.73947380763772,run_150
cosbounce_cos_0067,18745,146.39667850869264,92.97724568802053,run_150
cosbounce_cos_0033,17803,146.37885184145904,383.2404521197072,run_150
cosbounce_cos_0071,1862,146.37308851444197,5.691259160205208,run_150
cosbounce_cos_0024,20354,146.372268218318,5.910125237083569,run_150
cosbounce_cos_0048,16457,146.33520878321409,11.060088218130053,run_150
cosbounce_cos_0035,103,146.32999376284957,211.27960252593434,run_150
cosbounce_cos_0043,3938,146.31990706326744,15.404261530249032,run_150
cosbounce_cos_0001,12420,146.27589705081962,50.03272008534577,run_150
cosbounce_cos_0008,15280,146.2104711065268,253.37638373862154,run_150
cosbounce_cos_0082,2944,146.18753337050794,59.874099471357745,run_150
cosbounce_cos_0048,14426,146.11452422392628,4.497628060575695,run_150
cosbounce_cos_0001,2472,146.11371098798142,5.544476314675839,run_150
cosbounce_cos_0043,8470,146.1063497809163,55.567177930614704,run_150
cosbounce_cos_0014,3627,146.03653992351374,206.49134875424517,run_150
cosbounce_cos_0021,20660,145.9879833853995,82.15695476111448,run_150
cosbounce_cos_0000,14241,145.96572586632317,504.07686440725035,run_150
cosbounce_cos_0066,21281,145.95895494863873,160.8424449733258,run_150
cosbounce_cos_0005,16382,145.93783940020774,194.6013988692441,run_150
cosbounce_cos_0000,19720,145.90748438576597,9.474156500047947,run_150
cosbounce_cos_0047,16430,145.89686760444812,37.31324087446278,run_150
cosbounce_cos_0038,18681,145.89495559148665,30.499291421446333,run_150
cosbounce_cos_0017,13767,145.86105082659634,207.31042227611076,run_150
cosbounce_cos_0064,13575,145.84593667868003,45.48808789973534,run_150
cosbounce_cos_0032,5527,145.8306711419859,153.9497115979089,run_150
cosbounce_cos_0030,21183,145.78953855065208,129.4125021996744,run_150
cosbounce_cos_0019,8622,145.7890923185899,38.45772475561803,run_150
cosbounce_cos_0033,10976,145.76674358427368,57.62680650384115,run_150
cosbounce_cos_0025,9571,145.76054827755698,252.004298265766,run_150
cosbounce_cos_0064,9774,145.75630922647406,25.671658204991925,run_150
cosbounce_cos_0032,18659,145.68135905601642,54.98091135590784,run_150
cosbounce_cos_0080,13707,145.64655433792862,22.361690243767196,run_150
cosbounce_cos_0072,985,145.62290896618018,2.7836989389126656,run_150
cosbounce_cos_0068,2524,145.58536689463529,6.517635332640957,run_150
cosbounce_cos_0008,12333,145.5672910958393,102.33380740061779,run_150
cosbounce_cos_0060,12734,145.56060685495268,26.11590613438252,run_150
cosbounce_cos_0050,18670,145.55422518232095,171.72462256756788,run_150
cosbounce_cos_0051,2833,145.53505436818554,205.55786462685003,run_150
cosbounce_cos_0086,8467,145.53293457940964,212.86349572652333,run_150
cosbounce_cos_0032,16055,145.44805456552072,31.483459026807804,run_150
cosbounce_cos_0011,16843,145.43568374915012,18.409009834942744,run_150
cosbounce_cos_0000,13858,145.3574712560325,7.055501717529753,run_150
cosbounce_cos_0009,9624,145.3438451808652,57.621295581866825,run_150
cosbounce_cos_0019,13492,145.33695130948678,83.83894917396658,run_150
cosbounce_cos_0010,13552,145.32497630781168,52.76480647716634,run_150
cosbounce_cos_0077,19236,145.30002866684367,130.59018388199453,run_150
cosbounce_cos_0014,19453,145.2429268878377,70.1797584163127,run_150
cosbounce_cos_0001,2918,145.19591995085727,8.559959596183527,run_150
cosbounce_cos_0048,4704,145.19561977647496,14.791767126926851,run_150
cosbounce_cos_0017,3214,145.17193200422508,62.138903081628534,run_150
cosbounce_cos_0037,10160,145.15152694099342,675.1465792771273,run_150
cosbounce_cos_0007,17774,145.13024411659254,173.84539815430108,run_150
cosbounce_cos_0000,1300,145.12033620371642,227.5819380693847,run_150
cosbounce_cos_0078,4063,145.10319640576034,15.278769905673137,run_150
cosbounce_cos_0001,1782,145.10239285694325,210.9110242741191,run_150
cosbounce_cos_0074,6626,145.09774636175933,92.21027129483643,run_150
cosbounce_cos_0007,21909,145.0761737558283,130.93029799645052,run_150
cosbounce_cos_0029,13282,144.98272393055368,19.420789634449356,run_150
cosbounce_cos_0051,19851,144.98036922914676,126.30960331244036,run_150
cosbounce_cos_0052,12279,144.97604082516986,164.06556688927566,run_150
cosbounce_cos_0056,15699,144.958406052407,100.57860417206408,run_150
cosbounce_cos_0083,19957,144.94938298691187,70.66281570676296,run_150
cosbounce_cos_0022,7167,144.92503688241348,196.1652739300777,run_150
cosbounce_cos_0008,20347,144.907686656687,5.7456380775937115,run_150
cosbounce_cos_0084,10732,144.88150125297378,152.72293516874328,run_150
cosbounce_cos_0022,13988,144.84700669203687,142.99714351302825,run_150
cosbounce_cos_0084,10908,144.82427708466182,74.41093906803974,run_150
cosbounce_cos_0029,473,144.80151649649636,277.64774436465257,run_150
cosbounce_cos_0070,21898,144.7150811046188,277.9565980312254,run_150
cosbounce_cos_0025,239,144.69554219609014,8.806907289298916,run_150
cosbounce_cos_0022,7778,144.67838999558998,186.4346779506126,run_150
cosbounce_cos_0067,5082,144.6270572944767,103.9799962132397,run_150
cosbounce_cos_0037,1562,144.6049405745337,170.59837301145538,run_150
cosbounce_cos_0086,8858,144.59919898049972,124.70826665006696,run_150
cosbounce_cos_0071,12577,144.5942233709368,156.47038225918723,run_150
cosbounce_cos_0060,2561,144.5680494774718,77.20802308890629,run_150
cosbounce_cos_0015,9698,144.55205454206921,15.424353148098565,run_150
cosbounce_cos_0084,20533,144.54607518751547,29.435993106488862,run_150
cosbounce_cos_0057,16504,144.5453508146472,108.39323388704608,run_150
cosbounce_cos_0009,19806,144.48053384741726,29.277505272875523,run_150
cosbounce_cos_0027,10565,144.47457466976212,38.98960673005724,run_150
cosbounce_cos_0009,1033,144.44877436259048,335.84954395701914,run_150
cosbounce_cos_0046,11009,144.42861980368082,114.58554360378339,run_150
cosbounce_cos_0011,15089,144.30289122856877,514.3889994394438,run_150
cosbounce_cos_0076,4676,144.30209738142335,139.4813865296794,run_150
cosbounce_cos_0004,2536,144.25576088676885,7.840962728352998,run_150
cosbounce_cos_0056,1222,144.22034385591112,66.82557500599249,run_150
cosbounce_cos_0061,5654,144.201531040395,233.53991494785996,run_150
cosbounce_cos_0012,19057,144.1971969454986,16.273474446698074,run_150
cosbounce_cos_0023,15572,144.19658396636456,4.988357438566391,run_150
cosbounce_cos_0000,20748,144.15180581223615,195.19998750645607,run_150
cosbounce_cos_0016,4521,144.09444243320164,27.968149125481084,run_150
cosbounce_cos_0007,15901,144.05234468874397,265.1831091200252,run_150
cosbounce_cos_0054,588,144.03818312036975,117.08029756226674,run_150
cosbounce_cos_0063,16166,144.02117096572775,26.375899443423517,run_150
cosbounce_cos_0072,12227,144.0087171827758,228.8099160039146,run_150
cosbounce_cos_0011,20928,143.98905212673316,35.66170505863535,run_150
cosbounce_cos_0048,21087,143.93212693514587,46.48337616255623,run_150
cosbounce_cos_0084,19164,143.91586625017226,105.76998910660119,run_150
cosbounce_cos_0058,4837,143.88904739274068,14.906323701474621,run_150
cosbounce_cos_0001,15116,143.88902430833244,213.29637715281032,run_150
cosbounce_cos_0047,3423,143.8600107877862,93.68074631014358,run_150
cosbounce_cos_0009,20009,143.8565924758783,2.1791901985086697,run_150
cosbounce_cos_0054,8550,143.83854281342678,465.1246877615145,run_150
cosbounce_cos_0004,8539,143.79596515467156,20.38021018853542,run_150
cosbounce_cos_0011,20914,143.75811798529503,146.12573430407747,run_150
cosbounce_cos_0086,8843,143.74763672700658,96.62426551986708,run_150
cosbounce_cos_0011,9172,143.72520627327998,9.669985218496251,run_150
cosbounce_cos_0079,20270,143.7144816984659,364.4243781183841,run_150
cosbounce_cos_0005,15315,143.65580685620242,23.60617593900925,run_150
cosbounce_cos_0052,19610,143.61866966363928,7.839144170227136,run_150
cosbounce_cos_0052,12610,143.53259174696996,108.67501554438434,run_150
cosbounce_cos_0026,3207,143.52916432433327,117.18845843251553,run_150
cosbounce_cos_0041,18620,143.51557619684255,72.22745022738741,run_150
cosbounce_cos_0085,7786,143.5010733463358,207.78631064673155,run_150
cosbounce_cos_0086,3475,143.499429889007,310.42745257263016,run_150
cosbounce_cos_0036,14993,143.4869028275241,67.60544028728731,run_150
cosbounce_cos_0051,2831,143.47177609075874,308.44125676599833,run_150
cosbounce_cos_0014,6571,143.46743462744485,163.34013914019872,run_150
cosbounce_cos_0033,18879,143.44378219418027,7.387513656244176,run_150
cosbounce_cos_0073,8332,143.36468598186718,164.5890247004131,run_150
cosbounce_cos_0057,20326,143.35056087689622,9.633252148208184,run_150
cosbounce_cos_0014,3799,143.32855950670114,207.02146974664285,run_150
cosbounce_cos_0005,20337,143.32068925346223,36.39999719824672,run_150
cosbounce_cos_0026,10190,143.28432730169584,141.94953713844467,run_150
cosbounce_cos_0075,7149,143.26178943470435,9.569131475536498,run_150
cosbounce_cos_0026,15936,143.25465450216703,36.2515964940435,run_150
cosbounce_cos_0082,2755,143.25161540859705,5.583744829266243,run_150
cosbounce_cos_0009,16254,143.24610676057188,271.89015287164847,run_150
cosbounce_cos_0033,9177,143.24180499083982,94.03955553427186,run_150
cosbounce_cos_0005,1735,143.22942291738877,8.792473361572531,run_150
cosbounce_cos_0070,13506,143.22286972478804,35.410550810851895,run_150
cosbounce_cos_0067,17774,143.2205681805836,10.906021909140945,run_150
cosbounce_cos_0057,7283,143.21485111483813,45.44106698677985,run_150
cosbounce_cos_0030,9433,143.19419967961517,3.461192243141995,run_150
cosbounce_cos_0047,13863,143.1157068446289,36.60468447284628,run_150
cosbounce_cos_0032,14643,143.09380444498166,124.13396435812186,run_150
cosbounce_cos_0013,20481,143.08007467876524,502.1499750649555,run_150
cosbounce_cos_0029,13862,143.075957706959,160.2997411112535,run_150
cosbounce_cos_0031,6419,143.03196263714725,22.58190608510839,run_150
cosbounce_cos_0059,20002,143.01861689395733,83.88600549058143,run_150
cosbounce_cos_0063,1227,142.9843858195521,99.87923511579224,run_150
cosbounce_cos_0048,21032,142.97383594429962,2.0327402864800175,run_150
cosbounce_cos_0005,9349,142.96283819776295,19.67160443550847,run_150
cosbounce_cos_0031,3092,142.90117382737952,14.929857175626768,run_150
cosbounce_cos_0051,1012,142.8609742780673,1.373334539850447,run_150
cosbounce_cos_0008,19855,142.8575960378701,402.58651741215147,run_150
cosbounce_cos_0024,20186,142.70760397031057,262.3255246266722,run_150
cosbounce_cos_0037,19067,142.69510408669825,14.687444834062973,run_150
cosbounce_cos_0022,13703,142.69113642802856,98.36248387629838,run_150
cosbounce_cos_0060,16256,142.67963413493428,96.9907034848784,run_150
cosbounce_cos_0042,4331,142.6738126371114,2.627714102085206,run_150
cosbounce_cos_0081,7329,142.59633099401202,13.411337334776324,run_150
cosbounce_cos_0001,1296,142.58605164133323,9.672772506016493,run_150
cosbounce_cos_0036,7933,142.55464755434457,3.3883153555825922,run_150
cosbounce_cos_0062,18207,142.55291115387473,64.1990226584202,run_150
cosbounce_cos_0044,13948,142.50472722122277,47.772920090570075,run_150
cosbounce_cos_0018,144,142.44384628876932,68.52774755844669,run_150
cosbounce_cos_0044,4514,142.41410956064962,48.993394401432965,run_150
cosbounce_cos_0081,14035,142.3903973848309,22.77091538089366,run_150
cosbounce_cos_0013,21669,142.37339174818334,156.72263176775294,run_150
cosbounce_cos_0035,8504,142.3723264465486,31.460728464930117,run_150
cosbounce_cos_0060,12800,142.3615666013662,57.40508345598403,run_150
cosbounce_cos_0008,7268,142.3376714804119,24.195284178856433,run_150
cosbounce_cos_0005,13438,142.25425556757577,203.86776083588572,run_150
cosbounce_cos_0007,21311,142.2343208017008,154.48568182681626,run_150
cosbounce_cos_0078,13725,142.2322067577176,61.357863280585,run_150
cosbounce_cos_0070,16332,142.22338005852328,260.73554118113543,run_150
cosbounce_cos_0008,2941,142.21506253456383,5.052141052313708,run_150
cosbounce_cos_0049,2793,142.2124452426272,86.33884122877086,run_150
cosbounce_cos_0011,10280,142.20744604079053,324.7549564959429,run_150
cosbounce_cos_0043,15977,142.20033939944287,0.12945284764627196,run_150
cosbounce_cos_0035,5145,142.17712964688926,72.13674837073172,run_150
cosbounce_cos_0022,16947,142.14552140733824,18.582367784337197,run_150
cosbounce_cos_0066,2650,142.14206248026784,489.95303836209047,run_150
cosbounce_cos_0021,11060,142.10897350895235,51.952461727560454,run_150
cosbounce_cos_0047,12853,142.0589468099776,231.4912357908757,run_150
cosbounce_cos_0003,1358,141.9692844981269,12.77424399285363,run_150
cosbounce_cos_0070,775,141.96714986809204,2.9536912136549445,run_150
cosbounce_cos_0060,7833,141.95488930340915,199.3877167401461,run_150
cosbounce_cos_0076,12754,141.95368919441952,387.04867540528073,run_150
cosbounce_cos_0060,21489,141.94172251221596,33.566945908134784,run_150
cosbounce_cos_0020,9441,141.9029492809017,20.87174097500569,run_150
cosbounce_cos_0072,21928,141.83975261896893,47.51866983919501,run_150
cosbounce_cos_0053,2275,141.79478499622542,14.68500583660184,run_150
cosbounce_cos_0044,6631,141.7004527231134,95.54609558936599,run_150
cosbounce_cos_0054,14108,141.6553382869232,282.1587674064653,run_150
cosbounce_cos_0073,9084,141.6515637922992,399.1402328553601,run_150
cosbounce_cos_0032,7375,141.62106619409263,163.11204537230847,run_150
cosbounce_cos_0004,11907,141.58236242606014,15.85745554242225,run_150
cosbounce_cos_0056,10831,141.55556528225375,64.52733182424235,run_150
cosbounce_cos_0079,19029,141.5113397720278,16.380179867237032,run_150
cosbounce_cos_0032,15270,141.49013200320252,2.301116377329108,run_150
cosbounce_cos_0018,15448,141.3580780566465,8.87634302189015,run_150
cosbounce_cos_0082,1111,141.33415515583673,142.3508024265169,run_150
cosbounce_cos_0068,10418,141.29316817710648,265.4778154040413,run_150
cosbounce_cos_0042,6820,141.26626724408638,27.90368071626767,run_150
cosbounce_cos_0010,22290,141.21324271288512,69.91290907861051,run_150
cosbounce_cos_0042,19727,141.16932584038724,62.41164904152168,run_150
cosbounce_cos_0076,15159,141.16143604873943,9.298747330553361,run_150
cosbounce_cos_0025,5085,141.1583212225557,60.81198348614442,run_150
cosbounce_cos_0023,652,141.07047543793198,50.777187544335284,run_150
cosbounce_cos_0018,13767,141.03295551730034,218.77619046135598,run_150
cosbounce_cos_0052,3233,141.0021437054041,398.4085453559274,run_150
cosbounce_cos_0055,4849,140.9694080613764,13.443174293360515,run_150
cosbounce_cos_0019,10282,140.9396645066503,152.53412332608363,run_150
cosbounce_cos_0004,12756,140.90682244113012,361.03079304964797,run_150
cosbounce_cos_0035,19588,140.86654771808995,127.96905589343463,run_150
cosbounce_cos_0014,16444,140.83315650663388,6.5486279698376695,run_150
cosbounce_cos_0061,9634,140.80873939334336,127.87654068943718,run_150
cosbounce_cos_0002,5642,140.79934388265386,25.498065794324884,run_150
cosbounce_cos_0005,7782,140.76011286818633,92.7052137760827,run_150
cosbounce_cos_0038,10069,140.7291195292183,60.46578210933988,run_150
cosbounce_cos_0001,15097,140.684804469912,303.83833242963635,run_150
cosbounce_cos_0064,495,140.65617214104185,27.140390269594604,run_150
cosbounce_cos_0013,5670,140.6126246384565,401.5348434115784,run_150
cosbounce_cos_0078,20713,140.60910720510267,16.183759457987556,run_150
cosbounce_cos_0026,8312,140.58947675428328,59.334270488720165,run_150
cosbounce_cos_0020,4557,140.56712980034354,52.00532267400542,run_150
cosbounce_cos_0044,10033,140.5636036456304,44.6608180311447,run_150
cosbounce_cos_0077,1580,140.5629910531385,389.35254236794464,run_150
cosbounce_cos_0023,13661,140.55203218760298,47.68205482066842,run_150
cosbounce_cos_0032,2738,140.52152682904372,13.461874349062446,run_150
cosbounce_cos_0019,13284,140.464230338239,19.394164996632032,run_150
cosbounce_cos_0048,20299,140.4292872410424,14.423937123041107,run_150
cosbounce_cos_0021,4507,140.41723075268413,21.03354082905532,run_150
cosbounce_cos_0017,10559,140.35404324116806,7.930805409118304,run_150
cosbounce_cos_0030,21252,140.299994533085,16.268346344396367,run_150
cosbounce_cos_0018,6393,140.27272232466922,155.0444719725602,run_150
cosbounce_cos_0024,16227,140.24781261825913,298.32829528980386,run_150
cosbounce_cos_0082,9651,140.2387467531393,78.3411911243544,run_150
cosbounce_cos_0053,16670,140.23007734198993,17.993662175052783,run_150
cosbounce_cos_0027,494,140.21022796547632,112.53806193007138,run_150
cosbounce_cos_0080,13279,140.1930544418416,117.08358813286036,run_150
cosbounce_cos_0004,21031,140.0886291309924,143.1591557265857,run_150
cosbounce_cos_0042,3704,140.07538338783456,14.596102799745298,run_150
cosbounce_cos_0084,20169,140.0601462679888,25.838669442445116,run_150
cosbounce_cos_0010,5972,140.03894108433636,14.183508605614538,run_150
cosbounce_cos_0005,598,140.03575655426388,107.82233748995596,run_150
cosbounce_cos_0010,5600,140.00215258595247,16.07454845812444,run_150
cosbounce_cos_0065,13873,139.99691367556204,104.29107936679326,run_150
cosbounce_cos_0075,11659,139.9825721198615,10.92685130741051,run_150
cosbounce_cos_0075,12328,139.97015267084473,156.8716566658211,run_150
cosbounce_cos_0000,1511,139.96517337307185,190.55980422836188,run_150
cosbounce_cos_0055,16205,139.93396297919824,362.9618140148212,run_150
cosbounce_cos_0062,9381,139.79322565692814,7.5520671368778745,run_150
cosbounce_cos_0014,11789,139.7740960673502,9.768963098261052,run_150
cosbounce_cos_0060,9280,139.76795670639194,181.61401274463756,run_150
cosbounce_cos_0040,15775,139.76343977774664,32.046847867934396,run_150
cosbounce_cos_0036,3015,139.7533915726552,125.91862781522362,run_150
cosbounce_cos_0012,11787,139.7455898401653,8.782877807308235,run_150
cosbounce_cos_0059,6801,139.72917476000404,44.8941923424571,run_150
cosbounce_cos_0010,11091,139.67964707955772,3.706691715216508,run_150
cosbounce_cos_0055,20278,139.64607444020822,42.13381173273729,run_150
cosbounce_cos_0016,12384,139.64454130121712,469.6883974111893,run_150
cosbounce_cos_0021,8101,139.55356730186946,303.7116839223329,run_150
cosbounce_cos_0085,1650,139.4795508301258,8.902829634518817,run_150
cosbounce_cos_0036,16699,139.46020195909264,59.981577871158485,run_150
cosbounce_cos_0000,18961,139.38694801239217,2.3728889176681305,run_150
cosbounce_cos_0080,2239,139.36656169477774,108.08433139851752,run_150
cosbounce_cos_0062,5561,139.3659599996423,197.17121412051563,run_150
cosbounce_cos_0027,9696,139.322546376298,126.84573608916602,run_150
cosbounce_cos_0051,16995,139.30200345098706,281.16806059586617,run_150
cosbounce_cos_0001,11042,139.27586296691857,224.77396992549353,run_150
cosbounce_cos_0002,1509,139.25786538558694,145.9675764615507,run_150
cosbounce_cos_0050,19696,139.25726986290113,283.786882591937,run_150
cosbounce_cos_0057,1884,139.24541605988648,364.86371673274607,run_150
cosbounce_cos_0069,12708,139.24039735404767,21.767870559408905,run_150
cosbounce_cos_0053,9144,139.23905428932218,93.87308155220215,run_150
cosbounce_cos_0037,4486,139.23002854239837,353.16280246169015,run_150
cosbounce_cos_0005,12411,139.18205306520096,98.97305109992868,run_150
cosbounce_cos_0083,14383,139.16989239662925,290.0531280794075,run_150
cosbounce_cos_0060,1094,139.1663661366465,15.165287328490002,run_150
cosbounce_cos_0011,18778,139.1661640886811,17.097626003655343,run_150
cosbounce_cos_0043,21390,139.15009915727882,339.1862640085996,run_150
cosbounce_cos_0022,1684,139.14868581322244,27.91470843909223,run_150
cosbounce_cos_0026,18274,139.13532019786064,2.8598610348656037,run_150
cosbounce_cos_0021,2858,139.0795922755984,7.67271403542232,run_150
cosbounce_cos_0005,945,139.0756919040848,34.739349415905856,run_150
cosbounce_cos_0045,4579,139.0728448852904,144.4922752819083,run_150
cosbounce_cos_0066,19724,139.07217152012714,162.82596218512708,run_150
cosbounce_cos_0042,365,139.01611688638988,290.71078177034576,run_150
cosbounce_cos_0052,4114,139.01563707956498,47.61642165062878,run_150
cosbounce_cos_0059,18512,138.97633471466258,66.52613712445206,run_150
cosbounce_cos_0077,18367,138.93078166531726,111.49326033099554,run_150
cosbounce_cos_0051,6120,138.8419747604348,404.8881688335177,run_150
cosbounce_cos_0067,3306,138.83133213280271,99.84339915731046,run_150
cosbounce_cos_0047,3410,138.81289444871257,368.1283955058711,run_150
cosbounce_cos_0081,522,138.80940234756224,91.29943228372709,run_150
cosbounce_cos_0037,6775,138.79586482851644,10.582794481700136,run_150
cosbounce_cos_0061,2891,138.79524684577223,61.80090808677858,run_150
cosbounce_cos_0036,605,138.7399771967621,49.70877712723646,run_150
cosbounce_cos_0054,2803,138.73700402126693,15.143026654583878,run_150
cosbounce_cos_0013,4407,138.71718814532375,221.44615794707624,run_150
cosbounce_cos_0053,6870,138.68208111717323,58.35298172702844,run_150
cosbounce_cos_0009,4709,138.6500890592451,19.9193725077712,run_150
cosbounce_cos_0021,7152,138.64758485718227,158.42195710632745,run_150
cosbounce_cos_0063,121,138.63580097327116,9.19335614940078,run_150
cosbounce_cos_0039,17741,138.63351396323324,21.285143609894526,run_150
cosbounce_cos_0058,14498,138.60755210439905,507.5218797695354,run_150
cosbounce_cos_0077,8887,138.52364944424048,96.18317631894267,run_150
cosbounce_cos_0059,7949,138.47879194537424,0.1338013691209622,run_150
cosbounce_cos_0057,522,138.46927198815087,15.89070532679672,run_150
cosbounce_cos_0029,19448,138.43513130533245,38.19576527252235,run_150
cosbounce_cos_0000,8292,138.40811291402466,46.799445660930196,run_150
cosbounce_cos_0068,15836,138.37732112783814,1.76228236154918,run_150
cosbounce_cos_0058,20864,138.28699807465506,58.892325125403055,run_150
cosbounce_cos_0030,11814,138.2695821814468,4.4700685921495875,run_150
cosbounce_cos_0040,15321,138.24431586074817,54.677213718211505,run_150
cosbounce_cos_0027,15356,138.24132810190542,49.62743103816924,run_150
cosbounce_cos_0005,5115,138.18499501303967,286.6534516088843,run_150
cosbounce_cos_0069,14860,138.1516567527499,358.67823466477324,run_150
cosbounce_cos_0034,10309,138.08518107741068,20.979404516787298,run_150
cosbounce_cos_0052,497,138.07849831768957,18.20689364717573,run_150
cosbounce_cos_0050,4516,138.06777579437176,161.49183377889574,run_150
cosbounce_cos_0056,3658,138.02542170081477,372.85655977445043,run_150
cosbounce_cos_0080,7360,137.96124718415615,316.3403860630409,run_150
cosbounce_cos_0029,20953,137.9461220917765,16.065687598503004,run_150
cosbounce_cos_0071,10243,137.92559241729344,406.94244197706547,run_150
cosbounce_cos_0069,2298,137.9192380625654,367.98114683686754,run_150
cosbounce_cos_0031,20291,137.89342216043565,93.89549204505988,run_150
cosbounce_cos_0009,473,137.7865651366642,298.2892039718311,run_150
cosbounce_cos_0000,22329,137.78352510641312,49.208631462406224,run_150
cosbounce_cos_0020,10379,137.76195113744717,23.42529693520053,run_150
cosbounce_cos_0070,11865,137.69718773337743,186.89345901985882,run_150
cosbounce_cos_0046,3288,137.66213065650118,175.5071340379095,run_150
cosbounce_cos_0021,9010,137.66090600935993,46.13155507312388,run_150
cosbounce_cos_0045,8097,137.58945277840576,208.63293726710424,run_150
cosbounce_cos_0021,10644,137.54520371112025,121.96284813327254,run_150
cosbounce_cos_0037,18942,137.4830753072367,28.84086050873491,run_150
cosbounce_cos_0001,2368,137.47277743139236,206.78825357678417,run_150
cosbounce_cos_0086,6579,137.40501746266384,248.74668998485137,run_150
cosbounce_cos_0057,15593,137.3516378358671,13.340395588683872,run_150
cosbounce_cos_0057,13125,137.33409857391328,244.7399195415095,run_150
cosbounce_cos_0012,15604,137.31492332464114,43.63748740317188,run_150
cosbounce_cos_0059,4770,137.28861341977066,63.40036793004505,run_150
cosbounce_cos_0001,3434,137.28746183260188,8.982518057515986,run_150
cosbounce_cos_0015,11048,137.2776542084144,10.776680380843487,run_150
cosbounce_cos_0075,13143,137.21789977958693,146.71432390844092,run_150
cosbounce_cos_0000,5422,137.1998550908849,257.6421055233592,run_150
cosbounce_cos_0055,14293,137.19129998492082,185.88432314062652,run_150
cosbounce_cos_0022,20405,137.1841894665561,127.17128392566664,run_150
cosbounce_cos_0034,8970,137.13380007448396,217.97909420084906,run_150
cosbounce_cos_0024,6770,137.11205666450667,29.455744197697882,run_150
cosbounce_cos_0031,4164,137.09176703112226,6.393887049958885,run_150
cosbounce_cos_0046,4750,137.0447403542554,223.76476221132756,run_150
cosbounce_cos_0056,15655,136.98343595557265,114.03272256361738,run_150
cosbounce_cos_0045,11554,136.97998630499364,353.65804343262937,run_150
cosbounce_cos_0040,3182,136.9187231917869,62.341148993563564,run_150
cosbounce_cos_0026,5397,136.91022072326487,167.84715198878146,run_150
cosbounce_cos_0026,13996,136.90140374092633,180.0419625393876,run_150
cosbounce_cos_0074,11413,136.89752392468205,24.398834753982893,run_150
cosbounce_cos_0042,8753,136.86564959276694,133.5634758544465,run_150
cosbounce_cos_0015,7308,136.82050643844505,146.19249532417263,run_150
cosbounce_cos_0036,10110,136.778478225418,162.16251018439795,run_150
cosbounce_cos_0044,16628,136.77743837489618,74.96103402383297,run_150
cosbounce_cos_0001,22612,136.7428848652021,75.11276683906163,run_150
cosbounce_cos_0047,5339,136.73816545366506,204.42040131310324,run_150
cosbounce_cos_0047,7678,136.72976689728526,337.04823262103054,run_150
cosbounce_cos_0086,7974,136.70694153208808,178.06856381874448,run_150
cosbounce_cos_0011,22479,136.7005423758848,89.05631066754742,run_150
cosbounce_cos_0006,5127,136.70038199079892,306.21142557715257,run_150
cosbounce_cos_0055,5675,136.68573372307202,324.6720036619197,run_150
cosbounce_cos_0011,12724,136.5840265394316,250.22996115094816,run_150
cosbounce_cos_0028,18075,136.54290173407253,333.38266793309907,run_150
cosbounce_cos_0010,8117,136.51537029180363,279.41838987341316,run_150
cosbounce_cos_0008,11416,136.51117144190897,50.89544792878678,run_150
cosbounce_cos_0016,2275,136.4985841311672,9.593896320200118,run_150
cosbounce_cos_0012,18931,136.48854766579453,6.74714129818661,run_150
cosbounce_cos_0081,7405,136.46927873595925,69.68502648066358,run_150
cosbounce_cos_0043,14541,136.42183504367327,38.35476896393712,run_150
cosbounce_cos_0048,14974,136.39636482626008,384.7118690181274,run_150
cosbounce_cos_0022,9026,136.39511994216573,5.482861250302888,run_150
cosbounce_cos_0045,11716,136.36459125439103,3.959357050880337,run_150
cosbounce_cos_0074,5808,136.36058019514587,125.7183610106171,run_150
cosbounce_cos_0015,18051,136.3220168221687,76.56542271816413,run_150
cosbounce_cos_0000,10716,136.31376758305927,277.71213065747486,run_150
cosbounce_cos_0035,14424,136.30264983800706,206.28770747303403,run_150
cosbounce_cos_0044,7461,136.2919927702716,59.18522810782336,run_150
cosbounce_cos_0015,3291,136.2645325539202,6.952460475347309,run_150
cosbounce_cos_0032,7347,136.2430588900492,5.289754802135987,run_150
cosbounce_cos_0009,7838,136.17902841211088,17.839676074231825,run_150
cosbounce_cos_0082,18076,136.1446234755265,72.55464835496453,run_150
cosbounce_cos_0044,21947,136.14284592844882,76.39272084834296,run_150
cosbounce_cos_0085,10111,136.11266652948314,248.66804259286837,run_150
cosbounce_cos_0037,21419,136.0901933777397,7.3933978354934125,run_150
cosbounce_cos_0086,9010,136.06000000863597,458.98286739463725,run_150
cosbounce_cos_0018,12118,136.04956943098134,28.398356117780033,run_150
cosbounce_cos_0049,13442,135.96653378243877,509.8124679756225,run_150
cosbounce_cos_0031,20057,135.94878959415405,247.13047401657641,run_150
cosbounce_cos_0076,7277,135.94602006708718,160.9507840701048,run_150
cosbounce_cos_0056,13529,135.9442349450464,4.059913607145481,run_150
cosbounce_cos_0054,19602,135.93080288800664,32.66332030143514,run_150
cosbounce_cos_0058,7212,135.85933929113182,21.6009797019315,run_150
cosbounce_cos_0037,5042,135.83668211032045,128.34452060009525,run_150
cosbounce_cos_0058,15498,135.8151739407234,78.8293490719418,run_150
cosbounce_cos_0040,19132,135.80842261717046,173.99534967193392,run_150
cosbounce_cos_0029,18096,135.80317649625306,235.19498100843532,run_150
cosbounce_cos_0073,10308,135.70297653863847,88.59092304090962,run_150
cosbounce_cos_0057,615,135.67630425769497,13.524789260343166,run_150
cosbounce_cos_0074,5929,135.6548136774067,28.761501771097947,run_150
cosbounce_cos_0020,6160,135.64286540262873,79.95703833943577,run_150
cosbounce_cos_0036,21349,135.62600807506763,28.628750942858524,run_150
cosbounce_cos_0038,19164,135.6129003428445,5.406383919727845,run_150
cosbounce_cos_0053,7347,135.61137067699164,1.8327461729983554,run_150
cosbounce_cos_0008,5920,135.59591485455658,0.2278231913687225,run_150
cosbounce_cos_0024,4429,135.58285171464172,29.28381504781609,run_150
cosbounce_cos_0019,10994,135.49670213484504,93.31777009825863,run_150
cosbounce_cos_0002,1004,135.45328016830234,46.89879460765426,run_150
cosbounce_cos_0059,12263,135.4009901944187,36.65557098921325,run_150
cosbounce_cos_0018,1039,135.3994988693484,4.172696990712613,run_150
cosbounce_cos_0008,12002,135.39105782212323,133.9379193764072,run_150
cosbounce_cos_0017,21692,135.35510363858063,79.07293636813532,run_150
cosbounce_cos_0069,1913,135.3516621401389,285.5892711819183,run_150
cosbounce_cos_0026,5964,135.34848667644013,46.125498041928985,run_150
cosbounce_cos_0017,380,135.3442206344077,71.90923810661668,run_150
cosbounce_cos_0063,6883,135.33185633095908,82.58958903450367,run_150
cosbounce_cos_0067,5024,135.2635347147379,344.22181852931436,run_150
cosbounce_cos_0036,8995,135.24723561544656,10.34180623707449,run_150
cosbounce_cos_0068,4665,135.2230309805512,127.11705456396759,run_150
cosbounce_cos_0062,20669,135.18714797677637,13.438596781882923,run_150
cosbounce_cos_0068,19799,135.1739405222592,98.65489111755906,run_150
cosbounce_cos_0083,3015,135.12275252661723,53.067197036687425,run_150
cosbounce_cos_0076,12847,135.10280535984774,5.523194551555791,run_150
cosbounce_cos_0003,14448,135.08142745505506,75.92494773787766,run_150
cosbounce_cos_0010,13988,135.07997577091794,19.60984784454375,run_150
cosbounce_cos_0023,6384,135.05003423079057,308.1340086308075,run_150
cosbounce_cos_0026,22520,134.94530732511703,521.7904081496795,run_150
cosbounce_cos_0078,2072,134.9406154085465,9.852306676449333,run_150
cosbounce_cos_0067,10326,134.92144465219266,9.028275417781826,run_150
cosbounce_cos_0056,21829,134.92091794857578,237.54398467185922,run_150
cosbounce_cos_0049,11871,134.91383725743702,216.5664561006636,run_150
cosbounce_cos_0083,16884,134.89872801384598,100.04394457373883,run_150
cosbounce_cos_0057,16720,134.89786224416832,50.8808013551632,run_150
cosbounce_cos_0067,15782,134.87540674636526,119.44405007755411,run_150
cosbounce_cos_0051,21232,134.87506612062825,193.6350340942128,run_150
cosbounce_cos_0051,14508,134.8721520608686,42.734023312447604,run_150
cosbounce_cos_0043,4295,134.84129590259042,152.55362780530982,run_150
cosbounce_cos_0040,12052,134.8336111362209,26.064867098388486,run_150
cosbounce_cos_0062,18201,134.81686647423663,155.74617118120548,run_150
cosbounce_cos_0038,12474,134.77762169172505,8.55103178437264,run_150
cosbounce_cos_0058,15124,134.7450444979189,49.67890975823124,run_150
cosbounce_cos_0023,5955,134.71848347850397,201.02574894806315,run_150
cosbounce_cos_0000,19986,134.7044355177294,34.38970264459052,run_150
cosbounce_cos_0007,319,134.67369166629652,16.366242005448377,run_150
cosbounce_cos_0001,12088,134.67107804754764,8.949155962655148,run_150
cosbounce_cos_0033,15718,134.6685040810999,169.76884885880386,run_150
cosbounce_cos_0062,8442,134.64957143270843,74.5550179709971,run_150
cosbounce_cos_0019,4691,134.57826940416277,27.636069405428543,run_150
cosbounce_cos_0050,16605,134.553549813322,98.58618359232412,run_150
cosbounce_cos_0020,5065,134.5522528389919,114.21621200853042,run_150
cosbounce_cos_0045,20433,134.55049612195288,18.80869066258866,run_150
cosbounce_cos_0072,22395,134.51445386205626,177.30607150825136,run_150
cosbounce_cos_0020,4999,134.44449251179276,11.13615481148995,run_150
cosbounce_cos_0014,257,134.43691835519024,37.392627502778296,run_150
cosbounce_cos_0019,21322,134.43684698089626,89.36742842727601,run_150
cosbounce_cos_0043,20452,134.43343213461904,225.52615477308024,run_150
cosbounce_cos_0017,10475,134.43116887938515,23.190233643357157,run_150
cosbounce_cos_0072,7755,134.426626722152,31.523245095641407,run_150
cosbounce_cos_0074,13769,134.39880842262423,119.21035491034837,run_150
cosbounce_cos_0009,6638,134.30087564891443,1.8348566290342132,run_150
cosbounce_cos_0026,2592,134.28343277057564,0.5305986673897177,run_150
cosbounce_cos_0022,8097,134.271691499991,50.74373615531805,run_150
cosbounce_cos_0042,19619,134.266191242412,117.98523328848279,run_150
cosbounce_cos_0071,22228,134.2612107926975,220.66874150996694,run_150
cosbounce_cos_0032,2311,134.2101566254246,48.50759972477597,run_150
cosbounce_cos_0043,18584,134.19878617509113,464.0328859370615,run_150
cosbounce_cos_0041,20176,134.1819394510111,84.18122499067701,run_150
cosbounce_cos_0067,4038,134.16728726258282,56.16160782993203,run_150
cosbounce_cos_0047,16609,134.16521718642784,395.64877516648073,run_150
cosbounce_cos_0036,15067,134.12808321217975,258.2218464062561,run_150
cosbounce_cos_0040,5772,134.02871663219727,29.96105199463982,run_150
cosbounce_cos_0013,15753,133.99632616445416,163.57891425169242,run_150
cosbounce_cos_0021,12270,133.99140259427998,320.7757068738057,run_150
cosbounce_cos_0032,21343,133.93365088872133,23.90624647287687,run_150
cosbounce_cos_0024,12828,133.92451304444228,0.5199775144481148,run_150
cosbounce_cos_0081,13214,133.917017245882,18.292903794452315,run_150
cosbounce_cos_0005,11189,133.91550253863102,5.985763399047336,run_150
cosbounce_cos_0007,9800,133.89853763482142,17.334617646280375,run_150
cosbounce_cos_0068,21269,133.8931224216032,71.40812922845332,run_150
cosbounce_cos_0058,1985,133.88660339423592,48.93603665723367,run_150
cosbounce_cos_0006,16081,133.88418010887656,108.98732798847813,run_150
cosbounce_cos_0009,17929,133.88337334151805,5.195459554312972,run_150
cosbounce_cos_0077,5736,133.86072875417082,29.3847609518511,run_150
cosbounce_cos_0009,20846,133.81081224769892,111.35274684950602,run_150
cosbounce_cos_0031,5025,133.76901054134714,103.32884185686753,run_150
cosbounce_cos_0008,11502,133.7672235305812,8.538800093693576,run_150
cosbounce_cos_0017,3802,133.76420293127055,80.77433838833755,run_150
cosbounce_cos_0064,8611,133.76343540816274,442.4466606739985,run_150
cosbounce_cos_0031,15409,133.70661897467224,69.05044173082463,run_150
cosbounce_cos_0012,20999,133.69831023394826,201.7757947456961,run_150
cosbounce_cos_0037,12858,133.68109050990958,49.043530614370866,run_150
cosbounce_cos_0006,3027,133.63202500237747,94.77269326990601,run_150
cosbounce_cos_0052,19125,133.58028772638787,5.07860520722157,run_150
cosbounce_cos_0081,7947,133.57550529120283,0.6964503149152219,run_150
cosbounce_cos_0011,5600,133.5615012816894,25.88737436045152,run_150
cosbounce_cos_0040,9298,133.5353761427634,174.79582975982407,run_150
cosbounce_cos_0054,2656,133.46941387445736,0.9822910696033633,run_150
cosbounce_cos_0055,19523,133.41879530189672,62.363941286336505,run_150
cosbounce_cos_0030,2688,133.3822768494173,1.0986283705195212,run_150
cosbounce_cos_0070,9415,133.36142643973508,31.095164731651632,run_150
cosbounce_cos_0045,9614,133.33947004180496,5.972048099207915,run_150
cosbounce_cos_0071,4193,133.31743271062857,209.77351703073185,run_150
cosbounce_cos_0024,3109,133.25180657319584,94.42016440072616,run_150
cosbounce_cos_0077,7453,133.2388137721787,9.167702852287382,run_150
cosbounce_cos_0006,6752,133.2380961836584,237.1297155500245,run_150
cosbounce_cos_0051,17746,133.22774272012032,422.4483206231093,run_150
cosbounce_cos_0068,778,133.22710536278836,7.986878692669367,run_150
cosbounce_cos_0076,21966,133.2189097390986,13.888348915338575,run_150
cosbounce_cos_0062,8746,133.21833552366542,27.212680942311614,run_150
cosbounce_cos_0041,20996,133.2016391225081,6.9678705119143745,run_150
cosbounce_cos_0015,6448,133.19228313995853,250.67417341813368,run_150
cosbounce_cos_0007,18700,133.16083779588504,87.49761728233489,run_150
cosbounce_cos_0031,20033,133.1456212502843,44.84555155972901,run_150
cosbounce_cos_0048,9172,133.11296045448427,13.342542077796049,run_150
cosbounce_cos_0072,19122,133.10385527581965,33.20669952854108,run_150
cosbounce_cos_0022,2256,133.08650798264375,50.265225514057164,run_150
cosbounce_cos_0046,5710,133.08500709007976,17.320679218955036,run_150
cosbounce_cos_0069,4585,133.08070014895782,15.998721008761585,run_150
cosbounce_cos_0005,5129,133.05735852479012,8.866193758925217,run_150
cosbounce_cos_0076,17230,133.04909277503774,7.153922198354599,run_150
cosbounce_cos_0073,18219,133.04449726312558,195.99234602663483,run_150
cosbounce_cos_0084,4525,133.01187185283413,273.32712036848795,run_150
cosbounce_cos_0047,1089,132.99528349325888,229.46887354267633,run_150
cosbounce_cos_0043,4546,132.98650438695265,234.63369612669362,run_150
cosbounce_cos_0053,13334,132.98286686437856,112.9764748962628,run_150
cosbounce_cos_0062,17554,132.98213451289905,88.97551674598004,run_150
cosbounce_cos_0015,715,132.9735862883761,10.744560374801472,run_150
cosbounce_cos_0032,20546,132.94749330868143,44.04949202969248,run_150
cosbounce_cos_0048,14517,132.94635932812548,87.80200156408954,run_150
cosbounce_cos_0012,13505,132.94049376105974,474.36420472036457,run_150
cosbounce_cos_0074,18072,132.93735161479367,87.75378024680909,run_150
cosbounce_cos_0060,21708,132.91849157157645,152.23260527982194,run_150
cosbounce_cos_0012,8958,132.8773351958353,219.59686524920062,run_150
cosbounce_cos_0042,15725,132.8712132558438,5.456423910297588,run_150
cosbounce_cos_0029,15255,132.85646903135137,8.820262515029,run_150
cosbounce_cos_0074,16980,132.83555330241367,149.36192149711934,run_150
cosbounce_cos_0002,6586,132.79875571455793,142.57948166810732,run_150
cosbounce_cos_0066,10016,132.7683009323494,2.9676214084823402,run_150
cosbounce_cos_0043,9677,132.763718211202,15.555886054202142,run_150
cosbounce_cos_0079,5497,132.7314091413408,42.110517488186424,run_150
cosbounce_cos_0082,13223,132.72359070409476,135.4546302882977,run_150
cosbounce_cos_0085,1318,132.70597537536412,111.684848519407,run_150
cosbounce_cos_0055,12286,132.68225325955288,2.890510104889549,run_150
cosbounce_cos_0010,20763,132.67928960215252,68.34686807516631,run_150
cosbounce_cos_0023,13444,132.58042420961755,11.485314976962174,run_150
cosbounce_cos_0032,20733,132.5682984497779,342.43349479385614,run_150
cosbounce_cos_0025,9844,132.54564275320718,32.86754807759748,run_150
cosbounce_cos_0084,2551,132.53895014835402,51.14339820008558,run_150
cosbounce_cos_0022,13967,132.48694165110462,242.08624309750093,run_150
cosbounce_cos_0042,12409,132.48230582049612,8.641564955869269,run_150
cosbounce_cos_0049,11808,132.47822359114525,5.012202649600455,run_150
cosbounce_cos_0019,21696,132.47715209146054,44.59869584275643,run_150
cosbounce_cos_0021,4346,132.440866054569,20.37552760705795,run_150
cosbounce_cos_0066,3935,132.43073432682266,31.089342405493916,run_150
cosbounce_cos_0038,12412,132.4030418937824,116.6464637192484,run_150
cosbounce_cos_0045,12203,132.3307150336039,20.97744820915624,run_150
cosbounce_cos_0028,13411,132.31057226964657,7.774810160321067,run_150
cosbounce_cos_0043,12351,132.29729278039406,21.01784662064133,run_150
cosbounce_cos_0054,7388,132.24749241573983,55.135646407063966,run_150
cosbounce_cos_0052,6021,132.10689566043803,47.21012608818665,run_150
cosbounce_cos_0066,11086,132.060500986652,57.158873599471725,run_150
cosbounce_cos_0020,21611,132.05303717645162,59.97648118447533,run_150
cosbounce_cos_0075,10017,132.0061655028063,77.01972370464803,run_150
cosbounce_cos_0070,3856,132.00143466269074,99.94443668011986,run_150
cosbounce_cos_0032,4990,131.99730033896947,13.378435898627783,run_150
cosbounce_cos_0014,13496,131.98500979785825,50.45732625109759,run_150
cosbounce_cos_0038,5955,131.93194117958328,23.167579530240978,run_150
cosbounce_cos_0034,19775,131.8388822987715,13.992933165945505,run_150
cosbounce_cos_0069,14451,131.8306214668849,18.480281767527487,run_150
cosbounce_cos_0050,10048,131.79919960124496,44.72057270965093,run_150
cosbounce_cos_0064,4798,131.7490261092332,293.17200295074895,run_150
cosbounce_cos_0060,15024,131.7475029380367,27.912364365225102,run_150
cosbounce_cos_0075,14574,131.70199766644197,33.564799439973555,run_150
cosbounce_cos_0054,881,131.66021838607188,136.964587664021,run_150
cosbounce_cos_0044,14209,131.60613007745354,397.3541884739573,run_150
cosbounce_cos_0032,21585,131.5984343662599,218.9914649017281,run_150
cosbounce_cos_0065,10691,131.58219117022765,24.210917437876923,run_150
cosbounce_cos_0074,12514,131.55392990230544,57.72140249331568,run_150
cosbounce_cos_0086,5666,131.45596235316293,11.73479633102336,run_150
cosbounce_cos_0083,15872,131.4546581432844,48.04101308756488,run_150
cosbounce_cos_0012,4116,131.35025756003597,34.7211214699198,run_150
cosbounce_cos_0066,15562,131.34178244384407,38.472928894624815,run_150
cosbounce_cos_0014,15761,131.32517408742717,11.739694545927305,run_150
cosbounce_cos_0066,11360,131.31710395492678,141.911076242932,run_150
cosbounce_cos_0021,2597,131.31499520432007,325.7362878814933,run_150
cosbounce_cos_0039,17522,131.2631906248833,10.48717401849684,run_150
cosbounce_cos_0047,6876,131.22713492956956,5.684576284805908,run_150
cosbounce_cos_0077,11135,131.20232239332972,84.40305807617794,run_150
cosbounce_cos_0010,9933,131.1347780350801,333.8198875622541,run_150
cosbounce_cos_0063,7716,131.12732588091913,67.95911394695092,run_150
cosbounce_cos_0015,6687,131.11272838287357,54.543886036918806,run_150
cosbounce_cos_0061,5006,131.0521449960567,57.21606567928946,run_150
cosbounce_cos_0035,15773,131.04999188317507,63.36205281988714,run_150
cosbounce_cos_0020,20964,131.02288470274976,56.623769689596514,run_150
cosbounce_cos_0003,8433,131.00446129384622,44.177456521939625,run_150
cosbounce_cos_0068,22399,130.94697312505275,5.089656972303841,run_150
cosbounce_cos_0068,15839,130.89045958278257,139.68285965796161,run_150
cosbounce_cos_0067,3632,130.889573777338,11.41915645451378,run_150
cosbounce_cos_0061,21904,130.82103536635216,142.56925590980453,run_150
cosbounce_cos_0071,14709,130.80775649859586,5.707843654080158,run_150
cosbounce_cos_0048,22282,130.78485467926572,80.73214782165985,run_150
cosbounce_cos_0049,2044,130.77977881862367,384.95614188269866,run_150
cosbounce_cos_0004,10618,130.77288335119732,390.40401927432714,run_150
cosbounce_cos_0001,1675,130.74120799661034,58.02473424933921,run_150
cosbounce_cos_0004,22422,130.66385377198228,93.25545651684608,run_150
cosbounce_cos_0010,217,130.6122953136147,52.917519004438915,run_150
cosbounce_cos_0055,16245,130.56332705994487,8.261657139342182,run_150
cosbounce_cos_0082,8825,130.55349449801628,1.85775790815706,run_150
cosbounce_cos_0016,11004,130.52231256093398,33.52179767285609,run_150
cosbounce_cos_0013,11350,130.50124816860972,116.57453314969439,run_150
cosbounce_cos_0026,17917,130.48876753625711,68.33782867007348,run_150
cosbounce_cos_0039,5083,130.4372469989845,26.120190860445742,run_150
cosbounce_cos_0003,2702,130.36967219660383,63.02001039792891,run_150
cosbounce_cos_0036,15694,130.36271654802252,82.86605735681037,run_150
cosbounce_cos_0039,7288,130.33589005622446,7.143778688231713,run_150
cosbounce_cos_0064,15972,130.28042830753427,49.39077546453589,run_150
cosbounce_cos_0000,10496,130.27632992174034,282.62156140810987,run_150
cosbounce_cos_0048,5363,130.2515314709735,179.4919110092752,run_150
cosbounce_cos_0084,9885,130.23975553413632,268.015927673589,run_150
cosbounce_cos_0033,3118,130.23311976462554,17.775558322311163,run_150
cosbounce_cos_0039,17334,130.22898289634114,114.61135117233029,run_150
cosbounce_cos_0081,22020,130.21509063168276,19.934049674845134,run_150
cosbounce_cos_0024,4409,130.18796942213922,35.43291782123443,run_150
cosbounce_cos_0065,278,130.18127350113286,14.933162959707513,run_150
cosbounce_cos_0028,12300,130.15180540335996,267.54959926514977,run_150
cosbounce_cos_0012,9603,130.09952094517757,34.02040022369571,run_150
cosbounce_cos_0036,5706,130.06113842268124,9.341392326420355,run_150
cosbounce_cos_0080,5221,130.05921330235935,72.73543656571391,run_150
cosbounce_cos_0001,6482,130.02717353621566,10.540999455131114,run_150
cosbounce_cos_0036,11440,129.99635085115298,0.7047343613963126,run_150
cosbounce_cos_0074,1569,129.95666364356467,242.74141832153745,run_150
cosbounce_cos_0059,5684,129.94587057026055,132.26263154863292,run_150
cosbounce_cos_0019,1868,129.90263540972146,82.10034122339104,run_150
cosbounce_cos_0077,2328,129.87397884484616,42.30567788673502,run_150
cosbounce_cos_0046,7475,129.8682604564831,251.34542384446544,run_150
cosbounce_cos_0037,21332,129.82709264114246,185.02726532589384,run_150
cosbounce_cos_0010,6819,129.81006148577197,3.9324550344759848,run_150
cosbounce_cos_0021,15889,129.77145130317066,42.491279270172534,run_150
cosbounce_cos_0027,2231,129.72861030978763,129.03858070979896,run_150
cosbounce_cos_0055,7670,129.72734854680132,145.56412752263162,run_150
cosbounce_cos_0024,12748,129.71796387948487,0.4844892127551117,run_150
cosbounce_cos_0053,18937,129.7134748317037,67.09441942510216,run_150
cosbounce_cos_0050,15819,129.70747603502392,300.105973964171,run_150
cosbounce_cos_0015,16770,129.6935312076394,36.70657739443217,run_150
cosbounce_cos_0018,8629,129.6535717171745,50.96592955128335,run_150
cosbounce_cos_0062,2657,129.64889039916696,159.4121521699361,run_150
cosbounce_cos_0012,20867,129.60980348350515,2.8810755797768657,run_150
cosbounce_cos_0070,10126,129.5884005803715,6.718298105649337,run_150
cosbounce_cos_0061,22224,129.58770433601694,434.0475220091051,run_150
cosbounce_cos_0069,9756,129.55613936479875,3.583128426337255,run_150
cosbounce_cos_0077,18680,129.5526257015929,47.19373302578897,run_150
cosbounce_cos_0060,4364,129.4324831102818,185.7699395574595,run_150
cosbounce_cos_0054,11090,129.42378786438874,4.906244588133728,run_150
cosbounce_cos_0080,7329,129.42102568485558,87.6014719342659,run_150
cosbounce_cos_0065,20607,129.41974018398133,1.9468497333277823,run_150
cosbounce_cos_0004,6565,129.41219859286193,424.77265628689645,run_150
cosbounce_cos_0021,1500,129.4092543561061,17.392524426138976,run_150
cosbounce_cos_0066,19155,129.3834991717498,115.01876164072308,run_150
cosbounce_cos_0037,15271,129.37172544041712,21.641782607786265,run_150
cosbounce_cos_0079,16649,129.35756032284948,3.4606944426552593,run_150
cosbounce_cos_0044,1761,129.3533095535287,152.32973875676072,run_150
cosbounce_cos_0072,9085,129.23694523317346,222.53146207826052,run_150
cosbounce_cos_0045,8040,129.23520018720075,62.99492248023024,run_150
cosbounce_cos_0055,15343,129.1965475849022,196.95820008508935,run_150
cosbounce_cos_0065,16962,129.14922641894762,169.96854506667674,run_150
cosbounce_cos_0018,3012,129.13139768523035,3.931732700321849,run_150
cosbounce_cos_0023,21314,129.10887723016032,9.866748141006816,run_150
cosbounce_cos_0070,10930,129.10296593552053,320.64920665970476,run_150
cosbounce_cos_0002,22561,129.0631292815776,34.71939581397592,run_150
cosbounce_cos_0035,3893,129.0537009471291,65.2049227918212,run_150
cosbounce_cos_0085,2004,129.0402818771116,70.7615491062358,run_150
cosbounce_cos_0079,20525,129.0315815344795,324.6601813904574,run_150
cosbounce_cos_0063,8181,129.01405914050866,1.6433716761849162,run_150
cosbounce_cos_0027,10019,128.92581967426736,77.189282662524,run_150
cosbounce_cos_0070,11020,128.91119945265015,31.705877685067392,run_150
cosbounce_cos_0017,4267,128.90235012055413,1.1242440374128333,run_150
cosbounce_cos_0022,18281,128.89386912652827,143.25295349866371,run_150
cosbounce_cos_0008,9233,128.89384602577147,4.30376854782316,run_150
cosbounce_cos_0065,2568,128.8800686316805,4.743296587788415,run_150
cosbounce_cos_0086,8859,128.85079625060607,278.22119222955513,run_150
cosbounce_cos_0031,1822,128.84679554551374,13.481531112654547,run_150
cosbounce_cos_0066,9355,128.8288320703835,351.0656729779149,run_150
cosbounce_cos_0015,19536,128.7743649396107,4.2011700020495075,run_150
cosbounce_cos_0048,15552,128.67558347005956,6.346635858998605,run_150
cosbounce_cos_0064,7021,128.63576155211925,9.752788276192176,run_150
cosbounce_cos_0058,11811,128.5993345039477,25.872420812504178,run_150
cosbounce_cos_0081,20928,128.55514528518387,51.43993649082449,run_150
cosbounce_cos_0056,69,128.54595724842895,124.26067016427258,run_150
cosbounce_cos_0058,11490,128.5413048450459,254.54911657368623,run_150
cosbounce_cos_0054,17466,128.51187499937362,112.57216091024162,run_150
cosbounce_cos_0009,11079,128.50545386785248,58.901133858219936,run_150
cosbounce_cos_0006,544,128.48145681034217,9.83853666690714,run_150
cosbounce_cos_0040,77,128.46055212526613,159.44164834926855,run_150
cosbounce_cos_0066,21767,128.4331816401638,33.729666256279344,run_150
cosbounce_cos_0026,11330,128.43175909474442,22.102252264223058,run_150
cosbounce_cos_0059,21195,128.38395017541848,114.57867173374487,run_150
cosbounce_cos_0077,16352,128.36230319864438,8.955885949255599,run_150
cosbounce_cos_0078,10805,128.35313466957902,239.20429414758792,run_150
cosbounce_cos_0006,4530,128.3485750901496,26.24542061342696,run_150
cosbounce_cos_0051,16037,128.34819835154929,82.23237173338903,run_150
cosbounce_cos_0029,14224,128.3453197216039,74.41812582107106,run_150
cosbounce_cos_0070,7498,128.2604119424767,14.551386785817325,run_150
cosbounce_cos_0009,12939,128.25273311002928,34.68522220252229,run_150
cosbounce_cos_0000,4761,128.23899482483978,45.002033726179434,run_150
cosbounce_cos_0016,13906,128.2238285955431,42.80764054923886,run_150
cosbounce_cos_0036,15812,128.19461446293315,176.65274435382827,run_150
cosbounce_cos_0057,17821,128.08837445265698,34.443901277956925,run_150
cosbounce_cos_0075,366,128.03838478026472,8.15101331494829,run_150
cosbounce_cos_0019,12767,128.00389574508333,104.10067174896128,run_150
cosbounce_cos_0015,9833,127.98558805983737,111.27282976627863,run_150
cosbounce_cos_0003,17871,127.94523470892848,66.5770294673399,run_150
cosbounce_cos_0041,14794,127.94184438643593,161.80421835183108,run_150
cosbounce_cos_0063,3894,127.87051858431606,10.132206602968006,run_150
cosbounce_cos_0029,6954,127.86204792946864,334.5078311864357,run_150
cosbounce_cos_0035,11601,127.85967688436035,5.532022441090062,run_150
cosbounce_cos_0077,18923,127.83751370092156,53.80771806367167,run_150
cosbounce_cos_0038,504,127.8334412188087,39.20578857326676,run_150
cosbounce_cos_0055,9953,127.7811545329564,4.247359560225133,run_150
cosbounce_cos_0005,20011,127.77218108379027,66.4128381733546,run_150
cosbounce_cos_0033,8635,127.76091854977523,49.12803374154827,run_150
cosbounce_cos_0016,5794,127.75427968830584,72.45572882832357,run_150
cosbounce_cos_0032,4643,127.74099990269636,82.34618860361078,run_150
cosbounce_cos_0030,16399,127.72955260007119,118.57257086617133,run_150
cosbounce_cos_0003,15487,127.72838107121053,73.28613627627911,run_150
cosbounce_cos_0061,8398,127.70912340631686,8.313521122124207,run_150
cosbounce_cos_0064,6099,127.66496469802703,49.4658595546351,run_150
cosbounce_cos_0001,15913,127.61031566573497,7.687189618121942,run_150
cosbounce_cos_0057,13917,127.60970331120096,325.97355026926215,run_150
cosbounce_cos_0071,9747,127.58546150476555,24.574481038315813,run_150
cosbounce_cos_0044,7017,127.56881038631487,0.17660752567383828,run_150
cosbounce_cos_0022,8529,127.55547676238453,18.482695470514443,run_150
cosbounce_cos_0054,4788,127.53057410622586,97.31780070529365,run_150
cosbounce_cos_0026,12652,127.47103179470763,7.162077204739225,run_150
cosbounce_cos_0066,16497,127.43161241725008,386.0233076180663,run_150
cosbounce_cos_0036,3372,127.42414857066345,3.4136975469137143,run_150
cosbounce_cos_0006,20385,127.40457633286542,9.62395957249363,run_150
cosbounce_cos_0074,11485,127.39759674454844,59.47163903689602,run_150
cosbounce_cos_0063,10592,127.38708648658329,540.4609240323907,run_150
cosbounce_cos_0081,20092,127.34455805123403,79.89821781686338,run_150
cosbounce_cos_0015,8390,127.33097731787971,145.24859007979512,run_150
cosbounce_cos_0076,40,127.3042271610854,5.235842274837623,run_150
cosbounce_cos_0004,19001,127.2495259500629,237.50068547997708,run_150
cosbounce_cos_0011,13597,127.15613707495486,5.484992862888288,run_150
cosbounce_cos_0076,20976,127.12034596569734,63.613709659858806,run_150
cosbounce_cos_0042,6459,127.05930239823178,27.708146179511647,run_150
cosbounce_cos_0035,22147,127.03121635872941,64.95828873485902,run_150
cosbounce_cos_0037,8116,127.00581331427142,9.223036490941324,run_150
cosbounce_cos_0019,17950,126.94388627697893,330.1002557335918,run_150
cosbounce_cos_0067,22140,126.9383280634785,12.18018761327255,run_150
cosbounce_cos_0030,19321,126.93041063516098,11.1540095814775,run_150
cosbounce_cos_0049,21428,126.92207886612312,144.02451323349104,run_150
cosbounce_cos_0062,2110,126.8831283967676,145.81687160239088,run_150
cosbounce_cos_0023,3388,126.8428727490119,113.37592298298156,run_150
cosbounce_cos_0069,18229,126.84155464880958,1.6119803101486407,run_150
cosbounce_cos_0045,15599,126.82290824194803,170.97960744620576,run_150
cosbounce_cos_0019,11075,126.81691541175445,8.43060527682611,run_150
cosbounce_cos_0061,19859,126.80755609667528,3.3924295292259354,run_150
cosbounce_cos_0034,8701,126.73522647671912,25.797960497712282,run_150
cosbounce_cos_0003,1329,126.691250461874,15.751806185880405,run_150
cosbounce_cos_0018,7631,126.62264542285985,26.48304263639616,run_150
cosbounce_cos_0007,7884,126.5856390893256,19.17585020888808,run_150
cosbounce_cos_0029,20967,126.55391466008604,17.326001442429142,run_150
cosbounce_cos_0080,9710,126.50975854271594,30.81583808663879,run_150
cosbounce_cos_0055,5991,126.48196923127463,137.84139002413477,run_150
cosbounce_cos_0082,6525,126.37257749157568,134.4964872970914,run_150
cosbounce_cos_0085,13253,126.22902950958189,304.83783256681687,run_150
cosbounce_cos_0024,5891,126.20731901376593,221.5946324444441,run_150
cosbounce_cos_0006,10458,126.1982407148833,331.48643732955475,run_150
cosbounce_cos_0003,16187,126.19008220040884,2.9199140216905946,run_150
cosbounce_cos_0067,18489,126.16753325536183,73.08099262016513,run_150
cosbounce_cos_0002,2093,126.1301639501614,217.38270197558882,run_150
cosbounce_cos_0044,740,126.11959360850277,94.45663725377877,run_150
cosbounce_cos_0077,8078,126.08250662595498,310.0743286069948,run_150
cosbounce_cos_0083,13773,126.04908964252381,16.38366089483332,run_150
cosbounce_cos_0036,12543,126.03657481005615,81.66209505398136,run_150
cosbounce_cos_0022,7851,126.02414518774789,6.424033940027524,run_150
cosbounce_cos_0018,9293,125.94072114641686,26.60951832550524,run_150
cosbounce_cos_0073,10508,125.93083763897963,12.271211417174195,run_150
cosbounce_cos_0066,16413,125.88487683884557,344.2122726068881,run_150
cosbounce_cos_0049,10373,125.81502531994224,0.12136910319478496,run_150
cosbounce_cos_0001,1121,125.80680225950931,57.08570547864104,run_150
cosbounce_cos_0071,8449,125.7926746295443,26.966311856198935,run_150
cosbounce_cos_0008,3049,125.7824958613933,5.556270632572036,run_150
cosbounce_cos_0029,10167,125.7674299377796,11.50589852995841,run_150
cosbounce_cos_0076,12914,125.76607497029066,2.12612728588814,run_150
cosbounce_cos_0006,2593,125.65748147959353,22.608910465189883,run_150
cosbounce_cos_0047,10161,125.65103540554142,7.863922525410457,run_150
cosbounce_cos_0011,20642,125.64888930816517,266.3634017547554,run_150
cosbounce_cos_0056,14033,125.63429038466792,61.2636895177933,run_150
cosbounce_cos_0044,6604,125.5709629408416,20.41167077043249,run_150
cosbounce_cos_0035,15237,125.55427348557144,154.04695826230866,run_150
cosbounce_cos_0061,8146,125.54790114673314,70.7826469506214,run_150
cosbounce_cos_0028,18954,125.53474963090524,3.1769374298015265,run_150
cosbounce_cos_0047,13989,125.51396771194642,187.86697925380383,run_150
cosbounce_cos_0004,21196,125.48789482897509,152.71383044257394,run_150
cosbounce_cos_0053,10161,125.46646623105825,10.241190200347534,run_150
cosbounce_cos_0038,22000,125.44733574089123,151.28438272257503,run_150
cosbounce_cos_0015,5046,125.44052415325368,45.51732688012474,run_150
cosbounce_cos_0054,1569,125.37291308974814,9.55282534264301,run_150
cosbounce_cos_0051,9757,125.32581465884425,276.0554768275864,run_150
cosbounce_cos_0046,20555,125.31798570449894,13.580345783036595,run_150
cosbounce_cos_0077,6396,125.30172984978539,130.36967568340373,run_150
cosbounce_cos_0015,13931,125.26717281189437,1.6945779902540605,run_150
cosbounce_cos_0000,6411,125.24691947274655,190.46050520268616,run_150
cosbounce_cos_0046,956,125.24398798824639,8.65606065928389,run_150
cosbounce_cos_0015,19319,125.21649290169002,8.00392618411833,run_150
cosbounce_cos_0049,16745,125.1407088578769,88.33813513328546,run_150
cosbounce_cos_0083,13965,125.12417854971304,220.92929451501544,run_150
cosbounce_cos_0036,6773,125.11440964741578,5.3792255375154205,run_150
cosbounce_cos_0036,10248,125.10356454377587,24.562692206099356,run_150
cosbounce_cos_0031,4748,125.08424898079127,51.5675642457125,run_150
cosbounce_cos_0076,6930,125.06629031039085,389.9314866960776,run_150
cosbounce_cos_0012,3535,125.04815412073415,59.20780254241836,run_150
cosbounce_cos_0047,10500,125.0209075774311,34.76491368637336,run_150
cosbounce_cos_0011,7827,124.97232474889874,192.7177094017071,run_150
cosbounce_cos_0040,14638,124.95630324404068,5.444074911931922,run_150
cosbounce_cos_0021,14267,124.9094206391355,4.319605009070335,run_150
cosbounce_cos_0061,3481,124.86886806425964,47.725318658240454,run_150
cosbounce_cos_0063,18473,124.86094122054206,21.81530606942909,run_150
cosbounce_cos_0006,15329,124.83992573886579,156.0873816994854,run_150
cosbounce_cos_0004,13607,124.83105908906938,14.498242350579975,run_150
cosbounce_cos_0058,14211,124.81791053699989,200.91134667109154,run_150
cosbounce_cos_0023,16141,124.7581320640558,19.09016055835834,run_150
cosbounce_cos_0084,12553,124.71302965430034,14.174970224927543,run_150
cosbounce_cos_0072,15809,124.65094011052761,2.3941837946487414,run_150
cosbounce_cos_0008,3690,124.64947529160602,32.97297379779862,run_150
cosbounce_cos_0034,7774,124.63077966720721,250.8767523938181,run_150
cosbounce_cos_0001,18053,124.5923964021465,7.5174747182157775,run_150
cosbounce_cos_0017,21733,124.58728015986613,199.98494669301175,run_150
cosbounce_cos_0082,11321,124.51194305618006,46.5889600560283,run_150
cosbounce_cos_0014,17786,124.49608235370249,206.9678762936521,run_150
cosbounce_cos_0032,9966,124.49001707212143,14.207591480327482,run_150
cosbounce_cos_0014,18788,124.46448403148302,23.218609815514938,run_150
cosbounce_cos_0064,18276,124.40414463884659,5.728589416588637,run_150
cosbounce_cos_0000,19979,124.39160089995005,86.75786589477316,run_150
cosbounce_cos_0052,19367,124.35640031299856,122.39072008917448,run_150
cosbounce_cos_0005,1537,124.34520399425914,4.208881638801895,run_150
cosbounce_cos_0067,18030,124.29220368083678,81.7142625078727,run_150
cosbounce_cos_0027,14428,124.28964075819307,26.16393531239255,run_150
cosbounce_cos_0043,14327,124.23710563170692,82.54615768302646,run_150
cosbounce_cos_0028,6050,124.18829978177925,67.74312038163413,run_150
cosbounce_cos_0015,6401,124.17792737388616,14.527758482991715,run_150
cosbounce_cos_0023,14865,124.14195731538855,120.00726375672794,run_150
cosbounce_cos_0010,22275,124.12548746629594,8.042361132233856,run_150
cosbounce_cos_0045,1001,124.11691027392374,37.97373893219331,run_150
cosbounce_cos_0011,13351,124.09758896804122,92.69652701235282,run_150
cosbounce_cos_0014,14655,124.08648826394659,167.93813124005828,run_150
cosbounce_cos_0061,11884,124.04146839255257,17.77482102413595,run_150
cosbounce_cos_0055,15729,124.03470280589552,236.41046116048503,run_150
cosbounce_cos_0043,12065,124.03007863296051,87.15615258677612,run_150
cosbounce_cos_0011,738,124.02061577115018,162.7373180591521,run_150
cosbounce_cos_0039,13853,124.01608173115122,16.754300154142893,run_150
cosbounce_cos_0018,2602,124.00164371289581,44.30163953183443,run_150
cosbounce_cos_0033,5279,123.99650981529909,18.916109615616154,run_150
cosbounce_cos_0002,18981,123.9812320767333,218.88223788419484,run_150
cosbounce_cos_0048,13522,123.97321395313716,66.74035071946085,run_150
cosbounce_cos_0014,10698,123.9255479668278,20.088611275566212,run_150
cosbounce_cos_0067,19668,123.90574942981343,344.05540621323905,run_150
cosbounce_cos_0009,16212,123.87426806731703,197.3876427571919,run_150
cosbounce_cos_0022,4402,123.80940950099959,10.215380573303632,run_150
cosbounce_cos_0061,4481,123.80410282141501,51.27440317337859,run_150
cosbounce_cos_0064,4103,123.71597666701085,43.855253823422444,run_150
cosbounce_cos_0040,17053,123.60750314558081,27.665520996258053,run_150
cosbounce_cos_0010,16296,123.5694546446202,38.94180626285501,run_150
cosbounce_cos_0016,11094,123.50827385179329,88.7868135125897,run_150
cosbounce_cos_0060,19616,123.45765266139503,85.0865398549583,run_150
cosbounce_cos_0073,14734,123.42719193232782,146.79548955975326,run_150
cosbounce_cos_0013,1559,123.41924695135599,14.573296045038779,run_150
cosbounce_cos_0039,4736,123.34013588966596,61.20801102264943,run_150
cosbounce_cos_0072,18736,123.27154873975489,19.4848685012208,run_150
cosbounce_cos_0034,1868,123.24315430544489,43.95372620790256,run_150
cosbounce_cos_0082,14415,123.19580782078425,76.24459581367363,run_150
cosbounce_cos_0044,8426,123.13009192969318,402.6842432657943,run_150
cosbounce_cos_0002,1919,123.10860334798116,412.00375439996,run_150
cosbounce_cos_0021,13077,122.96533292341425,7.872617112721134,run_150
cosbounce_cos_0052,1523,122.96000318521298,32.03131622393978,run_150
cosbounce_cos_0045,5677,122.95326557217135,298.5776183902175,run_150
cosbounce_cos_0009,20112,122.92999143302018,2.231795449356996,run_150
cosbounce_cos_0055,8197,122.9254764726641,283.4301759443573,run_150
cosbounce_cos_0011,4522,122.91722052403685,38.18701756157502,run_150
cosbounce_cos_0004,1582,122.90564944898841,241.40174367665165,run_150
cosbounce_cos_0043,18730,122.89172005048123,13.909021100423573,run_150
cosbounce_cos_0017,7118,122.86264177544261,92.53948355870224,run_150
cosbounce_cos_0038,1038,122.73452355230386,6.66481787223416,run_150
cosbounce_cos_0037,1494,122.70449045492069,63.5108852943635,run_150
cosbounce_cos_0004,6964,122.68740216137299,204.6958465690785,run_150
cosbounce_cos_0057,15813,122.63963053142612,14.263649754789101,run_150
cosbounce_cos_0021,4865,122.59798787968205,18.734512323054016,run_150
cosbounce_cos_0071,2559,122.54840165009009,34.01647613683856,run_150
cosbounce_cos_0004,8803,122.50377080479726,307.02770635452407,run_150
cosbounce_cos_0038,16243,122.48133562980411,0.834569074244378,run_150
cosbounce_cos_0080,5643,122.44027180402232,50.753417439494285,run_150
cosbounce_cos_0030,17291,122.41996059050844,77.26640243522561,run_150
cosbounce_cos_0013,18560,122.41410622831326,78.30363032724783,run_150
cosbounce_cos_0020,12235,122.40524725935866,12.141554672767995,run_150
cosbounce_cos_0021,3778,122.36294760982169,22.786487968166618,run_150
cosbounce_cos_0040,7013,122.34166925128821,73.28378665488768,run_150
cosbounce_cos_0015,1034,122.31205497044172,13.39567226424931,run_150
cosbounce_cos_0024,3610,122.2475852039139,55.952116332494626,run_150
cosbounce_cos_0013,3731,122.19559348694852,101.32679325881236,run_150
cosbounce_cos_0004,12718,122.06345261094468,10.916670976362424,run_150
cosbounce_cos_0062,167,122.05228880594879,16.596987824502186,run_150
cosbounce_cos_0028,17000,122.03647935653818,21.419407114566745,run_150
cosbounce_cos_0000,7282,121.97453945110878,3.6025303578004513,run_150
cosbounce_cos_0026,11935,121.91961859263486,146.35371882952444,run_150
cosbounce_cos_0044,20279,121.91184312848269,79.7710412876715,run_150
cosbounce_cos_0048,13030,121.90739734485298,153.2984368548909,run_150
cosbounce_cos_0083,17962,121.8983904900607,72.28796959322663,run_150
cosbounce_cos_0066,9394,121.8435477655497,37.01483843311804,run_150
cosbounce_cos_0062,9606,121.82281365544539,2.9093420454608805,run_150
cosbounce_cos_0075,14144,121.74757484561408,107.31672080484819,run_150
cosbounce_cos_0019,1232,121.6409780271288,8.829958825477323,run_150
cosbounce_cos_0072,11659,121.61606763091449,320.806638245977,run_150
cosbounce_cos_0070,4971,121.60118251381628,23.938773492660527,run_150
cosbounce_cos_0001,4676,121.59870526386878,184.0823303420835,run_150
cosbounce_cos_0007,22332,121.57874117683212,344.6428754297106,run_150
cosbounce_cos_0071,14751,121.49579447528998,393.7677718972622,run_150
cosbounce_cos_0062,21285,121.42037065151705,246.60053709341415,run_150
cosbounce_cos_0007,21980,121.41546068150869,41.05581917143582,run_150
cosbounce_cos_0005,16845,121.39018993039203,36.56075352932206,run_150
cosbounce_cos_0021,10406,121.3443751608845,10.456328209683589,run_150
cosbounce_cos_0003,11428,121.32536306364,343.46655229352046,run_150
cosbounce_cos_0031,7866,121.3036061108333,0.9950125599642318,run_150
cosbounce_cos_0037,9827,121.25528282869628,373.87293160664456,run_150
cosbounce_cos_0068,14647,121.23602791720832,19.599191493808586,run_150
cosbounce_cos_0056,9976,121.22401490689599,117.44107647430761,run_150
cosbounce_cos_0004,10840,121.19192179605493,0.8964987843900935,run_150
cosbounce_cos_0051,21017,121.17953643015937,324.1109310692707,run_150
cosbounce_cos_0026,4986,121.14365638363756,79.66913743524083,run_150
cosbounce_cos_0042,8967,120.96231306208078,157.2388137273198,run_150
cosbounce_cos_0009,7249,120.94879839589706,146.28714110373207,run_150
cosbounce_cos_0067,19305,120.9478691531644,289.1840938654397,run_150
cosbounce_cos_0061,6528,120.94376182558614,10.175092937545893,run_150
cosbounce_cos_0040,6971,120.90271110665967,370.2497001297741,run_150
cosbounce_cos_0046,10018,120.90072420309389,3.2027977860246306,run_150
cosbounce_cos_0038,21324,120.89784606692851,193.72259810025915,run_150
cosbounce_cos_0016,4167,120.88871781284176,17.428824610175337,run_150
cosbounce_cos_0039,19993,120.85823961142705,77.23271416286147,run_150
cosbounce_cos_0043,9050,120.82290883148922,309.2529169370605,run_150
cosbounce_cos_0086,6383,120.7718920242509,51.31094879765167,run_150
cosbounce_cos_0071,1274,120.7571865287619,264.8250287907962,run_150
cosbounce_cos_0020,2741,120.74113387745972,108.68958438760916,run_150
cosbounce_cos_0019,8431,120.73235915148284,27.74114052917488,run_150
cosbounce_cos_0064,22083,120.72995212955871,87.10348961380502,run_150
cosbounce_cos_0015,17346,120.72381840893158,3.839269997762641,run_150
cosbounce_cos_0012,7470,120.70520134250813,41.37878971448637,run_150
cosbounce_cos_0032,14515,120.70492479651776,38.57251633554231,run_150
cosbounce_cos_0030,4737,120.69801912373816,10.884860330913414,run_150
cosbounce_cos_0063,8050,120.65479630586013,31.54412129603691,run_150
cosbounce_cos_0078,13347,120.55759162106442,60.664565222464425,run_150
cosbounce_cos_0052,10469,120.43312123913327,168.83667053670584,run_150
cosbounce_cos_0072,4001,120.41949083547198,26.58109992252105,run_150
cosbounce_cos_0056,525,120.4100810200661,420.7775964966726,run_150
cosbounce_cos_0044,19944,120.4046871527569,54.46468016579143,run_150
cosbounce_cos_0045,3924,120.3952110305294,29.96471148148121,run_150
cosbounce_cos_0014,3232,120.30178826120239,8.750408410007433,run_150
cosbounce_cos_0001,17243,120.28867577380572,211.61600057950926,run_150
cosbounce_cos_0028,5431,120.28278515798151,64.79540630292864,run_150
cosbounce_cos_0006,18959,120.27970427685395,19.849024935538875,run_150
cosbounce_cos_0071,18368,120.27386333102946,302.8880976404449,run_150
cosbounce_cos_0024,612,120.15346369300316,76.31009110920859,run_150
cosbounce_cos_0017,4321,119.78124747634898,45.83854501678782,run_150
cosbounce_cos_0002,20695,119.77297165143533,182.1483591544126,run_150
cosbounce_cos_0037,21159,119.77115062312446,197.5475660198675,run_150
cosbounce_cos_0069,13634,119.75249180866939,8.398507892680112,run_150
cosbounce_cos_0034,9232,119.74963369047637,19.64492785515424,run_150
cosbounce_cos_0047,19309,119.7361401611192,344.02153918692613,run_150
cosbounce_cos_0006,20929,119.706754445861,3.07714547316793,run_150
cosbounce_cos_0046,20159,119.68577166722302,117.67550907957639,run_150
cosbounce_cos_0018,15904,119.65623684104241,34.59529174015626,run_150
cosbounce_cos_0085,2561,119.63796611385644,14.215720906976436,run_150
cosbounce_cos_0001,11617,119.5847034446735,163.20013275677067,run_150
cosbounce_cos_0006,21405,119.56337263903625,93.87286960664267,run_150
cosbounce_cos_0023,925,119.55987483768534,142.83761850061748,run_150
cosbounce_cos_0084,3143,119.52772673112246,180.56442173164672,run_150
cosbounce_cos_0003,17464,119.49598018692626,79.86938004580762,run_150
cosbounce_cos_0043,11131,119.45731482527958,210.77466838410862,run_150
cosbounce_cos_0021,15358,119.44244312783641,8.585924695594354,run_150
cosbounce_cos_0063,7240,119.42222732586949,5.378320241146473,run_150
cosbounce_cos_0019,15035,119.38840085360232,261.0999837342962,run_150
cosbounce_cos_0074,18305,119.35923711696445,107.11080950635083,run_150
cosbounce_cos_0003,7298,119.27952561649522,264.779614791586,run_150
cosbounce_cos_0001,20776,119.25544659044303,20.307443687558393,run_150
cosbounce_cos_0085,3647,119.20138009142622,13.27217565237788,run_150
cosbounce_cos_0070,7863,119.15524620670399,360.56215544825807,run_150
cosbounce_cos_0009,18815,119.14593292574911,451.13961183203315,run_150
cosbounce_cos_0072,6398,119.06965587237723,29.400111407609472,run_150
cosbounce_cos_0021,9978,119.02613175129477,113.35014340996413,run_150
cosbounce_cos_0022,5488,119.02590572878577,116.01683850381427,run_150
cosbounce_cos_0013,9162,119.01836453572423,23.482928554010527,run_150
cosbounce_cos_0010,19095,118.99480019920209,81.85866843035843,run_150
cosbounce_cos_0077,9722,118.89355135045398,4.658042592253519,run_150
cosbounce_cos_0071,21664,118.89263207839663,201.3174014321476,run_150
cosbounce_cos_0012,3193,118.88799783391917,471.11929515063093,run_150
cosbounce_cos_0034,8860,118.85600272838941,205.85181122450632,run_150
cosbounce_cos_0009,8212,118.66279383217338,205.8372346982893,run_150
cosbounce_cos_0000,5366,118.64110406422719,200.02510934638028,run_150
cosbounce_cos_0035,18743,118.60543203904055,36.64234832019854,run_150
cosbounce_cos_0020,16920,118.57186672504932,95.71660193760474,run_150
cosbounce_cos_0021,10772,118.55733279554195,2.8185842571624686,run_150
cosbounce_cos_0017,10080,118.38838267664643,243.39015529721738,run_150
cosbounce_cos_0066,1389,118.2897001634745,30.615916299782995,run_150
cosbounce_cos_0083,11627,118.26487190736843,180.97593557802318,run_150
cosbounce_cos_0038,21794,118.19325952256719,145.90369215305063,run_150
cosbounce_cos_0085,10748,118.1659301937861,302.2659984233108,run_150
cosbounce_cos_0058,18169,118.16431380265212,39.301907675463426,run_150
cosbounce_cos_0065,8328,118.05397476416526,16.09017686907343,run_150
cosbounce_cos_0013,20658,118.00919508927032,41.16297184753307,run_150
cosbounce_cos_0003,17005,117.97583829487029,32.754905382266,run_150
cosbounce_cos_0062,3889,117.93039327509706,165.04725435214212,run_150
cosbounce_cos_0060,2984,117.85874373681555,6.655782734302725,run_150
cosbounce_cos_0024,8884,117.72998813154058,8.677122987189305,run_150
cosbounce_cos_0036,11608,117.6870982400528,201.44038258790135,run_150
cosbounce_cos_0073,19559,117.67714435724325,219.07562900924052,run_150
cosbounce_cos_0071,16371,117.60583227187243,18.15952084262687,run_150
cosbounce_cos_0025,12019,117.58464874956162,10.879430082984358,run_150
cosbounce_cos_0012,17115,117.56634979287674,144.41388531555359,run_150
cosbounce_cos_0067,16823,117.5552163636787,162.24087100686233,run_150
cosbounce_cos_0050,16976,117.50081531054995,417.9710702615964,run_150
cosbounce_cos_0005,784,117.41911117459995,77.58732912870475,run_150
cosbounce_cos_0008,5683,117.35638132828778,27.490740198182483,run_150
cosbounce_cos_0079,14176,117.16020574957442,14.196948884799932,run_150
cosbounce_cos_0062,4660,117.14085008338485,204.53853808905856,run_150
cosbounce_cos_0026,18989,117.04957467975821,13.638061468885203,run_150
cosbounce_cos_0036,17221,117.04067868333327,17.68489655944255,run_150
cosbounce_cos_0001,14938,117.02487484946184,5.788011892534702,run_150
cosbounce_cos_0032,15365,116.99613341859293,106.56374344686235,run_150
cosbounce_cos_0074,11143,116.98018674101273,159.2478670525848,run_150
cosbounce_cos_0004,6951,116.97357653439568,419.25501389841276,run_150
cosbounce_cos_0017,3237,116.95216658419777,79.58764701313761,run_150
cosbounce_cos_0077,4744,116.94437218217422,240.30138977811225,run_150
cosbounce_cos_0011,12985,116.92636474623036,20.575759389351905,run_150
cosbounce_cos_0059,445,116.56078729434243,13.683429186385782,run_150
cosbounce_cos_0020,17357,116.51899947232455,70.96173148879168,run_150
cosbounce_cos_0083,19731,116.45820795000252,101.15825422544847,run_150
cosbounce_cos_0026,12564,116.45472678793466,251.753016003066,run_150
cosbounce_cos_0077,21507,116.37365101082075,167.00245915267865,run_150
cosbounce_cos_0040,4428,116.36291919106895,14.220520823260674,run_150
cosbounce_cos_0062,9578,116.34407344059261,73.08150390038519,run_150
cosbounce_cos_0010,1097,116.33649672973254,88.52768364573794,run_150
cosbounce_cos_0027,17076,116.25987050424519,42.60162131239527,run_150
cosbounce_cos_0021,6446,116.18529657275889,5.8702240438509055,run_150
cosbounce_cos_0079,22220,116.1648250210587,460.2143381900251,run_150
cosbounce_cos_0029,298,116.07275056079445,32.66132072048856,run_150
cosbounce_cos_0039,20168,115.9863058611557,19.684259023316738,run_150
cosbounce_cos_0027,10969,115.98012106495668,60.0346963622706,run_150
cosbounce_cos_0022,18744,115.95775460501034,158.53067218256194,run_150
cosbounce_cos_0018,15310,115.91716957047343,7.725905579133577,run_150
cosbounce_cos_0061,12967,115.8803207078007,189.33291169058447,run_150
cosbounce_cos_0067,12983,115.87397077241863,7.338542455568706,run_150
cosbounce_cos_0017,14337,115.85912547475004,52.106053981778864,run_150
cosbounce_cos_0020,15963,115.84554466158531,142.9919593565459,run_150
cosbounce_cos_0060,1766,115.81780383745028,53.116835956009616,run_150
cosbounce_cos_0029,14058,115.73653796525774,48.48438362349477,run_150
cosbounce_cos_0042,16575,115.72329929354112,27.90646428263453,run_150
cosbounce_cos_0027,17473,115.69673922803346,107.47447389645663,run_150
cosbounce_cos_0029,4677,115.58845122832861,99.54127236067396,run_150
cosbounce_cos_0026,19878,115.48865069243845,22.737610794313674,run_150
cosbounce_cos_0074,18896,115.40346017759794,6.284167613201225,run_150
cosbounce_cos_0085,16408,115.34445642589338,321.2277345595481,run_150
cosbounce_cos_0012,882,115.25871450626539,252.94256914686423,run_150
cosbounce_cos_0028,11367,115.24691715506934,19.744992834498273,run_150
cosbounce_cos_0072,22317,114.81076086560238,24.22599779009262,run_150
cosbounce_cos_0050,6415,114.73115779535802,228.95543465103174,run_150
cosbounce_cos_0012,1684,114.69407659838396,53.49377836774193,run_150
cosbounce_cos_0064,20481,114.60703094803122,118.14186918540716,run_150
cosbounce_cos_0019,15059,114.52910256847571,280.12524598861677,run_150
cosbounce_cos_0036,1137,114.42553198691803,86.89229867590052,run_150
cosbounce_cos_0071,6603,114.28794383636931,51.55715090000031,run_150
cosbounce_cos_0081,469,114.25348302611765,123.33417476293022,run_150
cosbounce_cos_0002,5219,114.0231927087235,126.18163623954304,run_150
cosbounce_cos_0078,21416,113.97578619565176,54.46768715429125,run_150
cosbounce_cos_0022,3772,113.91677182464643,7.060763271831784,run_150
cosbounce_cos_0051,10873,113.81585354803941,22.11550414631487,run_150
cosbounce_cos_0054,98,113.69488096953914,3.77631116136704,run_150
cosbounce_cos_0074,14634,113.6867290006994,62.38488117899327,run_150
cosbounce_cos_0017,18315,113.52046043640271,9.164560624553058,run_150
cosbounce_cos_0019,22274,113.44724126819668,11.599146609821958,run_150
cosbounce_cos_0038,7605,113.35171682793681,4.902750747197691,run_150
cosbounce_cos_0080,11593,113.01271680910037,259.2822010632863,run_150
cosbounce_cos_0040,7726,112.92749957534234,174.6967664727845,run_150
cosbounce_cos_0040,21796,112.85263699712849,58.130358254877564,run_150
cosbounce_cos_0001,5029,112.78968615349623,61.00565529644389,run_150
cosbounce_cos_0031,3770,112.77270882383036,184.28653440928113,run_150
cosbounce_cos_0080,9126,112.76742142040065,450.91140768622853,run_150
cosbounce_cos_0078,9592,112.68705353263124,9.749533143274316,run_150
cosbounce_cos_0019,2309,112.56105826302274,8.696794854382295,run_150
cosbounce_cos_0053,11315,112.55371013540697,14.173005430161941,run_150
cosbounce_cos_0020,5558,112.51391832931945,5.755591355219246,run_150
cosbounce_cos_0021,4401,112.42951016421144,311.23369594542345,run_150
cosbounce_cos_0085,20407,112.33743990373448,49.6826963562386,run_150
cosbounce_cos_0061,18585,112.13545729644139,55.733794528375,run_150
cosbounce_cos_0010,13216,112.03021714818229,107.30214554262398,run_150
cosbounce_cos_0041,5831,112.01635279331198,21.281156871657753,run_150
cosbounce_cos_0037,20870,111.89209558515589,11.8316786810053,run_150
cosbounce_cos_0005,14545,111.85699707192934,257.1109059601783,run_150
cosbounce_cos_0062,11993,111.83911814688632,5.14191211816085,run_150
cosbounce_cos_0006,3624,111.79053482124492,68.86123715691124,run_150
cosbounce_cos_0038,21472,111.7868808314927,211.60318310741457,run_150
cosbounce_cos_0058,8221,111.6197961117557,88.70657307508048,run_150
cosbounce_cos_0067,4576,111.35378474031356,436.63431810371134,run_150
cosbounce_cos_0076,1281,111.24125040626461,74.5654234406246,run_150
cosbounce_cos_0015,3536,111.17432801679034,24.939672153429132,run_150
cosbounce_cos_0057,18521,111.15434422513681,13.074969590435174,run_150
cosbounce_cos_0048,19786,111.0913572340534,47.96855355670197,run_150
cosbounce_cos_0060,9230,111.08021867337136,53.38473275646256,run_150
cosbounce_cos_0046,16639,111.04961808016346,7.260864139020177,run_150
cosbounce_cos_0033,19869,110.98421395816781,20.047958114007027,run_150
cosbounce_cos_0075,20041,110.7960491092113,8.871933406932703,run_150
cosbounce_cos_0010,17422,110.79470237311057,292.1386053289554,run_150
cosbounce_cos_0052,10780,110.79441635640217,173.76679331574707,run_150
cosbounce_cos_0020,12577,110.72337833197614,87.63103888501443,run_150
cosbounce_cos_0049,18418,110.64730315916736,64.48249235481808,run_150
cosbounce_cos_0085,2334,110.61847496098285,32.33202882744893,run_150
cosbounce_cos_0030,151,110.3753163004762,172.5227977753322,run_150
cosbounce_cos_0084,17993,110.36308982154307,210.5486674538669,run_150
cosbounce_cos_0064,3858,110.17256778085167,7.501235375593226,run_150
cosbounce_cos_0041,13136,110.14133055470705,145.69175733679748,run_150
cosbounce_cos_0026,16820,110.08987745536422,28.33104007367207,run_150
cosbounce_cos_0042,3635,110.07806546169944,186.8452693537015,run_150
cosbounce_cos_0044,3844,109.96425694712677,65.62307628577058,run_150
cosbounce_cos_0034,21161,109.78297722652314,179.5755363569991,run_150
cosbounce_cos_0027,3902,109.51710560910642,395.30808042499524,run_150
cosbounce_cos_0031,12207,109.04925546959255,344.64879829685145,run_150
cosbounce_cos_0063,18596,109.01996799016898,241.93265990764758,run_150
cosbounce_cos_0058,2622,108.9934907966034,44.41725185409663,run_150
cosbounce_cos_0074,16437,108.76093226776727,2.2349989646679997,run_150
cosbounce_cos_0081,18301,108.74260702438251,2.1768673396231892,run_150
cosbounce_cos_0038,21392,108.64792863121711,125.51284945578811,run_150
cosbounce_cos_0074,19669,108.50145739280602,385.2641157377837,run_150
cosbounce_cos_0039,12384,108.44890986844112,43.075499763913825,run_150
cosbounce_cos_0026,12828,108.289405767898,310.141473501233,run_150
cosbounce_cos_0031,8732,108.2822476069458,9.00881375335176,run_150
cosbounce_cos_0062,15373,107.85012092940029,4.674750833746262,run_150
cosbounce_cos_0064,12018,107.84174308106108,90.32654466445719,run_150
cosbounce_cos_0004,17029,107.81238756201502,17.9964808877568,run_150
cosbounce_cos_0044,12469,107.79107355942062,66.10525538037813,run_150
cosbounce_cos_0042,4656,107.65702456063384,34.29312846065436,run_150
cosbounce_cos_0025,3800,107.65454679914026,2.370228914032357,run_150
cosbounce_cos_0057,6792,107.65389326244282,78.77192594462977,run_150
cosbounce_cos_0006,13823,107.44244458962342,533.7427080721832,run_150
cosbounce_cos_0034,10349,107.4332747262574,202.12281900320616,run_150
cosbounce_cos_0017,21350,107.40905296718539,206.48224586227738,run_150
cosbounce_cos_0009,5441,107.29511724449904,151.70166544169226,run_150
cosbounce_cos_0027,4955,107.16501299331415,81.77512016561339,run_150
cosbounce_cos_0050,14246,107.02735481207179,326.3158522886008,run_150
cosbounce_cos_0031,5959,106.88229949010717,217.77210281897823,run_150
cosbounce_cos_0083,9379,106.79124548445725,103.55294264231468,run_150
cosbounce_cos_0020,1672,106.74921814790716,63.570290737076775,run_150
cosbounce_cos_0032,17893,106.49618938502564,4.360496361699915,run_150
cosbounce_cos_0061,954,106.2763395339726,7.642767763896508,run_150
cosbounce_cos_0001,2498,106.22304844740692,306.5365406448075,run_150
cosbounce_cos_0084,13373,106.03676544578855,72.27158716779033,run_150
cosbounce_cos_0025,9377,106.02122110304173,100.61596822120468,run_150
cosbounce_cos_0052,5931,105.87897315071987,13.579861698132984,run_150
cosbounce_cos_0063,20225,105.86862761372832,202.82089447775382,run_150
cosbounce_cos_0057,9160,105.86274854068115,206.95891863673288,run_150
cosbounce_cos_0083,1697,105.50774953733438,88.21243554803846,run_150
cosbounce_cos_0069,13244,105.01062266163107,152.2325102775479,run_150
cosbounce_cos_0084,9922,104.6794347331199,159.58190467377784,run_150
cosbounce_cos_0040,4729,104.27105788758304,150.51413920117096,run_150
cosbounce_cos_0044,1160,104.04074877672537,322.21126537107017,run_150
cosbounce_cos_0053,19028,103.83941113762963,149.12792294954173,run_150
cosbounce_cos_0073,10302,103.30749920127664,48.84967532384891,run_150
cosbounce_cos_0060,10541,103.26088333702488,252.10946141931947,run_150
cosbounce_cos_0025,20702,103.20477554675786,55.653386981582976,run_150
cosbounce_cos_0039,9046,103.1092520518311,297.0554413213953,run_150
cosbounce_cos_0035,2533,103.0813362456442,13.998917310296699,run_150
cosbounce_cos_0027,20407,102.0226807231545,153.77036753115095,run_150
cosbounce_cos_0081,9138,101.88265236384562,125.94598524339604,run_150
cosbounce_cos_0010,20652,101.41825687073919,115.89370521580841,run_150
cosbounce_cos_0083,17587,101.30109454565695,103.52124195402325,run_150
cosbounce_cos_0056,12463,100.8078363347997,32.597659882557124,run_150
cosbounce_cos_0037,15785,100.77654935748883,15.19480447025938,run_150
cosbounce_cos_0054,18026,100.50125202220435,330.5747666689621,run_150
cosbounce_cos_0063,20902,99.04536898348766,470.5434959128781,run_150
cosbounce_cos_0051,5506,98.86213925909541,33.35360809082937,run_150
cosbounce_cos_0022,19015,98.85592486096378,213.65397121511705,run_150
cosbounce_cos_0023,22014,98.60660393669451,160.64674532223077,run_150
cosbounce_cos_0062,18061,98.48590028720551,71.62456829438494,run_150
cosbounce_cos_0074,11725,98.18926547312385,126.91531680995358,run_150
cosbounce_cos_0003,1502,98.16648831258232,497.6026309203728,run_150
cosbounce_cos_0001,4132,98.00518876082762,140.45773727358565,run_150
cosbounce_cos_0039,10376,97.70004849987404,301.61597464271176,run_150
cosbounce_cos_0050,13161,97.59192572638416,0.6424433444889126,run_150
cosbounce_cos_0056,17963,97.58893748180559,14.287207026315373,run_150
cosbounce_cos_0028,5560,97.43510882030911,136.31820507019196,run_150
cosbounce_cos_0059,8248,97.03106475655012,385.8203902609798,run_150
cosbounce_cos_0037,6815,96.93039146336646,86.04115447719114,run_150
cosbounce_cos_0049,13855,96.72450102203543,66.74534247311666,run_150
cosbounce_cos_0085,8260,94.47000417326893,148.44809556243246,run_150
cosbounce_cos_0073,6040,92.99208291106326,42.115911197433,run_150
cosbounce_cos_0010,20090,90.13462601555703,11.701060104112752,run_150
cosbounce_cos_0026,13664,87.0924319067951,154.87794673340184,run_150
cosbounce_cos_0024,16257,80.98192148840171,40.958261209880455,run_150
cosbounce_cos_0034,6831,80.28555440283347,299.38218498480796,run_150
cosbounce_cos_0065,14024,79.89546185355609,237.80865278211883,run_150
