arm,j,raw
A,0.32493597456865075,0.3196876776345834
A,0.21527973746627987,0.210993243676257
A,0.12471562748267519,0.10020775804452105
A,0.19996296685089265,0.15020098007577262
A,-0.2965011072895259,-0.2574120578635534
A,-0.21618950185510283,-0.19446553844310097
A,-0.24826473929008794,-0.253043058965669
A,0.16343363434957048,0.20780646307739242
A,-0.25059701038414894,-0.2127103137046832
A,-0.16279419228537764,-0.15689054474424666
A,0.18792238532979916,0.16675077457052337
A,-0.1580279739027131,-0.12434327445245492
A,0.2681595108409029,0.24633881620080103
A,-0.28225441507065346,-0.253976463062617
A,0.4444566391080548,0.40061482224458983
A,-0.3170755785864084,-0.3118692225179625
A,-0.5461349454105812,-0.4986318811812648
A,-0.3086510666413107,-0.24208057032381128
A,0.45797682253577865,0.15177297973345444
A,-0.43647175076648403,-0.4255085022998783
A,0.1522707002306405,0.13796441732081186
A,-0.4649152198116193,-0.4319622697956659
A,-0.3006610298717881,-0.27516663118961354
A,0.3577637864868845,0.34958604216175176
A,0.22839258964511375,0.1786436023061051
A,-0.18872761326983134,-0.1376018768230483
A,-0.2440159200532992,-0.2512218782293749
A,-0.13471933131251534,-0.21645246033892665
A,-0.17172115059057871,-0.14538830933105218
A,-0.15904310802105834,-0.14078198372725795
A,-0.09505023379387606,-0.1917488801936896
A,-0.10013541424987613,-0.08057526255619352
A,-0.23580315128724355,-0.2192046251856697
A,-0.21241289010196665,-0.12762083126718207
A,-0.3351035096120471,-0.31937519183808266
A,0.12787579485571526,0.08183933086502927
A,0.14545220556792818,0.12219173105336725
A,0.2964764480069632,0.2577911488306127
A,0.21974879473337325,0.19688497691106277
A,0.15615756408486875,0.15375954228476715
A,-0.5221081150145693,-0.26685435553555753
A,-0.23532876826356144,-0.21946291452139238
A,0.2946684874031544,0.2565010928454865
A,0.16687901487693246,0.17553725510405196
A,0.42782436712741606,0.35775613538927076
A,0.019245085733318956,-0.1505027758022025
A,0.24317588763488412,0.2856029255203038
A,-0.265000685219338,-0.22793427899729804
A,-0.22811777071821374,-0.16148183141510022
A,0.20427861285684484,0.17904871293279903
A,0.13052940205573638,0.1321967866291332
A,0.2857699689232672,0.25884766645975144
A,0.15241451243777487,0.14493807429288272
A,0.29826204682032087,0.2586027970898683
A,0.22823929859883718,0.19806253504130794
A,0.12874452659553726,0.1710018055109642
A,-0.1451375175220955,-0.14366174949638985
A,-0.03783851594149993,-0.38144485307871906
A,-0.27657120645124605,-0.25391662253626296
A,0.513144038436801,0.4218689093433368
A,0.3307964348978413,0.255356181854115
A,0.035043190675491755,0.14848574821960353
A,0.2046203867900687,0.23667792629641432
A,-0.3879715886972037,-0.3041602854415954
A,-0.32271433752771184,-0.29279998413549974
A,0.264050973722793,0.21841271959992614
A,0.27229804696225435,0.26650222732735185
A,-0.28575462406157726,-0.26341958281886474
A,-0.17454117370726677,-0.16714372317840265
A,-0.2793856944025186,-0.20286540457082033
A,-0.25557179200759744,-0.2282912691121793
A,-0.6437116636577832,-0.5417189389438107
A,-0.15503960964837882,-0.1340692518969096
A,-0.13006237148539698,-0.21814640984788033
A,-0.2153145636601169,-0.2082318683055741
A,-0.2242483627273724,-0.20334466451740715
A,-0.13435677490934397,-0.316234186078323
A,0.250118200352296,0.23515218579920316
A,0.2097128621072756,0.16719746765763382
A,0.3580679589242267,0.2483752370090024
A,-0.3851593150157312,0.0454622417207443
A,0.2860786463424283,0.27100709796616146
A,-0.21341836672264772,-0.2569327798436527
A,-0.11969483423293056,-0.12727859260707824
A,-0.10911998620123083,-0.10326193332985287
A,0.37322361768011864,0.29958270212524635
A,-0.17430922173767252,-0.20491261019446708
A,0.4775233084339301,0.39802858024049764
A,0.2023507727242373,0.19587382384110158
A,-0.22021387073660156,-0.22218002131624046
A,-0.5394083738275434,-0.26673298935699385
A,0.14182356536589802,0.21288050644001114
A,-0.5962914745837268,-0.3079925091905763
A,-0.1521904841090612,-0.1357654079777229
A,0.34868727789104376,0.3118925303564208
A,0.26860363575101137,0.24166839239563082
A,0.03565767172849411,0.22876864588648174
A,0.34717915464345844,0.3337684126679671
A,0.18190111938344344,0.16101946479538953
A,-0.175384670792432,-0.19017575092679861
A,-0.24463775753623165,-0.21206275754514786
A,0.15977053882967757,0.16906898933616116
A,-0.06524794595183178,-0.08247540694679475
A,-0.344971495692579,-0.3995413591350081
A,-0.32762300107537085,-0.27075952596855146
A,0.1516928438499073,0.14156602095933585
A,-0.33364642875340983,-0.303629038425939
A,-0.14937603800877758,-0.1681125058107918
A,0.03855950257618207,-0.5032741634579322
A,0.3976722647622474,0.33409435418441663
A,-0.34985193187123215,-0.1376870727617239
A,-0.38082700922991164,-0.368236985033535
A,-0.14774690687041186,-0.18301755757461358
A,0.11103637682768913,0.0926609737801538
A,-0.2834541156739634,-0.27152373675319574
A,-0.12732250122954125,-0.11034229509779003
A,-0.2447626165528669,-0.20503904077533255
A,-0.17004017419033804,-0.14450474217765824
A,-0.2523153522224186,-0.20057495221674523
A,0.37415502549006957,0.29500172630766486
A,-0.3042422464124851,-0.2613347716764562
A,-0.3984044646345066,-0.37916846494591383
A,-0.4298878646094751,-0.35562673748807105
A,-0.334898840320295,-0.3049681844651937
A,-0.4511286663779872,-0.40277612318059136
A,0.2703337034350519,0.30157646992710074
A,-0.290147545702111,-0.17531806454514137
A,0.1464375644860239,0.12672513189837037
A,-0.15564869748621393,-0.15929528099266463
A,-0.1481190319681549,-0.11776491281172438
A,-0.4189278335071577,-0.31677751789443737
A,0.20031082561185157,0.17306931935498007
A,-0.17497687845296092,-0.15284668306384627
A,0.3518838291213101,0.32995568710190426
A,-0.1995833447210132,-0.2600009252621414
A,0.21759645421440077,0.16648161695694344
A,0.47176269954718536,0.45801605430854536
A,0.2032188738181587,0.19305642166283912
A,-0.2042731443186281,-0.12839521342564383
A,0.16465277408044382,0.20167508270145545
A,-0.3374495376068336,-0.342756559165625
A,-0.2875028031331588,0.3174595060525137
A,-0.23855615306795797,-0.23493902039955383
A,-0.3170565616420422,-0.22120827775555268
A,-0.1410715134846427,-0.10393089718068096
A,-0.10585193670034194,-0.10912302251077084
A,0.30589163123987945,0.28650728672560366
A,0.15980147474445777,0.0911280264015809
A,0.20998670882798026,0.18829403006957438
A,-0.1714968343824951,-0.16855905502674062
A,-0.10340345889307537,-0.1035705699605177
A,-0.2621023385024665,-0.25983228797769115
A,-0.06240172329362216,0.09655972045194318
A,-0.13080989927946352,-0.09899203104274393
A,-0.45740974214081165,-0.4320236040282159
A,-0.13707710955874344,-0.10549108077918806
A,0.15900871516892134,0.34663738990032905
A,-0.10860647711427089,-0.17038497014392143
A,0.15404282623712473,0.1325695898447239
A,0.21916535401735884,0.19730500864235057
A,0.27111373811346134,0.2529183755852118
A,-0.29268573938192816,-0.2924144794375595
A,-0.2965721919253697,-0.2603061413466917
A,0.28852404312347574,0.36121557151207323
A,-0.2805882132907894,-0.2389139425221347
A,-0.249468057660115,-0.3171216924736356
A,-0.31712749434448423,-0.3208619921566904
A,-0.2120727146543467,-0.2520630258246533
A,-0.13633379134138424,0.12131307866041728
A,0.3785918306351131,0.34576275171578197
A,-0.5846038310047477,-0.4794064529635768
A,-0.30977684356520874,-0.3561842145903382
A,-0.08907228239050066,-0.08676385291171247
A,0.2839534314159921,0.25767378765473586
A,0.2680888320824774,0.22970479396962787
A,-0.1862830287583101,-0.1791549444950046
A,0.27865715537541924,0.21705981443333183
A,-0.12052116390923283,-0.12259429822468335
A,-0.13038737726958333,-0.11890575544304818
A,-0.24423000720430876,-0.24459308470308258
A,0.22210142038443817,0.1865004486831414
A,-0.21126908389529445,-0.16892624049562208
A,0.4174958272726636,0.3862099104401162
A,-0.3590817598933498,-0.3137161928691738
A,-0.2352695363913101,-0.20799554551735414
A,0.3157853514480797,0.3067077124485052
A,-0.15738583698790692,-0.13324785935614533
A,-0.1326147216517686,-0.11873897437304808
A,0.1966505379463979,0.17309910537258752
A,0.3324457478813266,0.3229047099035468
A,0.2593497505574003,0.2470413182218196
A,0.3706907363899581,0.31786624236871963
A,0.32818135824870126,0.2518840083159859
A,0.22246956447977925,0.16838281808666158
A,-0.24864405537384804,-0.2102895371249029
A,-0.28008069543829134,-0.24542798901238475
A,0.2047150671391405,0.15655002859786565
A,-0.217764459709721,-0.34748160921079624
A,-0.5655327121093495,-0.4842866926247545
A,-0.3262306703787614,-0.3106897015233972
A,-0.329453139746292,-0.5246264735220981
A,-0.19685623501768473,-0.15177841734871514
A,-0.1225555289798134,-0.10062317006936349
A,-0.4107234403702778,-0.3309351360054757
A,0.31232781333288584,0.2795032007995884
A,0.10034259603906924,0.06425766848563089
A,-0.5791924094229598,-0.49665850761883507
A,0.3547601685362572,0.28027499342719175
A,0.07130260986506178,0.18763172341222273
A,0.12764931246934602,0.5430743214230205
A,0.3076750396537703,0.2453032886774042
A,0.2841672853136085,0.21589369708366252
A,0.37449824575063245,0.305364095881509
A,-0.2418915779965205,-0.24078845517403102
A,0.23481997478176045,0.20642654189233775
A,0.3852515097566771,0.3359817488194807
A,0.17465443898167685,0.16868953073857784
A,-0.30292933349095813,-0.26034192088547775
A,0.286915121962448,0.2770078749289503
A,0.16799772244939976,0.16009217748776938
A,0.21798282377426464,0.22393324646538224
A,-0.1883397165583917,-0.20240006606402441
A,-0.2591385278500349,-0.2515577969455045
A,-0.22744570752902665,-0.21446744916117516
A,-0.34602594357992583,-0.3050133420349117
A,-0.2787005373303847,-0.26705739090883296
A,0.255542462356403,0.24241950401229598
A,0.20644806404333801,0.19741844412596743
A,0.1417319438806451,0.1346066552141617
A,0.2245833806671431,0.22508934387995824
A,-0.21812944444963966,-0.2047900932713033
A,0.1912254628065807,0.1794682722001428
A,-0.21638451655845528,-0.39991686092811185
A,0.19696073054966845,0.2000228682935691
A,-0.14957193333096575,-0.13541555535977254
A,-0.1621117229184564,-0.18866518527105028
A,0.34954814660547606,0.2698627825853609
A,-0.3548130004033784,-0.30345655618408146
A,0.36725402063197377,0.31040682335349007
A,-0.20542762287578922,-0.18475801917841225
A,-0.4387293620170512,-0.42545528562946994
A,0.264722618258507,0.26083593735014915
A,0.44808705680746036,0.3949297723394497
A,0.28670790437529897,0.39365790687711616
A,0.08871919108919457,0.13661310990340628
A,-0.16248218530892503,-0.2667644181724557
A,-0.31292482139910816,-0.2810758932485167
A,-0.2616761424345869,-0.2267081431051729
A,0.15018391016447713,0.15043436885938224
A,0.41204409776810264,0.4202255985849033
A,-0.3350537995440015,-0.2555971274152708
A,0.26038159346928463,0.2273367012589159
A,0.21144350846597218,0.19025739932020122
A,-0.19438600801476913,-0.20015516133387273
A,-0.22816202384011156,-0.19146595789094234
A,0.31398746951106027,0.3068724049382038
A,-0.35414665347820096,-0.34059940652314985
A,-0.5129450194371505,-0.4398761835281721
A,-0.09882527422015722,-0.11590031342158659
A,-0.29810437312469285,-0.2555219772789022
A,0.389453056832813,0.2810960935509404
A,-0.23496189420631988,-0.20831551311423602
A,0.17775939022364323,0.14065642182829335
A,0.33449223111587756,0.2841184925027283
A,-0.228408585761032,-0.20587479014082247
A,0.1941527752292717,0.19895549705491047
A,-0.17518990468115567,-0.1587543549063283
A,-0.13113041283270926,-0.09430842616063094
A,0.28430279240257905,0.21354638455530545
A,0.10397994509434123,0.09308571945141113
A,-0.2088614489271302,-0.41722050771517816
A,-0.4379391437170558,-0.3770648529714627
A,-0.34023335122020976,-0.2914127066097544
A,0.11153530259455038,0.1541018314769957
A,-0.41078676461542435,-0.34408910997143527
A,0.38209213902520467,0.29965522361763774
A,-0.1570592739200655,-0.0978370373456831
A,-0.38491825381502226,-0.2957607942032002
A,0.4420464924447965,0.34158532677866915
A,0.28548461107890644,0.22457421670329575
A,-0.3114971264000447,-0.28072130988989386
A,-0.3534146284867503,-0.31477243754120865
A,-0.18075117552296505,-0.1698569090597948
A,-0.4838042142429916,-0.49109934924904824
A,-0.2379899816634553,-0.46166048712365576
A,0.3517234005501942,0.34399812536660435
A,-0.3046136669312054,-0.24641036778227984
A,0.20251298253970645,0.1753024515530483
A,-0.17454946155774,-0.12434184317319458
A,-0.5809194319454992,0.3171487929664238
A,-0.1728448468823543,-0.1570871333834073
A,0.20001804901074652,0.20126685938995356
A,0.1699395534612276,0.15982645509062993
A,0.3918629327361209,-0.19116263881312703
A,0.20643861599700775,0.30740637901337275
A,-0.24632054741475565,-0.27240802296441136
A,0.11750102116752556,0.1603650261602411
A,-0.26406104368178185,-0.2206923578657209
A,-0.3565063207926409,-0.35134512342101876
A,-0.36274032400982786,-0.30144742594966173
A,-0.22202485196743366,-0.15921362564561284
A,0.25303528081757204,0.22250927391069164
A,-0.4283283388297162,-0.39628325676555676
A,-0.34986267877466065,-0.30014755962122525
A,-0.02931032412942694,0.2041634709475873
A,-0.21991188446212526,-0.2339387157432883
A,-0.30617921426069844,-0.300333778404739
A,0.2731556872671361,0.2767211958541148
A,-0.23597240078382903,-0.20043256466964385
A,0.3628350235048936,0.33262239782571584
A,0.23555240557529392,0.19894495704846762
A,-0.1238919536958057,-0.17972895744854003
A,0.35695580312097563,0.3134071024994043
A,0.3439377681795819,0.2997979844964753
A,0.2651248693289127,0.2937869425733008
A,-0.1377816774475644,-0.13977851713316358
A,-0.29766606252428424,-0.2753813600719558
A,-0.15655084657390425,-0.1261959464946764
A,-0.11569676722311704,-0.11406435827593019
A,0.16523394358905755,0.1376776189983443
A,0.193069855766836,0.19146260903677062
A,-0.38412963939397204,-0.3236120250940749
A,-0.11410104099608995,-0.12037703861410891
A,-0.3511381510243334,-0.3765213536617712
A,0.2961863497351763,0.2561278602035787
A,0.39970815043576147,0.21377681357429829
A,-0.18916467367309542,-0.1624708324698149
A,0.1514656849850381,0.1317169048853748
A,-0.17146170302729946,-0.170620697501266
A,0.32338675357231256,0.28825503600970753
A,0.2062903922565028,0.13407792216264947
A,-0.17455343441162338,-0.1535936975637406
A,-0.2874656788346105,-0.23801459119814183
A,0.1723263282058772,0.15162131689486483
A,-0.2506998398123367,-0.20998645352592427
A,0.13933575985897456,0.10764470123553162
A,-0.3916023838919786,-0.4084933058227186
A,0.5035624129406296,0.40596677834597417
A,-0.2091863154348812,-0.1730642810071897
A,0.2691187504247591,0.22506963019761417
A,-0.2044673938926455,-0.1701119198397309
A,-0.13147772797211507,-0.14207006768079578
A,-0.2710359712450401,-0.25792594890905535
A,-0.2505585863955833,-0.23973947266836837
A,0.3291846286703813,0.2815797359970545
A,0.48412002162033296,0.42368160198232
A,-0.3074859696105823,-0.3114063235948048
A,-0.09300705531612488,-0.08198461662920785
A,-0.4781939542886845,-0.38494043727406024
A,-0.23284597545620236,-0.205617152191056
A,0.30234220793046984,0.23756343845624336
A,0.23519006110268445,0.22079826063083177
A,-0.2701104069620812,-0.23037548121161264
A,-0.16356321088958112,-0.3344434012645458
A,-0.1974980449090326,-0.1492399466256218
A,-0.19185757308248616,-0.1789227151505871
A,0.23520566930329243,0.32286505706159874
A,0.2455615675235399,0.1832641971621177
A,0.2677859839238702,0.2812857731725465
A,-0.14892985459274388,-0.14319358369245538
A,-0.1448998229035106,-0.12022922423417837
A,-0.04276060285142859,0.06725456200714088
A,-0.26302610647298724,-0.22521590640322997
A,0.2309030544811889,0.22264398829849985
A,-0.46189506923708673,-0.48516683752380074
A,0.12922466021603893,0.08041201748176964
A,0.18502873713185392,0.1290045411873016
A,0.2488099019115519,0.23813454598949843
A,0.15433691099667582,0.16014667289700196
A,-0.15954706083198048,-0.11563387629195088
A,-0.32391828776353077,-0.2764187131637233
A,-0.22199121077800774,-0.17161623294822065
A,-0.188641971196193,-0.172517345871112
A,0.2812211903993827,0.2781530784872325
A,0.04003544657782701,0.5992275736849472
A,-0.1939401266393931,-0.1458873577750892
A,-0.25764392930783525,-0.24716711550540807
A,-0.3487069558593593,-0.28117567577374003
A,0.30460162763354387,0.23563736797153156
A,0.3458790413693774,0.31092785359861275
A,-0.45192281112520316,-0.4188365136101239
A,0.4557550866192801,0.43569444664859497
A,-0.2780090816262948,-0.2549384801615107
A,-0.1504729879927205,-0.12517652758178904
A,-0.2416940025420577,-0.2428919187123009
A,0.3218719219134737,0.280777541016385
A,0.2152578544427181,0.17839547394233346
A,0.17419458380870306,0.15919132353162715
A,-0.2559298885812029,-0.23998901054088506
A,-0.28724619814999625,-0.29340558960335
A,0.21300262600864409,0.1821414569385747
A,-0.38602943706114223,-0.3296495925684181
A,-0.43210439171030696,-0.31817149949043894
A,-0.2602863115878741,-0.5637921399327391
A,0.28330807128484503,-0.1973187238694357
A,-0.40339264059228813,-0.35405998835494235
A,-0.17362704263456655,-0.1402568904280299
A,-0.24652947306306774,-0.2223619608025666
A,0.24516116520930842,0.2421782913365146
A,-0.18868807414867053,-0.2024271066399812
A,-0.16993791468340103,-0.13389313514618117
A,-0.2377067002235138,-0.17310849341521722
A,0.1600433609168398,0.16264617183461616
A,0.1802977336034614,0.3032148453339442
A,0.10116127636975125,0.09883700275523391
A,-0.3819432625148018,-0.3246901547378371
A,-0.3771390699401401,-0.33545097452390327
A,-0.14310622093080702,-0.0922247710049057
A,-0.13929597613774472,-0.32796882272421785
A,-0.12542727767941395,-0.12316787879700875
A,0.26367087460782623,0.23822419744623516
A,0.514452213426849,0.41178049684662754
A,0.17533492785481056,0.3259970822802257
A,0.18825101124635532,0.1971054500761204
A,0.22574585416724324,0.19868231231968478
A,-0.18158636070907613,-0.16484399295450972
A,-0.47886334525755025,-0.10528768285643128
A,0.17226169095415694,0.15180365631914586
A,-0.11896521222741155,-0.07748968787654086
A,0.09676424760560212,0.09650648519763953
A,0.15443521898071272,0.1347077208073795
A,0.46665118397431504,0.4096693275823308
A,-0.47795978058797517,-0.392459209159837
A,0.11953766342834084,0.10494439920598518
A,0.18353070942312805,0.1877304233655812
A,0.21429843131120901,0.1939796161324255
A,-0.16173380735193582,-0.1421100618486812
A,-0.21034744472640093,-0.1968788738779966
A,-0.41395736807903155,-0.3734108490877207
A,0.3529511724021281,0.27757361606534253
A,-0.16731979450372722,-0.16885460527635085
A,0.13595222539376148,0.12973308039772183
A,-0.1770772612399357,-0.1628285798216811
A,0.138684921042966,0.1293979963962907
A,0.31138081644749616,0.30846364177465174
A,-0.35766544627185887,-0.3470967309269573
A,-0.26221747632984155,-0.23739917305990502
A,0.30005698798056263,0.29790153491051435
A,-0.24375177636705206,-0.23057123099624086
A,-0.1535384087826564,-0.10043199110172288
A,-0.30490727465950274,-0.2604436785914157
A,0.6095570863870491,-0.21261303154873934
A,0.29179018430664294,0.2563883054090376
A,-0.3525532950140047,-0.39324634811553144
A,0.18761848702070422,0.19690549719502407
A,-0.28508472901003246,-0.24890865545240676
A,0.11681341324224108,0.11050403707132792
A,-0.1696806562030028,-0.1851492692206543
A,0.3537517506542137,0.36841033474861373
A,-0.15835748952591733,-0.11087671112360496
A,-0.18256908144110798,-0.1829704954814377
A,-0.1759315302515757,-0.15595438065790565
A,-0.13461373717402278,-0.13982193019572142
A,0.24743007255461144,0.2186557373222237
A,-0.13103541375873792,-0.153777199107794
A,-0.07837498757189548,-0.09887116437399951
A,-0.1426593176612369,-0.12116064114206325
A,0.1187259379965438,0.13172417163813468
A,-0.13844572704700672,-0.09077109901845076
A,-0.3882989796466767,-0.3231439943816333
A,-0.18050705530022687,-0.14375260583829233
A,-0.11524269062551018,-0.22951911753972382
A,0.01913582949467392,0.08942298198986921
A,0.28590472055031063,0.25926216346415687
A,-0.11094278095918961,-0.0877447539951422
A,0.12712991799457776,0.285655940684704
A,0.25303799418844436,0.22544030956903643
A,0.1293707529265712,0.12705175707421534
A,-0.17310319131232535,0.5915933733615215
A,-0.21059796060033467,-0.18658324381287628
A,-0.3844171557747674,-0.4635772571283971
A,-0.3611229235845303,-0.31702827938700057
A,0.2559071247271773,0.19749166900061416
A,-0.08725261422783277,0.37939105338078427
A,-0.3663747433914128,-0.3853253813302629
A,0.49336003151555546,-0.400367851007513
A,-0.2423858094611851,-0.22833004815375632
A,-0.18938457592231134,0.4742999691189556
A,0.3313519120035079,0.2875656492733285
A,0.200892648062468,0.23881645344658647
A,0.3042092745028629,0.2578190793625155
A,-0.2330651211754648,-0.21588246399965624
A,-0.39742116417841206,-0.32629921461129563
A,-0.2123278668956363,-0.18453844869282524
A,-0.2241560166464162,-0.19530726887538075
A,0.21937899959619392,0.2110745229142322
A,-0.1303398284213938,-0.13399760539886665
A,0.1837883458758931,0.1874977071351173
A,-0.3216938806320607,-0.33158915783525306
A,0.4730162977647693,0.39397225898134747
A,0.1750718471731739,0.1905605853820487
A,-0.02940800941912036,0.2871615354585771
A,-0.35557999572671534,-0.318192019928228
A,-0.2839215868334372,-0.30255912448696654
A,-0.5165047774132249,0.1318868845051785
A,-0.20035568682396124,0.11032313303421648
A,0.21851946847098663,0.19571201692919163
A,-0.23699420233680146,-0.18331119577703117
A,0.2528964264249626,0.24164202019966605
A,-0.21767804549760575,-0.1930130977847344
A,-0.15055346371820338,-0.13087896631557705
A,0.2637647023935075,-0.3949449554375406
A,0.19311483488428274,0.17964348803438898
A,-0.11798963658907176,-0.10424319946273332
A,-0.13055626092585468,-0.1359141121390101
A,0.4032265833611171,0.3553476610718666
A,0.15840470629022657,0.15697870612347203
A,-0.15862401091031741,-0.16043001026411274
A,0.15983526852749871,0.1483897353105961
A,-0.15149415955727033,-0.19994887273279258
A,-0.18272814572946836,-0.15606539643299877
A,-0.2913327288251136,-0.30035389433037846
A,0.3618922565211787,0.31445062179517624
A,0.6416835119037058,-0.22881886128106196
A,0.2440377933162804,0.3023808959324677
A,-0.21263936748870002,-0.20815013314067365
A,0.12534052320159422,0.1416000799008367
A,-0.36338100838002263,-0.3398028258990046
A,-0.17154678292716408,-0.1462409877223617
A,-0.20701219112141245,-0.4120340698921598
A,0.28944840424060764,0.2604563874267478
A,-0.42076079454336063,-0.37772746627752496
A,-0.4655567284244668,-0.39829934655241056
A,-0.26022112194951286,-0.2669306979676407
A,-0.39031908356848105,-0.3184077310604989
A,0.22318448650465145,0.4314514604734982
A,0.21844216793294394,0.32367781444551597
A,-0.21542521850269913,-0.20665619866427185
A,-0.1960711414758783,-0.13770669418056522
A,0.3014698348266237,0.21288460434267822
A,0.3331308794931048,0.1339475807498917
A,0.3276710840683032,0.2890209270803113
A,-0.11677231302496352,0.5498697777198593
A,0.10103506680891436,0.08116555777994916
A,-0.34697940777318725,-0.27855734079016664
A,-0.2896004548294729,-0.23899172172267516
A,0.2194704962277289,0.19480029726531115
A,0.1959872741844885,0.17557865220960428
A,0.3225185607538247,0.3095146212384427
A,-0.35398356655878477,-0.3475116487200514
A,-0.2323697985915165,-0.1820428584723753
A,0.2196680017960421,0.21411078410385453
A,0.36196490083208316,0.4006022427309484
A,0.2975132867562458,0.2821573532926496
A,-0.13162361567895756,-0.11902029818582928
A,-0.20812604313586203,-0.18849552940571757
A,-0.3991295967697629,-0.37345416226682493
A,-0.45932833916981386,-0.3948228950291155
A,0.22156996517062463,0.20344069242554333
A,0.2949772767706716,0.2513483367784047
A,0.269929575510026,0.3136794652064084
A,0.1504060543518056,0.15775192648101852
A,-0.2964750934383292,-0.2961698059415604
A,0.23024555132390223,0.20989924099100793
A,0.3256734595949165,0.32268595542370065
A,-0.48036698587559945,-0.424769241646531
A,-0.26499441898383813,-0.21749473760733834
A,0.18292446935538756,0.16687718133801632
A,-0.2855632780484061,-0.26068349035311467
A,-0.32653210444958175,-0.2908422727407761
A,-0.27548581734767713,-0.26562560264968804
A,-0.17803975826490592,-0.15703449134154684
A,-0.2503363606327877,-0.24379588637820257
A,0.23941566672665285,0.21382724769022948
A,-0.4140806365239415,-0.3671275806534275
A,-0.22137370350980426,-0.1771670618593298
A,-0.1743803962686741,-0.13988460325401544
A,-0.4117221146251708,-0.277473962492594
A,-0.37443288848613404,-0.305933801939822
A,-0.31987970529089,-0.31899855113118547
A,-0.5526803537865018,-0.5471956330390013
A,0.45470372466902487,0.41260042422560583
A,-0.2720967468010035,-0.2641200464795431
A,0.2513014307046873,0.21518917978351826
A,-0.14877470873231594,-0.12556854079085308
A,0.2848461364631898,0.2617066474691481
A,-0.5140312185951258,0.2039414154271924
A,-0.20904150647560013,-0.17326527878513046
A,-0.16304439915246455,-0.15053946641524452
A,-0.2519782315939359,-0.22447901781259053
A,0.07591440949193977,0.1013826086620562
A,0.38613113469332555,0.3673195690233749
A,-0.49602154358933453,0.3413117586490196
A,-0.2314174983096945,-0.18417334710889813
A,-0.26693341182160596,-0.30347418135073095
A,-0.16732047049356233,-0.1762343622863212
A,-0.33119073356078,-0.2968781810611832
A,0.3850899942965349,0.3475974406067134
A,-0.12094091563214525,-0.12357256422408268
A,0.5321573609044822,0.44100960090067065
A,0.005265589515027541,0.28765595843122854
A,0.10620719932962364,0.08793425212108497
A,-0.15955426018464572,-0.14855962699780934
A,-0.031355830036945406,-0.1719079031452955
A,-0.4672406309822839,-0.3465571380295187
A,-0.40919900628218264,-0.4000629550886768
A,0.10785488563325647,0.09881850121713845
A,-0.13470892503091556,-0.13583942862306608
A,-0.12782070940521015,0.537552467066492
A,0.20382621536855514,0.2527032882266294
A,-0.42480241940520336,-0.3944869571987186
A,-0.5185754567056062,-0.46043264660296207
A,-0.3305663506295253,-0.3135275649160257
A,0.33919984019536775,0.34250430166293455
A,-0.25005557916549315,0.1542619143210759
A,-0.12876292706636847,-0.1288174386170424
A,-0.3590879520798802,-0.3238884713929138
A,-0.3899641081491868,-0.3083046900382685
A,-0.20219857234559738,-0.20880316094325743
A,0.2727379818749068,0.2556925329890483
A,0.29775271451101937,0.2651834502321232
A,0.32687857079062094,0.290804491786845
A,-0.35055977807688976,-0.375043610348448
A,-0.3299894293453145,-0.20591783957829007
A,0.007422070331201758,-0.12784497265474767
A,-0.17748180750183915,-0.19910844157634885
A,0.041299332729106505,0.35777142518625754
A,0.18477083798649968,0.17594666567645947
A,-0.2907144725724873,-0.25626083294503815
A,-0.13582666467129187,-0.10931654626294032
A,-0.5270639435237042,-0.5305320972579207
A,-0.1368867171339864,-0.09983406520618894
A,-0.3132813347597551,-0.2840059918208285
A,0.4370665376025256,0.21345670910972017
A,-0.5113002199683738,-0.5124434268746655
A,0.41019609821668496,0.3262704976135248
A,0.340706802493809,0.28163898505347623
A,0.23307175601655886,0.18697295527574614
A,-0.4269615695903926,-0.3982066040450449
A,-0.11603822591318637,-0.10309073787235577
A,-0.56695626313475,-0.47506871332183015
A,-0.36975715889587824,-0.25095441335133895
A,0.09345765087573342,0.05550941690661483
A,0.2641312752290205,0.22526216689976464
A,0.49551908378643816,0.43725952757699416
A,0.3727851813409117,0.3246031751586961
A,0.20664009905013134,0.1507164554726209
A,-0.35175700733368487,-0.3281416443241937
A,-0.31753444449921286,-0.2839476417902774
A,-0.20880815698518632,-0.1859435969109167
A,0.4578042609557552,0.40532973121011523
A,-0.41771450653294356,-0.36381931443556115
A,0.34797585129298925,0.2966035338717131
A,-0.1293947754563014,-0.19658090444137769
A,-0.06076545220004647,-0.061976503169070496
A,-0.2098478622244764,-0.16929768690930094
A,0.19879780452060292,0.1739196061195934
A,0.12251883083585997,0.09261251881763313
A,0.12971141747840229,0.1304340476481682
A,-0.14004993822231046,-0.09839083847372304
A,-0.10027819947306496,-0.10921716771273708
A,-0.17411363508529762,-0.14823070062621
A,-0.25670879925987394,-0.23816017746555315
A,-0.5129516515975641,-0.4304125049656099
A,-0.1305715596855924,-0.1496967663930451
A,0.3809713413118369,0.3317295520169044
A,-0.29351080346364994,-0.2737042110521647
A,0.3151814932335028,0.26411320668287713
A,-0.1506525347289686,-0.13247260860202328
A,-0.17638303270855682,-0.20987490500000963
A,-0.12885459026961105,-0.09321118894813991
A,-0.16212413541013462,-0.14413124835115124
A,-0.13944222106112183,-0.3723585646312569
A,0.17243646556142345,0.17657165907385305
A,-0.2056398219105716,-0.20351382211628177
A,-0.18559386051725507,-0.17580944588337002
A,-0.22239531391235892,-0.19588925772054044
A,-0.13100230573531643,-0.11188447899581497
A,-0.04961714515459766,0.11383886487652199
A,-0.17943303045398404,-0.14642196074792274
A,0.48250061600148947,0.44674943517027993
A,-0.2604943646894608,-0.1773789583579016
A,-0.17269857044018166,-0.31361174725010604
A,0.3997400657205931,0.552596879185999
A,-0.4372284910433893,-0.43271598075008455
A,0.27201561386887424,0.3530094736594245
A,-0.19462527042072916,-0.16943910874309226
A,0.35505543157027497,0.35467453087235973
A,0.27463411176715713,0.44899450304890354
A,-0.11371114737200276,-0.10783658767571534
A,-0.28105177092334205,-0.2997371348272367
A,-0.19138248163377589,-0.18293534450184984
A,-0.3244545789638565,-0.12167495407836655
A,-0.3093888760894496,-0.25043050976170445
A,-0.27923881960141816,-0.24985341131962785
A,-0.27361690625195934,-0.3170577013501976
A,-0.29708784343677086,-0.28243194947814243
A,0.22361183782512412,0.2120899169668903
A,-0.3177943969719513,-0.30482853692348283
A,0.16388888121029405,0.1339962579001848
A,-0.31261992238644526,-0.2666884031027024
A,-0.37094331562316707,-0.24192086959595469
A,-0.26772609056489116,-0.24276721634199644
A,-0.3248463511484273,-0.3386271717595203
A,0.24454915877095348,0.23767043171118368
A,0.42754348062533226,0.455510638753959
A,0.16764177899435875,0.1484889180028838
A,-0.3230643428816356,-0.2791882285314038
A,-0.22090190224220044,-0.23531927480685022
A,0.22589784866930604,0.0780909368645832
A,-0.2601159034426855,-0.16274643918827353
A,-0.11207720946569952,-0.10261390321634642
A,-0.3814873967631846,-0.3595486629669272
A,0.36293392862015883,0.3331795197741711
A,-0.7408070828665356,-0.40398888049517956
A,-0.05779917613501445,0.13835522451326024
A,-0.31408752542394847,-0.2833558034250578
A,0.33801022951617254,0.2862207827520449
A,-0.21072241001311065,-0.2022610796271176
A,0.23358840997953553,0.19462881329913506
A,0.3200779843214462,0.33136216381147454
A,-0.1657361463370844,-0.14213597757005192
A,0.21197095457493897,0.20226057552764606
A,0.32517186690759114,0.30534399187848815
A,-0.25219526877241366,-0.23695469422393772
A,-0.17100345621071425,-0.13549232024783822
A,0.33073384365313124,0.34591173278013404
A,-0.2171727740046383,-0.22767224190220675
A,-0.11287705469132957,-0.09307131844368398
A,-0.210513146993232,-0.18254814696108154
A,-0.14361198783097143,-0.13408502308151057
A,0.12607408619920232,0.12890834647865002
A,-0.25799755456861745,-0.23126047896002258
A,0.39538649257273545,0.32016414053985487
A,-0.30254369044731055,-0.29523674105134756
A,0.3310616962832017,0.3128973930634032
A,-0.23795842079449095,-0.2786289704939885
A,0.20404862558255538,0.24368461825972565
A,0.21671838760901113,0.18824207888173583
A,-0.31880788259877685,-0.23680204597354074
A,-0.3007501486969552,-0.26523994940869977
A,0.29119085327222327,0.2364606816346816
A,-0.14970506221495528,-0.1639131149520664
A,-0.2025211853254599,-0.09502446558404662
A,0.43914596329357325,0.2785735309692527
A,-0.28442509957175693,-0.26077105386789057
A,0.1868015320874755,0.1684897123763676
A,0.31607950729272893,0.24772954274201983
A,0.3860516485483485,0.34013350925759167
A,-0.3198408246094099,-0.13823706860870882
A,-0.5936660390146311,-0.4936229604518982
A,-0.23823115915314919,-0.20544784411856842
A,0.10034655367240017,0.0619876932001309
A,-0.48352150086343715,-0.5374900917675507
A,0.14673884619295416,0.13878941635360842
A,0.15772545646723388,0.14619502273257123
A,-0.15035280675589857,-0.3171929999635196
A,0.4069707000586109,0.3252798904032112
A,-0.4231604116969344,-0.14258300026534224
A,-0.19218914555095187,-0.19795996187361223
A,0.24757673789845389,-0.07885453623730976
A,0.3103642496048655,0.25109679025553433
A,-0.042900586397535245,-0.10625582984939398
A,0.13712521696289706,0.13583458137416188
A,-0.3059050577036832,-0.2775270169591018
A,0.2752222330261187,0.2582846449062552
A,-0.22478270794379035,-0.22719238703010364
A,0.2323825749946426,0.21392325275621263
A,-0.2711275792100629,-0.2652169271854632
A,-0.17745505856427005,-0.13887877834051549
A,-0.2266517112191492,-0.20841164609372761
A,-0.4685355526895026,0.4816158324497019
A,0.5498784844355799,0.31869859552610214
A,-0.26595680271333905,-0.24957117055334546
A,-0.5785269607133336,-0.4634105634861246
A,0.2201517509918861,0.22665885722442342
A,0.2578974779071301,0.23258944385756075
A,0.17765713886243906,0.5379933351297712
A,0.01976354032637319,0.11356552252138974
A,-0.25323393029265917,-0.2146734487269655
A,-0.33040963635222126,-0.3775444893899016
A,0.22334197163229946,0.20197957606566777
A,0.3511620718302192,0.2878256260204516
A,0.32409424960445293,0.2497373230128821
A,-0.24271748943944704,-0.21924158292371776
A,0.31180675553242126,0.2663560265701975
A,-0.2614892003030186,-0.27304020463151496
A,0.5337321201567384,0.4727617492238612
A,-0.3100373993583113,-0.26931865789314413
A,-0.39760120229079177,-0.40178461392439696
A,0.408953986598103,0.2644674304229062
A,0.16478204105462974,0.27463073722398956
A,-0.417020179214308,-0.3868097193853661
A,0.03984571826744058,-0.2832404596159406
A,0.3406656312726579,0.27128261195509723
A,0.18924030588506163,0.1646459825197257
A,0.15291973963126537,0.1482926870955724
A,0.29604140260999384,0.2511178992649798
A,-0.1460036113054938,-0.12658136458259012
A,0.3466548273498413,0.3983895538744628
A,-0.27020203805057724,-0.24760384763957508
A,0.3170853121036196,0.30696926887751663
A,0.2511143191709038,0.21026599779569627
A,-0.38269166490451106,-0.3802138469845413
A,-0.1862971258607913,-0.18319492913850277
A,-0.13059537596185694,-0.11744687687249136
A,-0.18754558008961772,-0.15157678126348648
A,0.3610166895326066,0.30718384753775757
A,-0.2916419802643009,-0.4239851835899862
A,0.27365470331236785,0.23734261758478792
A,0.12457088666831892,0.19165168997072887
A,-0.47989946422176183,-0.42708305638296384
A,0.292845982655523,0.2775799773272974
A,0.21283486455976217,0.19124798978315372
A,-0.11116596311684977,-0.12407854405223583
A,-0.20630051382501616,-0.27892926804138096
A,0.47819925258188756,0.43300304815031854
A,-0.30343182271114955,-0.28392524942361425
A,0.11652748476738525,0.1202552458196002
A,0.16751354704475546,0.1726685568159175
A,-0.07795349213034715,0.10925033256269459
A,-0.25555499869535586,-0.19712388526476307
A,-0.2834142805116688,-0.24429863035726207
A,-0.10776737152972711,-0.09656020665725099
A,0.1360246089121539,0.12046183629479741
A,0.11257283798538585,0.2869526881303665
A,0.15742612002160034,0.14646880071396273
A,-0.23763235386918274,-0.20848899616494698
A,0.13265760331834658,0.11167603357933614
A,-0.393113864603687,-0.32563367845106295
A,-0.0390655317935565,0.5703651847369615
A,0.10537012640018738,0.10331349506647033
A,-0.3305464950799264,-0.27010773544403804
A,0.2600631162269195,0.1923650645383894
A,0.30503690806956957,0.25483339316752496
A,-0.30358046307314684,-0.4055925796774157
A,0.25633179012895785,0.2165193672217145
A,0.07866797633771236,-0.13535483414019836
A,0.12766504699990033,0.15332481033562087
A,-0.1241551434964342,-0.0998419971894426
A,-0.3452711322225826,0.30403251074807974
A,-0.12936543504100534,-0.1286356876652752
A,-0.3030534841041867,-0.27320349569716107
A,-0.3033313801968798,-0.2778105676551041
A,-0.34711645969873794,-0.33366636573841857
A,-0.11411294728121112,-0.11590811543795301
A,0.13127285344693215,0.20222121026617354
A,0.3163610930384176,0.2721869790654152
A,-0.2369934138970947,-0.20888282056173899
A,-0.13706650910267784,-0.13593339319832393
A,0.12583242183236154,0.26502347737368837
A,-0.20353959019393497,-0.1857193610696271
A,-0.123910765659468,-0.26137309983022716
A,-0.406306749685456,-0.3757925940064145
A,-0.3894517555003754,-0.34582016241863484
A,-0.15896767376299603,-0.15153401253249074
A,0.3590393206591327,0.3014541304074406
A,0.2518017236589507,0.33957525766844576
A,-0.4781514706147407,-0.4214320621683932
A,-0.26240211868015484,-0.22831953615015277
A,0.40213103942574857,0.3392603990459178
A,-0.18651008507253153,-0.1677464214738148
A,0.3213682591390711,0.24713587078316424
A,-0.15878052039699375,-0.17176905317678207
A,-0.13260172354660024,-0.08908550267599527
A,0.20421454590733054,0.17892332553696833
A,0.12216870212944039,0.11756779066381569
A,-0.3183796488933271,-0.2810215580706334
A,-0.18125228507205174,-0.14502795822740128
A,-0.5522329616854416,-0.36375113925770003
A,0.31221087011732773,0.2718615689256019
A,-0.31809897883178234,-0.24672772460474562
A,-0.27129005690403396,-0.15605310583668225
A,0.31400218954329545,0.30068458832315414
A,0.12103273412864568,0.16417120228639184
A,0.12160146393946525,0.12525809521626344
A,-0.26867746257656866,-0.26536241436354785
A,-0.28221479040287123,-0.2511489262445485
A,0.1089957313176897,0.11517615968683394
A,0.13244328732972055,0.31479780922723954
A,-0.23333353645205873,-0.20937034976905008
A,-0.3206781080793883,-0.3166326793890416
A,-0.25244540705960605,-0.2368910739739307
A,-0.12102214309536248,-0.11422723069349568
A,-0.30259989673589077,-0.3102788013845274
A,0.08792164786398814,0.15195218741606434
A,-0.3562808068953464,-0.3019116912010875
A,0.33253259384654554,0.28571190198029117
A,-0.32647107615022436,-0.20898952525763828
A,0.26770386831339477,0.23432563232637643
A,-0.23170830334936574,-0.2290752990197223
A,0.2108273970379358,0.1893604447925406
A,0.10452495080983275,0.199590648901519
A,0.14666967566376174,0.10345841351934205
A,0.3548864344776147,0.33573285673840164
A,-0.21350173688236176,-0.20642970062556742
A,0.23937196561319504,0.2118224119697046
A,-0.3345930228600116,-0.28415031866307633
A,-0.4161900226754826,-0.33831256708057894
A,0.15301953172349314,0.2704357873730341
A,0.2650818583887242,0.23309906185105508
A,0.16398463144533099,0.22024043149452974
A,0.3356470089743027,0.27838170696308323
A,-0.2788939149417864,-0.39483743062719406
A,0.211666885841514,0.1777258563216279
A,0.19563252844235027,0.1724989693326487
A,-0.17623725919015254,-0.14309813199554888
A,0.256186125357798,0.2922311004021199
A,-0.08288957079923871,-0.08617965916071195
A,0.094150484582439,0.08751054413309738
A,-0.06475976172474131,-0.38889605247610587
A,0.26677298371247105,0.2490486635418177
A,-0.11045313310528009,-0.12505999904078524
A,-0.2505177796586933,-0.27074468760945886
A,-0.2795097180507134,-0.2455238719717304
A,0.229336205624961,0.18399606833025303
A,0.19714105752495778,0.17514571018938763
A,-0.1219854197591834,-0.12505439508637972
A,-0.29626817971081837,-0.2891963927950783
A,-0.09443571176914586,-0.34212553620375424
A,-0.4155622633700396,-0.3443772717507467
A,0.2523454960747409,0.22124131158383492
A,-0.19719472571308505,-0.18017946979168586
A,0.07054917329782154,0.12179453269428367
A,-0.09771370163235427,-0.11738662517147191
A,0.17933250107779372,0.17843562862808532
A,0.3393694646319029,0.31396703806997744
A,0.29785146778259525,0.252145832010941
A,0.28231623086472624,0.2308926519039392
A,0.18585264581025868,0.17262172025791228
A,0.3076717074989759,0.19600826445670969
A,-0.2626486762894976,-0.21468836118425244
A,0.18635451360020733,0.23893645753369153
A,0.47841044952980455,0.43796828484038736
A,0.14141638311884527,0.12943640148865104
A,-0.23729103175380167,-0.21257272537381405
A,-0.08006117254267014,0.5189860668354532
A,0.3238511971906756,0.27505695658249135
A,-0.2843919268011849,-0.3399034969787073
A,-0.18173700444233035,-0.17711315585208923
A,-0.2209811688504058,-0.44292409363185337
A,-0.3123230263576322,-0.2765286003727424
A,-0.1795095339566278,-0.212616913929353
A,0.16719989487099884,0.123426282426104
A,-0.1974367294941042,-0.20374073514956312
A,-0.1158954719417271,-0.09421985744377581
A,-0.24952128933762316,-0.22653661756284668
A,0.3020765173027192,0.30466028533442135
A,0.037496211016406246,-0.19190796740055113
A,-0.6671919316138699,-0.5474655616941931
A,-0.28832790875121844,-0.2862195891787877
A,0.21235591842748622,0.17763899456506962
A,-0.3463708430887385,-0.3574095029648065
A,0.18045648958694402,0.15602685057811644
A,0.26507373645189,0.2623275572556565
A,-0.18524285556405407,-0.1462546637091749
A,0.32990613504089167,0.3133699527264504
A,-0.26036517855406255,-0.30880584695583685
A,0.39139547559920573,0.3061103979221147
A,-0.1618837630138749,-0.13787714662134323
A,0.1919800040421266,0.1604006325076587
A,0.15116237759300624,0.13675929628064126
A,-0.30171258971722564,-0.24530121159932597
A,-0.3782202679346101,-0.37894276140096383
A,0.39394969394123946,0.39098669810390396
A,-0.2265336634685832,-0.19842025461914423
A,-0.10488464710300315,-0.09500988202796752
A,-0.28004369431329984,-0.29827131400459955
A,-0.521496259217162,-0.46833231018373556
A,-0.3125184240372027,-0.2964125730633774
A,0.22570044331900596,0.21723806090218803
A,0.3372349848130384,0.29093580336060265
A,-0.16955632775124932,-0.16169158863225847
A,0.19726703346643396,0.15704258919386133
A,0.07130215182527928,0.15204097103116515
A,-0.1730460506251697,-0.16245591727678718
A,0.3987526405655317,0.3885343703534411
A,0.06576708983690693,0.2237248360790161
A,-0.13918923605774194,-0.15632964752625997
A,0.16645327922538278,0.14196812185303162
A,-0.4100383011131283,-0.11862346061169235
A,-0.20108586337386597,-0.17598032563199306
A,-0.17360802890133334,-0.20963723031679043
A,0.22546328331388324,0.24441664980335137
A,-0.29152209339107077,-0.2580729897113116
A,-0.23335877436944877,-0.20142859663938475
A,-0.5892269441943936,-0.5696593240329062
A,-0.35710146219280814,-0.35229022437656027
A,0.09642674477413776,0.26517425298801034
A,-0.3821685464343796,-0.5449135928021311
A,-0.1946630316901488,-0.15614286763850152
A,0.23490812163927655,0.2567265767462183
A,-0.14769031892396933,-0.1331789423187787
A,0.4247715872293179,0.07196871357870256
A,-0.30554145220720563,-0.30935199785538137
A,-0.2368253078055219,-0.2668589016987429
A,-0.1543206677575463,-0.13483773745506375
A,-0.4306589113939771,-0.3703041493001977
A,0.39794582479104534,0.2918947852513303
A,0.267821971295863,0.32160213620911254
A,-0.23138018062475105,-0.20858530899832095
A,0.2394521590103472,0.21127895807883015
A,-0.2034667410440634,-0.13486698811816145
A,-0.10220308447973797,-0.11898818045629209
A,-0.3058092427010521,-0.3479362453438048
A,-0.208263500332407,-0.23825507810224755
A,-0.15501281142491216,-0.1478183770241005
A,0.09786554789443691,0.17688127766825246
A,0.49481608981733605,0.4874570956029315
A,-0.12407043685241165,-0.12609805454559098
A,-0.00794961187640174,-0.011712450016895196
A,-0.20399108287464127,-0.16300543440201504
A,0.3536337212962248,0.3142946967664102
A,-0.2331925456162267,-0.20158049797973338
A,0.2808654914976912,0.2505661137742972
A,0.24756028323261833,0.21966560637997107
A,-0.4121086942644432,0.5364709028787075
A,0.17247452827506474,0.1702949325111989
A,-0.0730206188017342,-0.07503852405421886
A,0.2806284479249013,0.2558673908557757
A,-0.1436370958325472,-0.16672838948398638
A,-0.21353162238959017,-0.1882209092812418
A,0.09127200883668592,-0.5664387163144935
A,-0.12473546780658372,-0.1271105862763811
A,-0.37791253865858154,-0.2242351298895655
A,0.355336471924854,0.5265249022796098
A,-0.1808806841910322,-0.17002248872083883
A,0.20506812734481977,0.21252011876350452
A,-0.17658224760282606,-0.2504507594630213
A,-0.168542071752171,-0.16152569503359815
A,0.4248329548601827,0.4344586799476702
A,-0.3216475821759682,-0.314777969315343
A,0.18205522566777094,0.16233218044072695
A,-0.3172244769158584,-0.2841715702695208
A,-0.6611033527554815,-0.34113709804767195
A,0.18605805891273547,0.28032660651115454
A,0.1731728680005019,0.16411902474692153
A,-0.14552549233443002,-0.12383886435177094
A,-0.5241081314944801,-0.46604689800802057
A,0.17228512490790962,0.1490409131502842
A,-0.45747105618451134,-0.4244293781939415
A,0.1972438292400435,0.11239127314060132
A,-0.1332796883555585,-0.1991301632810606
A,0.17091460944791279,0.14170241625813648
A,-0.2450518759944615,-0.5354682009871928
A,0.1000291217955419,0.15316396926982576
A,0.20615445583209646,0.17410515172496382
A,0.36257994342295186,0.3230308321107236
A,0.4080064038236853,0.38638327365164293
A,0.4751377700740484,0.41501314353794405
A,-0.3896071596462107,-0.3390543920520233
A,-0.4355230445858027,-0.08948142098857001
A,0.1913987250814128,0.11505614627035844
A,0.4756717772961668,0.3765208469282357
A,0.7074086811285781,0.10253786531261612
A,-0.012148390579337927,0.17538483492809184
A,-0.29427185986533116,-0.2716012491690002
A,-0.2210365643602617,0.09689754222421407
A,-0.44415659134351965,-0.3921541504279963
A,-0.25726997570719917,-0.24309838340354822
A,-0.23583920792405388,-0.22580261860073028
A,-0.3934228368673635,-0.36097982188350164
A,-0.3771918329977082,-0.37061328241930264
A,-0.4452651243704549,-0.3608356105685896
A,0.12774194793316931,0.10901757724775085
A,0.16104583563185287,0.15208898492673448
A,0.3213032401752115,0.34087450009718306
A,0.15740568912037364,0.15155033638642415
A,0.2674888753830782,0.23790246968465514
A,-0.4916786106609448,-0.3885662864278622
A,-0.2288345202314974,-0.3188191834735307
A,0.1660987308642322,0.15412360106887393
A,-0.16153489057737946,-0.3156433921991796
A,-0.19722158206028415,-0.19730726768771278
A,0.4220321579277314,0.4195661448995377
A,0.11330497285099264,0.096694075786142
A,-0.274858819103462,-0.31203358974708145
A,-0.4323895955366271,-0.4075119642497308
A,-0.26936358641016706,-0.22474044675503577
A,0.4268740676832175,0.3646715970401278
A,0.3264764791939349,0.29265837950092793
A,0.30326448833589065,0.27035808390951616
A,0.09710526904681248,0.07532340814457955
A,-0.2177419294134713,-0.207151647004037
A,0.2350370634844465,0.21324746298227762
A,-0.057508648999310324,0.3823223832847579
A,-0.16794314073966768,-0.11505209749668
A,-0.20930499763404756,-0.19786109821085593
A,0.18094133516910796,0.16022860806710768
A,-0.13888467846935382,-0.12378820058006494
A,-0.38412460954248484,-0.3239880112558873
A,-0.6153702920340586,-0.4897986699481071
A,-0.2524861897484008,-0.2559884171300509
A,-0.2195644741599225,-0.23792992035282642
A,-0.25783892349653653,-0.2630661284519695
A,-0.2654059139293647,-0.26106129907823405
A,0.2846813091643591,0.34970075677442647
A,0.23012694070109588,0.2409253660698293
A,-0.3235116602423969,-0.250001439589129
A,0.17907794784007305,0.16657985317693325
A,0.32104756682565,0.30201316031514247
A,0.1749266425633995,0.17965090911015053
A,-0.29567194337159713,-0.25370520760498255
A,0.3636745306176041,0.3192313124127991
A,-0.3083486062028376,-0.28512005595087236
A,0.10784174486356818,0.11188689246749835
A,0.29790810319320177,0.26235950142378883
A,0.21618852981302608,0.18449664600871984
A,-0.04562607693120181,-0.15562047568310497
A,-0.12684935140657122,-0.13823668339780162
A,0.26420585422680115,0.256892531065814
A,-0.096686810349385,0.10141604459093123
A,-0.45513413415902826,-0.4161761957622157
A,-0.17645196930505933,-0.1707618142540365
A,0.34976467724419547,0.3075411399908276
A,0.14029279236090075,0.13458017948188875
A,-0.373417257716491,-0.37143244393272573
A,0.002514965203778769,0.09504610883299498
A,-0.1599345665229393,-0.14397313507006218
A,-0.3482077978072199,-0.2987271708489853
A,0.1015161587062568,0.10848772867790672
A,-0.22894530251350467,-0.3452445631709391
A,-0.16524782122981646,-0.16761288159524154
A,-0.2408695835916976,-0.17689082043497867
A,-0.2186683080830149,-0.19057172017842658
A,-0.2339359421117694,-0.19571211281801873
A,0.2005963304059105,0.20103373994062404
A,-0.37090926937682156,-0.33141043965573125
A,0.3198008798141494,0.2938759097459222
A,-0.21036046149502316,-0.18308988174956728
A,0.3247691144935906,0.3689009522359621
A,-0.30420227977185293,-0.2698045181740754
A,0.10648779675245862,0.08192884690480323
A,0.14199768315484276,0.14048054262966092
A,0.20683136474972288,0.1677623619513586
A,-0.32352761806442554,-0.30800002924410064
A,-0.21391380239926688,-0.19540311191135654
A,0.27711434878226043,0.23308991802967008
A,-0.21942239010332548,-0.19922599383139453
A,-0.4221212177470608,-0.3637022374487556
A,-0.42016671033677044,-0.23976326280449545
A,0.1932073358397778,0.1865598444268362
A,0.6692493530218947,0.1841393422279963
A,0.2039813006816179,0.195237556600797
A,0.2047214684802741,0.1821937512653256
A,-0.37556479827343336,-0.3029862799196057
A,0.1941375258336217,0.21091585465726584
A,-0.2375600547637583,-0.18745130660334286
A,-0.2291916970792676,-0.21493010141399663
A,-0.3045762737068412,-0.28442552377986385
A,-0.23856054411327998,-0.2071987745697467
A,-0.21710496560865553,-0.19949023043559397
A,-0.17187939267679314,-0.15470795325872086
A,0.11707245077068457,-0.26361699210513956
A,0.48058509411392336,0.3259700013621813
A,0.26606305283549553,0.18204203143755993
A,-0.2854862213351565,-0.2756854964151914
A,0.31626812180742925,0.20456745519603936
A,-0.42133388986905324,-0.5859843864735702
A,-0.2202913742152944,-0.1928270507914524
A,-0.2606294045412759,-0.21810102579280427
A,0.13507913387178602,0.1260728451025639
A,-0.289601745073358,-0.27805654555672604
A,-0.05194766890402426,0.21100288304216122
A,0.21880283244986007,0.22419527510287515
A,-0.20795067546611493,-0.17962762446714628
A,-0.12504954821955147,-0.11871423279462949
A,-0.517545226766109,-0.4792404184343077
A,0.2931872432157768,0.338482243420846
A,0.18297264067885452,0.15596796421320822
A,-0.3419261489994912,0.11927164375015195
A,-0.22004429154214258,-0.1816400762905734
A,0.15675828828592536,0.1181217847330161
A,0.3139706232791699,0.27045260838392043
A,-0.42739625632583783,-0.3851330654860517
A,-0.1923808836783336,-0.1630703583532245
A,0.15430743821031015,0.12802582643624624
A,0.2812029331169409,0.23171252060218986
A,0.1625507025604909,0.13119330709206364
A,-0.23468250420904682,-0.18998493519081974
A,0.3012874539477116,0.25153004337099183
A,0.28080550400680976,0.32713766637584124
A,0.2091881032159422,0.22510056230298567
A,0.13423536364952326,0.1858550245779744
A,0.1739207436499163,0.22099895987531437
A,-0.20309095106381264,-0.17205301447512455
A,-0.44724460487369583,-0.37478987674676345
A,0.32619930799966923,0.2983319509842485
A,-0.2575068436109003,-0.22813014855912883
A,-0.37612530362158175,-0.3254708508617261
A,-0.0757525408696249,-0.21095718994303816
A,-0.1211027018191352,-0.12790798471173173
A,-0.2512437771411837,-0.3776537875626596
A,-0.2436305323039528,0.2965199795557498
A,-0.3114271810321979,-0.40908008125158096
A,-0.4076735092934866,-0.3780300281433285
A,-0.1052903042289728,-0.11996111823794839
A,-0.224349111535591,-0.20266603426579938
A,0.37442497678419284,0.34916614143466235
A,-0.24035581829974828,-0.18395164765159974
A,0.33050604856143373,0.26449263747525836
A,-0.1040423479941282,-0.12978936898110716
A,0.1316628823617247,0.10755578421009448
A,-0.33390223019188614,-0.2944315676474149
A,0.171643654816591,0.16636980718096658
A,-0.3062658061348928,0.20976205182375432
A,-0.1838014686037251,-0.18620899118906992
A,-0.13942647558347124,-0.1973264320790383
A,0.31585959617658,0.2858040967270584
A,0.20109091126845932,0.18098267140354768
A,0.27640764668865386,0.22770186092918032
A,-0.21139168135877276,-0.17411292328797265
A,-0.24322611101785477,-0.31540946488099747
A,-0.36088979361334395,-0.1830014663885502
A,0.15207792116568805,0.1728763137394346
A,-0.3161092477706857,-0.2757621219382652
A,0.3373257600742333,-0.14482673327226933
A,0.26624412852744495,0.22453816039136332
A,-0.4552197320325181,-0.41899550831126575
A,0.18506968285381892,0.17264829451960306
A,0.12538760266950408,-0.11249911666320155
A,0.1598862228839208,0.12840930114163734
A,0.18670067009952804,0.18488114808357764
A,-0.18529975705470259,-0.17226833021234433
A,-0.3095259174065981,-0.3341256044404524
A,0.17812987616564957,0.1700150334237287
A,-0.3111645916282545,-0.27667997647100395
A,-0.16935538396544753,0.21804032616312846
A,-0.1096036701496726,-0.15819950083000822
A,0.15998587316014765,-0.5692181081970111
A,0.14574220088858028,0.12011696843810388
A,-0.19080582817718209,-0.1744544379745939
A,-0.2597096720015069,-0.2367617553358489
A,-0.1902046595822926,-0.1959705214612908
A,-0.26980292158303454,-0.2752610441879808
A,-0.22076069430255815,-0.2029074368461209
A,0.31209627337784,0.30577755567078635
A,0.2500449259200611,0.25696637704124325
A,0.35835457810455357,0.3391036032766643
A,0.14268382781077774,0.1162860137095359
A,-0.3273668784052958,-0.3066746374313816
A,-0.09801854951553028,-0.18096653201875093
A,0.19328576743189455,0.17114572968320463
A,-0.19128467956653786,-0.18029919439062544
A,0.3167138104271044,0.2731917026411421
A,0.24933957008149682,0.2921432221119046
A,-0.27876233500953157,-0.2758539306645293
A,-0.09570808172583824,-0.20782040731410295
A,-0.16803799646804057,-0.1746617174964076
A,-0.39985028784384075,-0.34572000570858763
A,0.11941604978193832,0.08549860945630056
A,0.24139615043810372,0.21430999740094686
A,-0.346019102712265,-0.42453807328816573
A,-0.16966823511278697,-0.1591308994518129
A,-0.17131509722564078,-0.14576625082098293
A,0.25424814894800674,0.20557469091067826
A,-0.20888196405106627,-0.17683329153701705
A,-0.27938503347063454,-0.23978549931947585
A,-0.26686144423745584,-0.2560596171805316
A,0.1897889942004852,0.1843282359204225
A,-0.16980894338946212,-0.15504057068451796
A,-0.1770939950697059,-0.2918487086444624
A,0.1895719423867914,0.1650332381096071
A,0.21914383767326656,0.2698131885210993
A,-0.11615681009146964,-0.07888416767929482
A,0.28829446821343435,0.2478148054639574
A,-0.30601051419143255,-0.24298989100305024
A,0.14060372119220588,0.17816116418112257
A,0.23959346820787158,0.2975855384202516
A,-0.22975691413696211,-0.2936734517907752
A,0.1482735218145903,0.16050295701456105
A,-0.42142642554583715,-0.3993815935332438
A,-0.4116833473275994,-0.3757744882972185
A,0.28455211915994316,0.24060710786024944
A,-0.3445199033561336,-0.30129675463486066
A,-0.3801974878224643,-0.4835464188504964
A,0.17571494186708053,0.1529510071879581
A,-0.2175715069452385,-0.17253997434606977
A,-0.1773094847958213,-0.32278568229192534
A,0.4325241887946056,0.41686750157064567
A,-0.13808520925678394,-0.15720379925424133
A,-0.23203266705220382,-0.19842828391460726
A,0.11304172645501917,-0.14921638803376688
A,0.12537511188776482,0.15918868171362194
A,-0.450217125123576,-0.4039476526002142
A,0.2835961194871973,0.321260363454652
A,0.201477765091271,0.19602232839268602
A,0.19957908773755426,0.1914873339032109
A,-0.2272939763806463,-0.1869313316083918
A,0.3296717176292436,0.3065090327805098
A,0.23809439291334225,0.30311795866370234
A,0.10298486787326476,0.10242309646064578
A,-0.15084729361654173,-0.14597331015875262
A,-0.3583579223748847,0.1471727703053206
A,-0.2243752264470937,-0.22038754878694705
A,0.22609083312987338,0.18941436354768906
A,0.4304110410765373,0.35736831461516005
A,-0.23578869850796305,-0.22072054628167348
A,-0.18717840253131612,-0.16451603107484486
A,0.3513641982170575,0.3454426737942039
A,0.4710135783503828,0.33884758082925126
A,-0.28467539502531963,-0.2787635810464106
A,-0.28425711028294026,-0.28343089531159427
A,-0.5265556693297875,-0.4407120129044397
A,0.3145541830317114,0.2661296662338316
A,0.1799614795723854,0.17228731718899656
A,-0.43021866928873403,-0.39832015138354465
A,0.2655156714744746,0.24200623132741989
A,0.21021312573281994,0.18523240783053804
A,0.10627662389581796,0.17843317074046353
A,-0.3934105731419744,-0.36417439160378773
A,-0.32981682147779556,-0.3477551168977768
A,0.22565248040415162,0.19184539302880438
A,-0.28021725745606846,-0.33460642293274295
A,0.2165766444042084,0.19567208428825864
A,-0.527207705933974,-0.45379738669942515
A,-0.1596385482328438,-0.1885227627455181
A,-0.11238351688606223,-0.11731312321651194
A,-0.11205408236512582,-0.26225579299866225
A,0.237519348416727,0.23831688332256795
A,0.24533707071938687,0.2261404315233661
A,0.4109363991232789,0.44205270092134935
A,-0.10657257250273969,-0.09555371589291317
A,0.16629712210829442,0.18374526881577044
A,0.24002525989698914,0.18751702474907617
A,0.3064103316736692,0.2805579896686301
A,-0.10226206021982638,-0.07509316241465815
A,0.0348757385248754,0.27331814882954875
A,0.26165200633454505,0.21514356907269752
A,0.10679371187162241,0.3061896808582117
A,-0.34539765661923294,-0.3311179843396469
A,0.33458170832286016,0.3010559368179588
A,-0.2636015219540124,-0.23006712664254672
A,-0.15805167392213082,-0.15463000697108534
A,-0.0813286699043915,-0.1031439155682249
A,-0.10602830355702182,-0.13954281487727282
A,-0.43791242430666455,-0.4262444522876584
A,-0.34095926821391537,-0.2826273416991104
A,-0.21029622120795874,-0.21185707008158766
A,0.40876588048386464,0.38946660613052275
A,0.20838208431629357,0.15414400676178516
A,0.26667380433624516,0.26119325214429423
A,-0.15541217870223437,-0.1060211850249744
A,-0.29008195652069635,-0.25811777940307734
A,-0.1928310156210379,-0.161818143618873
A,-0.09982684777312158,-0.06821330721987257
A,-0.326144485708633,-0.2828416097172855
A,-0.20178392255753635,-0.19436237743186383
A,0.372740994558405,0.33775064567938823
A,0.1364817355078448,0.279270135370529
A,0.35716703480586287,0.24402556417191382
A,-0.1861179943277292,-0.14428152475895203
A,0.16682637160800218,0.15849264863024354
A,-0.5438490318834248,-0.5405257782789685
A,0.262410755644049,0.2841966083808707
A,-0.11237628878705883,-0.10997824606613293
A,-0.292445565779884,-0.29099873669387577
A,-0.49043195806294254,-0.4497313212678751
A,-0.27440891212748436,-0.22936416761501582
A,-0.29700352767128635,-0.25486369101723294
A,-0.19017255781232573,-0.184987737624914
A,-0.3074845960012654,-0.3118261315634997
A,-0.30555161330182085,-0.23386178662093157
A,0.15511855290523638,0.1367076021952273
A,0.2677619953659603,0.2106522834477144
A,-0.3071677870852532,-0.3012983076410184
A,0.2973808645536281,0.18656675861478395
A,-0.24331634355368123,-0.15470773826841672
A,0.10640997972639271,0.46433356305793044
A,0.0596436325086786,0.2214433829565891
A,-0.24519448829195264,-0.2722255705711706
A,-0.19261155835777108,-0.1689217359251607
A,0.23372432435267249,0.3315675431323559
A,0.07901383402596289,0.07289747325017316
A,-0.19854313452169495,-0.27439045176965365
A,-0.4520493549179074,-0.32799210370649984
A,-0.2470497391818226,-0.2324042894604223
A,0.44195898385405685,0.36830802199367496
A,-0.40082505898268866,-0.42015950766412863
A,-0.7161123740594494,-0.18943417754611205
A,-0.14004401907129635,-0.124236901184039
A,-0.3870786614212398,-0.32527362300899343
A,0.5054946260778875,0.4341746408245814
A,-0.316331307728608,-0.32767520910128384
A,-0.2494428286343188,-0.20107938741238776
A,0.5070381987023335,0.4069255854928711
A,0.24909007439963737,0.22487378539045524
A,-0.44058156082696676,-0.41360661383168873
A,0.31294070357145487,0.12118305832915138
A,0.22721606487341056,0.2104474289026188
A,-0.3485584122586485,-0.35313475983296294
A,0.22492511571211654,0.2283161837770177
A,0.1367866365433916,0.14490994845303978
A,-0.43379788732695745,-0.35646640034186505
A,0.32245342820175366,0.297643127295567
A,-0.20530753742728244,-0.17667694028897601
A,0.23763394983313205,0.1849962713737794
A,-0.2978461773387118,-0.24626260120221527
A,0.38937373445706847,0.35268925580557436
A,-0.44834814878735485,-0.3459372537431337
A,-0.1991042518929006,-0.1701090074323448
A,0.192342690939041,0.18615053894119482
A,-0.19287164623824612,-0.1350008559176086
A,0.4318319417892938,0.39199063476240076
A,-0.21995154740363476,-0.1938960244312938
A,-0.08180261335315596,0.3025177771418857
A,-0.1264490523139746,-0.08950881982500254
A,0.16737095111450825,0.14184576099399945
A,-0.15979680035973048,-0.14771100066351292
A,-0.27772742369789055,-0.27532967962536115
A,0.14649609393630666,0.144245761001766
A,-0.13057329287989222,-0.0865825977564618
A,0.2003942219445512,0.2910533128565222
A,0.22191042396523558,0.20522131426236032
A,0.29134932643465644,0.220463107447675
A,-0.2981136551913607,-0.2489273715066919
A,-0.23101581188090728,-0.2332617458666262
A,-0.23366955806595305,-0.29842156056407765
A,-0.09524069743804006,0.013711013997054638
A,0.10901810410427593,0.3951758921943254
A,-0.41210855033409594,-0.2982678097280143
A,-0.2755859514387197,0.25033675430455626
A,-0.4994222502315658,-0.44511087904272667
A,-0.12811096072664035,-0.16266485849577322
A,-0.3261540865301538,-0.264891787508247
A,0.16198994028029062,0.14626543581005294
A,0.24115710146894725,0.2192141410981398
A,-0.08619709763539155,-0.09397806432872774
A,-0.5469009174563145,-0.5563720523051682
A,-0.37549122419672054,-0.3719183467853763
A,0.0941928821892865,0.08467051001879478
A,0.312637206086738,0.2585494958158892
A,-0.15710083135651154,-0.13065604314624854
A,0.1462481501122918,0.12247862796067381
A,0.4025269653703623,0.37747935464771815
A,-0.5616185263871513,-0.43283345798197115
A,-0.13529239300865917,-0.1168180087641723
A,0.4093480689964966,0.36468355335857533
A,-0.09229250263144455,-0.08184108218278431
A,-0.13310735036396248,-0.21983793767500187
A,-0.19773649824731548,0.5175375809296956
A,-0.4636778283482562,-0.44870435903434186
A,0.2661268090694727,0.20246846699047644
A,-0.5534807791633519,-0.46616830714022284
A,0.22421626649361273,0.27538958316444384
A,0.20156620707193965,0.1478987214373091
A,-0.3821610527100003,-0.33386407984604083
A,0.18408423203119215,0.15305744881338126
A,-0.17174489292263626,-0.15016789442646272
A,-0.29043310081082213,-0.2314078441944739
A,0.466372919030541,0.3797942885470283
A,-0.14234779081555937,-0.1315536981556288
A,0.218861845138233,0.21984507375964937
A,0.31453272346391803,0.3271819430560886
A,-0.33366132120592834,-0.3069917858710068
A,0.29699780856105024,0.42301731203238924
A,0.2871560536880269,0.25393632435778224
A,-0.016787259563649504,0.08850461711240765
A,0.20995318577878783,0.26268822266488506
A,0.25256024583370035,0.2516310833265315
A,-0.20538232238329557,-0.15435823348998132
A,0.11481581289275813,0.10555945664354023
A,-0.23516289878034013,-0.2196048006075039
A,-0.25774356950436006,-0.22139627445819102
A,-0.23400621471694422,-0.144984686360925
A,-0.2451823848614554,-0.21195649629165092
A,-0.14887742287698108,-0.17615043209656353
A,-0.3396622002092733,-0.27926627204607113
A,0.19308856639000202,0.18416533939635601
A,0.2659064265572026,-0.4650165620835339
A,-0.2890235067051058,-0.23029782102221424
A,-0.27077521830487594,-0.24568019882248676
A,-0.3062761293237819,-0.1836354499040951
A,0.2239932238177696,0.21381341752767505
A,-0.35695458027273225,-0.3136468079294689
A,-0.6613150966625208,-0.09112499635467636
A,0.21225656340714433,0.15636335594144388
A,0.14138884536161958,0.11852675662377832
A,-0.20699772366656835,-0.17826361610497105
A,-0.18942725881569597,-0.20640216937533698
A,0.14101318164358315,0.11509803771936172
A,-0.5843903489147027,-0.5227498164029339
A,-0.12245315751747049,-0.14015862227745987
A,-0.24152574377032726,-0.19899526030516135
A,0.14586264379052521,0.14988227504940987
A,0.32850276982399307,0.2935965045684193
A,0.08007658070493034,0.15112362747035424
A,-0.3672359235113703,-0.3792188350636575
A,-0.3152466307643521,-0.2952377350708028
A,0.45837885546852136,0.38233291456465746
A,0.2299265966765558,0.19134436726371404
A,0.35370321887628287,0.3689755290006755
A,0.4587750858636524,0.38635161748462765
A,0.1382202740543414,0.16617598675218337
A,-0.1401227419392212,-0.1639259989107534
A,-0.25652849221702695,-0.2258109755352857
A,0.2598234778556457,0.3772320450788027
A,-0.11330427782144382,-0.09426452197497044
A,0.12745929329963462,0.10181995480264311
A,-0.34390132048961164,-0.29232600571718553
A,0.25243278844920036,0.21085035494416038
A,0.13838950359819582,0.10267525462789195
A,-0.20606359649764353,-0.23697808709144194
A,-0.1846877049431737,-0.20907158026615436
A,-0.11178696820987863,-0.1860720640774456
A,0.28498951555369884,0.35215283600651637
A,-0.2853042371378992,-0.27074622770744317
A,-0.19752434744446878,-0.19958921775366528
A,-0.21080397512090013,-0.2700251061179219
A,0.31840411023110865,0.27674759137688487
A,0.1887996169240426,0.16690709091786396
A,-0.09777629526159942,-0.09361809140882738
A,-0.3057364478376313,-0.35346837803416975
A,0.3590748648058975,0.3117051968226125
A,0.21217271102267107,-0.4902779713705012
A,-0.15853406944847961,-0.13502143194178948
A,-0.4437851602146328,-0.2828128377431922
A,0.3083475397698522,0.35147979528576345
A,0.04727804231465759,0.3028918283024001
A,-0.24893430886768364,-0.21425814797037648
A,0.12167232455475673,0.12718079091465326
A,-0.08135873029446836,-0.3438372349211488
A,-0.2621842014397345,-0.27629158975983875
A,-0.38112521242264735,-0.3713197276025562
A,0.11540992691450461,0.10381908336338201
A,0.3363754411912768,0.46545523060100447
A,-0.14327502957341492,-0.19282008351130922
A,0.22720715016215387,0.2484966411556376
A,-0.3866597714032282,-0.3572601345213903
A,0.19285032535454882,0.15848606201851761
A,-0.5092487936208255,0.37980424240483035
A,-0.4120771545568084,-0.3720071682835515
A,-0.12579071545427312,-0.1238508517124433
A,-0.24313715244910666,-0.2248845070596641
A,0.14172853688566106,0.1284926746924608
A,-0.1662715160444843,-0.1302746951571552
A,0.17234327858903545,0.1264518268240047
A,0.15056333146390743,0.14460110793917394
A,0.2655733718608383,0.22295368020457698
A,-0.32685475277551984,-0.3154380997625631
A,0.16243080807597107,0.13997173310774308
A,-0.2258026513857996,-0.20536716134278143
A,-0.23250630996633745,-0.20854049959913668
A,0.09471524484658896,-0.3511019913266488
A,-0.23788499491631207,-0.21951321510441532
A,0.32153818981348953,0.25339782913818276
A,-0.3573074992546108,-0.3304231808551934
A,-0.269909244426066,-0.2568991753679148
A,-0.12473230568320146,-0.11501408317563099
A,-0.4204062574556657,-0.28349834587225314
A,0.12922145233755442,0.11009698302587397
A,-0.36359929912644856,-0.3121103374577897
A,0.48610818065785166,0.473369221882096
A,-0.37456262716341726,-0.3922873658477947
A,0.5800274073115893,0.5166855451409093
A,-0.3626248866692262,-0.3671193096662632
A,-0.6908253541100091,0.3845353313368135
A,-0.17141011329993655,-0.23888624055155355
A,0.2550954227591575,0.20169238802693767
A,-0.476318868668764,-0.4275641500921472
A,0.3791177245758092,0.32678611016530584
A,0.24921122790292455,0.2387261058153037
A,-0.19716768622448932,-0.1723499660010001
A,0.1799226219176511,0.22649909416551225
A,0.17066797290018995,0.13803880816812375
A,-0.27021906320104006,-0.2226205029051389
A,-0.05907798441084075,0.36371305642253504
A,0.08693043517663246,0.05914244811817385
A,-0.5352266258513604,-0.3551910324348683
A,-0.22079520536109515,-0.17073255336019735
A,-0.5514897894623181,0.45309249600615514
A,0.14998271773516614,0.1481592507822861
A,0.15265033214450768,0.12211363676656685
A,0.25995984465269445,0.23248613530902773
A,-0.3133265187287837,-0.37058247465717314
A,-0.006936042645124142,0.17090600303062245
A,0.2693637335671955,0.2722875983088773
A,0.14955173018062246,0.025055597916018902
A,0.47122152557606223,0.4938370837070318
A,-0.35867883685178636,-0.37774129182233906
A,0.2249908872496934,0.2216290363911508
A,-0.13068242191675755,-0.11860688156497005
A,-0.2229325156650047,-0.18260889689631493
A,0.3031766810321448,0.2630911378479211
A,-0.10729371961982798,-0.08080615649900214
A,-0.1453427702241554,-0.1632549379920622
A,-0.32825291151150643,-0.3344412775822795
A,0.1919552333907447,0.23257709998979242
A,0.0960351941737135,0.12678915251510697
A,0.3494906238942605,0.34166505734858765
A,-0.25297072410181454,-0.220075592884376
A,0.4001657476308024,-0.24469756358640363
A,-0.10984087646476531,-0.10675458128769105
A,0.16139012926793597,0.1577492547987102
A,0.3162943949454486,0.29445607461382034
A,0.30375976928614207,0.29449102289494633
A,0.22592118854153828,0.3117744765080947
A,-0.20393104637291015,-0.20452299747155583
A,-0.5671104854269582,-0.49272519585077595
A,0.2205569550276532,0.2147501248673791
A,-0.270357726538264,-0.24505580803736843
A,-0.31406178105487503,-0.3357938098135327
A,-0.19023971922453983,-0.18114345364825446
A,0.18939039760801465,0.15699808131026874
A,0.3492682079435244,0.3149620198520752
A,-0.4153369873610709,-0.35774952191530895
A,0.11854270055699774,0.16767765895249928
A,-0.3229256023499319,-0.28656155147725443
A,0.1916521118113399,0.14810285329910483
A,0.34909453295355825,0.30090822653179355
A,-0.3072991369891625,-0.25491610564446787
A,0.09787500475867661,0.16051175766521306
A,0.41552517425074964,0.34956562447950373
A,-0.39958127244388064,-0.37681642560989714
A,0.05177505994512505,0.3138389924592152
A,-0.43934749848127547,-0.46563496663086357
A,-0.31997170426466937,-0.2853002944947377
A,0.18613488184977933,0.15647265740466043
A,-0.1845006080547059,-0.17874624199059247
A,-0.5054322299573746,-0.46047353545537434
A,0.2418978389791874,0.23231925807324064
A,-0.43422540069862053,-0.3719027777861977
A,-0.0954789357471077,-0.11668075130073575
A,0.15207194931191897,0.12635117676747107
A,0.21357407107994886,-0.13178925003209563
A,-0.2519180576318536,-0.28141271996223594
A,0.3791293202761844,0.030522061434499387
A,-0.3403378943599744,-0.2643737749104839
A,-0.15181937693631603,-0.4551019513405586
A,-0.19763487999104604,-0.19754918439694552
A,-0.25591166136269866,-0.2300878275013555
A,-0.37304889928887563,-0.2570413854819053
A,-0.18720758520483025,-0.17204129743588437
A,-0.14643306691685204,-0.15544320116532792
A,-0.12452374341816226,-0.09655373070043576
A,0.3350553629616423,0.3050211509600656
A,0.3858526089858538,0.29190368267692424
A,-0.32487302654660083,-0.2595493759021799
A,0.21548299874516963,0.2136608085465214
A,0.11161099888338123,0.18090492249919787
A,0.13892994536654363,0.09907554911075123
A,0.32540663476443715,0.36723176626295617
A,0.18218865527515227,0.16376620428246708
A,-0.11739096387551269,-0.11202226445824856
A,0.27859477270533034,0.24396589921184786
A,-0.22662357400352043,-0.20135173815427504
A,-0.1951283631587787,-0.15171972036958126
A,0.1549972950260498,0.1311050462527489
A,-0.17052979893453565,-0.1657544760724634
A,-0.568706286690075,-0.4837527227714327
A,0.38016064957879236,0.3986797119767676
A,-0.14344297730251157,-0.12676809446386664
A,0.09408806746968065,0.19464401370181209
A,0.08248876305921968,0.10852805008231968
A,-0.3822620046215052,-0.3457712615634414
A,-0.5081928997624653,0.36455261007285605
A,-0.6232551885525301,-0.39281319095949363
A,-0.1606918011215874,-0.26727446578760705
A,-0.2819874792399127,-0.26121985447337887
A,-0.3169876235947491,-0.2516988557911077
A,0.3759857315831517,0.38074101305522423
A,-0.15928507946516562,-0.14329554407406656
A,-0.14661146990661497,-0.10879921788705618
A,-0.1839025702151742,-0.1786627048209745
A,-0.4000349933125057,-0.3384764816636229
A,0.21978243996684235,0.22222108981483243
A,-0.2156573689380251,-0.18244099545281006
A,-0.2628360082142223,-0.2592948618178819
A,0.080793450660892,0.03756014634153063
A,0.04033996809591392,-0.10184011878673888
A,-0.2033482993562078,-0.3602373757957955
A,0.09376909850423326,0.23537505761191643
A,-0.20649931727710838,-0.15759882440936654
A,-0.2572294940968661,-0.2488756287973011
A,-0.14845909214339104,-0.1507685053327932
A,-0.09772425387913983,0.19922761328255925
A,-0.161231997319228,-0.150388987663375
A,-0.2585105724340176,-0.3258354722443686
A,0.2895049221998838,0.2663114414969693
A,-0.17799081493111235,-0.15928261453847656
A,-0.26790716454373203,-0.22360051006907622
A,-0.24787662217758855,-0.235378305241872
A,-0.1711066216982014,-0.14554026147987634
A,-0.27896932438174493,-0.315158996381029
A,0.35910790949314675,0.31389935010978
A,0.18031145006042257,0.23103661010468704
A,0.2248163136258889,0.18925492259503646
A,0.23518341510111726,0.25773537397294044
A,0.21845413590607896,0.24832373964011242
A,-0.3916051025908598,-0.3502870113886198
A,0.17526334584738226,0.15903636735757284
A,-0.22701340029851827,-0.19368742690032734
A,-0.31611370874339195,-0.2805665389977386
A,-0.10761452011501349,-0.15209854991862698
A,0.13945686613873345,0.09656488676746879
A,-0.2340283754387904,-0.21314224224617234
A,-0.2707971794541674,-0.2678956982718148
A,0.08849624034190398,0.12729855399534917
A,-0.2820398988395707,-0.2685135250720345
A,0.19026483275225312,0.13247799061796167
A,-0.34558669200887443,-0.3221053086334485
A,0.3080087274876965,0.2880899291172139
A,0.1375758627084484,0.12342073781787073
A,-0.23752548473272692,-0.3222670131203886
A,-0.17332508836382127,-0.1887537812277874
A,-0.1382675487628357,-0.12854025400870087
A,-0.19851353291020968,-0.19991349390083896
A,0.3036153614293563,0.26788725908131583
A,-0.1549945161273071,0.15780834807913327
A,0.40792370770178166,0.3407635573911397
A,-0.3351849949683765,-0.311938952386622
A,0.15507772251805496,0.14502092608713163
A,0.290289168587483,-0.12584790727708733
A,-0.19127353952926612,-0.18093736738018124
A,0.41239728408848286,0.4970535096521606
A,-0.2032864064521534,-0.16494335204211955
A,-0.255243467365616,-0.2506074446910517
A,0.2829902843869278,0.2276528268881568
A,0.17248029736409679,0.18113932789167206
A,0.14462775174157572,0.10362615524316081
A,-0.18517927397158146,-0.16880035455553052
A,-0.15911330227917184,-0.5989682718317922
A,-0.21981892378891435,-0.22175636949674668
A,-0.09008055074587418,-0.12079686531336484
A,-0.5268033540075149,-0.4186984670064338
A,-0.5071519310491064,-0.48345895973995123
A,-0.23740225417027166,-0.21213595610099995
A,-0.15890089245175462,-0.1453789676870355
A,-0.2427907685336975,-0.19232301161668314
A,-0.2747698103254532,-0.184516338317712
A,0.187506483262332,0.15649847437225597
A,0.36565370718673834,0.33469956413944796
A,-0.3826677541919126,-0.4040149481403034
A,-0.1584410942141871,-0.11884832518605105
A,-0.0986594102346485,-0.08898813192403815
A,-0.40306353484768725,-0.34360292240028895
A,0.2555994901525131,0.23896135693131665
A,0.1909720397189006,0.41738141072592194
A,-0.07051860802725714,-0.07196730512136236
A,-0.2154213593707814,-0.19935601791216934
A,0.3350809216219295,0.37512508167230985
A,-0.12142049372723546,-0.0987518808897509
A,-0.15505782975911103,-0.19163224456351585
A,-0.1807975000813451,-0.16067561058915475
A,0.290345581476291,0.38123112091708106
A,-0.25234053246835625,-0.2061389120950259
A,-0.3963973372099174,-0.40068215349461206
A,-0.4487302937859435,-0.4040892007899938
A,0.24101259136074116,0.22409548175856803
A,-0.17346901825624864,-0.16456653262382998
A,0.39541396185657995,0.33927234875619694
A,-0.2298006570963882,-0.18571575672567975
A,0.14300644061209308,0.12949389348464094
A,-0.6095788000406913,-0.4953662385878892
A,0.1047889153456103,0.1054115265865609
A,-0.42353146213553794,-0.3395056343502304
A,0.23609213609802854,0.22924417679232206
A,-0.20395792575959548,-0.20663828200854875
A,0.3603219319488722,0.3127124231949889
A,0.1208818343693421,0.16363432203192255
A,-0.25891351819215935,-0.3001368889477038
A,0.32654907156792734,0.27924738496422796
A,-0.23163763410307497,-0.29957772660899357
A,-0.09265639946740196,-0.04769728372925927
A,-0.13130069508590764,-0.16458506778307033
A,-0.2667743695610818,-0.22455459577293607
A,0.20711723732801676,0.15480313884618954
A,0.2222068091121617,0.20674545323981924
A,0.37782538136536026,0.3468404670800918
A,0.18866991240528908,0.15558474210628867
A,-0.09780915460345627,-0.08019841568829011
A,-0.1283968319612335,-0.08663725336083249
A,-0.3070907919095172,-0.3348935056848612
A,-0.13471838152884755,-0.1019446060341333
A,-0.2477856479910871,-0.20864627087552545
A,-0.12871286773902418,-0.08106170889246597
A,-0.2637269280248195,-0.22960876000919056
A,-0.202597405323897,-0.19632779256727498
A,0.19945737055298887,0.2062504110574354
A,-0.17396251845161706,-0.1377820606939683
A,-0.1181969026317282,-0.1766311216319999
A,-0.5736837935034205,-0.525293739151402
A,0.11365008055041848,0.2637706180570875
A,0.33823568467152465,0.28505614575741545
A,0.2529126847686303,0.24151750614409243
A,0.26294886856975436,0.25531185483814184
A,0.45260501381929136,0.27831621602916895
A,-0.35828315965934987,-0.28352869325152086
A,-0.16865558777679693,-0.16075475067446768
A,-0.15440870635324,-0.13889522424631387
A,0.4948976205516834,0.423946728160998
A,0.15693748854558326,0.18441399221487204
A,0.01818673356510291,0.07899925593205954
A,0.2050128281880751,0.19258326315101304
A,-0.14003652046882986,-0.13303609080246973
A,-0.3315938289387855,-0.2956765559180045
A,-0.2561267515555033,-0.19332922774165318
A,-0.1320007597743612,-0.08837271606458762
A,0.5030833548434263,0.36211793682053584
A,-0.014054972335699202,-0.28017594694606224
A,0.33156707577363403,0.31618011488504816
A,-0.3174040428663508,-0.2872898913352107
A,-0.09662310206121218,-0.2407958230960048
A,0.269893466319626,0.23247276371244754
A,-0.18768450379608922,-0.18651391904984266
A,-0.4114818008781096,-0.40081051236068727
A,-0.3000995304337208,-0.2763485449986185
A,-0.1980506609653328,-0.1812012238673237
A,0.16486745193671226,0.17404788036753824
A,0.2559549436552933,0.24684805208300664
A,0.46114771990970405,0.3785620824184402
A,-0.15195174302544484,-0.18577138746926727
A,-0.06752872506195073,0.28728998294268543
A,-0.19797325892439518,-0.24027746798811697
A,-0.32021208566255216,-0.2965917266157626
A,0.055797755559595125,0.2758319675094883
A,-0.3017984246773017,-0.2737234781566693
A,0.18789374435695136,0.17409206818204773
A,-0.3560817437702213,0.5200446654146208
A,0.11775390329039022,0.07550258028969536
A,-0.1776140694220374,-0.13675301946459653
A,-0.29487619410030297,-0.26465463687453017
A,-0.23036452010366026,-0.2643156762865867
A,0.25221359498364715,0.21089280903214697
A,0.34238905202033254,0.34056500232645337
A,-0.3927768920922144,-0.3318204281162144
A,-0.21891403711807203,-0.184344824514558
A,0.2329212714042158,0.22017865847379517
A,0.1268605202614193,0.13425508131478678
A,0.12638095690419054,0.23943781905804432
A,-0.43393662683915313,0.5571442531006987
A,-0.29554877539121943,-0.4265476124290618
A,-0.11616721943097047,-0.11279152377003406
A,0.15317883771652643,0.24081576821996012
A,-0.32898443266114624,-0.22442180212022875
A,0.0034909656893604003,-0.4240709285862587
A,-0.23039688698742886,-0.2039653961887725
A,0.1950502474758674,0.434780874046737
A,-0.238473856838456,-0.21461391094091778
A,-0.16080168548925183,-0.16810130258814138
A,0.3054953610022343,0.24816891474115318
A,0.1474926497506704,0.11880648704013007
A,-0.5273501736621533,-0.42402766149135246
A,0.15018182528241522,0.11793858533721566
A,0.12853411744750293,0.11670279456506936
A,0.21812428045780577,0.22515594111171838
A,-0.24762852440766764,-0.24988149935667153
A,-0.318500150550043,-0.2907222419506158
A,0.13147092319966638,0.11142179394237324
A,-0.2434499633157818,-0.2383726058213636
A,-0.28997614690574147,-0.2772937024045399
A,0.1803661388436515,0.1475578003026133
A,-0.12354860724416104,-0.08747982876039244
A,0.2511713713349259,0.4103761332659368
A,-0.27067186116489905,-0.24853956349966957
A,0.175587543313167,0.19007753253396698
A,0.18881462976348226,0.2475177641639313
A,-0.13494804259213775,-0.1262039885049104
A,-0.3457764760312743,-0.3247555010187767
A,-0.24870236015297661,0.09253783033686219
A,0.2894111203554186,0.264461905670664
A,-0.1966876545076658,-0.20178047762505016
A,0.06922436501237211,0.11322056500190192
A,0.11901996931190735,0.08857025167936003
A,-0.13095364248391517,-0.1430561328646649
A,0.12584517530841724,-0.17402073277251068
A,0.17685065438030217,0.1447524913054297
A,0.18756572261276602,0.19148167591260157
A,-0.22387347737430158,-0.1862066627637182
A,0.29378486798585707,0.23428259969793735
A,-0.2941519668845366,-0.24751417670914774
A,0.2515643092582792,0.21154606182898103
A,-0.24143216534149697,-0.23155031147711572
A,-0.14193562683837913,-0.17362773672056994
A,0.07125096647774157,0.27910038745532983
A,-0.20494120023840146,-0.17739918824552017
A,0.24394141370566924,0.23070289878967817
A,-0.22823645431247133,-0.18996877021926462
A,-0.15910408300553563,-0.1432835980743398
A,-0.369180220479735,-0.3346280411303973
A,0.4085493901681727,0.39985884077751543
A,0.3197701253948275,0.2896969475663084
A,-0.13042168203395482,-0.12268800611304707
A,-0.19232975785112044,-0.16317902712215726
A,-0.289241120636731,-0.27408669173050837
A,0.3832963025043448,0.38172595087397254
A,-0.3790677630026233,-0.30022482135068035
A,0.2669547076817934,0.20540282496612347
A,-0.17614234231535675,-0.1874806607805802
A,0.13662009837194636,0.14482016099811
A,-0.44504448372136624,-0.2418582437845251
A,-0.15295719912528516,-0.16683303518859038
A,0.10814716403552133,-0.08449985135600206
A,-0.42769011950295144,-0.4039954887128899
A,0.1608387337252923,0.12793067699007704
A,-0.18248721991531583,-0.18240888729448454
A,-0.17083658748420927,-0.36437638589721927
A,0.11549860725845609,0.10966040569598888
A,0.2506371677349719,0.2295036810326708
A,0.2468054473116975,0.24029769676934395
A,0.13894557089730866,0.10242177647656245
A,0.21299774622611065,0.18761896696200273
A,-0.37892152368868565,-0.3119867272374054
A,0.14380603328103406,0.14153883819713967
A,-0.4050508043014587,0.3931266800121487
A,0.19523412110353566,0.17234242718210926
A,0.2685676627802567,0.2374601954155112
A,-0.5663218234251985,-0.5643104371433785
A,-0.13489424165421474,-0.10460648726445594
A,-0.38365839071093577,-0.3630345107218918
A,-0.3296975877546747,-0.28579077428235145
A,0.4271949767689606,0.37970518570569745
A,-0.24522466312006644,-0.20428373702768643
A,0.23104615186089072,0.24257284528211573
A,-0.05096945861062134,-0.09420790394909635
A,0.24504315258155082,0.23044250181804038
A,-0.2573358274249328,-0.2203039155390995
A,0.14168126496273278,-0.1506343951453376
A,-0.16436939775607928,-0.22990401816515232
A,-0.5755064502787133,-0.5587475968097757
A,0.23066786268276718,0.19593892388456477
A,-0.46582384245280356,-0.44264606617025276
A,-0.2201625038062358,-0.18304106820401517
A,0.1123239077041876,0.17353474269733116
A,-0.41435923717888395,-0.3688850587477161
A,-0.37493826206720016,-0.31791584664073
A,-0.19777397077387418,-0.16632621856273935
A,-0.2167166668458002,-0.17507703595607457
A,0.2540296857357059,0.23123763323257257
A,-0.24951585282568,-0.2756602064783276
A,-0.4119076826500215,-0.3580266288946938
A,-0.10935455552672768,-0.469082962527342
A,-0.11869279626695345,-0.002666359011633924
A,0.3949246598393235,0.3553217066315439
A,-0.16532493849099839,-0.13080087737401086
A,-0.17691756613480886,-0.17543774830215664
A,-0.33116706899121273,-0.34915304887879617
A,0.10192607120141166,0.16607553487172735
A,-0.38183884040515087,-0.321813984501285
A,-0.21199356045498044,-0.5959376814652952
A,-0.4132083022421709,-0.37067619029495535
A,0.10905997172292345,0.059008977739330525
A,-0.23549641484594122,-0.2122222983059995
A,0.18951497300785672,0.2837742523267566
A,0.2364118138054604,0.19217735768662997
A,-0.1542020868213197,-0.36624125328416735
A,0.19294809576599978,0.2181631425631766
A,-0.27369758531525223,-0.23672947172983974
A,-0.2066143472022168,-0.1811461609853123
A,-0.18748486975756962,-0.18909378757930137
A,-0.3245190356472363,-0.2795616310265381
A,0.30815631174652236,0.33166714413497556
A,-0.6286857824813095,-0.5275606090963763
A,0.3839298784542676,0.4360624132785534
A,-0.14304896672165324,-0.12690521474685215
A,0.39190662854786895,0.32386922540450575
A,-0.4059816858054373,-0.39833580430085125
A,-0.271129940363991,-0.24015541801375354
A,0.2747257796119893,0.22368739884602482
A,-0.17915852360790566,-0.22874109868608922
A,-0.19107176500742207,-0.1901882509779497
A,-0.34410476182128946,-0.29524107418434137
A,0.24101649429445482,0.17835355649280932
A,-0.3565069331705869,-0.33891632084018225
A,-0.1747406810525809,-0.16239567969031155
A,-0.11247710326209008,-0.10576688301447798
A,-0.3320340032715487,-0.31750401037483117
A,-0.39415569686311275,-0.26510045242044156
A,0.19047542103423837,0.15661095072872988
A,0.09262885956871882,-0.08349520710143535
A,0.1327653756859914,0.04176128018843293
A,-0.15768224133878594,-0.16602582881137593
A,-0.3317709432431797,-0.32422061865294105
A,-0.20057134033856552,-0.16190240380609155
A,-0.033055246091542013,-0.03565027645828032
A,-0.44472888745218175,-0.5271455577496749
A,0.5084649731690476,0.4335793757745129
A,0.23409760558294776,0.23199722039289633
A,0.21101311992321944,0.2817450404794691
A,-0.1723810686363298,-0.17079155795204815
A,-0.3839970576042928,0.3982741414231341
A,-0.1765564246962637,-0.14634599156312464
A,0.4313323251756656,0.4886878856488446
A,-0.2697026027196202,-0.28430025915670537
A,-0.26207039210298855,-0.23326965632426308
A,0.029311539163677645,0.06249851019875676
A,-0.200889601967866,-0.20020759432957314
A,0.3448841801495818,0.2918181199308174
A,-0.28391759211199846,-0.2467260444779125
A,0.1693906318992316,0.19315743076637454
A,0.26800141663133004,0.2133796429231992
A,-0.411692576924431,-0.36580381942061285
A,-0.16773608283632183,-0.13146813285580608
A,0.43577219278663004,0.5553926832260787
A,0.24513165064994566,0.22705596493558136
A,-0.4841796004411123,-0.37808543287609425
A,-0.3782275540403481,-0.33557748551947136
A,0.410835561343104,0.36504998740993533
A,-0.25134494428271265,-0.23442294438956238
A,0.25212887304277815,0.20739772039687893
A,-0.26144619922861484,-0.25201357791309015
A,0.5365403858071501,-0.47395822334592014
A,0.28980633144263257,0.3101654757826059
A,0.3656325950617148,0.2858156916759596
A,0.12493259910026099,0.2600663204280082
A,0.4537689691619981,0.36117338516732184
A,-0.3138660211181238,-0.3443301824894677
A,-0.4740502783494662,-0.44447486414333026
A,-0.10679682091196711,-0.17552360816166204
A,-0.2829312685475954,-0.23296886790434454
A,-0.2504141160502051,-0.19565091747743546
A,0.1990545139121855,0.14688081337087822
A,0.2460000008830983,0.24399089853001846
A,-0.13782260248915693,-0.16756456467119218
A,0.21810282902879782,0.17849868025871019
A,-0.2855605500820089,-0.2674321912074285
A,0.16508076779828681,0.17737651033153953
A,-0.29417234713134993,-0.30081379779977563
A,-0.24193379521285382,0.5104606934594433
A,-0.4029627734864947,-0.36867224567277623
A,-0.21176585214890736,-0.29542679706030556
A,-0.41079325432482905,-0.37282599584611953
A,0.32699034475490224,0.30319769002894614
A,-0.19196957957991087,-0.1853834469984984
A,-0.03519422089881027,0.24664273684512342
A,0.16506902121842776,0.19568801107621162
A,0.2618110527401219,0.20866521269550772
A,0.3794591451013789,0.3887813945758596
A,-0.11685886724865246,-0.13060015590016208
A,0.15564568154497668,0.16408230774751772
A,-0.24027958566902954,-0.21509134846228659
A,0.2619129446145345,0.2348469964124313
A,-0.2590922683938709,-0.3017175158187975
A,0.14470159187959264,0.1300360305128311
A,0.42862058220224775,0.34042552456875513
A,-0.17833187081792076,-0.1429797649537338
A,0.2552138846056461,0.24801260956485152
A,0.20853558842602032,0.21389456649278957
A,-0.5794016197874646,-0.5470940138855186
A,-0.19509896504986343,-0.2432793521437468
A,0.11300803826580864,0.16301984644035905
A,-0.21282861084802512,-0.24746384192098944
A,-0.22930385863935718,-0.23836468022568277
A,-0.20435662767494878,-0.17570536239964643
A,-0.2536400855777379,-0.2143159388313271
A,-0.14529138545314968,-0.17176305515759008
A,-0.22868892238069277,-0.2059949417071701
A,0.33938192871403294,0.3139467183460926
A,-0.09935640263657321,-0.08646026269924835
A,-0.2509006627790714,-0.2763662060013685
A,0.26305502437958767,0.09682343099300787
A,-0.5465586290802761,-0.5076836622889114
A,0.3087407919048172,0.24008663693261548
A,-0.3128421046603195,-0.2829316146128084
A,0.12711405228180842,0.11486106345740324
A,-0.34473834092709515,-0.32816912489010147
A,0.5413211701738859,0.4894440593364078
A,0.5225576648445599,0.39973237446088805
A,-0.2911172996332335,-0.23454577055506598
A,-0.41838741216196085,-0.38115684658669147
A,0.06826608385408849,-0.17192184550660697
A,-0.3116071215202593,-0.24103668276055104
A,-0.24038662495455002,-0.37939014562285484
A,0.1413170222246833,0.14922184947103598
A,0.19555242248440863,0.18879863606661385
A,0.3573594118914898,0.3090740165800874
A,-0.47661120397077356,0.41210180568881005
A,0.19463610641523452,0.19374812972933564
A,-0.2343609264772697,-0.21440278584523742
A,-0.16714871467113546,-0.14729181509067077
A,0.23194219590362733,0.21340127080822063
A,-0.4442326022863813,-0.4621624920069589
A,-0.21659666163050623,-0.1957777932774232
A,-0.4110629272567367,-0.32629254660631996
A,0.31738224726078046,0.2823325523781069
A,-0.2963694313589923,-0.24940528581944524
A,-0.32192642298980617,-0.24925270632384006
A,-0.33628800012365884,-0.2762327740416379
A,-0.19658049221645726,-0.17806076214378938
A,-0.5143851521013422,-0.40334423951365794
A,-0.23020483998364133,-0.20355438091566075
A,-0.2802957576494931,-0.22867548709210464
A,0.11797418208120115,0.13588521247364707
A,0.19247959423752695,0.18975148318080554
A,-0.2653572535206745,-0.234642664253069
A,0.27239234644314786,0.25485058461113813
A,-0.22158276734179835,-0.20152127366464115
A,-0.23163642427886963,-0.22397926119015915
A,-0.25604048563158016,-0.41554266544074575
A,-0.199859286917535,-0.16384747137431369
A,0.17833966409901067,0.12998754006992128
A,-0.1880927600998781,-0.15401848071246646
A,0.32740400130952857,0.282206871019576
A,-0.2662041863924113,-0.2477900588689967
A,0.15796892777292615,0.1569503035144329
A,-0.5454146914856294,-0.5781045489638952
A,-0.500578313073846,-0.4918356457625719
A,0.3471513150046233,0.45067804449293525
A,0.15031180800178348,0.12455595996386812
A,-0.2511444266080157,-0.23038926543403904
A,0.13411110745601265,0.13570469314343378
A,0.18649447236217642,0.17370539861137824
A,0.13036992336321113,0.09325066144201326
A,-0.11796314947126399,-0.15893679395057683
A,-0.060885119715880044,0.470261119140291
A,-0.11983125325448277,-0.16700400997603465
A,0.04530785807785005,0.08475776567702972
A,-0.227728468629058,-0.1905161471293878
A,-0.4121360028830002,0.48959202266798313
A,0.3668569926973632,0.48604306908203154
A,-0.44608054772496936,-0.4217810261244664
A,-0.23150223928934752,-0.17153316397412582
A,-0.4570441731993846,-0.3568279875330407
A,-0.0920098193438023,-0.07302603882640432
A,0.2412408457478132,0.25746505473703146
A,0.15111715657983069,0.16144139483029568
A,-0.336765339531665,-0.30753986848653214
A,-0.1497761601342682,-0.15102782482134702
A,-0.2732265734169327,-0.13201959261104754
A,-0.4760970952362153,-0.40464963384114033
A,0.3593986842629998,0.3026034841598198
A,-0.26642752690398125,-0.2179782001917852
A,-0.21559557175873723,-0.17267113653815017
A,-0.24561419833797338,-0.19789436271735905
A,-0.1323196122911794,-0.10666610786709918
A,0.18094408226308345,0.20206333660818082
A,0.2555458811713322,0.23992824964973528
A,-0.1632020301221525,-0.1404776705005601
A,0.3821098116328698,0.33110158121739885
A,-0.07715144741053191,-0.07354649021037715
A,-0.17975139902944168,-0.16551389812861877
A,0.13705648841583312,0.16207816563269556
A,-0.2087118328264076,-0.18616203798094366
A,-0.208060980559951,-0.2087221798769096
A,-0.24200159644894137,-0.2273101411327261
A,0.23099353340578546,0.21246243828684724
A,-0.2930270292953688,-0.26578701429428037
A,0.3163208944260283,0.28093764218317896
A,0.330771187865925,0.29830411152727393
A,0.2993665737857517,0.239531504282529
A,0.15691477198898995,0.1459896839333924
A,0.15978003046263456,0.24712098564547116
A,-0.27908822728493,-0.2625048309415965
A,-0.15430985625400853,-0.18301316585781263
A,-0.11776449604423604,-0.11548966116930091
A,0.21395894397062995,0.20601668162717632
A,-0.016987761340366503,0.19619192386461143
A,-0.003833287953472147,0.37558174750756845
A,-0.2660838515327663,-0.23321534352244405
A,-0.15475535637943197,-0.17353808952695968
A,-0.0872615113282929,-0.07951959321820307
A,-0.15970125070319904,-0.14711158650672448
A,0.1688534894696747,0.16286460410936535
A,0.36260177471386223,0.2589172779160782
A,-0.34517129713762057,-0.2787183677210582
A,0.16628620782050269,0.26800541287461077
A,0.2737449024139516,0.29211973578126915
A,-0.2788443879062376,-0.2446961532169659
A,-0.37095783256266107,-0.32353977549884033
A,-0.30208508478976775,-0.24884886792157143
A,0.08767927219901957,0.09416520762804614
A,-0.18003393799932546,-0.12664814564790625
A,0.35754877563812293,0.32213119250616246
A,-0.017496779212094603,-0.3155154207261818
A,-0.37101086553564677,-0.35276905774041967
A,-0.16862428811561136,-0.16413820902468815
A,-0.2645790674283778,-0.18572120744484136
A,0.14325162950919976,0.12668902642340943
A,-0.2916059268843088,-0.2424644316561835
A,-0.19068304791699797,-0.16071423121941378
A,-0.11146734294550537,-0.14280703464798666
A,0.37822239189853085,0.2970832626836078
A,-0.18802028618617542,-0.15452316491110873
A,-0.18005905409989803,0.28976402568112336
A,-0.25288859047165124,-0.20878902493678256
A,-0.33923211357328714,-0.2873767756991187
A,-0.3626658640498668,-0.30862037991452757
A,-0.2051140459955585,-0.15344003500242154
A,0.10377890433256415,0.08904908559615583
A,0.093117312014538,0.08550217354231446
A,-0.5499049903431501,-0.4638738025552887
A,0.3088863304244366,0.3025290800784047
A,-0.4600168221449933,-0.41834594637733447
A,-0.2239291061631328,-0.17767174746791078
A,-0.239115625639446,-0.19396946707475324
A,0.3646599707526709,0.19319327072864037
A,0.37834114589213313,0.32399734046426926
A,-0.45113334917331094,-0.40492563303651524
A,-0.20628581427701065,-0.1491559759384586
A,-0.15064228929180076,-0.17542447223996996
A,-0.1515020974970176,-0.1305059839152166
A,0.15446488724067967,0.18262048869507683
A,-0.16502881372432646,-0.13887594910628653
A,-0.147144546524512,-0.11995439330294261
A,-0.26742900036129275,-0.22452043118852968
A,-0.19337750082308885,-0.17604321774689172
A,0.17148739052717446,0.1583335159553252
A,0.15727673908233664,0.15355827294787056
A,0.34676540164032116,-0.36687020636851553
A,-0.24487894323933462,-0.2082840553893544
A,-0.40171330300667674,-0.23392239178721816
A,-0.2934613564485226,-0.18472707541273062
A,-0.12656288363865037,-0.09925053374947336
A,-0.2263214762034492,-0.1914495700019085
A,-0.3266612003820482,-0.1635213856878528
A,-0.479584228906457,-0.27061741836056563
A,-0.2905276409714197,-0.22571811481605208
A,-0.4056715780935385,-0.37442613799099866
A,-0.15459870658817845,-0.17576370503710362
A,-0.1966523744438702,-0.19209882365024683
A,0.2498347761602821,0.2218646394318075
A,-0.43802546438617923,-0.4113644942487916
A,-0.39370123810140895,-0.2608308432515594
A,0.3969823795041687,0.3193963071123163
A,-0.15280283728303026,-0.12931865397363915
A,0.29951580505765385,0.25417174194968833
A,0.2434422840991312,0.2094434499833924
A,0.25087064016933874,0.22572355408492054
A,0.12684657103602034,0.11464238797172462
A,-0.2595081267504615,-0.2548449036250224
A,0.10771570852738536,0.12459148584406854
A,0.16602717203882295,0.1514627840270192
A,-0.07707329082324517,0.14330784918020958
A,-0.262553917485378,0.1433428382391839
A,-0.2772935577868075,-0.48781009205648107
A,-0.23759307220112463,-0.13573341496424973
A,-0.39556315464226316,-0.4055265440530884
A,0.4522225573331055,0.4866122847961735
A,0.19134368695144743,0.1414801972959972
A,0.2992995094512967,0.27362794695124215
A,-0.23297564758362957,-0.2072672933429146
A,0.4619872583438198,0.48995585827732296
A,0.35356356837814,0.3192713838317195
A,-0.2600591370535988,-0.10204804853857097
A,-0.25159242105660734,-0.20382918348335255
A,0.12648641512154457,0.2577444388966963
A,-0.1906491995275073,-0.15255718478265054
A,0.09585719774179605,0.0746733802237304
A,0.29162277249879454,0.26063740791793827
A,0.4501662417441251,0.4469237239133168
A,-0.1897072414226659,-0.1786444543539736
A,-0.2364101651929308,-0.2153854754709878
A,-0.405005013922039,-0.340161332368825
A,-0.4203145542138326,-0.257146599881699
A,-0.11662920690132923,-0.13305179485476784
A,-0.20835054419314777,-0.1868550427513492
A,0.33260279989354874,0.32065369229849944
A,-0.2328645771970984,-0.21168310050941236
A,0.3578832470206494,0.17390127585127435
A,-0.25729078048596027,-0.2252773309638662
A,-0.31155979614206386,-0.2818727401724517
A,0.14588596795702383,0.18524494132665412
A,-0.5313537142139637,0.31752199286207455
A,-0.11846244499734296,-0.10054852323750023
A,-0.42693470297057534,-0.40919658759034594
A,-0.04869404151823254,0.3331211061147603
A,0.08950205762923802,0.10584686315964144
A,-0.16721503587706954,-0.15369284117105314
A,-0.3315649977048851,-0.2903204745543692
A,0.22370028682167564,0.30737044654845325
A,0.27486132734066787,0.24871490955539818
A,-0.3328346278010376,-0.2723705561581106
A,-0.16168294288792145,-0.18134618563378552
A,0.3362343568357727,0.3212001067434895
A,0.0711788142773921,0.08247588324283887
A,0.34670194380707464,0.25969020056350306
A,-0.11211282335799805,-0.12758782801281224
A,0.18185724049896188,0.21385472912881476
A,0.3782773057718429,0.35897541732635346
A,-0.217482840889358,-0.20134629533151457
A,0.12709413914451131,0.11422990703261704
A,-0.44667085691853775,-0.34276732819673816
A,0.13460734728543133,0.14830359113301553
A,0.16114306509189805,0.13569176287362594
A,0.27355230696320304,0.27255113128035663
A,-0.04278801277340636,-0.10675862179945769
A,-0.3119883441887513,-0.2819780947468641
A,-0.20268479087379698,-0.18870625839907595
A,-0.09293399130255289,-0.08265273184545908
A,-0.1547223556589271,-0.16129799648079773
A,0.44987396347041786,0.29381320337291145
A,-0.2549954777499888,-0.2736443839127508
A,0.1900119500897628,0.3034342823597946
A,-0.3609623860839451,-0.3121571650562467
A,0.08870273136419912,0.09763875731331634
A,0.14794077313225373,0.13099106242498773
A,0.4834308104393701,0.5048278900782402
A,0.23145780311351544,0.19887969895851879
A,-0.21350699112786475,-0.24318385215803448
A,-0.09184562994859377,0.41337486839925325
A,-0.24125373596194893,-0.19617677115665336
A,-0.26126250548016516,-0.24007212603710978
A,-0.2600907530686346,-0.24005577538870906
A,-0.15171791164951967,-0.14435692989607002
A,-0.32251840467671583,-0.3260844303367893
A,-0.0832197891480909,-0.33198622791521704
A,-0.18930540572517077,-0.1477365275570212
A,-0.1315627053003232,-0.11836509982938846
A,-0.25026626213705316,-0.24485212271752835
A,0.19836289369222854,0.23629606690947697
A,-0.387481109252068,-0.3781261102858956
A,0.3287116651109426,0.2770005854418097
A,0.165696699124042,0.29242237932110215
A,0.3843818776034964,0.3356065063524342
A,-0.5334603452397328,-0.5410602043060786
A,0.12392823965686128,0.43066555575332643
A,0.2139977482837335,0.18554531462433901
A,-0.2053757199724688,-0.18659062269639257
A,-0.3805628749148196,-0.34016575922226744
A,-0.11519695110665185,-0.10972003578802508
A,-0.2899401526163867,-0.24383873082989824
A,0.19329571476291252,0.18453937077363897
A,-0.39963675428482387,-0.3352324666321603
A,0.4681351440903218,0.3965875044103167
A,0.04118404228233693,-0.1533677577798584
A,-0.32041697793400153,-0.23894209629215213
A,0.11661511747954295,0.1064558122968807
A,-0.345259176373698,-0.3071037928644504
A,-0.2742678667614435,0.38106392500803404
A,-0.1764235176689201,-0.17853706306114675
A,-0.2072792948713933,-0.1882994329584575
A,-0.3479263384667467,-0.05915215161618247
A,0.10369224438579618,0.07941012125198753
A,-0.30661007708305926,-0.24888559510723748
A,0.23413004167951906,0.21769824385315287
A,-0.22600992842915751,-0.17768270792156793
A,-0.3447250851991836,-0.28611179309071344
A,-0.198132897505482,-0.16283157518173613
A,-0.20279887956595183,-0.16799551753419603
A,-0.17103685497086185,-0.11001844255145096
A,0.3337959254185287,0.322103114325219
A,0.30500186973103477,0.24537399723719458
A,-0.3225041907433618,-0.24643276480272602
A,-0.2799388822449424,-0.36465140793105655
A,0.14237292107026614,0.13352524161005913
A,0.14052960622442662,0.12776234544813864
A,-0.4532761557862533,-0.37580148629508475
A,-0.2148400507399615,-0.21067482620440373
A,0.17798931268556156,0.1652029820815365
A,-0.1672302736845249,-0.18216275619638064
A,0.21710715483402934,0.21063839024248857
A,-0.15330985538561887,-0.13067669007007654
A,-0.1601664750633391,-0.2057015364832804
A,-0.11305237520391472,-0.12964026612400306
A,0.14158485225346515,0.2428158776730556
A,-0.3823083657803271,-0.3505471953257425
A,-0.14482695792808123,-0.2782985375052795
A,-0.2762203343211092,-0.327327912907739
A,-0.44606308275245793,-0.323862582019805
A,-0.13521974218592395,-0.11671010714540221
A,0.27287873405340957,0.24017793360649903
A,-0.09297737534911078,-0.09329201681317756
A,0.24678924733362617,0.23565754279883278
A,0.322689422091825,0.27214205888294907
A,-0.21053019148184612,-0.19234641612183973
A,-0.16346567816112095,-0.22715070255865508
A,-0.17626969731503836,-0.14648506750735768
A,-0.28819843430923375,-0.2645312514760105
A,-0.2786908857205467,-0.25925248978332643
A,-0.25991198486298434,-0.20843718609518727
A,0.2788408570467954,0.23127518070957767
A,0.3040218166010225,0.30034361077082333
A,0.14179201300680055,0.15535287640140683
A,0.1636958031792803,0.12251229015037929
A,0.24574133156582176,0.2042966016077081
A,-0.2059678564194429,-0.18965710480069392
A,-0.12298822862422482,-0.12739854444047155
A,-0.23878116578168318,-0.10916859263698991
A,-0.20706325540835308,-0.18464170425683019
A,-0.326102451374241,-0.3523263021967098
A,0.16071157101530356,0.1148029578933847
A,0.24148662727232245,0.5384173081711653
A,0.18432907223779918,0.15008834352852574
A,-0.44007922408714345,-0.4483858253364596
A,0.3602757106825536,0.32003394168782645
A,-0.005678436289876718,-0.08653946575179917
A,-0.22203280154111193,-0.2038503947940676
A,0.11447563796915722,0.1283613930132072
A,-0.3412944134319225,-0.30457253732433126
A,-0.33801750494399085,-0.2732820117051083
A,0.2845245708361181,0.2644605656358991
A,-0.23916761355188318,-0.22039828696515557
A,-0.17920068502214848,-0.15151547946925778
A,0.14022201540557105,0.11313369949838396
A,-0.29140770930807713,-0.23830806518896674
A,0.3646671007912402,0.31710831976053083
A,-0.4702176394608851,-0.3016267277825765
A,-0.15317651501284885,-0.10485258791107657
A,-0.1237967526767597,-0.06754816857456107
A,0.35620122438107626,0.2872070359717132
A,0.330142136739971,0.4723631947947236
A,-0.419667792778747,-0.3928711765033872
A,0.19823879775792264,0.20799020909722782
A,0.20710738657065794,0.26514089952142916
A,-0.17277108761931745,-0.1404317809900401
A,0.10022687516655387,0.09105131314224972
A,-0.36573979762312864,-0.3454226040110557
A,-0.4343663918557789,-0.3573245710286694
A,-0.17215320773024587,-0.15523788914889303
A,0.1983583601844728,0.18921498976836051
A,-0.2748913093809937,-0.25153921546157326
A,-0.30447339159827463,-0.2701328038180515
A,0.26372470723349684,0.12413361202164162
A,0.3314045274179069,0.31255159555042644
A,0.4333850056061696,0.3950395501651307
A,-0.1934020146224923,-0.16848592071725493
A,-0.20069127957985744,-0.1813931197307021
A,0.2915443381303848,0.24799632120725348
A,-0.26117171138722445,-0.19309861580395965
A,0.26474477294567106,0.22740131236580574
A,-0.1363315775338566,-0.1030289733730417
A,-0.16252901380491497,-0.125825349955825
A,-0.14556659713693618,-0.10347208044569565
A,0.12409433206483031,0.12873763949390518
A,0.211535409995156,0.19312827614635794
A,0.4362361460846955,0.3538282666484531
A,0.12418180750953867,0.09542492270191438
A,0.3369080123761103,0.4438657519842391
A,-0.2449085103147788,-0.1987968267614067
A,-0.26887372234759593,-0.20317588992555463
A,-0.09956831039955831,-0.10284138726252695
A,0.4401886718566257,0.3508339505127257
A,0.20764809946052104,0.18513184589303527
A,-0.18853615877501728,-0.1705926263697303
A,0.17341400125707257,0.16549708793586052
A,-0.27774720404936826,0.23097670540065418
A,0.16493723663852963,0.18495168957189423
A,0.34715316243286864,0.33623850925929405
A,0.31196195578424724,0.29547216081998867
A,-0.41708571162156766,-0.3846857237818535
A,0.38219135071476407,0.3540982348985861
A,-0.5939288316019076,-0.45385149397808583
A,0.24224361577053316,0.21905859315454826
A,-0.19166262288116934,-0.21262067308122903
A,-0.08193787126205318,-0.09271311006377717
A,-0.649191816349546,-0.5384572826909643
A,-0.3060174454160011,-0.2812966381516044
A,0.20154389030299388,0.1679544416198675
A,-0.3197314882834408,-0.3375307459411263
A,-0.2510974983370231,-0.20402352820430283
A,-0.1721668565060587,-0.15840863680648615
A,-0.2157766550203496,-0.20221231783210752
A,-0.06765177260190317,0.17328231195090657
A,-0.42577876166187534,-0.34270214500524915
A,-0.17486804694979996,-0.14837338605739897
A,0.29701475381189535,0.2567948298042121
A,-0.2794976044534154,-0.16392021740207616
A,0.41347005489980015,0.4006546159392732
A,-0.19776176618304928,-0.16994123508345418
A,-0.25327800714807014,-0.2138791454969536
A,-0.28593411056833745,-0.2955863744217341
A,0.4809516781742314,0.4512427782413145
A,-0.11073326734465933,-0.10040367828057319
A,-0.1550979878412762,-0.1233602646090624
A,-0.048014045587964925,-0.10811334818742688
A,-0.24905918235375557,-0.24812929389998445
A,0.1295238979721053,0.4698314777431883
A,0.26504329297964657,0.2854291431759103
A,-0.2674750760220377,-0.254426858127744
A,0.2563807368928735,0.23251073794069738
A,0.1312022797226724,0.09903306932519748
A,0.19457613321431952,0.10058617979818049
A,-0.23557927925889088,-0.19384399138220243
A,0.2753550488398646,0.2671635694447942
A,0.3943997742151078,0.34863386951146813
A,0.2511373057793411,0.1877378979689003
A,-0.37822669658242214,-0.3153496695947144
A,-0.2556295558375855,-0.21398262704374182
A,0.2909936012044785,0.2545249964390089
A,0.21350742086605984,0.20611860075963026
A,0.4109389260761154,0.3736608406553719
A,-0.34250770375625195,-0.34916118775900284
A,-0.12751849799542062,-0.16933352301130505
A,-0.192170629493467,-0.19351679117762638
A,0.22198099509479005,0.17568334405603828
A,-0.20894416942172017,-0.21442832664936656
A,-0.4182042956822714,-0.4435485880813867
A,0.23498634576306288,0.22535809093011602
A,-0.19212262709736103,-0.17675031743967287
A,0.1753417981974473,0.16151681172234375
A,-0.08313201087490707,-0.14336855658241784
A,-0.35637810344593907,-0.22942964017902842
A,0.33991750471549653,0.3112729944452397
A,-0.2283104209378535,-0.2429081770307867
A,0.23011835549501367,0.21855066753615365
A,0.2775539845363113,0.2576192041257689
A,-0.28215332672094223,-0.2479209494178525
A,-0.029637325913104355,-0.5672193047170755
A,0.31580260526862536,-0.06155251193431592
A,0.6293316239440734,0.4103149234635583
A,0.35973046629156435,0.21126217389025617
A,-0.21393132142094812,-0.18778985475071494
A,-0.323523564573563,-0.27774235755754156
A,0.2379464153788488,0.19398296589049288
A,0.2949397371970751,0.2672156017531801
A,0.24559177724043027,0.20893918220074834
A,0.16095849374053253,0.1661494033766722
A,-0.22260518129839066,-0.27225278832298333
A,-0.2964090611904357,-0.23907613618080742
A,-0.3922988389826116,-0.35023269723751355
A,0.4034225333480771,0.3464020230292573
A,-0.2953806959648289,-0.2710307755214284
A,0.13297450294106225,0.12599368432677488
A,-0.08537565635565915,-0.09771973217164648
A,0.29606090622127534,0.23605348874316892
A,-0.3932209673207209,-0.35212339544887605
A,-0.28880242004456746,-0.23872444927565617
A,-0.3186653054736064,-0.32792809373018444
A,-0.1345775865129256,-0.1378196321182899
A,0.36904366951984974,0.37175663800684416
A,0.30814876210484526,0.29502806683829697
A,-0.19327913482054182,-0.18575798104748928
A,0.13829480737968808,0.09565989467790531
A,0.13756922676855132,0.3733438012892903
A,0.17389692780168658,0.16615849031122382
A,0.2812100213874256,0.21064544185557538
A,0.3275116277902574,0.3091011559088542
A,-0.1492351479977574,-0.11635514243622185
A,0.27951704632442753,0.2373693374129159
A,-0.2217409625384371,-0.20012832625599472
A,0.3203244039809698,0.2816816029695825
A,0.08641726930586952,0.1167321822347263
A,0.30310697583070484,0.27929491544120966
A,-0.11511869522059623,-0.1114013323344178
A,-0.3850623801799226,-0.4075341537298296
A,0.30943105743144617,0.2739631621221544
A,-0.23152446551052172,-0.19902682644832995
A,-0.3125678974161444,-0.30296459540573795
A,0.3820217008355758,0.378471939580712
A,-0.22204727465136645,-0.213598039436563
A,-0.36102687985210097,-0.30124328158834474
A,-0.21467034407780441,-0.2241000743680623
A,0.08402958659126886,0.11246507497785356
A,0.1268341943071759,0.11583379909619264
A,-0.14641225788652462,-0.12541175055939488
A,0.31228725625014014,0.28252669971013644
A,-0.1684458621459103,-0.26676779268960593
A,0.3856290382691962,0.07326476923320907
A,-0.34371367037730743,-0.22857129090604392
A,-0.18092486156693927,-0.16585287328199172
A,0.3007550261830438,0.266729621716404
A,0.1585342560265315,0.15760247503228766
A,-0.5275235472488156,-0.4666928697904509
A,0.12337937305794565,0.1369652833322109
A,-0.18493318036508968,-0.147294963524583
A,-0.21928952793676976,-0.21556213567844046
A,-0.18220785018121421,-0.16475412899490186
A,-0.26681275616092864,-0.1818655839038079
A,-0.3726946540852384,-0.3467079728074508
A,0.5311328633464403,0.4253466196202901
A,0.26952534004592105,0.20864861982201008
A,0.4121651304304001,0.3613349602698965
A,0.11798179589456671,0.37978764829279266
A,-0.39756259694923873,-0.3463158118854409
A,-0.20787483255819786,-0.23691902040254145
A,-0.389072161406551,-0.31823233407021023
A,-0.10428251384398174,-0.09582941937871378
A,-0.308529423880859,-0.2863537649939765
A,-0.14626569602695597,-0.1395867737648879
A,-0.3376516333691893,-0.2977015013722759
A,0.24152496380393637,0.21732396875016882
A,-0.24440155100207045,-0.21003409181271274
A,0.14083274637660856,0.24915469650333583
A,0.2029587380751458,0.20127525737682175
A,0.11881583709644414,0.11909096600490808
A,0.10676953560522515,0.16582450288841577
A,0.23142201004311913,0.20601128560498605
A,-0.13317123856739116,-0.17420861554704603
A,-0.1978164245730507,-0.1844731658865413
A,0.07932825040875678,0.08434587270706152
A,0.14709038298416746,0.1334461186728678
A,0.08405693081924978,0.07777285377515793
A,0.23213116676135856,0.2249261973239332
A,-0.22035272735320363,-0.19308115014758276
A,0.12925883452111558,0.11204157417173854
A,-0.10019378571541859,-0.13870819565059078
A,-0.4152641436883797,-0.5568718920844783
A,0.131245598979316,0.1145406128520589
A,-0.2838325011713886,-0.2561663869953945
A,0.16609188210898998,0.13808695125630666
A,-0.11707110847123764,-0.3285288479559378
A,-0.12156231335470583,-0.12753411044941637
A,0.3471129302712121,0.32212516845292577
A,-0.17000964864927748,-0.13210324609806212
A,-0.3484503636196685,-0.3043040532268654
A,-0.3005578465266121,-0.30486728776441036
A,0.15133802891603898,0.17660787462918648
A,-0.15744410948754625,-0.13727383894607487
A,-0.49464262923087987,-0.40365385983281477
A,0.3247078883946366,0.3392857597267751
A,-0.03644955963880295,-0.23980331691533247
A,-0.2913541706734876,-0.2721998719424064
A,0.3231649834072702,0.3083029784484598
A,-0.1552875895653988,-0.13893398193572482
A,-0.20058686168882328,-0.20372625274233858
A,-0.20172401577179302,-0.09951268724505256
A,0.3426838968088658,0.2951650845020005
A,-0.3695128502234734,-0.23034813338547713
A,0.13794292882723042,0.21882050869590947
A,-0.26173970512512956,-0.20648324299999762
A,-0.2762350873848856,-0.23373052699755237
A,0.1478197396884735,-0.15893235812826964
A,0.28235003978996415,0.2431451550815827
A,0.39879611684529176,0.35683137636428036
A,0.12640406693883993,0.12107817135309663
A,0.3657205164116933,0.3072449764646471
A,0.33472257705383857,0.3035767669994327
A,-0.2247481438847291,-0.26702517326408454
A,-0.14964168780129744,-0.12909740020772015
A,-0.4347385870302794,-0.29082388697123107
A,0.26113730154833936,0.2905851678804376
A,0.2165397926960161,0.3131785966033362
A,-0.2783118778586669,-0.27905902019320744
A,0.3337443568419044,-0.18664764992315921
A,-0.26901388137910687,-0.25053011643708784
A,-0.39181829814546404,-0.3628080750962504
A,0.3405115029997216,0.3141588644190678
A,0.21904589871340877,0.22308656315006845
A,-0.2963428848902109,-0.2811235321290688
A,0.269936840984639,0.21025545920414687
A,-0.1880131195028992,-0.1580746659012855
A,-0.1127459027596583,-0.1296374915288049
A,0.4512091233470139,0.41665849065460975
A,-0.27115820022364046,-0.2186281247836104
A,0.2448145787051961,0.20649037693257555
A,0.15144902025518367,0.09576742286298852
A,-0.17870716959509356,-0.14852541091983065
A,-0.08793107083582287,-0.07762428021137098
A,0.17472992912462693,0.13849476239767364
A,-0.25778462126158375,-0.2792904426486169
A,0.3538525470320609,0.29129648367557104
A,0.3395699815783423,0.29598965884290757
A,-0.3649788653873094,-0.354708418387653
A,0.6015885115686957,0.3721951961135648
A,0.2550657157762638,0.23989496939180024
A,-0.29669338646075716,-0.28438227722665876
A,-0.22571701214907886,-0.21501133552122656
A,-0.2519860406632423,-0.3275040319481313
A,-0.38888925947742636,-0.375640262522794
A,-0.29171217197710464,-0.2831611764198459
A,-0.3336080681360569,-0.3017469883225634
A,0.3848585715827315,0.3449726839426768
A,0.16712859723761228,0.16079086214154217
A,-0.32725936403028366,-0.27272393049378
A,-0.28849344763794105,-0.31693604301627126
A,0.40436929123101584,0.3604911307437763
A,-0.15061539468582172,-0.14976919705670086
A,-0.20385270388261154,-0.19199029265650883
A,-0.3328650242832908,-0.2969068731585075
A,0.08095926283367712,0.32314133921228777
A,0.23334763629872934,0.23686559437726964
A,-0.387701445021331,0.1934625577426926
A,-0.20975115779530967,-0.3134697167891192
A,-0.23996700308095112,-0.21412888631621732
A,-0.17896276406365466,-0.16843311745736408
A,0.12256797459995393,0.10375226314057298
A,-0.2337297407374908,-0.24371561142547132
A,-0.24374541911314562,-0.204170439907685
A,0.2602306435410113,0.2444065024217326
A,0.4020257722765064,0.37673205180237174
A,-0.37643210095346746,-0.309508730256399
A,-0.20932966345241613,-0.17092521039097733
A,0.1812862843201729,0.0912056953324818
A,0.1816657090963674,0.2509298519473717
A,0.2368215420924886,0.22487813749236898
A,0.40992243335928963,0.35605202690627946
A,0.221046109921231,0.18951053569674145
A,0.42214524816972915,0.39625778818971696
A,-0.30673810968698934,-0.2506479100935704
A,0.22298494425046772,0.21497587785452618
A,-0.36465300662258343,-0.26910011463939537
A,-0.32781933250595463,-0.30005118328934366
A,0.19644134976928973,0.14655697493897354
A,-0.4127341159473861,-0.38148293277849393
A,-0.22124729250397387,-0.15922230507502408
A,-0.1285557199346679,-0.1352190134069586
A,-0.22830391929449262,-0.2165183064014046
A,-0.11784947457412147,-0.09016471507907377
A,-0.4281921766803194,-0.34675665105642883
A,0.09151610442077977,0.08870197749333378
A,-0.39456926246709295,-0.37696453989712564
A,-0.3016260181050654,-0.2527191328721796
A,0.1816551560206612,0.1884458775807928
A,-0.07241801167671559,0.142315132875606
A,0.23441643066567533,0.20659154867496973
A,0.27926387731519065,0.24524055885283894
A,-0.16442527863206827,-0.2596072617318142
A,0.18054760690295352,0.2767327337633687
A,-0.27599109185489984,-0.24946108385624988
A,0.20094045151223658,0.164014348483097
A,-0.3000734953457777,-0.26470781598704507
A,0.4335627848634985,0.37430027655034953
A,-0.12499598827883883,-0.08874955031347256
A,0.33097104082089807,0.28871726643327794
A,0.1642845351429922,0.17236124281842613
A,-0.14682683790305393,-0.13752625258424364
A,-0.3735371362371751,-0.33527598043390877
A,-0.28742792713898513,-0.2382701308681628
A,0.22250404212263278,0.16745087550353588
A,-0.11624126055698157,-0.1383832854576625
A,0.31131917351290955,0.2802605871726106
A,-0.15969707437930133,-0.1419350816351961
A,0.013953914527350892,0.3679367203504194
A,0.211776006710506,0.18970795876092192
A,0.37266901525264184,0.38997490614588853
A,0.27201075385285184,0.2243892461651557
A,-0.19617033601866776,-0.18741623671370347
A,-0.22917618271732185,-0.19820663788853526
A,0.3430472302411292,0.3646359083547145
A,0.21410760831084308,0.19065175782700716
A,-0.5087957776993385,-0.4740330240874121
A,0.2115350188929939,0.20307133903294033
A,0.15784165247018805,0.2960324899966487
A,0.1581896948349046,0.1958490055376507
A,-0.24590374310007673,-0.25365564480923375
A,0.1548648262994033,0.10079400808202758
A,0.41149829176327707,0.31010965977520066
A,-0.1426663858006259,-0.16662345716065627
A,-0.4873500559183773,-0.48205028795616
A,0.13368738269408784,0.12536136111419985
A,0.29049430944385124,0.2515146288932404
A,-0.5105855595929732,-0.4094136737543996
A,-0.15195875443762757,-0.1440522609281098
A,0.02232035208130735,-0.5168723389664662
A,-0.27547231921471577,-0.1884648862519522
A,-0.15472075819518535,-0.12054393018814556
A,-0.3838442828992719,-0.33999351644209336
A,0.31565164679855495,0.26411756358336674
A,0.34164939570596303,0.3158295222201646
A,-0.1706600335065281,-0.15674286118439906
A,0.12502681176939998,0.129363993618946
A,0.20995679386238641,0.18029685750037175
A,-0.09522094569174404,-0.10087507544281611
A,-0.17209883272603776,-0.1844517070846956
A,-0.14811508519196004,-0.11452304304623888
A,0.3153723531010353,0.29235489624937394
A,-0.2297704972068436,-0.21738090637275967
A,0.19024861050203498,0.19075792997738683
A,0.3852316615465033,0.31130971870047097
A,0.504159561867986,0.41972486377007495
A,-0.18078334540916902,0.2495345901807147
A,-0.20642436677096887,-0.18969516078913293
A,0.24486328599868443,0.20627250672856207
A,0.19740391656248665,0.3048926841006795
A,0.2536896520336084,0.25981229071190687
A,-0.2580869188300941,-0.22732006376669853
A,0.131371163000431,0.15390839114080299
A,-0.1662409928837802,0.41519551931546633
A,-0.19201586282918454,-0.23151585170990358
A,-0.5923323196036436,-0.5379636979711175
A,0.4448666777260049,0.4001315258205961
A,0.3446023978067335,0.3062370389744207
A,-0.23399997541059384,-0.15963335926542552
A,-0.15248945427708668,-0.1081364763174746
A,-0.38408722947040996,-0.378143949375968
A,-0.1969472359464963,-0.17081328612847507
A,0.40533399313752444,0.3301171214047908
A,-0.2547362104221674,-0.25994609977427124
A,-0.1711982843939244,-0.13282067530197506
A,-0.36189041541374106,-0.3408484030758943
A,0.19636668323529474,-0.11252241433283107
A,0.13910549121081575,0.1269369912300125
A,0.26281763271210085,0.20514059416847447
A,0.15612137721511762,0.14417432935616775
A,-0.07146587466394767,-0.1500610710612276
A,-0.44034965775658513,-0.4965539515719716
A,-0.3006221893433603,-0.4337846238588731
A,0.17122277626853058,0.20564593771468787
A,-0.27350197235315415,-0.30540703950819287
A,-0.24361641718628674,-0.215389919533821
A,-0.16257276470051224,0.07988335944093095
A,-0.33270011643371566,-0.317464541117585
A,-0.20945220053681024,-0.18582668236378322
A,0.2970912814581986,0.27329833078460275
A,0.3503061997722529,-0.17325626827967572
A,0.04127421460600157,0.1616037744422833
A,0.3388433274044597,0.28589635559678667
A,0.20082268842422593,0.27333681005609545
A,0.29182676591140133,0.23937781843856595
A,-0.2138993996556005,-0.17580810691949253
A,0.19607590990895363,0.18374859930325085
A,0.1039539199739539,0.16122918396948852
A,0.2581256402549063,0.07588675523325861
A,-0.36570244626844345,-0.18732373528083282
A,-0.2653604665541478,-0.2413309514719229
A,-0.302816677146366,-0.2384127035889461
A,0.2527822937102819,0.23306778404155587
A,-0.28346447674731245,-0.5750598632103893
A,0.26679513335429383,0.2738071499189375
A,-0.5622132067232624,-0.5010614830272517
A,-0.30204276222422555,-0.2581801358688512
A,-0.3398261001728676,-0.27955212949169894
A,0.1683280577477762,0.15780278937569212
A,-0.4017993311571602,-0.3846314394960181
A,0.44794203639162566,0.3782850198224953
A,-0.16258120023564432,-0.1337565329302396
A,0.3043049159340402,0.2555494139181095
A,-0.2021509296303961,-0.29806839048055966
A,-0.3431995376288643,-0.3103522932644659
A,-0.2411012850473023,-0.20180215210484517
A,0.22798108281068893,0.1863333716387187
A,0.2833558824848681,0.254295982919358
A,-0.44671335753655483,-0.3780819732973851
A,-0.35406998161542896,-0.30940731239253266
A,0.2655701680341731,0.3494103870355573
A,-0.18262992771783582,-0.1950652589669326
A,0.21281337671006684,0.23416080641874207
A,-0.230711623045261,-0.3281999440115856
A,-0.27540802957152577,-0.2537505954584474
A,-0.4025539117634062,-0.36997341314895293
A,0.24494594770812378,0.20792609956475577
A,0.15680507931109425,0.13247363869740106
A,-0.3312662958864189,-0.3421170467446312
A,-0.1709337988466639,-0.184628617505406
A,-0.14939930100496268,-0.1270579539848629
A,-0.03822445511978935,0.12864019736446725
A,-0.1197085020197119,-0.2359540208398312
A,-0.3290212586204679,-0.29211710760618687
A,-0.06921902579974691,-0.06832827218326987
A,-0.1522859479989432,-0.15107980086713144
A,-0.3763860376085624,-0.3389493895510877
A,0.2322166810864617,0.2016572071110082
A,0.2934986063511424,0.3674356371128193
A,-0.25989807477802684,-0.23772527485511896
A,0.27649618597102266,0.12678123896183352
A,0.1173470846087541,0.1519647365054517
A,0.13303376239607617,0.14845991961469582
A,-0.262719069824321,-0.28738313123422315
A,-0.29284025583355966,-0.15708936776371088
A,-0.22119994650057773,-0.1961846036930726
A,0.23758795797280244,0.22883961273284545
A,0.344240608498501,0.3181784963338469
A,0.29042088678013966,0.23090048395988177
A,-0.3863578518898079,-0.22636888812625755
A,0.12563575818712,0.09035017379453195
A,0.2788228560797645,-0.09303801477077354
A,0.26927301706536083,0.2525532905608544
A,0.3200709871672251,0.2755731235555278
A,0.26851197605509475,0.2320854202800621
A,0.21916581597800805,0.17749405757861714
A,-0.10603192301279514,-0.1046981182339877
A,0.18477851876883786,0.15921415906549805
A,-0.21655961047869918,-0.18059710578601992
A,-0.1095213477789959,-0.13023044686819635
A,-0.3620426402249802,-0.34966433353181414
A,0.4443211518293932,0.454358908086264
A,0.12219000382020231,0.10773607470916188
A,-0.3477529917390807,-0.5303607238245138
A,0.24086342518127155,0.22723332310194078
A,0.13252567451599892,0.1099923092208542
A,-0.2594091847114835,-0.2762231052594455
A,-0.5360376247949169,0.4902671767252344
A,0.5125038691725672,0.44730378191301723
A,-0.28856449978916476,-0.2087694386598071
A,-0.1473006873644258,-0.1252778696737807
A,-0.2961435696233077,-0.31376783024774
A,-0.14727425424482035,-0.12564903414567413
A,0.4433855979727937,0.23770693707071994
A,-0.36885148016343083,-0.2914246455807566
A,-0.21647217369192642,-0.1824895219349738
A,-0.32072512438239315,-0.2770832356996923
A,0.31148522549614743,0.3126134795575325
A,-0.20506596208979394,-0.2146071259631858
A,-0.17910611692579526,-0.1710714641193075
A,-0.33120345750795543,-0.30981790118954255
A,0.1448141260238945,-0.3533747784182208
A,-0.09711090750022285,-0.1912763232632139
A,-0.5551052639609776,-0.4930103062298057
A,0.20309335676967574,0.1882035569774304
A,0.1730200581616853,0.17254169937891572
A,-0.3044749607195031,-0.22302534876626418
A,0.18045194326044298,0.2551290262781888
A,0.43266618243704213,0.30559573664206713
A,0.4026062517772588,0.3916207342968606
A,-0.3022603272853191,-0.2562894308899198
A,-0.23798834649529185,-0.22402034054147343
A,0.40034453637527195,0.3512373946630292
A,-0.2208742448097268,-0.190277463832343
A,-0.35312460122480954,-0.22905437024591047
A,-0.17448442550571905,-0.18162801959329292
A,-0.20087449437509391,-0.2041938142978904
A,-0.3224218839128575,-0.29232040458512115
A,0.12743225851610276,0.11739061705910854
A,0.36993387970123304,0.33395857976300974
A,0.1536764690270242,0.5618534737252616
A,-0.4237079044062379,-0.38376009201416394
A,-0.2040423900955698,-0.20555585876918347
A,0.2107234945645134,0.17864482319541433
A,0.17550651586520352,0.15799849445451086
A,0.2690106368598158,0.23346086113525763
A,-0.27897260388287126,-0.2850637353265066
A,-0.19029162571704347,-0.15320764261102995
A,0.33192601001333616,0.31858283447712304
A,-0.20473365163376947,-0.24266476262954242
A,-0.3063837242453761,-0.2927958897652666
A,-0.455086699664933,-0.461064121792914
A,-0.33494732743969774,-0.29713172302572394
A,0.010953775239763158,0.2253677977143459
A,-0.03652547580027037,-0.1070972024775455
A,-0.1569739953168117,-0.13747534950149065
A,-0.222507427862366,-0.1900753414583216
A,0.1422956895020881,0.11549050251165924
A,-0.13711838611181829,-0.1448830093124186
A,0.33020145879586993,0.29852753345642874
A,0.22170478096831972,0.32552663846624724
A,-0.24196532301567905,-0.20982959186224076
A,-0.3063892879900086,-0.3038408096958623
A,0.1710744423898495,0.17648681249906265
A,0.11625474341000437,0.08995202273187841
A,-0.1636318530948706,-0.15948340688576662
A,-0.4577375750349472,-0.4102472121706924
A,-0.31525158230881395,-0.28261991045518714
A,0.06962156713585503,0.16103695595145004
A,-0.23021613110524053,-0.21721997912869948
A,0.27207331087651043,0.2578204561279895
A,-0.2855948463788793,-0.23819638244957533
A,0.29151059353660297,0.2690780489727882
A,0.176804751754678,0.13581604821384927
A,0.3815805952662687,0.3349254094944486
A,-0.4153693601667663,0.3029846310192833
A,-0.1304736170560986,-0.11761444649982876
A,-0.32097053245384355,-0.27576630433858945
A,-0.108480072267842,-0.10065374226085956
A,0.16228146804000035,0.11622544010012782
A,0.257505243782995,0.3090824794404464
A,-0.20017517461473924,-0.1982811698869909
A,-0.06073666213068544,0.15412175224007252
A,-0.2588306185919927,-0.24176101479882045
A,0.3999170467735144,0.3215547767400702
A,-0.15433903617881378,-0.15353090388170695
A,-0.18543226440645613,-0.17075726910072156
A,-0.11331697383798846,-0.4347435819976577
A,-0.23890184824320726,-0.22238544438439198
A,-0.21731284423845645,-0.1965606599933684
A,0.2762511765781192,0.27068109966424947
A,-0.16133717307878873,-0.24231272331831344
A,0.20882594967868012,0.19487561024693714
A,-0.5148606711200163,-0.43725139995166146
A,-0.17863216346709396,-0.1917940607167548
A,-0.12325169850670042,-0.11505000706638357
A,-0.0841222631231902,-0.10677542174686817
A,0.31361070003197544,0.25428078010062005
A,0.2607531443408942,0.23625040004776623
A,0.24914923756387938,-0.20785688626679666
A,0.449358108328907,0.39333376462887915
A,0.11677248465056164,0.08697812865379813
A,0.17136115128589918,0.16600937036914368
A,-0.1569084253614449,-0.1655229388640476
A,0.30868550517984045,0.2135926528474078
A,0.09510217636276412,0.10746603072716229
A,-0.1806763125895996,-0.16404901358488988
A,0.19167909944971104,0.169346821131411
A,0.18475855345411707,0.22888685304990544
A,-0.1640269908537333,0.27193784172174856
A,0.19760472349922764,0.15261835955428393
A,0.14412111825922339,0.16227579661842645
A,0.24695045509810773,0.1349046619245902
A,-0.13575353835244675,-0.13138549473876057
A,-0.37298800631186346,-0.3131641382553964
A,-0.47998516368020977,-0.46735937662739624
A,-0.39620393855863867,-0.23841369765552356
A,0.33270435691168226,0.29542051485686754
A,0.4128214474337594,0.3743981438081918
A,-0.1749216385601693,-0.14642546525431444
A,0.3878360096740667,0.34771202559377196
A,0.2062542565218806,0.18706378075735838
A,-0.30254259854583615,-0.3148018838715629
A,-0.27362649310778625,-0.2521844227989055
A,-0.26325927238587105,-0.26176724162780096
A,-0.1681373321983385,-0.1700322088025158
A,-0.3074591003497923,-0.2833974775355021
A,0.27438214777671033,0.2681726194938348
A,-0.3542860248104836,-0.33559149624990947
A,-0.17448297561904552,-0.15938206698638321
A,0.15142896705494296,0.15821931239178055
A,0.2995485874976917,0.30232502878457607
A,0.2598430316513796,0.2625178053959825
A,0.14883810857842575,0.13314508478164647
A,-0.21738999987326882,-0.22702593723667602
A,-0.18832140432524205,-0.16152195048400012
A,-0.4252655658712092,-0.38794479064599374
A,-0.35600611619006306,-0.30632251454591736
A,0.3085733349451769,0.29411901736526186
A,0.18260489036503322,0.1974967718242905
A,-0.19888751937969773,-0.1860336218570694
A,0.31807593763070624,0.3038034142902795
A,-0.5242324287074172,-0.4202115497128945
A,-0.2730141356735685,-0.2506545970486273
A,-0.2134237041292315,-0.2049548193927325
A,-0.10859665839910938,-0.15240016741851156
A,-0.20232663760136538,-0.2090824953402567
A,-0.3062529853756355,-0.23977601362847825
A,-0.14677513903887,0.2673078083524827
A,0.3742377393210716,0.3527548071484553
A,-0.2790828976556891,-0.2550964518231819
A,0.3482121332186842,0.24109730963270107
A,-0.2816234104566906,-0.2169850125125343
A,-0.26814477814354565,-0.24415808316940257
A,-0.11405999734049808,-0.21271632701315601
A,-0.11768857430732471,-0.2295564388344678
A,0.11868389211348943,0.11337819841048419
A,0.02564896092550433,-0.3729681283209485
A,0.26327564115933466,0.271933137970913
A,0.2787014432672822,0.25944655607653844
A,-0.2659020622127292,-0.23629939592653496
A,0.28529775905124993,0.2435447658055266
A,0.33525060133669754,0.3301370973214588
A,0.1269608101760222,0.0916844886172519
A,0.37452164397915105,0.3545314112946601
A,0.259881570298998,0.2522523249822622
A,-0.45854745054215745,-0.4056640423576796
A,-0.10547049944595815,-0.10367126783539155
A,0.26104743808281466,0.2207613647091704
A,0.24261084247480547,0.22195662502306185
A,-0.5390239241461077,-0.4497367375638742
A,0.13958005442584004,0.13035135784171864
A,-0.37851630216379334,-0.31031174472290934
A,-0.15523857614249478,0.14692092254287786
A,0.25639107695828767,0.2150210680519607
A,0.18790051170611305,0.18729240770639363
A,0.3099481169847272,0.26450693422992516
A,0.40399901350668427,0.302423635770833
A,-0.40435547328155563,-0.41237455074660734
A,-0.0991045401389909,0.37966365239417643
A,0.30022773446793544,0.3280126884873208
A,-0.30877321760008014,-0.29973042912731346
A,-0.28879925499200365,-0.24979938467397667
A,0.15784246601284865,0.18280465121633704
A,-0.4799932043396473,-0.4356815747996722
A,-0.2986927962001608,-0.24476150611346775
A,-0.3363347633965182,-0.3034838791595743
A,0.5149325424392968,0.459109554332217
A,-0.15472665433812544,-0.25831142128523454
A,0.22931492530423514,0.23046559948505052
A,0.2684854168724176,0.26568426330564154
A,-0.17515594935101883,-0.1704624116132739
A,0.2778214548848837,0.2358648338321403
A,0.18469642377374004,0.24178070347894942
A,0.2715777266913243,0.2474198058928143
A,0.4592430217905564,0.4480021637420569
A,0.1596213725819587,0.14704558082639146
A,0.175249320927213,0.15395144277916273
A,0.3362429290664031,0.26842079762766274
A,0.47648366072009646,0.41990237636293726
A,0.26452543710433796,0.24357765131860154
A,0.3479642595726216,0.20360517453140756
A,-0.2552507765022987,-0.18952982495960705
A,-0.5562239177536915,-0.3929436285743491
A,0.5590761541193923,0.46954207122035246
A,-0.23403001812560315,-0.19606941474418807
A,-0.15353249834426677,-0.14050742679500866
A,0.2520939180142993,0.24680481435913973
A,0.4329145317998103,0.3607464113860372
A,-0.1534666485087144,-0.1330755276120982
A,-0.34533014275737534,-0.3522750833198778
A,0.28763487407680843,0.26419708654047824
A,0.23974200145700703,0.21723758317030256
A,-0.21552690286962436,-0.1887561460708593
A,-0.2780843172792581,-0.3411546041507411
A,-0.2183643524834913,-0.30162262940186124
A,-0.3275195928134048,-0.4201361961934574
A,-0.28000081913292146,-0.23900818590683207
A,-0.17324289378046154,-0.17997787731545112
A,-0.10322865789688537,-0.09422240416457198
A,0.43444182855486835,0.35348309710279974
A,-0.2647770003822981,-0.2826591324544231
A,0.18634539380031329,0.05662445213695464
A,-0.17040715388089198,-0.14992241339966428
A,0.03838739520148701,0.032530791952924076
A,-0.12549006145626007,-0.10330416470222685
A,-0.23358832260204151,-0.33874191719063984
A,-0.06193908269686995,-0.07013216777834275
A,0.11374151360569486,0.10154611314573464
A,0.1090595964988924,0.12134328012213255
A,-0.17899332942577773,-0.18201605916942962
A,-0.28224779613389356,-0.25135031222950815
A,-0.3740225224902275,-0.18610275370612397
A,0.24835048060650836,0.23635652531509604
A,0.14728358082180096,0.12761776177673365
A,-0.47253920715295317,-0.36296195131972275
A,-0.5731715451716233,-0.3108702471264869
A,0.3336428343912655,0.21502508634320833
A,-0.21668067885028494,-0.23974403287878526
A,-0.3364611837507375,-0.3044046682146721
A,-0.4438547997936982,-0.3746191023832814
A,-0.12935986788927029,-0.11356733891253752
A,-0.13035669206892903,0.13561276605151817
A,-0.2687706358523629,-0.2295031046779117
A,-0.18229477343596792,-0.16780038689444984
A,0.3700607390832438,0.30664148673995784
A,-0.3486754062670998,-0.3255496807378338
A,-0.2080548720753361,-0.20110036917703997
A,0.07570932965669688,0.5137767086146632
A,-0.19725363597625425,-0.1323633578931671
A,-0.2610495101286264,-0.20896755780234744
A,0.14183920452576373,0.21377355335125642
A,-0.17375846816675697,-0.14831698532039472
A,-0.18573693173078626,-0.20644486773451967
A,-0.24052692079426582,-0.1788884474401269
A,-0.13984442317295173,-0.11865599378114641
A,0.2149161608111191,0.23464111690776374
A,-0.2569151709686184,-0.21773369302779355
A,0.39899248077606175,-0.31008221635994015
A,0.27477960356949094,0.3082043054923775
A,0.3513541142600298,0.2812066087316347
A,0.25880249877900297,0.22274034784721433
A,-0.27535937676326777,-0.27511293517480934
A,0.0717589641614562,0.10301328010935171
A,-0.17054733173111533,-0.15644184112194662
A,0.12068636293011507,0.08301913996579453
A,-0.35135374804880737,-0.334614848583965
A,-0.38435378958128713,-0.39992543375585693
A,0.3024484496383847,0.17775675755381443
A,0.133520668528233,0.13759033749218455
A,-0.2086637017370602,-0.20953798892769973
A,-0.36842200609523285,-0.32703999928876515
A,0.2713189195541299,0.2568316824704767
A,-0.27836995852706686,-0.24785289008905684
A,0.2605209156833102,0.2291975477314781
A,0.34303788445400774,0.18181090344326944
A,-0.20520477680846316,-0.12306582302065201
A,0.2720156611667223,0.2409185454953551
A,-0.2517801508960419,-0.2152898119147334
A,0.22415448187421158,0.1828109008227148
A,0.27379878447580847,0.23418721261228365
A,-0.3954904903782214,-0.3633623525976549
A,-0.1418084366392436,-0.1541168797998357
A,0.09962563872075895,0.21999372094396916
A,-0.4673494828056804,-0.4257047809983981
A,0.39139571591436695,0.39246631604042254
A,0.17707309334799687,0.14976799349690303
A,0.31870001077557303,0.3723432248250887
A,0.3336446158764253,0.3163667643834484
A,-0.2315996455754562,-0.21156496539900674
A,0.14880993490780128,0.11960080184292349
A,0.3128724191016187,0.25328703973258504
A,0.20014116098499407,0.2085567143947425
A,-0.2809909222578661,-0.23558295062610068
A,-0.3608547792614858,-0.28738303510643604
A,-0.22967926321342766,-0.2896526517779116
A,0.13666019887588512,0.11265850104333032
A,0.31520382443867057,0.3038870680342361
A,-0.15191483509935796,-0.23668709680526911
A,0.2015269101194592,0.19851627040543843
A,-0.0020520359135203507,0.3770249944095873
A,0.07405740841410467,0.09162983487435551
A,0.15509491315763965,0.1663108367314377
A,0.18061013830497968,0.19531074715439523
A,0.17821278807490804,0.1616044031876398
A,-0.41927648358685454,-0.3529482949777872
A,-0.3946182205790757,-0.3409920854765789
A,0.49452743389183274,0.43296998719828556
A,-0.19104299026752458,-0.17835562763473525
A,0.43867084782381316,0.40593284759609055
A,0.10620001188033516,0.1032383908210828
A,0.332090280984605,0.25662358538072794
A,0.28097091382048184,0.23008391362425956
A,0.35377797793473514,0.2951489203788535
A,-0.13116332901507113,-0.48997626164440483
A,-0.4375271831201097,-0.38021790824825885
A,0.299967189310034,0.27714982670397337
A,0.27912410837637963,0.22840038856997294
A,-0.326966169576178,-0.27175241698096403
A,0.3926320366957817,0.35107634772936736
A,-0.4996811882891881,-0.4391427116760975
A,-0.11451639243820969,-0.11903329304496922
A,-0.36423914479224173,-0.3212798537749876
A,-0.1264838489801634,-0.11945384877875662
A,0.13879569112230816,0.14191754621769617
A,-0.26064780632984347,-0.2905135077802081
A,-0.6900189638663222,-0.2109449534122218
A,-0.38257465569811566,-0.43731691941646245
A,-0.308126781413124,-0.27900424639435706
A,-0.19940475183683123,-0.20842397988467046
A,0.4437942967169443,0.39591174742941626
A,-0.23119300676004392,-0.1476200864645268
A,-0.22705420259422512,-0.2029385134343494
A,-0.08946278305917747,-0.0857504679687667
A,-0.39150605602120603,-0.3419031379099095
A,0.2935391449402884,0.34739332137156065
A,0.15033902837794094,-0.06217346873266157
A,0.3255470709800297,0.13163809152110326
A,-0.38392638183907446,-0.39903967158102965
A,-0.4776079640566931,-0.38469806387999034
A,-0.21470369991014426,-0.18669139784137853
A,-0.23382411333801142,-0.17763460565445074
A,0.08597805271547763,0.08326978698088695
A,-0.35136939052959504,-0.39428811580040957
A,-0.36312513498277793,-0.3440304979274332
A,0.3960044541547338,0.3819105351850176
A,-0.13640744390984338,-0.09580799366164143
A,0.2557165326619688,0.230970434400071
A,-0.5007244311017756,-0.42609029980727686
A,0.10586659239849494,0.07211229972224097
A,-0.09581660585185517,-0.08172229512249181
A,0.18789796909811265,0.17176779272761894
A,0.13951189362393443,0.22724516206467296
A,0.21874890542243686,0.19228310767498996
A,-0.37320377606814975,-0.37471850444396126
A,-0.196976815054519,-0.16813970914472212
A,0.24534719708040942,-0.14818651113170367
A,-0.2042667689885484,-0.18288990823306073
A,-0.26386297192242625,-0.2445638343878754
A,-0.1524790579217387,-0.15057375981590077
A,0.11133255395456745,0.09144098998244685
A,-0.029491718961017908,-0.4374675639809482
A,0.10094213342654841,-0.06531563803474506
A,-0.12563101560848486,-0.20008883962199966
A,-0.22365362386822124,-0.2345628590818245
A,0.18861583774893684,0.08179639199047496
A,-0.407716486478502,-0.5912619454556314
A,0.28345124146282336,0.29598639145306466
A,0.28380458900791083,0.2499164195820975
A,-0.16479235399167777,-0.14772540130752407
A,-0.369354315782646,-0.2861003092927404
A,-0.3748022954629098,-0.41376227311246433
A,0.2144650328527389,0.19092734899555733
A,-0.4159964501801203,-0.4056236333351694
A,-0.25299702470339896,-0.21708995748102114
A,0.20027116630553957,0.17073353041617728
A,0.18811194810372872,0.17339543603664495
A,-0.18503187338193688,-0.35997804159922625
A,0.26136252800653836,0.22259062021522272
A,0.2121985461495101,0.18065639704747383
A,-0.125157837698573,0.028197549053885797
A,0.3020736256515941,0.22170370187913988
A,-0.44140027860493697,-0.40543987333404813
A,-0.44031810237186325,-0.37886784278373015
A,-0.3516723140351903,-0.29321048110689324
A,0.1045032525630627,0.09458126786333405
A,-0.09565505759920259,-0.09704542514800034
A,-0.20798625802059917,-0.21225296611609124
A,-0.41781650383374785,-0.37169024666128336
A,-0.20572860713486682,-0.1501618865628433
A,0.06766374828706219,0.24180570352182967
A,-0.13935704477686855,-0.13676976387536144
A,0.15846442534504915,0.1389880408400148
A,-0.20469889924488285,-0.19828329061978278
A,0.3107257634799696,0.27130544750352886
A,0.22733033604228395,0.17972033223952283
A,-0.47039260376078257,-0.3872066774491816
A,-0.30474290803695486,-0.3202115697377018
A,-0.3109126752409255,-0.2887118776510109
A,0.20575106462861897,0.18695816804151486
A,0.15297143581338515,0.24166636597861382
A,0.13024508839258345,0.10161454248592694
A,0.21417846255776846,0.28868099519015966
A,-0.25031758553323924,-0.2254136395404941
A,0.28136772114479786,0.2731292990988651
A,-0.34479842383873205,-0.29972932631814264
A,0.4383033633843889,0.31700026031479284
A,-0.1789157523844072,-0.16103550288006188
A,0.16621741493695064,0.31638290772698785
A,-0.27318507607080555,-0.22684017446023366
A,-0.06853066265175554,0.21937737908524324
A,-0.06176042358743419,-0.03163353410950367
A,-0.339111055276104,-0.32804413256876486
A,-0.4976309320806978,0.38906187041660417
A,0.19768654949889852,0.19153866928862154
A,0.27061468570485697,0.2346055170360063
A,-0.01966871507567274,0.3211349635571822
A,-0.22131752346622052,-0.1860121723991873
A,0.22179193273606768,0.19766407294955687
A,0.020411736485623156,-0.03935389849584725
A,-0.18567571806079217,-0.16893185997236165
A,-0.1395630762497827,-0.1462499834463719
A,-0.49654515194102755,-0.44267181381859083
A,0.17091367502994514,-0.1180353093720585
A,-0.4577524975098325,-0.4201404032594242
A,0.24601358595652603,0.22398296521746264
A,0.2596476222280533,0.2324388885570888
A,-0.27324142836838355,-0.22099394720504
A,0.2653360148154323,0.2862163650357021
A,-0.27477765064640597,-0.28142966101930167
A,0.44951463415734627,0.35429074111253506
A,-0.21808758112135113,-0.20376395959520027
A,0.3468822398459013,0.3218704807466299
A,0.19925242222917738,0.2020601840793693
A,0.1801930042501333,0.19641537133061043
A,0.2725763966435174,0.22742192371605652
A,0.14580119732330246,0.11603367832063559
A,-0.25848887047883146,-0.23386441073163228
A,-0.13431603565147826,-0.13237488830791944
A,0.28054149439724113,0.2633874838530213
A,0.38882386604974173,0.2276251616802439
A,0.5045211300615405,0.5722570592240909
A,-0.1976204234037854,-0.21290831041835687
A,-0.5346589748392703,-0.46400702345980643
A,-0.432131155171957,-0.36356293607362433
A,-0.24351466209354494,0.015342703435816656
A,-0.29711067438163313,-0.2843459611043863
A,0.36143769470812703,0.29535425319298997
A,0.22148458361856826,0.2566497611723225
A,0.11671733003796136,0.1426284696333787
A,0.2968218656482331,-0.0331108092247228
A,-0.3063613632252325,-0.27217863941221226
A,-0.2566416093003783,-0.26382411559776286
A,0.18531381277029846,0.12382266244099077
A,-0.46621282937901337,-0.3868302425003025
A,-0.4351728377961744,-0.38740574000694716
A,-0.29987708488494813,-0.23878838503741548
A,0.3717580481527591,0.3266641978968247
A,-0.25139713070803643,-0.23864856749578756
A,-0.10085784858962372,-0.10762995035255815
A,-0.1957940991559034,-0.18456605640216234
A,0.16150927667753986,0.17519268817844244
A,0.13809541744767806,0.1338624124201553
A,0.3254550426230447,0.32224096090860765
A,-0.22944225182475683,-0.19016672851830085
A,0.27354679779271307,0.2428614827720839
A,0.16750267441888878,0.1725647633182753
A,-0.22911891824650615,-0.19432388045836332
A,-0.19480584564252576,-0.1721949672025151
A,-0.15624401461828777,-0.14143369581369444
A,0.37654988366585984,0.3663585186207566
A,0.15158669343415743,0.12985585230759114
A,0.0707586766209045,0.10245713793427845
A,0.4835379410855828,0.5279518482523445
A,-0.26884156328744696,-0.2579330038348253
A,-0.3394468139996203,-0.27336791699935786
A,0.4459226382715322,0.3857329147406386
A,-0.4078868567652484,-0.43701928205325413
A,0.19933659854051672,0.1349368866985176
A,0.19769455252290824,0.2028653303093803
A,-0.19989616243484218,-0.18321499837013502
A,0.23380662379991163,0.20743064925484642
A,0.1660924990137778,0.1440733851377299
A,0.1869644128105391,0.25539057239656093
A,0.3870564178103569,0.35586629059885355
A,-0.26490781241971995,-0.3498561634467607
A,-0.4932288498712225,-0.4433563100290563
A,0.33684188034076373,0.3184582399502022
A,-0.18236305451933643,-0.17017598237961773
A,-0.20887091418449608,-0.3394974355418534
A,-0.16608810319464884,-0.18508018118091685
A,0.43334992479616696,0.43207702077153454
A,-0.11795119109677385,-0.08012510079689297
A,-0.30130089999278087,-0.27118883190671345
A,-0.37506318933934185,-0.35405786421090746
A,0.20618602958436985,0.1953013464386283
A,-0.15606442966283188,-0.26750734702181134
A,-0.5828429376842236,-0.5283027030292784
A,0.2578158990537052,0.2347667338849835
A,-0.018692026549738533,-0.12289727178283737
A,-0.2277330598215578,-0.2144627611775558
A,0.10329166380440238,-0.5348498719410707
A,-0.24024382005689557,-0.2379722949332251
A,0.1441645255446311,0.13340336466152164
A,-0.18897629469687569,-0.1738639441685952
A,-0.24039443130750895,-0.24336990483930418
A,0.21995885239008423,0.19451540305969747
A,-0.19098192625427465,-0.10029999308075058
A,0.5617573843454253,0.5312521519823585
A,-0.3753695077668024,-0.36737340542410224
A,-0.35153355544208326,-0.29023248675278346
A,-0.22257025275115697,-0.1888471257984996
A,-0.2830783116667648,-0.22051551104477723
A,0.05340422106059492,0.03662395817736278
A,-0.2015345752909719,-0.20629350795839946
A,-0.1564227090728957,-0.20405994592447504
A,-0.2413852099567229,-0.1264561735978743
A,-0.24320353682057602,-0.25195989254286105
A,0.2695041518298703,0.23087483715794727
A,-0.35601236543409026,-0.31089909037253183
A,-0.24562882922464677,-0.20635949763356062
A,-0.42556367810561535,-0.3850093778007458
A,-0.12153672647303938,-0.09582318057477157
A,-0.005843596576217982,0.229595923504166
A,-0.48760032201150105,-0.5911235278846441
A,0.2699846949939098,0.2663712473219298
A,0.5069539683747165,0.4703653751078529
A,-0.1284714132731587,-0.12542298265632404
A,-0.22772292471975714,-0.19521608921862388
A,-0.2560541749669066,-0.23669802799754855
A,-0.6444714456096637,-0.5073986655855903
A,-0.37597947553301886,-0.423607636054325
A,-0.4383974226645663,-0.45489532476678685
A,-0.37982836707363377,-0.31491397898699847
A,0.21830703300000479,0.18012670127068225
A,0.2574796692018034,0.20451198757753847
A,0.34282747859545326,0.3045293451556214
A,0.5207948299003878,0.5277905373930093
A,-0.2913608464860309,-0.24914724830649088
A,0.2693949290108857,0.2362451774442836
A,0.1873470293785142,0.14401266373413874
A,0.20350379342889346,0.1956010363849332
A,-0.3404846548781833,-0.34449374044464387
A,-0.22465492592894254,-0.19954811089710034
A,0.16885355747563355,0.15438166625454172
A,-0.08643760714326529,-0.10364400782072292
A,-0.1777846554124597,-0.16975758757899467
A,0.37136330569995174,0.4669303652334672
A,-0.14789868163449515,-0.16931441807234007
A,-0.24310646263955368,-0.17811052625983267
A,0.2288415160947355,0.20288495206905133
A,0.10457075787854113,0.11334301427073942
A,-0.4350611394709312,-0.37200106673405436
A,0.1777504383046559,0.1479687183208688
A,-0.23810174493303307,-0.24602786687027806
A,0.1749505284461279,0.4436661437003109
A,0.1971494558495589,0.1620305736286776
A,0.28374451989362526,0.24250716401453362
A,0.24543116645709623,0.19724598438417906
A,-0.3343723630300838,-0.3240237786731695
A,-0.2864257310312208,-0.2224080604285277
A,-0.1975747748871697,-0.14920411475522324
A,0.1816036019291434,0.17044301416847146
A,-0.32183504380277816,-0.33349513804531017
A,0.4026140926505608,0.26161190421756675
A,-0.188932820885951,-0.1397083741379153
A,-0.28646038897539766,-0.24249934526497013
A,0.4735889197015723,0.438593374351438
A,-0.15901125875304012,-0.14757412208204088
A,0.5676165650306434,0.2195765090288641
A,0.25880276888626846,0.2294281215432676
A,-0.14105257186890874,-0.1390107134431904
A,0.16911824083883598,0.17166692074658185
A,0.25414339194131985,0.19878988828667318
A,-0.1752492831703961,-0.24318201668473732
A,-0.3302275050856501,-0.3005837851839673
A,-0.10214677962041314,-0.11011987289579325
A,-0.6244685445928551,-0.31964955703592746
A,0.17227729272793152,0.14995034220941988
A,-0.21558961968013002,-0.21590309370331745
A,0.25009676249004814,0.2609134332385482
A,0.21463719723119204,0.18882814310008275
A,-0.07646022833433491,-0.07484907116329495
A,-0.2510786250095422,-0.1997890918882212
A,-0.35503585984873987,-0.3800564228679886
A,-0.21244182944824389,-0.19447605574804527
A,0.485871018994568,0.4575388219611003
A,0.3163912577829673,0.29938004632109033
A,0.17927521042073122,0.06662880947590445
A,0.3603548995825602,0.33076267223208006
A,0.4794844619012416,0.35029929151064315
A,0.37488216349710174,0.3292963987439284
A,-0.3782628557655804,-0.32762565045314124
A,-0.2700265306955092,-0.27264106388566983
A,0.20763165486358098,0.2145276958796683
A,-0.4721210631202784,-0.4688660398439131
A,-0.3238589953887643,-0.32773538942088903
A,0.14342094313514467,0.1831733080215226
A,-0.12168381850592215,-0.11323401592257552
A,-0.3916774556048485,-0.34585781206104527
A,0.27604545728537455,0.1666214422305145
A,-0.13539155326795915,-0.1327460762794248
A,-0.40971644581322975,-0.36854146347631334
A,0.25369012692123993,0.2402848242122328
A,0.25788012414721767,0.27029628682690243
A,-0.19201909151388538,-0.15080869656177576
A,-0.23020034015305857,-0.20551326683823518
A,-0.5466212652229029,-0.5384572647450033
A,0.26375155552493273,0.22649752053941227
A,-0.5606982478444734,-0.4834576092637024
A,-0.15518409995131188,-0.1814212417561842
A,0.11808226426616432,0.1144293067264905
A,0.20493020411223542,0.1648772135061032
A,-0.2400440401107087,-0.19659967910157675
A,-0.23017105681487174,-0.19523740506761
A,-0.3508755638369187,-0.35306115551082606
A,0.25394954700498895,0.25098093653270276
A,-0.2868850927048328,-0.2784206321166482
A,-0.22090086500094425,-0.21732671747907556
A,0.19203024623391446,0.16729588534730522
A,0.3247921179438408,0.41443493469485515
A,-0.21031935183355654,-0.33865518175673737
A,-0.2921030955057265,-0.27326794690543454
A,-0.3945883423417473,-0.35765256475067525
A,-0.3921734814611762,-0.3404117957923662
A,0.4781038425445413,0.4271025714318547
A,-0.12344781460316577,0.34511491115739035
A,0.2725262563146394,0.24896844328780454
A,-0.19760733198994895,-0.17590375063972863
A,0.31692514572680935,0.30986458914804094
A,-0.3447789462847826,-0.3554225370005396
A,0.019243521081447532,-0.14898649715459522
A,0.4315721412178227,0.46184849924069243
A,0.29013594814553423,0.24263874089576193
A,0.22060528730475396,0.1692294807554893
A,0.19532204673142387,0.2008662500204503
A,0.41125315642817656,0.11709300969448065
A,-0.3154928168547426,-0.3343062632446413
A,-0.40224905851309484,-0.419016319989599
A,0.27383309830121055,0.2760292822007997
A,0.20774208826666715,0.19391357545541044
A,-0.30628636368923917,-0.27603550250811476
A,0.31321159081860467,0.5233445805838903
A,-0.1273486097013295,-0.12956772148751908
A,0.17975938398016472,0.3129709176496452
A,-0.13784998704587517,-0.115689154257216
A,0.26183602508292597,0.22982625208778126
A,0.5153072636190195,0.36687801512182583
A,-0.196853977067239,-0.2034043196984083
A,-0.47872448939020473,-0.5127849254295441
A,0.19702728286232585,0.4845226987942159
A,-0.30893633301198964,-0.3522434497181605
A,-0.09875882778468205,-0.0978847927309007
A,-0.19357568737551228,-0.2365436428540611
A,-0.1664599741257563,-0.18719976075066302
A,0.26323218168546114,0.23998476728285062
A,-0.21617977256966897,-0.18682527414807096
A,0.49688953110678996,0.4711516382091956
A,-0.2048578502628735,-0.19441447530712874
A,0.20894812239446753,0.20365373457909383
A,-0.1255633136767035,-0.09206381929430515
A,-0.1783723974967832,-0.1666467940652342
A,-0.3642820492906311,0.22498580872622764
A,0.20091135774390534,-0.14434845836916446
A,-0.16865902123133628,-0.12627125523325222
A,0.24596082152334117,0.21738860835912302
A,-0.1548068782296564,-0.1274974367016472
A,0.13268041273414638,0.14413003711313677
A,0.3145019697492012,0.2625571819383509
A,-0.22232818334170104,-0.20676969201001177
A,-0.40153228381869355,-0.324859084832375
A,-0.2796407609904864,-0.2609248899056166
A,-0.3437469748134869,-0.14841920845904977
A,-0.20448786729225918,-0.16605483510250804
A,-0.22000793852134995,-0.18934395351866662
A,-0.3334194914690925,-0.2799888980061057
A,-0.18818466109118243,-0.15081330198258389
A,0.18561437131489586,0.17841128590185304
A,-0.11225367271131159,0.3288626750963971
A,0.1983838918202316,0.24358127343246067
A,-0.21882066787081472,-0.17404448269070455
A,0.11400227684380694,0.09724820927158397
A,-0.2000559427993718,-0.18331571588772388
A,-0.28906913440248705,-0.31501699974104685
A,-0.14115980838995276,-0.07055672847390607
A,-0.18159874554796127,-0.15089903031403695
A,-0.157693383538142,-0.12538705533595365
A,-0.5985449449828454,-0.32256786632122886
A,-0.23322094171718213,-0.2133737894354956
A,-0.3017436859374692,-0.32837866387724307
A,0.24226278256210543,0.2392615491627376
A,-0.21271064773889142,-0.23525376071591142
A,0.0482330840585407,0.5191580633929512
A,-0.17590393906034688,-0.1607692718955913
A,0.32431095420554357,0.41078789342871225
A,0.4797245121838419,0.3736480339522373
A,-0.2131001741068639,-0.19149704821071145
A,-0.003958397262574524,0.16027426312853765
A,-0.5713982095349837,-0.46684110324359507
A,0.16604902769668275,0.44286764717707106
A,0.15041452704448155,0.16144792900799104
A,-0.3790282287285949,-0.36066042936728676
A,0.008720571993348518,0.21178652642660425
A,-0.3135048711919924,-0.26451035237559467
A,0.10285278435193973,0.07660844888475042
A,0.17349152696316633,0.13515024185667676
A,-0.2618038429313343,-0.2472412978101189
A,0.07649007149402309,0.4855691214354316
A,-0.32441159687939586,-0.27363474088709194
A,-0.1639945303026351,-0.19093040024837343
A,-0.2614792143228505,-0.2529107263014368
A,-0.5103168112435136,-0.41825729349696933
A,0.32749590237515996,0.31085020154826143
A,0.22597672465765634,0.19079393070901862
A,-0.3806899652501329,-0.3223819149004866
A,0.17639004649548023,0.16568177761277098
A,-0.31809558148438627,-0.280652152033777
A,-0.2307783282859979,-0.37645532231074497
A,0.06960942689859453,0.3987183065482289
A,-0.3621829118485426,-0.3647551732969027
A,0.2929825454163277,0.26018942880819973
A,0.3111512978612961,0.33413710895380344
A,-0.28990502410133234,-0.26014300080493724
A,-0.2121266911439587,-0.22593218785808272
A,0.15479034536070374,0.168890147606454
A,0.3175174385442923,0.1924901090233336
A,0.16354351769405298,0.1437925967065566
A,-0.16214194359849712,-0.1357560257190957
A,0.30087517855045165,0.26248500078268566
A,-0.48851420603119994,-0.4669449964606119
A,-0.1542002221997669,-0.2496796633017086
A,0.3372833989130138,0.3443659860055883
A,0.38877591303187825,0.4391397004714545
A,-0.47885785342198556,-0.3591317615110719
A,-0.12768124801826752,-0.07499965310325749
A,-0.2884208670258388,-0.24038174261739917
A,0.18984163567878373,0.16902075650998055
A,-0.5037719903878012,-0.4779691447726003
A,0.2601142756937535,0.23039779391000248
A,0.15755027024714685,0.1551665538642838
A,0.24204616616562463,0.2698000501796995
A,-0.36634811095318776,-0.32504141511190504
A,-0.420782881099847,-0.45164291943892193
A,-0.3975446454861856,-0.3761455288271163
A,0.2547090392333517,-0.046716317610808675
A,0.33381267922895114,0.14902611397437485
A,-0.32854344908505473,-0.314498766349044
A,0.17492202872907098,0.12124658329357894
A,0.35189663371202395,0.3725042074738563
A,-0.35474199751534347,-0.32111159863760474
A,-0.3133484853182589,-0.29486267607600425
A,0.39760737330927576,0.318668257472879
A,0.2430291440520496,0.22342257700477935
A,-0.1277466200244589,-0.10545636720376084
A,-0.2888309410819609,-0.21732745295482936
A,0.1752860935067233,0.27349877726386423
A,-0.1693386649034105,-0.17499855397381694
A,-0.24059815696086406,-0.18099308099912792
A,0.19798047317260872,0.1697429840916349
A,0.4364464836629757,0.41296259819423875
A,0.5015276720041867,0.4598410147910656
A,0.22524967735517254,0.289684724359091
A,-0.2560298484352026,-0.22478225560571577
A,-0.46764788047003636,-0.47021380135001495
A,0.3346063473050075,0.2985063488795335
A,0.3853253612038669,0.3133100191623903
A,-0.19114449174253612,-0.16018168593944856
A,0.1779081832841129,0.17323954965596697
A,-0.21390122596591502,-0.1686100454542795
A,-0.2774820517243628,-0.2581821984733401
A,-0.22696941251507877,-0.24723508583702364
A,0.15139937593133881,0.12481818828317631
A,-0.2513201462648764,-0.28557047691166687
A,0.16174310043332493,0.17158824534088274
A,0.13547123349871187,0.1309542910639188
A,0.2843370420211652,0.2712853734507625
A,-0.2924734775058067,-0.2730624395622344
A,0.30334540012441225,0.283236526692116
A,0.24450870902190416,0.22689426317280711
A,-0.36634445268483684,-0.3346240495229485
A,0.3843478158828129,0.3982901988300332
A,0.17860311476050386,0.15088487284290486
A,0.13652474934396722,0.08475392196979252
A,-0.09333357081943623,-0.08017268549591759
A,0.18260105343604519,0.1510171859107472
A,0.21154554984824325,0.16782283830466718
A,-0.16632437068043157,-0.15768105511674146
A,-0.1175967416347705,-0.12913448130137573
A,-0.20300641162514643,-0.1783440254556039
A,-0.24841062765196395,-0.27300547481946674
A,-0.1632487436118023,-0.1483010236518146
A,0.22147921841647344,0.19487612138276286
A,-0.2646531162597315,-0.22987643127459595
A,-0.16669585256440214,-0.18399472399320066
A,0.22177692626432358,0.20737175051165432
A,0.25177427278640224,0.23182931990092917
A,-0.23982926642684868,-0.21950993376177239
A,-0.2178810622229969,-0.20783616876758257
A,0.15782096725420836,0.2675593141347703
A,0.22200836763346732,0.2587542475975361
A,0.12610448650566006,0.15437394803823803
A,0.2582278152828464,0.251013113969905
A,-0.2545817925758669,-0.2662922498653724
A,0.1650320598974956,0.15192677426300427
A,0.36653324010369503,0.48895156892535285
A,-0.1772670567937079,-0.21460604530189123
A,0.19178452439717933,0.18086793718060762
A,-0.08819151727456175,-0.07499697160635835
A,0.12522887450686157,0.15501043553371885
A,-0.30624379028797727,-0.3084174208154809
A,-0.3494693883891623,-0.3042686887307878
A,0.2534940593966302,0.2354168792508917
A,-0.4763522654105725,-0.40212498624027315
A,-0.5214592098815721,-0.48142349583958316
A,-0.18770088692803188,-0.140509612058712
A,0.34796333538164254,0.35352972471443106
A,-0.37249306211714434,-0.306029647338284
A,-0.40446608420548397,-0.37462293088284415
A,-0.13973342972320776,-0.09608532120679325
A,0.1892940420946765,0.21069245183121862
A,0.18299037107156593,0.1934481472335229
A,-0.12305828892215365,-0.13826851552927
A,-0.19886261455648463,-0.22092921871275506
A,-0.3654051463319061,-0.34704488183317683
A,0.4221814549183774,0.3318444322203912
A,-0.14979815017003703,-0.1276034906861432
A,-0.23800285608308375,-0.20936066688180108
A,0.16849685952661722,0.14240275789659965
A,-0.2557921066612264,-0.2295759400334636
A,-0.23681543927150214,-0.25832816449244805
A,-0.32973518752579006,-0.32183640622584936
A,-0.28883674845720425,-0.16554721515338602
A,-0.2276750086325127,-0.20451041950365315
A,0.4577443724594715,0.41876093209392956
A,-0.27028078785751497,-0.22501568076568162
A,-0.4788750594961223,-0.4717923708806185
A,-0.40374413487825345,-0.3579501877406393
A,-0.3056935554039031,-0.307721711606654
A,0.5406878976955741,0.4654857813098737
A,0.22483095028494443,0.20114742121729146
A,-0.5104903868757743,-0.4527359688440583
A,-0.12260197219562202,-0.11387735156250148
A,0.16820493889047744,0.18015815090934334
A,-0.07795257110311055,-0.3557450177583289
A,-0.19498707973339285,-0.13468552455488925
A,-0.34235080505555926,-0.3132011737635531
A,-0.3230515260577749,-0.36219285078113195
A,-0.14218466999915508,-0.1302393513289933
A,0.1423580470088401,0.12023789937477254
A,0.20614801035883087,0.20207805624460867
A,-0.26921169537613654,-0.23905738352623834
A,-0.2114751212336903,-0.18822446876216958
A,-0.1288669790301482,-0.11818502950906734
A,-0.21313937630900243,-0.19169755576900185
A,-0.2458443369063192,-0.2393257711134158
A,-0.12951178317829373,-0.11166487140417575
A,0.190465598271031,0.1615641551050282
A,0.3890877014545689,0.38077993690464657
A,0.19480098294730028,0.5239266055095726
A,-0.27674486732281417,-0.31919669419135227
A,0.12272920282884044,0.11126187963958113
A,-0.23297890269779664,-0.21675897460059088
A,0.19826519189294292,0.18407313715788187
A,-0.22067186679538905,-0.20320455130878334
A,0.45362161609118573,-0.37393551580316026
A,-0.38040982359037545,-0.3492048231855521
A,0.10655104040731124,0.18353243460223156
A,-0.2705264312989733,-0.2452369699030305
A,-0.37245477077495603,-0.30523002314549513
A,-0.3650867423156432,-0.3265634672857562
A,0.2658691192192947,0.24628638297110594
A,0.35663681932579583,0.28480314393030043
A,-0.21515446778083425,-0.18708492368080987
A,0.3087528877964534,0.24157875499751305
A,-0.2592435842750069,-0.2323387481080256
A,0.2727373563326026,0.2503884161343229
A,-0.22615704386262148,-0.21151595089294195
A,-0.08802433900245639,-0.08058182492717007
A,0.2846462154033241,0.26334766149868566
A,0.2078888806015398,0.22108268696756347
A,0.20673070972092703,0.16061261997336457
A,-0.33120480282973797,-0.2815521674122856
A,-0.2596889624315294,-0.26997369187064707
A,-0.16000624966097168,-0.14467992238310362
A,-0.3245855214374803,-0.3141698688422829
A,-0.2001125373910769,-0.16471249946324573
A,-0.16171965641991923,-0.18985527492979545
A,-0.3486308167974529,0.43091018998657243
A,0.285806753008548,0.24663380032723037
A,-0.27528387739855625,-0.24777921765225308
A,0.28593556356369243,0.2734604344040635
A,-0.14871634125901342,-0.11691808407835719
A,-0.07508016157848413,0.12099718783786997
A,0.3013150393268549,0.3046759074462237
A,-0.33768064751990823,-0.3605092080346998
A,-0.28970919177246907,-0.2814253850306028
A,0.19404388632534933,0.19021843539121006
A,-0.34755188656285324,-0.2942615063068767
A,-0.3381889723776716,-0.29899818608517614
A,-0.1727280128372435,-0.1857673689765246
A,0.15115112209666726,0.10193599897122871
A,-0.5607386857015466,-0.4518445265790313
A,0.3643837636657447,0.3325124153331479
A,0.25653558044912467,0.24032610032768684
A,0.304905807176445,0.25274444191908313
A,0.4935331446258009,0.3868697352928527
A,-0.3441823400344632,-0.3576022904750144
A,0.24226346792786202,0.19714667826816626
A,-0.34767707860015784,-0.34336897381383324
A,-0.15590380122757855,-0.14045052959254567
A,0.4673453298135729,0.39105156701861704
A,0.1812727063600867,0.1757188946766054
A,-0.19753356699980246,-0.1749147816993505
A,-0.1289737469839394,-0.12798290754084893
A,-0.1755884191959206,-0.17526609395801018
A,0.34362123920959037,0.17715504413497962
A,-0.47253750593640315,-0.3201369309834946
A,-0.280477019121682,-0.25639568012560326
A,-0.2137444414835292,-0.22814531040918745
A,0.20847551598938285,0.5526188779365357
A,-0.11833951193056888,-0.10828459605099182
A,0.35424775058570246,0.29867412836320506
A,-0.22574626185819371,-0.20696432094019232
A,-0.2785551937140667,-0.26902261209902995
A,-0.3577815913209223,-0.27965276825477564
A,-0.41012843264645193,-0.3568325336718577
A,-0.16651914087129513,-0.14033603528537628
A,-0.1763920016967934,0.45101151867551076
A,0.41006824750111015,0.4613659089443207
A,-0.055690718186515165,-0.14663992504066123
A,-0.4934501944865098,-0.4108731236080164
A,0.08873345007110524,0.09387509232986738
A,-0.3975407425812041,-0.38071588405838147
A,-0.14187503479495267,-0.1343578958027181
A,0.026318470246721317,-0.1667857047390477
A,0.12384933620115836,0.1343599829629972
A,-0.38252888849711364,-0.29465285173744926
A,0.22723405148639372,0.22157403341683016
A,-0.2654802008360747,-0.24371872239106435
A,-0.13188020703222655,-0.18447221108301567
A,-0.24404920467907318,-0.19442773569958957
A,0.28616523439432795,0.2407910631189298
A,0.20800858668439048,0.20555731995844992
A,-0.20924069375399756,-0.18389571934137927
A,-0.20255021478223936,-0.20904673388773187
A,-0.26588251302473304,-0.23840787848466363
A,-0.33352133879724016,-0.4132773811269403
A,-0.32954806462790565,-0.3015732597695972
A,-0.5697285895025886,-0.40787942990912457
A,-0.1932028591370479,-0.16805288729072362
A,-0.4070277406339903,-0.5099348164553991
A,-0.17632006002935768,-0.21190298792075382
A,-0.38063940970705806,-0.3559648112673741
A,-0.31416691586365475,-0.27858429523973904
A,-0.4674076980019557,-0.38178046483081657
A,0.4483889082515288,0.4535991366378209
A,0.19876370932219786,0.17444945853509475
A,0.21306448518777085,0.19320358372553528
A,-0.3039424433267066,-0.3020065626682683
A,0.16306987214756843,0.1957925002804446
A,-0.35175663095630977,-0.2927312225489717
A,0.36182576940130173,0.30853270663786136
A,0.12837422157106076,0.13646162700074474
A,0.18969105349268958,0.5501582240054145
A,-0.616679256411377,-0.5258529837394083
A,0.1015837983324461,0.09153132030674412
A,-0.2740543094274694,-0.2523589338166329
A,0.23073159644586347,0.22654314664151148
A,0.3228617354338577,0.3084911429639588
A,-0.476498345965467,-0.20494768526852664
A,-0.39270080540409885,-0.23278803712027457
A,-0.32335952762791614,-0.2659397018003021
A,0.48764706547428865,0.4365612395676612
A,-0.4263400457532894,-0.4032213282723854
A,-0.294738700252806,-0.1653299653777691
A,-0.241475712235563,-0.23578268035422917
A,0.16992320534651562,0.17676797317165507
A,-0.2688561806754016,-0.1696718296075505
A,0.2941161663202682,0.2877306379447253
A,-0.13775691853746055,-0.13059439293668815
A,-0.1399883773369425,0.31845945156534616
A,-0.2677723936726302,-0.2674322189176197
A,0.39073193222300767,0.32635912727303984
A,-0.4111498960277085,-0.39496439644438003
A,0.2852130115034051,0.2511636765658511
A,0.1804361474089927,0.1630648426781573
A,0.2656116499884968,0.2693912622613535
A,-0.26025374346006697,-0.158430495906955
A,0.19795969982112935,0.17556030861541133
A,0.24789955179077044,0.24575719906634558
A,-0.15293201164291065,-0.1515535296323836
A,-0.30169001696428677,-0.2901927076547191
A,-0.2091755823438774,-0.16277397940846136
A,0.2071282809637956,0.1906512333697296
A,-0.21200773018951485,-0.19718370551776368
A,0.3802378479195039,0.32159996242485533
A,0.18234502548235357,0.1748828106985549
A,0.10377647102179229,0.3558247159707905
A,0.22891937796572687,0.23825064347338798
A,-0.27460734324153174,-0.25691370050179096
A,0.19520664232262938,0.18638234617154986
A,-0.493001721903846,-0.30596368417652486
A,0.3068743120100918,0.34328018959641143
A,-0.47727076177051747,-0.4827974274238342
A,-0.2447473232047115,-0.21984498465651175
A,-0.1925764966999223,-0.16853545888636956
A,-0.17251663503333867,-0.3471879204085881
A,-0.21464704820925962,-0.2207242718580386
A,-0.4118096941024445,-0.37927418762506854
A,-0.21721735300334982,-0.25833956103265243
A,0.22864521251774805,0.20338057514555455
A,-0.3371072211854919,-0.3521928545854148
A,-0.44845948413923165,-0.38594443423480884
A,-0.5085510543560785,-0.44315938342688843
A,-0.30584576207987496,-0.24278964757006835
A,0.2878620397327886,0.25472955318009793
A,0.2972797954524713,0.25877299916608054
A,0.26405292281170684,0.25062818514487223
A,-0.5016484018228801,-0.5108253005769657
A,-0.3597006711498029,-0.3471674963381946
A,0.35164086927572497,0.32412244154640063
A,-0.43874942993851074,-0.3531883964815971
A,0.11985366080136445,0.12117713836778923
A,0.2237942529743341,0.23403802884120095
A,-0.21185168630876242,-0.16284928080155445
A,-0.15658313403596055,-0.16104522042233466
A,-0.24834138671075515,-0.3125813247591396
A,-0.2099751985088768,-0.17419922277258468
A,0.3293092473839024,0.2969877302604916
A,-0.2970780009204888,-0.16170611749513333
A,-0.14035109640603896,-0.13661815532061722
A,-0.2694782537291048,-0.24014929083879605
A,0.44106033816014256,0.23863801638795257
A,0.38555293424154424,0.21480756413000182
A,-0.1364177903354154,-0.10003755242462786
A,-0.2774180668092286,-0.2945002509896229
A,-0.42287509225553305,-0.3765125857677716
A,-0.20728186895057166,-0.1923630861891328
A,-0.2158362823365188,-0.20608776736949075
A,0.1506011827969232,0.09013991440823503
A,0.1771311192712059,0.14025860034431398
A,0.37520519371531336,0.361090227861689
A,-0.36294213154532967,-0.31859258916675437
A,-0.3184259536650922,0.30029171103203717
A,-0.21599645360926326,-0.1966897253519933
A,0.09173222277140866,0.17070362264778424
A,0.34030302757223957,0.27791360680928373
A,0.1783349591446461,0.167113088382869
A,-0.44407222406292207,-0.3603114539594341
A,-0.40325603114593267,-0.3716173487696805
A,0.1521167556029278,0.24328729486946446
A,-0.23492586667087717,-0.2392816760817442
A,-0.18630351895869532,-0.07315540643452191
A,0.16281789831182444,-0.29318257002737286
A,0.3520573530543132,0.3157392937969238
A,-0.1370775686624271,-0.23954194995472797
A,0.10418003668405645,0.11087577949363815
A,-0.24992509331238627,-0.29310892381899056
A,0.22907388642241297,0.2194998994137642
A,0.24504434131018274,0.27171596266846076
A,-0.11918001059005441,-0.11596679327899477
A,0.2962379614529682,0.5880397934362773
A,-0.16395656044062923,-0.12156240268977297
A,0.4255634862872722,0.3883652905950582
A,-0.19899431249976057,-0.17893887660283186
A,0.15671501227553325,0.1306712095839331
A,0.06271813434398289,-0.07395584539816503
A,-0.18850699761007592,0.5213911154701053
A,-0.4335152898251089,-0.16632424279854338
A,-0.23626435408329935,-0.19872793269523786
A,-0.22125590777024257,-0.20485747989715694
A,-0.39793431641827903,-0.34518011618388766
A,-0.22015219566905248,-0.2225570167869523
A,0.2059519504384671,0.19869790913691893
A,0.16587399591296545,0.14185928227512545
A,0.17531549278358588,0.17118101637453734
A,0.2876562224103509,0.2389928428761747
A,-0.4187587141439432,-0.3509382986449259
A,-0.2004644857709581,-0.1847804221213151
A,-0.4876008700165189,-0.41316661906384045
A,-0.3698194077633878,-0.30141897117603705
A,0.37087302677453016,0.17142579296422053
A,-0.40325096252854853,-0.25313847554418767
A,0.2951295794700584,0.2760061379875064
A,-0.22233079750767476,-0.22588336581922516
A,0.18163424478807563,0.1347278568497628
A,-0.2994438433607273,-0.26952771023081423
A,-0.12711748390802055,-0.1260742129852959
A,0.1413653245753754,0.1464844544374269
A,-0.1682824221344006,-0.18416840283484376
A,0.22337691244224575,0.17602994838038363
A,-0.2921288008366991,-0.3175271755390254
A,-0.24703971526047383,-0.21159934767664568
A,-0.21201465007013695,-0.21768556585648408
A,-0.11849204264866513,-0.08890791541635473
A,-0.25084969422473674,-0.1965791280516149
A,-0.1344248969100146,-0.10466813429975053
A,-0.20405220663025228,-0.17476567220949818
A,0.44782767063706524,0.36104245263790097
A,-0.16917914259234984,-0.14586123780926752
A,-0.46531195599204495,-0.40752572903908807
A,0.23034946696311218,0.22482081899023135
A,-0.29390629978132876,-0.30290223204330624
A,-0.2053458429361374,-0.09916366036525881
A,-0.3516457074747412,-0.3541535928816627
A,-0.23579615619570587,0.13489198490822488
A,-0.3931959101102628,-0.3386951964306974
A,-0.3028910770818263,-0.4136246969901598
A,-0.4913498977323809,-0.4300368028209887
A,0.4188336852380054,0.3413381567254963
A,-0.11579340174199937,-0.10099840823733924
A,-0.40353486236504416,-0.31205512587860657
A,-0.36522847293695093,-0.2943190091721739
A,-0.2551533807977158,-0.2548224777842496
A,-0.09491298589955889,-0.28113507204334176
A,0.26160245938097254,0.2470828895754866
A,-0.1616194397451546,-0.16400412774734996
A,-0.12059241126690441,-0.10788626420678836
A,-0.009109341052817558,-0.10724148869703724
A,-0.12064307629652674,-0.10261129254405602
A,0.15080799648352963,0.11799766110141985
A,-0.4225285453037306,-0.4008740946446291
A,0.23834944818919734,0.20624629630973407
A,-0.22105218644059796,-0.3397834470226796
A,0.11921011719541545,0.11860102583935514
A,-0.3723199868407943,-0.3699113195666598
A,0.11322071397184716,0.0972486621061195
A,0.32396407952294065,0.27010787314957996
A,-0.17236428271264947,-0.15304368851130193
A,0.183324081157725,0.1704799939614076
A,-0.15600064807662328,-0.14457641793320117
A,-0.08353623463534798,-0.3309163314782614
A,-0.27211632512222184,-0.24871798828331232
A,0.19477584092724254,0.20341564293999992
A,-0.11118414668822012,-0.10955908482714032
A,0.10900775522032517,0.11463558294620624
A,0.4713542193620766,0.40383178945725945
A,0.3001261052131519,0.308894952531473
A,-0.46505316411106523,-0.3961007402730528
A,-0.3710949783310198,-0.3640479678527507
A,-0.2053361771410554,-0.23492332075624683
A,-0.24679396819330532,-0.23352210458956726
A,-0.23745048796694984,-0.1960634917778782
A,-0.29716213126040514,-0.30960061963958513
A,-0.16046660229960735,-0.15391554229860588
A,-0.29221042183413687,-0.26978325145759174
A,0.27307110982740107,0.20733345425010707
A,-0.32052420142322563,-0.2587807997562661
A,0.2180387025105334,0.19026376173993323
A,0.14856011366480606,0.14187429408018562
A,-0.0710287686747949,0.16093225426514793
A,0.45125078252442885,0.3523927045587467
A,-0.3620926891508609,-0.331087296729674
A,0.19148311499964074,0.1734242377235834
A,0.15672623223146778,0.24169496109144506
A,-0.2242619720775634,-0.2311708522994982
A,0.22726304346605497,0.29443220969036044
A,0.42610890039030835,0.348035841216257
A,-0.2844205786037183,-0.1585063638269787
A,-0.14039819541940232,-0.1284814786791665
A,0.4524290710813625,0.3905767052646588
A,-0.15964708512971817,-0.16769662708147498
A,0.20441827192329434,0.2459777752907525
A,-0.3171959397395896,-0.2266415229964321
A,-0.23681673666311595,-0.3159554466483439
A,-0.31943549683512024,-0.3074876258870225
A,0.3491353677745052,0.33393910963380186
A,0.14396115202901189,0.13260684040051543
A,-0.27490807378547766,-0.25587359322330216
A,0.3200408692782705,0.272556657647731
A,-0.1444437841739429,-0.11539976481173769
A,0.2259457270650597,0.1845032477337379
A,0.1687329234690497,0.12624361317829141
A,-0.14566556780568085,-0.10135170269344583
A,-0.12477353915814744,-0.26659727622379203
A,0.23883323186957464,0.22358343415448942
A,-0.18900700709898224,-0.18764817465230574
A,0.2555329075233844,0.2918270351957899
A,0.25084761842315983,0.22985359179542747
A,-0.32686809133017747,-0.28998489063823335
A,-0.15698199857306042,-0.3385724981481988
A,0.3067226886184996,0.24534724189226517
A,-0.44876501236643335,-0.4149172058827417
A,-0.08730994787914706,-0.09354859103250528
A,0.14651091726513282,0.17908089789476625
A,-0.2505003493958102,-0.24817584690093747
A,0.2169891827051068,0.1901937949940289
A,-0.07284787068560283,0.5684876130214066
A,-0.1546650954296981,-0.407571448803657
A,0.1918041201368393,0.17319109466859345
A,0.3193691597162144,0.2866312230049997
A,-0.14767673424253372,-0.16292186207119336
A,-0.41045893640612996,-0.36794994657797536
A,0.41787068449405007,0.27522472414084037
A,-0.2887373044709713,-0.28373634354845023
A,-0.20576283384749094,-0.1745172260428138
A,-0.2549558379156849,-0.23786272333949274
A,-0.43955276256816334,-0.5378823758802271
A,-0.4239291397078347,-0.37281751547179226
A,-0.2046428253441657,-0.17160828601228986
A,-0.40909123983724216,-0.3328579816992767
A,0.1631771787479659,0.1521155637502155
A,-0.14050805472831676,-0.14832360163611266
A,-0.471840585983647,-0.39825366387566236
A,-0.1662976811850831,-0.1504629624197584
A,-0.43556552614404803,-0.4214680615984242
A,0.3915783690536107,0.3505073003068424
A,0.15660525414188844,-0.1196368656074695
A,-0.23666121773665202,0.28458506163229835
A,-0.14098129347071675,-0.12411443585091127
A,0.14731048507422315,0.14284308596791623
A,-0.32172112239497697,-0.29597540381336085
A,-0.242843765105963,-0.33950490451559384
A,-0.31240504185466644,-0.22081387026645488
A,0.12312039359062633,0.10851440194726633
A,-0.18862191795761427,-0.17465017537242133
A,-0.47286706372208753,-0.3293169616781333
A,-0.19992063259228585,-0.19202871764899251
A,-0.4128550340882382,-0.45829846655517315
A,-0.14254265416762132,-0.175989041992555
A,-0.40217748853794605,-0.3760797568370087
A,0.1803193741102214,0.1784238394788306
A,-0.3368342673689021,-0.3295360821283158
A,-0.15100895324352245,-0.24504190205501503
A,0.1586583744525799,0.14312875909486095
A,-0.22469765457932114,-0.28451747034000296
A,0.24431264967500935,0.19298208630404887
A,-0.2763589174246789,-0.242480282345673
A,-0.020783793971394352,-0.09075918028995064
A,0.4794909939663419,0.4951370657066007
A,0.16149694479356763,0.16275018844202171
A,-0.19308521212895816,-0.18333725136178103
A,0.1987002450670328,0.3898015530922076
A,-0.2324922081080088,-0.2176468824855706
A,0.5881918613867277,0.5396514548951183
A,0.19043120643316738,0.1979441336761525
A,-0.2028413741441929,-0.17275674943561842
A,-0.05594926462771833,-0.25873237458288717
A,0.3967464917050941,0.3586009491264132
A,-0.5194698788124754,-0.5445821986667863
A,-0.3328329242471948,-0.29965554185970017
A,0.2840703423148025,0.2574165962626602
A,0.24999626149042592,0.32942218870488443
A,-0.19182679584261866,-0.19259405282116562
A,0.17598834624273377,0.2261206439019987
A,-0.28101012658037783,-0.2535140262138929
A,0.19629376521924413,0.20282717981487305
A,0.09277508986078108,0.09135785452864396
A,0.4378250167401869,0.35449590612433224
A,-0.27003868793219754,-0.22475581146227103
A,0.463212419686281,0.4093068012291724
A,-0.25946582818618463,-0.2405107116119063
A,-0.29808035631558577,-0.2745778222550013
A,-0.25798727336797145,-0.2830381110349878
A,0.23201259671401164,0.2171668698294502
A,0.42237232231203353,0.36547379019936166
A,-0.28328486286521987,-0.2555788203547604
A,-0.3671097088701828,-0.37367565819711074
A,-0.28126307807325396,-0.27108179502197083
A,-0.1337308411083919,-0.21182079334718232
A,0.22966402832139862,0.22013684273351397
A,-0.36097692461932385,-0.3171837442298131
A,-0.2390015176329605,-0.20380306211975538
A,0.39147168797105436,0.36919011505601596
A,-0.13214543182205846,-0.13287434731123832
A,0.28621519964358727,0.2655931592070583
A,-0.17175483835142177,-0.16958141933759516
A,-0.28798998023412814,-0.2527716353496526
A,0.270481735167559,0.1925907289194771
A,0.1055505743212127,0.20965823696950628
A,-0.3725374960091335,-0.33500141516576504
A,-0.06860923060924354,0.43840494267754276
A,-0.27857908607675846,-0.26768405371595677
A,-0.2300452163271277,-0.20855453588759995
A,-0.41652103982225186,-0.21595636494297488
A,-0.4364921889165774,-0.3843297733946426
A,-0.38543979383731714,-0.3415870513082188
A,-0.16766143540686498,-0.1400057534375534
A,0.14310293336511448,0.12545707607094303
A,-0.20217094734846078,-0.22319890667314232
A,-0.2749594268822119,-0.25697606062090045
A,0.3002414722428012,0.25265541819637466
A,-0.2973569809591654,-0.30374450269466774
A,0.21480808354892575,0.23619235078916898
A,-0.23811251929256783,-0.21167778330048095
A,-0.20069796406808352,-0.15845920460924137
A,-0.33160769768014464,-0.26576653518486953
A,-0.20103080241164992,-0.19560844471234448
A,-0.48083979328162024,-0.5411297274164386
A,0.12288140861498044,0.1002830931573076
A,0.22151899567341177,0.2525360910880895
A,-0.22299976409263464,-0.2832557776728985
A,-0.034403838665577995,-0.09900677423990364
A,-0.189843316905844,-0.17475857429998534
A,-0.5969240330731022,0.32916543257316955
A,0.11570189406697075,0.10704718192694429
A,-0.20593120883432256,-0.20244836850107134
A,-0.24627750929740516,-0.2206374314279134
A,0.30932837574308697,0.29138599818774397
A,0.1441718168207731,0.11713269060865414
A,0.29971805098062887,0.25546042342637415
A,-0.2847214245489581,-0.21848385230245962
A,0.13304773010801635,0.20166322673211945
A,0.22918416306086292,0.20117650446712368
A,-0.5841276452080512,-0.418564006319085
A,0.15271960108420274,0.1293491245017226
C,0.32493597456865075,0.19127429681900004
C,0.21527973746627987,-0.12337611649389997
C,0.12471562748267519,0.10034317955979793
C,0.19996296685089265,0.11418606053337525
C,-0.2965011072895259,-0.1787400777793665
C,-0.21618950185510283,-0.131121542243195
C,-0.24826473929008794,-0.16790793396683099
C,0.16343363434957048,0.14365449574505226
C,-0.25059701038414894,-0.03396645715396718
C,-0.16279419228537764,-0.11301491977319884
C,0.18792238532979916,0.15567137759585556
C,-0.1580279739027131,-0.2569762030777452
C,0.2681595108409029,0.1600485479137464
C,-0.28225441507065346,-0.16490275186404957
C,0.4444566391080548,0.26460592510236175
C,-0.3170755785864084,0.5750464800817441
C,-0.5461349454105812,-0.29620980382029916
C,-0.3086510666413107,-0.20059828372814778
C,0.45797682253577865,0.4321414030253191
C,-0.43647175076648403,-0.22025968080202585
C,0.1522707002306405,0.09027345773796595
C,-0.4649152198116193,-0.33067945110902236
C,-0.3006610298717881,-0.22595077454174228
C,0.3577637864868845,0.1882962988576427
C,0.22839258964511375,-0.24050411433830648
C,-0.18872761326983134,-0.14533534937903989
C,-0.2440159200532992,0.26575808603620715
C,-0.13471933131251534,-0.09864687008149962
C,-0.17172115059057871,-0.16444184015517557
C,-0.15904310802105834,-0.12633648904101932
C,-0.09505023379387606,-0.10283162262533119
C,-0.10013541424987613,-0.0776944012891249
C,-0.23580315128724355,-0.19246267870595063
C,-0.21241289010196665,-0.15402857599231226
C,-0.3351035096120471,-0.19157114990913884
C,0.12787579485571526,0.14982886130767092
C,0.14545220556792818,0.09243597373006789
C,0.2964764480069632,0.18895446804770466
C,0.21974879473337325,0.15469524157469997
C,0.15615756408486875,0.08654690229768545
C,-0.5221081150145693,0.269696431592712
C,-0.23532876826356144,-0.13298332507320368
C,0.2946684874031544,0.21630416481001138
C,0.16687901487693246,0.10474267301760685
C,0.42782436712741606,0.2809278162416045
C,0.019245085733318956,0.30940895659344214
C,0.24317588763488412,0.14360118737354455
C,-0.265000685219338,-0.1689110255047975
C,-0.22811777071821374,0.5704862110031416
C,0.20427861285684484,0.1388182515104058
C,0.13052940205573638,0.10073294101317179
C,0.2857699689232672,0.18950424497435056
C,0.15241451243777487,0.13898711168741357
C,0.29826204682032087,0.20359366760267888
C,0.22823929859883718,0.141080852424413
C,0.12874452659553726,0.08828843021139159
C,-0.1451375175220955,-0.10861218533596981
C,-0.03783851594149993,0.14275325723207258
C,-0.27657120645124605,-0.21060021041066185
C,0.513144038436801,0.3098623382983058
C,0.3307964348978413,0.1879250238274046
C,0.035043190675491755,0.33565140599983734
C,0.2046203867900687,0.14804279449867003
C,-0.3879715886972037,-0.24627299011305562
C,-0.32271433752771184,-0.1850750926550673
C,0.264050973722793,0.1612554872838501
C,0.27229804696225435,0.169866872191643
C,-0.28575462406157726,-0.18309417661417124
C,-0.17454117370726677,-0.11411522476486481
C,-0.2793856944025186,-0.1728645215462118
C,-0.25557179200759744,-0.14510405203507729
C,-0.6437116636577832,-0.3683996589396805
C,-0.15503960964837882,-0.0844079212520294
C,-0.13006237148539698,-0.16404074441069907
C,-0.2153145636601169,-0.15135084731879153
C,-0.2242483627273724,-0.14064715632471142
C,-0.13435677490934397,0.09533551156890759
C,0.250118200352296,0.1648880816049039
C,0.2097128621072756,0.16028118102171482
C,0.3580679589242267,-0.3093109381507049
C,-0.3851593150157312,-0.25123138490872887
C,0.2860786463424283,0.17441763681946118
C,-0.21341836672264772,-0.21367191987460402
C,-0.11969483423293056,-0.07945681816072411
C,-0.10911998620123083,-0.08614042757839764
C,0.37322361768011864,0.24135718176922658
C,-0.17430922173767252,-0.1195342286293728
C,0.4775233084339301,0.26944412014961333
C,0.2023507727242373,0.14719089627249463
C,-0.22021387073660156,-0.12675666140889577
C,-0.5394083738275434,0.3925326226040385
C,0.14182356536589802,0.09600992481324414
C,-0.5962914745837268,-0.4742186718605012
C,-0.1521904841090612,-0.12341347551871494
C,0.34868727789104376,0.25370049145482754
C,0.26860363575101137,0.1555952555764129
C,0.03565767172849411,-0.09649758131627185
C,0.34717915464345844,0.2242908861109907
C,0.18190111938344344,0.10449786500168715
C,-0.175384670792432,-0.13504487387556513
C,-0.24463775753623165,-0.1781011247385651
C,0.15977053882967757,0.13698806260924307
C,-0.06524794595183178,-0.059491615908474245
C,-0.344971495692579,-0.2651577195799918
C,-0.32762300107537085,-0.22912502558279654
C,0.1516928438499073,0.08214809107940788
C,-0.33364642875340983,-0.19472492489105142
C,-0.14937603800877758,-0.10296906465746203
C,0.03855950257618207,-0.20446559699658998
C,0.3976722647622474,0.28876307137762375
C,-0.34985193187123215,-0.17729221877131207
C,-0.38082700922991164,-0.3150394691853173
C,-0.14774690687041186,-0.11472186305602428
C,0.11103637682768913,0.0839971055018069
C,-0.2834541156739634,-0.4733125386725099
C,-0.12732250122954125,-0.12235068615772941
C,-0.2447626165528669,-0.16767767383948923
C,-0.17004017419033804,-0.11547413700108816
C,-0.2523153522224186,-0.21591396747266017
C,0.37415502549006957,0.23768123425789447
C,-0.3042422464124851,-0.11655247253742299
C,-0.3984044646345066,-0.20511984986552814
C,-0.4298878646094751,-0.25386780066452486
C,-0.334898840320295,-0.2840125819707409
C,-0.4511286663779872,-0.2917754334057933
C,0.2703337034350519,0.20355315150124612
C,-0.290147545702111,-0.2130435164153111
C,0.1464375644860239,0.10312478321720138
C,-0.15564869748621393,-0.1021991371795282
C,-0.1481190319681549,-0.11803892503052911
C,-0.4189278335071577,-0.27373045932067486
C,0.20031082561185157,0.1433025786130115
C,-0.17497687845296092,-0.15311619971227675
C,0.3518838291213101,0.19811753461237366
C,-0.1995833447210132,-0.1494976285393428
C,0.21759645421440077,0.12501422201591356
C,0.47176269954718536,0.378964561527594
C,0.2032188738181587,0.12612223156087604
C,-0.2042731443186281,-0.1696597882187552
C,0.16465277408044382,0.11267164128979046
C,-0.3374495376068336,0.4533257375309747
C,-0.2875028031331588,-0.24494990739250594
C,-0.23855615306795797,-0.1696447655270644
C,-0.3170565616420422,-0.20292318597920553
C,-0.1410715134846427,-0.30650253549404477
C,-0.10585193670034194,-0.24892120846849067
C,0.30589163123987945,0.16437420411450504
C,0.15980147474445777,0.10559873156653524
C,0.20998670882798026,0.13737053527404128
C,-0.1714968343824951,-0.10170008494794879
C,-0.10340345889307537,-0.07353605438243044
C,-0.2621023385024665,-0.1728231862420706
C,-0.06240172329362216,-0.19583765712960732
C,-0.13080989927946352,-0.09788057007224371
C,-0.45740974214081165,-0.31924070799327114
C,-0.13707710955874344,-0.09623501169701786
C,0.15900871516892134,0.0948785141010937
C,-0.10860647711427089,-0.14389641056361302
C,0.15404282623712473,0.09845862872522791
C,0.21916535401735884,0.12012535701140889
C,0.27111373811346134,0.1951621771035964
C,-0.29268573938192816,-0.18804731222980794
C,-0.2965721919253697,-0.17779363029304998
C,0.28852404312347574,0.09585771028692597
C,-0.2805882132907894,-0.17728197249571606
C,-0.249468057660115,-0.09054234018926569
C,-0.31712749434448423,-0.16699292561067303
C,-0.2120727146543467,-0.1518577514883637
C,-0.13633379134138424,-0.1942899015949713
C,0.3785918306351131,0.20779124763850346
C,-0.5846038310047477,-0.4256373128693563
C,-0.30977684356520874,-0.19988458166906298
C,-0.08907228239050066,-0.05998539250261683
C,0.2839534314159921,0.2104895422338313
C,0.2680888320824774,0.18086819146475977
C,-0.1862830287583101,-0.11319954091813847
C,0.27865715537541924,0.16684087417568091
C,-0.12052116390923283,-0.07559965216638193
C,-0.13038737726958333,-0.08550310206061187
C,-0.24423000720430876,-0.15371994176214648
C,0.22210142038443817,0.10835709256224965
C,-0.21126908389529445,-0.17805595139531968
C,0.4174958272726636,0.27927259704492496
C,-0.3590817598933498,-0.2079893139803291
C,-0.2352695363913101,-0.14444824945109647
C,0.3157853514480797,0.17722914084778277
C,-0.15738583698790692,-0.11430377684914252
C,-0.1326147216517686,-0.15866764947762857
C,0.1966505379463979,0.09164055878155367
C,0.3324457478813266,0.19999599791255393
C,0.2593497505574003,0.1954082432150217
C,0.3706907363899581,0.24471721130361462
C,0.32818135824870126,0.18625520363355866
C,0.22246956447977925,0.1552726779558695
C,-0.24864405537384804,-0.15638643918753808
C,-0.28008069543829134,-0.16599766142782582
C,0.2047150671391405,0.137612027619466
C,-0.217764459709721,-0.1757993487687336
C,-0.5655327121093495,-0.1708027786196996
C,-0.3262306703787614,-0.20923023206522876
C,-0.329453139746292,-0.1791392762819901
C,-0.19685623501768473,-0.12482041727971621
C,-0.1225555289798134,-0.07166652272322206
C,-0.4107234403702778,-0.2612267652067489
C,0.31232781333288584,0.19059562610221908
C,0.10034259603906924,0.061840305642926474
C,-0.5791924094229598,0.4129874448138053
C,0.3547601685362572,0.2027139618525249
C,0.07130260986506178,-0.23096591042389147
C,0.12764931246934602,-0.17068200820596743
C,0.3076750396537703,0.190881481511395
C,0.2841672853136085,0.15553401720621018
C,0.37449824575063245,0.23446742417610839
C,-0.2418915779965205,-0.13681623661061493
C,0.23481997478176045,0.2116243280660546
C,0.3852515097566771,0.23512805590565292
C,0.17465443898167685,0.08620310504236586
C,-0.30292933349095813,-0.16968762114137997
C,0.286915121962448,0.17677616656234302
C,0.16799772244939976,0.11843927222255088
C,0.21798282377426464,0.13895812018233117
C,-0.1883397165583917,-0.1256021652547219
C,-0.2591385278500349,-0.16272850866891245
C,-0.22744570752902665,-0.1493448680143244
C,-0.34602594357992583,-0.1765402958837725
C,-0.2787005373303847,-0.11010058055222861
C,0.255542462356403,0.17089547336615313
C,0.20644806404333801,0.11173294691175618
C,0.1417319438806451,0.09795194705549141
C,0.2245833806671431,0.13584491953674846
C,-0.21812944444963966,-0.1265484902655029
C,0.1912254628065807,0.09735570190124898
C,-0.21638451655845528,-0.13581476236976084
C,0.19696073054966845,0.12651105591479392
C,-0.14957193333096575,-0.1374111267725178
C,-0.1621117229184564,0.4240392209012276
C,0.34954814660547606,0.23019824568964156
C,-0.3548130004033784,-0.21710162061990357
C,0.36725402063197377,0.2096011816480522
C,-0.20542762287578922,-0.119510778828175
C,-0.4387293620170512,-0.3159938457901675
C,0.264722618258507,0.2011923528886757
C,0.44808705680746036,0.2906035938379181
C,0.28670790437529897,0.15269218776101173
C,0.08871919108919457,-0.04734565984693369
C,-0.16248218530892503,-0.17034952737189893
C,-0.31292482139910816,-0.18391821122299648
C,-0.2616761424345869,-0.15116274070429206
C,0.15018391016447713,0.0902596523199373
C,0.41204409776810264,0.31588646283498373
C,-0.3350537995440015,-0.2192389694404131
C,0.26038159346928463,0.16480348010384333
C,0.21144350846597218,0.1416508611807545
C,-0.19438600801476913,-0.15417930837560914
C,-0.22816202384011156,-0.14286344978174118
C,0.31398746951106027,0.18473714308108874
C,-0.35414665347820096,-0.19846027755428836
C,-0.5129450194371505,-0.49412090292048183
C,-0.09882527422015722,-0.10460188702088893
C,-0.29810437312469285,-0.17236893086462465
C,0.389453056832813,0.12220876517965484
C,-0.23496189420631988,-0.12813863781188392
C,0.17775939022364323,0.12060886157440433
C,0.33449223111587756,0.2216178200909389
C,-0.228408585761032,-0.1463403843246014
C,0.1941527752292717,0.108365381714449
C,-0.17518990468115567,-0.10085429231167943
C,-0.13113041283270926,-0.07580255068128115
C,0.28430279240257905,0.1827950010388335
C,0.10397994509434123,0.07035363729838269
C,-0.2088614489271302,-0.1482845806747943
C,-0.4379391437170558,-0.3185003880516016
C,-0.34023335122020976,-0.2383734996114649
C,0.11153530259455038,0.16520586001708923
C,-0.41078676461542435,-0.24059469200489927
C,0.38209213902520467,0.22531224062128433
C,-0.1570592739200655,-0.11831856468323775
C,-0.38491825381502226,-0.2308064805393306
C,0.4420464924447965,0.3159253310121065
C,0.28548461107890644,0.11177979331124488
C,-0.3114971264000447,-0.1574822503438509
C,-0.3534146284867503,-0.21719649511015846
C,-0.18075117552296505,-0.10665940770152825
C,-0.4838042142429916,-0.30387900535919904
C,-0.2379899816634553,0.08102558328565304
C,0.3517234005501942,0.22916565990520024
C,-0.3046136669312054,-0.18297677848289579
C,0.20251298253970645,0.12736367708285412
C,-0.17454946155774,-0.1208575785002931
C,-0.5809194319454992,-0.43625207531302757
C,-0.1728448468823543,-0.11801621635556649
C,0.20001804901074652,0.1362694883059276
C,0.1699395534612276,0.13375837289797204
C,0.3918629327361209,0.1653018252321661
C,0.20643861599700775,0.38625809595182015
C,-0.24632054741475565,-0.2318767823600333
C,0.11750102116752556,0.222946892663324
C,-0.26406104368178185,-0.16749674028581965
C,-0.3565063207926409,-0.19010481204849397
C,-0.36274032400982786,-0.21117955796289783
C,-0.22202485196743366,-0.146360114342038
C,0.25303528081757204,0.1424739437198355
C,-0.4283283388297162,-0.3974790252645438
C,-0.34986267877466065,-0.2585720954518542
C,-0.02931032412942694,0.09284221087499642
C,-0.21991188446212526,-0.11540625040083043
C,-0.30617921426069844,-0.2317233188843432
C,0.2731556872671361,0.22739406281377328
C,-0.23597240078382903,-0.19686158335407794
C,0.3628350235048936,0.2500025710661004
C,0.23555240557529392,0.173213486729136
C,-0.1238919536958057,-0.10893045333493466
C,0.35695580312097563,0.2349634316315898
C,0.3439377681795819,0.22278109090314924
C,0.2651248693289127,0.1595335855095677
C,-0.1377816774475644,-0.10553719031801854
C,-0.29766606252428424,-0.1847227482910698
C,-0.15655084657390425,-0.1359221311843893
C,-0.11569676722311704,-0.07246800496168118
C,0.16523394358905755,0.12686337016296037
C,0.193069855766836,0.21747153643234238
C,-0.38412963939397204,-0.20790344195947208
C,-0.11410104099608995,-0.04831764803929031
C,-0.3511381510243334,-0.1933674355608827
C,0.2961863497351763,0.12571477482303442
C,0.39970815043576147,0.13300318862006572
C,-0.18916467367309542,-0.09766431972238428
C,0.1514656849850381,0.1225861298673399
C,-0.17146170302729946,-0.11320245329140764
C,0.32338675357231256,0.19340242112070194
C,0.2062903922565028,-0.5771764790643987
C,-0.17455343441162338,-0.10577137710530557
C,-0.2874656788346105,-0.18506712791143554
C,0.1723263282058772,0.12869133087808252
C,-0.2506998398123367,-0.17347460084284325
C,0.13933575985897456,0.08586893190864933
C,-0.3916023838919786,-0.2002171110490528
C,0.5035624129406296,0.23471811724589173
C,-0.2091863154348812,-0.13434686978754926
C,0.2691187504247591,0.17333514159754193
C,-0.2044673938926455,-0.11410743448512263
C,-0.13147772797211507,-0.12719659798073485
C,-0.2710359712450401,-0.1532923920341309
C,-0.2505585863955833,-0.15172868528357078
C,0.3291846286703813,0.1915457536035787
C,0.48412002162033296,0.4780489781293909
C,-0.3074859696105823,-0.17368972656003276
C,-0.09300705531612488,-0.06627026802703556
C,-0.4781939542886845,-0.29155009239883034
C,-0.23284597545620236,-0.12366519772728991
C,0.30234220793046984,0.1370391961888068
C,0.23519006110268445,0.13035145120291164
C,-0.2701104069620812,-0.1621752677701675
C,-0.16356321088958112,-0.15615591524838607
C,-0.1974980449090326,-0.15942396148977717
C,-0.19185757308248616,-0.1562556134696512
C,0.23520566930329243,0.12684030087906387
C,0.2455615675235399,0.1426685368806742
C,0.2677859839238702,0.13478798978248524
C,-0.14892985459274388,-0.11278216268848171
C,-0.1448998229035106,-0.11450418420728015
C,-0.04276060285142859,-0.41076113173628276
C,-0.26302610647298724,-0.1913803949113434
C,0.2309030544811889,0.10907038798968424
C,-0.46189506923708673,-0.2583610054952025
C,0.12922466021603893,0.08487816238313182
C,0.18502873713185392,0.140400819005697
C,0.2488099019115519,0.15773771127647404
C,0.15433691099667582,0.11405099972716272
C,-0.15954706083198048,-0.1081223374088169
C,-0.32391828776353077,0.24956641131310536
C,-0.22199121077800774,-0.14870480455084803
C,-0.188641971196193,-0.12752202395337547
C,0.2812211903993827,0.19011749580874016
C,0.04003544657782701,-0.29494673323748083
C,-0.1939401266393931,-0.1304537704279486
C,-0.25764392930783525,-0.14686791996424264
C,-0.3487069558593593,-0.2100428088638725
C,0.30460162763354387,0.17158437998060322
C,0.3458790413693774,0.22437156652058168
C,-0.45192281112520316,0.5611635065883345
C,0.4557550866192801,-0.24447341453187485
C,-0.2780090816262948,-0.07297490803205739
C,-0.1504729879927205,-0.11310347555028757
C,-0.2416940025420577,-0.31588687718056424
C,0.3218719219134737,0.21603022371377875
C,0.2152578544427181,0.13478015962661613
C,0.17419458380870306,0.10694152181931632
C,-0.2559298885812029,-0.13620507546137445
C,-0.28724619814999625,-0.17197299010653938
C,0.21300262600864409,0.17934852357739228
C,-0.38602943706114223,-0.2430605655145779
C,-0.43210439171030696,-0.27170855306345204
C,-0.2602863115878741,-0.1250300084243774
C,0.28330807128484503,0.1744956194983918
C,-0.40339264059228813,-0.22598931766387198
C,-0.17362704263456655,-0.12184410075646922
C,-0.24652947306306774,-0.15046289523523448
C,0.24516116520930842,0.28039681328259974
C,-0.18868807414867053,-0.17163794764439358
C,-0.16993791468340103,-0.12750462690060638
C,-0.2377067002235138,-0.14688604083639734
C,0.1600433609168398,0.10740617704685977
C,0.1802977336034614,0.14171398919449643
C,0.10116127636975125,0.07562331617464954
C,-0.3819432625148018,-0.21978167114377603
C,-0.3771390699401401,-0.21201319556445147
C,-0.14310622093080702,-0.09532759514971126
C,-0.13929597613774472,-0.19811105985217164
C,-0.12542727767941395,-0.10241831103250922
C,0.26367087460782623,0.2606791258986683
C,0.514452213426849,0.3332616552699112
C,0.17533492785481056,0.10143032697716592
C,0.18825101124635532,0.13885131560775682
C,0.22574585416724324,0.1566899346972149
C,-0.18158636070907613,-0.11875952157746222
C,-0.47886334525755025,-0.3089017157391328
C,0.17226169095415694,0.12355024133932316
C,-0.11896521222741155,-0.08831884441718608
C,0.09676424760560212,0.07767967432023477
C,0.15443521898071272,0.08472537483855933
C,0.46665118397431504,0.33428393589253724
C,-0.47795978058797517,-0.2655729985200139
C,0.11953766342834084,0.09623673952936056
C,0.18353070942312805,0.13550247042623736
C,0.21429843131120901,0.21526635150930268
C,-0.16173380735193582,-0.1302530974028104
C,-0.21034744472640093,-0.12462450903656508
C,-0.41395736807903155,-0.2600739348577121
C,0.3529511724021281,0.22397444116967363
C,-0.16731979450372722,-0.570229849622863
C,0.13595222539376148,0.06557089326628121
C,-0.1770772612399357,-0.10061272570276068
C,0.138684921042966,0.24445966587465048
C,0.31138081644749616,0.18751293122631962
C,-0.35766544627185887,-0.10953431253815143
C,-0.26221747632984155,-0.1503484677552192
C,0.30005698798056263,-0.3720698077702045
C,-0.24375177636705206,-0.168576548686249
C,-0.1535384087826564,-0.11572288824561773
C,-0.30490727465950274,-0.1987420381833714
C,0.6095570863870491,0.3834455033562218
C,0.29179018430664294,0.13651494946214685
C,-0.3525532950140047,-0.21590488205449604
C,0.18761848702070422,0.1322994533871102
C,-0.28508472901003246,-0.2179714543190342
C,0.11681341324224108,0.0714475902332847
C,-0.1696806562030028,-0.15796305460426996
C,0.3537517506542137,0.19701048820484257
C,-0.15835748952591733,-0.10745550044513377
C,-0.18256908144110798,-0.12548319473500869
C,-0.1759315302515757,-0.12475945526084462
C,-0.13461373717402278,-0.12033818259579317
C,0.24743007255461144,0.19074211573838926
C,-0.13103541375873792,-0.08910501888564339
C,-0.07837498757189548,0.27063358953799793
C,-0.1426593176612369,-0.08033513316485298
C,0.1187259379965438,0.10337998366206562
C,-0.13844572704700672,-0.18177661619592878
C,-0.3882989796466767,-0.2379356241771857
C,-0.18050705530022687,-0.10708793359081047
C,-0.11524269062551018,-0.06996800462324201
C,0.01913582949467392,-0.09851491202237876
C,0.28590472055031063,0.17864525359273947
C,-0.11094278095918961,-0.024395473905497612
C,0.12712991799457776,0.12820379681508728
C,0.25303799418844436,0.1623146809310193
C,0.1293707529265712,0.09261629909329483
C,-0.17310319131232535,-0.1290677175683475
C,-0.21059796060033467,-0.23482413276351513
C,-0.3844171557747674,-0.2701393003171031
C,-0.3611229235845303,-0.23942497603133556
C,0.2559071247271773,0.1649263763889569
C,-0.08725261422783277,-0.12898960566248643
C,-0.3663747433914128,-0.23568292588580467
C,0.49336003151555546,0.15167026015427684
C,-0.2423858094611851,-0.17430912345724445
C,-0.18938457592231134,-0.08107875447113098
C,0.3313519120035079,0.18584478773707752
C,0.200892648062468,0.13445887197905107
C,0.3042092745028629,0.1723676703216392
C,-0.2330651211754648,-0.14453893155555267
C,-0.39742116417841206,-0.2724017316374057
C,-0.2123278668956363,-0.1560465364046079
C,-0.2241560166464162,-0.12690482416417082
C,0.21937899959619392,0.12297451919825894
C,-0.1303398284213938,0.2636287279577912
C,0.1837883458758931,0.1263019152810171
C,-0.3216938806320607,-0.02253716707941873
C,0.4730162977647693,0.2149392050252771
C,0.1750718471731739,0.13807021900864333
C,-0.02940800941912036,0.06816928357607938
C,-0.35557999572671534,-0.21665453069416965
C,-0.2839215868334372,-0.1943605321810574
C,-0.5165047774132249,0.47169794056942066
C,-0.20035568682396124,-0.19876450641270565
C,0.21851946847098663,0.1543723693669237
C,-0.23699420233680146,-0.10681574727798723
C,0.2528964264249626,0.16124138292379353
C,-0.21767804549760575,-0.1459971746331313
C,-0.15055346371820338,-0.08350537063811399
C,0.2637647023935075,0.17073445949700597
C,0.19311483488428274,0.12139468421385265
C,-0.11798963658907176,-0.07403912889296314
C,-0.13055626092585468,-0.08834725460219292
C,0.4032265833611171,0.24758674746961984
C,0.15840470629022657,0.12650916016724925
C,-0.15862401091031741,-0.08264900462047646
C,0.15983526852749871,0.09529864345171594
C,-0.15149415955727033,-0.1056759552844017
C,-0.18272814572946836,-0.13477483630543358
C,-0.2913327288251136,-0.23019223209831183
C,0.3618922565211787,0.24709820763987475
C,0.6416835119037058,0.391803711682785
C,0.2440377933162804,0.1694065742910552
C,-0.21263936748870002,-0.1547217957135488
C,0.12534052320159422,0.09516540697912833
C,-0.36338100838002263,-0.1874609489072838
C,-0.17154678292716408,-0.15081796921620758
C,-0.20701219112141245,0.1513753764724434
C,0.28944840424060764,0.18708150328993062
C,-0.42076079454336063,-0.3078618464682987
C,-0.4655567284244668,-0.3354688945212463
C,-0.26022112194951286,-0.1668646551305304
C,-0.39031908356848105,-0.08275056950399501
C,0.22318448650465145,0.14992731087369604
C,0.21844216793294394,0.13477421267365783
C,-0.21542521850269913,-0.1567643213503832
C,-0.1960711414758783,-0.14126642774526027
C,0.3014698348266237,0.14283017339961576
C,0.3331308794931048,-0.24617500089273042
C,0.3276710840683032,0.13313252714636328
C,-0.11677231302496352,-0.5222505046732983
C,0.10103506680891436,0.06592378571170188
C,-0.34697940777318725,-0.22585621942282086
C,-0.2896004548294729,-0.36151783788218717
C,0.2194704962277289,0.13750449486814162
C,0.1959872741844885,0.11595257779099362
C,0.3225185607538247,0.22257432544239797
C,-0.35398356655878477,-0.2673252100583016
C,-0.2323697985915165,-0.17270492748828864
C,0.2196680017960421,0.14238249013864154
C,0.36196490083208316,0.24617535648644345
C,0.2975132867562458,0.18211660269771707
C,-0.13162361567895756,-0.14215660223296717
C,-0.20812604313586203,-0.12798649950494034
C,-0.3991295967697629,0.525095814394098
C,-0.45932833916981386,-0.23093452777866397
C,0.22156996517062463,0.4683843289961767
C,0.2949772767706716,0.2114165168242379
C,0.269929575510026,-0.3593929288309697
C,0.1504060543518056,0.08052601334657553
C,-0.2964750934383292,0.14080540567666353
C,0.23024555132390223,0.15375164185995321
C,0.3256734595949165,0.181429358774393
C,-0.48036698587559945,-0.2985344777084212
C,-0.26499441898383813,-0.16466736106399343
C,0.18292446935538756,0.0930295376205741
C,-0.2855632780484061,-0.1645431192908736
C,-0.32653210444958175,-0.20720345547668992
C,-0.27548581734767713,-0.23366229001054464
C,-0.17803975826490592,-0.09797846770152333
C,-0.2503363606327877,-0.17009535020217748
C,0.23941566672665285,0.151149487585642
C,-0.4140806365239415,-0.27448873388897743
C,-0.22137370350980426,-0.19800794787338677
C,-0.1743803962686741,-0.10055522934560863
C,-0.4117221146251708,-0.27671455986958854
C,-0.37443288848613404,-0.24919634131372628
C,-0.31987970529089,-0.1804546280856146
C,-0.5526803537865018,0.4278089747924188
C,0.45470372466902487,-0.36798985261479034
C,-0.2720967468010035,-0.19427426187911717
C,0.2513014307046873,0.18385283956334786
C,-0.14877470873231594,-0.11743999702250142
C,0.2848461364631898,0.18828671649780584
C,-0.5140312185951258,-0.36556506859802795
C,-0.20904150647560013,-0.14289126777800965
C,-0.16304439915246455,-0.1572833891154493
C,-0.2519782315939359,-0.23379341739074136
C,0.07591440949193977,-0.09770615355252578
C,0.38613113469332555,0.14269425426968074
C,-0.49602154358933453,-0.1809493266943578
C,-0.2314174983096945,-0.1529460946981828
C,-0.26693341182160596,-0.15261584646295734
C,-0.16732047049356233,-0.11507339494341809
C,-0.33119073356078,-0.1615461111375278
C,0.3850899942965349,0.11351147371731846
C,-0.12094091563214525,-0.08156715021343676
C,0.5321573609044822,0.3595837178515035
C,0.005265589515027541,-0.23897981482199795
C,0.10620719932962364,0.11502347909274338
C,-0.15955426018464572,-0.13656241323953158
C,-0.031355830036945406,0.31323592320503096
C,-0.4672406309822839,-0.2689515927472515
C,-0.40919900628218264,-0.29290804294185285
C,0.10785488563325647,0.07025826367698972
C,-0.13470892503091556,-0.11444760619602487
C,-0.12782070940521015,-0.13515441117930932
C,0.20382621536855514,0.006187707836044686
C,-0.42480241940520336,-0.2969163433945389
C,-0.5185754567056062,-0.36728520752088023
C,-0.3305663506295253,-0.21607367160453705
C,0.33919984019536775,0.21158840896588157
C,-0.25005557916549315,-0.42849903199051814
C,-0.12876292706636847,-0.08347751767420031
C,-0.3590879520798802,-0.23898219101026097
C,-0.3899641081491868,-0.14165602719610873
C,-0.20219857234559738,-0.14372571734604578
C,0.2727379818749068,0.17003645635430834
C,0.29775271451101937,0.1789447962355326
C,0.32687857079062094,0.16433351232588084
C,-0.35055977807688976,-0.31461497626325224
C,-0.3299894293453145,0.3908263807252048
C,0.007422070331201758,0.10824318573085107
C,-0.17748180750183915,-0.10874038236088518
C,0.041299332729106505,-0.08526022119917658
C,0.18477083798649968,0.10904892733178075
C,-0.2907144725724873,0.47471947638265044
C,-0.13582666467129187,-0.09715293200254033
C,-0.5270639435237042,0.37969805801184203
C,-0.1368867171339864,-0.09878296043587931
C,-0.3132813347597551,-0.1272728770768198
C,0.4370665376025256,-0.18490482574574885
C,-0.5113002199683738,-0.29404752637084247
C,0.41019609821668496,0.2575808306108634
C,0.340706802493809,0.21307953484414083
C,0.23307175601655886,0.1457986365028169
C,-0.4269615695903926,-0.23960136618163824
C,-0.11603822591318637,-0.06848009357127982
C,-0.56695626313475,-0.2984741648379763
C,-0.36975715889587824,-0.46266735933463926
C,0.09345765087573342,0.04219958724721897
C,0.2641312752290205,0.1595351505675908
C,0.49551908378643816,0.34665606315298614
C,0.3727851813409117,0.2044371278776488
C,0.20664009905013134,0.13447821679145877
C,-0.35175700733368487,-0.20551307537305424
C,-0.31753444449921286,-0.5367820316344236
C,-0.20880815698518632,-0.2949311199093151
C,0.4578042609557552,0.2992956920103317
C,-0.41771450653294356,-0.2616993456039136
C,0.34797585129298925,0.23305864577785818
C,-0.1293947754563014,-0.14563209408480918
C,-0.06076545220004647,-0.1277289642871092
C,-0.2098478622244764,-0.12038081808355915
C,0.19879780452060292,-0.33204384669155407
C,0.12251883083585997,0.12149689955755244
C,0.12971141747840229,0.07613685423902466
C,-0.14004993822231046,-0.12782392235237125
C,-0.10027819947306496,-0.07316947450092111
C,-0.17411363508529762,-0.11587275688432394
C,-0.25670879925987394,-0.21206363368341496
C,-0.5129516515975641,-0.3017288238708276
C,-0.1305715596855924,-0.36079518391853055
C,0.3809713413118369,-0.5586285655024339
C,-0.29351080346364994,-0.19784994037641687
C,0.3151814932335028,0.21472021832170357
C,-0.1506525347289686,-0.1053423812912647
C,-0.17638303270855682,-0.17316326969482584
C,-0.12885459026961105,-0.07616212552072252
C,-0.16212413541013462,-0.10363686720810954
C,-0.13944222106112183,-0.27153493513731
C,0.17243646556142345,0.21899546583917587
C,-0.2056398219105716,-0.17346000995591337
C,-0.18559386051725507,-0.12093626287822835
C,-0.22239531391235892,-0.1574747392361795
C,-0.13100230573531643,-0.10028586935672211
C,-0.04961714515459766,-0.2599085835075156
C,-0.17943303045398404,-0.15352662095391792
C,0.48250061600148947,0.3327881390298
C,-0.2604943646894608,-0.15001583728450982
C,-0.17269857044018166,-0.14580148547047866
C,0.3997400657205931,0.18072696088615853
C,-0.4372284910433893,-0.3655154850936846
C,0.27201561386887424,0.1828683466177689
C,-0.19462527042072916,-0.11442005034452936
C,0.35505543157027497,0.224773466401285
C,0.27463411176715713,0.2121033724148369
C,-0.11371114737200276,-0.06356253322381217
C,-0.28105177092334205,-0.10297754390838594
C,-0.19138248163377589,-0.12213336511428886
C,-0.3244545789638565,-0.2541523901591143
C,-0.3093888760894496,-0.2108855102873883
C,-0.27923881960141816,-0.18795316641559606
C,-0.27361690625195934,-0.18564981396615796
C,-0.29708784343677086,-0.1958445737637193
C,0.22361183782512412,-0.22411089588555982
C,-0.3177943969719513,-0.19150576672949982
C,0.16388888121029405,0.12179584338875299
C,-0.31261992238644526,-0.21842602282421028
C,-0.37094331562316707,-0.22555340032857968
C,-0.26772609056489116,-0.2035876132816144
C,-0.3248463511484273,-0.23508730139707382
C,0.24454915877095348,0.14137823602970892
C,0.42754348062533226,-0.25687925797373157
C,0.16764177899435875,0.11972957029122792
C,-0.3230643428816356,0.582362114215805
C,-0.22090190224220044,-0.15016310773360939
C,0.22589784866930604,0.5014123225022543
C,-0.2601159034426855,-0.13428884301898986
C,-0.11207720946569952,-0.10507543792052669
C,-0.3814873967631846,-0.23557425807239943
C,0.36293392862015883,0.22915485957976076
C,-0.7408070828665356,0.4982805502659478
C,-0.05779917613501445,-0.09960558603138776
C,-0.31408752542394847,-0.22028908022609156
C,0.33801022951617254,0.2109355200152214
C,-0.21072241001311065,-0.11506418163146773
C,0.23358840997953553,0.1290093049456573
C,0.3200779843214462,0.19893817125109667
C,-0.1657361463370844,-0.09013725010538354
C,0.21197095457493897,0.14255773372939717
C,0.32517186690759114,0.13650173649484768
C,-0.25219526877241366,-0.1742305587628773
C,-0.17100345621071425,-0.11391145712628752
C,0.33073384365313124,-0.2547690869289583
C,-0.2171727740046383,-0.15250004677168438
C,-0.11287705469132957,-0.07997593920463
C,-0.210513146993232,-0.10576125455018011
C,-0.14361198783097143,-0.08499156770166168
C,0.12607408619920232,0.07512592757170801
C,-0.25799755456861745,-0.23172757523620555
C,0.39538649257273545,0.2805152412314772
C,-0.30254369044731055,0.42877734800995887
C,0.3310616962832017,0.18023797965313407
C,-0.23795842079449095,-0.12134810115067521
C,0.20404862558255538,-0.299477518109418
C,0.21671838760901113,0.12788175849835154
C,-0.31880788259877685,-0.24717290501250425
C,-0.3007501486969552,-0.17616124374645903
C,0.29119085327222327,0.19740254571045854
C,-0.14970506221495528,-0.10937881673777163
C,-0.2025211853254599,0.2673906096411939
C,0.43914596329357325,0.2550391575553638
C,-0.28442509957175693,-0.14974882871654982
C,0.1868015320874755,0.11903780934586795
C,0.31607950729272893,0.1998147597525284
C,0.3860516485483485,0.25895372231209196
C,-0.3198408246094099,-0.21169622006175823
C,-0.5936660390146311,0.15958953063946213
C,-0.23823115915314919,-0.15196512477632204
C,0.10034655367240017,0.08205639413830847
C,-0.48352150086343715,-0.29275436998655385
C,0.14673884619295416,0.09661136920375425
C,0.15772545646723388,0.12209905149343839
C,-0.15035280675589857,-0.14037121117781035
C,0.4069707000586109,-0.5518282367733001
C,-0.4231604116969344,-0.4634874723792978
C,-0.19218914555095187,-0.1408750400801755
C,0.24757673789845389,-0.17219369180972388
C,0.3103642496048655,0.5942284129322991
C,-0.042900586397535245,-0.10690907084647894
C,0.13712521696289706,0.09044814606980556
C,-0.3059050577036832,-0.1853856628459924
C,0.2752222330261187,0.18287174499563513
C,-0.22478270794379035,-0.1404448680834552
C,0.2323825749946426,0.15639873009644478
C,-0.2711275792100629,-0.1740209485661949
C,-0.17745505856427005,-0.09685041383292448
C,-0.2266517112191492,-0.15522749519849932
C,-0.4685355526895026,-0.3188123025023461
C,0.5498784844355799,0.41634711677943725
C,-0.26595680271333905,-0.14476416304994125
C,-0.5785269607133336,-0.3178232678880822
C,0.2201517509918861,0.16043321730125926
C,0.2578974779071301,0.18227330973079556
C,0.17765713886243906,0.1266322171144965
C,0.01976354032637319,0.0008059684197910046
C,-0.25323393029265917,-0.15402148487875442
C,-0.33040963635222126,-0.18020493746686594
C,0.22334197163229946,0.1435782239040945
C,0.3511620718302192,0.23926470099970612
C,0.32409424960445293,0.20405504266600935
C,-0.24271748943944704,-0.1662668538650799
C,0.31180675553242126,0.2133521234164231
C,-0.2614892003030186,-0.18158141769464672
C,0.5337321201567384,0.2665293049801623
C,-0.3100373993583113,-0.1613044864791751
C,-0.39760120229079177,-0.1741475716131679
C,0.408953986598103,0.21185259836258258
C,0.16478204105462974,0.1564914185358597
C,-0.417020179214308,-0.26588980263147616
C,0.03984571826744058,0.16538137754340726
C,0.3406656312726579,0.26707104038828056
C,0.18924030588506163,0.10791469826676274
C,0.15291973963126537,0.09210371780834038
C,0.29604140260999384,0.1774660271222104
C,-0.1460036113054938,-0.062100861357223106
C,0.3466548273498413,0.23668971524539326
C,-0.27020203805057724,-0.2099604103250337
C,0.3170853121036196,0.2168993057522748
C,0.2511143191709038,0.16117081911985515
C,-0.38269166490451106,-0.24480649510734
C,-0.1862971258607913,-0.14191765814807566
C,-0.13059537596185694,-0.124483366201109
C,-0.18754558008961772,-0.11560450979141848
C,0.3610166895326066,0.21240908983939952
C,-0.2916419802643009,0.2484285901317803
C,0.27365470331236785,0.175192960102563
C,0.12457088666831892,0.08988656590647615
C,-0.47989946422176183,-0.30510393021730065
C,0.292845982655523,0.1824237738174352
C,0.21283486455976217,0.13196028786565492
C,-0.11116596311684977,-0.10857861887192306
C,-0.20630051382501616,-0.15233190932613555
C,0.47819925258188756,0.1645067277548732
C,-0.30343182271114955,-0.16197467531944787
C,0.11652748476738525,0.08421470103838782
C,0.16751354704475546,0.09521425842131603
C,-0.07795349213034715,-0.1665546834024162
C,-0.25555499869535586,-0.21629414327981764
C,-0.2834142805116688,-0.16717426409923747
C,-0.10776737152972711,-0.08728447825989083
C,0.1360246089121539,0.1102775683041569
C,0.11257283798538585,0.07289637561505082
C,0.15742612002160034,0.10309073635074788
C,-0.23763235386918274,-0.17501584786363572
C,0.13265760331834658,0.06238631995989919
C,-0.393113864603687,-0.2838758498615017
C,-0.0390655317935565,-0.2488187606002753
C,0.10537012640018738,0.08049106716001865
C,-0.3305464950799264,-0.22664380296936318
C,0.2600631162269195,0.1746759231964721
C,0.30503690806956957,0.2011001865655582
C,-0.30358046307314684,-0.15639397008099096
C,0.25633179012895785,0.16478691720674415
C,0.07866797633771236,0.13987766815874556
C,0.12766504699990033,0.07296228607990432
C,-0.1241551434964342,-0.15500705396672584
C,-0.3452711322225826,-0.21949352110875772
C,-0.12936543504100534,-0.07759864668953025
C,-0.3030534841041867,-0.17281599347345378
C,-0.3033313801968798,-0.21860332441204197
C,-0.34711645969873794,-0.25116806659320823
C,-0.11411294728121112,-0.06824381879611424
C,0.13127285344693215,0.08973104459085414
C,0.3163610930384176,0.1967340945900013
C,-0.2369934138970947,-0.16425394098314908
C,-0.13706650910267784,-0.11857575685465714
C,0.12583242183236154,0.08531878887078204
C,-0.20353959019393497,-0.1418267192875409
C,-0.123910765659468,-0.1327376742346725
C,-0.406306749685456,-0.2127393414130948
C,-0.3894517555003754,-0.11224138811672997
C,-0.15896767376299603,-0.148668498038629
C,0.3590393206591327,0.20520883154774353
C,0.2518017236589507,-0.1554340438099197
C,-0.4781514706147407,-0.27319440472427686
C,-0.26240211868015484,-0.13878769638309224
C,0.40213103942574857,0.21405381630176706
C,-0.18651008507253153,-0.09592228629799134
C,0.3213682591390711,0.4163866619475281
C,-0.15878052039699375,-0.05722180154610595
C,-0.13260172354660024,-0.08158309219127385
C,0.20421454590733054,0.13041096640946132
C,0.12216870212944039,0.08921500938948637
C,-0.3183796488933271,-0.1877427969823551
C,-0.18125228507205174,-0.1345912512024144
C,-0.5522329616854416,-0.22033089841763512
C,0.31221087011732773,0.16755883764699736
C,-0.31809897883178234,-0.20465014714989577
C,-0.27129005690403396,-0.27023123393043963
C,0.31400218954329545,0.2217133638658284
C,0.12103273412864568,0.0754177420112239
C,0.12160146393946525,0.16886773327496243
C,-0.26867746257656866,-0.17202482745119677
C,-0.28221479040287123,-0.22181203181820347
C,0.1089957313176897,0.04905035491116742
C,0.13244328732972055,0.08755776332946621
C,-0.23333353645205873,-0.10973545852286143
C,-0.3206781080793883,-0.21510302430931702
C,-0.25244540705960605,-0.17296692029095545
C,-0.12102214309536248,-0.08647257579875287
C,-0.30259989673589077,-0.19081186516761256
C,0.08792164786398814,0.2869691713247577
C,-0.3562808068953464,-0.23901797119073565
C,0.33253259384654554,0.19377285416375123
C,-0.32647107615022436,-0.259116793088224
C,0.26770386831339477,0.17771808115055074
C,-0.23170830334936574,-0.14014923719361433
C,0.2108273970379358,0.14020571817011906
C,0.10452495080983275,0.0719414169369632
C,0.14666967566376174,0.10729165331431488
C,0.3548864344776147,0.24275644030019838
C,-0.21350173688236176,0.4058614800945995
C,0.23937196561319504,0.13269051065032456
C,-0.3345930228600116,-0.2351523100334148
C,-0.4161900226754826,-0.2954801906009173
C,0.15301953172349314,0.06509283288964922
C,0.2650818583887242,0.16743886793053345
C,0.16398463144533099,0.10753506830906907
C,0.3356470089743027,0.16089430549160197
C,-0.2788939149417864,-0.13689296711460477
C,0.211666885841514,0.15729814895888058
C,0.19563252844235027,0.13729610038102816
C,-0.17623725919015254,-0.11610219676878389
C,0.256186125357798,0.19572008231560772
C,-0.08288957079923871,-0.07087486394549325
C,0.094150484582439,0.06613573289340813
C,-0.06475976172474131,-0.08200388745773934
C,0.26677298371247105,0.1919700289278044
C,-0.11045313310528009,-0.0919549806628199
C,-0.2505177796586933,-0.134844437189776
C,-0.2795097180507134,-0.1776640306749761
C,0.229336205624961,0.1642334076628735
C,0.19714105752495778,0.1353838710159518
C,-0.1219854197591834,-0.4109227417029451
C,-0.29626817971081837,-0.18606175303102215
C,-0.09443571176914586,0.12221491225565058
C,-0.4155622633700396,-0.3024043179872864
C,0.2523454960747409,0.1758222982666522
C,-0.19719472571308505,-0.1319744245712578
C,0.07054917329782154,0.08441916296646547
C,-0.09771370163235427,-0.14650139522909528
C,0.17933250107779372,0.11840780674368404
C,0.3393694646319029,0.20447082379826065
C,0.29785146778259525,0.13421883634430262
C,0.28231623086472624,0.1681403340751838
C,0.18585264581025868,0.13208753502689272
C,0.3076717074989759,0.39592751765685213
C,-0.2626486762894976,-0.2014414326286174
C,0.18635451360020733,0.10891052771607229
C,0.47841044952980455,0.37335704101046757
C,0.14141638311884527,0.0744632799170431
C,-0.23729103175380167,-0.12918432736528662
C,-0.08006117254267014,0.2374343123497683
C,0.3238511971906756,0.20443526085365868
C,-0.2843919268011849,-0.21230016443408667
C,-0.18173700444233035,-0.12582060251017835
C,-0.2209811688504058,0.07400601713448082
C,-0.3123230263576322,-0.19128116842650594
C,-0.1795095339566278,-0.12174893945733026
C,0.16719989487099884,0.11170797501782027
C,-0.1974367294941042,-0.27806171334240676
C,-0.1158954719417271,-0.07186582851806533
C,-0.24952128933762316,-0.17898312553882995
C,0.3020765173027192,0.20485768939936144
C,0.037496211016406246,0.055863390066945795
C,-0.6671919316138699,-0.031644007617645575
C,-0.28832790875121844,0.3648657264611914
C,0.21235591842748622,0.14467069782718173
C,-0.3463708430887385,-0.2682270720080776
C,0.18045648958694402,0.12469303694241617
C,0.26507373645189,0.20461309418930754
C,-0.18524285556405407,-0.0950334125536616
C,0.32990613504089167,0.2253132386201172
C,-0.26036517855406255,-0.21265863014465142
C,0.39139547559920573,0.24794322701158916
C,-0.1618837630138749,-0.09368950803693069
C,0.1919800040421266,0.12557827961791235
C,0.15116237759300624,0.100334589235743
C,-0.30171258971722564,-0.19290381080824953
C,-0.3782202679346101,-0.23873169679256795
C,0.39394969394123946,0.30429422079992197
C,-0.2265336634685832,-0.15479216859466022
C,-0.10488464710300315,-0.04814565304038504
C,-0.28004369431329984,-0.15257338421056013
C,-0.521496259217162,0.3834698799447295
C,-0.3125184240372027,-0.1641589889742802
C,0.22570044331900596,0.16979229254101463
C,0.3372349848130384,0.2366612924354929
C,-0.16955632775124932,-0.21065664601877562
C,0.19726703346643396,0.14807329031016106
C,0.07130215182527928,0.22864028064720082
C,-0.1730460506251697,-0.1032321063640599
C,0.3987526405655317,0.2299252991487781
C,0.06576708983690693,0.06642196509341548
C,-0.13918923605774194,-0.16646681466481794
C,0.16645327922538278,0.09715225495630946
C,-0.4100383011131283,-0.26634205243814413
C,-0.20108586337386597,-0.13080780069674836
C,-0.17360802890133334,-0.1005507690225409
C,0.22546328331388324,0.13323882429026582
C,-0.29152209339107077,-0.1898073486202209
C,-0.23335877436944877,-0.14087036607961922
C,-0.5892269441943936,-0.2588452451101069
C,-0.35710146219280814,-0.23091959265788578
C,0.09642674477413776,0.11498311039230825
C,-0.3821685464343796,0.14718151084346606
C,-0.1946630316901488,-0.14585447127519938
C,0.23490812163927655,0.08830045024503329
C,-0.14769031892396933,-0.1251329066098316
C,0.4247715872293179,-0.36080436243874797
C,-0.30554145220720563,-0.15794278479556348
C,-0.2368253078055219,-0.15214172383512534
C,-0.1543206677575463,-0.1250311502325529
C,-0.4306589113939771,-0.25560811375236336
C,0.39794582479104534,0.1621305981898119
C,0.267821971295863,-0.5385045989097643
C,-0.23138018062475105,-0.14381665714297687
C,0.2394521590103472,0.14929138371876266
C,-0.2034667410440634,-0.14200903636110454
C,-0.10220308447973797,-0.11136186348899602
C,-0.3058092427010521,-0.23481883487748265
C,-0.208263500332407,-0.05877344526720735
C,-0.15501281142491216,-0.09108979180738755
C,0.09786554789443691,0.07990615499741476
C,0.49481608981733605,-0.48155457578784877
C,-0.12407043685241165,-0.05958689177124872
C,-0.00794961187640174,0.09312940436625528
C,-0.20399108287464127,-0.1550708633782565
C,0.3536337212962248,0.2210409559351554
C,-0.2331925456162267,-0.13907287077343403
C,0.2808654914976912,0.19913466823648868
C,0.24756028323261833,0.1601304966982936
C,-0.4121086942644432,-0.3667894403129517
C,0.17247452827506474,0.11600026879787313
C,-0.0730206188017342,-0.2961748927464339
C,0.2806284479249013,0.1932012760816059
C,-0.1436370958325472,-0.07363065341140962
C,-0.21353162238959017,-0.1404482383359118
C,0.09127200883668592,0.07709704726589711
C,-0.12473546780658372,-0.06077806817328168
C,-0.37791253865858154,0.4080404394730068
C,0.355336471924854,-0.4233613403577997
C,-0.1808806841910322,-0.08692048764486453
C,0.20506812734481977,0.16933309500916924
C,-0.17658224760282606,0.168253642005781
C,-0.168542071752171,-0.09519692146037569
C,0.4248329548601827,0.41612176199813466
C,-0.3216475821759682,-0.17086905943729125
C,0.18205522566777094,0.11782185845409594
C,-0.3172244769158584,-0.22689403570899455
C,-0.6611033527554815,-0.4748021760437687
C,0.18605805891273547,0.27564529035780616
C,0.1731728680005019,0.12445295308145847
C,-0.14552549233443002,-0.12921782592980227
C,-0.5241081314944801,-0.2873993282832776
C,0.17228512490790962,0.08789401875726077
C,-0.45747105618451134,-0.287826791310586
C,0.1972438292400435,0.105840457163917
C,-0.1332796883555585,-0.17168105636574327
C,0.17091460944791279,0.10432845024282274
C,-0.2450518759944615,-0.37368662756901894
C,0.1000291217955419,-0.27315734709998574
C,0.20615445583209646,0.1481560647995868
C,0.36257994342295186,0.22295319833703042
C,0.4080064038236853,0.25118649468585336
C,0.4751377700740484,-0.5897523533462362
C,-0.3896071596462107,-0.24496899182623164
C,-0.4355230445858027,-0.3014628589738564
C,0.1913987250814128,0.12344710249009795
C,0.4756717772961668,0.3251314873477588
C,0.7074086811285781,-0.2462386221606941
C,-0.012148390579337927,-0.49402133622531247
C,-0.29427185986533116,-0.18214319228459983
C,-0.2210365643602617,-0.28247713551993076
C,-0.44415659134351965,-0.29737063581048273
C,-0.25726997570719917,-0.18002653940651814
C,-0.23583920792405388,-0.14590518662117824
C,-0.3934228368673635,-0.0009391825360531459
C,-0.3771918329977082,-0.2399431752156816
C,-0.4452651243704549,-0.31691471185100906
C,0.12774194793316931,0.09215875597909289
C,0.16104583563185287,0.10394339804779265
C,0.3213032401752115,0.18530763588867857
C,0.15740568912037364,0.1201110900947899
C,0.2674888753830782,0.16374399458362549
C,-0.4916786106609448,-0.3038153938447874
C,-0.2288345202314974,-0.1940243888866657
C,0.1660987308642322,0.09714706489221554
C,-0.16153489057737946,0.1953385531935164
C,-0.19722158206028415,-0.2616056722636057
C,0.4220321579277314,0.2555742801500718
C,0.11330497285099264,0.09298775026903021
C,-0.274858819103462,-0.10944620989035425
C,-0.4323895955366271,-0.2928926084611022
C,-0.26936358641016706,-0.16461087656124518
C,0.4268740676832175,0.29325362296871466
C,0.3264764791939349,0.2172834268490159
C,0.30326448833589065,0.2285962154599028
C,0.09710526904681248,0.49065484389535796
C,-0.2177419294134713,-0.20623690642634968
C,0.2350370634844465,0.14953557393706723
C,-0.057508648999310324,-0.1385904348216028
C,-0.16794314073966768,-0.21460272889792137
C,-0.20930499763404756,-0.13797520547752054
C,0.18094133516910796,0.1059366215781463
C,-0.13888467846935382,-0.11423712819893374
C,-0.38412460954248484,-0.2635077217545221
C,-0.6153702920340586,-0.37547021644134665
C,-0.2524861897484008,-0.17176411777179612
C,-0.2195644741599225,-0.08204712257276808
C,-0.25783892349653653,-0.17244231105545568
C,-0.2654059139293647,-0.16292171248927112
C,0.2846813091643591,0.21332164449462332
C,0.23012694070109588,0.1479437240939496
C,-0.3235116602423969,-0.5815741731973442
C,0.17907794784007305,0.11514175184946455
C,0.32104756682565,0.19649133527044732
C,0.1749266425633995,0.12172973171168923
C,-0.29567194337159713,-0.17758626763853627
C,0.3636745306176041,0.23045401558538173
C,-0.3083486062028376,-0.18803111926051758
C,0.10784174486356818,0.0911117992059585
C,0.29790810319320177,0.19740217917171293
C,0.21618852981302608,0.14274075038680623
C,-0.04562607693120181,0.12612792733160544
C,-0.12684935140657122,-0.09713785575885545
C,0.26420585422680115,0.16626399127415284
C,-0.096686810349385,-0.17777294611334438
C,-0.45513413415902826,-0.280869182562459
C,-0.17645196930505933,-0.11758775096188526
C,0.34976467724419547,0.2615678509452751
C,0.14029279236090075,0.4180579530846351
C,-0.373417257716491,-0.16798624208925253
C,0.002514965203778769,0.21581564473600093
C,-0.1599345665229393,-0.08678999031216875
C,-0.3482077978072199,-0.23176146898942068
C,0.1015161587062568,-0.5473012051529508
C,-0.22894530251350467,0.19872783235742691
C,-0.16524782122981646,-0.114313529779884
C,-0.2408695835916976,-0.19107387292161684
C,-0.2186683080830149,-0.11234694272421736
C,-0.2339359421117694,-0.20127476839433467
C,0.2005963304059105,0.1364089087845229
C,-0.37090926937682156,-0.23959118594072892
C,0.3198008798141494,0.18055992178835448
C,-0.21036046149502316,-0.14135758809783025
C,0.3247691144935906,0.22210697917664662
C,-0.30420227977185293,-0.20862473648657476
C,0.10648779675245862,0.08139525938288968
C,0.14199768315484276,0.10702174811122095
C,0.20683136474972288,0.08095446162081707
C,-0.32352761806442554,-0.22363273086347613
C,-0.21391380239926688,-0.14318360904972682
C,0.27711434878226043,0.18397520329179964
C,-0.21942239010332548,-0.1439707762414037
C,-0.4221212177470608,-0.2836194022930543
C,-0.42016671033677044,0.5414809235999308
C,0.1932073358397778,0.13594268351700986
C,0.6692493530218947,0.2923152434630824
C,0.2039813006816179,0.1376719134032674
C,0.2047214684802741,0.14193522758701133
C,-0.37556479827343336,-0.25457351183390814
C,0.1941375258336217,0.12044183629018874
C,-0.2375600547637583,-0.17205647414863337
C,-0.2291916970792676,-0.14883487511571278
C,-0.3045762737068412,-0.24226663663451217
C,-0.23856054411327998,-0.16104470892283215
C,-0.21710496560865553,-0.14521413710382491
C,-0.17187939267679314,-0.12134077547549933
C,0.11707245077068457,0.5675124509782227
C,0.48058509411392336,-0.3770389647195064
C,0.26606305283549553,0.25157406600806315
C,-0.2854862213351565,-0.21157627898271758
C,0.31626812180742925,0.1742629425342254
C,-0.42133388986905324,-0.35248028740762716
C,-0.2202913742152944,-0.12245264148855318
C,-0.2606294045412759,-0.15131089488827357
C,0.13507913387178602,-0.404348903569358
C,-0.289601745073358,-0.16143824200541776
C,-0.05194766890402426,-0.053856760613982986
C,0.21880283244986007,0.16055340523822026
C,-0.20795067546611493,-0.14775570431983653
C,-0.12504954821955147,-0.07505415315775875
C,-0.517545226766109,-0.32072676053416915
C,0.2931872432157768,0.20632830508865638
C,0.18297264067885452,0.12447396210664399
C,-0.3419261489994912,-0.189234237995153
C,-0.22004429154214258,-0.13132771168420151
C,0.15675828828592536,0.10963417110180153
C,0.3139706232791699,0.19657208381136804
C,-0.42739625632583783,-0.2743250590817076
C,-0.1923808836783336,-0.1031106911014671
C,0.15430743821031015,0.0975561841952425
C,0.2812029331169409,0.16251157426701537
C,0.1625507025604909,0.11799407590979409
C,-0.23468250420904682,-0.11525974558797389
C,0.3012874539477116,0.19711588458243645
C,0.28080550400680976,0.19553019865945312
C,0.2091881032159422,0.1296725580781687
C,0.13423536364952326,0.13514418883044757
C,0.1739207436499163,0.13146448837248478
C,-0.20309095106381264,-0.15953537518687896
C,-0.44724460487369583,-0.2586043066777156
C,0.32619930799966923,0.23520577910514592
C,-0.2575068436109003,-0.17384056267451425
C,-0.37612530362158175,0.16383072883139813
C,-0.0757525408696249,0.20248649921715445
C,-0.1211027018191352,-0.0985756119193489
C,-0.2512437771411837,-0.18861857839560017
C,-0.2436305323039528,-0.2278218192602591
C,-0.3114271810321979,-0.15665686071360982
C,-0.4076735092934866,-0.50130640479212
C,-0.1052903042289728,-0.09004853009765754
C,-0.224349111535591,-0.15787089637473695
C,0.37442497678419284,0.2403202522672961
C,-0.24035581829974828,-0.1889647501066047
C,0.33050604856143373,0.21290239138899963
C,-0.1040423479941282,-0.16169758092168549
C,0.1316628823617247,0.08030341450029772
C,-0.33390223019188614,-0.2295045846366317
C,0.171643654816591,0.05999185756358727
C,-0.3062658061348928,0.07199153565344561
C,-0.1838014686037251,-0.12492403355291717
C,-0.13942647558347124,0.10199131978452311
C,0.31585959617658,0.20132597380566294
C,0.20109091126845932,0.10772412778031695
C,0.27640764668865386,0.16024592844079077
C,-0.21139168135877276,-0.15169120992752597
C,-0.24322611101785477,-0.1200029194016885
C,-0.36088979361334395,-0.3153073356488159
C,0.15207792116568805,0.3187227366127603
C,-0.3161092477706857,-0.23095654761290718
C,0.3373257600742333,0.1499865511506924
C,0.26624412852744495,0.18972817283291885
C,-0.4552197320325181,0.5160490629671642
C,0.18506968285381892,0.1477272429281499
C,0.12538760266950408,-0.27513532986135203
C,0.1598862228839208,0.09563270864063123
C,0.18670067009952804,0.13854209756975686
C,-0.18529975705470259,-0.1123515596392717
C,-0.3095259174065981,-0.23372332055702844
C,0.17812987616564957,0.12352685534681854
C,-0.3111645916282545,-0.20608428246666935
C,-0.16935538396544753,-0.1386277408141402
C,-0.1096036701496726,-0.15171967271398468
C,0.15998587316014765,0.5079506399830287
C,0.14574220088858028,0.07182438464994959
C,-0.19080582817718209,-0.1292925678462852
C,-0.2597096720015069,-0.14644912077422764
C,-0.1902046595822926,-0.11195901994153798
C,-0.26980292158303454,-0.16408083741541044
C,-0.22076069430255815,-0.13852213532163374
C,0.31209627337784,0.20649055831055727
C,0.2500449259200611,0.13042201212500015
C,0.35835457810455357,0.21337261794319617
C,0.14268382781077774,0.08952805550531259
C,-0.3273668784052958,0.3256301831655217
C,-0.09801854951553028,-0.1351526528253654
C,0.19328576743189455,0.13483282101069757
C,-0.19128467956653786,-0.12598817266673917
C,0.3167138104271044,0.20672652358477786
C,0.24933957008149682,0.170300752485445
C,-0.27876233500953157,-0.19081530415709697
C,-0.09570808172583824,0.4390321571928353
C,-0.16803799646804057,-0.1595396637560127
C,-0.39985028784384075,-0.27379083858602465
C,0.11941604978193832,0.15358638166330862
C,0.24139615043810372,0.16211571386215348
C,-0.346019102712265,-0.23838430158737797
C,-0.16966823511278697,-0.12778194182018313
C,-0.17131509722564078,-0.11934191682122004
C,0.25424814894800674,0.1666860558921403
C,-0.20888196405106627,0.3635040933321115
C,-0.27938503347063454,-0.1584647915351472
C,-0.26686144423745584,-0.1527714173000836
C,0.1897889942004852,0.1277432867023794
C,-0.16980894338946212,-0.10119771682895272
C,-0.1770939950697059,-0.13615803894727382
C,0.1895719423867914,0.1327896652609271
C,0.21914383767326656,0.14819106369936258
C,-0.11615681009146964,-0.09434602670836681
C,0.28829446821343435,0.19181771894648844
C,-0.30601051419143255,-0.2137538270488167
C,0.14060372119220588,0.17283243312118898
C,0.23959346820787158,0.08789928280240886
C,-0.22975691413696211,-0.19029996417007394
C,0.1482735218145903,0.08674012084875132
C,-0.42142642554583715,0.4467366484900066
C,-0.4116833473275994,-0.27396292738457967
C,0.28455211915994316,0.15538713649480157
C,-0.3445199033561336,-0.28876355013663546
C,-0.3801974878224643,-0.28346774791346274
C,0.17571494186708053,0.1175729611509804
C,-0.2175715069452385,-0.1177299877296473
C,-0.1773094847958213,0.243124687747762
C,0.4325241887946056,0.22357016620188755
C,-0.13808520925678394,-0.10147644553991966
C,-0.23203266705220382,-0.158946039419584
C,0.11304172645501917,0.227096190373219
C,0.12537511188776482,0.08897768443426705
C,-0.450217125123576,-0.2856515634519002
C,0.2835961194871973,0.16826721177004536
C,0.201477765091271,0.12540105279941438
C,0.19957908773755426,0.124874980437956
C,-0.2272939763806463,-0.16255684913741816
C,0.3296717176292436,0.30458029723286917
C,0.23809439291334225,0.16980633675998746
C,0.10298486787326476,0.1153455659153503
C,-0.15084729361654173,-0.1069736353740321
C,-0.3583579223748847,-0.234099232935351
C,-0.2243752264470937,0.25473408753573656
C,0.22609083312987338,0.2636677496816592
C,0.4304110410765373,0.26358348236169155
C,-0.23578869850796305,-0.14324218854874649
C,-0.18717840253131612,-0.10123594220071183
C,0.3513641982170575,0.2199015132413761
C,0.4710135783503828,0.1734605297777368
C,-0.28467539502531963,-0.16964725266105848
C,-0.28425711028294026,-0.19166533665602828
C,-0.5265556693297875,-0.30121448162215614
C,0.3145541830317114,0.19988127674264858
C,0.1799614795723854,0.10938563805730596
C,-0.43021866928873403,0.4685535377140769
C,0.2655156714744746,0.17961722191060747
C,0.21021312573281994,0.13607766400481527
C,0.10627662389581796,0.14611286640974055
C,-0.3934105731419744,-0.2653753636451128
C,-0.32981682147779556,-0.07952733041830219
C,0.22565248040415162,0.149024645338666
C,-0.28021725745606846,-0.19393934797647072
C,0.2165766444042084,0.14135564227847447
C,-0.527207705933974,-0.3460955380472535
C,-0.1596385482328438,-0.11570697932191727
C,-0.11238351688606223,-0.10882641370091996
C,-0.11205408236512582,-0.2892488094590809
C,0.237519348416727,0.15254607086667282
C,0.24533707071938687,0.17350000775920837
C,0.4109363991232789,0.30632410978714975
C,-0.10657257250273969,-0.08081965568885618
C,0.16629712210829442,0.1111557974654554
C,0.24002525989698914,0.19662472131376893
C,0.3064103316736692,0.20357921015303043
C,-0.10226206021982638,-0.08498149975645297
C,0.0348757385248754,0.13965725957105116
C,0.26165200633454505,0.17485105365107198
C,0.10679371187162241,0.1307330135793621
C,-0.34539765661923294,-0.22349203195412207
C,0.33458170832286016,0.22269591620023912
C,-0.2636015219540124,-0.10301633504816483
C,-0.15805167392213082,-0.10692419107843847
C,-0.0813286699043915,-0.08874643717604462
C,-0.10602830355702182,-0.10160034964961329
C,-0.43791242430666455,-0.28815100830974716
C,-0.34095926821391537,-0.20226556405590823
C,-0.21029622120795874,-0.13207849914400044
C,0.40876588048386464,0.25696975184505333
C,0.20838208431629357,0.14631449789796178
C,0.26667380433624516,0.1682097159771982
C,-0.15541217870223437,-0.11802684100231256
C,-0.29008195652069635,-0.1848621466895625
C,-0.1928310156210379,-0.1353868735132873
C,-0.09982684777312158,-0.08348196333789021
C,-0.326144485708633,-0.19407527345373332
C,-0.20178392255753635,-0.10854710651854821
C,0.372740994558405,0.24932936589127463
C,0.1364817355078448,0.09098615645219678
C,0.35716703480586287,0.41975388089105503
C,-0.1861179943277292,-0.14609154261527618
C,0.16682637160800218,0.12252398970001746
C,-0.5438490318834248,0.3526894878841974
C,0.262410755644049,0.17736135203407444
C,-0.11237628878705883,0.050935067544793704
C,-0.292445565779884,-0.2004810853778098
C,-0.49043195806294254,-0.3142636704299995
C,-0.27440891212748436,-0.21173981271234557
C,-0.29700352767128635,-0.2178414929265434
C,-0.19017255781232573,-0.13129414585368304
C,-0.3074845960012654,0.38648499758590515
C,-0.30555161330182085,-0.22467305090683184
C,0.15511855290523638,0.09583507049774842
C,0.2677619953659603,0.18522481601423277
C,-0.3071677870852532,-0.2905254348290388
C,0.2973808645536281,0.1987544641220407
C,-0.24331634355368123,-0.1630830190965168
C,0.10640997972639271,0.05453000879395846
C,0.0596436325086786,0.07818665450544733
C,-0.24519448829195264,-0.1770124679568521
C,-0.19261155835777108,-0.1611396821587483
C,0.23372432435267249,0.14007368320143312
C,0.07901383402596289,0.025935263573925154
C,-0.19854313452169495,-0.14367394315897378
C,-0.4520493549179074,-0.2396554408387777
C,-0.2470497391818226,-0.1716057989314537
C,0.44195898385405685,0.278995255034584
C,-0.40082505898268866,-0.3013279090991568
C,-0.7161123740594494,-0.46367346092463474
C,-0.14004401907129635,-0.12548112350259338
C,-0.3870786614212398,-0.27145852412537225
C,0.5054946260778875,0.34297160443576735
C,-0.316331307728608,-0.22809242577352282
C,-0.2494428286343188,-0.17975437971950653
C,0.5070381987023335,0.3004878008573469
C,0.24909007439963737,0.1527520926043188
C,-0.44058156082696676,-0.28700363891950137
C,0.31294070357145487,0.17870934107606093
C,0.22721606487341056,0.15412269897143177
C,-0.3485584122586485,-0.22920947429442262
C,0.22492511571211654,0.15240530156211918
C,0.1367866365433916,0.0970922128622762
C,-0.43379788732695745,-0.2213605511900294
C,0.32245342820175366,0.2580444934269704
C,-0.20530753742728244,-0.11635741534167744
C,0.23763394983313205,0.14891249511757465
C,-0.2978461773387118,-0.20496312088863863
C,0.38937373445706847,0.25113555406888455
C,-0.44834814878735485,-0.25955654071256307
C,-0.1991042518929006,-0.15668350544937143
C,0.192342690939041,0.1309648921833954
C,-0.19287164623824612,-0.16475579903701915
C,0.4318319417892938,0.318691773873797
C,-0.21995154740363476,-0.13010093826735417
C,-0.08180261335315596,-0.3062723262331117
C,-0.1264490523139746,-0.07943198200607181
C,0.16737095111450825,0.07839940926682512
C,-0.15979680035973048,-0.09582329626108822
C,-0.27772742369789055,-0.16803636594061258
C,0.14649609393630666,0.13700771166617737
C,-0.13057329287989222,-0.11254697473834407
C,0.2003942219445512,0.19444137829879615
C,0.22191042396523558,0.13415200564557203
C,0.29134932643465644,-0.3163848388811366
C,-0.2981136551913607,-0.2055900517365039
C,-0.23101581188090728,-0.15078432473337802
C,-0.23366955806595305,-0.14038324164809216
C,-0.09524069743804006,-0.43096073867933765
C,0.10901810410427593,0.24099140436553876
C,-0.41210855033409594,-0.32077144449168343
C,-0.2755859514387197,-0.0460635388656065
C,-0.4994222502315658,-0.3142992899246536
C,-0.12811096072664035,-0.10739990941203074
C,-0.3261540865301538,0.38759711992198714
C,0.16198994028029062,0.11617556179242575
C,0.24115710146894725,0.15365101422559566
C,-0.08619709763539155,-0.09040319105827202
C,-0.5469009174563145,-0.2587967750202637
C,-0.37549122419672054,-0.2877219114167906
C,0.0941928821892865,0.06402467874294238
C,0.312637206086738,0.21698147543383053
C,-0.15710083135651154,-0.16031793979231765
C,0.1462481501122918,0.08923105774338908
C,0.4025269653703623,0.291332950904094
C,-0.5616185263871513,-0.3455235512898992
C,-0.13529239300865917,-0.10090069820961879
C,0.4093480689964966,0.29299485480909454
C,-0.09229250263144455,-0.049627503168812204
C,-0.13310735036396248,-0.11740075731820138
C,-0.19773649824731548,-0.15733817256298172
C,-0.4636778283482562,-0.27974966898461123
C,0.2661268090694727,0.24780684461961341
C,-0.5534807791633519,-0.35127407390600524
C,0.22421626649361273,0.11071810263509914
C,0.20156620707193965,0.14023189543031783
C,-0.3821610527100003,-0.22640812942635863
C,0.18408423203119215,0.11870095624773014
C,-0.17174489292263626,-0.12698858631502674
C,-0.29043310081082213,-0.2016433750956756
C,0.466372919030541,0.3167089159364789
C,-0.14234779081555937,-0.08801168947182504
C,0.218861845138233,0.128977377447064
C,0.31453272346391803,-0.4684576518345773
C,-0.33366132120592834,-0.21478150102950924
C,0.29699780856105024,0.21720238070158723
C,0.2871560536880269,0.16961314878398231
C,-0.016787259563649504,0.07599984340332076
C,0.20995318577878783,-0.2704122487357739
C,0.25256024583370035,0.1713897291092877
C,-0.20538232238329557,-0.15745669807647703
C,0.11481581289275813,0.08642451637445912
C,-0.23516289878034013,-0.19369221557865024
C,-0.25774356950436006,-0.15763862626552055
C,-0.23400621471694422,-0.14489877312912122
C,-0.2451823848614554,-0.17989060379784716
C,-0.14887742287698108,0.3863492045008314
C,-0.3396622002092733,-0.23363464853313853
C,0.19308856639000202,0.12111268975949666
C,0.2659064265572026,0.17197018168325703
C,-0.2890235067051058,-0.2111670671043082
C,-0.27077521830487594,-0.22737530891654265
C,-0.3062761293237819,-0.2821457135935817
C,0.2239932238177696,0.14156835648739358
C,-0.35695458027273225,-0.23124217329864205
C,-0.6613150966625208,0.41657633589194215
C,0.21225656340714433,0.1299327893308789
C,0.14138884536161958,0.07644208947513734
C,-0.20699772366656835,-0.10967668419215616
C,-0.18942725881569597,-0.09409356416696123
C,0.14101318164358315,0.0864186633553431
C,-0.5843903489147027,0.5885019004501557
C,-0.12245315751747049,-0.13077761974568466
C,-0.24152574377032726,-0.14318033807773825
C,0.14586264379052521,0.09813895126464066
C,0.32850276982399307,0.21347498544144297
C,0.08007658070493034,0.16736499933685134
C,-0.3672359235113703,-0.28709915656093266
C,-0.3152466307643521,-0.24011526785646095
C,0.45837885546852136,0.2938788912537964
C,0.2299265966765558,0.15628115252264121
C,0.35370321887628287,0.24857988658284222
C,0.4587750858636524,0.40926915782285994
C,0.1382202740543414,0.1420132601177269
C,-0.1401227419392212,-0.11449872050446756
C,-0.25652849221702695,-0.21854810087431822
C,0.2598234778556457,0.13683637130753187
C,-0.11330427782144382,-0.08293300803717776
C,0.12745929329963462,0.09345632887401387
C,-0.34390132048961164,-0.24973428591522184
C,0.25243278844920036,0.17225560877394006
C,0.13838950359819582,0.09047364408208732
C,-0.20606359649764353,-0.12867053154714542
C,-0.1846877049431737,-0.1574004003277117
C,-0.11178696820987863,-0.3459813859362121
C,0.28498951555369884,0.23483554502533166
C,-0.2853042371378992,-0.17502107053476787
C,-0.19752434744446878,-0.10997007793150246
C,-0.21080397512090013,-0.12005493711996235
C,0.31840411023110865,0.18607873717158466
C,0.1887996169240426,0.14313856143199097
C,-0.09777629526159942,-0.057862027968022985
C,-0.3057364478376313,-0.24379655710710957
C,0.3590748648058975,0.20160628346551054
C,0.21217271102267107,0.1293406504681248
C,-0.15853406944847961,-0.10312454398267586
C,-0.4437851602146328,-0.22196278805270214
C,0.3083475397698522,0.22416498771139612
C,0.04727804231465759,-0.23656971637894547
C,-0.24893430886768364,-0.19083533992586812
C,0.12167232455475673,0.08796506373434451
C,-0.08135873029446836,0.09633984153677
C,-0.2621842014397345,-0.1658913326314734
C,-0.38112521242264735,-0.2771271784039979
C,0.11540992691450461,0.0895667280469182
C,0.3363754411912768,-0.17983479504183514
C,-0.14327502957341492,-0.13763094364674247
C,0.22720715016215387,0.15726109483673564
C,-0.3866597714032282,-0.260684729668663
C,0.19285032535454882,0.1356426539240675
C,-0.5092487936208255,-0.4801509288545125
C,-0.4120771545568084,-0.24775964320943458
C,-0.12579071545427312,-0.08016397516730575
C,-0.24313715244910666,-0.2814150547501083
C,0.14172853688566106,0.14787579335924975
C,-0.1662715160444843,-0.14625638675290753
C,0.17234327858903545,0.09707656652678134
C,0.15056333146390743,0.07270537587609201
C,0.2655733718608383,0.17113607167907566
C,-0.32685475277551984,-0.19109311005611462
C,0.16243080807597107,0.10462656176192675
C,-0.2258026513857996,-0.1415031176297149
C,-0.23250630996633745,0.35192334128361685
C,0.09471524484658896,0.11849096737424279
C,-0.23788499491631207,-0.15961800006672688
C,0.32153818981348953,0.21579923736569803
C,-0.3573074992546108,-0.22538461309261978
C,-0.269909244426066,-0.17139476975791862
C,-0.12473230568320146,-0.09103424352927386
C,-0.4204062574556657,-0.28488252239663964
C,0.12922145233755442,0.09156822548863934
C,-0.36359929912644856,-0.2771593487289339
C,0.48610818065785166,0.5386830296044379
C,-0.37456262716341726,-0.24912007912201212
C,0.5800274073115893,-0.1952996973024303
C,-0.3626248866692262,-0.20432255026950616
C,-0.6908253541100091,-0.27941544601320084
C,-0.17141011329993655,0.09470245070252023
C,0.2550954227591575,0.15209285535921255
C,-0.476318868668764,-0.28033886320069207
C,0.3791177245758092,0.24599955051726044
C,0.24921122790292455,0.17466277583033699
C,-0.19716768622448932,-0.16099516967199173
C,0.1799226219176511,0.16887294817456638
C,0.17066797290018995,0.1600279595433926
C,-0.27021906320104006,0.4537876483398064
C,-0.05907798441084075,-0.11513046827677176
C,0.08693043517663246,0.08448656158958466
C,-0.5352266258513604,-0.25228817760860145
C,-0.22079520536109515,-0.16609224617718873
C,-0.5514897894623181,-0.3814471651515102
C,0.14998271773516614,0.09799482627858025
C,0.15265033214450768,0.1093240514407165
C,0.25995984465269445,0.190013619569322
C,-0.3133265187287837,-0.21996348075091313
C,-0.006936042645124142,-0.4486973590593139
C,0.2693637335671955,0.17231431242851947
C,0.14955173018062246,0.16302512538572134
C,0.47122152557606223,0.2750524970513855
C,-0.35867883685178636,-0.2774737181334831
C,0.2249908872496934,0.158829384771254
C,-0.13068242191675755,-0.1050025684714674
C,-0.2229325156650047,-0.17367443214606731
C,0.3031766810321448,0.20689852462140773
C,-0.10729371961982798,-0.07318153955497807
C,-0.1453427702241554,-0.08124242570319376
C,-0.32825291151150643,-0.2411006432667125
C,0.1919552333907447,0.13658485247490806
C,0.0960351941737135,0.07697901564607885
C,0.3494906238942605,0.21493105878614174
C,-0.25297072410181454,-0.22273125945024408
C,0.4001657476308024,-0.16460203330815162
C,-0.10984087646476531,-0.09750529306887017
C,0.16139012926793597,0.1261072323432731
C,0.3162943949454486,0.14403654682540692
C,0.30375976928614207,0.25068081381192237
C,0.22592118854153828,0.15656334655568901
C,-0.20393104637291015,-0.13180934828917965
C,-0.5671104854269582,0.3015455542724496
C,0.2205569550276532,0.16038807676535718
C,-0.270357726538264,-0.13282204284952692
C,-0.31406178105487503,-0.2736641252969314
C,-0.19023971922453983,-0.11821656092211907
C,0.18939039760801465,0.10829816995389002
C,0.3492682079435244,0.20954699732502183
C,-0.4153369873610709,-0.26183313102751427
C,0.11854270055699774,0.08572146869914125
C,-0.3229256023499319,-0.19451089841504388
C,0.1916521118113399,0.08058155384851085
C,0.34909453295355825,0.22203701442282506
C,-0.3072991369891625,-0.23972077240169165
C,0.09787500475867661,0.12795481445735682
C,0.41552517425074964,0.31248243374478446
C,-0.39958127244388064,-0.2643392130472763
C,0.05177505994512505,-0.11404242616899414
C,-0.43934749848127547,-0.3516229589607317
C,-0.31997170426466937,-0.19459134602599557
C,0.18613488184977933,0.13234636120385437
C,-0.1845006080547059,-0.2663213116904044
C,-0.5054322299573746,-0.2708932033217788
C,0.2418978389791874,0.13810904587475328
C,-0.43422540069862053,-0.316825607893954
C,-0.0954789357471077,-0.1297148608309053
C,0.15207194931191897,0.14038494669554177
C,0.21357407107994886,0.30385443554135255
C,-0.2519180576318536,-0.16111948826700623
C,0.3791293202761844,0.29045243766521356
C,-0.3403378943599744,-0.21008103066233502
C,-0.15181937693631603,-0.1744891260244285
C,-0.19763487999104604,-0.13494997834432004
C,-0.25591166136269866,-0.14715577433557697
C,-0.37304889928887563,-0.35286334607425923
C,-0.18720758520483025,-0.11569526509955425
C,-0.14643306691685204,-0.10641037722779263
C,-0.12452374341816226,-0.07290161107594721
C,0.3350553629616423,0.24485728170885607
C,0.3858526089858538,0.3100478035051906
C,-0.32487302654660083,-0.19611122115844154
C,0.21548299874516963,0.1229605288648718
C,0.11161099888338123,0.29582005677228684
C,0.13892994536654363,0.10782552637013039
C,0.32540663476443715,0.21228381899687582
C,0.18218865527515227,0.11366852860403483
C,-0.11739096387551269,-0.080350290323309
C,0.27859477270533034,0.1667543142010334
C,-0.22662357400352043,-0.1481711880010786
C,-0.1951283631587787,-0.11737908836296883
C,0.1549972950260498,0.11021130048756353
C,-0.17052979893453565,-0.147400788945925
C,-0.568706286690075,-0.35145228954938607
C,0.38016064957879236,0.2129650123360191
C,-0.14344297730251157,-0.09823217091733644
C,0.09408806746968065,-0.22038346298947709
C,0.08248876305921968,0.08899584587327683
C,-0.3822620046215052,-0.2520892782040041
C,-0.5081928997624653,-0.37828338779364934
C,-0.6232551885525301,-0.36095730194144404
C,-0.1606918011215874,-0.3125535403350952
C,-0.2819874792399127,-0.1463540292971206
C,-0.3169876235947491,-0.24477944140705318
C,0.3759857315831517,0.21287289766001655
C,-0.15928507946516562,-0.0840670346792239
C,-0.14661146990661497,-0.1402587427791133
C,-0.1839025702151742,-0.1390646768167172
C,-0.4000349933125057,-0.26523568817387316
C,0.21978243996684235,0.17498133621021705
C,-0.2156573689380251,-0.13201420192941615
C,-0.2628360082142223,-0.15302227394211618
C,0.080793450660892,0.07339186427344428
C,0.04033996809591392,-0.35864565536346443
C,-0.2033482993562078,0.09404285777620552
C,0.09376909850423326,0.09678997315997322
C,-0.20649931727710838,-0.1419421224709639
C,-0.2572294940968661,-0.17579803156211812
C,-0.14845909214339104,-0.07686331902812078
C,-0.09772425387913983,-0.3556327840864107
C,-0.161231997319228,-0.09167046040864922
C,-0.2585105724340176,-0.18423291559330612
C,0.2895049221998838,0.1840257924286117
C,-0.17799081493111235,-0.0955173113073251
C,-0.26790716454373203,-0.20124878414639938
C,-0.24787662217758855,-0.18348665142811768
C,-0.1711066216982014,-0.1282227368297162
C,-0.27896932438174493,-0.17690710632330595
C,0.35910790949314675,0.22209501945530888
C,0.18031145006042257,0.13328931992351062
C,0.2248163136258889,0.13756729118569777
C,0.23518341510111726,0.15419526276457046
C,0.21845413590607896,0.15838021586451326
C,-0.3916051025908598,-0.2447476473681002
C,0.17526334584738226,0.14524488473228317
C,-0.22701340029851827,-0.14656328538556362
C,-0.31611370874339195,-0.2068015439128805
C,-0.10761452011501349,-0.08596209198175829
C,0.13945686613873345,0.09724926277200323
C,-0.2340283754387904,-0.13541480889458604
C,-0.2707971794541674,-0.16835477928715706
C,0.08849624034190398,0.08000926998067932
C,-0.2820398988395707,-0.17694441513428358
C,0.19026483275225312,0.1167860572466429
C,-0.34558669200887443,-0.2379094163258948
C,0.3080087274876965,0.21479916892031517
C,0.1375758627084484,0.10071479107130785
C,-0.23752548473272692,-0.1398917070156451
C,-0.17332508836382127,-0.3167029393802266
C,-0.1382675487628357,-0.10020165926807666
C,-0.19851353291020968,-0.1251637242518572
C,0.3036153614293563,0.19491401751625304
C,-0.1549945161273071,0.1451029715789297
C,0.40792370770178166,0.32407943486735863
C,-0.3351849949683765,-0.2657411399084345
C,0.15507772251805496,0.09857832317032701
C,0.290289168587483,0.33358648832224447
C,-0.19127353952926612,-0.124358105751954
C,0.41239728408848286,-0.32338657648329466
C,-0.2032864064521534,-0.1643950596396571
C,-0.255243467365616,-0.16758950091265656
C,0.2829902843869278,0.19646860286157083
C,0.17248029736409679,0.1266779174148733
C,0.14462775174157572,0.11509072591484261
C,-0.18517927397158146,-0.12776375460395134
C,-0.15911330227917184,0.13128300701721618
C,-0.21981892378891435,-0.2234717471155021
C,-0.09008055074587418,-0.1076421648695054
C,-0.5268033540075149,-0.4136466102687437
C,-0.5071519310491064,0.36366984237138705
C,-0.23740225417027166,-0.16148611666711749
C,-0.15890089245175462,-0.13033243394120378
C,-0.2427907685336975,-0.16914987932739856
C,-0.2747698103254532,-0.17656659909370861
C,0.187506483262332,0.11903265324589982
C,0.36565370718673834,0.23746193462627324
C,-0.3826677541919126,-0.27391493366764147
C,-0.1584410942141871,-0.12402345276923615
C,-0.0986594102346485,-0.0869813876920847
C,-0.40306353484768725,-0.24764203869565152
C,0.2555994901525131,0.14667444608246052
C,0.1909720397189006,0.1355439320836916
C,-0.07051860802725714,-0.05616841168336591
C,-0.2154213593707814,-0.2515728782960638
C,0.3350809216219295,0.20001640424221684
C,-0.12142049372723546,-0.0760638119538371
C,-0.15505782975911103,-0.10296716411561693
C,-0.1807975000813451,-0.5066919962575765
C,0.290345581476291,-0.5636809061848015
C,-0.25234053246835625,-0.18504137190366376
C,-0.3963973372099174,-0.22748257337491432
C,-0.4487302937859435,-0.2625450004867859
C,0.24101259136074116,0.20396446641817145
C,-0.17346901825624864,-0.1421303325723331
C,0.39541396185657995,0.2739823291605886
C,-0.2298006570963882,-0.1770082032709006
C,0.14300644061209308,0.09898957387907392
C,-0.6095788000406913,-0.36975865305589034
C,0.1047889153456103,0.06578924348018708
C,-0.42353146213553794,-0.28471238019134437
C,0.23609213609802854,-0.05724988235540993
C,-0.20395792575959548,-0.10530476293839122
C,0.3603219319488722,0.23554709971238127
C,0.1208818343693421,0.0807136206663142
C,-0.25891351819215935,-0.1798878591039957
C,0.32654907156792734,0.2080947731244545
C,-0.23163763410307497,-0.17224118464977728
C,-0.09265639946740196,-0.0971014615677761
C,-0.13130069508590764,0.4049964538689064
C,-0.2667743695610818,-0.21895339553360094
C,0.20711723732801676,0.12524734625673745
C,0.2222068091121617,0.1688145570494799
C,0.37782538136536026,0.5722699004324383
C,0.18866991240528908,0.11794901600926701
C,-0.09780915460345627,-0.0956741892249599
C,-0.1283968319612335,-0.12280256496175337
C,-0.3070907919095172,-0.11104937305131034
C,-0.13471838152884755,-0.10539980509150265
C,-0.2477856479910871,-0.1326955981492511
C,-0.12871286773902418,-0.4104518795798913
C,-0.2637269280248195,-0.16980075476650608
C,-0.202597405323897,-0.171029718743088
C,0.19945737055298887,0.1310994176133897
C,-0.17396251845161706,-0.1290702300795558
C,-0.1181969026317282,-0.12838623925234857
C,-0.5736837935034205,-0.3199340401417421
C,0.11365008055041848,0.15055897140329008
C,0.33823568467152465,0.23697055216007382
C,0.2529126847686303,0.12477548752464931
C,0.26294886856975436,0.18910228939033466
C,0.45260501381929136,-0.5177365450899372
C,-0.35828315965934987,-0.26017568831269244
C,-0.16865558777679693,-0.08818203516734704
C,-0.15440870635324,-0.09686498427323131
C,0.4948976205516834,0.34085281423744246
C,0.15693748854558326,0.09236707998176777
C,0.01818673356510291,-0.4438625403899797
C,0.2050128281880751,0.1379007213459126
C,-0.14003652046882986,-0.18531976788405458
C,-0.3315938289387855,-0.10854552238240912
C,-0.2561267515555033,-0.148890181489878
C,-0.1320007597743612,-0.11550270392797331
C,0.5030833548434263,0.32729031734523456
C,-0.014054972335699202,0.35560417894400853
C,0.33156707577363403,0.1560379601266634
C,-0.3174040428663508,-0.18974999215637514
C,-0.09662310206121218,0.32539698842289644
C,0.269893466319626,0.19174505589558263
C,-0.18768450379608922,-0.1501089483234999
C,-0.4114818008781096,0.3904376057070218
C,-0.3000995304337208,-0.24318076387962922
C,-0.1980506609653328,-0.1346395772153232
C,0.16486745193671226,0.11586666093319922
C,0.2559549436552933,0.11164664807395581
C,0.46114771990970405,0.2158493448859709
C,-0.15195174302544484,-0.11142525077014367
C,-0.06752872506195073,0.40666377232337253
C,-0.19797325892439518,-0.13299070788489467
C,-0.32021208566255216,-0.21362409646049094
C,0.055797755559595125,-0.21370971712205297
C,-0.3017984246773017,-0.2034651499514325
C,0.18789374435695136,0.12738400875499334
C,-0.3560817437702213,-0.2540368009129603
C,0.11775390329039022,0.09117074426565284
C,-0.1776140694220374,-0.1331888472640604
C,-0.29487619410030297,-0.2672783342456957
C,-0.23036452010366026,-0.1389829818305244
C,0.25221359498364715,0.16954517271152528
C,0.34238905202033254,0.2091423694518869
C,-0.3927768920922144,-0.23643305426025596
C,-0.21891403711807203,0.4646671801786459
C,0.2329212714042158,0.15688757852535207
C,0.1268605202614193,0.09684299328259836
C,0.12638095690419054,0.00034710022522485616
C,-0.43393662683915313,-0.29945371941445914
C,-0.29554877539121943,-0.48710148588338875
C,-0.11616721943097047,-0.09832562715681531
C,0.15317883771652643,-0.22440178730821772
C,-0.32898443266114624,-0.17176990937283867
C,0.0034909656893604003,0.16955559327973552
C,-0.23039688698742886,-0.1623421466953405
C,0.1950502474758674,0.13208178018940864
C,-0.238473856838456,-0.17486085540715315
C,-0.16080168548925183,-0.10872672752178945
C,0.3054953610022343,0.2112355919407242
C,0.1474926497506704,0.11278654185498427
C,-0.5273501736621533,-0.3385470119966801
C,0.15018182528241522,0.11608960918084225
C,0.12853411744750293,0.09058938186276597
C,0.21812428045780577,0.14128777780976973
C,-0.24762852440766764,-0.16903848651265177
C,-0.318500150550043,-0.2111215926671827
C,0.13147092319966638,0.0802315321098644
C,-0.2434499633157818,-0.16124774794766936
C,-0.28997614690574147,-0.22211488295562795
C,0.1803661388436515,0.11585682760802588
C,-0.12354860724416104,-0.11511588555388039
C,0.2511713713349259,0.177134098092864
C,-0.27067186116489905,-0.20856913187409412
C,0.175587543313167,-0.09341744881697174
C,0.18881462976348226,-0.10432940367870065
C,-0.13494804259213775,-0.1019320811414981
C,-0.3457764760312743,-0.295790617717367
C,-0.24870236015297661,-0.1939848331224861
C,0.2894111203554186,0.21814887892066265
C,-0.1966876545076658,-0.11824378896121439
C,0.06922436501237211,0.25725500233392745
C,0.11901996931190735,0.22228142502785003
C,-0.13095364248391517,-0.09352965334516371
C,0.12584517530841724,-0.30691981249463707
C,0.17685065438030217,0.0778159077805
C,0.18756572261276602,0.14943775051637254
C,-0.22387347737430158,-0.17946564956290384
C,0.29378486798585707,0.27172818848402797
C,-0.2941519668845366,-0.17483755100014764
C,0.2515643092582792,0.16484955059358145
C,-0.24143216534149697,-0.1442318064230004
C,-0.14193562683837913,-0.13794538491658412
C,0.07125096647774157,-0.17265795286154384
C,-0.20494120023840146,-0.12005119958084343
C,0.24394141370566924,0.12809029392734803
C,-0.22823645431247133,-0.13635345802668794
C,-0.15910408300553563,-0.10273274916808176
C,-0.369180220479735,0.4918522031956459
C,0.4085493901681727,0.23730073884829703
C,0.3197701253948275,0.19437596988709374
C,-0.13042168203395482,-0.07798030299343921
C,-0.19232975785112044,-0.12251146827005464
C,-0.289241120636731,-0.1905916272204957
C,0.3832963025043448,0.23648480760392002
C,-0.3790677630026233,0.40104321829238776
C,0.2669547076817934,-0.37218457836791535
C,-0.17614234231535675,-0.14295126120363405
C,0.13662009837194636,-0.12308902261331903
C,-0.44504448372136624,-0.26485256240015437
C,-0.15295719912528516,-0.12281328851715975
C,0.10814716403552133,0.5011634202449553
C,-0.42769011950295144,-0.26470879998339863
C,0.1608387337252923,0.09453641956037226
C,-0.18248721991531583,-0.1285086242543169
C,-0.17083658748420927,-0.1712649685098686
C,0.11549860725845609,0.06765475531024416
C,0.2506371677349719,0.15921435839816508
C,0.2468054473116975,-0.44450982542901807
C,0.13894557089730866,0.10551416527818512
C,0.21299774622611065,0.16518214884576427
C,-0.37892152368868565,-0.2904305788914813
C,0.14380603328103406,0.13196545044040434
C,-0.4050508043014587,-0.30104494568005974
C,0.19523412110353566,0.12977774242789547
C,0.2685676627802567,0.17944956823364014
C,-0.5663218234251985,-0.3130242998683326
C,-0.13489424165421474,-0.11483481539471746
C,-0.38365839071093577,-0.2518338150743555
C,-0.3296975877546747,-0.23551429858791204
C,0.4271949767689606,0.3549551901484343
C,-0.24522466312006644,-0.17451647548705881
C,0.23104615186089072,0.14195925468094828
C,-0.05096945861062134,0.10379111555704605
C,0.24504315258155082,0.15849121264379712
C,-0.2573358274249328,-0.18402629719182365
C,0.14168126496273278,0.09836129976139982
C,-0.16436939775607928,-0.13162242427742663
C,-0.5755064502787133,0.28297956226282567
C,0.23066786268276718,0.19918019755143732
C,-0.46582384245280356,-0.31699154305619986
C,-0.2201625038062358,-0.14269102523889463
C,0.1123239077041876,0.139822282583264
C,-0.41435923717888395,-0.25662176633370687
C,-0.37493826206720016,-0.2748107182533209
C,-0.19777397077387418,-0.160586846967321
C,-0.2167166668458002,0.2909958755008558
C,0.2540296857357059,0.17015136036399095
C,-0.24951585282568,-0.18064647210549312
C,-0.4119076826500215,-0.10279426011462402
C,-0.10935455552672768,-0.3322046439784662
C,-0.11869279626695345,0.09774742628371588
C,0.3949246598393235,0.22510568959171348
C,-0.16532493849099839,-0.14610467344873637
C,-0.17691756613480886,-0.07820159468322857
C,-0.33116706899121273,-0.2626368817650274
C,0.10192607120141166,0.07853154138133188
C,-0.38183884040515087,-0.2689629530834158
C,-0.21199356045498044,0.42418083070342627
C,-0.4132083022421709,-0.33128820788580143
C,0.10905997172292345,0.3991649968504116
C,-0.23549641484594122,-0.1836851906180497
C,0.18951497300785672,0.15279341762287682
C,0.2364118138054604,0.15032976254113006
C,-0.1542020868213197,0.3580293550438788
C,0.19294809576599978,0.13321869731855007
C,-0.27369758531525223,-0.19756396276269791
C,-0.2066143472022168,-0.15644973777633947
C,-0.18748486975756962,-0.11832227579977776
C,-0.3245190356472363,-0.1899549180973736
C,0.30815631174652236,0.21410505883622075
C,-0.6286857824813095,-0.3676623485229372
C,0.3839298784542676,0.2532921653064786
C,-0.14304896672165324,-0.09082145724744889
C,0.39190662854786895,0.27181375364268073
C,-0.4059816858054373,-0.3453785980319784
C,-0.271129940363991,-0.1704896747848271
C,0.2747257796119893,0.18139631954913296
C,-0.17915852360790566,-0.12794192876140117
C,-0.19107176500742207,-0.12640076010478274
C,-0.34410476182128946,-0.2083352335535808
C,0.24101649429445482,0.1541881541584167
C,-0.3565069331705869,-0.2190961812839721
C,-0.1747406810525809,-0.13701085247730665
C,-0.11247710326209008,-0.10391243819337682
C,-0.3320340032715487,-0.17682859142345408
C,-0.39415569686311275,-0.22381287791948704
C,0.19047542103423837,0.12777720725470615
C,0.09262885956871882,0.334260213114341
C,0.1327653756859914,-0.1765437835748555
C,-0.15768224133878594,-0.11186963662791369
C,-0.3317709432431797,-0.20355694304529584
C,-0.20057134033856552,-0.15516589271075057
C,-0.033055246091542013,-0.01857605395298502
C,-0.44472888745218175,-0.20766373015192752
C,0.5084649731690476,0.25911225292715484
C,0.23409760558294776,0.16152889433771023
C,0.21101311992321944,0.11797364279277305
C,-0.1723810686363298,-0.14421137635764805
C,-0.3839970576042928,-0.31233319875774007
C,-0.1765564246962637,-0.16234608265580128
C,0.4313323251756656,0.2150371166928619
C,-0.2697026027196202,-0.17238825440583788
C,-0.26207039210298855,-0.17811452028590857
C,0.029311539163677645,0.05964495109431494
C,-0.200889601967866,-0.11438239836468826
C,0.3448841801495818,0.2660518310707451
C,-0.28391759211199846,-0.15707381888121255
C,0.1693906318992316,0.1256655071553437
C,0.26800141663133004,-0.40988483811575044
C,-0.411692576924431,-0.2463539270290857
C,-0.16773608283632183,-0.11982071540873618
C,0.43577219278663004,0.30214025890013
C,0.24513165064994566,0.15425247398358555
C,-0.4841796004411123,-0.10186511495344253
C,-0.3782275540403481,-0.15641598439520257
C,0.410835561343104,0.2954814215872326
C,-0.25134494428271265,-0.16025113654479567
C,0.25212887304277815,0.18074365366497988
C,-0.26144619922861484,-0.1779525332775546
C,0.5365403858071501,0.17079930763442785
C,0.28980633144263257,0.42707515738684204
C,0.3656325950617148,0.283077768619688
C,0.12493259910026099,0.09059054179149412
C,0.4537689691619981,0.36550473026145813
C,-0.3138660211181238,0.1203350653490905
C,-0.4740502783494662,-0.29583489542685637
C,-0.10679682091196711,-0.1457907287222572
C,-0.2829312685475954,-0.18796841187753513
C,-0.2504141160502051,-0.1742620120095878
C,0.1990545139121855,0.12389790150939434
C,0.2460000008830983,0.17067658104065278
C,-0.13782260248915693,-0.03290073211905365
C,0.21810282902879782,0.16141510907159418
C,-0.2855605500820089,-0.16839515641049535
C,0.16508076779828681,0.09212098184618245
C,-0.29417234713134993,-0.17782398215367776
C,-0.24193379521285382,-0.19185825766379874
C,-0.4029627734864947,-0.3138768999762443
C,-0.21176585214890736,-0.12496801987150968
C,-0.41079325432482905,-0.20378179809319097
C,0.32699034475490224,0.283365027759705
C,-0.19196957957991087,-0.1489875865493474
C,-0.03519422089881027,-0.2537160327624441
C,0.16506902121842776,0.12872614288785736
C,0.2618110527401219,0.1828213367852696
C,0.3794591451013789,0.20623023575744207
C,-0.11685886724865246,-0.111851550747333
C,0.15564568154497668,0.10114982320516162
C,-0.24027958566902954,-0.16010604644703968
C,0.2619129446145345,0.1649749524924386
C,-0.2590922683938709,-0.1398379657575472
C,0.14470159187959264,0.1093377916996732
C,0.42862058220224775,0.1925217923331289
C,-0.17833187081792076,-0.13924927727184389
C,0.2552138846056461,0.18776833138846688
C,0.20853558842602032,0.12877034469300513
C,-0.5794016197874646,-0.2660132491575874
C,-0.19509896504986343,-0.1646710556426439
C,0.11300803826580864,0.08011706265711596
C,-0.21282861084802512,-0.10737244242708949
C,-0.22930385863935718,-0.2277264608820758
C,-0.20435662767494878,-0.11691606512220225
C,-0.2536400855777379,-0.16992877113250135
C,-0.14529138545314968,0.05086859692408214
C,-0.22868892238069277,-0.12843996949092037
C,0.33938192871403294,0.19898854803269667
C,-0.09935640263657321,-0.10077406702719696
C,-0.2509006627790714,-0.16239987260497707
C,0.26305502437958767,0.43507030839039224
C,-0.5465586290802761,-0.2574844603696211
C,0.3087407919048172,0.2325885909572268
C,-0.3128421046603195,-0.24120584689234173
C,0.12711405228180842,0.0928727008509625
C,-0.34473834092709515,-0.2264587258738344
C,0.5413211701738859,0.20814252666085642
C,0.5225576648445599,0.3175550439323745
C,-0.2911172996332335,0.44690340435517556
C,-0.41838741216196085,-0.3022807965567713
C,0.06826608385408849,-0.4523518332536361
C,-0.3116071215202593,-0.19389584494247372
C,-0.24038662495455002,-0.21052788464779765
C,0.1413170222246833,0.1045327388429926
C,0.19555242248440863,0.1476771248293479
C,0.3573594118914898,0.1419848791961987
C,-0.47661120397077356,-0.3068825702356738
C,0.19463610641523452,0.14453739148982492
C,-0.2343609264772697,-0.07992662626170798
C,-0.16714871467113546,-0.11295706105629674
C,0.23194219590362733,0.1369168354745099
C,-0.4442326022863813,-0.1775075063914495
C,-0.21659666163050623,-0.1272443485002138
C,-0.4110629272567367,-0.26122116308759025
C,0.31738224726078046,0.22443292733277928
C,-0.2963694313589923,-0.23449599024940898
C,-0.32192642298980617,-0.3611291006136828
C,-0.33628800012365884,-0.25154283796800236
C,-0.19658049221645726,-0.13251391611076874
C,-0.5143851521013422,-0.3727957551122957
C,-0.23020483998364133,-0.14404428525766957
C,-0.2802957576494931,-0.2308117723819188
C,0.11797418208120115,0.09203581626832955
C,0.19247959423752695,0.05456873664035376
C,-0.2653572535206745,-0.1715210351334978
C,0.27239234644314786,0.1891631130680041
C,-0.22158276734179835,-0.16473240566357417
C,-0.23163642427886963,-0.16778782752781057
C,-0.25604048563158016,-0.2030119604029957
C,-0.199859286917535,-0.16811411953466562
C,0.17833966409901067,0.1281376403204627
C,-0.1880927600998781,-0.11164570514941775
C,0.32740400130952857,0.18887018477038472
C,-0.2662041863924113,-0.19312548177102776
C,0.15796892777292615,0.18828378467592707
C,-0.5454146914856294,-0.33994315457832375
C,-0.500578313073846,-0.2861790754245842
C,0.3471513150046233,0.2255882367404438
C,0.15031180800178348,0.10866123568259749
C,-0.2511444266080157,-0.16890985551355123
C,0.13411110745601265,0.10137852886012685
C,0.18649447236217642,0.13591942466526716
C,0.13036992336321113,0.10299982007336554
C,-0.11796314947126399,0.045413009771910345
C,-0.060885119715880044,0.0814986945394087
C,-0.11983125325448277,0.10900655271030332
C,0.04530785807785005,-0.07520152353184749
C,-0.227728468629058,-0.17043723964428348
C,-0.4121360028830002,-0.29167276161164946
C,0.3668569926973632,-0.11428873177209187
C,-0.44608054772496936,-0.22979122123631093
C,-0.23150223928934752,-0.19730149005757064
C,-0.4570441731993846,-0.3323947366514033
C,-0.0920098193438023,0.38150553353234595
C,0.2412408457478132,0.18028978094368975
C,0.15111715657983069,0.1306860642810564
C,-0.336765339531665,-0.258812748745103
C,-0.1497761601342682,-0.10163618800680839
C,-0.2732265734169327,0.47617509209046766
C,-0.4760970952362153,-0.29652544699917305
C,0.3593986842629998,0.2565206696715513
C,-0.26642752690398125,-0.2284600338196579
C,-0.21559557175873723,-0.20496723376439877
C,-0.24561419833797338,-0.16927312113750828
C,-0.1323196122911794,-0.11152259306548612
C,0.18094408226308345,0.11862800033276347
C,0.2555458811713322,0.15076730374579858
C,-0.1632020301221525,-0.12637060954607546
C,0.3821098116328698,0.24638813618534822
C,-0.07715144741053191,-0.13350084119498082
C,-0.17975139902944168,-0.13318662602986675
C,0.13705648841583312,0.09571399058709973
C,-0.2087118328264076,-0.15660662602638908
C,-0.208060980559951,-0.14922365387843733
C,-0.24200159644894137,-0.1785339901965054
C,0.23099353340578546,0.14789167835822034
C,-0.2930270292953688,-0.18891893100333118
C,0.3163208944260283,0.19869662211315176
C,0.330771187865925,0.2219127288457511
C,0.2993665737857517,0.19255367117385083
C,0.15691477198898995,0.11122454597032964
C,0.15978003046263456,0.17326132409412678
C,-0.27908822728493,-0.17743465825195345
C,-0.15430985625400853,-0.13946582597516546
C,-0.11776449604423604,-0.09271267873137388
C,0.21395894397062995,0.14180331802075014
C,-0.016987761340366503,0.26463320166098075
C,-0.003833287953472147,-0.2819359230285445
C,-0.2660838515327663,-0.16215815861888982
C,-0.15475535637943197,-0.11128628744818532
C,-0.0872615113282929,-0.09087195236731448
C,-0.15970125070319904,-0.3907287869155633
C,0.1688534894696747,0.10753466009748444
C,0.36260177471386223,0.375032917581959
C,-0.34517129713762057,-0.25847085969761263
C,0.16628620782050269,0.1506263640744971
C,0.2737449024139516,0.20875156852708415
C,-0.2788443879062376,-0.1835563769244187
C,-0.37095783256266107,-0.25984521553565304
C,-0.30208508478976775,-0.19230456594564904
C,0.08767927219901957,0.08018583092070385
C,-0.18003393799932546,-0.1259244167524155
C,0.35754877563812293,0.26440723388389364
C,-0.017496779212094603,0.35968247994179336
C,-0.37101086553564677,-0.2517897311500113
C,-0.16862428811561136,-0.10972921455227966
C,-0.2645790674283778,-0.15840622360514509
C,0.14325162950919976,0.08946421941209877
C,-0.2916059268843088,-0.1947299060234715
C,-0.19068304791699797,-0.14751916260234843
C,-0.11146734294550537,0.2883820071933402
C,0.37822239189853085,0.23181657995809962
C,-0.18802028618617542,-0.1334084020305555
C,-0.18005905409989803,-0.14990950523930777
C,-0.25288859047165124,-0.18382876857919198
C,-0.33923211357328714,-0.2677036999468834
C,-0.3626658640498668,-0.23509649077672445
C,-0.2051140459955585,-0.1734173300125805
C,0.10377890433256415,0.08522917043443126
C,0.093117312014538,0.07247199583532912
C,-0.5499049903431501,-0.3708813767039358
C,0.3088863304244366,0.19685386592919535
C,-0.4600168221449933,-0.28702078774947026
C,-0.2239291061631328,-0.16464268136856045
C,-0.239115625639446,-0.18800164685701026
C,0.3646599707526709,0.1471811009223436
C,0.37834114589213313,-0.3364440405151385
C,-0.45113334917331094,-0.3219821446483542
C,-0.20628581427701065,-0.16133458849292584
C,-0.15064228929180076,-0.08086077944866167
C,-0.1515020974970176,-0.10065285337309385
C,0.15446488724067967,0.0914384703356557
C,-0.16502881372432646,-0.10493974575034848
C,-0.147144546524512,-0.1108437722354098
C,-0.26742900036129275,-0.17901033962866858
C,-0.19337750082308885,-0.1122581554412088
C,0.17148739052717446,0.10458014887885132
C,0.15727673908233664,0.09507990558434985
C,0.34676540164032116,-0.3536675714764549
C,-0.24487894323933462,-0.16688760239568956
C,-0.40171330300667674,-0.33810649584335717
C,-0.2934613564485226,-0.16858074810282184
C,-0.12656288363865037,-0.08022018186283957
C,-0.2263214762034492,-0.18593194370166308
C,-0.3266612003820482,-0.24633828313418246
C,-0.479584228906457,-0.3290594418600255
C,-0.2905276409714197,-0.19875844180562297
C,-0.4056715780935385,-0.24409594583946412
C,-0.15459870658817845,-0.10990503415817128
C,-0.1966523744438702,-0.14822367630977398
C,0.2498347761602821,0.17570878630830034
C,-0.43802546438617923,-0.36601165833852006
C,-0.39370123810140895,-0.1413371987279838
C,0.3969823795041687,0.25939884178664646
C,-0.15280283728303026,-0.0885219522326535
C,0.29951580505765385,0.22984429182062016
C,0.2434422840991312,0.15381485163180178
C,0.25087064016933874,0.231260743367308
C,0.12684657103602034,0.08467065876808293
C,-0.2595081267504615,-0.15941796446107637
C,0.10771570852738536,0.08512580499315703
C,0.16602717203882295,0.11904693902945394
C,-0.07707329082324517,-0.2520549691012819
C,-0.262553917485378,-0.14967246579728347
C,-0.2772935577868075,-0.14596739648644652
C,-0.23759307220112463,-0.16768149242885094
C,-0.39556315464226316,-0.2326333097679507
C,0.4522225573331055,0.3513659158279286
C,0.19134368695144743,0.1940071779166795
C,0.2992995094512967,0.19683982890628968
C,-0.23297564758362957,-0.1293971975635337
C,0.4619872583438198,0.4295144819846252
C,0.35356356837814,-0.4588000878455895
C,-0.2600591370535988,-0.1664951591907003
C,-0.25159242105660734,-0.22211601417772953
C,0.12648641512154457,0.09082224468948269
C,-0.1906491995275073,-0.15176735202721592
C,0.09585719774179605,0.25865066298835615
C,0.29162277249879454,0.19248979058572582
C,0.4501662417441251,0.30706946804409885
C,-0.1897072414226659,-0.13538565020098334
C,-0.2364101651929308,-0.1611803323555683
C,-0.405005013922039,-0.20725098354913013
C,-0.4203145542138326,-0.3364111587822229
C,-0.11662920690132923,-0.08434443557055787
C,-0.20835054419314777,-0.11660698789189046
C,0.33260279989354874,0.22198864020270095
C,-0.2328645771970984,-0.1431574883152202
C,0.3578832470206494,0.3371529022168228
C,-0.25729078048596027,-0.15845341703452664
C,-0.31155979614206386,-0.21890529177472617
C,0.14588596795702383,0.09467181278813365
C,-0.5313537142139637,-0.33267516981675915
C,-0.11846244499734296,-0.09886417873056177
C,-0.42693470297057534,-0.46126606052425106
C,-0.04869404151823254,0.07527104182068468
C,0.08950205762923802,0.054789957503597636
C,-0.16721503587706954,-0.13671804142780114
C,-0.3315649977048851,-0.21917147504261214
C,0.22370028682167564,-0.5704124540185306
C,0.27486132734066787,0.14471429758443358
C,-0.3328346278010376,-0.2231041981593543
C,-0.16168294288792145,-0.13567030470181818
C,0.3362343568357727,0.2086921154100481
C,0.0711788142773921,0.045867310864775516
C,0.34670194380707464,0.23774970931843095
C,-0.11211282335799805,-0.07070168188416559
C,0.18185724049896188,0.3660537339313416
C,0.3782773057718429,0.23169235580824435
C,-0.217482840889358,-0.14914912511393813
C,0.12709413914451131,0.0960523306675776
C,-0.44667085691853775,-0.33950338523010876
C,0.13460734728543133,0.09386856490028102
C,0.16114306509189805,0.11413898100871171
C,0.27355230696320304,0.24617232207205947
C,-0.04278801277340636,0.10936347619263535
C,-0.3119883441887513,-0.2087069903924899
C,-0.20268479087379698,-0.13923801371626088
C,-0.09293399130255289,-0.06826505191107607
C,-0.1547223556589271,-0.12115619880352842
C,0.44987396347041786,0.33668904873191025
C,-0.2549954777499888,-0.1489598171527708
C,0.1900119500897628,0.148487462245651
C,-0.3609623860839451,-0.23544736629961338
C,0.08870273136419912,0.08182436433753448
C,0.14794077313225373,0.12756048964631325
C,0.4834308104393701,0.32044874406655094
C,0.23145780311351544,0.17028609215593873
C,-0.21350699112786475,-0.08883976985212906
C,-0.09184562994859377,-0.1009024883663961
C,-0.24125373596194893,-0.19907573990069005
C,-0.26126250548016516,-0.17581806161855676
C,-0.2600907530686346,-0.13901571491680328
C,-0.15171791164951967,-0.10726714816638824
C,-0.32251840467671583,-0.1852635960095789
C,-0.0832197891480909,0.14566810288463583
C,-0.18930540572517077,-0.12814912270270082
C,-0.1315627053003232,-0.15740829065925285
C,-0.25026626213705316,-0.18370074976098044
C,0.19836289369222854,0.24510413133618797
C,-0.387481109252068,-0.2441045152702453
C,0.3287116651109426,0.197927482316533
C,0.165696699124042,0.16327132550975013
C,0.3843818776034964,0.25355080560649845
C,-0.5334603452397328,-0.33306766279931593
C,0.12392823965686128,0.22672186879641162
C,0.2139977482837335,0.13151209225930224
C,-0.2053757199724688,-0.13687734353871434
C,-0.3805628749148196,0.16632827654059168
C,-0.11519695110665185,-0.07596159530038293
C,-0.2899401526163867,-0.1782952762992581
C,0.19329571476291252,0.10291186626423193
C,-0.39963675428482387,0.39805929693166064
C,0.4681351440903218,0.3205817963549843
C,0.04118404228233693,0.3146303749420049
C,-0.32041697793400153,-0.18804264803423382
C,0.11661511747954295,0.09963777404087798
C,-0.345259176373698,-0.22291133208974043
C,-0.2742678667614435,-0.1936795626538879
C,-0.1764235176689201,-0.1514504518172838
C,-0.2072792948713933,-0.14904046768778814
C,-0.3479263384667467,-0.14932494958841355
C,0.10369224438579618,0.14587638884382637
C,-0.30661007708305926,-0.19714759896845527
C,0.23413004167951906,0.14773310950642
C,-0.22600992842915751,-0.1392697447680789
C,-0.3447250851991836,-0.22164623504097508
C,-0.198132897505482,-0.13577016769054817
C,-0.20279887956595183,-0.11968114996913774
C,-0.17103685497086185,-0.16048874436246904
C,0.3337959254185287,0.1974144924678525
C,0.30500186973103477,0.12005490353140467
C,-0.3225041907433618,-0.266444637626299
C,-0.2799388822449424,-0.2736370569680536
C,0.14237292107026614,0.09061662212420041
C,0.14052960622442662,0.10106602997577968
C,-0.4532761557862533,-0.2672715247023863
C,-0.2148400507399615,-0.14282553342793908
C,0.17798931268556156,0.11764517914120767
C,-0.1672302736845249,-0.10139643146474579
C,0.21710715483402934,0.14230929643111614
C,-0.15330985538561887,-0.11936529606246711
C,-0.1601664750633391,-0.19097092906865695
C,-0.11305237520391472,-0.09575067293511175
C,0.14158485225346515,0.12374825886052494
C,-0.3823083657803271,0.4208465255100197
C,-0.14482695792808123,-0.266313447586996
C,-0.2762203343211092,-0.21277732935931948
C,-0.44606308275245793,-0.1565930630227018
C,-0.13521974218592395,-0.10018559501993103
C,0.27287873405340957,0.189861642011755
C,-0.09297737534911078,-0.051170618500333866
C,0.24678924733362617,0.20683504518187973
C,0.322689422091825,0.24564182800964837
C,-0.21053019148184612,-0.1464900221602833
C,-0.16346567816112095,-0.15913866766458276
C,-0.17626969731503836,-0.13636436877230734
C,-0.28819843430923375,-0.16963520613952562
C,-0.2786908857205467,-0.17287269569922745
C,-0.25991198486298434,-0.20430797870934955
C,0.2788408570467954,0.18289555254524173
C,0.3040218166010225,0.20671510670100302
C,0.14179201300680055,0.10110077585639289
C,0.1636958031792803,0.11711272539849595
C,0.24574133156582176,0.1537839418357986
C,-0.2059678564194429,-0.1753266157413908
C,-0.12298822862422482,-0.10226241017108877
C,-0.23878116578168318,-0.15629677431219932
C,-0.20706325540835308,-0.16215916369966155
C,-0.326102451374241,-0.22296555029166942
C,0.16071157101530356,0.11882922574964962
C,0.24148662727232245,0.2461716593677869
C,0.18432907223779918,0.1260259399027179
C,-0.44007922408714345,-0.2755056387113483
C,0.3602757106825536,0.23457511413864876
C,-0.005678436289876718,-0.17946669725442102
C,-0.22203280154111193,-0.2459798110454162
C,0.11447563796915722,0.06672665911543857
C,-0.3412944134319225,-0.20427717750768074
C,-0.33801750494399085,-0.23490616402784562
C,0.2845245708361181,0.17053999440180745
C,-0.23916761355188318,-0.14938899593186433
C,-0.17920068502214848,-0.16149616261231406
C,0.14022201540557105,0.09574668512763772
C,-0.29140770930807713,-0.2051279118517514
C,0.3646671007912402,0.24397479378894849
C,-0.4702176394608851,0.43160257243537636
C,-0.15317651501284885,-0.09957922870419754
C,-0.1237967526767597,-0.2116770932251842
C,0.35620122438107626,0.19885011214349096
C,0.330142136739971,0.17488594595703028
C,-0.419667792778747,-0.32444806924597036
C,0.19823879775792264,0.14545901573104017
C,0.20710738657065794,0.1559402647486882
C,-0.17277108761931745,-0.1597019832131811
C,0.10022687516655387,0.07543784030127841
C,-0.36573979762312864,-0.28570100888875055
C,-0.4343663918557789,-0.22713221659039998
C,-0.17215320773024587,-0.10216677124718088
C,0.1983583601844728,0.1805834040469514
C,-0.2748913093809937,-0.201125327238583
C,-0.30447339159827463,-0.20263771597739053
C,0.26372470723349684,0.25018441128884344
C,0.3314045274179069,0.23441124417770084
C,0.4333850056061696,0.31476425042945216
C,-0.1934020146224923,-0.13863735242416092
C,-0.20069127957985744,-0.1749941793975853
C,0.2915443381303848,0.19640297188350597
C,-0.26117171138722445,-0.18537837738782176
C,0.26474477294567106,0.1794678712840359
C,-0.1363315775338566,-0.09108905085501691
C,-0.16252901380491497,-0.13216914574770497
C,-0.14556659713693618,-0.10187921126175449
C,0.12409433206483031,0.08793219437908215
C,0.211535409995156,0.16987275140874933
C,0.4362361460846955,0.2880313540847779
C,0.12418180750953867,0.09634508528938175
C,0.3369080123761103,0.21471733258258768
C,-0.2449085103147788,-0.15839537075640314
C,-0.26887372234759593,-0.1639429153132991
C,-0.09956831039955831,-0.061819470978924915
C,0.4401886718566257,0.332566195710748
C,0.20764809946052104,0.13588939104248496
C,-0.18853615877501728,-0.12586572889893113
C,0.17341400125707257,0.1330072241963794
C,-0.27774720404936826,-0.4987000551842701
C,0.16493723663852963,0.15373019993848028
C,0.34715316243286864,0.2749225710271337
C,0.31196195578424724,0.20005987481925053
C,-0.41708571162156766,-0.295308119627863
C,0.38219135071476407,0.2942461822399133
C,-0.5939288316019076,-0.3561148446905023
C,0.24224361577053316,0.17573831714553312
C,-0.19166262288116934,-0.16390619909017357
C,-0.08193787126205318,-0.10022985150730508
C,-0.649191816349546,-0.46885960375320695
C,-0.3060174454160011,-0.2082516192699854
C,0.20154389030299388,0.13945657392447944
C,-0.3197314882834408,-0.2315530382411579
C,-0.2510974983370231,0.4220861707415463
C,-0.1721668565060587,-0.11023769717634613
C,-0.2157766550203496,-0.14674793658183724
C,-0.06765177260190317,0.4906793552492418
C,-0.42577876166187534,-0.2688230473296391
C,-0.17486804694979996,-0.15932517714816147
C,0.29701475381189535,0.20797957896963953
C,-0.2794976044534154,-0.09571261596123976
C,0.41347005489980015,0.2599763535218479
C,-0.19776176618304928,-0.13065222971976187
C,-0.25327800714807014,-0.1471558639006513
C,-0.28593411056833745,-0.1749553540808092
C,0.4809516781742314,0.1884470335642981
C,-0.11073326734465933,-0.07821483282294339
C,-0.1550979878412762,-0.1174057517483535
C,-0.048014045587964925,-0.3265502832557219
C,-0.24905918235375557,-0.19128732647363814
C,0.1295238979721053,0.1228531658575545
C,0.26504329297964657,0.14720147472661893
C,-0.2674750760220377,-0.1864281494538395
C,0.2563807368928735,0.17058301849672475
C,0.1312022797226724,0.11284593126883001
C,0.19457613321431952,0.23585879143282484
C,-0.23557927925889088,-0.1657214422268114
C,0.2753550488398646,0.11165651489723392
C,0.3943997742151078,0.2721281937423843
C,0.2511373057793411,0.24800517163895647
C,-0.37822669658242214,-0.2651898553742433
C,-0.2556295558375855,-0.2018095270380121
C,0.2909936012044785,0.3129335635442263
C,0.21350742086605984,0.14191741382052583
C,0.4109389260761154,0.34200595701957104
C,-0.34250770375625195,-0.2280928547874881
C,-0.12751849799542062,-0.15990555567992698
C,-0.192170629493467,-0.12535957133496348
C,0.22198099509479005,0.12253052578928032
C,-0.20894416942172017,-0.14984113668190013
C,-0.4182042956822714,-0.20892060802998655
C,0.23498634576306288,0.173764669009293
C,-0.19212262709736103,-0.1557499298290524
C,0.1753417981974473,0.12245728291568586
C,-0.08313201087490707,0.3087419343735373
C,-0.35637810344593907,0.40312700923839384
C,0.33991750471549653,0.19631922294671272
C,-0.2283104209378535,-0.1843160411623162
C,0.23011835549501367,0.15611379537987854
C,0.2775539845363113,0.19143753162836138
C,-0.28215332672094223,-0.18436930864795376
C,-0.029637325913104355,-0.15787172649477735
C,0.31580260526862536,0.3731387574841866
C,0.6293316239440734,0.15749860172735916
C,0.35973046629156435,0.21678744755718693
C,-0.21393132142094812,-0.16159713701294343
C,-0.323523564573563,-0.22070117915356824
C,0.2379464153788488,0.14336539332924558
C,0.2949397371970751,0.17835514135653593
C,0.24559177724043027,0.14397814194453576
C,0.16095849374053253,0.1267753705156762
C,-0.22260518129839066,-0.21609552449274125
C,-0.2964090611904357,-0.2783623694910055
C,-0.3922988389826116,-0.17921557170572616
C,0.4034225333480771,0.26258460211348816
C,-0.2953806959648289,-0.21337833988408755
C,0.13297450294106225,0.09704181035418555
C,-0.08537565635565915,-0.07060099337422202
C,0.29606090622127534,0.17651815743381802
C,-0.3932209673207209,-0.22320136569915552
C,-0.28880242004456746,-0.1999242037108148
C,-0.3186653054736064,-0.19674895371134749
C,-0.1345775865129256,-0.08592705252437934
C,0.36904366951984974,0.2962156908874516
C,0.30814876210484526,0.1896069834271455
C,-0.19327913482054182,-0.13999766169581654
C,0.13829480737968808,0.1184280711846605
C,0.13756922676855132,-0.10385160130707055
C,0.17389692780168658,0.11964230590162296
C,0.2812100213874256,0.21918178363801452
C,0.3275116277902574,0.22921711267535752
C,-0.1492351479977574,-0.09827951244882772
C,0.27951704632442753,0.18496811114426331
C,-0.2217409625384371,-0.13523833320635728
C,0.3203244039809698,0.24157092647063888
C,0.08641726930586952,0.08937148764080885
C,0.30310697583070484,0.1840717162521758
C,-0.11511869522059623,-0.08551341810611254
C,-0.3850623801799226,-0.21065447016461597
C,0.30943105743144617,0.20732864810601165
C,-0.23152446551052172,-0.1464575978518741
C,-0.3125678974161444,-0.16992288156183794
C,0.3820217008355758,0.2668945612164528
C,-0.22204727465136645,-0.14719226119519627
C,-0.36102687985210097,-0.270213289336241
C,-0.21467034407780441,-0.1809664180511896
C,0.08402958659126886,0.06779082462787363
C,0.1268341943071759,0.1093600824407851
C,-0.14641225788652462,-0.09545247684322687
C,0.31228725625014014,0.18654303950844314
C,-0.1684458621459103,-0.17021862688746373
C,0.3856290382691962,-0.558153857092274
C,-0.34371367037730743,0.3885735516009038
C,-0.18092486156693927,-0.1575259984441583
C,0.3007550261830438,0.21104929510878664
C,0.1585342560265315,0.09399527081352926
C,-0.5275235472488156,-0.3188562052430971
C,0.12337937305794565,0.4158845705271059
C,-0.18493318036508968,-0.1351336696026407
C,-0.21928952793676976,-0.17758255155506283
C,-0.18220785018121421,-0.10463672884119932
C,-0.26681275616092864,-0.21692527685934834
C,-0.3726946540852384,-0.26806973885667856
C,0.5311328633464403,0.2283432185284021
C,0.26952534004592105,0.16311740530686497
C,0.4121651304304001,0.29846102041896333
C,0.11798179589456671,-0.2879497434630601
C,-0.39756259694923873,-0.2643457723515576
C,-0.20787483255819786,-0.2384999445670698
C,-0.389072161406551,-0.23359990619286483
C,-0.10428251384398174,-0.08065793271914497
C,-0.308529423880859,-0.19070943884068706
C,-0.14626569602695597,-0.08530343950713423
C,-0.3376516333691893,-0.23258388959884985
C,0.24152496380393637,0.15441085373109464
C,-0.24440155100207045,-0.17673529978956762
C,0.14083274637660856,-0.3198134065040379
C,0.2029587380751458,0.15496765711573482
C,0.11881583709644414,0.05791502628377436
C,0.10676953560522515,0.09299995342480268
C,0.23142201004311913,0.1580424743854464
C,-0.13317123856739116,-0.11749237141526847
C,-0.1978164245730507,-0.13091150240799634
C,0.07932825040875678,0.05741031934951249
C,0.14709038298416746,0.07417674948299251
C,0.08405693081924978,0.0860241420443727
C,0.23213116676135856,0.15827259913603364
C,-0.22035272735320363,-0.16065925887123492
C,0.12925883452111558,0.09824519866515191
C,-0.10019378571541859,-0.1004562885002653
C,-0.4152641436883797,-0.1518440601640384
C,0.131245598979316,0.08239491655821334
C,-0.2838325011713886,-0.22241750122413498
C,0.16609188210898998,0.1345761255996331
C,-0.11707110847123764,0.4998183889381952
C,-0.12156231335470583,-0.10598077644702036
C,0.3471129302712121,0.1934517378686318
C,-0.17000964864927748,-0.12910214264763029
C,-0.3484503636196685,-0.2142861574778655
C,-0.3005578465266121,-0.20333110136347415
C,0.15133802891603898,-0.41821990834470035
C,-0.15744410948754625,-0.10451628792050754
C,-0.49464262923087987,-0.16614508243413495
C,0.3247078883946366,0.2327739163156453
C,-0.03644955963880295,0.0766884045295932
C,-0.2913541706734876,-0.22273221457641662
C,0.3231649834072702,0.2056585385967827
C,-0.1552875895653988,-0.10405959408275205
C,-0.20058686168882328,-0.16914076447467805
C,-0.20172401577179302,-0.09045230418709108
C,0.3426838968088658,0.21896326581635325
C,-0.3695128502234734,0.2514022713681091
C,0.13794292882723042,0.2173389158595561
C,-0.26173970512512956,-0.20596516142235294
C,-0.2762350873848856,-0.19095981655369074
C,0.1478197396884735,0.40956827847779204
C,0.28235003978996415,0.2106116774277318
C,0.39879611684529176,0.30413501042546814
C,0.12640406693883993,0.07265955941438353
C,0.3657205164116933,0.25467528737360856
C,0.33472257705383857,0.22178907161535366
C,-0.2247481438847291,-0.09387021027686211
C,-0.14964168780129744,-0.11779050086517877
C,-0.4347385870302794,-0.4228383236449363
C,0.26113730154833936,-0.4706624573259242
C,0.2165397926960161,0.15718113144076973
C,-0.2783118778586669,-0.21738158078717512
C,0.3337443568419044,0.16566487063637922
C,-0.26901388137910687,-0.18093638079719276
C,-0.39181829814546404,-0.306905039195615
C,0.3405115029997216,0.23785335989709094
C,0.21904589871340877,0.11092341871021628
C,-0.2963428848902109,-0.19331728817257804
C,0.269936840984639,0.1731140361409802
C,-0.1880131195028992,-0.16977804464261678
C,-0.1127459027596583,-0.08272630687734012
C,0.4512091233470139,0.29774127935924366
C,-0.27115820022364046,0.39830564293341386
C,0.2448145787051961,0.16921018618563718
C,0.15144902025518367,0.1734973970731794
C,-0.17870716959509356,-0.1037999093122084
C,-0.08793107083582287,-0.037364737533326926
C,0.17472992912462693,0.1389375268788612
C,-0.25778462126158375,-0.20611389556054355
C,0.3538525470320609,0.21734664507742293
C,0.3395699815783423,0.2247727989627419
C,-0.3649788653873094,-0.18928232314524973
C,0.6015885115686957,0.399260153516827
C,0.2550657157762638,0.17059527965021803
C,-0.29669338646075716,-0.2172315109423621
C,-0.22571701214907886,-0.17621951434114494
C,-0.2519860406632423,-0.16782952751844554
C,-0.38888925947742636,-0.2545304486124833
C,-0.29171217197710464,-0.21977024363068579
C,-0.3336080681360569,-0.2581978413897863
C,0.3848585715827315,0.22917782533218176
C,0.16712859723761228,0.12378326900058476
C,-0.32725936403028366,-0.2055826593197842
C,-0.28849344763794105,-0.1834770191988922
C,0.40436929123101584,0.28422744342154205
C,-0.15061539468582172,-0.09017212134339317
C,-0.20385270388261154,-0.12743215025192406
C,-0.3328650242832908,-0.2885179920932295
C,0.08095926283367712,0.07560850807601259
C,0.23334763629872934,0.17058290351090424
C,-0.387701445021331,-0.2841464855079492
C,-0.20975115779530967,-0.1430360515910771
C,-0.23996700308095112,-0.18599082613009948
C,-0.17896276406365466,-0.12008623251664322
C,0.12256797459995393,0.0993382000469104
C,-0.2337297407374908,-0.15959347196677842
C,-0.24374541911314562,-0.17858175681949578
C,0.2602306435410113,0.16344881381829035
C,0.4020257722765064,0.3206426768897407
C,-0.37643210095346746,-0.280861140860062
C,-0.20932966345241613,-0.13703401509470603
C,0.1812862843201729,0.07866721592420874
C,0.1816657090963674,0.22762615116585358
C,0.2368215420924886,0.16003774098672752
C,0.40992243335928963,0.2596617209589242
C,0.221046109921231,0.14294182388558282
C,0.42214524816972915,0.3123198231845443
C,-0.30673810968698934,-0.22997691374214488
C,0.22298494425046772,0.147597299821171
C,-0.36465300662258343,0.4310901372283601
C,-0.32781933250595463,-0.2397886128071759
C,0.19644134976928973,0.15339607026359664
C,-0.4127341159473861,-0.2688018597941462
C,-0.22124729250397387,-0.14713474776771313
C,-0.1285557199346679,-0.09885685792806954
C,-0.22830391929449262,-0.16221407545579214
C,-0.11784947457412147,-0.08381296313342416
C,-0.4281921766803194,-0.31684800247704176
C,0.09151610442077977,0.06120250982417033
C,-0.39456926246709295,-0.29990109986049146
C,-0.3016260181050654,-0.23970595811754566
C,0.1816551560206612,0.13206680153196304
C,-0.07241801167671559,-0.1789197518522635
C,0.23441643066567533,0.045974660373858195
C,0.27926387731519065,0.20311273572829636
C,-0.16442527863206827,0.3738955057949561
C,0.18054760690295352,0.09338136513333475
C,-0.27599109185489984,-0.18487609491907683
C,0.20094045151223658,0.11384407819533666
C,-0.3000734953457777,-0.21877391337937244
C,0.4335627848634985,0.33489360406115287
C,-0.12499598827883883,-0.1281099015939829
C,0.33097104082089807,0.17778893936373785
C,0.1642845351429922,0.1028985453493073
C,-0.14682683790305393,-0.10044660167513514
C,-0.3735371362371751,-0.21680131131920094
C,-0.28742792713898513,-0.1917217749013537
C,0.22250404212263278,0.1418486389018497
C,-0.11624126055698157,-0.07690853643345055
C,0.31131917351290955,0.20830932948187025
C,-0.15969707437930133,-0.0992506007229981
C,0.013953914527350892,-0.07956699342969745
C,0.211776006710506,0.12005968709657146
C,0.37266901525264184,0.2358216297783077
C,0.27201075385285184,0.19083918241244197
C,-0.19617033601866776,-0.19268881437433408
C,-0.22917618271732185,-0.15405775093462004
C,0.3430472302411292,0.21878428823439663
C,0.21410760831084308,0.16710240004777613
C,-0.5087957776993385,0.490332523462306
C,0.2115350188929939,0.1353217421931589
C,0.15784165247018805,0.11207239204677016
C,0.1581896948349046,0.1043260673590378
C,-0.24590374310007673,0.3564908825637528
C,0.1548648262994033,0.273884200736293
C,0.41149829176327707,0.2654199904263119
C,-0.1426663858006259,-0.09476347896581623
C,-0.4873500559183773,-0.27258505424580176
C,0.13368738269408784,0.08936203243686586
C,0.29049430944385124,0.18744503426227616
C,-0.5105855595929732,-0.3478730807887422
C,-0.15195875443762757,-0.23375102562560368
C,0.02232035208130735,0.4032185689336031
C,-0.27547231921471577,-0.14868402669606554
C,-0.15472075819518535,-0.12060858825940854
C,-0.3838442828992719,-0.3463692371828078
C,0.31565164679855495,0.21248699471774102
C,0.34164939570596303,0.2563125177176949
C,-0.1706600335065281,-0.11280363699185975
C,0.12502681176939998,0.10261462444906395
C,0.20995679386238641,0.15342685196254935
C,-0.09522094569174404,-0.06934846233077224
C,-0.17209883272603776,-0.1315788222810784
C,-0.14811508519196004,0.49218321068682686
C,0.3153723531010353,0.1789274173826472
C,-0.2297704972068436,-0.1517737193697871
C,0.19024861050203498,0.14600892365085558
C,0.3852316615465033,0.2302714369787012
C,0.504159561867986,0.162055110119993
C,-0.18078334540916902,-0.10213617440006408
C,-0.20642436677096887,-0.1415566334965924
C,0.24486328599868443,0.17770135594351877
C,0.19740391656248665,0.1829811767439265
C,0.2536896520336084,-0.15451171899788804
C,-0.2580869188300941,-0.15242581879271802
C,0.131371163000431,0.09588693313686228
C,-0.1662409928837802,-0.12914535251384338
C,-0.19201586282918454,-0.17145188541585332
C,-0.5923323196036436,-0.4534644768537746
C,0.4448666777260049,0.26266571968569
C,0.3446023978067335,0.21741681254174483
C,-0.23399997541059384,0.09868373847080417
C,-0.15248945427708668,-0.006642750256419103
C,-0.38408722947040996,-0.23565142583702245
C,-0.1969472359464963,-0.14379601277553286
C,0.40533399313752444,0.2981630840500659
C,-0.2547362104221674,-0.18280821319412807
C,-0.1711982843939244,-0.14471025528740317
C,-0.36189041541374106,-0.26493554108200773
C,0.19636668323529474,0.14597467039945516
C,0.13910549121081575,-0.46517943233439973
C,0.26281763271210085,0.18744157351392926
C,0.15612137721511762,0.09733799657171559
C,-0.07146587466394767,0.43663545427683553
C,-0.44034965775658513,-0.3623348513567458
C,-0.3006221893433603,-0.25636607645274484
C,0.17122277626853058,0.12953039615012277
C,-0.27350197235315415,-0.2035466044849014
C,-0.24361641718628674,-0.1980477152859276
C,-0.16257276470051224,-0.2896171463947973
C,-0.33270011643371566,-0.28821081840946744
C,-0.20945220053681024,-0.12252193458107198
C,0.2970912814581986,0.11788301333102992
C,0.3503061997722529,0.33003554177649985
C,0.04127421460600157,0.34455733037410186
C,0.3388433274044597,0.2349804212780923
C,0.20082268842422593,0.14101952022829378
C,0.29182676591140133,0.19040710985912904
C,-0.2138993996556005,-0.15870258571454846
C,0.19607590990895363,0.14988511168403987
C,0.1039539199739539,0.15634231772872287
C,0.2581256402549063,0.20428791418591014
C,-0.36570244626844345,-0.35807121153855637
C,-0.2653604665541478,-0.1173264512105054
C,-0.302816677146366,-0.2418467018860399
C,0.2527822937102819,0.16172340411509242
C,-0.28346447674731245,-0.24820187516664485
C,0.26679513335429383,-0.2471796439377814
C,-0.5622132067232624,-0.3311780424068036
C,-0.30204276222422555,-0.19128363837298978
C,-0.3398261001728676,-0.22492580964071557
C,0.1683280577477762,-0.44451638576352204
C,-0.4017993311571602,-0.25784454432587867
C,0.44794203639162566,0.2698383536442179
C,-0.16258120023564432,-0.10112050748640192
C,0.3043049159340402,0.193347800536058
C,-0.2021509296303961,-0.13400083588992562
C,-0.3431995376288643,-0.2521416008329958
C,-0.2411012850473023,-0.1543013558049227
C,0.22798108281068893,0.15628108836232157
C,0.2833558824848681,0.206153292682633
C,-0.44671335753655483,-0.29993287246313843
C,-0.35406998161542896,-0.21322184182456194
C,0.2655701680341731,0.1882724495602912
C,-0.18262992771783582,-0.14807094546415134
C,0.21281337671006684,0.09539767116689568
C,-0.230711623045261,0.06257494777032999
C,-0.27540802957152577,-0.2097277955009214
C,-0.4025539117634062,-0.27290001931612695
C,0.24494594770812378,0.1937931893338566
C,0.15680507931109425,0.11188191142164156
C,-0.3312662958864189,-0.24385525514641462
C,-0.1709337988466639,-0.13534164438084512
C,-0.14939930100496268,-0.1779486086824605
C,-0.03822445511978935,0.4455504889953229
C,-0.1197085020197119,-0.10376981440611967
C,-0.3290212586204679,-0.20934123359898638
C,-0.06921902579974691,0.24345591231188163
C,-0.1522859479989432,-0.13003227933888048
C,-0.3763860376085624,-0.2334778834581813
C,0.2322166810864617,0.14861839941817914
C,0.2934986063511424,0.2242302490954788
C,-0.25989807477802684,-0.16221231570000294
C,0.27649618597102266,0.18613616179266995
C,0.1173470846087541,0.08381773323338412
C,0.13303376239607617,0.0720075086947099
C,-0.262719069824321,-0.20040044139303115
C,-0.29284025583355966,-0.25773203358450675
C,-0.22119994650057773,-0.1635958021206808
C,0.23758795797280244,0.16622466204739222
C,0.344240608498501,0.2805068985682694
C,0.29042088678013966,0.31735114152568833
C,-0.3863578518898079,0.3262585584027182
C,0.12563575818712,0.08181374303701518
C,0.2788228560797645,0.13256113544150883
C,0.26927301706536083,0.18685409874779865
C,0.3200709871672251,0.1973688335776931
C,0.26851197605509475,0.29027948776884716
C,0.21916581597800805,0.13903379110641487
C,-0.10603192301279514,-0.10020078462002893
C,0.18477851876883786,0.07493271348500223
C,-0.21655961047869918,-0.1792288121276468
C,-0.1095213477789959,-0.07656175328096977
C,-0.3620426402249802,-0.20522344782408194
C,0.4443211518293932,0.34472989316282676
C,0.12219000382020231,0.08960031846443386
C,-0.3477529917390807,-0.2565891170211489
C,0.24086342518127155,0.10073373491997377
C,0.13252567451599892,0.07932009413905676
C,-0.2594091847114835,-0.16109350921118681
C,-0.5360376247949169,-0.17198160411333735
C,0.5125038691725672,0.29217967869187256
C,-0.28856449978916476,-0.18067865503955843
C,-0.1473006873644258,-0.09995027873543204
C,-0.2961435696233077,-0.19627332254392213
C,-0.14727425424482035,-0.12312323501342484
C,0.4433855979727937,0.1311635705450987
C,-0.36885148016343083,-0.21297757423415342
C,-0.21647217369192642,-0.15654842702000793
C,-0.32072512438239315,-0.19426235484548746
C,0.31148522549614743,0.2109621384966444
C,-0.20506596208979394,-0.37897296620278165
C,-0.17910611692579526,-0.14353256189611643
C,-0.33120345750795543,-0.24599134249844823
C,0.1448141260238945,-0.12124065856637746
C,-0.09711090750022285,-0.11341177504871228
C,-0.5551052639609776,-0.3859079806445553
C,0.20309335676967574,0.17366087345906525
C,0.1730200581616853,0.1154149154174692
C,-0.3044749607195031,-0.2516661478102017
C,0.18045194326044298,0.1338259129627384
C,0.43266618243704213,0.2912349645567232
C,0.4026062517772588,0.2689500542414556
C,-0.3022603272853191,-0.45472929669411827
C,-0.23798834649529185,-0.1617748443437811
C,0.40034453637527195,0.2179491754160302
C,-0.2208742448097268,-0.11400339797583448
C,-0.35312460122480954,-0.2862361715364489
C,-0.17448442550571905,-0.1421411208943378
C,-0.20087449437509391,-0.1473554857084081
C,-0.3224218839128575,-0.20724430698899393
C,0.12743225851610276,0.10157086535346846
C,0.36993387970123304,0.24858405152387852
C,0.1536764690270242,0.11309734147196765
C,-0.4237079044062379,-0.27049546620380704
C,-0.2040423900955698,-0.18364676459101353
C,0.2107234945645134,0.1516093522458751
C,0.17550651586520352,0.08928876571321225
C,0.2690106368598158,0.16858743225709966
C,-0.27897260388287126,-0.2086784812159216
C,-0.19029162571704347,-0.1514693229976643
C,0.33192601001333616,0.3286897606605771
C,-0.20473365163376947,-0.11116916570094568
C,-0.3063837242453761,-0.19458510923459837
C,-0.455086699664933,-0.19871509118805936
C,-0.33494732743969774,-0.3171246409271579
C,0.010953775239763158,-0.45843760284960516
C,-0.03652547580027037,-0.06646141079067615
C,-0.1569739953168117,-0.09412429826012297
C,-0.222507427862366,-0.13824857366495072
C,0.1422956895020881,0.08260422843173927
C,-0.13711838611181829,-0.08831499921432544
C,0.33020145879586993,0.22950618006122372
C,0.22170478096831972,0.13506954580485597
C,-0.24196532301567905,-0.154024986500445
C,-0.3063892879900086,-0.21733306985599896
C,0.1710744423898495,0.12108397900722022
C,0.11625474341000437,0.058142379986703296
C,-0.1636318530948706,-0.12873043979370358
C,-0.4577375750349472,-0.23577149972863168
C,-0.31525158230881395,-0.22809345353867677
C,0.06962156713585503,0.08887076976904057
C,-0.23021613110524053,-0.1282238752967733
C,0.27207331087651043,0.2180603606394937
C,-0.2855948463788793,-0.2034561460946805
C,0.29151059353660297,0.18828827732874157
C,0.176804751754678,0.134484839087074
C,0.3815805952662687,0.2553129294939307
C,-0.4153693601667663,-0.1908217884194297
C,-0.1304736170560986,-0.11958340267282508
C,-0.32097053245384355,-0.22952951171450015
C,-0.108480072267842,-0.1084418612856104
C,0.16228146804000035,0.16228330779224429
C,0.257505243782995,-0.380805050298536
C,-0.20017517461473924,-0.11579797055812358
C,-0.06073666213068544,-0.09706362225642053
C,-0.2588306185919927,-0.15595700636049262
C,0.3999170467735144,0.31766121308277084
C,-0.15433903617881378,-0.08594592833818243
C,-0.18543226440645613,-0.14760494124947468
C,-0.11331697383798846,0.0745998876078888
C,-0.23890184824320726,-0.1390944546323017
C,-0.21731284423845645,-0.16939590591273485
C,0.2762511765781192,0.20716498161523808
C,-0.16133717307878873,-0.16002937837904674
C,0.20882594967868012,0.13653434481061588
C,-0.5148606711200163,-0.3549732475042943
C,-0.17863216346709396,-0.12682194633652252
C,-0.12325169850670042,-0.09559850145298628
C,-0.0841222631231902,-0.0750952103544048
C,0.31361070003197544,0.18262959633503803
C,0.2607531443408942,0.17604647699610326
C,0.24914923756387938,0.5765459698385452
C,0.449358108328907,0.3198424331624612
C,0.11677248465056164,0.07986927143567829
C,0.17136115128589918,0.08244964143690824
C,-0.1569084253614449,-0.21039605414609688
C,0.30868550517984045,0.13017902559970296
C,0.09510217636276412,0.07405635650873826
C,-0.1806763125895996,-0.14327952030333704
C,0.19167909944971104,0.13660858364359776
C,0.18475855345411707,0.46358423538536375
C,-0.1640269908537333,-0.14264024796707403
C,0.19760472349922764,0.07415784055171193
C,0.14412111825922339,0.12538422065495944
C,0.24695045509810773,0.08971129216725172
C,-0.13575353835244675,-0.06576834466881566
C,-0.37298800631186346,-0.22778806864813622
C,-0.47998516368020977,-0.3349669506298643
C,-0.39620393855863867,-0.3080390617692467
C,0.33270435691168226,0.19033195152117915
C,0.4128214474337594,0.43659199901787826
C,-0.1749216385601693,-0.10909240413586284
C,0.3878360096740667,-0.3898934761205045
C,0.2062542565218806,0.14050916688757456
C,-0.30254259854583615,-0.2583493183063203
C,-0.27362649310778625,-0.1737097956488301
C,-0.26325927238587105,-0.1788109469429231
C,-0.1681373321983385,-0.13462880422030019
C,-0.3074591003497923,-0.20577788932137
C,0.27438214777671033,0.17555980206170044
C,-0.3542860248104836,-0.20014611906066623
C,-0.17448297561904552,-0.5162390537611599
C,0.15142896705494296,0.12203678299546246
C,0.2995485874976917,0.1922424877015821
C,0.2598430316513796,0.213403124013251
C,0.14883810857842575,0.11162625649892896
C,-0.21738999987326882,-0.15781489184002645
C,-0.18832140432524205,-0.12697226645799276
C,-0.4252655658712092,-0.32477025071584764
C,-0.35600611619006306,-0.2611703819491656
C,0.3085733349451769,0.19540948874851585
C,0.18260489036503322,0.138615519938576
C,-0.19888751937969773,-0.13990239997041962
C,0.31807593763070624,0.18897619238123928
C,-0.5242324287074172,-0.3833816411309639
C,-0.2730141356735685,-0.09483463903775989
C,-0.2134237041292315,-0.13947209549334907
C,-0.10859665839910938,-0.11825356106463701
C,-0.20232663760136538,-0.12217849070925096
C,-0.3062529853756355,-0.20138632703568016
C,-0.14677513903887,-0.0943322853731381
C,0.3742377393210716,0.22254611046683512
C,-0.2790828976556891,-0.18563333438003943
C,0.3482121332186842,-0.2284215240246376
C,-0.2816234104566906,-0.21785275620321048
C,-0.26814477814354565,-0.15235852746896755
C,-0.11405999734049808,0.5680738119248118
C,-0.11768857430732471,-0.12751450640991344
C,0.11868389211348943,0.08179787467177731
C,0.02564896092550433,-0.11320636191000709
C,0.26327564115933466,0.18266503061204492
C,0.2787014432672822,0.18515137135168647
C,-0.2659020622127292,-0.17474088954143172
C,0.28529775905124993,0.12255779354277073
C,0.33525060133669754,0.19878383255196327
C,0.1269608101760222,0.09821006899577722
C,0.37452164397915105,0.25050300777943624
C,0.259881570298998,0.1760772997941586
C,-0.45854745054215745,-0.36194764908821914
C,-0.10547049944595815,-0.11252254752835655
C,0.26104743808281466,0.16078142506068815
C,0.24261084247480547,0.1607653277310693
C,-0.5390239241461077,-0.34919779487849506
C,0.13958005442584004,0.10488237424635719
C,-0.37851630216379334,-0.3209312045529088
C,-0.15523857614249478,-0.17449347227089684
C,0.25639107695828767,0.4794061311590694
C,0.18790051170611305,-0.5151978210598237
C,0.3099481169847272,0.21034146960801064
C,0.40399901350668427,0.3015801030324618
C,-0.40435547328155563,0.42507190068658346
C,-0.0991045401389909,0.46543448909190294
C,0.30022773446793544,0.23181593573926348
C,-0.30877321760008014,0.3186056807902436
C,-0.28879925499200365,-0.1911274879341905
C,0.15784246601284865,0.10274752473184978
C,-0.4799932043396473,0.15197878747868934
C,-0.2986927962001608,-0.21311456407876564
C,-0.3363347633965182,-0.19341285414566836
C,0.5149325424392968,0.3424365599202309
C,-0.15472665433812544,-0.15374723975402227
C,0.22931492530423514,0.16716552598985798
C,0.2684854168724176,0.1542657535976875
C,-0.17515594935101883,-0.11723354509049815
C,0.2778214548848837,0.21296919851593804
C,0.18469642377374004,0.17104762295793716
C,0.2715777266913243,0.14671381808271255
C,0.4592430217905564,0.3124583486729644
C,0.1596213725819587,0.12090632485439269
C,0.175249320927213,0.1253799245011342
C,0.3362429290664031,0.21466942662379992
C,0.47648366072009646,0.28548736875497344
C,0.26452543710433796,0.15783440079486183
C,0.3479642595726216,0.2864812639603657
C,-0.2552507765022987,-0.13504344431251405
C,-0.5562239177536915,0.2613248043236185
C,0.5590761541193923,0.14006945737413154
C,-0.23403001812560315,-0.12475143366732942
C,-0.15353249834426677,-0.09296296362112567
C,0.2520939180142993,0.1562540165096036
C,0.4329145317998103,0.2340008508583525
C,-0.1534666485087144,-0.11828944307825734
C,-0.34533014275737534,-0.26921167372313365
C,0.28763487407680843,0.16042097816768222
C,0.23974200145700703,0.1708595565340599
C,-0.21552690286962436,-0.20045369974548521
C,-0.2780843172792581,-0.1613976658399382
C,-0.2183643524834913,-0.148137276098562
C,-0.3275195928134048,-0.47969220911406724
C,-0.28000081913292146,-0.20953497930794657
C,-0.17324289378046154,-0.11676283311305145
C,-0.10322865789688537,-0.058694763160916166
C,0.43444182855486835,0.24750056217800995
C,-0.2647770003822981,-0.16305651615205202
C,0.18634539380031329,0.08644475920946358
C,-0.17040715388089198,-0.13102683193091683
C,0.03838739520148701,-0.4418488580588603
C,-0.12549006145626007,-0.11553551430944932
C,-0.23358832260204151,0.23334539017347974
C,-0.06193908269686995,-0.0649029694221197
C,0.11374151360569486,0.08558405294132246
C,0.1090595964988924,0.08016653683614788
C,-0.17899332942577773,-0.11749033721360694
C,-0.28224779613389356,-0.17028972990636
C,-0.3740225224902275,-0.1495122303585582
C,0.24835048060650836,0.18104422400805603
C,0.14728358082180096,0.10017187631279441
C,-0.47253920715295317,-0.3068416627108654
C,-0.5731715451716233,-0.5527290158369091
C,0.3336428343912655,0.20445807746016098
C,-0.21668067885028494,-0.17061583626935972
C,-0.3364611837507375,-0.2665971406407376
C,-0.4438547997936982,-0.2583271548782107
C,-0.12935986788927029,-0.0986421132285796
C,-0.13035669206892903,-0.23782598268887872
C,-0.2687706358523629,-0.21902767435219897
C,-0.18229477343596792,-0.1435505501522837
C,0.3700607390832438,0.20803771336951393
C,-0.3486754062670998,-0.2785124004242985
C,-0.2080548720753361,-0.13180522828888283
C,0.07570932965669688,-0.09480483963357737
C,-0.19725363597625425,-0.17541937560701149
C,-0.2610495101286264,-0.16726452704636788
C,0.14183920452576373,0.12102089794280492
C,-0.17375846816675697,-0.10428598070688787
C,-0.18573693173078626,-0.16431642669576804
C,-0.24052692079426582,-0.15594792765550586
C,-0.13984442317295173,-0.1234110591614676
C,0.2149161608111191,0.11856963553716675
C,-0.2569151709686184,-0.16105155717796113
C,0.39899248077606175,0.26112649563006934
C,0.27477960356949094,0.1647240569186294
C,0.3513541142600298,0.15835497219997152
C,0.25880249877900297,0.16660261366825233
C,-0.27535937676326777,0.54150476967869
C,0.0717589641614562,-0.22711024963515286
C,-0.17054733173111533,-0.14963632407422398
C,0.12068636293011507,0.07397017502685269
C,-0.35135374804880737,-0.27000486011362035
C,-0.38435378958128713,-0.281030979508453
C,0.3024484496383847,0.1342367442472765
C,0.133520668528233,-0.0023255660317774937
C,-0.2086637017370602,-0.10968356425316736
C,-0.36842200609523285,0.4045282683259533
C,0.2713189195541299,0.162836559099408
C,-0.27836995852706686,-0.18239989078092042
C,0.2605209156833102,0.16218094039696992
C,0.34303788445400774,-0.12292061359391535
C,-0.20520477680846316,-0.18615255181524057
C,0.2720156611667223,0.18418747520595222
C,-0.2517801508960419,-0.222946668861155
C,0.22415448187421158,-0.2895767387749197
C,0.27379878447580847,0.19684444663239492
C,-0.3954904903782214,-0.26083101166897965
C,-0.1418084366392436,-0.11914063486473085
C,0.09962563872075895,0.07340555544985043
C,-0.4673494828056804,-0.38875306609205895
C,0.39139571591436695,0.2945082893494968
C,0.17707309334799687,0.10334736491825831
C,0.31870001077557303,0.478493644324274
C,0.3336446158764253,0.2045397889068409
C,-0.2315996455754562,-0.16970232746536199
C,0.14880993490780128,0.09643734990113394
C,0.3128724191016187,-0.43815149142519294
C,0.20014116098499407,0.14222910314787082
C,-0.2809909222578661,-0.24168479263978826
C,-0.3608547792614858,-0.22598973840144485
C,-0.22967926321342766,-0.18445709617633915
C,0.13666019887588512,0.12262937298760142
C,0.31520382443867057,0.18229791166991616
C,-0.15191483509935796,-0.11888423709556241
C,0.2015269101194592,0.13693549251887913
C,-0.0020520359135203507,0.08904491354536144
C,0.07405740841410467,0.050996990494446816
C,0.15509491315763965,-0.24010225001294136
C,0.18061013830497968,0.12023988917708571
C,0.17821278807490804,0.25381561295082283
C,-0.41927648358685454,-0.26532593606934046
C,-0.3946182205790757,-0.249062131767659
C,0.49452743389183274,0.35382302156971224
C,-0.19104299026752458,-0.1288826017015906
C,0.43867084782381316,0.28032815538118827
C,0.10620001188033516,0.08870216500087665
C,0.332090280984605,0.26218805229454606
C,0.28097091382048184,0.2122098415062531
C,0.35377797793473514,0.2777558369461384
C,-0.13116332901507113,-0.09968401886487632
C,-0.4375271831201097,-0.28466825759962483
C,0.299967189310034,0.1656660288750892
C,0.27912410837637963,0.1731314664618572
C,-0.326966169576178,-0.21032805933935403
C,0.3926320366957817,0.2595645865185128
C,-0.4996811882891881,-0.4002178882713288
C,-0.11451639243820969,-0.06058646332952153
C,-0.36423914479224173,-0.17394459318450722
C,-0.1264838489801634,-0.07590597905669913
C,0.13879569112230816,0.09075271906254527
C,-0.26064780632984347,-0.16422597264558905
C,-0.6900189638663222,-0.5461361124213008
C,-0.38257465569811566,-0.11666491810848525
C,-0.308126781413124,-0.21968871934004094
C,-0.19940475183683123,-0.08945823713062612
C,0.4437942967169443,0.26105865013839635
C,-0.23119300676004392,-0.1505923977963461
C,-0.22705420259422512,-0.16406910793938714
C,-0.08946278305917747,-0.08250264480010164
C,-0.39150605602120603,-0.25213880598022564
C,0.2935391449402884,0.19826696200773686
C,0.15033902837794094,-0.13347015858284658
C,0.3255470709800297,0.181574985314857
C,-0.38392638183907446,-0.2936160677859243
C,-0.4776079640566931,-0.32643825175329916
C,-0.21470369991014426,-0.13651935077727642
C,-0.23382411333801142,-0.14232272475430202
C,0.08597805271547763,0.05607100025828539
C,-0.35136939052959504,-0.2644295528639761
C,-0.36312513498277793,-0.25464120070033436
C,0.3960044541547338,0.23696621216486638
C,-0.13640744390984338,-0.24349122878244325
C,0.2557165326619688,0.16551107748211102
C,-0.5007244311017756,-0.3578226842267384
C,0.10586659239849494,0.07529622270608884
C,-0.09581660585185517,-0.06949217066504433
C,0.18789796909811265,0.1364972144896289
C,0.13951189362393443,0.2335234039037102
C,0.21874890542243686,0.14591783130252092
C,-0.37320377606814975,-0.2679943539860737
C,-0.196976815054519,-0.14923700536719767
C,0.24534719708040942,0.5880972437078562
C,-0.2042667689885484,-0.1331005596334178
C,-0.26386297192242625,-0.16781764244994665
C,-0.1524790579217387,-0.10065025797786613
C,0.11133255395456745,0.07379911335678054
C,-0.029491718961017908,0.17516105943058818
C,0.10094213342654841,-0.27762687361257676
C,-0.12563101560848486,-0.123136167206912
C,-0.22365362386822124,-0.17893977475061976
C,0.18861583774893684,0.19171986646561348
C,-0.407716486478502,-0.2844416909227432
C,0.28345124146282336,0.17999993981106432
C,0.28380458900791083,0.21669455902060358
C,-0.16479235399167777,-0.11322533460923435
C,-0.369354315782646,-0.26206152952560113
C,-0.3748022954629098,-0.13838305753316626
C,0.2144650328527389,0.16288631699687542
C,-0.4159964501801203,0.4577026569155295
C,-0.25299702470339896,-0.16578039828049743
C,0.20027116630553957,0.12389604348973762
C,0.18811194810372872,0.1420684590570785
C,-0.18503187338193688,-0.22069144312491198
C,0.26136252800653836,0.1579340938144427
C,0.2121985461495101,0.14580775193687653
C,-0.125157837698573,-0.2597524575851201
C,0.3020736256515941,0.19050479777520754
C,-0.44140027860493697,-0.2899880844485049
C,-0.44031810237186325,-0.33700925210686145
C,-0.3516723140351903,-0.2499281656087044
C,0.1045032525630627,0.07323203013984822
C,-0.09565505759920259,-0.07679684906389912
C,-0.20798625802059917,-0.1647393849553107
C,-0.41781650383374785,-0.41638803319830403
C,-0.20572860713486682,-0.14832752637379967
C,0.06766374828706219,-0.3178125107454067
C,-0.13935704477686855,-0.10683373962434357
C,0.15846442534504915,0.09776431757496554
C,-0.20469889924488285,-0.12330950513865807
C,0.3107257634799696,0.2088733895962769
C,0.22733033604228395,0.14956750692286935
C,-0.47039260376078257,-0.45489744417594685
C,-0.30474290803695486,-0.25057401115464956
C,-0.3109126752409255,-0.19392562871594196
C,0.20575106462861897,0.1570101647621597
C,0.15297143581338515,0.11086804318731286
C,0.13024508839258345,0.0748962991464955
C,0.21417846255776846,0.138032887078393
C,-0.25031758553323924,-0.16137711866909998
C,0.28136772114479786,0.1617184742554285
C,-0.34479842383873205,-0.2721831308669855
C,0.4383033633843889,0.342680249520446
C,-0.1789157523844072,-0.15164724882542582
C,0.16621741493695064,0.12400742705260279
C,-0.27318507607080555,-0.17635650270072425
C,-0.06853066265175554,-0.18438147124988527
C,-0.06176042358743419,-0.09112966187307321
C,-0.339111055276104,-0.24284021617363435
C,-0.4976309320806978,-0.32232859891925586
C,0.19768654949889852,0.15304986091699094
C,0.27061468570485697,0.20366486551133886
C,-0.01966871507567274,-0.08938656442798254
C,-0.22131752346622052,-0.15775759083361324
C,0.22179193273606768,0.14450383963526553
C,0.020411736485623156,-0.24831396798845257
C,-0.18567571806079217,-0.12761801369496006
C,-0.1395630762497827,-0.0982764356735492
C,-0.49654515194102755,-0.12747265355988796
C,0.17091367502994514,0.17402652385488165
C,-0.4577524975098325,-0.2775959120332235
C,0.24601358595652603,0.23373091920291295
C,0.2596476222280533,0.17422614744671672
C,-0.27324142836838355,-0.21545488847398891
C,0.2653360148154323,0.1635862409528799
C,-0.27477765064640597,-0.20008000290125788
C,0.44951463415734627,0.3051988148394068
C,-0.21808758112135113,-0.18302676545942048
C,0.3468822398459013,0.2237140822438096
C,0.19925242222917738,0.1300708581151981
C,0.1801930042501333,0.12059016152971146
C,0.2725763966435174,0.18913702121910453
C,0.14580119732330246,0.08857621019245478
C,-0.25848887047883146,-0.1628921290243973
C,-0.13431603565147826,-0.10896647615380772
C,0.28054149439724113,0.18227407539154392
C,0.38882386604974173,0.2241251602820506
C,0.5045211300615405,-0.44972253474519763
C,-0.1976204234037854,-0.16868678923819183
C,-0.5346589748392703,-0.31458098776151405
C,-0.432131155171957,-0.24758229423098002
C,-0.24351466209354494,-0.21072845301121138
C,-0.29711067438163313,-0.2102764511216151
C,0.36143769470812703,0.25335982562110687
C,0.22148458361856826,0.10056473028723038
C,0.11671733003796136,0.1326241542164161
C,0.2968218656482331,0.10088973582603414
C,-0.3063613632252325,-0.214131070975163
C,-0.2566416093003783,-0.12921531040410605
C,0.18531381277029846,0.14825421355625573
C,-0.46621282937901337,-0.4105566729886255
C,-0.4351728377961744,-0.32547827227062814
C,-0.29987708488494813,-0.22499864549849172
C,0.3717580481527591,0.21586758355042712
C,-0.25139713070803643,-0.13868822112680013
C,-0.10085784858962372,0.06889531235064657
C,-0.1957940991559034,-0.15445784554440375
C,0.16150927667753986,0.11716437943976966
C,0.13809541744767806,0.08737410581319975
C,0.3254550426230447,0.22595400371007382
C,-0.22944225182475683,-0.13820372890060423
C,0.27354679779271307,0.1688667058822317
C,0.16750267441888878,0.09800841456967192
C,-0.22911891824650615,-0.15015649056605743
C,-0.19480584564252576,-0.12235645816278334
C,-0.15624401461828777,-0.07716347863894477
C,0.37654988366585984,0.2486671280828647
C,0.15158669343415743,0.11762351582898321
C,0.0707586766209045,0.10241876914017851
C,0.4835379410855828,0.3121681079863229
C,-0.26884156328744696,-0.20898828632876923
C,-0.3394468139996203,-0.24308599612359622
C,0.4459226382715322,0.3095338215814152
C,-0.4078868567652484,-0.2498753398058047
C,0.19933659854051672,0.0740818734923385
C,0.19769455252290824,0.14712969787313201
C,-0.19989616243484218,-0.18387145720862738
C,0.23380662379991163,0.14648176331304968
C,0.1660924990137778,0.11986287887507507
C,0.1869644128105391,0.119278263324361
C,0.3870564178103569,0.2555846241240224
C,-0.26490781241971995,-0.19186933700276618
C,-0.4932288498712225,-0.3264102325602673
C,0.33684188034076373,0.20124905256930548
C,-0.18236305451933643,-0.11752118815436773
C,-0.20887091418449608,0.5195749048137344
C,-0.16608810319464884,-0.11488342075079655
C,0.43334992479616696,0.5092023571195456
C,-0.11795119109677385,-0.20933536993948762
C,-0.30130089999278087,-0.19595396095058534
C,-0.37506318933934185,-0.25254418780993243
C,0.20618602958436985,0.09399452927827533
C,-0.15606442966283188,-0.13143329733248355
C,-0.5828429376842236,-0.27539211596926616
C,0.2578158990537052,0.20463055713587713
C,-0.018692026549738533,-0.08757452517780676
C,-0.2277330598215578,-0.19986307744376938
C,0.10329166380440238,-0.09576298059940011
C,-0.24024382005689557,-0.17448517501603808
C,0.1441645255446311,0.12336183426581172
C,-0.18897629469687569,-0.13050307091834704
C,-0.24039443130750895,0.4503125300795122
C,0.21995885239008423,0.15669437546083323
C,-0.19098192625427465,-0.13172784411223132
C,0.5617573843454253,0.27357615443163413
C,-0.3753695077668024,-0.2769352874418091
C,-0.35153355544208326,-0.28209414145372014
C,-0.22257025275115697,-0.12084948718637949
C,-0.2830783116667648,-0.19296833483849857
C,0.05340422106059492,0.06187652424024122
C,-0.2015345752909719,-0.17075329973317876
C,-0.1564227090728957,-0.11752483514788072
C,-0.2413852099567229,-0.18875343852616147
C,-0.24320353682057602,-0.1596050240960557
C,0.2695041518298703,0.1960436372112269
C,-0.35601236543409026,-0.25996110483397916
C,-0.24562882922464677,-0.22943190314014955
C,-0.42556367810561535,-0.2865114485356995
C,-0.12153672647303938,-0.07851524703593063
C,-0.005843596576217982,-0.0013055840201197004
C,-0.48760032201150105,-0.29467654313778613
C,0.2699846949939098,0.12392203477101925
C,0.5069539683747165,0.3373198661410631
C,-0.1284714132731587,-0.09836890385806171
C,-0.22772292471975714,-0.1332403443214599
C,-0.2560541749669066,-0.1771458828366822
C,-0.6444714456096637,-0.24833137957484452
C,-0.37597947553301886,0.31374011670683294
C,-0.4383974226645663,-0.225644325158589
C,-0.37982836707363377,-0.23350284180242017
C,0.21830703300000479,0.1840548545918805
C,0.2574796692018034,0.167293810954089
C,0.34282747859545326,0.23715118437747668
C,0.5207948299003878,0.3297948855345617
C,-0.2913608464860309,-0.20556683451335342
C,0.2693949290108857,0.21655311105187278
C,0.1873470293785142,0.15930302257696974
C,0.20350379342889346,0.1282141690928834
C,-0.3404846548781833,-0.25735501684811235
C,-0.22465492592894254,-0.15407169573679338
C,0.16885355747563355,0.12330614598531729
C,-0.08643760714326529,-0.0718049000958462
C,-0.1777846554124597,-0.13276375160885845
C,0.37136330569995174,0.2945450166903386
C,-0.14789868163449515,-0.09694050221630635
C,-0.24310646263955368,-0.17043093368665124
C,0.2288415160947355,0.13899004209499943
C,0.10457075787854113,0.0741781162165848
C,-0.4350611394709312,-0.3533947447936286
C,0.1777504383046559,0.13343398866851783
C,-0.23810174493303307,-0.171953945459376
C,0.1749505284461279,0.46261076270309154
C,0.1971494558495589,0.14310168102182189
C,0.28374451989362526,0.21462117533617903
C,0.24543116645709623,0.1581001862342431
C,-0.3343723630300838,-0.22378755622974764
C,-0.2864257310312208,-0.12286035861603921
C,-0.1975747748871697,-0.15625684780318297
C,0.1816036019291434,0.11697588575569304
C,-0.32183504380277816,-0.22957079128148336
C,0.4026140926505608,-0.10775329054662061
C,-0.188932820885951,0.12768466160750389
C,-0.28646038897539766,-0.2324719086254818
C,0.4735889197015723,0.3399383691832062
C,-0.15901125875304012,-0.14159911279564602
C,0.5676165650306434,0.4497473171212826
C,0.25880276888626846,0.21007086533670097
C,-0.14105257186890874,-0.15017807010769957
C,0.16911824083883598,0.1237243465494023
C,0.25414339194131985,0.15523611424756958
C,-0.1752492831703961,-0.09440547451552957
C,-0.3302275050856501,-0.1894388801572819
C,-0.10214677962041314,-0.10890204888681188
C,-0.6244685445928551,-0.5496645057472197
C,0.17227729272793152,0.11785721199696157
C,-0.21558961968013002,-0.15132272884519093
C,0.25009676249004814,-0.43317874184440913
C,0.21463719723119204,0.18104590567942755
C,-0.07646022833433491,-0.05406097189534501
C,-0.2510786250095422,-0.2092435718679399
C,-0.35503585984873987,-0.26054549940371974
C,-0.21244182944824389,-0.1527184662230034
C,0.485871018994568,-0.3569808410542565
C,0.3163912577829673,0.19728220267032323
C,0.17927521042073122,0.10134127568463092
C,0.3603548995825602,0.30114663965144506
C,0.4794844619012416,0.31173621776291155
C,0.37488216349710174,0.27477233217644953
C,-0.3782628557655804,-0.2627077186015022
C,-0.2700265306955092,-0.15726214140248312
C,0.20763165486358098,0.09284136516993145
C,-0.4721210631202784,-0.33795220739047777
C,-0.3238589953887643,-0.24625400265143643
C,0.14342094313514467,-0.33077460218079857
C,-0.12168381850592215,-0.0696510984964592
C,-0.3916774556048485,-0.2890974531855159
C,0.27604545728537455,0.13911228451764215
C,-0.13539155326795915,-0.09245625813805375
C,-0.40971644581322975,-0.23339091883135002
C,0.25369012692123993,0.19225428324842303
C,0.25788012414721767,0.16502095314696316
C,-0.19201909151388538,-0.09073087164144598
C,-0.23020034015305857,-0.1840867944202388
C,-0.5466212652229029,-0.33649686259383715
C,0.26375155552493273,0.18622769953196316
C,-0.5606982478444734,-0.41389845436900996
C,-0.15518409995131188,-0.18459355213069778
C,0.11808226426616432,0.10003900305933953
C,0.20493020411223542,0.12357121673617442
C,-0.2400440401107087,-0.15804791475164565
C,-0.23017105681487174,-0.15036688211622504
C,-0.3508755638369187,-0.2245823643905571
C,0.25394954700498895,0.17995471645634648
C,-0.2868850927048328,-0.19209182904191996
C,-0.22090086500094425,-0.17493772792966875
C,0.19203024623391446,0.13910436633776058
C,0.3247921179438408,-0.3896353649044351
C,-0.21031935183355654,0.3492644488666937
C,-0.2921030955057265,-0.17227280405895623
C,-0.3945883423417473,-0.22567547341158425
C,-0.3921734814611762,-0.2563707987910894
C,0.4781038425445413,0.32628214426342705
C,-0.12344781460316577,-0.15793476791231914
C,0.2725262563146394,0.19457645548401223
C,-0.19760733198994895,-0.13607882001817853
C,0.31692514572680935,0.23898723014129505
C,-0.3447789462847826,-0.2473740414884172
C,0.019243521081447532,0.23455148948880794
C,0.4315721412178227,0.3375931641419558
C,0.29013594814553423,0.1863721215088912
C,0.22060528730475396,0.13596362193038444
C,0.19532204673142387,0.10296309321179055
C,0.41125315642817656,-0.34537721474417615
C,-0.3154928168547426,-0.19152057929349883
C,-0.40224905851309484,-0.18047369688586204
C,0.27383309830121055,0.1592257160913903
C,0.20774208826666715,0.15651003225295296
C,-0.30628636368923917,-0.1707459249797973
C,0.31321159081860467,0.21855956243018287
C,-0.1273486097013295,-0.07877740621563822
C,0.17975938398016472,0.1252684528696417
C,-0.13784998704587517,-0.08301203756666702
C,0.26183602508292597,0.1695667908475905
C,0.5153072636190195,0.4285616739069719
C,-0.196853977067239,-0.13371630506157917
C,-0.47872448939020473,-0.3348864018906041
C,0.19702728286232585,0.1430919888283122
C,-0.30893633301198964,-0.2221534309887647
C,-0.09875882778468205,-0.07670890769350594
C,-0.19357568737551228,-0.1728746064740511
C,-0.1664599741257563,-0.12437220986810736
C,0.26323218168546114,0.16900715546938933
C,-0.21617977256966897,-0.149954878555921
C,0.49688953110678996,0.2598040431124692
C,-0.2048578502628735,-0.15663663981712644
C,0.20894812239446753,0.1794996138575006
C,-0.1255633136767035,-0.09499660914862154
C,-0.1783723974967832,-0.09822376254409443
C,-0.3642820492906311,-0.2378477312440173
C,0.20091135774390534,0.2602361405600471
C,-0.16865902123133628,-0.1131827173792437
C,0.24596082152334117,0.17661130985423262
C,-0.1548068782296564,-0.08639073346143301
C,0.13268041273414638,-0.5794179056099519
C,0.3145019697492012,0.2075958437478463
C,-0.22232818334170104,-0.14371457938829305
C,-0.40153228381869355,-0.2902282963832754
C,-0.2796407609904864,-0.18676124924650084
C,-0.3437469748134869,-0.09884033955122633
C,-0.20448786729225918,-0.11667315097867384
C,-0.22000793852134995,-0.30972895665866834
C,-0.3334194914690925,-0.23794929433551215
C,-0.18818466109118243,-0.16578434140555934
C,0.18561437131489586,0.13539878997794272
C,-0.11225367271131159,-0.0864699965918989
C,0.1983838918202316,0.13204087511146675
C,-0.21882066787081472,-0.1834861062245674
C,0.11400227684380694,0.10065633579966525
C,-0.2000559427993718,-0.1343318300011934
C,-0.28906913440248705,-0.35518079964966065
C,-0.14115980838995276,-0.1390899560569684
C,-0.18159874554796127,0.17462866214200826
C,-0.157693383538142,-0.11824152298837906
C,-0.5985449449828454,-0.4452570014881954
C,-0.23322094171718213,-0.17008382083675871
C,-0.3017436859374692,-0.1808400357873759
C,0.24226278256210543,0.13474725950910352
C,-0.21271064773889142,-0.16354675317915907
C,0.0482330840585407,-0.22283932439879411
C,-0.17590393906034688,-0.16238233057183038
C,0.32431095420554357,0.22018426237520047
C,0.4797245121838419,0.06406594265414636
C,-0.2131001741068639,-0.19304885568681193
C,-0.003958397262574524,-0.3447298275081564
C,-0.5713982095349837,-0.37979242520333567
C,0.16604902769668275,0.11358540944975092
C,0.15041452704448155,0.10831630959042209
C,-0.3790282287285949,-0.295887063462599
C,0.008720571993348518,0.06916078855898021
C,-0.3135048711919924,-0.22640076978154616
C,0.10285278435193973,0.08755827006000517
C,0.17349152696316633,0.12254892348658503
C,-0.2618038429313343,-0.2238130410236461
C,0.07649007149402309,-0.5435603401365195
C,-0.32441159687939586,-0.1931742939899242
C,-0.1639945303026351,-0.08042448956514268
C,-0.2614792143228505,-0.2103756944203268
C,-0.5103168112435136,-0.3798321919688696
C,0.32749590237515996,0.2299874464185485
C,0.22597672465765634,0.11875862542451866
C,-0.3806899652501329,-0.21496780313190025
C,0.17639004649548023,0.1200168616481313
C,-0.31809558148438627,-0.21309742723056496
C,-0.2307783282859979,-0.18483053311018025
C,0.06960942689859453,-0.38188320539373544
C,-0.3621829118485426,-0.28846836335414555
C,0.2929825454163277,0.19546418788625855
C,0.3111512978612961,0.16474543420258397
C,-0.28990502410133234,-0.1640841883403635
C,-0.2121266911439587,-0.3607225746740108
C,0.15479034536070374,0.10755468994261196
C,0.3175174385442923,0.1279604583495263
C,0.16354351769405298,0.12539395468618705
C,-0.16214194359849712,-0.11655710091925707
C,0.30087517855045165,0.20722648802888033
C,-0.48851420603119994,-0.30022538020745004
C,-0.1542002221997669,-0.26916062928727075
C,0.3372833989130138,0.2643986774809705
C,0.38877591303187825,0.25132093791629073
C,-0.47885785342198556,-0.1759839945864394
C,-0.12768124801826752,-0.055446182256486704
C,-0.2884208670258388,-0.17632657775802074
C,0.18984163567878373,0.14269165136766207
C,-0.5037719903878012,-0.34293219914455814
C,0.2601142756937535,0.16580301756555937
C,0.15755027024714685,0.09749375115388052
C,0.24204616616562463,0.18425559346357248
C,-0.36634811095318776,-0.24972932468334022
C,-0.420782881099847,-0.31106234794970083
C,-0.3975446454861856,-0.2923293259048603
C,0.2547090392333517,0.12435698341921277
C,0.33381267922895114,-0.29063144072853103
C,-0.32854344908505473,-0.22658272735470333
C,0.17492202872907098,0.13091374916953957
C,0.35189663371202395,0.14791422180445918
C,-0.35474199751534347,-0.20814528513091352
C,-0.3133484853182589,-0.24658483292785544
C,0.39760737330927576,0.2893267644059016
C,0.2430291440520496,0.21623984275219874
C,-0.1277466200244589,-0.10744288370742097
C,-0.2888309410819609,-0.2001690094135471
C,0.1752860935067233,0.08805982722953858
C,-0.1693386649034105,-0.22909888973775294
C,-0.24059815696086406,-0.2954401470052973
C,0.19798047317260872,0.1590639931094554
C,0.4364464836629757,0.31510218826276415
C,0.5015276720041867,0.34172183701128833
C,0.22524967735517254,0.14959136473063134
C,-0.2560298484352026,-0.17040555844476676
C,-0.46764788047003636,-0.31413671844934865
C,0.3346063473050075,0.24735963141838424
C,0.3853253612038669,0.28904953745884343
C,-0.19114449174253612,-0.13363080354330378
C,0.1779081832841129,0.12436248838915542
C,-0.21390122596591502,-0.13586543181725397
C,-0.2774820517243628,-0.201226704569778
C,-0.22696941251507877,-0.2991509954293507
C,0.15139937593133881,0.11601082935207882
C,-0.2513201462648764,-0.30711344233301985
C,0.16174310043332493,0.11224671164614175
C,0.13547123349871187,0.09744019010061918
C,0.2843370420211652,0.18477599794790103
C,-0.2924734775058067,-0.26758029830314817
C,0.30334540012441225,-0.5007019546577746
C,0.24450870902190416,0.1421572996656704
C,-0.36634445268483684,-0.15936714073131644
C,0.3843478158828129,0.21844849099815544
C,0.17860311476050386,0.12218519210862905
C,0.13652474934396722,0.10271814406005171
C,-0.09333357081943623,-0.06782326210530396
C,0.18260105343604519,0.1315870423324141
C,0.21154554984824325,0.11603687622327345
C,-0.16632437068043157,0.3292559566604953
C,-0.1175967416347705,-0.10017565890606034
C,-0.20300641162514643,-0.12504105862824888
C,-0.24841062765196395,-0.18260468025883975
C,-0.1632487436118023,-0.09449874021742954
C,0.22147921841647344,0.1296676059108304
C,-0.2646531162597315,-0.14002893344369743
C,-0.16669585256440214,-0.08577222608992148
C,0.22177692626432358,0.13326577260096728
C,0.25177427278640224,0.17100656669121161
C,-0.23982926642684868,-0.16021321171545683
C,-0.2178810622229969,-0.15021150764151442
C,0.15782096725420836,0.10922913897420637
C,0.22200836763346732,0.1214308961369782
C,0.12610448650566006,0.09821161651746135
C,0.2582278152828464,0.13095308699312228
C,-0.2545817925758669,-0.4193504853125591
C,0.1650320598974956,0.12044587134176703
C,0.36653324010369503,0.1726631212879533
C,-0.1772670567937079,-0.0775569567792842
C,0.19178452439717933,0.13079444070261875
C,-0.08819151727456175,-0.07276887085314795
C,0.12522887450686157,0.08457475385482166
C,-0.30624379028797727,-0.318481242863817
C,-0.3494693883891623,-0.22124213146362937
C,0.2534940593966302,0.17145517736004315
C,-0.4763522654105725,-0.32860718782070647
C,-0.5214592098815721,-0.367381232476508
C,-0.18770088692803188,-0.14627872788181384
C,0.34796333538164254,0.21621547733462695
C,-0.37249306211714434,-0.19150953810750293
C,-0.40446608420548397,-0.2600511375848401
C,-0.13973342972320776,-0.11227025030838056
C,0.1892940420946765,0.31625482954905915
C,0.18299037107156593,0.12984922744803012
C,-0.12305828892215365,-0.11883059968642871
C,-0.19886261455648463,-0.16235464059680943
C,-0.3654051463319061,-0.1918408019315939
C,0.4221814549183774,0.33192333066896873
C,-0.14979815017003703,-0.10785461684205899
C,-0.23800285608308375,0.17086132999733775
C,0.16849685952661722,0.1163437448412104
C,-0.2557921066612264,-0.1640064885346079
C,-0.23681543927150214,-0.14983477007291393
C,-0.32973518752579006,-0.23102531417057634
C,-0.28883674845720425,-0.28598966354736177
C,-0.2276750086325127,-0.1351897973793717
C,0.4577443724594715,0.3051634890470718
C,-0.27028078785751497,-0.2467744485549538
C,-0.4788750594961223,-0.32225157220135303
C,-0.40374413487825345,-0.12985731013532215
C,-0.3056935554039031,-0.23615243331676716
C,0.5406878976955741,0.42512123403443863
C,0.22483095028494443,0.17198413901351964
C,-0.5104903868757743,-0.30771027419463676
C,-0.12260197219562202,-0.11455719272665879
C,0.16820493889047744,0.10795723890329384
C,-0.07795257110311055,-0.13581132400729054
C,-0.19498707973339285,-0.1518670967037535
C,-0.34235080505555926,0.3118199551555827
C,-0.3230515260577749,0.48236729596172717
C,-0.14218466999915508,-0.13194899022572498
C,0.1423580470088401,0.11275841751703974
C,0.20614801035883087,0.1450119849051865
C,-0.26921169537613654,-0.1901074517164704
C,-0.2114751212336903,-0.15310751256889915
C,-0.1288669790301482,-0.14071310584120353
C,-0.21313937630900243,-0.13808352806274335
C,-0.2458443369063192,-0.1633649396510024
C,-0.12951178317829373,-0.07688428762363447
C,0.190465598271031,0.13409047510793173
C,0.3890877014545689,0.2507461170056764
C,0.19480098294730028,0.18685925292821876
C,-0.27674486732281417,-0.2246882455883674
C,0.12272920282884044,0.09334775327285741
C,-0.23297890269779664,-0.15519859538988168
C,0.19826519189294292,0.13037040092642646
C,-0.22067186679538905,-0.19050148122106153
C,0.45362161609118573,0.3157129337575082
C,-0.38040982359037545,-0.2336280579146153
C,0.10655104040731124,-0.04630067928034189
C,-0.2705264312989733,-0.15063675080865135
C,-0.37245477077495603,-0.2770652200585234
C,-0.3650867423156432,-0.2643889428247358
C,0.2658691192192947,0.15014478568476577
C,0.35663681932579583,0.21907682892829292
C,-0.21515446778083425,-0.14329194732052433
C,0.3087528877964534,-0.4478925413587396
C,-0.2592435842750069,-0.155866691674053
C,0.2727373563326026,0.17231833234048557
C,-0.22615704386262148,-0.14985047761427245
C,-0.08802433900245639,-0.07665882372247904
C,0.2846462154033241,0.5722932805471156
C,0.2078888806015398,0.21879539735676673
C,0.20673070972092703,0.1386721877533714
C,-0.33120480282973797,-0.27779726509248526
C,-0.2596889624315294,-0.13871740310576594
C,-0.16000624966097168,-0.10493109762863297
C,-0.3245855214374803,-0.12358803901692227
C,-0.2001125373910769,-0.12309873347467322
C,-0.16171965641991923,-0.10137277469524904
C,-0.3486308167974529,-0.2756325784683591
C,0.285806753008548,0.1771895554519831
C,-0.27528387739855625,-0.19489420548488562
C,0.28593556356369243,0.11320145187723456
C,-0.14871634125901342,-0.10939597996730575
C,-0.07508016157848413,-0.15135803422552255
C,0.3013150393268549,0.10850715386896917
C,-0.33768064751990823,-0.2247685053373627
C,-0.28970919177246907,-0.21242225303807305
C,0.19404388632534933,0.11700924592672028
C,-0.34755188656285324,-0.23602018954562903
C,-0.3381889723776716,-0.23820899587979993
C,-0.1727280128372435,-0.19053876158070462
C,0.15115112209666726,-0.2735207696111486
C,-0.5607386857015466,-0.4519905325151628
C,0.3643837636657447,0.2588099942733806
C,0.25653558044912467,0.03254913983273269
C,0.304905807176445,0.1766446040439027
C,0.4935331446258009,0.3120297518747781
C,-0.3441823400344632,-0.19970342499690727
C,0.24226346792786202,0.15854141949267278
C,-0.34767707860015784,-0.20705204067210983
C,-0.15590380122757855,-0.10545590626779523
C,0.4673453298135729,0.3802317557057498
C,0.1812727063600867,0.12544236081876511
C,-0.19753356699980246,-0.11835446070252807
C,-0.1289737469839394,-0.11898225532006415
C,-0.1755884191959206,-0.14189089231849264
C,0.34362123920959037,0.20337367141237878
C,-0.47253750593640315,-0.29062449048458766
C,-0.280477019121682,-0.16927407132383737
C,-0.2137444414835292,0.1913940715208562
C,0.20847551598938285,0.15130152045968698
C,-0.11833951193056888,-0.08825486157543742
C,0.35424775058570246,0.2461209939980744
C,-0.22574626185819371,-0.1823388837139762
C,-0.2785551937140667,-0.21391572320241553
C,-0.3577815913209223,-0.22547951706599179
C,-0.41012843264645193,-0.2978244451272725
C,-0.16651914087129513,-0.10698923571834268
C,-0.1763920016967934,0.12104988979367946
C,0.41006824750111015,0.30811665191425575
C,-0.055690718186515165,0.3376157046024674
C,-0.4934501944865098,-0.3491566321395731
C,0.08873345007110524,0.06035190559964971
C,-0.3975407425812041,-0.17807363480105293
C,-0.14187503479495267,-0.1129420128468491
C,0.026318470246721317,-0.3383506106466985
C,0.12384933620115836,0.0868634781845163
C,-0.38252888849711364,-0.2606217298651793
C,0.22723405148639372,0.16759962277227908
C,-0.2654802008360747,-0.2066716850641591
C,-0.13188020703222655,-0.0798508417785454
C,-0.24404920467907318,-0.18644463103030812
C,0.28616523439432795,0.14506414143947527
C,0.20800858668439048,0.12498152350992314
C,-0.20924069375399756,-0.11784808297429493
C,-0.20255021478223936,-0.13810808465116897
C,-0.26588251302473304,-0.1582901042229193
C,-0.33352133879724016,0.05335668852678948
C,-0.32954806462790565,-0.24509659898316777
C,-0.5697285895025886,-0.4214103875254746
C,-0.1932028591370479,-0.11164932964519826
C,-0.4070277406339903,-0.26058150970153926
C,-0.17632006002935768,-0.17727650931774575
C,-0.38063940970705806,-0.2517505289104572
C,-0.31416691586365475,-0.20990428969985425
C,-0.4674076980019557,-0.27619892676443997
C,0.4483889082515288,0.2891460187551679
C,0.19876370932219786,0.13640221232367056
C,0.21306448518777085,0.15416765050213158
C,-0.3039424433267066,-0.20416144424336333
C,0.16306987214756843,0.0841516638144937
C,-0.35175663095630977,-0.24223439467345537
C,0.36182576940130173,0.22703140335390737
C,0.12837422157106076,0.08301589993434656
C,0.18969105349268958,0.12438813896502132
C,-0.616679256411377,-0.2942440274161373
C,0.1015837983324461,0.12150760609995478
C,-0.2740543094274694,-0.18287064530302627
C,0.23073159644586347,0.40929946702390174
C,0.3228617354338577,0.2390738586181563
C,-0.476498345965467,0.32364533488691366
C,-0.39270080540409885,-0.19428032533387476
C,-0.32335952762791614,-0.22571378323891847
C,0.48764706547428865,-0.5486692454849224
C,-0.4263400457532894,-0.24562305484758407
C,-0.294738700252806,-0.24210075756311653
C,-0.241475712235563,-0.16755757736125046
C,0.16992320534651562,-0.1957091154783096
C,-0.2688561806754016,-0.1281730116691667
C,0.2941161663202682,0.18037720672012858
C,-0.13775691853746055,-0.11791721968923041
C,-0.1399883773369425,0.16376510780163317
C,-0.2677723936726302,-0.18213375092900203
C,0.39073193222300767,0.25524706478391135
C,-0.4111498960277085,-0.27189692531954057
C,0.2852130115034051,0.22372879496295225
C,0.1804361474089927,0.07928502041557856
C,0.2656116499884968,0.16341631555753028
C,-0.26025374346006697,-0.11567070279194824
C,0.19795969982112935,0.10950725237511119
C,0.24789955179077044,0.16101172883709905
C,-0.15293201164291065,-0.09745743718722773
C,-0.30169001696428677,-0.22072751235239893
C,-0.2091755823438774,-0.15849903909199525
C,0.2071282809637956,0.1474464691908312
C,-0.21200773018951485,-0.11909999184417173
C,0.3802378479195039,0.20617148224868972
C,0.18234502548235357,0.1461985012757368
C,0.10377647102179229,0.12472631502428252
C,0.22891937796572687,0.14831183589193092
C,-0.27460734324153174,-0.1666934101468286
C,0.19520664232262938,0.14022355158362887
C,-0.493001721903846,-0.3582731943117346
C,0.3068743120100918,0.2225877491898874
C,-0.47727076177051747,-0.32541632011964167
C,-0.2447473232047115,-0.09392625064873093
C,-0.1925764966999223,-0.1396042110928835
C,-0.17251663503333867,0.4473709488462596
C,-0.21464704820925962,-0.1515496990481667
C,-0.4118096941024445,-0.2875900479519302
C,-0.21721735300334982,-0.16082978747080187
C,0.22864521251774805,0.13795307972467055
C,-0.3371072211854919,-0.22559909303751263
C,-0.44845948413923165,-0.3908581199665564
C,-0.5085510543560785,-0.3219827113744297
C,-0.30584576207987496,-0.17378944128754442
C,0.2878620397327886,0.19284843980846558
C,0.2972797954524713,0.17605008953754797
C,0.26405292281170684,0.16181970671844753
C,-0.5016484018228801,-0.394492960594169
C,-0.3597006711498029,-0.21770006040330916
C,0.35164086927572497,0.2364073205412257
C,-0.43874942993851074,-0.3112385974167818
C,0.11985366080136445,0.08631074636759963
C,0.2237942529743341,0.0741401315378302
C,-0.21185168630876242,-0.202796565030254
C,-0.15658313403596055,0.07794937034547994
C,-0.24834138671075515,-0.19085948282087467
C,-0.2099751985088768,-0.12780507302880387
C,0.3293092473839024,0.19875192266762504
C,-0.2970780009204888,-0.2026051866288444
C,-0.14035109640603896,-0.058949144895387065
C,-0.2694782537291048,-0.14690058692539354
C,0.44106033816014256,-0.545155942244857
C,0.38555293424154424,0.2880961538373685
C,-0.1364177903354154,-0.10054528838028563
C,-0.2774180668092286,-0.18279011310778173
C,-0.42287509225553305,-0.2939942681251085
C,-0.20728186895057166,-0.15475547350486682
C,-0.2158362823365188,-0.1475406994168664
C,0.1506011827969232,0.12128298932852793
C,0.1771311192712059,0.11616248580619645
C,0.37520519371531336,0.3265265240354786
C,-0.36294213154532967,-0.2759855713301656
C,-0.3184259536650922,-0.4955976669252818
C,-0.21599645360926326,-0.198414964132322
C,0.09173222277140866,0.07888720623624385
C,0.34030302757223957,0.24454012975830206
C,0.1783349591446461,0.13396628728199936
C,-0.44407222406292207,-0.3207231948189828
C,-0.40325603114593267,-0.25531457850916994
C,0.1521167556029278,0.11219901756270641
C,-0.23492586667087717,-0.13752016869139116
C,-0.18630351895869532,-0.17187323628817255
C,0.16281789831182444,0.09032298952637471
C,0.3520573530543132,0.25427713732947904
C,-0.1370775686624271,-0.16102633214631354
C,0.10418003668405645,0.09513116220785159
C,-0.24992509331238627,-0.1964006010371602
C,0.22907388642241297,0.14322194555653237
C,0.24504434131018274,0.16374223489522527
C,-0.11918001059005441,-0.07096293674736293
C,0.2962379614529682,0.16451459997061757
C,-0.16395656044062923,-0.20807876499358516
C,0.4255634862872722,0.3348290053691068
C,-0.19899431249976057,-0.10985075780727452
C,0.15671501227553325,0.10325978145210392
C,0.06271813434398289,0.18081158519588172
C,-0.18850699761007592,0.06559435081433754
C,-0.4335152898251089,-0.15827513924797476
C,-0.23626435408329935,-0.16361286011042606
C,-0.22125590777024257,-0.1843122704066872
C,-0.39793431641827903,-0.20252794553835338
C,-0.22015219566905248,-0.14857063396763862
C,0.2059519504384671,0.13863211549410012
C,0.16587399591296545,0.10582268985157868
C,0.17531549278358588,0.14022674918353528
C,0.2876562224103509,0.26096257428646963
C,-0.4187587141439432,-0.33173647359083264
C,-0.2004644857709581,-0.1331664859890966
C,-0.4876008700165189,-0.29763756225054094
C,-0.3698194077633878,-0.24421246811927708
C,0.37087302677453016,0.27000407892640865
C,-0.40325096252854853,-0.4332608548091653
C,0.2951295794700584,0.188433703582377
C,-0.22233079750767476,-0.11069780221683469
C,0.18163424478807563,0.16822298190380874
C,-0.2994438433607273,-0.20584887374767374
C,-0.12711748390802055,-0.08311056246832398
C,0.1413653245753754,0.09075396559072614
C,-0.1682824221344006,-0.15173742983353217
C,0.22337691244224575,0.13359224367905143
C,-0.2921288008366991,-0.07972486601803783
C,-0.24703971526047383,-0.1709053587186152
C,-0.21201465007013695,-0.13356084949117122
C,-0.11849204264866513,-0.11176419810107445
C,-0.25084969422473674,-0.2841791998264149
C,-0.1344248969100146,-0.09433095241412578
C,-0.20405220663025228,-0.15689239242082265
C,0.44782767063706524,0.29571788162762347
C,-0.16917914259234984,-0.1358186461734582
C,-0.46531195599204495,0.2666556911181335
C,0.23034946696311218,0.18154022975862882
C,-0.29390629978132876,0.25191921205229223
C,-0.2053458429361374,0.21901501783857896
C,-0.3516457074747412,-0.2443085123825823
C,-0.23579615619570587,-0.10570781361434303
C,-0.3931959101102628,-0.3164116704737792
C,-0.3028910770818263,0.5824013870672895
C,-0.4913498977323809,-0.24981884107753602
C,0.4188336852380054,0.311613095534213
C,-0.11579340174199937,-0.08749423452047626
C,-0.40353486236504416,0.43776625599905766
C,-0.36522847293695093,0.32340189329982083
C,-0.2551533807977158,-0.16063288594690187
C,-0.09491298589955889,0.09788981243554971
C,0.26160245938097254,0.1710166823201944
C,-0.1616194397451546,-0.09236961264913598
C,-0.12059241126690441,-0.10730171553838729
C,-0.009109341052817558,0.4010500214146858
C,-0.12064307629652674,-0.12473954922575496
C,0.15080799648352963,0.11789564834449373
C,-0.4225285453037306,-0.2082564133989045
C,0.23834944818919734,0.1157083921137684
C,-0.22105218644059796,-0.40506556382819614
C,0.11921011719541545,0.5236264171366183
C,-0.3723199868407943,-0.25071019747916606
C,0.11322071397184716,0.06256865591251387
C,0.32396407952294065,0.2146207794590521
C,-0.17236428271264947,-0.09939173598057212
C,0.183324081157725,0.11414456848355586
C,-0.15600064807662328,-0.12013636959648788
C,-0.08353623463534798,0.41584807722897543
C,-0.27211632512222184,-0.20405272106300085
C,0.19477584092724254,0.13243198918205062
C,-0.11118414668822012,-0.07503967479226123
C,0.10900775522032517,0.07471805108794141
C,0.4713542193620766,0.3295113467155659
C,0.3001261052131519,0.2003702569730146
C,-0.46505316411106523,-0.316703203244473
C,-0.3710949783310198,-0.2263908352009773
C,-0.2053361771410554,-0.10348010743016804
C,-0.24679396819330532,-0.18381639951929687
C,-0.23745048796694984,-0.17615584419294097
C,-0.29716213126040514,-0.1959161409594407
C,-0.16046660229960735,-0.1325323585301304
C,-0.29221042183413687,-0.17077049438769593
C,0.27307110982740107,0.15466858157966565
C,-0.32052420142322563,-0.22661370648107734
C,0.2180387025105334,0.16430055285615308
C,0.14856011366480606,0.10242244440129691
C,-0.0710287686747949,-0.19284358223235612
C,0.45125078252442885,0.4141285883044534
C,-0.3620926891508609,-0.23562494189459113
C,0.19148311499964074,0.12053162978326824
C,0.15672623223146778,0.11224636928108744
C,-0.2242619720775634,-0.16636442075132815
C,0.22726304346605497,0.17167901909876548
C,0.42610890039030835,0.29356583333795966
C,-0.2844205786037183,-0.18835470613153127
C,-0.14039819541940232,-0.14125232030020315
C,0.4524290710813625,0.3404707193644138
C,-0.15964708512971817,-0.14563649307691506
C,0.20441827192329434,0.1401329819071198
C,-0.3171959397395896,-0.19822618210959592
C,-0.23681673666311595,-0.18119675030495971
C,-0.31943549683512024,-0.14648852941463147
C,0.3491353677745052,0.23935727479471683
C,0.14396115202901189,0.08201392406221165
C,-0.27490807378547766,-0.1796216883574392
C,0.3200408692782705,0.1871245940518967
C,-0.1444437841739429,-0.0914914512085817
C,0.2259457270650597,0.12093042299590576
C,0.1687329234690497,0.1396872726341842
C,-0.14566556780568085,-0.12719606262057156
C,-0.12477353915814744,-0.08685940958126927
C,0.23883323186957464,0.15611573876503113
C,-0.18900700709898224,-0.15731831365641769
C,0.2555329075233844,0.1800483369411656
C,0.25084761842315983,0.2183058574802378
C,-0.32686809133017747,-0.24995137322738795
C,-0.15698199857306042,-0.16038894335687792
C,0.3067226886184996,0.22849258226450284
C,-0.44876501236643335,-0.3405572397939552
C,-0.08730994787914706,-0.06861890892453665
C,0.14651091726513282,-0.11771673041116987
C,-0.2505003493958102,-0.1902950126140587
C,0.2169891827051068,0.14283164732751222
C,-0.07284787068560283,0.1644788174753169
C,-0.1546650954296981,-0.07628157376675195
C,0.1918041201368393,0.1075552869819034
C,0.3193691597162144,0.19581173848371192
C,-0.14767673424253372,-0.11760647687165879
C,-0.41045893640612996,-0.2955390448588143
C,0.41787068449405007,0.30517214896163763
C,-0.2887373044709713,-0.20663121446115046
C,-0.20576283384749094,-0.14687236695841022
C,-0.2549558379156849,-0.21936850984957834
C,-0.43955276256816334,-0.4051276519624229
C,-0.4239291397078347,0.35110123425054707
C,-0.2046428253441657,-0.13564967627361574
C,-0.40909123983724216,-0.2593099231920482
C,0.1631771787479659,0.12897992730689165
C,-0.14050805472831676,-0.12055051895256387
C,-0.471840585983647,0.05641876398732524
C,-0.1662976811850831,-0.20272714136413889
C,-0.43556552614404803,-0.19462412961732145
C,0.3915783690536107,0.2558323760173307
C,0.15660525414188844,0.16261515090742923
C,-0.23666121773665202,-0.1498456062491245
C,-0.14098129347071675,-0.06974757798606035
C,0.14731048507422315,0.08373129623683018
C,-0.32172112239497697,-0.18951361831126748
C,-0.242843765105963,-0.2150054639648197
C,-0.31240504185466644,-0.22024802380676792
C,0.12312039359062633,0.13613752447912364
C,-0.18862191795761427,-0.12468948563774687
C,-0.47286706372208753,-0.1683862160161447
C,-0.19992063259228585,0.4304818285396947
C,-0.4128550340882382,-0.2654227206898027
C,-0.14254265416762132,-0.153698514207985
C,-0.40217748853794605,-0.306812416095067
C,0.1803193741102214,0.1151258783903281
C,-0.3368342673689021,-0.21855808272585356
C,-0.15100895324352245,-0.16441487376439218
C,0.1586583744525799,0.13015490939611338
C,-0.22469765457932114,-0.11305222432347124
C,0.24431264967500935,0.15289752014058153
C,-0.2763589174246789,-0.16540847116336213
C,-0.020783793971394352,0.469106782663624
C,0.4794909939663419,-0.06365755452884563
C,0.16149694479356763,0.1055041770462571
C,-0.19308521212895816,-0.13465581276364627
C,0.1987002450670328,0.13535626075999696
C,-0.2324922081080088,-0.1493945698643906
C,0.5881918613867277,0.4089802337592401
C,0.19043120643316738,0.13518672827732878
C,-0.2028413741441929,-0.13771758491246164
C,-0.05594926462771833,-0.07295662071259867
C,0.3967464917050941,0.18420944365893088
C,-0.5194698788124754,0.45720388016757957
C,-0.3328329242471948,-0.24433511270965977
C,0.2840703423148025,0.1967829739274895
C,0.24999626149042592,0.19703983080997783
C,-0.19182679584261866,-0.13298485330970186
C,0.17598834624273377,0.16682553820592538
C,-0.28101012658037783,-0.16907226564542877
C,0.19629376521924413,-0.1021891472926765
C,0.09277508986078108,0.0729117101330279
C,0.4378250167401869,0.265699030750063
C,-0.27003868793219754,-0.19001466081000654
C,0.463212419686281,0.30337210684786253
C,-0.25946582818618463,-0.18846999884841595
C,-0.29808035631558577,-0.22326562813830653
C,-0.25798727336797145,-0.17930031827377022
C,0.23201259671401164,0.1584491123547124
C,0.42237232231203353,0.3180949355279768
C,-0.28328486286521987,-0.18506638722123345
C,-0.3671097088701828,-0.2786582805824597
C,-0.28126307807325396,-0.15886120819187685
C,-0.1337308411083919,-0.14511158795564438
C,0.22966402832139862,0.13800323585090693
C,-0.36097692461932385,-0.2739171382484058
C,-0.2390015176329605,-0.1558420350426588
C,0.39147168797105436,0.28005259111004327
C,-0.13214543182205846,-0.09587749215685516
C,0.28621519964358727,0.20022979782488803
C,-0.17175483835142177,-0.1116787377574236
C,-0.28798998023412814,-0.21583146912141024
C,0.270481735167559,0.1968319014741304
C,0.1055505743212127,0.08244812424437399
C,-0.3725374960091335,-0.3011218500321332
C,-0.06860923060924354,0.08053524473442367
C,-0.27857908607675846,-0.19355191028485116
C,-0.2300452163271277,-0.16748217641982704
C,-0.41652103982225186,-0.3373047797309057
C,-0.4364921889165774,-0.3493940841607579
C,-0.38543979383731714,-0.33154427969528144
C,-0.16766143540686498,-0.13925688096607866
C,0.14310293336511448,0.10368449211237496
C,-0.20217094734846078,-0.5146852251962439
C,-0.2749594268822119,-0.2764197782993525
C,0.3002414722428012,0.34047803550951294
C,-0.2973569809591654,0.062253526927041704
C,0.21480808354892575,0.1455570944894202
C,-0.23811251929256783,-0.15646900562655333
C,-0.20069796406808352,-0.16266734966938132
C,-0.33160769768014464,-0.20352562903058627
C,-0.20103080241164992,-0.1482124460381159
C,-0.48083979328162024,-0.30379424350208806
C,0.12288140861498044,0.08641104788241326
C,0.22151899567341177,0.1905284677883432
C,-0.22299976409263464,-0.13952474766258174
C,-0.034403838665577995,-0.18642227184327717
C,-0.189843316905844,-0.14281876429929521
C,-0.5969240330731022,-0.3546724416688619
C,0.11570189406697075,0.09338563230822863
C,-0.20593120883432256,0.06464998043558565
C,-0.24627750929740516,-0.13448577945926835
C,0.30932837574308697,0.16977908406504888
C,0.1441718168207731,0.11471823550319793
C,0.29971805098062887,0.20316060335649297
C,-0.2847214245489581,-0.2963556970457125
C,0.13304773010801635,0.0987195172605743
C,0.22918416306086292,0.3509219457891437
C,-0.5841276452080512,-0.5311408174160926
C,0.15271960108420274,0.08775199380916487
