arm,sample,u,v,n
A,triggered,-196.0,-172.0,3
A,triggered,-196.0,-164.0,6
A,triggered,-196.0,-156.0,4
A,triggered,-196.0,-148.0,8
A,triggered,-196.0,-140.0,8
A,triggered,-196.0,-132.0,10
A,triggered,-196.0,-124.0,8
A,triggered,-196.0,-116.0,11
A,triggered,-196.0,-108.0,7
A,triggered,-196.0,-100.0,14
A,triggered,-196.0,-92.0,18
A,triggered,-196.0,-84.0,7
A,triggered,-196.0,-76.0,5
A,triggered,-196.0,-68.0,8
A,triggered,-196.0,-60.0,11
A,triggered,-196.0,-52.0,7
A,triggered,-196.0,-44.0,10
A,triggered,-196.0,-36.0,12
A,triggered,-196.0,-28.0,11
A,triggered,-196.0,-20.0,7
A,triggered,-196.0,-12.0,15
A,triggered,-196.0,-4.0,22
A,triggered,-196.0,4.0,7
A,triggered,-196.0,12.0,14
A,triggered,-196.0,20.0,12
A,triggered,-196.0,28.0,13
A,triggered,-196.0,36.0,15
A,triggered,-196.0,44.0,15
A,triggered,-196.0,52.0,27
A,triggered,-196.0,60.0,20
A,triggered,-196.0,68.0,17
A,triggered,-196.0,76.0,13
A,triggered,-196.0,84.0,14
A,triggered,-196.0,92.0,15
A,triggered,-196.0,100.0,18
A,triggered,-196.0,108.0,19
A,triggered,-196.0,116.0,12
A,triggered,-196.0,124.0,15
A,triggered,-196.0,132.0,25
A,triggered,-196.0,140.0,17
A,triggered,-196.0,148.0,17
A,triggered,-196.0,156.0,15
A,triggered,-196.0,164.0,18
A,triggered,-196.0,172.0,17
A,triggered,-196.0,188.0,1
A,triggered,-188.0,-188.0,1
A,triggered,-188.0,-180.0,1
A,triggered,-188.0,-172.0,32
A,triggered,-188.0,-164.0,14
A,triggered,-188.0,-156.0,25
A,triggered,-188.0,-148.0,21
A,triggered,-188.0,-140.0,13
A,triggered,-188.0,-132.0,25
A,triggered,-188.0,-124.0,22
A,triggered,-188.0,-116.0,24
A,triggered,-188.0,-108.0,44
A,triggered,-188.0,-100.0,32
A,triggered,-188.0,-92.0,72
A,triggered,-188.0,-84.0,34
A,triggered,-188.0,-76.0,38
A,triggered,-188.0,-68.0,43
A,triggered,-188.0,-60.0,51
A,triggered,-188.0,-52.0,64
A,triggered,-188.0,-44.0,67
A,triggered,-188.0,-36.0,73
A,triggered,-188.0,-28.0,58
A,triggered,-188.0,-20.0,74
A,triggered,-188.0,-12.0,85
A,triggered,-188.0,-4.0,54
A,triggered,-188.0,4.0,76
A,triggered,-188.0,12.0,60
A,triggered,-188.0,20.0,59
A,triggered,-188.0,28.0,45
A,triggered,-188.0,36.0,52
A,triggered,-188.0,44.0,47
A,triggered,-188.0,52.0,58
A,triggered,-188.0,60.0,63
A,triggered,-188.0,68.0,45
A,triggered,-188.0,76.0,53
A,triggered,-188.0,84.0,83
A,triggered,-188.0,92.0,70
A,triggered,-188.0,100.0,67
A,triggered,-188.0,108.0,69
A,triggered,-188.0,116.0,53
A,triggered,-188.0,124.0,32
A,triggered,-188.0,132.0,45
A,triggered,-188.0,140.0,35
A,triggered,-188.0,148.0,35
A,triggered,-188.0,156.0,44
A,triggered,-188.0,164.0,50
A,triggered,-188.0,172.0,59
A,triggered,-188.0,180.0,3
A,triggered,-188.0,188.0,5
A,triggered,-188.0,196.0,1
A,triggered,-180.0,-188.0,2
A,triggered,-180.0,-180.0,1
A,triggered,-180.0,-172.0,13
A,triggered,-180.0,-164.0,11
A,triggered,-180.0,-156.0,22
A,triggered,-180.0,-148.0,11
A,triggered,-180.0,-140.0,11
A,triggered,-180.0,-132.0,21
A,triggered,-180.0,-124.0,21
A,triggered,-180.0,-116.0,22
A,triggered,-180.0,-108.0,31
A,triggered,-180.0,-100.0,25
A,triggered,-180.0,-92.0,36
A,triggered,-180.0,-84.0,28
A,triggered,-180.0,-76.0,36
A,triggered,-180.0,-68.0,35
A,triggered,-180.0,-60.0,38
A,triggered,-180.0,-52.0,54
A,triggered,-180.0,-44.0,46
A,triggered,-180.0,-36.0,56
A,triggered,-180.0,-28.0,47
A,triggered,-180.0,-20.0,60
A,triggered,-180.0,-12.0,77
A,triggered,-180.0,-4.0,60
A,triggered,-180.0,4.0,69
A,triggered,-180.0,12.0,66
A,triggered,-180.0,20.0,48
A,triggered,-180.0,28.0,54
A,triggered,-180.0,36.0,43
A,triggered,-180.0,44.0,33
A,triggered,-180.0,52.0,50
A,triggered,-180.0,60.0,64
A,triggered,-180.0,68.0,46
A,triggered,-180.0,76.0,40
A,triggered,-180.0,84.0,46
A,triggered,-180.0,92.0,46
A,triggered,-180.0,100.0,59
A,triggered,-180.0,108.0,55
A,triggered,-180.0,116.0,43
A,triggered,-180.0,124.0,40
A,triggered,-180.0,132.0,42
A,triggered,-180.0,140.0,27
A,triggered,-180.0,148.0,28
A,triggered,-180.0,156.0,34
A,triggered,-180.0,164.0,52
A,triggered,-180.0,172.0,43
A,triggered,-180.0,180.0,5
A,triggered,-180.0,188.0,3
A,triggered,-172.0,-196.0,2
A,triggered,-172.0,-188.0,1
A,triggered,-172.0,-172.0,17
A,triggered,-172.0,-164.0,12
A,triggered,-172.0,-156.0,7
A,triggered,-172.0,-148.0,7
A,triggered,-172.0,-140.0,13
A,triggered,-172.0,-132.0,20
A,triggered,-172.0,-124.0,19
A,triggered,-172.0,-116.0,21
A,triggered,-172.0,-108.0,27
A,triggered,-172.0,-100.0,29
A,triggered,-172.0,-92.0,39
A,triggered,-172.0,-84.0,36
A,triggered,-172.0,-76.0,29
A,triggered,-172.0,-68.0,43
A,triggered,-172.0,-60.0,33
A,triggered,-172.0,-52.0,42
A,triggered,-172.0,-44.0,42
A,triggered,-172.0,-36.0,49
A,triggered,-172.0,-28.0,57
A,triggered,-172.0,-20.0,66
A,triggered,-172.0,-12.0,67
A,triggered,-172.0,-4.0,54
A,triggered,-172.0,4.0,62
A,triggered,-172.0,12.0,49
A,triggered,-172.0,20.0,56
A,triggered,-172.0,28.0,33
A,triggered,-172.0,36.0,54
A,triggered,-172.0,44.0,60
A,triggered,-172.0,52.0,56
A,triggered,-172.0,60.0,50
A,triggered,-172.0,68.0,59
A,triggered,-172.0,76.0,40
A,triggered,-172.0,84.0,69
A,triggered,-172.0,92.0,59
A,triggered,-172.0,100.0,66
A,triggered,-172.0,108.0,75
A,triggered,-172.0,116.0,46
A,triggered,-172.0,124.0,44
A,triggered,-172.0,132.0,35
A,triggered,-172.0,140.0,37
A,triggered,-172.0,148.0,27
A,triggered,-172.0,156.0,34
A,triggered,-172.0,164.0,36
A,triggered,-172.0,172.0,40
A,triggered,-172.0,180.0,3
A,triggered,-172.0,188.0,21
A,triggered,-164.0,-196.0,5
A,triggered,-164.0,-188.0,5
A,triggered,-164.0,-172.0,10
A,triggered,-164.0,-164.0,9
A,triggered,-164.0,-156.0,9
A,triggered,-164.0,-148.0,11
A,triggered,-164.0,-140.0,10
A,triggered,-164.0,-132.0,16
A,triggered,-164.0,-124.0,16
A,triggered,-164.0,-116.0,23
A,triggered,-164.0,-108.0,22
A,triggered,-164.0,-100.0,29
A,triggered,-164.0,-92.0,26
A,triggered,-164.0,-84.0,41
A,triggered,-164.0,-76.0,28
A,triggered,-164.0,-68.0,30
A,triggered,-164.0,-60.0,29
A,triggered,-164.0,-52.0,49
A,triggered,-164.0,-44.0,58
A,triggered,-164.0,-36.0,52
A,triggered,-164.0,-28.0,64
A,triggered,-164.0,-20.0,66
A,triggered,-164.0,-12.0,77
A,triggered,-164.0,-4.0,65
A,triggered,-164.0,4.0,62
A,triggered,-164.0,12.0,67
A,triggered,-164.0,20.0,54
A,triggered,-164.0,28.0,42
A,triggered,-164.0,36.0,49
A,triggered,-164.0,44.0,66
A,triggered,-164.0,52.0,59
A,triggered,-164.0,60.0,61
A,triggered,-164.0,68.0,52
A,triggered,-164.0,76.0,43
A,triggered,-164.0,84.0,58
A,triggered,-164.0,92.0,45
A,triggered,-164.0,100.0,60
A,triggered,-164.0,108.0,87
A,triggered,-164.0,116.0,48
A,triggered,-164.0,124.0,32
A,triggered,-164.0,132.0,40
A,triggered,-164.0,140.0,44
A,triggered,-164.0,148.0,31
A,triggered,-164.0,156.0,31
A,triggered,-164.0,164.0,29
A,triggered,-164.0,172.0,36
A,triggered,-164.0,180.0,11
A,triggered,-164.0,188.0,32
A,triggered,-156.0,-196.0,3
A,triggered,-156.0,-188.0,2
A,triggered,-156.0,-180.0,2
A,triggered,-156.0,-172.0,11
A,triggered,-156.0,-164.0,14
A,triggered,-156.0,-156.0,13
A,triggered,-156.0,-148.0,5
A,triggered,-156.0,-140.0,19
A,triggered,-156.0,-132.0,13
A,triggered,-156.0,-124.0,21
A,triggered,-156.0,-116.0,22
A,triggered,-156.0,-108.0,25
A,triggered,-156.0,-100.0,36
A,triggered,-156.0,-92.0,36
A,triggered,-156.0,-84.0,29
A,triggered,-156.0,-76.0,34
A,triggered,-156.0,-68.0,35
A,triggered,-156.0,-60.0,38
A,triggered,-156.0,-52.0,35
A,triggered,-156.0,-44.0,49
A,triggered,-156.0,-36.0,56
A,triggered,-156.0,-28.0,56
A,triggered,-156.0,-20.0,59
A,triggered,-156.0,-12.0,57
A,triggered,-156.0,-4.0,67
A,triggered,-156.0,4.0,70
A,triggered,-156.0,12.0,54
A,triggered,-156.0,20.0,64
A,triggered,-156.0,28.0,41
A,triggered,-156.0,36.0,37
A,triggered,-156.0,44.0,45
A,triggered,-156.0,52.0,57
A,triggered,-156.0,60.0,58
A,triggered,-156.0,68.0,56
A,triggered,-156.0,76.0,49
A,triggered,-156.0,84.0,55
A,triggered,-156.0,92.0,46
A,triggered,-156.0,100.0,58
A,triggered,-156.0,108.0,64
A,triggered,-156.0,116.0,50
A,triggered,-156.0,124.0,34
A,triggered,-156.0,132.0,38
A,triggered,-156.0,140.0,28
A,triggered,-156.0,148.0,26
A,triggered,-156.0,156.0,37
A,triggered,-156.0,164.0,37
A,triggered,-156.0,172.0,32
A,triggered,-156.0,180.0,11
A,triggered,-156.0,188.0,22
A,triggered,-148.0,-196.0,1
A,triggered,-148.0,-188.0,1
A,triggered,-148.0,-180.0,1
A,triggered,-148.0,-172.0,15
A,triggered,-148.0,-164.0,15
A,triggered,-148.0,-156.0,7
A,triggered,-148.0,-148.0,11
A,triggered,-148.0,-140.0,10
A,triggered,-148.0,-132.0,22
A,triggered,-148.0,-124.0,14
A,triggered,-148.0,-116.0,26
A,triggered,-148.0,-108.0,33
A,triggered,-148.0,-100.0,32
A,triggered,-148.0,-92.0,26
A,triggered,-148.0,-84.0,31
A,triggered,-148.0,-76.0,49
A,triggered,-148.0,-68.0,39
A,triggered,-148.0,-60.0,43
A,triggered,-148.0,-52.0,50
A,triggered,-148.0,-44.0,53
A,triggered,-148.0,-36.0,53
A,triggered,-148.0,-28.0,48
A,triggered,-148.0,-20.0,61
A,triggered,-148.0,-12.0,63
A,triggered,-148.0,-4.0,65
A,triggered,-148.0,4.0,64
A,triggered,-148.0,12.0,57
A,triggered,-148.0,20.0,49
A,triggered,-148.0,28.0,47
A,triggered,-148.0,36.0,62
A,triggered,-148.0,44.0,53
A,triggered,-148.0,52.0,63
A,triggered,-148.0,60.0,56
A,triggered,-148.0,68.0,50
A,triggered,-148.0,76.0,47
A,triggered,-148.0,84.0,38
A,triggered,-148.0,92.0,64
A,triggered,-148.0,100.0,45
A,triggered,-148.0,108.0,53
A,triggered,-148.0,116.0,39
A,triggered,-148.0,124.0,23
A,triggered,-148.0,132.0,34
A,triggered,-148.0,140.0,30
A,triggered,-148.0,148.0,28
A,triggered,-148.0,156.0,18
A,triggered,-148.0,164.0,33
A,triggered,-148.0,172.0,40
A,triggered,-148.0,180.0,5
A,triggered,-148.0,188.0,11
A,triggered,-140.0,-196.0,1
A,triggered,-140.0,-188.0,1
A,triggered,-140.0,-172.0,17
A,triggered,-140.0,-164.0,14
A,triggered,-140.0,-156.0,17
A,triggered,-140.0,-148.0,6
A,triggered,-140.0,-140.0,14
A,triggered,-140.0,-132.0,17
A,triggered,-140.0,-124.0,27
A,triggered,-140.0,-116.0,24
A,triggered,-140.0,-108.0,30
A,triggered,-140.0,-100.0,30
A,triggered,-140.0,-92.0,41
A,triggered,-140.0,-84.0,35
A,triggered,-140.0,-76.0,42
A,triggered,-140.0,-68.0,43
A,triggered,-140.0,-60.0,48
A,triggered,-140.0,-52.0,54
A,triggered,-140.0,-44.0,44
A,triggered,-140.0,-36.0,54
A,triggered,-140.0,-28.0,59
A,triggered,-140.0,-20.0,78
A,triggered,-140.0,-12.0,78
A,triggered,-140.0,-4.0,78
A,triggered,-140.0,4.0,78
A,triggered,-140.0,12.0,60
A,triggered,-140.0,20.0,65
A,triggered,-140.0,28.0,47
A,triggered,-140.0,36.0,72
A,triggered,-140.0,44.0,59
A,triggered,-140.0,52.0,51
A,triggered,-140.0,60.0,43
A,triggered,-140.0,68.0,54
A,triggered,-140.0,76.0,56
A,triggered,-140.0,84.0,41
A,triggered,-140.0,92.0,69
A,triggered,-140.0,100.0,66
A,triggered,-140.0,108.0,49
A,triggered,-140.0,116.0,52
A,triggered,-140.0,124.0,36
A,triggered,-140.0,132.0,29
A,triggered,-140.0,140.0,31
A,triggered,-140.0,148.0,27
A,triggered,-140.0,156.0,25
A,triggered,-140.0,164.0,39
A,triggered,-140.0,172.0,38
A,triggered,-140.0,180.0,7
A,triggered,-140.0,188.0,8
A,triggered,-132.0,-196.0,2
A,triggered,-132.0,-188.0,1
A,triggered,-132.0,-180.0,3
A,triggered,-132.0,-172.0,8
A,triggered,-132.0,-164.0,9
A,triggered,-132.0,-156.0,6
A,triggered,-132.0,-148.0,6
A,triggered,-132.0,-140.0,20
A,triggered,-132.0,-132.0,18
A,triggered,-132.0,-124.0,22
A,triggered,-132.0,-116.0,21
A,triggered,-132.0,-108.0,32
A,triggered,-132.0,-100.0,29
A,triggered,-132.0,-92.0,42
A,triggered,-132.0,-84.0,38
A,triggered,-132.0,-76.0,51
A,triggered,-132.0,-68.0,41
A,triggered,-132.0,-60.0,49
A,triggered,-132.0,-52.0,70
A,triggered,-132.0,-44.0,88
A,triggered,-132.0,-36.0,70
A,triggered,-132.0,-28.0,71
A,triggered,-132.0,-20.0,83
A,triggered,-132.0,-12.0,100
A,triggered,-132.0,-4.0,73
A,triggered,-132.0,4.0,64
A,triggered,-132.0,12.0,84
A,triggered,-132.0,20.0,83
A,triggered,-132.0,28.0,66
A,triggered,-132.0,36.0,63
A,triggered,-132.0,44.0,68
A,triggered,-132.0,52.0,76
A,triggered,-132.0,60.0,65
A,triggered,-132.0,68.0,61
A,triggered,-132.0,76.0,72
A,triggered,-132.0,84.0,69
A,triggered,-132.0,92.0,70
A,triggered,-132.0,100.0,57
A,triggered,-132.0,108.0,62
A,triggered,-132.0,116.0,40
A,triggered,-132.0,124.0,45
A,triggered,-132.0,132.0,34
A,triggered,-132.0,140.0,28
A,triggered,-132.0,148.0,28
A,triggered,-132.0,156.0,24
A,triggered,-132.0,164.0,27
A,triggered,-132.0,172.0,39
A,triggered,-132.0,180.0,7
A,triggered,-132.0,188.0,10
A,triggered,-124.0,-188.0,1
A,triggered,-124.0,-180.0,2
A,triggered,-124.0,-172.0,14
A,triggered,-124.0,-164.0,16
A,triggered,-124.0,-156.0,10
A,triggered,-124.0,-148.0,5
A,triggered,-124.0,-140.0,10
A,triggered,-124.0,-132.0,19
A,triggered,-124.0,-124.0,17
A,triggered,-124.0,-116.0,19
A,triggered,-124.0,-108.0,31
A,triggered,-124.0,-100.0,25
A,triggered,-124.0,-92.0,33
A,triggered,-124.0,-84.0,53
A,triggered,-124.0,-76.0,60
A,triggered,-124.0,-68.0,72
A,triggered,-124.0,-60.0,92
A,triggered,-124.0,-52.0,87
A,triggered,-124.0,-44.0,100
A,triggered,-124.0,-36.0,98
A,triggered,-124.0,-28.0,87
A,triggered,-124.0,-20.0,100
A,triggered,-124.0,-12.0,128
A,triggered,-124.0,-4.0,118
A,triggered,-124.0,4.0,112
A,triggered,-124.0,12.0,115
A,triggered,-124.0,20.0,119
A,triggered,-124.0,28.0,94
A,triggered,-124.0,36.0,117
A,triggered,-124.0,44.0,96
A,triggered,-124.0,52.0,117
A,triggered,-124.0,60.0,84
A,triggered,-124.0,68.0,97
A,triggered,-124.0,76.0,73
A,triggered,-124.0,84.0,82
A,triggered,-124.0,92.0,70
A,triggered,-124.0,100.0,85
A,triggered,-124.0,108.0,58
A,triggered,-124.0,116.0,65
A,triggered,-124.0,124.0,40
A,triggered,-124.0,132.0,46
A,triggered,-124.0,140.0,39
A,triggered,-124.0,148.0,25
A,triggered,-124.0,156.0,25
A,triggered,-124.0,164.0,32
A,triggered,-124.0,172.0,40
A,triggered,-124.0,180.0,2
A,triggered,-124.0,188.0,7
A,triggered,-116.0,-196.0,4
A,triggered,-116.0,-188.0,1
A,triggered,-116.0,-180.0,2
A,triggered,-116.0,-172.0,17
A,triggered,-116.0,-164.0,10
A,triggered,-116.0,-156.0,8
A,triggered,-116.0,-148.0,17
A,triggered,-116.0,-140.0,27
A,triggered,-116.0,-132.0,19
A,triggered,-116.0,-124.0,16
A,triggered,-116.0,-116.0,17
A,triggered,-116.0,-108.0,36
A,triggered,-116.0,-100.0,31
A,triggered,-116.0,-92.0,46
A,triggered,-116.0,-84.0,68
A,triggered,-116.0,-76.0,94
A,triggered,-116.0,-68.0,137
A,triggered,-116.0,-60.0,151
A,triggered,-116.0,-52.0,156
A,triggered,-116.0,-44.0,226
A,triggered,-116.0,-36.0,227
A,triggered,-116.0,-28.0,195
A,triggered,-116.0,-20.0,214
A,triggered,-116.0,-12.0,197
A,triggered,-116.0,-4.0,211
A,triggered,-116.0,4.0,194
A,triggered,-116.0,12.0,203
A,triggered,-116.0,20.0,192
A,triggered,-116.0,28.0,192
A,triggered,-116.0,36.0,200
A,triggered,-116.0,44.0,207
A,triggered,-116.0,52.0,213
A,triggered,-116.0,60.0,185
A,triggered,-116.0,68.0,158
A,triggered,-116.0,76.0,156
A,triggered,-116.0,84.0,134
A,triggered,-116.0,92.0,81
A,triggered,-116.0,100.0,89
A,triggered,-116.0,108.0,74
A,triggered,-116.0,116.0,60
A,triggered,-116.0,124.0,44
A,triggered,-116.0,132.0,40
A,triggered,-116.0,140.0,36
A,triggered,-116.0,148.0,21
A,triggered,-116.0,156.0,29
A,triggered,-116.0,164.0,45
A,triggered,-116.0,172.0,35
A,triggered,-116.0,180.0,6
A,triggered,-116.0,188.0,21
A,triggered,-108.0,-196.0,1
A,triggered,-108.0,-180.0,2
A,triggered,-108.0,-172.0,24
A,triggered,-108.0,-164.0,19
A,triggered,-108.0,-156.0,11
A,triggered,-108.0,-148.0,9
A,triggered,-108.0,-140.0,12
A,triggered,-108.0,-132.0,11
A,triggered,-108.0,-124.0,17
A,triggered,-108.0,-116.0,27
A,triggered,-108.0,-108.0,25
A,triggered,-108.0,-100.0,37
A,triggered,-108.0,-92.0,41
A,triggered,-108.0,-84.0,65
A,triggered,-108.0,-76.0,125
A,triggered,-108.0,-68.0,225
A,triggered,-108.0,-60.0,266
A,triggered,-108.0,-52.0,353
A,triggered,-108.0,-44.0,444
A,triggered,-108.0,-36.0,432
A,triggered,-108.0,-28.0,442
A,triggered,-108.0,-20.0,386
A,triggered,-108.0,-12.0,429
A,triggered,-108.0,-4.0,396
A,triggered,-108.0,4.0,397
A,triggered,-108.0,12.0,348
A,triggered,-108.0,20.0,386
A,triggered,-108.0,28.0,330
A,triggered,-108.0,36.0,372
A,triggered,-108.0,44.0,331
A,triggered,-108.0,52.0,354
A,triggered,-108.0,60.0,295
A,triggered,-108.0,68.0,304
A,triggered,-108.0,76.0,281
A,triggered,-108.0,84.0,214
A,triggered,-108.0,92.0,148
A,triggered,-108.0,100.0,115
A,triggered,-108.0,108.0,85
A,triggered,-108.0,116.0,61
A,triggered,-108.0,124.0,43
A,triggered,-108.0,132.0,32
A,triggered,-108.0,140.0,33
A,triggered,-108.0,148.0,35
A,triggered,-108.0,156.0,28
A,triggered,-108.0,164.0,32
A,triggered,-108.0,172.0,46
A,triggered,-108.0,180.0,9
A,triggered,-108.0,188.0,51
A,triggered,-100.0,-196.0,2
A,triggered,-100.0,-180.0,1
A,triggered,-100.0,-172.0,20
A,triggered,-100.0,-164.0,13
A,triggered,-100.0,-156.0,16
A,triggered,-100.0,-148.0,9
A,triggered,-100.0,-140.0,20
A,triggered,-100.0,-132.0,34
A,triggered,-100.0,-124.0,22
A,triggered,-100.0,-116.0,23
A,triggered,-100.0,-108.0,38
A,triggered,-100.0,-100.0,48
A,triggered,-100.0,-92.0,48
A,triggered,-100.0,-84.0,114
A,triggered,-100.0,-76.0,197
A,triggered,-100.0,-68.0,353
A,triggered,-100.0,-60.0,479
A,triggered,-100.0,-52.0,600
A,triggered,-100.0,-44.0,737
A,triggered,-100.0,-36.0,834
A,triggered,-100.0,-28.0,822
A,triggered,-100.0,-20.0,754
A,triggered,-100.0,-12.0,787
A,triggered,-100.0,-4.0,746
A,triggered,-100.0,4.0,689
A,triggered,-100.0,12.0,689
A,triggered,-100.0,20.0,652
A,triggered,-100.0,28.0,650
A,triggered,-100.0,36.0,621
A,triggered,-100.0,44.0,610
A,triggered,-100.0,52.0,540
A,triggered,-100.0,60.0,533
A,triggered,-100.0,68.0,606
A,triggered,-100.0,76.0,547
A,triggered,-100.0,84.0,411
A,triggered,-100.0,92.0,298
A,triggered,-100.0,100.0,240
A,triggered,-100.0,108.0,171
A,triggered,-100.0,116.0,69
A,triggered,-100.0,124.0,35
A,triggered,-100.0,132.0,47
A,triggered,-100.0,140.0,60
A,triggered,-100.0,148.0,39
A,triggered,-100.0,156.0,38
A,triggered,-100.0,164.0,41
A,triggered,-100.0,172.0,54
A,triggered,-100.0,180.0,8
A,triggered,-100.0,188.0,18
A,triggered,-92.0,-196.0,2
A,triggered,-92.0,-172.0,21
A,triggered,-92.0,-164.0,20
A,triggered,-92.0,-156.0,17
A,triggered,-92.0,-148.0,10
A,triggered,-92.0,-140.0,22
A,triggered,-92.0,-132.0,26
A,triggered,-92.0,-124.0,23
A,triggered,-92.0,-116.0,30
A,triggered,-92.0,-108.0,36
A,triggered,-92.0,-100.0,40
A,triggered,-92.0,-92.0,76
A,triggered,-92.0,-84.0,113
A,triggered,-92.0,-76.0,227
A,triggered,-92.0,-68.0,381
A,triggered,-92.0,-60.0,473
A,triggered,-92.0,-52.0,635
A,triggered,-92.0,-44.0,843
A,triggered,-92.0,-36.0,937
A,triggered,-92.0,-28.0,990
A,triggered,-92.0,-20.0,903
A,triggered,-92.0,-12.0,907
A,triggered,-92.0,-4.0,834
A,triggered,-92.0,4.0,820
A,triggered,-92.0,12.0,803
A,triggered,-92.0,20.0,870
A,triggered,-92.0,28.0,874
A,triggered,-92.0,36.0,845
A,triggered,-92.0,44.0,849
A,triggered,-92.0,52.0,723
A,triggered,-92.0,60.0,667
A,triggered,-92.0,68.0,738
A,triggered,-92.0,76.0,735
A,triggered,-92.0,84.0,622
A,triggered,-92.0,92.0,462
A,triggered,-92.0,100.0,326
A,triggered,-92.0,108.0,206
A,triggered,-92.0,116.0,99
A,triggered,-92.0,124.0,72
A,triggered,-92.0,132.0,55
A,triggered,-92.0,140.0,46
A,triggered,-92.0,148.0,38
A,triggered,-92.0,156.0,37
A,triggered,-92.0,164.0,48
A,triggered,-92.0,172.0,54
A,triggered,-92.0,180.0,6
A,triggered,-92.0,188.0,23
A,triggered,-84.0,-196.0,3
A,triggered,-84.0,-188.0,3
A,triggered,-84.0,-180.0,3
A,triggered,-84.0,-172.0,28
A,triggered,-84.0,-164.0,28
A,triggered,-84.0,-156.0,14
A,triggered,-84.0,-148.0,20
A,triggered,-84.0,-140.0,33
A,triggered,-84.0,-132.0,23
A,triggered,-84.0,-124.0,23
A,triggered,-84.0,-116.0,45
A,triggered,-84.0,-108.0,44
A,triggered,-84.0,-100.0,48
A,triggered,-84.0,-92.0,75
A,triggered,-84.0,-84.0,127
A,triggered,-84.0,-76.0,232
A,triggered,-84.0,-68.0,354
A,triggered,-84.0,-60.0,512
A,triggered,-84.0,-52.0,674
A,triggered,-84.0,-44.0,954
A,triggered,-84.0,-36.0,995
A,triggered,-84.0,-28.0,912
A,triggered,-84.0,-20.0,909
A,triggered,-84.0,-12.0,879
A,triggered,-84.0,-4.0,880
A,triggered,-84.0,4.0,840
A,triggered,-84.0,12.0,838
A,triggered,-84.0,20.0,780
A,triggered,-84.0,28.0,870
A,triggered,-84.0,36.0,887
A,triggered,-84.0,44.0,954
A,triggered,-84.0,52.0,835
A,triggered,-84.0,60.0,770
A,triggered,-84.0,68.0,807
A,triggered,-84.0,76.0,836
A,triggered,-84.0,84.0,664
A,triggered,-84.0,92.0,513
A,triggered,-84.0,100.0,352
A,triggered,-84.0,108.0,257
A,triggered,-84.0,116.0,122
A,triggered,-84.0,124.0,63
A,triggered,-84.0,132.0,50
A,triggered,-84.0,140.0,60
A,triggered,-84.0,148.0,30
A,triggered,-84.0,156.0,47
A,triggered,-84.0,164.0,52
A,triggered,-84.0,172.0,56
A,triggered,-84.0,180.0,6
A,triggered,-84.0,188.0,29
A,triggered,-76.0,-188.0,1
A,triggered,-76.0,-172.0,16
A,triggered,-76.0,-164.0,29
A,triggered,-76.0,-156.0,24
A,triggered,-76.0,-148.0,11
A,triggered,-76.0,-140.0,24
A,triggered,-76.0,-132.0,28
A,triggered,-76.0,-124.0,35
A,triggered,-76.0,-116.0,40
A,triggered,-76.0,-108.0,39
A,triggered,-76.0,-100.0,58
A,triggered,-76.0,-92.0,79
A,triggered,-76.0,-84.0,164
A,triggered,-76.0,-76.0,276
A,triggered,-76.0,-68.0,426
A,triggered,-76.0,-60.0,547
A,triggered,-76.0,-52.0,839
A,triggered,-76.0,-44.0,1066
A,triggered,-76.0,-36.0,1143
A,triggered,-76.0,-28.0,1137
A,triggered,-76.0,-20.0,1133
A,triggered,-76.0,-12.0,1048
A,triggered,-76.0,-4.0,1037
A,triggered,-76.0,4.0,1013
A,triggered,-76.0,12.0,954
A,triggered,-76.0,20.0,908
A,triggered,-76.0,28.0,1002
A,triggered,-76.0,36.0,1035
A,triggered,-76.0,44.0,1028
A,triggered,-76.0,52.0,984
A,triggered,-76.0,60.0,854
A,triggered,-76.0,68.0,986
A,triggered,-76.0,76.0,901
A,triggered,-76.0,84.0,764
A,triggered,-76.0,92.0,563
A,triggered,-76.0,100.0,425
A,triggered,-76.0,108.0,243
A,triggered,-76.0,116.0,130
A,triggered,-76.0,124.0,75
A,triggered,-76.0,132.0,60
A,triggered,-76.0,140.0,80
A,triggered,-76.0,148.0,42
A,triggered,-76.0,156.0,51
A,triggered,-76.0,164.0,53
A,triggered,-76.0,172.0,66
A,triggered,-76.0,180.0,11
A,triggered,-76.0,188.0,9
A,triggered,-68.0,-196.0,2
A,triggered,-68.0,-188.0,2
A,triggered,-68.0,-172.0,26
A,triggered,-68.0,-164.0,33
A,triggered,-68.0,-156.0,26
A,triggered,-68.0,-148.0,18
A,triggered,-68.0,-140.0,26
A,triggered,-68.0,-132.0,25
A,triggered,-68.0,-124.0,37
A,triggered,-68.0,-116.0,40
A,triggered,-68.0,-108.0,54
A,triggered,-68.0,-100.0,64
A,triggered,-68.0,-92.0,108
A,triggered,-68.0,-84.0,192
A,triggered,-68.0,-76.0,294
A,triggered,-68.0,-68.0,543
A,triggered,-68.0,-60.0,742
A,triggered,-68.0,-52.0,1041
A,triggered,-68.0,-44.0,1353
A,triggered,-68.0,-36.0,1414
A,triggered,-68.0,-28.0,1526
A,triggered,-68.0,-20.0,1484
A,triggered,-68.0,-12.0,1437
A,triggered,-68.0,-4.0,1399
A,triggered,-68.0,4.0,1357
A,triggered,-68.0,12.0,1263
A,triggered,-68.0,20.0,1387
A,triggered,-68.0,28.0,1265
A,triggered,-68.0,36.0,1276
A,triggered,-68.0,44.0,1262
A,triggered,-68.0,52.0,1260
A,triggered,-68.0,60.0,1207
A,triggered,-68.0,68.0,1306
A,triggered,-68.0,76.0,1139
A,triggered,-68.0,84.0,927
A,triggered,-68.0,92.0,622
A,triggered,-68.0,100.0,542
A,triggered,-68.0,108.0,301
A,triggered,-68.0,116.0,151
A,triggered,-68.0,124.0,68
A,triggered,-68.0,132.0,63
A,triggered,-68.0,140.0,61
A,triggered,-68.0,148.0,42
A,triggered,-68.0,156.0,51
A,triggered,-68.0,164.0,50
A,triggered,-68.0,172.0,51
A,triggered,-68.0,180.0,15
A,triggered,-68.0,188.0,25
A,triggered,-60.0,-196.0,2
A,triggered,-60.0,-188.0,2
A,triggered,-60.0,-180.0,1
A,triggered,-60.0,-172.0,21
A,triggered,-60.0,-164.0,32
A,triggered,-60.0,-156.0,22
A,triggered,-60.0,-148.0,18
A,triggered,-60.0,-140.0,26
A,triggered,-60.0,-132.0,32
A,triggered,-60.0,-124.0,37
A,triggered,-60.0,-116.0,65
A,triggered,-60.0,-108.0,69
A,triggered,-60.0,-100.0,77
A,triggered,-60.0,-92.0,122
A,triggered,-60.0,-84.0,211
A,triggered,-60.0,-76.0,386
A,triggered,-60.0,-68.0,700
A,triggered,-60.0,-60.0,890
A,triggered,-60.0,-52.0,1195
A,triggered,-60.0,-44.0,1515
A,triggered,-60.0,-36.0,1585
A,triggered,-60.0,-28.0,1652
A,triggered,-60.0,-20.0,1783
A,triggered,-60.0,-12.0,1686
A,triggered,-60.0,-4.0,1610
A,triggered,-60.0,4.0,1563
A,triggered,-60.0,12.0,1564
A,triggered,-60.0,20.0,1483
A,triggered,-60.0,28.0,1373
A,triggered,-60.0,36.0,1370
A,triggered,-60.0,44.0,1424
A,triggered,-60.0,52.0,1510
A,triggered,-60.0,60.0,1353
A,triggered,-60.0,68.0,1479
A,triggered,-60.0,76.0,1373
A,triggered,-60.0,84.0,1170
A,triggered,-60.0,92.0,904
A,triggered,-60.0,100.0,629
A,triggered,-60.0,108.0,368
A,triggered,-60.0,116.0,168
A,triggered,-60.0,124.0,81
A,triggered,-60.0,132.0,64
A,triggered,-60.0,140.0,59
A,triggered,-60.0,148.0,45
A,triggered,-60.0,156.0,45
A,triggered,-60.0,164.0,64
A,triggered,-60.0,172.0,67
A,triggered,-60.0,180.0,26
A,triggered,-60.0,188.0,40
A,triggered,-52.0,-196.0,5
A,triggered,-52.0,-188.0,5
A,triggered,-52.0,-180.0,1
A,triggered,-52.0,-172.0,25
A,triggered,-52.0,-164.0,30
A,triggered,-52.0,-156.0,17
A,triggered,-52.0,-148.0,14
A,triggered,-52.0,-140.0,41
A,triggered,-52.0,-132.0,30
A,triggered,-52.0,-124.0,50
A,triggered,-52.0,-116.0,55
A,triggered,-52.0,-108.0,73
A,triggered,-52.0,-100.0,64
A,triggered,-52.0,-92.0,121
A,triggered,-52.0,-84.0,249
A,triggered,-52.0,-76.0,441
A,triggered,-52.0,-68.0,724
A,triggered,-52.0,-60.0,938
A,triggered,-52.0,-52.0,1252
A,triggered,-52.0,-44.0,1572
A,triggered,-52.0,-36.0,1641
A,triggered,-52.0,-28.0,1672
A,triggered,-52.0,-20.0,1832
A,triggered,-52.0,-12.0,1869
A,triggered,-52.0,-4.0,1773
A,triggered,-52.0,4.0,1749
A,triggered,-52.0,12.0,1643
A,triggered,-52.0,20.0,1604
A,triggered,-52.0,28.0,1518
A,triggered,-52.0,36.0,1413
A,triggered,-52.0,44.0,1476
A,triggered,-52.0,52.0,1555
A,triggered,-52.0,60.0,1433
A,triggered,-52.0,68.0,1636
A,triggered,-52.0,76.0,1557
A,triggered,-52.0,84.0,1191
A,triggered,-52.0,92.0,935
A,triggered,-52.0,100.0,742
A,triggered,-52.0,108.0,395
A,triggered,-52.0,116.0,142
A,triggered,-52.0,124.0,84
A,triggered,-52.0,132.0,68
A,triggered,-52.0,140.0,58
A,triggered,-52.0,148.0,41
A,triggered,-52.0,156.0,59
A,triggered,-52.0,164.0,69
A,triggered,-52.0,172.0,58
A,triggered,-52.0,180.0,13
A,triggered,-52.0,188.0,66
A,triggered,-44.0,-196.0,5
A,triggered,-44.0,-188.0,7
A,triggered,-44.0,-172.0,29
A,triggered,-44.0,-164.0,41
A,triggered,-44.0,-156.0,28
A,triggered,-44.0,-148.0,22
A,triggered,-44.0,-140.0,40
A,triggered,-44.0,-132.0,27
A,triggered,-44.0,-124.0,43
A,triggered,-44.0,-116.0,57
A,triggered,-44.0,-108.0,76
A,triggered,-44.0,-100.0,73
A,triggered,-44.0,-92.0,133
A,triggered,-44.0,-84.0,250
A,triggered,-44.0,-76.0,445
A,triggered,-44.0,-68.0,764
A,triggered,-44.0,-60.0,1019
A,triggered,-44.0,-52.0,1354
A,triggered,-44.0,-44.0,1724
A,triggered,-44.0,-36.0,1723
A,triggered,-44.0,-28.0,1780
A,triggered,-44.0,-20.0,1847
A,triggered,-44.0,-12.0,1974
A,triggered,-44.0,-4.0,1894
A,triggered,-44.0,4.0,1886
A,triggered,-44.0,12.0,1760
A,triggered,-44.0,20.0,1788
A,triggered,-44.0,28.0,1624
A,triggered,-44.0,36.0,1613
A,triggered,-44.0,44.0,1556
A,triggered,-44.0,52.0,1689
A,triggered,-44.0,60.0,1561
A,triggered,-44.0,68.0,1665
A,triggered,-44.0,76.0,1591
A,triggered,-44.0,84.0,1307
A,triggered,-44.0,92.0,976
A,triggered,-44.0,100.0,768
A,triggered,-44.0,108.0,454
A,triggered,-44.0,116.0,179
A,triggered,-44.0,124.0,98
A,triggered,-44.0,132.0,73
A,triggered,-44.0,140.0,75
A,triggered,-44.0,148.0,52
A,triggered,-44.0,156.0,60
A,triggered,-44.0,164.0,77
A,triggered,-44.0,172.0,65
A,triggered,-44.0,180.0,7
A,triggered,-44.0,188.0,23
A,triggered,-36.0,-196.0,3
A,triggered,-36.0,-188.0,3
A,triggered,-36.0,-180.0,1
A,triggered,-36.0,-172.0,32
A,triggered,-36.0,-164.0,41
A,triggered,-36.0,-156.0,40
A,triggered,-36.0,-148.0,27
A,triggered,-36.0,-140.0,22
A,triggered,-36.0,-132.0,41
A,triggered,-36.0,-124.0,63
A,triggered,-36.0,-116.0,59
A,triggered,-36.0,-108.0,60
A,triggered,-36.0,-100.0,92
A,triggered,-36.0,-92.0,126
A,triggered,-36.0,-84.0,224
A,triggered,-36.0,-76.0,520
A,triggered,-36.0,-68.0,810
A,triggered,-36.0,-60.0,1025
A,triggered,-36.0,-52.0,1334
A,triggered,-36.0,-44.0,1541
A,triggered,-36.0,-36.0,1681
A,triggered,-36.0,-28.0,1776
A,triggered,-36.0,-20.0,1862
A,triggered,-36.0,-12.0,1762
A,triggered,-36.0,-4.0,1771
A,triggered,-36.0,4.0,1771
A,triggered,-36.0,12.0,1752
A,triggered,-36.0,20.0,1707
A,triggered,-36.0,28.0,1578
A,triggered,-36.0,36.0,1640
A,triggered,-36.0,44.0,1674
A,triggered,-36.0,52.0,1722
A,triggered,-36.0,60.0,1575
A,triggered,-36.0,68.0,1709
A,triggered,-36.0,76.0,1639
A,triggered,-36.0,84.0,1220
A,triggered,-36.0,92.0,993
A,triggered,-36.0,100.0,745
A,triggered,-36.0,108.0,448
A,triggered,-36.0,116.0,174
A,triggered,-36.0,124.0,88
A,triggered,-36.0,132.0,80
A,triggered,-36.0,140.0,60
A,triggered,-36.0,148.0,46
A,triggered,-36.0,156.0,64
A,triggered,-36.0,164.0,82
A,triggered,-36.0,172.0,64
A,triggered,-36.0,180.0,8
A,triggered,-36.0,188.0,15
A,triggered,-28.0,-196.0,1
A,triggered,-28.0,-188.0,6
A,triggered,-28.0,-180.0,4
A,triggered,-28.0,-172.0,29
A,triggered,-28.0,-164.0,41
A,triggered,-28.0,-156.0,33
A,triggered,-28.0,-148.0,20
A,triggered,-28.0,-140.0,36
A,triggered,-28.0,-132.0,40
A,triggered,-28.0,-124.0,36
A,triggered,-28.0,-116.0,72
A,triggered,-28.0,-108.0,79
A,triggered,-28.0,-100.0,79
A,triggered,-28.0,-92.0,144
A,triggered,-28.0,-84.0,247
A,triggered,-28.0,-76.0,500
A,triggered,-28.0,-68.0,744
A,triggered,-28.0,-60.0,962
A,triggered,-28.0,-52.0,1264
A,triggered,-28.0,-44.0,1594
A,triggered,-28.0,-36.0,1745
A,triggered,-28.0,-28.0,1668
A,triggered,-28.0,-20.0,1743
A,triggered,-28.0,-12.0,1680
A,triggered,-28.0,-4.0,1558
A,triggered,-28.0,4.0,1624
A,triggered,-28.0,12.0,1470
A,triggered,-28.0,20.0,1482
A,triggered,-28.0,28.0,1442
A,triggered,-28.0,36.0,1364
A,triggered,-28.0,44.0,1594
A,triggered,-28.0,52.0,1656
A,triggered,-28.0,60.0,1479
A,triggered,-28.0,68.0,1595
A,triggered,-28.0,76.0,1555
A,triggered,-28.0,84.0,1226
A,triggered,-28.0,92.0,987
A,triggered,-28.0,100.0,649
A,triggered,-28.0,108.0,408
A,triggered,-28.0,116.0,176
A,triggered,-28.0,124.0,90
A,triggered,-28.0,132.0,60
A,triggered,-28.0,140.0,55
A,triggered,-28.0,148.0,58
A,triggered,-28.0,156.0,62
A,triggered,-28.0,164.0,70
A,triggered,-28.0,172.0,82
A,triggered,-28.0,180.0,14
A,triggered,-28.0,188.0,16
A,triggered,-20.0,-196.0,7
A,triggered,-20.0,-188.0,7
A,triggered,-20.0,-180.0,1
A,triggered,-20.0,-172.0,27
A,triggered,-20.0,-164.0,40
A,triggered,-20.0,-156.0,28
A,triggered,-20.0,-148.0,24
A,triggered,-20.0,-140.0,35
A,triggered,-20.0,-132.0,45
A,triggered,-20.0,-124.0,37
A,triggered,-20.0,-116.0,50
A,triggered,-20.0,-108.0,67
A,triggered,-20.0,-100.0,82
A,triggered,-20.0,-92.0,128
A,triggered,-20.0,-84.0,226
A,triggered,-20.0,-76.0,370
A,triggered,-20.0,-68.0,552
A,triggered,-20.0,-60.0,836
A,triggered,-20.0,-52.0,1044
A,triggered,-20.0,-44.0,1296
A,triggered,-20.0,-36.0,1353
A,triggered,-20.0,-28.0,1444
A,triggered,-20.0,-20.0,1416
A,triggered,-20.0,-12.0,1276
A,triggered,-20.0,-4.0,1251
A,triggered,-20.0,4.0,1196
A,triggered,-20.0,12.0,1090
A,triggered,-20.0,20.0,1110
A,triggered,-20.0,28.0,1063
A,triggered,-20.0,36.0,1135
A,triggered,-20.0,44.0,1202
A,triggered,-20.0,52.0,1197
A,triggered,-20.0,60.0,1124
A,triggered,-20.0,68.0,1243
A,triggered,-20.0,76.0,1275
A,triggered,-20.0,84.0,987
A,triggered,-20.0,92.0,731
A,triggered,-20.0,100.0,523
A,triggered,-20.0,108.0,325
A,triggered,-20.0,116.0,131
A,triggered,-20.0,124.0,58
A,triggered,-20.0,132.0,74
A,triggered,-20.0,140.0,63
A,triggered,-20.0,148.0,54
A,triggered,-20.0,156.0,70
A,triggered,-20.0,164.0,63
A,triggered,-20.0,172.0,73
A,triggered,-20.0,180.0,19
A,triggered,-20.0,188.0,25
A,triggered,-12.0,-196.0,3
A,triggered,-12.0,-188.0,1
A,triggered,-12.0,-180.0,3
A,triggered,-12.0,-172.0,31
A,triggered,-12.0,-164.0,42
A,triggered,-12.0,-156.0,26
A,triggered,-12.0,-148.0,16
A,triggered,-12.0,-140.0,21
A,triggered,-12.0,-132.0,32
A,triggered,-12.0,-124.0,38
A,triggered,-12.0,-116.0,55
A,triggered,-12.0,-108.0,54
A,triggered,-12.0,-100.0,71
A,triggered,-12.0,-92.0,99
A,triggered,-12.0,-84.0,142
A,triggered,-12.0,-76.0,284
A,triggered,-12.0,-68.0,456
A,triggered,-12.0,-60.0,580
A,triggered,-12.0,-52.0,823
A,triggered,-12.0,-44.0,978
A,triggered,-12.0,-36.0,994
A,triggered,-12.0,-28.0,959
A,triggered,-12.0,-20.0,907
A,triggered,-12.0,-12.0,884
A,triggered,-12.0,-4.0,825
A,triggered,-12.0,4.0,802
A,triggered,-12.0,12.0,761
A,triggered,-12.0,20.0,740
A,triggered,-12.0,28.0,648
A,triggered,-12.0,36.0,652
A,triggered,-12.0,44.0,793
A,triggered,-12.0,52.0,704
A,triggered,-12.0,60.0,715
A,triggered,-12.0,68.0,809
A,triggered,-12.0,76.0,787
A,triggered,-12.0,84.0,640
A,triggered,-12.0,92.0,499
A,triggered,-12.0,100.0,352
A,triggered,-12.0,108.0,235
A,triggered,-12.0,116.0,95
A,triggered,-12.0,124.0,65
A,triggered,-12.0,132.0,59
A,triggered,-12.0,140.0,73
A,triggered,-12.0,148.0,44
A,triggered,-12.0,156.0,49
A,triggered,-12.0,164.0,69
A,triggered,-12.0,172.0,70
A,triggered,-12.0,180.0,13
A,triggered,-12.0,188.0,16
A,triggered,-4.0,-196.0,3
A,triggered,-4.0,-188.0,3
A,triggered,-4.0,-172.0,20
A,triggered,-4.0,-164.0,33
A,triggered,-4.0,-156.0,21
A,triggered,-4.0,-148.0,16
A,triggered,-4.0,-140.0,25
A,triggered,-4.0,-132.0,34
A,triggered,-4.0,-124.0,32
A,triggered,-4.0,-116.0,34
A,triggered,-4.0,-108.0,57
A,triggered,-4.0,-100.0,54
A,triggered,-4.0,-92.0,94
A,triggered,-4.0,-84.0,116
A,triggered,-4.0,-76.0,170
A,triggered,-4.0,-68.0,254
A,triggered,-4.0,-60.0,331
A,triggered,-4.0,-52.0,417
A,triggered,-4.0,-44.0,556
A,triggered,-4.0,-36.0,550
A,triggered,-4.0,-28.0,594
A,triggered,-4.0,-20.0,569
A,triggered,-4.0,-12.0,530
A,triggered,-4.0,-4.0,497
A,triggered,-4.0,4.0,432
A,triggered,-4.0,12.0,429
A,triggered,-4.0,20.0,417
A,triggered,-4.0,28.0,367
A,triggered,-4.0,36.0,360
A,triggered,-4.0,44.0,401
A,triggered,-4.0,52.0,437
A,triggered,-4.0,60.0,392
A,triggered,-4.0,68.0,397
A,triggered,-4.0,76.0,380
A,triggered,-4.0,84.0,386
A,triggered,-4.0,92.0,312
A,triggered,-4.0,100.0,210
A,triggered,-4.0,108.0,184
A,triggered,-4.0,116.0,78
A,triggered,-4.0,124.0,61
A,triggered,-4.0,132.0,66
A,triggered,-4.0,140.0,74
A,triggered,-4.0,148.0,47
A,triggered,-4.0,156.0,40
A,triggered,-4.0,164.0,60
A,triggered,-4.0,172.0,54
A,triggered,-4.0,180.0,11
A,triggered,-4.0,188.0,9
A,triggered,4.0,-196.0,5
A,triggered,4.0,-188.0,5
A,triggered,4.0,-172.0,24
A,triggered,4.0,-164.0,22
A,triggered,4.0,-156.0,26
A,triggered,4.0,-148.0,19
A,triggered,4.0,-140.0,23
A,triggered,4.0,-132.0,26
A,triggered,4.0,-124.0,28
A,triggered,4.0,-116.0,37
A,triggered,4.0,-108.0,48
A,triggered,4.0,-100.0,51
A,triggered,4.0,-92.0,56
A,triggered,4.0,-84.0,83
A,triggered,4.0,-76.0,134
A,triggered,4.0,-68.0,175
A,triggered,4.0,-60.0,208
A,triggered,4.0,-52.0,257
A,triggered,4.0,-44.0,347
A,triggered,4.0,-36.0,329
A,triggered,4.0,-28.0,339
A,triggered,4.0,-20.0,321
A,triggered,4.0,-12.0,379
A,triggered,4.0,-4.0,292
A,triggered,4.0,4.0,325
A,triggered,4.0,12.0,324
A,triggered,4.0,20.0,350
A,triggered,4.0,28.0,323
A,triggered,4.0,36.0,343
A,triggered,4.0,44.0,325
A,triggered,4.0,52.0,338
A,triggered,4.0,60.0,323
A,triggered,4.0,68.0,321
A,triggered,4.0,76.0,304
A,triggered,4.0,84.0,245
A,triggered,4.0,92.0,193
A,triggered,4.0,100.0,181
A,triggered,4.0,108.0,146
A,triggered,4.0,116.0,98
A,triggered,4.0,124.0,59
A,triggered,4.0,132.0,84
A,triggered,4.0,140.0,67
A,triggered,4.0,148.0,45
A,triggered,4.0,156.0,39
A,triggered,4.0,164.0,52
A,triggered,4.0,172.0,60
A,triggered,4.0,180.0,12
A,triggered,4.0,188.0,15
A,triggered,12.0,-196.0,4
A,triggered,12.0,-188.0,11
A,triggered,12.0,-172.0,19
A,triggered,12.0,-164.0,24
A,triggered,12.0,-156.0,25
A,triggered,12.0,-148.0,16
A,triggered,12.0,-140.0,28
A,triggered,12.0,-132.0,30
A,triggered,12.0,-124.0,40
A,triggered,12.0,-116.0,45
A,triggered,12.0,-108.0,50
A,triggered,12.0,-100.0,67
A,triggered,12.0,-92.0,92
A,triggered,12.0,-84.0,97
A,triggered,12.0,-76.0,148
A,triggered,12.0,-68.0,202
A,triggered,12.0,-60.0,273
A,triggered,12.0,-52.0,350
A,triggered,12.0,-44.0,406
A,triggered,12.0,-36.0,406
A,triggered,12.0,-28.0,377
A,triggered,12.0,-20.0,372
A,triggered,12.0,-12.0,432
A,triggered,12.0,-4.0,371
A,triggered,12.0,4.0,392
A,triggered,12.0,12.0,363
A,triggered,12.0,20.0,431
A,triggered,12.0,28.0,478
A,triggered,12.0,36.0,546
A,triggered,12.0,44.0,556
A,triggered,12.0,52.0,565
A,triggered,12.0,60.0,498
A,triggered,12.0,68.0,411
A,triggered,12.0,76.0,458
A,triggered,12.0,84.0,393
A,triggered,12.0,92.0,259
A,triggered,12.0,100.0,209
A,triggered,12.0,108.0,181
A,triggered,12.0,116.0,113
A,triggered,12.0,124.0,52
A,triggered,12.0,132.0,75
A,triggered,12.0,140.0,62
A,triggered,12.0,148.0,50
A,triggered,12.0,156.0,58
A,triggered,12.0,164.0,50
A,triggered,12.0,172.0,46
A,triggered,12.0,180.0,9
A,triggered,12.0,188.0,8
A,triggered,20.0,-188.0,8
A,triggered,20.0,-172.0,27
A,triggered,20.0,-164.0,24
A,triggered,20.0,-156.0,26
A,triggered,20.0,-148.0,15
A,triggered,20.0,-140.0,34
A,triggered,20.0,-132.0,27
A,triggered,20.0,-124.0,30
A,triggered,20.0,-116.0,34
A,triggered,20.0,-108.0,45
A,triggered,20.0,-100.0,60
A,triggered,20.0,-92.0,99
A,triggered,20.0,-84.0,133
A,triggered,20.0,-76.0,188
A,triggered,20.0,-68.0,354
A,triggered,20.0,-60.0,416
A,triggered,20.0,-52.0,480
A,triggered,20.0,-44.0,625
A,triggered,20.0,-36.0,585
A,triggered,20.0,-28.0,569
A,triggered,20.0,-20.0,594
A,triggered,20.0,-12.0,647
A,triggered,20.0,-4.0,617
A,triggered,20.0,4.0,585
A,triggered,20.0,12.0,650
A,triggered,20.0,20.0,733
A,triggered,20.0,28.0,756
A,triggered,20.0,36.0,831
A,triggered,20.0,44.0,929
A,triggered,20.0,52.0,879
A,triggered,20.0,60.0,819
A,triggered,20.0,68.0,850
A,triggered,20.0,76.0,755
A,triggered,20.0,84.0,554
A,triggered,20.0,92.0,416
A,triggered,20.0,100.0,293
A,triggered,20.0,108.0,182
A,triggered,20.0,116.0,83
A,triggered,20.0,124.0,63
A,triggered,20.0,132.0,59
A,triggered,20.0,140.0,55
A,triggered,20.0,148.0,43
A,triggered,20.0,156.0,40
A,triggered,20.0,164.0,35
A,triggered,20.0,172.0,44
A,triggered,20.0,180.0,9
A,triggered,20.0,188.0,6
A,triggered,28.0,-188.0,5
A,triggered,28.0,-172.0,23
A,triggered,28.0,-164.0,28
A,triggered,28.0,-156.0,19
A,triggered,28.0,-148.0,19
A,triggered,28.0,-140.0,35
A,triggered,28.0,-132.0,21
A,triggered,28.0,-124.0,26
A,triggered,28.0,-116.0,46
A,triggered,28.0,-108.0,52
A,triggered,28.0,-100.0,61
A,triggered,28.0,-92.0,107
A,triggered,28.0,-84.0,171
A,triggered,28.0,-76.0,313
A,triggered,28.0,-68.0,463
A,triggered,28.0,-60.0,636
A,triggered,28.0,-52.0,742
A,triggered,28.0,-44.0,937
A,triggered,28.0,-36.0,820
A,triggered,28.0,-28.0,872
A,triggered,28.0,-20.0,852
A,triggered,28.0,-12.0,875
A,triggered,28.0,-4.0,885
A,triggered,28.0,4.0,940
A,triggered,28.0,12.0,958
A,triggered,28.0,20.0,992
A,triggered,28.0,28.0,990
A,triggered,28.0,36.0,1098
A,triggered,28.0,44.0,1121
A,triggered,28.0,52.0,1081
A,triggered,28.0,60.0,978
A,triggered,28.0,68.0,1069
A,triggered,28.0,76.0,1054
A,triggered,28.0,84.0,794
A,triggered,28.0,92.0,612
A,triggered,28.0,100.0,414
A,triggered,28.0,108.0,225
A,triggered,28.0,116.0,99
A,triggered,28.0,124.0,52
A,triggered,28.0,132.0,62
A,triggered,28.0,140.0,69
A,triggered,28.0,148.0,46
A,triggered,28.0,156.0,42
A,triggered,28.0,164.0,47
A,triggered,28.0,172.0,56
A,triggered,28.0,180.0,8
A,triggered,28.0,188.0,5
A,triggered,36.0,-188.0,2
A,triggered,36.0,-172.0,17
A,triggered,36.0,-164.0,31
A,triggered,36.0,-156.0,25
A,triggered,36.0,-148.0,20
A,triggered,36.0,-140.0,35
A,triggered,36.0,-132.0,26
A,triggered,36.0,-124.0,20
A,triggered,36.0,-116.0,45
A,triggered,36.0,-108.0,67
A,triggered,36.0,-100.0,67
A,triggered,36.0,-92.0,120
A,triggered,36.0,-84.0,234
A,triggered,36.0,-76.0,406
A,triggered,36.0,-68.0,639
A,triggered,36.0,-60.0,820
A,triggered,36.0,-52.0,1090
A,triggered,36.0,-44.0,1254
A,triggered,36.0,-36.0,1278
A,triggered,36.0,-28.0,1262
A,triggered,36.0,-20.0,1282
A,triggered,36.0,-12.0,1210
A,triggered,36.0,-4.0,1208
A,triggered,36.0,4.0,1246
A,triggered,36.0,12.0,1215
A,triggered,36.0,20.0,1393
A,triggered,36.0,28.0,1249
A,triggered,36.0,36.0,1252
A,triggered,36.0,44.0,1193
A,triggered,36.0,52.0,1276
A,triggered,36.0,60.0,1146
A,triggered,36.0,68.0,1333
A,triggered,36.0,76.0,1296
A,triggered,36.0,84.0,1046
A,triggered,36.0,92.0,841
A,triggered,36.0,100.0,580
A,triggered,36.0,108.0,300
A,triggered,36.0,116.0,111
A,triggered,36.0,124.0,61
A,triggered,36.0,132.0,51
A,triggered,36.0,140.0,59
A,triggered,36.0,148.0,44
A,triggered,36.0,156.0,43
A,triggered,36.0,164.0,53
A,triggered,36.0,172.0,49
A,triggered,36.0,180.0,8
A,triggered,36.0,188.0,4
A,triggered,44.0,-196.0,1
A,triggered,44.0,-180.0,1
A,triggered,44.0,-172.0,13
A,triggered,44.0,-164.0,30
A,triggered,44.0,-156.0,27
A,triggered,44.0,-148.0,28
A,triggered,44.0,-140.0,25
A,triggered,44.0,-132.0,39
A,triggered,44.0,-124.0,54
A,triggered,44.0,-116.0,61
A,triggered,44.0,-108.0,65
A,triggered,44.0,-100.0,65
A,triggered,44.0,-92.0,127
A,triggered,44.0,-84.0,253
A,triggered,44.0,-76.0,469
A,triggered,44.0,-68.0,803
A,triggered,44.0,-60.0,1011
A,triggered,44.0,-52.0,1284
A,triggered,44.0,-44.0,1676
A,triggered,44.0,-36.0,1654
A,triggered,44.0,-28.0,1636
A,triggered,44.0,-20.0,1612
A,triggered,44.0,-12.0,1686
A,triggered,44.0,-4.0,1596
A,triggered,44.0,4.0,1588
A,triggered,44.0,12.0,1483
A,triggered,44.0,20.0,1490
A,triggered,44.0,28.0,1255
A,triggered,44.0,36.0,1098
A,triggered,44.0,44.0,1093
A,triggered,44.0,52.0,1298
A,triggered,44.0,60.0,1289
A,triggered,44.0,68.0,1478
A,triggered,44.0,76.0,1512
A,triggered,44.0,84.0,1199
A,triggered,44.0,92.0,937
A,triggered,44.0,100.0,723
A,triggered,44.0,108.0,365
A,triggered,44.0,116.0,138
A,triggered,44.0,124.0,60
A,triggered,44.0,132.0,54
A,triggered,44.0,140.0,60
A,triggered,44.0,148.0,42
A,triggered,44.0,156.0,51
A,triggered,44.0,164.0,71
A,triggered,44.0,172.0,59
A,triggered,44.0,180.0,4
A,triggered,44.0,188.0,4
A,triggered,52.0,-196.0,3
A,triggered,52.0,-188.0,1
A,triggered,52.0,-180.0,2
A,triggered,52.0,-172.0,23
A,triggered,52.0,-164.0,32
A,triggered,52.0,-156.0,23
A,triggered,52.0,-148.0,19
A,triggered,52.0,-140.0,38
A,triggered,52.0,-132.0,28
A,triggered,52.0,-124.0,44
A,triggered,52.0,-116.0,50
A,triggered,52.0,-108.0,64
A,triggered,52.0,-100.0,72
A,triggered,52.0,-92.0,126
A,triggered,52.0,-84.0,235
A,triggered,52.0,-76.0,461
A,triggered,52.0,-68.0,724
A,triggered,52.0,-60.0,1072
A,triggered,52.0,-52.0,1329
A,triggered,52.0,-44.0,1757
A,triggered,52.0,-36.0,1753
A,triggered,52.0,-28.0,1823
A,triggered,52.0,-20.0,1773
A,triggered,52.0,-12.0,1842
A,triggered,52.0,-4.0,1675
A,triggered,52.0,4.0,1663
A,triggered,52.0,12.0,1518
A,triggered,52.0,20.0,1382
A,triggered,52.0,28.0,1348
A,triggered,52.0,36.0,1296
A,triggered,52.0,44.0,1329
A,triggered,52.0,52.0,1446
A,triggered,52.0,60.0,1411
A,triggered,52.0,68.0,1526
A,triggered,52.0,76.0,1417
A,triggered,52.0,84.0,1209
A,triggered,52.0,92.0,1000
A,triggered,52.0,100.0,778
A,triggered,52.0,108.0,396
A,triggered,52.0,116.0,155
A,triggered,52.0,124.0,76
A,triggered,52.0,132.0,57
A,triggered,52.0,140.0,73
A,triggered,52.0,148.0,49
A,triggered,52.0,156.0,54
A,triggered,52.0,164.0,51
A,triggered,52.0,172.0,51
A,triggered,52.0,180.0,4
A,triggered,52.0,188.0,9
A,triggered,60.0,-196.0,1
A,triggered,60.0,-188.0,2
A,triggered,60.0,-180.0,2
A,triggered,60.0,-172.0,26
A,triggered,60.0,-164.0,31
A,triggered,60.0,-156.0,22
A,triggered,60.0,-148.0,30
A,triggered,60.0,-140.0,31
A,triggered,60.0,-132.0,35
A,triggered,60.0,-124.0,31
A,triggered,60.0,-116.0,61
A,triggered,60.0,-108.0,51
A,triggered,60.0,-100.0,80
A,triggered,60.0,-92.0,126
A,triggered,60.0,-84.0,218
A,triggered,60.0,-76.0,408
A,triggered,60.0,-68.0,717
A,triggered,60.0,-60.0,967
A,triggered,60.0,-52.0,1295
A,triggered,60.0,-44.0,1685
A,triggered,60.0,-36.0,1646
A,triggered,60.0,-28.0,1709
A,triggered,60.0,-20.0,1765
A,triggered,60.0,-12.0,1654
A,triggered,60.0,-4.0,1586
A,triggered,60.0,4.0,1560
A,triggered,60.0,12.0,1339
A,triggered,60.0,20.0,1333
A,triggered,60.0,28.0,1251
A,triggered,60.0,36.0,1331
A,triggered,60.0,44.0,1469
A,triggered,60.0,52.0,1502
A,triggered,60.0,60.0,1344
A,triggered,60.0,68.0,1509
A,triggered,60.0,76.0,1444
A,triggered,60.0,84.0,1087
A,triggered,60.0,92.0,831
A,triggered,60.0,100.0,681
A,triggered,60.0,108.0,359
A,triggered,60.0,116.0,137
A,triggered,60.0,124.0,80
A,triggered,60.0,132.0,63
A,triggered,60.0,140.0,65
A,triggered,60.0,148.0,55
A,triggered,60.0,156.0,63
A,triggered,60.0,164.0,55
A,triggered,60.0,172.0,57
A,triggered,60.0,180.0,7
A,triggered,60.0,188.0,7
A,triggered,68.0,-196.0,2
A,triggered,68.0,-188.0,7
A,triggered,68.0,-180.0,1
A,triggered,68.0,-172.0,27
A,triggered,68.0,-164.0,39
A,triggered,68.0,-156.0,34
A,triggered,68.0,-148.0,20
A,triggered,68.0,-140.0,26
A,triggered,68.0,-132.0,34
A,triggered,68.0,-124.0,47
A,triggered,68.0,-116.0,49
A,triggered,68.0,-108.0,53
A,triggered,68.0,-100.0,61
A,triggered,68.0,-92.0,95
A,triggered,68.0,-84.0,164
A,triggered,68.0,-76.0,308
A,triggered,68.0,-68.0,527
A,triggered,68.0,-60.0,699
A,triggered,68.0,-52.0,971
A,triggered,68.0,-44.0,1265
A,triggered,68.0,-36.0,1347
A,triggered,68.0,-28.0,1415
A,triggered,68.0,-20.0,1540
A,triggered,68.0,-12.0,1451
A,triggered,68.0,-4.0,1350
A,triggered,68.0,4.0,1359
A,triggered,68.0,12.0,1309
A,triggered,68.0,20.0,1267
A,triggered,68.0,28.0,1243
A,triggered,68.0,36.0,1275
A,triggered,68.0,44.0,1334
A,triggered,68.0,52.0,1390
A,triggered,68.0,60.0,1293
A,triggered,68.0,68.0,1374
A,triggered,68.0,76.0,1228
A,triggered,68.0,84.0,988
A,triggered,68.0,92.0,780
A,triggered,68.0,100.0,632
A,triggered,68.0,108.0,379
A,triggered,68.0,116.0,152
A,triggered,68.0,124.0,74
A,triggered,68.0,132.0,72
A,triggered,68.0,140.0,76
A,triggered,68.0,148.0,56
A,triggered,68.0,156.0,65
A,triggered,68.0,164.0,53
A,triggered,68.0,172.0,53
A,triggered,68.0,180.0,14
A,triggered,68.0,188.0,25
A,triggered,76.0,-196.0,4
A,triggered,76.0,-188.0,6
A,triggered,76.0,-180.0,1
A,triggered,76.0,-172.0,20
A,triggered,76.0,-164.0,38
A,triggered,76.0,-156.0,23
A,triggered,76.0,-148.0,22
A,triggered,76.0,-140.0,24
A,triggered,76.0,-132.0,35
A,triggered,76.0,-124.0,42
A,triggered,76.0,-116.0,52
A,triggered,76.0,-108.0,61
A,triggered,76.0,-100.0,61
A,triggered,76.0,-92.0,102
A,triggered,76.0,-84.0,177
A,triggered,76.0,-76.0,354
A,triggered,76.0,-68.0,529
A,triggered,76.0,-60.0,760
A,triggered,76.0,-52.0,974
A,triggered,76.0,-44.0,1277
A,triggered,76.0,-36.0,1346
A,triggered,76.0,-28.0,1477
A,triggered,76.0,-20.0,1425
A,triggered,76.0,-12.0,1412
A,triggered,76.0,-4.0,1393
A,triggered,76.0,4.0,1347
A,triggered,76.0,12.0,1266
A,triggered,76.0,20.0,1373
A,triggered,76.0,28.0,1413
A,triggered,76.0,36.0,1363
A,triggered,76.0,44.0,1397
A,triggered,76.0,52.0,1434
A,triggered,76.0,60.0,1280
A,triggered,76.0,68.0,1439
A,triggered,76.0,76.0,1412
A,triggered,76.0,84.0,965
A,triggered,76.0,92.0,754
A,triggered,76.0,100.0,600
A,triggered,76.0,108.0,343
A,triggered,76.0,116.0,155
A,triggered,76.0,124.0,74
A,triggered,76.0,132.0,71
A,triggered,76.0,140.0,68
A,triggered,76.0,148.0,58
A,triggered,76.0,156.0,61
A,triggered,76.0,164.0,49
A,triggered,76.0,172.0,68
A,triggered,76.0,180.0,15
A,triggered,76.0,188.0,14
A,triggered,84.0,-188.0,1
A,triggered,84.0,-180.0,3
A,triggered,84.0,-172.0,31
A,triggered,84.0,-164.0,33
A,triggered,84.0,-156.0,35
A,triggered,84.0,-148.0,13
A,triggered,84.0,-140.0,49
A,triggered,84.0,-132.0,31
A,triggered,84.0,-124.0,32
A,triggered,84.0,-116.0,49
A,triggered,84.0,-108.0,56
A,triggered,84.0,-100.0,63
A,triggered,84.0,-92.0,115
A,triggered,84.0,-84.0,205
A,triggered,84.0,-76.0,377
A,triggered,84.0,-68.0,655
A,triggered,84.0,-60.0,926
A,triggered,84.0,-52.0,1109
A,triggered,84.0,-44.0,1506
A,triggered,84.0,-36.0,1502
A,triggered,84.0,-28.0,1642
A,triggered,84.0,-20.0,1735
A,triggered,84.0,-12.0,1714
A,triggered,84.0,-4.0,1582
A,triggered,84.0,4.0,1505
A,triggered,84.0,12.0,1599
A,triggered,84.0,20.0,1649
A,triggered,84.0,28.0,1546
A,triggered,84.0,36.0,1423
A,triggered,84.0,44.0,1483
A,triggered,84.0,52.0,1593
A,triggered,84.0,60.0,1461
A,triggered,84.0,68.0,1610
A,triggered,84.0,76.0,1489
A,triggered,84.0,84.0,1032
A,triggered,84.0,92.0,856
A,triggered,84.0,100.0,648
A,triggered,84.0,108.0,400
A,triggered,84.0,116.0,173
A,triggered,84.0,124.0,96
A,triggered,84.0,132.0,66
A,triggered,84.0,140.0,59
A,triggered,84.0,148.0,61
A,triggered,84.0,156.0,52
A,triggered,84.0,164.0,53
A,triggered,84.0,172.0,60
A,triggered,84.0,180.0,11
A,triggered,84.0,188.0,17
A,triggered,92.0,-196.0,3
A,triggered,92.0,-188.0,1
A,triggered,92.0,-180.0,1
A,triggered,92.0,-172.0,33
A,triggered,92.0,-164.0,46
A,triggered,92.0,-156.0,31
A,triggered,92.0,-148.0,24
A,triggered,92.0,-140.0,47
A,triggered,92.0,-132.0,33
A,triggered,92.0,-124.0,38
A,triggered,92.0,-116.0,50
A,triggered,92.0,-108.0,58
A,triggered,92.0,-100.0,84
A,triggered,92.0,-92.0,106
A,triggered,92.0,-84.0,210
A,triggered,92.0,-76.0,382
A,triggered,92.0,-68.0,646
A,triggered,92.0,-60.0,794
A,triggered,92.0,-52.0,1070
A,triggered,92.0,-44.0,1436
A,triggered,92.0,-36.0,1407
A,triggered,92.0,-28.0,1485
A,triggered,92.0,-20.0,1498
A,triggered,92.0,-12.0,1456
A,triggered,92.0,-4.0,1471
A,triggered,92.0,4.0,1414
A,triggered,92.0,12.0,1502
A,triggered,92.0,20.0,1523
A,triggered,92.0,28.0,1519
A,triggered,92.0,36.0,1347
A,triggered,92.0,44.0,1381
A,triggered,92.0,52.0,1398
A,triggered,92.0,60.0,1390
A,triggered,92.0,68.0,1475
A,triggered,92.0,76.0,1421
A,triggered,92.0,84.0,1079
A,triggered,92.0,92.0,791
A,triggered,92.0,100.0,610
A,triggered,92.0,108.0,342
A,triggered,92.0,116.0,166
A,triggered,92.0,124.0,91
A,triggered,92.0,132.0,67
A,triggered,92.0,140.0,68
A,triggered,92.0,148.0,51
A,triggered,92.0,156.0,52
A,triggered,92.0,164.0,64
A,triggered,92.0,172.0,57
A,triggered,92.0,180.0,12
A,triggered,92.0,188.0,11
A,triggered,100.0,-172.0,34
A,triggered,100.0,-164.0,33
A,triggered,100.0,-156.0,30
A,triggered,100.0,-148.0,16
A,triggered,100.0,-140.0,33
A,triggered,100.0,-132.0,41
A,triggered,100.0,-124.0,31
A,triggered,100.0,-116.0,38
A,triggered,100.0,-108.0,38
A,triggered,100.0,-100.0,66
A,triggered,100.0,-92.0,105
A,triggered,100.0,-84.0,181
A,triggered,100.0,-76.0,284
A,triggered,100.0,-68.0,490
A,triggered,100.0,-60.0,681
A,triggered,100.0,-52.0,913
A,triggered,100.0,-44.0,1179
A,triggered,100.0,-36.0,1200
A,triggered,100.0,-28.0,1247
A,triggered,100.0,-20.0,1271
A,triggered,100.0,-12.0,1315
A,triggered,100.0,-4.0,1284
A,triggered,100.0,4.0,1174
A,triggered,100.0,12.0,1209
A,triggered,100.0,20.0,1306
A,triggered,100.0,28.0,1322
A,triggered,100.0,36.0,1182
A,triggered,100.0,44.0,1119
A,triggered,100.0,52.0,1174
A,triggered,100.0,60.0,1046
A,triggered,100.0,68.0,1144
A,triggered,100.0,76.0,1085
A,triggered,100.0,84.0,768
A,triggered,100.0,92.0,661
A,triggered,100.0,100.0,478
A,triggered,100.0,108.0,281
A,triggered,100.0,116.0,121
A,triggered,100.0,124.0,74
A,triggered,100.0,132.0,67
A,triggered,100.0,140.0,62
A,triggered,100.0,148.0,52
A,triggered,100.0,156.0,53
A,triggered,100.0,164.0,46
A,triggered,100.0,172.0,55
A,triggered,100.0,180.0,9
A,triggered,100.0,188.0,3
A,triggered,108.0,-188.0,2
A,triggered,108.0,-172.0,24
A,triggered,108.0,-164.0,27
A,triggered,108.0,-156.0,28
A,triggered,108.0,-148.0,20
A,triggered,108.0,-140.0,26
A,triggered,108.0,-132.0,26
A,triggered,108.0,-124.0,33
A,triggered,108.0,-116.0,35
A,triggered,108.0,-108.0,44
A,triggered,108.0,-100.0,53
A,triggered,108.0,-92.0,82
A,triggered,108.0,-84.0,127
A,triggered,108.0,-76.0,228
A,triggered,108.0,-68.0,355
A,triggered,108.0,-60.0,477
A,triggered,108.0,-52.0,621
A,triggered,108.0,-44.0,802
A,triggered,108.0,-36.0,801
A,triggered,108.0,-28.0,892
A,triggered,108.0,-20.0,840
A,triggered,108.0,-12.0,917
A,triggered,108.0,-4.0,796
A,triggered,108.0,4.0,781
A,triggered,108.0,12.0,889
A,triggered,108.0,20.0,952
A,triggered,108.0,28.0,911
A,triggered,108.0,36.0,762
A,triggered,108.0,44.0,708
A,triggered,108.0,52.0,784
A,triggered,108.0,60.0,722
A,triggered,108.0,68.0,771
A,triggered,108.0,76.0,786
A,triggered,108.0,84.0,547
A,triggered,108.0,92.0,477
A,triggered,108.0,100.0,344
A,triggered,108.0,108.0,169
A,triggered,108.0,116.0,96
A,triggered,108.0,124.0,73
A,triggered,108.0,132.0,68
A,triggered,108.0,140.0,60
A,triggered,108.0,148.0,48
A,triggered,108.0,156.0,39
A,triggered,108.0,164.0,43
A,triggered,108.0,172.0,46
A,triggered,108.0,180.0,15
A,triggered,108.0,188.0,5
A,triggered,116.0,-196.0,1
A,triggered,116.0,-188.0,1
A,triggered,116.0,-180.0,1
A,triggered,116.0,-172.0,16
A,triggered,116.0,-164.0,26
A,triggered,116.0,-156.0,11
A,triggered,116.0,-148.0,16
A,triggered,116.0,-140.0,26
A,triggered,116.0,-132.0,30
A,triggered,116.0,-124.0,25
A,triggered,116.0,-116.0,38
A,triggered,116.0,-108.0,37
A,triggered,116.0,-100.0,39
A,triggered,116.0,-92.0,59
A,triggered,116.0,-84.0,93
A,triggered,116.0,-76.0,140
A,triggered,116.0,-68.0,201
A,triggered,116.0,-60.0,232
A,triggered,116.0,-52.0,307
A,triggered,116.0,-44.0,389
A,triggered,116.0,-36.0,374
A,triggered,116.0,-28.0,428
A,triggered,116.0,-20.0,465
A,triggered,116.0,-12.0,453
A,triggered,116.0,-4.0,427
A,triggered,116.0,4.0,370
A,triggered,116.0,12.0,387
A,triggered,116.0,20.0,470
A,triggered,116.0,28.0,493
A,triggered,116.0,36.0,466
A,triggered,116.0,44.0,362
A,triggered,116.0,52.0,401
A,triggered,116.0,60.0,418
A,triggered,116.0,68.0,470
A,triggered,116.0,76.0,470
A,triggered,116.0,84.0,372
A,triggered,116.0,92.0,283
A,triggered,116.0,100.0,175
A,triggered,116.0,108.0,110
A,triggered,116.0,116.0,72
A,triggered,116.0,124.0,40
A,triggered,116.0,132.0,53
A,triggered,116.0,140.0,36
A,triggered,116.0,148.0,35
A,triggered,116.0,156.0,42
A,triggered,116.0,164.0,44
A,triggered,116.0,172.0,46
A,triggered,116.0,180.0,8
A,triggered,116.0,188.0,10
A,triggered,124.0,-196.0,2
A,triggered,124.0,-188.0,2
A,triggered,124.0,-172.0,15
A,triggered,124.0,-164.0,22
A,triggered,124.0,-156.0,12
A,triggered,124.0,-148.0,16
A,triggered,124.0,-140.0,30
A,triggered,124.0,-132.0,17
A,triggered,124.0,-124.0,15
A,triggered,124.0,-116.0,29
A,triggered,124.0,-108.0,34
A,triggered,124.0,-100.0,41
A,triggered,124.0,-92.0,44
A,triggered,124.0,-84.0,50
A,triggered,124.0,-76.0,80
A,triggered,124.0,-68.0,102
A,triggered,124.0,-60.0,111
A,triggered,124.0,-52.0,141
A,triggered,124.0,-44.0,173
A,triggered,124.0,-36.0,177
A,triggered,124.0,-28.0,169
A,triggered,124.0,-20.0,147
A,triggered,124.0,-12.0,184
A,triggered,124.0,-4.0,189
A,triggered,124.0,4.0,148
A,triggered,124.0,12.0,158
A,triggered,124.0,20.0,161
A,triggered,124.0,28.0,180
A,triggered,124.0,36.0,171
A,triggered,124.0,44.0,180
A,triggered,124.0,52.0,220
A,triggered,124.0,60.0,159
A,triggered,124.0,68.0,201
A,triggered,124.0,76.0,174
A,triggered,124.0,84.0,162
A,triggered,124.0,92.0,120
A,triggered,124.0,100.0,97
A,triggered,124.0,108.0,84
A,triggered,124.0,116.0,51
A,triggered,124.0,124.0,31
A,triggered,124.0,132.0,30
A,triggered,124.0,140.0,38
A,triggered,124.0,148.0,41
A,triggered,124.0,156.0,39
A,triggered,124.0,164.0,34
A,triggered,124.0,172.0,39
A,triggered,124.0,180.0,7
A,triggered,124.0,188.0,11
A,triggered,132.0,-188.0,1
A,triggered,132.0,-172.0,14
A,triggered,132.0,-164.0,14
A,triggered,132.0,-156.0,13
A,triggered,132.0,-148.0,14
A,triggered,132.0,-140.0,22
A,triggered,132.0,-132.0,16
A,triggered,132.0,-124.0,29
A,triggered,132.0,-116.0,15
A,triggered,132.0,-108.0,35
A,triggered,132.0,-100.0,35
A,triggered,132.0,-92.0,46
A,triggered,132.0,-84.0,48
A,triggered,132.0,-76.0,57
A,triggered,132.0,-68.0,57
A,triggered,132.0,-60.0,73
A,triggered,132.0,-52.0,77
A,triggered,132.0,-44.0,83
A,triggered,132.0,-36.0,84
A,triggered,132.0,-28.0,87
A,triggered,132.0,-20.0,90
A,triggered,132.0,-12.0,108
A,triggered,132.0,-4.0,103
A,triggered,132.0,4.0,110
A,triggered,132.0,12.0,91
A,triggered,132.0,20.0,81
A,triggered,132.0,28.0,85
A,triggered,132.0,36.0,92
A,triggered,132.0,44.0,90
A,triggered,132.0,52.0,79
A,triggered,132.0,60.0,79
A,triggered,132.0,68.0,97
A,triggered,132.0,76.0,89
A,triggered,132.0,84.0,74
A,triggered,132.0,92.0,74
A,triggered,132.0,100.0,74
A,triggered,132.0,108.0,58
A,triggered,132.0,116.0,48
A,triggered,132.0,124.0,32
A,triggered,132.0,132.0,27
A,triggered,132.0,140.0,33
A,triggered,132.0,148.0,36
A,triggered,132.0,156.0,42
A,triggered,132.0,164.0,37
A,triggered,132.0,172.0,33
A,triggered,132.0,180.0,7
A,triggered,132.0,188.0,10
A,triggered,140.0,-180.0,1
A,triggered,140.0,-172.0,13
A,triggered,140.0,-164.0,17
A,triggered,140.0,-156.0,9
A,triggered,140.0,-148.0,7
A,triggered,140.0,-140.0,19
A,triggered,140.0,-132.0,21
A,triggered,140.0,-124.0,25
A,triggered,140.0,-116.0,24
A,triggered,140.0,-108.0,35
A,triggered,140.0,-100.0,33
A,triggered,140.0,-92.0,38
A,triggered,140.0,-84.0,26
A,triggered,140.0,-76.0,46
A,triggered,140.0,-68.0,63
A,triggered,140.0,-60.0,58
A,triggered,140.0,-52.0,60
A,triggered,140.0,-44.0,77
A,triggered,140.0,-36.0,70
A,triggered,140.0,-28.0,87
A,triggered,140.0,-20.0,84
A,triggered,140.0,-12.0,95
A,triggered,140.0,-4.0,75
A,triggered,140.0,4.0,73
A,triggered,140.0,12.0,72
A,triggered,140.0,20.0,84
A,triggered,140.0,28.0,75
A,triggered,140.0,36.0,75
A,triggered,140.0,44.0,83
A,triggered,140.0,52.0,78
A,triggered,140.0,60.0,72
A,triggered,140.0,68.0,71
A,triggered,140.0,76.0,73
A,triggered,140.0,84.0,66
A,triggered,140.0,92.0,60
A,triggered,140.0,100.0,67
A,triggered,140.0,108.0,56
A,triggered,140.0,116.0,60
A,triggered,140.0,124.0,43
A,triggered,140.0,132.0,36
A,triggered,140.0,140.0,41
A,triggered,140.0,148.0,32
A,triggered,140.0,156.0,36
A,triggered,140.0,164.0,27
A,triggered,140.0,172.0,30
A,triggered,140.0,180.0,5
A,triggered,140.0,188.0,6
A,triggered,148.0,-196.0,1
A,triggered,148.0,-188.0,4
A,triggered,148.0,-172.0,9
A,triggered,148.0,-164.0,21
A,triggered,148.0,-156.0,9
A,triggered,148.0,-148.0,15
A,triggered,148.0,-140.0,8
A,triggered,148.0,-132.0,19
A,triggered,148.0,-124.0,27
A,triggered,148.0,-116.0,28
A,triggered,148.0,-108.0,30
A,triggered,148.0,-100.0,30
A,triggered,148.0,-92.0,33
A,triggered,148.0,-84.0,37
A,triggered,148.0,-76.0,34
A,triggered,148.0,-68.0,42
A,triggered,148.0,-60.0,58
A,triggered,148.0,-52.0,74
A,triggered,148.0,-44.0,61
A,triggered,148.0,-36.0,72
A,triggered,148.0,-28.0,77
A,triggered,148.0,-20.0,72
A,triggered,148.0,-12.0,100
A,triggered,148.0,-4.0,66
A,triggered,148.0,4.0,72
A,triggered,148.0,12.0,71
A,triggered,148.0,20.0,59
A,triggered,148.0,28.0,59
A,triggered,148.0,36.0,44
A,triggered,148.0,44.0,74
A,triggered,148.0,52.0,65
A,triggered,148.0,60.0,56
A,triggered,148.0,68.0,54
A,triggered,148.0,76.0,55
A,triggered,148.0,84.0,81
A,triggered,148.0,92.0,60
A,triggered,148.0,100.0,83
A,triggered,148.0,108.0,65
A,triggered,148.0,116.0,63
A,triggered,148.0,124.0,36
A,triggered,148.0,132.0,42
A,triggered,148.0,140.0,38
A,triggered,148.0,148.0,37
A,triggered,148.0,156.0,18
A,triggered,148.0,164.0,35
A,triggered,148.0,172.0,30
A,triggered,148.0,180.0,12
A,triggered,148.0,188.0,4
A,triggered,156.0,-196.0,1
A,triggered,156.0,-188.0,6
A,triggered,156.0,-172.0,4
A,triggered,156.0,-164.0,16
A,triggered,156.0,-156.0,13
A,triggered,156.0,-148.0,14
A,triggered,156.0,-140.0,19
A,triggered,156.0,-132.0,19
A,triggered,156.0,-124.0,27
A,triggered,156.0,-116.0,28
A,triggered,156.0,-108.0,50
A,triggered,156.0,-100.0,25
A,triggered,156.0,-92.0,43
A,triggered,156.0,-84.0,44
A,triggered,156.0,-76.0,53
A,triggered,156.0,-68.0,67
A,triggered,156.0,-60.0,88
A,triggered,156.0,-52.0,165
A,triggered,156.0,-44.0,92
A,triggered,156.0,-36.0,81
A,triggered,156.0,-28.0,65
A,triggered,156.0,-20.0,86
A,triggered,156.0,-12.0,154
A,triggered,156.0,-4.0,96
A,triggered,156.0,4.0,99
A,triggered,156.0,12.0,91
A,triggered,156.0,20.0,77
A,triggered,156.0,28.0,55
A,triggered,156.0,36.0,87
A,triggered,156.0,44.0,87
A,triggered,156.0,52.0,73
A,triggered,156.0,60.0,57
A,triggered,156.0,68.0,76
A,triggered,156.0,76.0,58
A,triggered,156.0,84.0,102
A,triggered,156.0,92.0,69
A,triggered,156.0,100.0,96
A,triggered,156.0,108.0,103
A,triggered,156.0,116.0,85
A,triggered,156.0,124.0,52
A,triggered,156.0,132.0,51
A,triggered,156.0,140.0,64
A,triggered,156.0,148.0,46
A,triggered,156.0,156.0,36
A,triggered,156.0,164.0,28
A,triggered,156.0,172.0,44
A,triggered,156.0,180.0,15
A,triggered,156.0,188.0,10
A,triggered,164.0,-196.0,1
A,triggered,164.0,-188.0,9
A,triggered,164.0,-172.0,10
A,triggered,164.0,-164.0,11
A,triggered,164.0,-156.0,15
A,triggered,164.0,-148.0,13
A,triggered,164.0,-140.0,24
A,triggered,164.0,-132.0,26
A,triggered,164.0,-124.0,31
A,triggered,164.0,-116.0,54
A,triggered,164.0,-108.0,57
A,triggered,164.0,-100.0,56
A,triggered,164.0,-92.0,53
A,triggered,164.0,-84.0,38
A,triggered,164.0,-76.0,57
A,triggered,164.0,-68.0,97
A,triggered,164.0,-60.0,143
A,triggered,164.0,-52.0,208
A,triggered,164.0,-44.0,97
A,triggered,164.0,-36.0,84
A,triggered,164.0,-28.0,76
A,triggered,164.0,-20.0,89
A,triggered,164.0,-12.0,182
A,triggered,164.0,-4.0,87
A,triggered,164.0,4.0,101
A,triggered,164.0,12.0,95
A,triggered,164.0,20.0,77
A,triggered,164.0,28.0,69
A,triggered,164.0,36.0,74
A,triggered,164.0,44.0,90
A,triggered,164.0,52.0,87
A,triggered,164.0,60.0,82
A,triggered,164.0,68.0,78
A,triggered,164.0,76.0,61
A,triggered,164.0,84.0,68
A,triggered,164.0,92.0,69
A,triggered,164.0,100.0,97
A,triggered,164.0,108.0,133
A,triggered,164.0,116.0,97
A,triggered,164.0,124.0,62
A,triggered,164.0,132.0,69
A,triggered,164.0,140.0,72
A,triggered,164.0,148.0,47
A,triggered,164.0,156.0,53
A,triggered,164.0,164.0,30
A,triggered,164.0,172.0,46
A,triggered,164.0,180.0,6
A,triggered,164.0,188.0,7
A,triggered,172.0,-172.0,8
A,triggered,172.0,-164.0,17
A,triggered,172.0,-156.0,20
A,triggered,172.0,-148.0,19
A,triggered,172.0,-140.0,23
A,triggered,172.0,-132.0,22
A,triggered,172.0,-124.0,14
A,triggered,172.0,-116.0,28
A,triggered,172.0,-108.0,48
A,triggered,172.0,-100.0,38
A,triggered,172.0,-92.0,34
A,triggered,172.0,-84.0,42
A,triggered,172.0,-76.0,34
A,triggered,172.0,-68.0,47
A,triggered,172.0,-60.0,53
A,triggered,172.0,-52.0,61
A,triggered,172.0,-44.0,59
A,triggered,172.0,-36.0,54
A,triggered,172.0,-28.0,48
A,triggered,172.0,-20.0,47
A,triggered,172.0,-12.0,66
A,triggered,172.0,-4.0,63
A,triggered,172.0,4.0,69
A,triggered,172.0,12.0,59
A,triggered,172.0,20.0,63
A,triggered,172.0,28.0,69
A,triggered,172.0,36.0,50
A,triggered,172.0,44.0,60
A,triggered,172.0,52.0,44
A,triggered,172.0,60.0,41
A,triggered,172.0,68.0,39
A,triggered,172.0,76.0,33
A,triggered,172.0,84.0,39
A,triggered,172.0,92.0,32
A,triggered,172.0,100.0,48
A,triggered,172.0,108.0,65
A,triggered,172.0,116.0,46
A,triggered,172.0,124.0,33
A,triggered,172.0,132.0,44
A,triggered,172.0,140.0,37
A,triggered,172.0,148.0,31
A,triggered,172.0,156.0,43
A,triggered,172.0,164.0,28
A,triggered,172.0,172.0,40
A,triggered,172.0,180.0,6
A,triggered,172.0,188.0,2
A,triggered,180.0,-172.0,7
A,triggered,180.0,-164.0,13
A,triggered,180.0,-156.0,14
A,triggered,180.0,-148.0,27
A,triggered,180.0,-140.0,20
A,triggered,180.0,-132.0,25
A,triggered,180.0,-124.0,21
A,triggered,180.0,-116.0,47
A,triggered,180.0,-108.0,59
A,triggered,180.0,-100.0,34
A,triggered,180.0,-92.0,35
A,triggered,180.0,-84.0,31
A,triggered,180.0,-76.0,24
A,triggered,180.0,-68.0,25
A,triggered,180.0,-60.0,27
A,triggered,180.0,-52.0,33
A,triggered,180.0,-44.0,41
A,triggered,180.0,-36.0,28
A,triggered,180.0,-28.0,28
A,triggered,180.0,-20.0,38
A,triggered,180.0,-12.0,41
A,triggered,180.0,-4.0,37
A,triggered,180.0,4.0,44
A,triggered,180.0,12.0,35
A,triggered,180.0,20.0,33
A,triggered,180.0,28.0,40
A,triggered,180.0,36.0,44
A,triggered,180.0,44.0,39
A,triggered,180.0,52.0,44
A,triggered,180.0,60.0,35
A,triggered,180.0,68.0,27
A,triggered,180.0,76.0,26
A,triggered,180.0,84.0,23
A,triggered,180.0,92.0,19
A,triggered,180.0,100.0,25
A,triggered,180.0,108.0,37
A,triggered,180.0,116.0,25
A,triggered,180.0,124.0,27
A,triggered,180.0,132.0,22
A,triggered,180.0,140.0,21
A,triggered,180.0,148.0,15
A,triggered,180.0,156.0,22
A,triggered,180.0,164.0,22
A,triggered,180.0,172.0,28
A,triggered,180.0,180.0,3
A,triggered,180.0,188.0,2
A,triggered,188.0,-180.0,1
A,triggered,188.0,-172.0,10
A,triggered,188.0,-164.0,17
A,triggered,188.0,-156.0,12
A,triggered,188.0,-148.0,37
A,triggered,188.0,-140.0,26
A,triggered,188.0,-132.0,17
A,triggered,188.0,-124.0,11
A,triggered,188.0,-116.0,68
A,triggered,188.0,-108.0,56
A,triggered,188.0,-100.0,27
A,triggered,188.0,-92.0,33
A,triggered,188.0,-84.0,10
A,triggered,188.0,-76.0,14
A,triggered,188.0,-68.0,19
A,triggered,188.0,-60.0,17
A,triggered,188.0,-52.0,26
A,triggered,188.0,-44.0,33
A,triggered,188.0,-36.0,28
A,triggered,188.0,-28.0,28
A,triggered,188.0,-20.0,22
A,triggered,188.0,-12.0,18
A,triggered,188.0,-4.0,27
A,triggered,188.0,4.0,32
A,triggered,188.0,12.0,18
A,triggered,188.0,20.0,24
A,triggered,188.0,28.0,28
A,triggered,188.0,36.0,19
A,triggered,188.0,44.0,26
A,triggered,188.0,52.0,28
A,triggered,188.0,60.0,17
A,triggered,188.0,68.0,17
A,triggered,188.0,76.0,14
A,triggered,188.0,84.0,11
A,triggered,188.0,92.0,24
A,triggered,188.0,100.0,21
A,triggered,188.0,108.0,18
A,triggered,188.0,116.0,16
A,triggered,188.0,124.0,11
A,triggered,188.0,132.0,7
A,triggered,188.0,140.0,18
A,triggered,188.0,148.0,7
A,triggered,188.0,156.0,11
A,triggered,188.0,164.0,15
A,triggered,188.0,172.0,10
A,triggered,188.0,180.0,2
A,triggered,188.0,188.0,1
A,triggered,196.0,-172.0,4
A,triggered,196.0,-164.0,3
A,triggered,196.0,-156.0,1
A,triggered,196.0,-148.0,1
A,triggered,196.0,-140.0,2
A,triggered,196.0,-132.0,3
A,triggered,196.0,-124.0,6
A,triggered,196.0,-116.0,2
A,triggered,196.0,-108.0,3
A,triggered,196.0,-100.0,2
A,triggered,196.0,-92.0,1
A,triggered,196.0,-84.0,2
A,triggered,196.0,-76.0,4
A,triggered,196.0,-68.0,11
A,triggered,196.0,-60.0,1
A,triggered,196.0,-52.0,8
A,triggered,196.0,-44.0,4
A,triggered,196.0,-36.0,7
A,triggered,196.0,-28.0,6
A,triggered,196.0,-20.0,2
A,triggered,196.0,-12.0,6
A,triggered,196.0,-4.0,7
A,triggered,196.0,4.0,10
A,triggered,196.0,12.0,8
A,triggered,196.0,20.0,3
A,triggered,196.0,28.0,8
A,triggered,196.0,36.0,6
A,triggered,196.0,44.0,8
A,triggered,196.0,52.0,10
A,triggered,196.0,60.0,5
A,triggered,196.0,68.0,4
A,triggered,196.0,76.0,3
A,triggered,196.0,84.0,6
A,triggered,196.0,92.0,3
A,triggered,196.0,100.0,6
A,triggered,196.0,108.0,7
A,triggered,196.0,116.0,2
A,triggered,196.0,132.0,1
A,triggered,196.0,140.0,2
A,triggered,196.0,148.0,1
A,triggered,196.0,156.0,3
A,triggered,196.0,164.0,4
A,triggered,196.0,172.0,3
C,triggered,-196.0,-188.0,2
C,triggered,-196.0,-180.0,1
C,triggered,-196.0,-172.0,8
C,triggered,-196.0,-164.0,9
C,triggered,-196.0,-156.0,8
C,triggered,-196.0,-148.0,5
C,triggered,-196.0,-140.0,4
C,triggered,-196.0,-132.0,9
C,triggered,-196.0,-124.0,5
C,triggered,-196.0,-116.0,7
C,triggered,-196.0,-108.0,9
C,triggered,-196.0,-100.0,7
C,triggered,-196.0,-92.0,1
C,triggered,-196.0,-84.0,7
C,triggered,-196.0,-76.0,11
C,triggered,-196.0,-68.0,20
C,triggered,-196.0,-60.0,16
C,triggered,-196.0,-52.0,17
C,triggered,-196.0,-44.0,6
C,triggered,-196.0,-36.0,1
C,triggered,-196.0,-28.0,6
C,triggered,-196.0,-20.0,21
C,triggered,-196.0,-12.0,19
C,triggered,-196.0,-4.0,31
C,triggered,-196.0,4.0,34
C,triggered,-196.0,12.0,19
C,triggered,-196.0,20.0,19
C,triggered,-196.0,28.0,16
C,triggered,-196.0,36.0,17
C,triggered,-196.0,44.0,16
C,triggered,-196.0,52.0,17
C,triggered,-196.0,60.0,15
C,triggered,-196.0,68.0,14
C,triggered,-196.0,76.0,18
C,triggered,-196.0,84.0,19
C,triggered,-196.0,92.0,25
C,triggered,-196.0,100.0,19
C,triggered,-196.0,108.0,19
C,triggered,-196.0,116.0,14
C,triggered,-196.0,124.0,9
C,triggered,-196.0,132.0,8
C,triggered,-196.0,140.0,7
C,triggered,-196.0,148.0,4
C,triggered,-196.0,156.0,19
C,triggered,-196.0,164.0,14
C,triggered,-196.0,172.0,12
C,triggered,-196.0,180.0,1
C,triggered,-196.0,188.0,1
C,triggered,-188.0,-196.0,1
C,triggered,-188.0,-188.0,4
C,triggered,-188.0,-180.0,2
C,triggered,-188.0,-172.0,37
C,triggered,-188.0,-164.0,38
C,triggered,-188.0,-156.0,20
C,triggered,-188.0,-148.0,34
C,triggered,-188.0,-140.0,42
C,triggered,-188.0,-132.0,28
C,triggered,-188.0,-124.0,34
C,triggered,-188.0,-116.0,34
C,triggered,-188.0,-108.0,47
C,triggered,-188.0,-100.0,35
C,triggered,-188.0,-92.0,29
C,triggered,-188.0,-84.0,40
C,triggered,-188.0,-76.0,55
C,triggered,-188.0,-68.0,74
C,triggered,-188.0,-60.0,75
C,triggered,-188.0,-52.0,84
C,triggered,-188.0,-44.0,91
C,triggered,-188.0,-36.0,65
C,triggered,-188.0,-28.0,77
C,triggered,-188.0,-20.0,69
C,triggered,-188.0,-12.0,68
C,triggered,-188.0,-4.0,92
C,triggered,-188.0,4.0,82
C,triggered,-188.0,12.0,59
C,triggered,-188.0,20.0,55
C,triggered,-188.0,28.0,51
C,triggered,-188.0,36.0,56
C,triggered,-188.0,44.0,69
C,triggered,-188.0,52.0,48
C,triggered,-188.0,60.0,43
C,triggered,-188.0,68.0,57
C,triggered,-188.0,76.0,69
C,triggered,-188.0,84.0,76
C,triggered,-188.0,92.0,78
C,triggered,-188.0,100.0,56
C,triggered,-188.0,108.0,63
C,triggered,-188.0,116.0,81
C,triggered,-188.0,124.0,49
C,triggered,-188.0,132.0,36
C,triggered,-188.0,140.0,42
C,triggered,-188.0,148.0,41
C,triggered,-188.0,156.0,36
C,triggered,-188.0,164.0,66
C,triggered,-188.0,172.0,39
C,triggered,-188.0,180.0,5
C,triggered,-188.0,188.0,2
C,triggered,-180.0,-188.0,3
C,triggered,-180.0,-180.0,2
C,triggered,-180.0,-172.0,39
C,triggered,-180.0,-164.0,39
C,triggered,-180.0,-156.0,36
C,triggered,-180.0,-148.0,39
C,triggered,-180.0,-140.0,57
C,triggered,-180.0,-132.0,41
C,triggered,-180.0,-124.0,40
C,triggered,-180.0,-116.0,50
C,triggered,-180.0,-108.0,50
C,triggered,-180.0,-100.0,72
C,triggered,-180.0,-92.0,54
C,triggered,-180.0,-84.0,73
C,triggered,-180.0,-76.0,60
C,triggered,-180.0,-68.0,87
C,triggered,-180.0,-60.0,115
C,triggered,-180.0,-52.0,127
C,triggered,-180.0,-44.0,103
C,triggered,-180.0,-36.0,85
C,triggered,-180.0,-28.0,107
C,triggered,-180.0,-20.0,100
C,triggered,-180.0,-12.0,89
C,triggered,-180.0,-4.0,96
C,triggered,-180.0,4.0,103
C,triggered,-180.0,12.0,71
C,triggered,-180.0,20.0,70
C,triggered,-180.0,28.0,56
C,triggered,-180.0,36.0,60
C,triggered,-180.0,44.0,70
C,triggered,-180.0,52.0,82
C,triggered,-180.0,60.0,69
C,triggered,-180.0,68.0,68
C,triggered,-180.0,76.0,82
C,triggered,-180.0,84.0,73
C,triggered,-180.0,92.0,71
C,triggered,-180.0,100.0,74
C,triggered,-180.0,108.0,85
C,triggered,-180.0,116.0,94
C,triggered,-180.0,124.0,72
C,triggered,-180.0,132.0,84
C,triggered,-180.0,140.0,56
C,triggered,-180.0,148.0,66
C,triggered,-180.0,156.0,52
C,triggered,-180.0,164.0,55
C,triggered,-180.0,172.0,35
C,triggered,-180.0,180.0,2
C,triggered,-180.0,188.0,2
C,triggered,-172.0,-196.0,1
C,triggered,-172.0,-188.0,3
C,triggered,-172.0,-180.0,1
C,triggered,-172.0,-172.0,29
C,triggered,-172.0,-164.0,32
C,triggered,-172.0,-156.0,25
C,triggered,-172.0,-148.0,21
C,triggered,-172.0,-140.0,35
C,triggered,-172.0,-132.0,40
C,triggered,-172.0,-124.0,29
C,triggered,-172.0,-116.0,23
C,triggered,-172.0,-108.0,45
C,triggered,-172.0,-100.0,44
C,triggered,-172.0,-92.0,38
C,triggered,-172.0,-84.0,44
C,triggered,-172.0,-76.0,55
C,triggered,-172.0,-68.0,79
C,triggered,-172.0,-60.0,86
C,triggered,-172.0,-52.0,70
C,triggered,-172.0,-44.0,77
C,triggered,-172.0,-36.0,66
C,triggered,-172.0,-28.0,73
C,triggered,-172.0,-20.0,69
C,triggered,-172.0,-12.0,73
C,triggered,-172.0,-4.0,88
C,triggered,-172.0,4.0,75
C,triggered,-172.0,12.0,60
C,triggered,-172.0,20.0,57
C,triggered,-172.0,28.0,49
C,triggered,-172.0,36.0,53
C,triggered,-172.0,44.0,61
C,triggered,-172.0,52.0,67
C,triggered,-172.0,60.0,82
C,triggered,-172.0,68.0,77
C,triggered,-172.0,76.0,64
C,triggered,-172.0,84.0,51
C,triggered,-172.0,92.0,45
C,triggered,-172.0,100.0,36
C,triggered,-172.0,108.0,76
C,triggered,-172.0,116.0,84
C,triggered,-172.0,124.0,68
C,triggered,-172.0,132.0,65
C,triggered,-172.0,140.0,68
C,triggered,-172.0,148.0,73
C,triggered,-172.0,156.0,48
C,triggered,-172.0,164.0,62
C,triggered,-172.0,172.0,43
C,triggered,-172.0,188.0,1
C,triggered,-164.0,-180.0,1
C,triggered,-164.0,-172.0,30
C,triggered,-164.0,-164.0,46
C,triggered,-164.0,-156.0,32
C,triggered,-164.0,-148.0,28
C,triggered,-164.0,-140.0,40
C,triggered,-164.0,-132.0,46
C,triggered,-164.0,-124.0,28
C,triggered,-164.0,-116.0,25
C,triggered,-164.0,-108.0,52
C,triggered,-164.0,-100.0,42
C,triggered,-164.0,-92.0,42
C,triggered,-164.0,-84.0,30
C,triggered,-164.0,-76.0,48
C,triggered,-164.0,-68.0,67
C,triggered,-164.0,-60.0,94
C,triggered,-164.0,-52.0,90
C,triggered,-164.0,-44.0,65
C,triggered,-164.0,-36.0,78
C,triggered,-164.0,-28.0,92
C,triggered,-164.0,-20.0,75
C,triggered,-164.0,-12.0,84
C,triggered,-164.0,-4.0,87
C,triggered,-164.0,4.0,103
C,triggered,-164.0,12.0,77
C,triggered,-164.0,20.0,60
C,triggered,-164.0,28.0,51
C,triggered,-164.0,36.0,51
C,triggered,-164.0,44.0,57
C,triggered,-164.0,52.0,64
C,triggered,-164.0,60.0,72
C,triggered,-164.0,68.0,84
C,triggered,-164.0,76.0,79
C,triggered,-164.0,84.0,79
C,triggered,-164.0,92.0,43
C,triggered,-164.0,100.0,35
C,triggered,-164.0,108.0,55
C,triggered,-164.0,116.0,51
C,triggered,-164.0,124.0,62
C,triggered,-164.0,132.0,58
C,triggered,-164.0,140.0,62
C,triggered,-164.0,148.0,61
C,triggered,-164.0,156.0,51
C,triggered,-164.0,164.0,78
C,triggered,-164.0,172.0,42
C,triggered,-164.0,188.0,1
C,triggered,-156.0,-188.0,1
C,triggered,-156.0,-172.0,26
C,triggered,-156.0,-164.0,18
C,triggered,-156.0,-156.0,20
C,triggered,-156.0,-148.0,25
C,triggered,-156.0,-140.0,32
C,triggered,-156.0,-132.0,28
C,triggered,-156.0,-124.0,26
C,triggered,-156.0,-116.0,31
C,triggered,-156.0,-108.0,37
C,triggered,-156.0,-100.0,35
C,triggered,-156.0,-92.0,35
C,triggered,-156.0,-84.0,57
C,triggered,-156.0,-76.0,41
C,triggered,-156.0,-68.0,56
C,triggered,-156.0,-60.0,63
C,triggered,-156.0,-52.0,74
C,triggered,-156.0,-44.0,61
C,triggered,-156.0,-36.0,74
C,triggered,-156.0,-28.0,81
C,triggered,-156.0,-20.0,67
C,triggered,-156.0,-12.0,67
C,triggered,-156.0,-4.0,85
C,triggered,-156.0,4.0,61
C,triggered,-156.0,12.0,45
C,triggered,-156.0,20.0,41
C,triggered,-156.0,28.0,39
C,triggered,-156.0,36.0,42
C,triggered,-156.0,44.0,39
C,triggered,-156.0,52.0,48
C,triggered,-156.0,60.0,66
C,triggered,-156.0,68.0,70
C,triggered,-156.0,76.0,55
C,triggered,-156.0,84.0,41
C,triggered,-156.0,92.0,30
C,triggered,-156.0,100.0,17
C,triggered,-156.0,108.0,42
C,triggered,-156.0,116.0,58
C,triggered,-156.0,124.0,47
C,triggered,-156.0,132.0,47
C,triggered,-156.0,140.0,37
C,triggered,-156.0,148.0,32
C,triggered,-156.0,156.0,50
C,triggered,-156.0,164.0,42
C,triggered,-156.0,172.0,37
C,triggered,-156.0,180.0,3
C,triggered,-148.0,-180.0,1
C,triggered,-148.0,-172.0,13
C,triggered,-148.0,-164.0,22
C,triggered,-148.0,-156.0,21
C,triggered,-148.0,-148.0,18
C,triggered,-148.0,-140.0,29
C,triggered,-148.0,-132.0,16
C,triggered,-148.0,-124.0,21
C,triggered,-148.0,-116.0,18
C,triggered,-148.0,-108.0,26
C,triggered,-148.0,-100.0,28
C,triggered,-148.0,-92.0,20
C,triggered,-148.0,-84.0,27
C,triggered,-148.0,-76.0,37
C,triggered,-148.0,-68.0,39
C,triggered,-148.0,-60.0,38
C,triggered,-148.0,-52.0,45
C,triggered,-148.0,-44.0,33
C,triggered,-148.0,-36.0,40
C,triggered,-148.0,-28.0,41
C,triggered,-148.0,-20.0,48
C,triggered,-148.0,-12.0,45
C,triggered,-148.0,-4.0,60
C,triggered,-148.0,4.0,42
C,triggered,-148.0,12.0,33
C,triggered,-148.0,20.0,24
C,triggered,-148.0,28.0,42
C,triggered,-148.0,36.0,41
C,triggered,-148.0,44.0,33
C,triggered,-148.0,52.0,26
C,triggered,-148.0,60.0,28
C,triggered,-148.0,68.0,30
C,triggered,-148.0,76.0,40
C,triggered,-148.0,84.0,31
C,triggered,-148.0,92.0,31
C,triggered,-148.0,100.0,44
C,triggered,-148.0,108.0,31
C,triggered,-148.0,116.0,42
C,triggered,-148.0,124.0,36
C,triggered,-148.0,132.0,21
C,triggered,-148.0,140.0,30
C,triggered,-148.0,148.0,18
C,triggered,-148.0,156.0,23
C,triggered,-148.0,164.0,34
C,triggered,-148.0,172.0,23
C,triggered,-140.0,-188.0,2
C,triggered,-140.0,-180.0,2
C,triggered,-140.0,-172.0,18
C,triggered,-140.0,-164.0,18
C,triggered,-140.0,-156.0,16
C,triggered,-140.0,-148.0,11
C,triggered,-140.0,-140.0,27
C,triggered,-140.0,-132.0,21
C,triggered,-140.0,-124.0,30
C,triggered,-140.0,-116.0,27
C,triggered,-140.0,-108.0,25
C,triggered,-140.0,-100.0,20
C,triggered,-140.0,-92.0,28
C,triggered,-140.0,-84.0,36
C,triggered,-140.0,-76.0,41
C,triggered,-140.0,-68.0,46
C,triggered,-140.0,-60.0,42
C,triggered,-140.0,-52.0,44
C,triggered,-140.0,-44.0,57
C,triggered,-140.0,-36.0,47
C,triggered,-140.0,-28.0,52
C,triggered,-140.0,-20.0,58
C,triggered,-140.0,-12.0,72
C,triggered,-140.0,-4.0,55
C,triggered,-140.0,4.0,58
C,triggered,-140.0,12.0,58
C,triggered,-140.0,20.0,28
C,triggered,-140.0,28.0,50
C,triggered,-140.0,36.0,41
C,triggered,-140.0,44.0,48
C,triggered,-140.0,52.0,42
C,triggered,-140.0,60.0,33
C,triggered,-140.0,68.0,50
C,triggered,-140.0,76.0,47
C,triggered,-140.0,84.0,44
C,triggered,-140.0,92.0,50
C,triggered,-140.0,100.0,32
C,triggered,-140.0,108.0,35
C,triggered,-140.0,116.0,36
C,triggered,-140.0,124.0,37
C,triggered,-140.0,132.0,38
C,triggered,-140.0,140.0,46
C,triggered,-140.0,148.0,26
C,triggered,-140.0,156.0,35
C,triggered,-140.0,164.0,35
C,triggered,-140.0,172.0,21
C,triggered,-140.0,180.0,2
C,triggered,-140.0,188.0,3
C,triggered,-132.0,-188.0,5
C,triggered,-132.0,-180.0,2
C,triggered,-132.0,-172.0,13
C,triggered,-132.0,-164.0,17
C,triggered,-132.0,-156.0,17
C,triggered,-132.0,-148.0,20
C,triggered,-132.0,-140.0,29
C,triggered,-132.0,-132.0,24
C,triggered,-132.0,-124.0,24
C,triggered,-132.0,-116.0,31
C,triggered,-132.0,-108.0,34
C,triggered,-132.0,-100.0,32
C,triggered,-132.0,-92.0,28
C,triggered,-132.0,-84.0,30
C,triggered,-132.0,-76.0,43
C,triggered,-132.0,-68.0,56
C,triggered,-132.0,-60.0,67
C,triggered,-132.0,-52.0,62
C,triggered,-132.0,-44.0,59
C,triggered,-132.0,-36.0,78
C,triggered,-132.0,-28.0,63
C,triggered,-132.0,-20.0,66
C,triggered,-132.0,-12.0,68
C,triggered,-132.0,-4.0,105
C,triggered,-132.0,4.0,64
C,triggered,-132.0,12.0,43
C,triggered,-132.0,20.0,48
C,triggered,-132.0,28.0,35
C,triggered,-132.0,36.0,43
C,triggered,-132.0,44.0,50
C,triggered,-132.0,52.0,50
C,triggered,-132.0,60.0,54
C,triggered,-132.0,68.0,52
C,triggered,-132.0,76.0,50
C,triggered,-132.0,84.0,59
C,triggered,-132.0,92.0,60
C,triggered,-132.0,100.0,66
C,triggered,-132.0,108.0,55
C,triggered,-132.0,116.0,50
C,triggered,-132.0,124.0,42
C,triggered,-132.0,132.0,46
C,triggered,-132.0,140.0,44
C,triggered,-132.0,148.0,32
C,triggered,-132.0,156.0,29
C,triggered,-132.0,164.0,49
C,triggered,-132.0,172.0,20
C,triggered,-132.0,180.0,1
C,triggered,-124.0,-188.0,2
C,triggered,-124.0,-180.0,2
C,triggered,-124.0,-172.0,12
C,triggered,-124.0,-164.0,25
C,triggered,-124.0,-156.0,13
C,triggered,-124.0,-148.0,30
C,triggered,-124.0,-140.0,35
C,triggered,-124.0,-132.0,25
C,triggered,-124.0,-124.0,28
C,triggered,-124.0,-116.0,35
C,triggered,-124.0,-108.0,42
C,triggered,-124.0,-100.0,39
C,triggered,-124.0,-92.0,31
C,triggered,-124.0,-84.0,43
C,triggered,-124.0,-76.0,55
C,triggered,-124.0,-68.0,65
C,triggered,-124.0,-60.0,75
C,triggered,-124.0,-52.0,78
C,triggered,-124.0,-44.0,75
C,triggered,-124.0,-36.0,92
C,triggered,-124.0,-28.0,113
C,triggered,-124.0,-20.0,81
C,triggered,-124.0,-12.0,70
C,triggered,-124.0,-4.0,103
C,triggered,-124.0,4.0,84
C,triggered,-124.0,12.0,62
C,triggered,-124.0,20.0,52
C,triggered,-124.0,28.0,72
C,triggered,-124.0,36.0,62
C,triggered,-124.0,44.0,58
C,triggered,-124.0,52.0,70
C,triggered,-124.0,60.0,86
C,triggered,-124.0,68.0,84
C,triggered,-124.0,76.0,67
C,triggered,-124.0,84.0,80
C,triggered,-124.0,92.0,63
C,triggered,-124.0,100.0,68
C,triggered,-124.0,108.0,69
C,triggered,-124.0,116.0,71
C,triggered,-124.0,124.0,45
C,triggered,-124.0,132.0,39
C,triggered,-124.0,140.0,43
C,triggered,-124.0,148.0,38
C,triggered,-124.0,156.0,36
C,triggered,-124.0,164.0,35
C,triggered,-124.0,172.0,28
C,triggered,-124.0,180.0,2
C,triggered,-124.0,188.0,1
C,triggered,-116.0,-188.0,5
C,triggered,-116.0,-180.0,1
C,triggered,-116.0,-172.0,20
C,triggered,-116.0,-164.0,18
C,triggered,-116.0,-156.0,21
C,triggered,-116.0,-148.0,21
C,triggered,-116.0,-140.0,20
C,triggered,-116.0,-132.0,35
C,triggered,-116.0,-124.0,42
C,triggered,-116.0,-116.0,38
C,triggered,-116.0,-108.0,33
C,triggered,-116.0,-100.0,39
C,triggered,-116.0,-92.0,43
C,triggered,-116.0,-84.0,39
C,triggered,-116.0,-76.0,61
C,triggered,-116.0,-68.0,77
C,triggered,-116.0,-60.0,92
C,triggered,-116.0,-52.0,91
C,triggered,-116.0,-44.0,109
C,triggered,-116.0,-36.0,127
C,triggered,-116.0,-28.0,120
C,triggered,-116.0,-20.0,111
C,triggered,-116.0,-12.0,128
C,triggered,-116.0,-4.0,131
C,triggered,-116.0,4.0,112
C,triggered,-116.0,12.0,86
C,triggered,-116.0,20.0,73
C,triggered,-116.0,28.0,78
C,triggered,-116.0,36.0,97
C,triggered,-116.0,44.0,99
C,triggered,-116.0,52.0,82
C,triggered,-116.0,60.0,75
C,triggered,-116.0,68.0,83
C,triggered,-116.0,76.0,93
C,triggered,-116.0,84.0,102
C,triggered,-116.0,92.0,104
C,triggered,-116.0,100.0,80
C,triggered,-116.0,108.0,64
C,triggered,-116.0,116.0,62
C,triggered,-116.0,124.0,37
C,triggered,-116.0,132.0,40
C,triggered,-116.0,140.0,40
C,triggered,-116.0,148.0,37
C,triggered,-116.0,156.0,22
C,triggered,-116.0,164.0,48
C,triggered,-116.0,172.0,25
C,triggered,-116.0,180.0,1
C,triggered,-116.0,188.0,2
C,triggered,-108.0,-188.0,10
C,triggered,-108.0,-180.0,1
C,triggered,-108.0,-172.0,16
C,triggered,-108.0,-164.0,25
C,triggered,-108.0,-156.0,16
C,triggered,-108.0,-148.0,18
C,triggered,-108.0,-140.0,44
C,triggered,-108.0,-132.0,44
C,triggered,-108.0,-124.0,38
C,triggered,-108.0,-116.0,38
C,triggered,-108.0,-108.0,32
C,triggered,-108.0,-100.0,41
C,triggered,-108.0,-92.0,47
C,triggered,-108.0,-84.0,70
C,triggered,-108.0,-76.0,114
C,triggered,-108.0,-68.0,127
C,triggered,-108.0,-60.0,135
C,triggered,-108.0,-52.0,157
C,triggered,-108.0,-44.0,198
C,triggered,-108.0,-36.0,171
C,triggered,-108.0,-28.0,212
C,triggered,-108.0,-20.0,206
C,triggered,-108.0,-12.0,192
C,triggered,-108.0,-4.0,225
C,triggered,-108.0,4.0,201
C,triggered,-108.0,12.0,172
C,triggered,-108.0,20.0,104
C,triggered,-108.0,28.0,111
C,triggered,-108.0,36.0,146
C,triggered,-108.0,44.0,131
C,triggered,-108.0,52.0,143
C,triggered,-108.0,60.0,170
C,triggered,-108.0,68.0,125
C,triggered,-108.0,76.0,155
C,triggered,-108.0,84.0,147
C,triggered,-108.0,92.0,139
C,triggered,-108.0,100.0,129
C,triggered,-108.0,108.0,89
C,triggered,-108.0,116.0,80
C,triggered,-108.0,124.0,48
C,triggered,-108.0,132.0,38
C,triggered,-108.0,140.0,48
C,triggered,-108.0,148.0,43
C,triggered,-108.0,156.0,41
C,triggered,-108.0,164.0,46
C,triggered,-108.0,172.0,32
C,triggered,-108.0,180.0,1
C,triggered,-108.0,188.0,1
C,triggered,-100.0,-196.0,2
C,triggered,-100.0,-188.0,4
C,triggered,-100.0,-180.0,7
C,triggered,-100.0,-172.0,21
C,triggered,-100.0,-164.0,24
C,triggered,-100.0,-156.0,19
C,triggered,-100.0,-148.0,28
C,triggered,-100.0,-140.0,42
C,triggered,-100.0,-132.0,44
C,triggered,-100.0,-124.0,41
C,triggered,-100.0,-116.0,49
C,triggered,-100.0,-108.0,48
C,triggered,-100.0,-100.0,51
C,triggered,-100.0,-92.0,64
C,triggered,-100.0,-84.0,101
C,triggered,-100.0,-76.0,157
C,triggered,-100.0,-68.0,180
C,triggered,-100.0,-60.0,225
C,triggered,-100.0,-52.0,265
C,triggered,-100.0,-44.0,319
C,triggered,-100.0,-36.0,318
C,triggered,-100.0,-28.0,323
C,triggered,-100.0,-20.0,288
C,triggered,-100.0,-12.0,331
C,triggered,-100.0,-4.0,339
C,triggered,-100.0,4.0,294
C,triggered,-100.0,12.0,201
C,triggered,-100.0,20.0,193
C,triggered,-100.0,28.0,191
C,triggered,-100.0,36.0,177
C,triggered,-100.0,44.0,206
C,triggered,-100.0,52.0,190
C,triggered,-100.0,60.0,244
C,triggered,-100.0,68.0,216
C,triggered,-100.0,76.0,270
C,triggered,-100.0,84.0,235
C,triggered,-100.0,92.0,222
C,triggered,-100.0,100.0,132
C,triggered,-100.0,108.0,99
C,triggered,-100.0,116.0,70
C,triggered,-100.0,124.0,54
C,triggered,-100.0,132.0,45
C,triggered,-100.0,140.0,40
C,triggered,-100.0,148.0,27
C,triggered,-100.0,156.0,48
C,triggered,-100.0,164.0,59
C,triggered,-100.0,172.0,43
C,triggered,-100.0,180.0,5
C,triggered,-100.0,188.0,2
C,triggered,-92.0,-188.0,6
C,triggered,-92.0,-180.0,2
C,triggered,-92.0,-172.0,27
C,triggered,-92.0,-164.0,35
C,triggered,-92.0,-156.0,30
C,triggered,-92.0,-148.0,33
C,triggered,-92.0,-140.0,41
C,triggered,-92.0,-132.0,37
C,triggered,-92.0,-124.0,41
C,triggered,-92.0,-116.0,54
C,triggered,-92.0,-108.0,61
C,triggered,-92.0,-100.0,79
C,triggered,-92.0,-92.0,90
C,triggered,-92.0,-84.0,140
C,triggered,-92.0,-76.0,185
C,triggered,-92.0,-68.0,275
C,triggered,-92.0,-60.0,338
C,triggered,-92.0,-52.0,364
C,triggered,-92.0,-44.0,475
C,triggered,-92.0,-36.0,413
C,triggered,-92.0,-28.0,402
C,triggered,-92.0,-20.0,395
C,triggered,-92.0,-12.0,425
C,triggered,-92.0,-4.0,435
C,triggered,-92.0,4.0,370
C,triggered,-92.0,12.0,313
C,triggered,-92.0,20.0,287
C,triggered,-92.0,28.0,295
C,triggered,-92.0,36.0,298
C,triggered,-92.0,44.0,290
C,triggered,-92.0,52.0,343
C,triggered,-92.0,60.0,314
C,triggered,-92.0,68.0,361
C,triggered,-92.0,76.0,387
C,triggered,-92.0,84.0,329
C,triggered,-92.0,92.0,320
C,triggered,-92.0,100.0,227
C,triggered,-92.0,108.0,133
C,triggered,-92.0,116.0,118
C,triggered,-92.0,124.0,83
C,triggered,-92.0,132.0,62
C,triggered,-92.0,140.0,78
C,triggered,-92.0,148.0,48
C,triggered,-92.0,156.0,55
C,triggered,-92.0,164.0,64
C,triggered,-92.0,172.0,37
C,triggered,-92.0,180.0,2
C,triggered,-92.0,188.0,5
C,triggered,-84.0,-196.0,1
C,triggered,-84.0,-188.0,5
C,triggered,-84.0,-180.0,1
C,triggered,-84.0,-172.0,24
C,triggered,-84.0,-164.0,37
C,triggered,-84.0,-156.0,33
C,triggered,-84.0,-148.0,36
C,triggered,-84.0,-140.0,51
C,triggered,-84.0,-132.0,48
C,triggered,-84.0,-124.0,63
C,triggered,-84.0,-116.0,57
C,triggered,-84.0,-108.0,53
C,triggered,-84.0,-100.0,91
C,triggered,-84.0,-92.0,98
C,triggered,-84.0,-84.0,158
C,triggered,-84.0,-76.0,225
C,triggered,-84.0,-68.0,302
C,triggered,-84.0,-60.0,357
C,triggered,-84.0,-52.0,496
C,triggered,-84.0,-44.0,467
C,triggered,-84.0,-36.0,497
C,triggered,-84.0,-28.0,486
C,triggered,-84.0,-20.0,408
C,triggered,-84.0,-12.0,469
C,triggered,-84.0,-4.0,466
C,triggered,-84.0,4.0,383
C,triggered,-84.0,12.0,343
C,triggered,-84.0,20.0,334
C,triggered,-84.0,28.0,359
C,triggered,-84.0,36.0,358
C,triggered,-84.0,44.0,373
C,triggered,-84.0,52.0,399
C,triggered,-84.0,60.0,385
C,triggered,-84.0,68.0,353
C,triggered,-84.0,76.0,400
C,triggered,-84.0,84.0,327
C,triggered,-84.0,92.0,308
C,triggered,-84.0,100.0,212
C,triggered,-84.0,108.0,142
C,triggered,-84.0,116.0,104
C,triggered,-84.0,124.0,80
C,triggered,-84.0,132.0,60
C,triggered,-84.0,140.0,66
C,triggered,-84.0,148.0,45
C,triggered,-84.0,156.0,54
C,triggered,-84.0,164.0,46
C,triggered,-84.0,172.0,34
C,triggered,-84.0,180.0,5
C,triggered,-84.0,188.0,1
C,triggered,-76.0,-188.0,3
C,triggered,-76.0,-180.0,3
C,triggered,-76.0,-172.0,26
C,triggered,-76.0,-164.0,35
C,triggered,-76.0,-156.0,30
C,triggered,-76.0,-148.0,38
C,triggered,-76.0,-140.0,60
C,triggered,-76.0,-132.0,35
C,triggered,-76.0,-124.0,61
C,triggered,-76.0,-116.0,60
C,triggered,-76.0,-108.0,78
C,triggered,-76.0,-100.0,83
C,triggered,-76.0,-92.0,91
C,triggered,-76.0,-84.0,152
C,triggered,-76.0,-76.0,201
C,triggered,-76.0,-68.0,306
C,triggered,-76.0,-60.0,365
C,triggered,-76.0,-52.0,503
C,triggered,-76.0,-44.0,522
C,triggered,-76.0,-36.0,528
C,triggered,-76.0,-28.0,603
C,triggered,-76.0,-20.0,466
C,triggered,-76.0,-12.0,551
C,triggered,-76.0,-4.0,509
C,triggered,-76.0,4.0,466
C,triggered,-76.0,12.0,414
C,triggered,-76.0,20.0,388
C,triggered,-76.0,28.0,395
C,triggered,-76.0,36.0,421
C,triggered,-76.0,44.0,425
C,triggered,-76.0,52.0,418
C,triggered,-76.0,60.0,444
C,triggered,-76.0,68.0,438
C,triggered,-76.0,76.0,400
C,triggered,-76.0,84.0,340
C,triggered,-76.0,92.0,306
C,triggered,-76.0,100.0,225
C,triggered,-76.0,108.0,149
C,triggered,-76.0,116.0,94
C,triggered,-76.0,124.0,70
C,triggered,-76.0,132.0,59
C,triggered,-76.0,140.0,60
C,triggered,-76.0,148.0,56
C,triggered,-76.0,156.0,53
C,triggered,-76.0,164.0,57
C,triggered,-76.0,172.0,35
C,triggered,-76.0,180.0,1
C,triggered,-76.0,188.0,1
C,triggered,-68.0,-188.0,2
C,triggered,-68.0,-180.0,1
C,triggered,-68.0,-172.0,24
C,triggered,-68.0,-164.0,41
C,triggered,-68.0,-156.0,40
C,triggered,-68.0,-148.0,52
C,triggered,-68.0,-140.0,94
C,triggered,-68.0,-132.0,77
C,triggered,-68.0,-124.0,83
C,triggered,-68.0,-116.0,83
C,triggered,-68.0,-108.0,127
C,triggered,-68.0,-100.0,120
C,triggered,-68.0,-92.0,135
C,triggered,-68.0,-84.0,233
C,triggered,-68.0,-76.0,267
C,triggered,-68.0,-68.0,422
C,triggered,-68.0,-60.0,506
C,triggered,-68.0,-52.0,603
C,triggered,-68.0,-44.0,709
C,triggered,-68.0,-36.0,794
C,triggered,-68.0,-28.0,744
C,triggered,-68.0,-20.0,716
C,triggered,-68.0,-12.0,750
C,triggered,-68.0,-4.0,714
C,triggered,-68.0,4.0,686
C,triggered,-68.0,12.0,607
C,triggered,-68.0,20.0,599
C,triggered,-68.0,28.0,577
C,triggered,-68.0,36.0,593
C,triggered,-68.0,44.0,631
C,triggered,-68.0,52.0,651
C,triggered,-68.0,60.0,573
C,triggered,-68.0,68.0,626
C,triggered,-68.0,76.0,654
C,triggered,-68.0,84.0,545
C,triggered,-68.0,92.0,447
C,triggered,-68.0,100.0,290
C,triggered,-68.0,108.0,164
C,triggered,-68.0,116.0,92
C,triggered,-68.0,124.0,70
C,triggered,-68.0,132.0,56
C,triggered,-68.0,140.0,56
C,triggered,-68.0,148.0,51
C,triggered,-68.0,156.0,49
C,triggered,-68.0,164.0,61
C,triggered,-68.0,172.0,43
C,triggered,-68.0,180.0,6
C,triggered,-68.0,188.0,4
C,triggered,-60.0,-188.0,6
C,triggered,-60.0,-180.0,5
C,triggered,-60.0,-172.0,39
C,triggered,-60.0,-164.0,40
C,triggered,-60.0,-156.0,43
C,triggered,-60.0,-148.0,64
C,triggered,-60.0,-140.0,75
C,triggered,-60.0,-132.0,83
C,triggered,-60.0,-124.0,75
C,triggered,-60.0,-116.0,78
C,triggered,-60.0,-108.0,121
C,triggered,-60.0,-100.0,128
C,triggered,-60.0,-92.0,132
C,triggered,-60.0,-84.0,255
C,triggered,-60.0,-76.0,375
C,triggered,-60.0,-68.0,523
C,triggered,-60.0,-60.0,616
C,triggered,-60.0,-52.0,782
C,triggered,-60.0,-44.0,857
C,triggered,-60.0,-36.0,879
C,triggered,-60.0,-28.0,941
C,triggered,-60.0,-20.0,801
C,triggered,-60.0,-12.0,874
C,triggered,-60.0,-4.0,897
C,triggered,-60.0,4.0,800
C,triggered,-60.0,12.0,722
C,triggered,-60.0,20.0,658
C,triggered,-60.0,28.0,657
C,triggered,-60.0,36.0,685
C,triggered,-60.0,44.0,688
C,triggered,-60.0,52.0,711
C,triggered,-60.0,60.0,669
C,triggered,-60.0,68.0,742
C,triggered,-60.0,76.0,774
C,triggered,-60.0,84.0,653
C,triggered,-60.0,92.0,530
C,triggered,-60.0,100.0,403
C,triggered,-60.0,108.0,223
C,triggered,-60.0,116.0,121
C,triggered,-60.0,124.0,88
C,triggered,-60.0,132.0,75
C,triggered,-60.0,140.0,73
C,triggered,-60.0,148.0,60
C,triggered,-60.0,156.0,74
C,triggered,-60.0,164.0,68
C,triggered,-60.0,172.0,48
C,triggered,-60.0,180.0,4
C,triggered,-60.0,188.0,1
C,triggered,-52.0,-188.0,10
C,triggered,-52.0,-180.0,4
C,triggered,-52.0,-172.0,39
C,triggered,-52.0,-164.0,54
C,triggered,-52.0,-156.0,35
C,triggered,-52.0,-148.0,57
C,triggered,-52.0,-140.0,113
C,triggered,-52.0,-132.0,92
C,triggered,-52.0,-124.0,81
C,triggered,-52.0,-116.0,101
C,triggered,-52.0,-108.0,139
C,triggered,-52.0,-100.0,168
C,triggered,-52.0,-92.0,185
C,triggered,-52.0,-84.0,332
C,triggered,-52.0,-76.0,472
C,triggered,-52.0,-68.0,659
C,triggered,-52.0,-60.0,769
C,triggered,-52.0,-52.0,978
C,triggered,-52.0,-44.0,1078
C,triggered,-52.0,-36.0,1120
C,triggered,-52.0,-28.0,1187
C,triggered,-52.0,-20.0,1101
C,triggered,-52.0,-12.0,1125
C,triggered,-52.0,-4.0,1186
C,triggered,-52.0,4.0,1057
C,triggered,-52.0,12.0,975
C,triggered,-52.0,20.0,884
C,triggered,-52.0,28.0,845
C,triggered,-52.0,36.0,845
C,triggered,-52.0,44.0,836
C,triggered,-52.0,52.0,975
C,triggered,-52.0,60.0,937
C,triggered,-52.0,68.0,900
C,triggered,-52.0,76.0,917
C,triggered,-52.0,84.0,779
C,triggered,-52.0,92.0,731
C,triggered,-52.0,100.0,519
C,triggered,-52.0,108.0,246
C,triggered,-52.0,116.0,148
C,triggered,-52.0,124.0,99
C,triggered,-52.0,132.0,85
C,triggered,-52.0,140.0,91
C,triggered,-52.0,148.0,68
C,triggered,-52.0,156.0,75
C,triggered,-52.0,164.0,87
C,triggered,-52.0,172.0,50
C,triggered,-52.0,180.0,7
C,triggered,-52.0,188.0,4
C,triggered,-44.0,-196.0,1
C,triggered,-44.0,-188.0,4
C,triggered,-44.0,-180.0,4
C,triggered,-44.0,-172.0,57
C,triggered,-44.0,-164.0,61
C,triggered,-44.0,-156.0,49
C,triggered,-44.0,-148.0,55
C,triggered,-44.0,-140.0,90
C,triggered,-44.0,-132.0,87
C,triggered,-44.0,-124.0,86
C,triggered,-44.0,-116.0,113
C,triggered,-44.0,-108.0,139
C,triggered,-44.0,-100.0,165
C,triggered,-44.0,-92.0,208
C,triggered,-44.0,-84.0,381
C,triggered,-44.0,-76.0,506
C,triggered,-44.0,-68.0,789
C,triggered,-44.0,-60.0,880
C,triggered,-44.0,-52.0,1124
C,triggered,-44.0,-44.0,1240
C,triggered,-44.0,-36.0,1294
C,triggered,-44.0,-28.0,1304
C,triggered,-44.0,-20.0,1243
C,triggered,-44.0,-12.0,1320
C,triggered,-44.0,-4.0,1244
C,triggered,-44.0,4.0,1294
C,triggered,-44.0,12.0,1093
C,triggered,-44.0,20.0,1030
C,triggered,-44.0,28.0,856
C,triggered,-44.0,36.0,888
C,triggered,-44.0,44.0,1035
C,triggered,-44.0,52.0,1184
C,triggered,-44.0,60.0,1015
C,triggered,-44.0,68.0,1083
C,triggered,-44.0,76.0,1072
C,triggered,-44.0,84.0,952
C,triggered,-44.0,92.0,886
C,triggered,-44.0,100.0,559
C,triggered,-44.0,108.0,312
C,triggered,-44.0,116.0,153
C,triggered,-44.0,124.0,100
C,triggered,-44.0,132.0,85
C,triggered,-44.0,140.0,95
C,triggered,-44.0,148.0,95
C,triggered,-44.0,156.0,85
C,triggered,-44.0,164.0,91
C,triggered,-44.0,172.0,61
C,triggered,-44.0,180.0,8
C,triggered,-36.0,-188.0,3
C,triggered,-36.0,-180.0,3
C,triggered,-36.0,-172.0,38
C,triggered,-36.0,-164.0,44
C,triggered,-36.0,-156.0,60
C,triggered,-36.0,-148.0,62
C,triggered,-36.0,-140.0,85
C,triggered,-36.0,-132.0,83
C,triggered,-36.0,-124.0,90
C,triggered,-36.0,-116.0,93
C,triggered,-36.0,-108.0,139
C,triggered,-36.0,-100.0,157
C,triggered,-36.0,-92.0,215
C,triggered,-36.0,-84.0,393
C,triggered,-36.0,-76.0,481
C,triggered,-36.0,-68.0,763
C,triggered,-36.0,-60.0,914
C,triggered,-36.0,-52.0,1151
C,triggered,-36.0,-44.0,1348
C,triggered,-36.0,-36.0,1314
C,triggered,-36.0,-28.0,1323
C,triggered,-36.0,-20.0,1209
C,triggered,-36.0,-12.0,1316
C,triggered,-36.0,-4.0,1252
C,triggered,-36.0,4.0,1233
C,triggered,-36.0,12.0,1139
C,triggered,-36.0,20.0,1054
C,triggered,-36.0,28.0,1068
C,triggered,-36.0,36.0,1064
C,triggered,-36.0,44.0,1160
C,triggered,-36.0,52.0,1228
C,triggered,-36.0,60.0,1114
C,triggered,-36.0,68.0,1135
C,triggered,-36.0,76.0,1080
C,triggered,-36.0,84.0,977
C,triggered,-36.0,92.0,817
C,triggered,-36.0,100.0,646
C,triggered,-36.0,108.0,303
C,triggered,-36.0,116.0,153
C,triggered,-36.0,124.0,102
C,triggered,-36.0,132.0,84
C,triggered,-36.0,140.0,108
C,triggered,-36.0,148.0,75
C,triggered,-36.0,156.0,76
C,triggered,-36.0,164.0,92
C,triggered,-36.0,172.0,65
C,triggered,-36.0,180.0,4
C,triggered,-36.0,188.0,1
C,triggered,-28.0,-188.0,11
C,triggered,-28.0,-180.0,4
C,triggered,-28.0,-172.0,37
C,triggered,-28.0,-164.0,57
C,triggered,-28.0,-156.0,42
C,triggered,-28.0,-148.0,60
C,triggered,-28.0,-140.0,92
C,triggered,-28.0,-132.0,83
C,triggered,-28.0,-124.0,100
C,triggered,-28.0,-116.0,96
C,triggered,-28.0,-108.0,137
C,triggered,-28.0,-100.0,149
C,triggered,-28.0,-92.0,210
C,triggered,-28.0,-84.0,383
C,triggered,-28.0,-76.0,517
C,triggered,-28.0,-68.0,752
C,triggered,-28.0,-60.0,1033
C,triggered,-28.0,-52.0,1190
C,triggered,-28.0,-44.0,1340
C,triggered,-28.0,-36.0,1444
C,triggered,-28.0,-28.0,1473
C,triggered,-28.0,-20.0,1357
C,triggered,-28.0,-12.0,1285
C,triggered,-28.0,-4.0,1379
C,triggered,-28.0,4.0,1317
C,triggered,-28.0,12.0,1154
C,triggered,-28.0,20.0,1100
C,triggered,-28.0,28.0,1068
C,triggered,-28.0,36.0,1123
C,triggered,-28.0,44.0,1128
C,triggered,-28.0,52.0,1172
C,triggered,-28.0,60.0,1019
C,triggered,-28.0,68.0,1114
C,triggered,-28.0,76.0,1205
C,triggered,-28.0,84.0,1010
C,triggered,-28.0,92.0,915
C,triggered,-28.0,100.0,633
C,triggered,-28.0,108.0,353
C,triggered,-28.0,116.0,170
C,triggered,-28.0,124.0,102
C,triggered,-28.0,132.0,100
C,triggered,-28.0,140.0,101
C,triggered,-28.0,148.0,80
C,triggered,-28.0,156.0,73
C,triggered,-28.0,164.0,117
C,triggered,-28.0,172.0,69
C,triggered,-28.0,180.0,6
C,triggered,-28.0,188.0,6
C,triggered,-20.0,-196.0,2
C,triggered,-20.0,-188.0,21
C,triggered,-20.0,-180.0,3
C,triggered,-20.0,-172.0,28
C,triggered,-20.0,-164.0,56
C,triggered,-20.0,-156.0,50
C,triggered,-20.0,-148.0,40
C,triggered,-20.0,-140.0,85
C,triggered,-20.0,-132.0,76
C,triggered,-20.0,-124.0,82
C,triggered,-20.0,-116.0,75
C,triggered,-20.0,-108.0,99
C,triggered,-20.0,-100.0,113
C,triggered,-20.0,-92.0,185
C,triggered,-20.0,-84.0,312
C,triggered,-20.0,-76.0,446
C,triggered,-20.0,-68.0,761
C,triggered,-20.0,-60.0,936
C,triggered,-20.0,-52.0,1060
C,triggered,-20.0,-44.0,1249
C,triggered,-20.0,-36.0,1203
C,triggered,-20.0,-28.0,1295
C,triggered,-20.0,-20.0,1183
C,triggered,-20.0,-12.0,1139
C,triggered,-20.0,-4.0,1261
C,triggered,-20.0,4.0,1123
C,triggered,-20.0,12.0,1050
C,triggered,-20.0,20.0,980
C,triggered,-20.0,28.0,931
C,triggered,-20.0,36.0,967
C,triggered,-20.0,44.0,933
C,triggered,-20.0,52.0,980
C,triggered,-20.0,60.0,940
C,triggered,-20.0,68.0,934
C,triggered,-20.0,76.0,1136
C,triggered,-20.0,84.0,1022
C,triggered,-20.0,92.0,835
C,triggered,-20.0,100.0,568
C,triggered,-20.0,108.0,364
C,triggered,-20.0,116.0,218
C,triggered,-20.0,124.0,100
C,triggered,-20.0,132.0,82
C,triggered,-20.0,140.0,93
C,triggered,-20.0,148.0,78
C,triggered,-20.0,156.0,80
C,triggered,-20.0,164.0,96
C,triggered,-20.0,172.0,56
C,triggered,-20.0,180.0,11
C,triggered,-20.0,188.0,9
C,triggered,-12.0,-196.0,2
C,triggered,-12.0,-188.0,13
C,triggered,-12.0,-180.0,4
C,triggered,-12.0,-172.0,31
C,triggered,-12.0,-164.0,52
C,triggered,-12.0,-156.0,39
C,triggered,-12.0,-148.0,41
C,triggered,-12.0,-140.0,91
C,triggered,-12.0,-132.0,77
C,triggered,-12.0,-124.0,66
C,triggered,-12.0,-116.0,68
C,triggered,-12.0,-108.0,96
C,triggered,-12.0,-100.0,117
C,triggered,-12.0,-92.0,136
C,triggered,-12.0,-84.0,278
C,triggered,-12.0,-76.0,442
C,triggered,-12.0,-68.0,616
C,triggered,-12.0,-60.0,753
C,triggered,-12.0,-52.0,830
C,triggered,-12.0,-44.0,940
C,triggered,-12.0,-36.0,979
C,triggered,-12.0,-28.0,974
C,triggered,-12.0,-20.0,894
C,triggered,-12.0,-12.0,958
C,triggered,-12.0,-4.0,975
C,triggered,-12.0,4.0,948
C,triggered,-12.0,12.0,895
C,triggered,-12.0,20.0,813
C,triggered,-12.0,28.0,787
C,triggered,-12.0,36.0,714
C,triggered,-12.0,44.0,761
C,triggered,-12.0,52.0,828
C,triggered,-12.0,60.0,782
C,triggered,-12.0,68.0,870
C,triggered,-12.0,76.0,980
C,triggered,-12.0,84.0,858
C,triggered,-12.0,92.0,664
C,triggered,-12.0,100.0,483
C,triggered,-12.0,108.0,301
C,triggered,-12.0,116.0,190
C,triggered,-12.0,124.0,94
C,triggered,-12.0,132.0,89
C,triggered,-12.0,140.0,116
C,triggered,-12.0,148.0,89
C,triggered,-12.0,156.0,74
C,triggered,-12.0,164.0,107
C,triggered,-12.0,172.0,55
C,triggered,-12.0,180.0,8
C,triggered,-12.0,188.0,7
C,triggered,-4.0,-196.0,1
C,triggered,-4.0,-188.0,9
C,triggered,-4.0,-180.0,3
C,triggered,-4.0,-172.0,33
C,triggered,-4.0,-164.0,35
C,triggered,-4.0,-156.0,31
C,triggered,-4.0,-148.0,37
C,triggered,-4.0,-140.0,57
C,triggered,-4.0,-132.0,63
C,triggered,-4.0,-124.0,69
C,triggered,-4.0,-116.0,52
C,triggered,-4.0,-108.0,60
C,triggered,-4.0,-100.0,91
C,triggered,-4.0,-92.0,122
C,triggered,-4.0,-84.0,227
C,triggered,-4.0,-76.0,345
C,triggered,-4.0,-68.0,448
C,triggered,-4.0,-60.0,579
C,triggered,-4.0,-52.0,688
C,triggered,-4.0,-44.0,783
C,triggered,-4.0,-36.0,821
C,triggered,-4.0,-28.0,791
C,triggered,-4.0,-20.0,742
C,triggered,-4.0,-12.0,747
C,triggered,-4.0,-4.0,822
C,triggered,-4.0,4.0,815
C,triggered,-4.0,12.0,768
C,triggered,-4.0,20.0,715
C,triggered,-4.0,28.0,636
C,triggered,-4.0,36.0,659
C,triggered,-4.0,44.0,710
C,triggered,-4.0,52.0,816
C,triggered,-4.0,60.0,850
C,triggered,-4.0,68.0,898
C,triggered,-4.0,76.0,871
C,triggered,-4.0,84.0,716
C,triggered,-4.0,92.0,600
C,triggered,-4.0,100.0,407
C,triggered,-4.0,108.0,247
C,triggered,-4.0,116.0,166
C,triggered,-4.0,124.0,101
C,triggered,-4.0,132.0,98
C,triggered,-4.0,140.0,82
C,triggered,-4.0,148.0,71
C,triggered,-4.0,156.0,87
C,triggered,-4.0,164.0,104
C,triggered,-4.0,172.0,80
C,triggered,-4.0,180.0,5
C,triggered,-4.0,188.0,6
C,triggered,4.0,-188.0,5
C,triggered,4.0,-180.0,1
C,triggered,4.0,-172.0,14
C,triggered,4.0,-164.0,27
C,triggered,4.0,-156.0,31
C,triggered,4.0,-148.0,42
C,triggered,4.0,-140.0,48
C,triggered,4.0,-132.0,36
C,triggered,4.0,-124.0,53
C,triggered,4.0,-116.0,57
C,triggered,4.0,-108.0,55
C,triggered,4.0,-100.0,60
C,triggered,4.0,-92.0,83
C,triggered,4.0,-84.0,118
C,triggered,4.0,-76.0,149
C,triggered,4.0,-68.0,240
C,triggered,4.0,-60.0,284
C,triggered,4.0,-52.0,323
C,triggered,4.0,-44.0,439
C,triggered,4.0,-36.0,383
C,triggered,4.0,-28.0,394
C,triggered,4.0,-20.0,369
C,triggered,4.0,-12.0,412
C,triggered,4.0,-4.0,380
C,triggered,4.0,4.0,362
C,triggered,4.0,12.0,354
C,triggered,4.0,20.0,347
C,triggered,4.0,28.0,332
C,triggered,4.0,36.0,339
C,triggered,4.0,44.0,314
C,triggered,4.0,52.0,389
C,triggered,4.0,60.0,386
C,triggered,4.0,68.0,389
C,triggered,4.0,76.0,451
C,triggered,4.0,84.0,371
C,triggered,4.0,92.0,275
C,triggered,4.0,100.0,202
C,triggered,4.0,108.0,147
C,triggered,4.0,116.0,128
C,triggered,4.0,124.0,72
C,triggered,4.0,132.0,59
C,triggered,4.0,140.0,62
C,triggered,4.0,148.0,66
C,triggered,4.0,156.0,72
C,triggered,4.0,164.0,79
C,triggered,4.0,172.0,47
C,triggered,4.0,180.0,1
C,triggered,4.0,188.0,2
C,triggered,12.0,-172.0,13
C,triggered,12.0,-164.0,11
C,triggered,12.0,-156.0,7
C,triggered,12.0,-148.0,18
C,triggered,12.0,-140.0,16
C,triggered,12.0,-132.0,9
C,triggered,12.0,-124.0,20
C,triggered,12.0,-116.0,21
C,triggered,12.0,-108.0,18
C,triggered,12.0,-100.0,17
C,triggered,12.0,-92.0,29
C,triggered,12.0,-84.0,26
C,triggered,12.0,-76.0,32
C,triggered,12.0,-68.0,46
C,triggered,12.0,-60.0,58
C,triggered,12.0,-52.0,85
C,triggered,12.0,-44.0,92
C,triggered,12.0,-36.0,93
C,triggered,12.0,-28.0,79
C,triggered,12.0,-20.0,85
C,triggered,12.0,-12.0,80
C,triggered,12.0,-4.0,84
C,triggered,12.0,4.0,73
C,triggered,12.0,12.0,69
C,triggered,12.0,20.0,55
C,triggered,12.0,28.0,58
C,triggered,12.0,36.0,61
C,triggered,12.0,44.0,67
C,triggered,12.0,52.0,49
C,triggered,12.0,60.0,60
C,triggered,12.0,68.0,56
C,triggered,12.0,76.0,84
C,triggered,12.0,84.0,77
C,triggered,12.0,92.0,57
C,triggered,12.0,100.0,65
C,triggered,12.0,108.0,53
C,triggered,12.0,116.0,50
C,triggered,12.0,124.0,39
C,triggered,12.0,132.0,41
C,triggered,12.0,140.0,35
C,triggered,12.0,148.0,30
C,triggered,12.0,156.0,23
C,triggered,12.0,164.0,19
C,triggered,12.0,172.0,23
C,triggered,12.0,188.0,1
C,triggered,20.0,-172.0,3
C,triggered,20.0,-164.0,7
C,triggered,20.0,-156.0,5
C,triggered,20.0,-148.0,5
C,triggered,20.0,-140.0,3
C,triggered,20.0,-132.0,8
C,triggered,20.0,-124.0,11
C,triggered,20.0,-116.0,6
C,triggered,20.0,-108.0,12
C,triggered,20.0,-100.0,7
C,triggered,20.0,-92.0,4
C,triggered,20.0,-84.0,16
C,triggered,20.0,-76.0,11
C,triggered,20.0,-68.0,15
C,triggered,20.0,-60.0,26
C,triggered,20.0,-52.0,14
C,triggered,20.0,-44.0,27
C,triggered,20.0,-36.0,25
C,triggered,20.0,-28.0,28
C,triggered,20.0,-20.0,33
C,triggered,20.0,-12.0,36
C,triggered,20.0,-4.0,28
C,triggered,20.0,4.0,26
C,triggered,20.0,12.0,28
C,triggered,20.0,20.0,15
C,triggered,20.0,28.0,22
C,triggered,20.0,36.0,40
C,triggered,20.0,44.0,35
C,triggered,20.0,52.0,33
C,triggered,20.0,60.0,29
C,triggered,20.0,68.0,21
C,triggered,20.0,76.0,21
C,triggered,20.0,84.0,21
C,triggered,20.0,92.0,17
C,triggered,20.0,100.0,17
C,triggered,20.0,108.0,24
C,triggered,20.0,116.0,26
C,triggered,20.0,124.0,27
C,triggered,20.0,132.0,19
C,triggered,20.0,140.0,12
C,triggered,20.0,148.0,16
C,triggered,20.0,156.0,14
C,triggered,20.0,164.0,13
C,triggered,20.0,172.0,5
C,triggered,20.0,180.0,1
C,triggered,28.0,-188.0,1
C,triggered,28.0,-172.0,6
C,triggered,28.0,-164.0,19
C,triggered,28.0,-156.0,21
C,triggered,28.0,-148.0,19
C,triggered,28.0,-140.0,18
C,triggered,28.0,-132.0,25
C,triggered,28.0,-124.0,24
C,triggered,28.0,-116.0,36
C,triggered,28.0,-108.0,44
C,triggered,28.0,-100.0,40
C,triggered,28.0,-92.0,37
C,triggered,28.0,-84.0,36
C,triggered,28.0,-76.0,64
C,triggered,28.0,-68.0,59
C,triggered,28.0,-60.0,95
C,triggered,28.0,-52.0,105
C,triggered,28.0,-44.0,136
C,triggered,28.0,-36.0,159
C,triggered,28.0,-28.0,182
C,triggered,28.0,-20.0,136
C,triggered,28.0,-12.0,139
C,triggered,28.0,-4.0,119
C,triggered,28.0,4.0,121
C,triggered,28.0,12.0,107
C,triggered,28.0,20.0,113
C,triggered,28.0,28.0,121
C,triggered,28.0,36.0,139
C,triggered,28.0,44.0,174
C,triggered,28.0,52.0,147
C,triggered,28.0,60.0,121
C,triggered,28.0,68.0,143
C,triggered,28.0,76.0,115
C,triggered,28.0,84.0,124
C,triggered,28.0,92.0,116
C,triggered,28.0,100.0,90
C,triggered,28.0,108.0,72
C,triggered,28.0,116.0,55
C,triggered,28.0,124.0,41
C,triggered,28.0,132.0,39
C,triggered,28.0,140.0,57
C,triggered,28.0,148.0,31
C,triggered,28.0,156.0,28
C,triggered,28.0,164.0,47
C,triggered,28.0,172.0,27
C,triggered,28.0,180.0,1
C,triggered,36.0,-180.0,1
C,triggered,36.0,-172.0,12
C,triggered,36.0,-164.0,34
C,triggered,36.0,-156.0,25
C,triggered,36.0,-148.0,27
C,triggered,36.0,-140.0,33
C,triggered,36.0,-132.0,39
C,triggered,36.0,-124.0,33
C,triggered,36.0,-116.0,36
C,triggered,36.0,-108.0,55
C,triggered,36.0,-100.0,46
C,triggered,36.0,-92.0,47
C,triggered,36.0,-84.0,67
C,triggered,36.0,-76.0,94
C,triggered,36.0,-68.0,120
C,triggered,36.0,-60.0,181
C,triggered,36.0,-52.0,213
C,triggered,36.0,-44.0,241
C,triggered,36.0,-36.0,280
C,triggered,36.0,-28.0,292
C,triggered,36.0,-20.0,261
C,triggered,36.0,-12.0,293
C,triggered,36.0,-4.0,250
C,triggered,36.0,4.0,219
C,triggered,36.0,12.0,213
C,triggered,36.0,20.0,197
C,triggered,36.0,28.0,212
C,triggered,36.0,36.0,246
C,triggered,36.0,44.0,256
C,triggered,36.0,52.0,286
C,triggered,36.0,60.0,259
C,triggered,36.0,68.0,253
C,triggered,36.0,76.0,246
C,triggered,36.0,84.0,230
C,triggered,36.0,92.0,183
C,triggered,36.0,100.0,158
C,triggered,36.0,108.0,100
C,triggered,36.0,116.0,70
C,triggered,36.0,124.0,65
C,triggered,36.0,132.0,50
C,triggered,36.0,140.0,60
C,triggered,36.0,148.0,50
C,triggered,36.0,156.0,51
C,triggered,36.0,164.0,51
C,triggered,36.0,172.0,38
C,triggered,44.0,-196.0,2
C,triggered,44.0,-188.0,1
C,triggered,44.0,-180.0,2
C,triggered,44.0,-172.0,6
C,triggered,44.0,-164.0,17
C,triggered,44.0,-156.0,24
C,triggered,44.0,-148.0,21
C,triggered,44.0,-140.0,33
C,triggered,44.0,-132.0,35
C,triggered,44.0,-124.0,35
C,triggered,44.0,-116.0,31
C,triggered,44.0,-108.0,56
C,triggered,44.0,-100.0,44
C,triggered,44.0,-92.0,35
C,triggered,44.0,-84.0,59
C,triggered,44.0,-76.0,66
C,triggered,44.0,-68.0,106
C,triggered,44.0,-60.0,146
C,triggered,44.0,-52.0,173
C,triggered,44.0,-44.0,191
C,triggered,44.0,-36.0,237
C,triggered,44.0,-28.0,266
C,triggered,44.0,-20.0,259
C,triggered,44.0,-12.0,265
C,triggered,44.0,-4.0,218
C,triggered,44.0,4.0,201
C,triggered,44.0,12.0,144
C,triggered,44.0,20.0,151
C,triggered,44.0,28.0,131
C,triggered,44.0,36.0,136
C,triggered,44.0,44.0,165
C,triggered,44.0,52.0,170
C,triggered,44.0,60.0,165
C,triggered,44.0,68.0,159
C,triggered,44.0,76.0,165
C,triggered,44.0,84.0,177
C,triggered,44.0,92.0,151
C,triggered,44.0,100.0,113
C,triggered,44.0,108.0,110
C,triggered,44.0,116.0,70
C,triggered,44.0,124.0,63
C,triggered,44.0,132.0,58
C,triggered,44.0,140.0,65
C,triggered,44.0,148.0,39
C,triggered,44.0,156.0,65
C,triggered,44.0,164.0,67
C,triggered,44.0,172.0,43
C,triggered,44.0,180.0,5
C,triggered,52.0,-188.0,7
C,triggered,52.0,-172.0,25
C,triggered,52.0,-164.0,22
C,triggered,52.0,-156.0,21
C,triggered,52.0,-148.0,12
C,triggered,52.0,-140.0,36
C,triggered,52.0,-132.0,30
C,triggered,52.0,-124.0,28
C,triggered,52.0,-116.0,39
C,triggered,52.0,-108.0,32
C,triggered,52.0,-100.0,46
C,triggered,52.0,-92.0,59
C,triggered,52.0,-84.0,75
C,triggered,52.0,-76.0,111
C,triggered,52.0,-68.0,165
C,triggered,52.0,-60.0,225
C,triggered,52.0,-52.0,273
C,triggered,52.0,-44.0,285
C,triggered,52.0,-36.0,295
C,triggered,52.0,-28.0,353
C,triggered,52.0,-20.0,355
C,triggered,52.0,-12.0,353
C,triggered,52.0,-4.0,396
C,triggered,52.0,4.0,354
C,triggered,52.0,12.0,281
C,triggered,52.0,20.0,273
C,triggered,52.0,28.0,239
C,triggered,52.0,36.0,224
C,triggered,52.0,44.0,249
C,triggered,52.0,52.0,303
C,triggered,52.0,60.0,285
C,triggered,52.0,68.0,295
C,triggered,52.0,76.0,290
C,triggered,52.0,84.0,262
C,triggered,52.0,92.0,255
C,triggered,52.0,100.0,180
C,triggered,52.0,108.0,122
C,triggered,52.0,116.0,64
C,triggered,52.0,124.0,35
C,triggered,52.0,132.0,45
C,triggered,52.0,140.0,54
C,triggered,52.0,148.0,43
C,triggered,52.0,156.0,38
C,triggered,52.0,164.0,47
C,triggered,52.0,172.0,39
C,triggered,52.0,180.0,2
C,triggered,52.0,188.0,2
C,triggered,60.0,-196.0,3
C,triggered,60.0,-188.0,7
C,triggered,60.0,-180.0,2
C,triggered,60.0,-172.0,25
C,triggered,60.0,-164.0,44
C,triggered,60.0,-156.0,30
C,triggered,60.0,-148.0,27
C,triggered,60.0,-140.0,56
C,triggered,60.0,-132.0,48
C,triggered,60.0,-124.0,51
C,triggered,60.0,-116.0,57
C,triggered,60.0,-108.0,69
C,triggered,60.0,-100.0,91
C,triggered,60.0,-92.0,117
C,triggered,60.0,-84.0,156
C,triggered,60.0,-76.0,237
C,triggered,60.0,-68.0,366
C,triggered,60.0,-60.0,467
C,triggered,60.0,-52.0,575
C,triggered,60.0,-44.0,701
C,triggered,60.0,-36.0,733
C,triggered,60.0,-28.0,788
C,triggered,60.0,-20.0,760
C,triggered,60.0,-12.0,831
C,triggered,60.0,-4.0,852
C,triggered,60.0,4.0,812
C,triggered,60.0,12.0,651
C,triggered,60.0,20.0,689
C,triggered,60.0,28.0,584
C,triggered,60.0,36.0,594
C,triggered,60.0,44.0,592
C,triggered,60.0,52.0,749
C,triggered,60.0,60.0,739
C,triggered,60.0,68.0,739
C,triggered,60.0,76.0,728
C,triggered,60.0,84.0,624
C,triggered,60.0,92.0,525
C,triggered,60.0,100.0,412
C,triggered,60.0,108.0,218
C,triggered,60.0,116.0,129
C,triggered,60.0,124.0,51
C,triggered,60.0,132.0,60
C,triggered,60.0,140.0,59
C,triggered,60.0,148.0,50
C,triggered,60.0,156.0,47
C,triggered,60.0,164.0,67
C,triggered,60.0,172.0,39
C,triggered,60.0,180.0,5
C,triggered,60.0,188.0,4
C,triggered,68.0,-196.0,4
C,triggered,68.0,-188.0,14
C,triggered,68.0,-180.0,4
C,triggered,68.0,-172.0,39
C,triggered,68.0,-164.0,32
C,triggered,68.0,-156.0,36
C,triggered,68.0,-148.0,50
C,triggered,68.0,-140.0,76
C,triggered,68.0,-132.0,67
C,triggered,68.0,-124.0,66
C,triggered,68.0,-116.0,72
C,triggered,68.0,-108.0,70
C,triggered,68.0,-100.0,108
C,triggered,68.0,-92.0,131
C,triggered,68.0,-84.0,199
C,triggered,68.0,-76.0,301
C,triggered,68.0,-68.0,411
C,triggered,68.0,-60.0,498
C,triggered,68.0,-52.0,606
C,triggered,68.0,-44.0,736
C,triggered,68.0,-36.0,832
C,triggered,68.0,-28.0,864
C,triggered,68.0,-20.0,779
C,triggered,68.0,-12.0,786
C,triggered,68.0,-4.0,851
C,triggered,68.0,4.0,739
C,triggered,68.0,12.0,677
C,triggered,68.0,20.0,621
C,triggered,68.0,28.0,614
C,triggered,68.0,36.0,655
C,triggered,68.0,44.0,757
C,triggered,68.0,52.0,868
C,triggered,68.0,60.0,864
C,triggered,68.0,68.0,817
C,triggered,68.0,76.0,816
C,triggered,68.0,84.0,725
C,triggered,68.0,92.0,523
C,triggered,68.0,100.0,423
C,triggered,68.0,108.0,270
C,triggered,68.0,116.0,164
C,triggered,68.0,124.0,81
C,triggered,68.0,132.0,77
C,triggered,68.0,140.0,82
C,triggered,68.0,148.0,57
C,triggered,68.0,156.0,71
C,triggered,68.0,164.0,79
C,triggered,68.0,172.0,52
C,triggered,68.0,180.0,7
C,triggered,68.0,188.0,7
C,triggered,76.0,-188.0,20
C,triggered,76.0,-180.0,3
C,triggered,76.0,-172.0,24
C,triggered,76.0,-164.0,42
C,triggered,76.0,-156.0,35
C,triggered,76.0,-148.0,35
C,triggered,76.0,-140.0,58
C,triggered,76.0,-132.0,70
C,triggered,76.0,-124.0,61
C,triggered,76.0,-116.0,56
C,triggered,76.0,-108.0,79
C,triggered,76.0,-100.0,127
C,triggered,76.0,-92.0,119
C,triggered,76.0,-84.0,181
C,triggered,76.0,-76.0,255
C,triggered,76.0,-68.0,375
C,triggered,76.0,-60.0,451
C,triggered,76.0,-52.0,574
C,triggered,76.0,-44.0,624
C,triggered,76.0,-36.0,701
C,triggered,76.0,-28.0,672
C,triggered,76.0,-20.0,664
C,triggered,76.0,-12.0,661
C,triggered,76.0,-4.0,665
C,triggered,76.0,4.0,597
C,triggered,76.0,12.0,523
C,triggered,76.0,20.0,522
C,triggered,76.0,28.0,485
C,triggered,76.0,36.0,537
C,triggered,76.0,44.0,668
C,triggered,76.0,52.0,700
C,triggered,76.0,60.0,686
C,triggered,76.0,68.0,659
C,triggered,76.0,76.0,713
C,triggered,76.0,84.0,600
C,triggered,76.0,92.0,518
C,triggered,76.0,100.0,390
C,triggered,76.0,108.0,232
C,triggered,76.0,116.0,118
C,triggered,76.0,124.0,86
C,triggered,76.0,132.0,61
C,triggered,76.0,140.0,68
C,triggered,76.0,148.0,67
C,triggered,76.0,156.0,61
C,triggered,76.0,164.0,66
C,triggered,76.0,172.0,57
C,triggered,76.0,180.0,11
C,triggered,76.0,188.0,7
C,triggered,84.0,-196.0,1
C,triggered,84.0,-188.0,13
C,triggered,84.0,-180.0,3
C,triggered,84.0,-172.0,28
C,triggered,84.0,-164.0,37
C,triggered,84.0,-156.0,38
C,triggered,84.0,-148.0,32
C,triggered,84.0,-140.0,52
C,triggered,84.0,-132.0,61
C,triggered,84.0,-124.0,52
C,triggered,84.0,-116.0,54
C,triggered,84.0,-108.0,77
C,triggered,84.0,-100.0,102
C,triggered,84.0,-92.0,131
C,triggered,84.0,-84.0,208
C,triggered,84.0,-76.0,297
C,triggered,84.0,-68.0,453
C,triggered,84.0,-60.0,546
C,triggered,84.0,-52.0,676
C,triggered,84.0,-44.0,765
C,triggered,84.0,-36.0,815
C,triggered,84.0,-28.0,809
C,triggered,84.0,-20.0,762
C,triggered,84.0,-12.0,793
C,triggered,84.0,-4.0,766
C,triggered,84.0,4.0,627
C,triggered,84.0,12.0,671
C,triggered,84.0,20.0,635
C,triggered,84.0,28.0,529
C,triggered,84.0,36.0,575
C,triggered,84.0,44.0,655
C,triggered,84.0,52.0,635
C,triggered,84.0,60.0,547
C,triggered,84.0,68.0,581
C,triggered,84.0,76.0,666
C,triggered,84.0,84.0,601
C,triggered,84.0,92.0,515
C,triggered,84.0,100.0,413
C,triggered,84.0,108.0,229
C,triggered,84.0,116.0,116
C,triggered,84.0,124.0,79
C,triggered,84.0,132.0,60
C,triggered,84.0,140.0,74
C,triggered,84.0,148.0,45
C,triggered,84.0,156.0,47
C,triggered,84.0,164.0,79
C,triggered,84.0,172.0,49
C,triggered,84.0,180.0,6
C,triggered,84.0,188.0,3
C,triggered,92.0,-196.0,2
C,triggered,92.0,-188.0,10
C,triggered,92.0,-180.0,4
C,triggered,92.0,-172.0,24
C,triggered,92.0,-164.0,34
C,triggered,92.0,-156.0,21
C,triggered,92.0,-148.0,28
C,triggered,92.0,-140.0,47
C,triggered,92.0,-132.0,48
C,triggered,92.0,-124.0,51
C,triggered,92.0,-116.0,64
C,triggered,92.0,-108.0,67
C,triggered,92.0,-100.0,101
C,triggered,92.0,-92.0,160
C,triggered,92.0,-84.0,254
C,triggered,92.0,-76.0,392
C,triggered,92.0,-68.0,537
C,triggered,92.0,-60.0,689
C,triggered,92.0,-52.0,846
C,triggered,92.0,-44.0,929
C,triggered,92.0,-36.0,953
C,triggered,92.0,-28.0,931
C,triggered,92.0,-20.0,910
C,triggered,92.0,-12.0,891
C,triggered,92.0,-4.0,902
C,triggered,92.0,4.0,811
C,triggered,92.0,12.0,753
C,triggered,92.0,20.0,725
C,triggered,92.0,28.0,580
C,triggered,92.0,36.0,693
C,triggered,92.0,44.0,707
C,triggered,92.0,52.0,688
C,triggered,92.0,60.0,561
C,triggered,92.0,68.0,673
C,triggered,92.0,76.0,721
C,triggered,92.0,84.0,690
C,triggered,92.0,92.0,561
C,triggered,92.0,100.0,438
C,triggered,92.0,108.0,241
C,triggered,92.0,116.0,114
C,triggered,92.0,124.0,75
C,triggered,92.0,132.0,43
C,triggered,92.0,140.0,65
C,triggered,92.0,148.0,51
C,triggered,92.0,156.0,45
C,triggered,92.0,164.0,45
C,triggered,92.0,172.0,37
C,triggered,92.0,180.0,6
C,triggered,92.0,188.0,1
C,triggered,100.0,-188.0,8
C,triggered,100.0,-180.0,3
C,triggered,100.0,-172.0,37
C,triggered,100.0,-164.0,39
C,triggered,100.0,-156.0,38
C,triggered,100.0,-148.0,29
C,triggered,100.0,-140.0,65
C,triggered,100.0,-132.0,58
C,triggered,100.0,-124.0,72
C,triggered,100.0,-116.0,60
C,triggered,100.0,-108.0,68
C,triggered,100.0,-100.0,100
C,triggered,100.0,-92.0,158
C,triggered,100.0,-84.0,258
C,triggered,100.0,-76.0,401
C,triggered,100.0,-68.0,585
C,triggered,100.0,-60.0,718
C,triggered,100.0,-52.0,914
C,triggered,100.0,-44.0,978
C,triggered,100.0,-36.0,1113
C,triggered,100.0,-28.0,1057
C,triggered,100.0,-20.0,973
C,triggered,100.0,-12.0,985
C,triggered,100.0,-4.0,957
C,triggered,100.0,4.0,915
C,triggered,100.0,12.0,812
C,triggered,100.0,20.0,714
C,triggered,100.0,28.0,601
C,triggered,100.0,36.0,766
C,triggered,100.0,44.0,776
C,triggered,100.0,52.0,830
C,triggered,100.0,60.0,685
C,triggered,100.0,68.0,776
C,triggered,100.0,76.0,832
C,triggered,100.0,84.0,693
C,triggered,100.0,92.0,618
C,triggered,100.0,100.0,425
C,triggered,100.0,108.0,252
C,triggered,100.0,116.0,126
C,triggered,100.0,124.0,65
C,triggered,100.0,132.0,59
C,triggered,100.0,140.0,76
C,triggered,100.0,148.0,44
C,triggered,100.0,156.0,41
C,triggered,100.0,164.0,70
C,triggered,100.0,172.0,40
C,triggered,100.0,180.0,9
C,triggered,100.0,188.0,3
C,triggered,108.0,-196.0,1
C,triggered,108.0,-188.0,15
C,triggered,108.0,-180.0,4
C,triggered,108.0,-172.0,23
C,triggered,108.0,-164.0,32
C,triggered,108.0,-156.0,37
C,triggered,108.0,-148.0,22
C,triggered,108.0,-140.0,62
C,triggered,108.0,-132.0,70
C,triggered,108.0,-124.0,61
C,triggered,108.0,-116.0,61
C,triggered,108.0,-108.0,85
C,triggered,108.0,-100.0,119
C,triggered,108.0,-92.0,117
C,triggered,108.0,-84.0,230
C,triggered,108.0,-76.0,376
C,triggered,108.0,-68.0,555
C,triggered,108.0,-60.0,682
C,triggered,108.0,-52.0,827
C,triggered,108.0,-44.0,920
C,triggered,108.0,-36.0,938
C,triggered,108.0,-28.0,946
C,triggered,108.0,-20.0,827
C,triggered,108.0,-12.0,880
C,triggered,108.0,-4.0,915
C,triggered,108.0,4.0,846
C,triggered,108.0,12.0,751
C,triggered,108.0,20.0,668
C,triggered,108.0,28.0,603
C,triggered,108.0,36.0,648
C,triggered,108.0,44.0,781
C,triggered,108.0,52.0,794
C,triggered,108.0,60.0,719
C,triggered,108.0,68.0,734
C,triggered,108.0,76.0,739
C,triggered,108.0,84.0,533
C,triggered,108.0,92.0,435
C,triggered,108.0,100.0,348
C,triggered,108.0,108.0,241
C,triggered,108.0,116.0,155
C,triggered,108.0,124.0,77
C,triggered,108.0,132.0,70
C,triggered,108.0,140.0,72
C,triggered,108.0,148.0,62
C,triggered,108.0,156.0,43
C,triggered,108.0,164.0,63
C,triggered,108.0,172.0,37
C,triggered,108.0,180.0,10
C,triggered,108.0,188.0,6
C,triggered,116.0,-196.0,1
C,triggered,116.0,-188.0,6
C,triggered,116.0,-180.0,2
C,triggered,116.0,-172.0,25
C,triggered,116.0,-164.0,38
C,triggered,116.0,-156.0,34
C,triggered,116.0,-148.0,50
C,triggered,116.0,-140.0,61
C,triggered,116.0,-132.0,59
C,triggered,116.0,-124.0,54
C,triggered,116.0,-116.0,61
C,triggered,116.0,-108.0,93
C,triggered,116.0,-100.0,97
C,triggered,116.0,-92.0,126
C,triggered,116.0,-84.0,197
C,triggered,116.0,-76.0,281
C,triggered,116.0,-68.0,435
C,triggered,116.0,-60.0,480
C,triggered,116.0,-52.0,617
C,triggered,116.0,-44.0,743
C,triggered,116.0,-36.0,784
C,triggered,116.0,-28.0,720
C,triggered,116.0,-20.0,681
C,triggered,116.0,-12.0,650
C,triggered,116.0,-4.0,745
C,triggered,116.0,4.0,648
C,triggered,116.0,12.0,576
C,triggered,116.0,20.0,491
C,triggered,116.0,28.0,479
C,triggered,116.0,36.0,520
C,triggered,116.0,44.0,558
C,triggered,116.0,52.0,594
C,triggered,116.0,60.0,519
C,triggered,116.0,68.0,503
C,triggered,116.0,76.0,449
C,triggered,116.0,84.0,424
C,triggered,116.0,92.0,332
C,triggered,116.0,100.0,317
C,triggered,116.0,108.0,214
C,triggered,116.0,116.0,128
C,triggered,116.0,124.0,86
C,triggered,116.0,132.0,65
C,triggered,116.0,140.0,80
C,triggered,116.0,148.0,54
C,triggered,116.0,156.0,33
C,triggered,116.0,164.0,52
C,triggered,116.0,172.0,29
C,triggered,116.0,180.0,6
C,triggered,116.0,188.0,4
C,triggered,124.0,-196.0,1
C,triggered,124.0,-188.0,7
C,triggered,124.0,-180.0,3
C,triggered,124.0,-172.0,24
C,triggered,124.0,-164.0,35
C,triggered,124.0,-156.0,28
C,triggered,124.0,-148.0,48
C,triggered,124.0,-140.0,80
C,triggered,124.0,-132.0,60
C,triggered,124.0,-124.0,77
C,triggered,124.0,-116.0,86
C,triggered,124.0,-108.0,110
C,triggered,124.0,-100.0,98
C,triggered,124.0,-92.0,99
C,triggered,124.0,-84.0,177
C,triggered,124.0,-76.0,205
C,triggered,124.0,-68.0,352
C,triggered,124.0,-60.0,401
C,triggered,124.0,-52.0,484
C,triggered,124.0,-44.0,489
C,triggered,124.0,-36.0,561
C,triggered,124.0,-28.0,599
C,triggered,124.0,-20.0,562
C,triggered,124.0,-12.0,538
C,triggered,124.0,-4.0,527
C,triggered,124.0,4.0,492
C,triggered,124.0,12.0,372
C,triggered,124.0,20.0,315
C,triggered,124.0,28.0,220
C,triggered,124.0,36.0,324
C,triggered,124.0,44.0,310
C,triggered,124.0,52.0,313
C,triggered,124.0,60.0,301
C,triggered,124.0,68.0,289
C,triggered,124.0,76.0,336
C,triggered,124.0,84.0,256
C,triggered,124.0,92.0,249
C,triggered,124.0,100.0,187
C,triggered,124.0,108.0,162
C,triggered,124.0,116.0,106
C,triggered,124.0,124.0,79
C,triggered,124.0,132.0,69
C,triggered,124.0,140.0,82
C,triggered,124.0,148.0,47
C,triggered,124.0,156.0,42
C,triggered,124.0,164.0,58
C,triggered,124.0,172.0,45
C,triggered,124.0,180.0,8
C,triggered,124.0,188.0,6
C,triggered,124.0,196.0,1
C,triggered,132.0,-188.0,5
C,triggered,132.0,-180.0,1
C,triggered,132.0,-172.0,17
C,triggered,132.0,-164.0,36
C,triggered,132.0,-156.0,32
C,triggered,132.0,-148.0,42
C,triggered,132.0,-140.0,61
C,triggered,132.0,-132.0,56
C,triggered,132.0,-124.0,59
C,triggered,132.0,-116.0,79
C,triggered,132.0,-108.0,84
C,triggered,132.0,-100.0,92
C,triggered,132.0,-92.0,75
C,triggered,132.0,-84.0,116
C,triggered,132.0,-76.0,147
C,triggered,132.0,-68.0,225
C,triggered,132.0,-60.0,253
C,triggered,132.0,-52.0,291
C,triggered,132.0,-44.0,322
C,triggered,132.0,-36.0,336
C,triggered,132.0,-28.0,346
C,triggered,132.0,-20.0,365
C,triggered,132.0,-12.0,350
C,triggered,132.0,-4.0,318
C,triggered,132.0,4.0,293
C,triggered,132.0,12.0,240
C,triggered,132.0,20.0,206
C,triggered,132.0,28.0,182
C,triggered,132.0,36.0,200
C,triggered,132.0,44.0,173
C,triggered,132.0,52.0,177
C,triggered,132.0,60.0,148
C,triggered,132.0,68.0,144
C,triggered,132.0,76.0,168
C,triggered,132.0,84.0,139
C,triggered,132.0,92.0,130
C,triggered,132.0,100.0,110
C,triggered,132.0,108.0,91
C,triggered,132.0,116.0,95
C,triggered,132.0,124.0,63
C,triggered,132.0,132.0,49
C,triggered,132.0,140.0,62
C,triggered,132.0,148.0,40
C,triggered,132.0,156.0,33
C,triggered,132.0,164.0,47
C,triggered,132.0,172.0,32
C,triggered,132.0,180.0,2
C,triggered,132.0,188.0,1
C,triggered,140.0,-188.0,1
C,triggered,140.0,-180.0,3
C,triggered,140.0,-172.0,15
C,triggered,140.0,-164.0,22
C,triggered,140.0,-156.0,22
C,triggered,140.0,-148.0,28
C,triggered,140.0,-140.0,52
C,triggered,140.0,-132.0,35
C,triggered,140.0,-124.0,42
C,triggered,140.0,-116.0,55
C,triggered,140.0,-108.0,70
C,triggered,140.0,-100.0,51
C,triggered,140.0,-92.0,46
C,triggered,140.0,-84.0,62
C,triggered,140.0,-76.0,85
C,triggered,140.0,-68.0,111
C,triggered,140.0,-60.0,132
C,triggered,140.0,-52.0,116
C,triggered,140.0,-44.0,153
C,triggered,140.0,-36.0,148
C,triggered,140.0,-28.0,180
C,triggered,140.0,-20.0,171
C,triggered,140.0,-12.0,159
C,triggered,140.0,-4.0,149
C,triggered,140.0,4.0,161
C,triggered,140.0,12.0,111
C,triggered,140.0,20.0,95
C,triggered,140.0,28.0,115
C,triggered,140.0,36.0,106
C,triggered,140.0,44.0,114
C,triggered,140.0,52.0,102
C,triggered,140.0,60.0,93
C,triggered,140.0,68.0,89
C,triggered,140.0,76.0,81
C,triggered,140.0,84.0,99
C,triggered,140.0,92.0,78
C,triggered,140.0,100.0,72
C,triggered,140.0,108.0,71
C,triggered,140.0,116.0,52
C,triggered,140.0,124.0,50
C,triggered,140.0,132.0,44
C,triggered,140.0,140.0,53
C,triggered,140.0,148.0,38
C,triggered,140.0,156.0,29
C,triggered,140.0,164.0,46
C,triggered,140.0,172.0,34
C,triggered,140.0,180.0,1
C,triggered,140.0,188.0,1
C,triggered,148.0,-188.0,2
C,triggered,148.0,-180.0,1
C,triggered,148.0,-172.0,10
C,triggered,148.0,-164.0,23
C,triggered,148.0,-156.0,23
C,triggered,148.0,-148.0,23
C,triggered,148.0,-140.0,47
C,triggered,148.0,-132.0,41
C,triggered,148.0,-124.0,34
C,triggered,148.0,-116.0,46
C,triggered,148.0,-108.0,54
C,triggered,148.0,-100.0,43
C,triggered,148.0,-92.0,45
C,triggered,148.0,-84.0,42
C,triggered,148.0,-76.0,54
C,triggered,148.0,-68.0,78
C,triggered,148.0,-60.0,73
C,triggered,148.0,-52.0,84
C,triggered,148.0,-44.0,104
C,triggered,148.0,-36.0,108
C,triggered,148.0,-28.0,97
C,triggered,148.0,-20.0,90
C,triggered,148.0,-12.0,99
C,triggered,148.0,-4.0,101
C,triggered,148.0,4.0,90
C,triggered,148.0,12.0,90
C,triggered,148.0,20.0,74
C,triggered,148.0,28.0,76
C,triggered,148.0,36.0,72
C,triggered,148.0,44.0,75
C,triggered,148.0,52.0,78
C,triggered,148.0,60.0,56
C,triggered,148.0,68.0,70
C,triggered,148.0,76.0,77
C,triggered,148.0,84.0,77
C,triggered,148.0,92.0,65
C,triggered,148.0,100.0,68
C,triggered,148.0,108.0,82
C,triggered,148.0,116.0,56
C,triggered,148.0,124.0,46
C,triggered,148.0,132.0,51
C,triggered,148.0,140.0,53
C,triggered,148.0,148.0,38
C,triggered,148.0,156.0,37
C,triggered,148.0,164.0,40
C,triggered,148.0,172.0,34
C,triggered,148.0,180.0,3
C,triggered,156.0,-188.0,2
C,triggered,156.0,-172.0,10
C,triggered,156.0,-164.0,24
C,triggered,156.0,-156.0,24
C,triggered,156.0,-148.0,27
C,triggered,156.0,-140.0,17
C,triggered,156.0,-132.0,21
C,triggered,156.0,-124.0,23
C,triggered,156.0,-116.0,31
C,triggered,156.0,-108.0,26
C,triggered,156.0,-100.0,39
C,triggered,156.0,-92.0,41
C,triggered,156.0,-84.0,33
C,triggered,156.0,-76.0,47
C,triggered,156.0,-68.0,59
C,triggered,156.0,-60.0,65
C,triggered,156.0,-52.0,55
C,triggered,156.0,-44.0,61
C,triggered,156.0,-36.0,75
C,triggered,156.0,-28.0,76
C,triggered,156.0,-20.0,70
C,triggered,156.0,-12.0,70
C,triggered,156.0,-4.0,81
C,triggered,156.0,4.0,65
C,triggered,156.0,12.0,67
C,triggered,156.0,20.0,83
C,triggered,156.0,28.0,63
C,triggered,156.0,36.0,69
C,triggered,156.0,44.0,60
C,triggered,156.0,52.0,55
C,triggered,156.0,60.0,67
C,triggered,156.0,68.0,58
C,triggered,156.0,76.0,63
C,triggered,156.0,84.0,53
C,triggered,156.0,92.0,59
C,triggered,156.0,100.0,46
C,triggered,156.0,108.0,40
C,triggered,156.0,116.0,50
C,triggered,156.0,124.0,44
C,triggered,156.0,132.0,44
C,triggered,156.0,140.0,50
C,triggered,156.0,148.0,25
C,triggered,156.0,156.0,34
C,triggered,156.0,164.0,44
C,triggered,156.0,172.0,26
C,triggered,156.0,180.0,2
C,triggered,164.0,-196.0,1
C,triggered,164.0,-188.0,7
C,triggered,164.0,-180.0,2
C,triggered,164.0,-172.0,8
C,triggered,164.0,-164.0,21
C,triggered,164.0,-156.0,17
C,triggered,164.0,-148.0,17
C,triggered,164.0,-140.0,24
C,triggered,164.0,-132.0,26
C,triggered,164.0,-124.0,24
C,triggered,164.0,-116.0,38
C,triggered,164.0,-108.0,38
C,triggered,164.0,-100.0,38
C,triggered,164.0,-92.0,26
C,triggered,164.0,-84.0,42
C,triggered,164.0,-76.0,51
C,triggered,164.0,-68.0,51
C,triggered,164.0,-60.0,59
C,triggered,164.0,-52.0,53
C,triggered,164.0,-44.0,64
C,triggered,164.0,-36.0,63
C,triggered,164.0,-28.0,63
C,triggered,164.0,-20.0,63
C,triggered,164.0,-12.0,93
C,triggered,164.0,-4.0,96
C,triggered,164.0,4.0,118
C,triggered,164.0,12.0,69
C,triggered,164.0,20.0,67
C,triggered,164.0,28.0,62
C,triggered,164.0,36.0,65
C,triggered,164.0,44.0,81
C,triggered,164.0,52.0,64
C,triggered,164.0,60.0,78
C,triggered,164.0,68.0,65
C,triggered,164.0,76.0,57
C,triggered,164.0,84.0,60
C,triggered,164.0,92.0,66
C,triggered,164.0,100.0,52
C,triggered,164.0,108.0,68
C,triggered,164.0,116.0,56
C,triggered,164.0,124.0,43
C,triggered,164.0,132.0,34
C,triggered,164.0,140.0,40
C,triggered,164.0,148.0,29
C,triggered,164.0,156.0,37
C,triggered,164.0,164.0,41
C,triggered,164.0,172.0,37
C,triggered,164.0,180.0,6
C,triggered,164.0,188.0,2
C,triggered,172.0,-196.0,1
C,triggered,172.0,-188.0,4
C,triggered,172.0,-172.0,19
C,triggered,172.0,-164.0,14
C,triggered,172.0,-156.0,14
C,triggered,172.0,-148.0,15
C,triggered,172.0,-140.0,19
C,triggered,172.0,-132.0,26
C,triggered,172.0,-124.0,22
C,triggered,172.0,-116.0,20
C,triggered,172.0,-108.0,40
C,triggered,172.0,-100.0,16
C,triggered,172.0,-92.0,17
C,triggered,172.0,-84.0,29
C,triggered,172.0,-76.0,28
C,triggered,172.0,-68.0,48
C,triggered,172.0,-60.0,37
C,triggered,172.0,-52.0,59
C,triggered,172.0,-44.0,59
C,triggered,172.0,-36.0,54
C,triggered,172.0,-28.0,46
C,triggered,172.0,-20.0,63
C,triggered,172.0,-12.0,60
C,triggered,172.0,-4.0,88
C,triggered,172.0,4.0,96
C,triggered,172.0,12.0,81
C,triggered,172.0,20.0,53
C,triggered,172.0,28.0,50
C,triggered,172.0,36.0,44
C,triggered,172.0,44.0,51
C,triggered,172.0,52.0,48
C,triggered,172.0,60.0,52
C,triggered,172.0,68.0,73
C,triggered,172.0,76.0,58
C,triggered,172.0,84.0,59
C,triggered,172.0,92.0,81
C,triggered,172.0,100.0,72
C,triggered,172.0,108.0,48
C,triggered,172.0,116.0,38
C,triggered,172.0,124.0,43
C,triggered,172.0,132.0,36
C,triggered,172.0,140.0,29
C,triggered,172.0,148.0,26
C,triggered,172.0,156.0,30
C,triggered,172.0,164.0,39
C,triggered,172.0,172.0,31
C,triggered,172.0,180.0,2
C,triggered,180.0,-172.0,4
C,triggered,180.0,-164.0,8
C,triggered,180.0,-156.0,3
C,triggered,180.0,-148.0,10
C,triggered,180.0,-140.0,9
C,triggered,180.0,-132.0,9
C,triggered,180.0,-124.0,3
C,triggered,180.0,-116.0,11
C,triggered,180.0,-108.0,8
C,triggered,180.0,-100.0,5
C,triggered,180.0,-92.0,5
C,triggered,180.0,-84.0,9
C,triggered,180.0,-76.0,11
C,triggered,180.0,-68.0,17
C,triggered,180.0,-60.0,17
C,triggered,180.0,-52.0,13
C,triggered,180.0,-44.0,11
C,triggered,180.0,-36.0,23
C,triggered,180.0,-28.0,15
C,triggered,180.0,-20.0,19
C,triggered,180.0,-12.0,23
C,triggered,180.0,-4.0,22
C,triggered,180.0,4.0,27
C,triggered,180.0,12.0,19
C,triggered,180.0,20.0,14
C,triggered,180.0,28.0,20
C,triggered,180.0,36.0,14
C,triggered,180.0,44.0,17
C,triggered,180.0,52.0,14
C,triggered,180.0,60.0,12
C,triggered,180.0,68.0,11
C,triggered,180.0,76.0,13
C,triggered,180.0,84.0,20
C,triggered,180.0,92.0,24
C,triggered,180.0,100.0,23
C,triggered,180.0,108.0,22
C,triggered,180.0,116.0,15
C,triggered,180.0,124.0,14
C,triggered,180.0,132.0,14
C,triggered,180.0,140.0,8
C,triggered,180.0,148.0,10
C,triggered,180.0,156.0,19
C,triggered,180.0,164.0,8
C,triggered,180.0,172.0,19
C,triggered,188.0,-172.0,1
C,triggered,188.0,-164.0,5
C,triggered,188.0,-156.0,2
C,triggered,188.0,-148.0,3
C,triggered,188.0,-140.0,5
C,triggered,188.0,-132.0,2
C,triggered,188.0,-124.0,3
C,triggered,188.0,-116.0,5
C,triggered,188.0,-108.0,4
C,triggered,188.0,-100.0,3
C,triggered,188.0,-92.0,1
C,triggered,188.0,-84.0,4
C,triggered,188.0,-76.0,3
C,triggered,188.0,-68.0,4
C,triggered,188.0,-60.0,3
C,triggered,188.0,-52.0,3
C,triggered,188.0,-44.0,3
C,triggered,188.0,-36.0,5
C,triggered,188.0,-28.0,1
C,triggered,188.0,-20.0,4
C,triggered,188.0,-12.0,4
C,triggered,188.0,-4.0,6
C,triggered,188.0,4.0,2
C,triggered,188.0,12.0,3
C,triggered,188.0,20.0,2
C,triggered,188.0,28.0,3
C,triggered,188.0,36.0,4
C,triggered,188.0,44.0,5
C,triggered,188.0,52.0,6
C,triggered,188.0,60.0,5
C,triggered,188.0,68.0,2
C,triggered,188.0,76.0,3
C,triggered,188.0,84.0,3
C,triggered,188.0,92.0,4
C,triggered,188.0,100.0,6
C,triggered,188.0,108.0,7
C,triggered,188.0,116.0,2
C,triggered,188.0,124.0,3
C,triggered,188.0,132.0,4
C,triggered,188.0,148.0,1
C,triggered,188.0,156.0,1
C,triggered,188.0,164.0,5
C,triggered,196.0,-172.0,1
C,triggered,196.0,-132.0,1
C,triggered,196.0,-124.0,1
C,triggered,196.0,-116.0,1
C,triggered,196.0,-108.0,1
C,triggered,196.0,-68.0,1
C,triggered,196.0,-60.0,1
C,triggered,196.0,-36.0,1
C,triggered,196.0,-12.0,1
C,triggered,196.0,-4.0,2
C,triggered,196.0,92.0,1
C,triggered,196.0,116.0,1
D,triggered,-196.0,-196.0,17
D,triggered,-196.0,-188.0,156
D,triggered,-196.0,-180.0,205
D,triggered,-196.0,-172.0,21
D,triggered,-196.0,-164.0,12
D,triggered,-196.0,-156.0,23
D,triggered,-196.0,-148.0,881
D,triggered,-196.0,-140.0,1590
D,triggered,-196.0,-132.0,1164
D,triggered,-196.0,-124.0,771
D,triggered,-196.0,-116.0,136
D,triggered,-196.0,-108.0,45
D,triggered,-196.0,-100.0,7
D,triggered,-196.0,-92.0,119
D,triggered,-196.0,-84.0,922
D,triggered,-196.0,-76.0,49
D,triggered,-196.0,-52.0,1
D,triggered,-196.0,-4.0,1
D,triggered,-196.0,4.0,1
D,triggered,-196.0,28.0,2
D,triggered,-196.0,44.0,1
D,triggered,-196.0,60.0,4
D,triggered,-196.0,100.0,2
D,triggered,-196.0,108.0,1
D,triggered,-196.0,156.0,15
D,triggered,-196.0,164.0,14
D,triggered,-196.0,172.0,15
D,triggered,-196.0,180.0,894
D,triggered,-196.0,188.0,1658
D,triggered,-196.0,196.0,700
D,triggered,-188.0,-196.0,1
D,triggered,-188.0,-188.0,11
D,triggered,-188.0,-180.0,6
D,triggered,-188.0,-172.0,13
D,triggered,-188.0,-164.0,34
D,triggered,-188.0,-156.0,22
D,triggered,-188.0,-148.0,120
D,triggered,-188.0,-140.0,301
D,triggered,-188.0,-132.0,405
D,triggered,-188.0,-124.0,210
D,triggered,-188.0,-116.0,38
D,triggered,-188.0,-108.0,25
D,triggered,-188.0,-100.0,22
D,triggered,-188.0,-92.0,356
D,triggered,-188.0,-84.0,2800
D,triggered,-188.0,-76.0,1124
D,triggered,-188.0,-68.0,27
D,triggered,-188.0,-60.0,22
D,triggered,-188.0,-52.0,108
D,triggered,-188.0,-44.0,57
D,triggered,-188.0,-36.0,52
D,triggered,-188.0,-28.0,52
D,triggered,-188.0,-20.0,27
D,triggered,-188.0,-12.0,96
D,triggered,-188.0,-4.0,36
D,triggered,-188.0,4.0,37
D,triggered,-188.0,12.0,31
D,triggered,-188.0,20.0,80
D,triggered,-188.0,28.0,50
D,triggered,-188.0,36.0,27
D,triggered,-188.0,44.0,14
D,triggered,-188.0,52.0,3
D,triggered,-188.0,60.0,18
D,triggered,-188.0,68.0,46
D,triggered,-188.0,76.0,52
D,triggered,-188.0,84.0,9
D,triggered,-188.0,92.0,7
D,triggered,-188.0,100.0,11
D,triggered,-188.0,108.0,9
D,triggered,-188.0,116.0,9
D,triggered,-188.0,124.0,6
D,triggered,-188.0,132.0,42
D,triggered,-188.0,140.0,156
D,triggered,-188.0,148.0,129
D,triggered,-188.0,156.0,15
D,triggered,-188.0,164.0,28
D,triggered,-188.0,172.0,20
D,triggered,-188.0,180.0,85
D,triggered,-188.0,188.0,240
D,triggered,-188.0,196.0,78
D,triggered,-180.0,-172.0,2
D,triggered,-180.0,-164.0,5
D,triggered,-180.0,-156.0,11
D,triggered,-180.0,-148.0,11
D,triggered,-180.0,-140.0,5
D,triggered,-180.0,-132.0,10
D,triggered,-180.0,-124.0,14
D,triggered,-180.0,-116.0,6
D,triggered,-180.0,-108.0,14
D,triggered,-180.0,-100.0,12
D,triggered,-180.0,-92.0,17
D,triggered,-180.0,-84.0,29
D,triggered,-180.0,-76.0,26
D,triggered,-180.0,-68.0,32
D,triggered,-180.0,-60.0,25
D,triggered,-180.0,-52.0,45
D,triggered,-180.0,-44.0,23
D,triggered,-180.0,-36.0,48
D,triggered,-180.0,-28.0,43
D,triggered,-180.0,-20.0,58
D,triggered,-180.0,-12.0,66
D,triggered,-180.0,-4.0,60
D,triggered,-180.0,4.0,47
D,triggered,-180.0,12.0,45
D,triggered,-180.0,20.0,61
D,triggered,-180.0,28.0,45
D,triggered,-180.0,36.0,27
D,triggered,-180.0,44.0,14
D,triggered,-180.0,52.0,9
D,triggered,-180.0,60.0,16
D,triggered,-180.0,68.0,48
D,triggered,-180.0,76.0,44
D,triggered,-180.0,84.0,18
D,triggered,-180.0,92.0,7
D,triggered,-180.0,100.0,14
D,triggered,-180.0,108.0,24
D,triggered,-180.0,116.0,14
D,triggered,-180.0,124.0,18
D,triggered,-180.0,132.0,32
D,triggered,-180.0,140.0,17
D,triggered,-180.0,148.0,16
D,triggered,-180.0,156.0,7
D,triggered,-180.0,164.0,10
D,triggered,-180.0,172.0,9
D,triggered,-172.0,-188.0,1
D,triggered,-172.0,-172.0,2
D,triggered,-172.0,-164.0,5
D,triggered,-172.0,-156.0,6
D,triggered,-172.0,-148.0,3
D,triggered,-172.0,-140.0,5
D,triggered,-172.0,-132.0,4
D,triggered,-172.0,-124.0,6
D,triggered,-172.0,-116.0,8
D,triggered,-172.0,-108.0,10
D,triggered,-172.0,-100.0,6
D,triggered,-172.0,-92.0,16
D,triggered,-172.0,-84.0,8
D,triggered,-172.0,-76.0,24
D,triggered,-172.0,-68.0,22
D,triggered,-172.0,-60.0,24
D,triggered,-172.0,-52.0,27
D,triggered,-172.0,-44.0,33
D,triggered,-172.0,-36.0,34
D,triggered,-172.0,-28.0,31
D,triggered,-172.0,-20.0,33
D,triggered,-172.0,-12.0,37
D,triggered,-172.0,-4.0,42
D,triggered,-172.0,4.0,31
D,triggered,-172.0,12.0,41
D,triggered,-172.0,20.0,34
D,triggered,-172.0,28.0,33
D,triggered,-172.0,36.0,21
D,triggered,-172.0,44.0,14
D,triggered,-172.0,52.0,6
D,triggered,-172.0,60.0,15
D,triggered,-172.0,68.0,35
D,triggered,-172.0,76.0,22
D,triggered,-172.0,84.0,20
D,triggered,-172.0,92.0,11
D,triggered,-172.0,100.0,20
D,triggered,-172.0,108.0,13
D,triggered,-172.0,116.0,14
D,triggered,-172.0,124.0,7
D,triggered,-172.0,132.0,14
D,triggered,-172.0,140.0,6
D,triggered,-172.0,148.0,7
D,triggered,-172.0,156.0,7
D,triggered,-172.0,164.0,6
D,triggered,-172.0,172.0,1
D,triggered,-164.0,-172.0,5
D,triggered,-164.0,-164.0,7
D,triggered,-164.0,-156.0,1
D,triggered,-164.0,-148.0,6
D,triggered,-164.0,-140.0,2
D,triggered,-164.0,-132.0,2
D,triggered,-164.0,-124.0,6
D,triggered,-164.0,-116.0,6
D,triggered,-164.0,-108.0,6
D,triggered,-164.0,-100.0,5
D,triggered,-164.0,-92.0,7
D,triggered,-164.0,-84.0,12
D,triggered,-164.0,-76.0,6
D,triggered,-164.0,-68.0,13
D,triggered,-164.0,-60.0,10
D,triggered,-164.0,-52.0,3
D,triggered,-164.0,-44.0,12
D,triggered,-164.0,-36.0,10
D,triggered,-164.0,-28.0,14
D,triggered,-164.0,-20.0,21
D,triggered,-164.0,-12.0,14
D,triggered,-164.0,-4.0,16
D,triggered,-164.0,4.0,15
D,triggered,-164.0,12.0,15
D,triggered,-164.0,20.0,11
D,triggered,-164.0,28.0,19
D,triggered,-164.0,36.0,15
D,triggered,-164.0,44.0,9
D,triggered,-164.0,52.0,3
D,triggered,-164.0,60.0,12
D,triggered,-164.0,68.0,19
D,triggered,-164.0,76.0,14
D,triggered,-164.0,84.0,8
D,triggered,-164.0,92.0,13
D,triggered,-164.0,100.0,12
D,triggered,-164.0,108.0,8
D,triggered,-164.0,116.0,11
D,triggered,-164.0,124.0,11
D,triggered,-164.0,132.0,7
D,triggered,-164.0,140.0,6
D,triggered,-164.0,148.0,4
D,triggered,-164.0,156.0,1
D,triggered,-164.0,164.0,1
D,triggered,-156.0,-172.0,1
D,triggered,-156.0,-164.0,1
D,triggered,-156.0,-156.0,5
D,triggered,-156.0,-148.0,8
D,triggered,-156.0,-140.0,1
D,triggered,-156.0,-132.0,2
D,triggered,-156.0,-124.0,3
D,triggered,-156.0,-116.0,5
D,triggered,-156.0,-108.0,12
D,triggered,-156.0,-100.0,4
D,triggered,-156.0,-92.0,2
D,triggered,-156.0,-84.0,8
D,triggered,-156.0,-76.0,5
D,triggered,-156.0,-68.0,4
D,triggered,-156.0,-60.0,14
D,triggered,-156.0,-52.0,11
D,triggered,-156.0,-44.0,13
D,triggered,-156.0,-36.0,14
D,triggered,-156.0,-28.0,9
D,triggered,-156.0,-20.0,10
D,triggered,-156.0,-12.0,7
D,triggered,-156.0,-4.0,15
D,triggered,-156.0,4.0,14
D,triggered,-156.0,12.0,14
D,triggered,-156.0,20.0,7
D,triggered,-156.0,28.0,11
D,triggered,-156.0,36.0,17
D,triggered,-156.0,44.0,7
D,triggered,-156.0,52.0,7
D,triggered,-156.0,60.0,4
D,triggered,-156.0,68.0,10
D,triggered,-156.0,76.0,13
D,triggered,-156.0,84.0,13
D,triggered,-156.0,92.0,13
D,triggered,-156.0,100.0,7
D,triggered,-156.0,108.0,13
D,triggered,-156.0,116.0,7
D,triggered,-156.0,124.0,6
D,triggered,-156.0,132.0,10
D,triggered,-156.0,140.0,8
D,triggered,-156.0,148.0,3
D,triggered,-156.0,156.0,2
D,triggered,-156.0,164.0,3
D,triggered,-148.0,-172.0,1
D,triggered,-148.0,-164.0,5
D,triggered,-148.0,-156.0,3
D,triggered,-148.0,-148.0,6
D,triggered,-148.0,-140.0,7
D,triggered,-148.0,-132.0,6
D,triggered,-148.0,-124.0,6
D,triggered,-148.0,-116.0,8
D,triggered,-148.0,-108.0,9
D,triggered,-148.0,-100.0,14
D,triggered,-148.0,-92.0,12
D,triggered,-148.0,-84.0,12
D,triggered,-148.0,-76.0,16
D,triggered,-148.0,-68.0,9
D,triggered,-148.0,-60.0,23
D,triggered,-148.0,-52.0,39
D,triggered,-148.0,-44.0,31
D,triggered,-148.0,-36.0,64
D,triggered,-148.0,-28.0,34
D,triggered,-148.0,-20.0,20
D,triggered,-148.0,-12.0,72
D,triggered,-148.0,-4.0,30
D,triggered,-148.0,4.0,20
D,triggered,-148.0,12.0,18
D,triggered,-148.0,20.0,42
D,triggered,-148.0,28.0,31
D,triggered,-148.0,36.0,12
D,triggered,-148.0,44.0,17
D,triggered,-148.0,52.0,4
D,triggered,-148.0,60.0,13
D,triggered,-148.0,68.0,45
D,triggered,-148.0,76.0,57
D,triggered,-148.0,84.0,14
D,triggered,-148.0,92.0,9
D,triggered,-148.0,100.0,10
D,triggered,-148.0,108.0,11
D,triggered,-148.0,116.0,14
D,triggered,-148.0,124.0,11
D,triggered,-148.0,132.0,23
D,triggered,-148.0,140.0,30
D,triggered,-148.0,148.0,8
D,triggered,-148.0,156.0,4
D,triggered,-148.0,164.0,3
D,triggered,-140.0,-180.0,1
D,triggered,-140.0,-172.0,3
D,triggered,-140.0,-164.0,6
D,triggered,-140.0,-156.0,1
D,triggered,-140.0,-148.0,8
D,triggered,-140.0,-140.0,2
D,triggered,-140.0,-132.0,8
D,triggered,-140.0,-124.0,12
D,triggered,-140.0,-116.0,10
D,triggered,-140.0,-108.0,8
D,triggered,-140.0,-100.0,13
D,triggered,-140.0,-92.0,12
D,triggered,-140.0,-84.0,21
D,triggered,-140.0,-76.0,17
D,triggered,-140.0,-68.0,22
D,triggered,-140.0,-60.0,16
D,triggered,-140.0,-52.0,27
D,triggered,-140.0,-44.0,34
D,triggered,-140.0,-36.0,31
D,triggered,-140.0,-28.0,32
D,triggered,-140.0,-20.0,31
D,triggered,-140.0,-12.0,37
D,triggered,-140.0,-4.0,28
D,triggered,-140.0,4.0,26
D,triggered,-140.0,12.0,26
D,triggered,-140.0,20.0,31
D,triggered,-140.0,28.0,23
D,triggered,-140.0,36.0,18
D,triggered,-140.0,44.0,16
D,triggered,-140.0,52.0,6
D,triggered,-140.0,60.0,19
D,triggered,-140.0,68.0,40
D,triggered,-140.0,76.0,34
D,triggered,-140.0,84.0,19
D,triggered,-140.0,92.0,17
D,triggered,-140.0,100.0,10
D,triggered,-140.0,108.0,11
D,triggered,-140.0,116.0,9
D,triggered,-140.0,124.0,10
D,triggered,-140.0,132.0,20
D,triggered,-140.0,140.0,19
D,triggered,-140.0,148.0,7
D,triggered,-140.0,156.0,4
D,triggered,-140.0,164.0,4
D,triggered,-132.0,-164.0,2
D,triggered,-132.0,-156.0,5
D,triggered,-132.0,-148.0,10
D,triggered,-132.0,-140.0,8
D,triggered,-132.0,-132.0,6
D,triggered,-132.0,-124.0,5
D,triggered,-132.0,-116.0,7
D,triggered,-132.0,-108.0,12
D,triggered,-132.0,-100.0,17
D,triggered,-132.0,-92.0,15
D,triggered,-132.0,-84.0,19
D,triggered,-132.0,-76.0,20
D,triggered,-132.0,-68.0,20
D,triggered,-132.0,-60.0,20
D,triggered,-132.0,-52.0,47
D,triggered,-132.0,-44.0,46
D,triggered,-132.0,-36.0,72
D,triggered,-132.0,-28.0,51
D,triggered,-132.0,-20.0,43
D,triggered,-132.0,-12.0,69
D,triggered,-132.0,-4.0,42
D,triggered,-132.0,4.0,27
D,triggered,-132.0,12.0,31
D,triggered,-132.0,20.0,51
D,triggered,-132.0,28.0,46
D,triggered,-132.0,36.0,28
D,triggered,-132.0,44.0,18
D,triggered,-132.0,52.0,5
D,triggered,-132.0,60.0,18
D,triggered,-132.0,68.0,72
D,triggered,-132.0,76.0,58
D,triggered,-132.0,84.0,24
D,triggered,-132.0,92.0,17
D,triggered,-132.0,100.0,22
D,triggered,-132.0,108.0,14
D,triggered,-132.0,116.0,10
D,triggered,-132.0,124.0,16
D,triggered,-132.0,132.0,34
D,triggered,-132.0,140.0,28
D,triggered,-132.0,148.0,21
D,triggered,-132.0,156.0,8
D,triggered,-132.0,164.0,7
D,triggered,-132.0,172.0,1
D,triggered,-124.0,-172.0,2
D,triggered,-124.0,-164.0,3
D,triggered,-124.0,-156.0,2
D,triggered,-124.0,-148.0,2
D,triggered,-124.0,-140.0,5
D,triggered,-124.0,-132.0,2
D,triggered,-124.0,-124.0,5
D,triggered,-124.0,-116.0,5
D,triggered,-124.0,-108.0,20
D,triggered,-124.0,-100.0,18
D,triggered,-124.0,-92.0,15
D,triggered,-124.0,-84.0,17
D,triggered,-124.0,-76.0,22
D,triggered,-124.0,-68.0,27
D,triggered,-124.0,-60.0,33
D,triggered,-124.0,-52.0,35
D,triggered,-124.0,-44.0,28
D,triggered,-124.0,-36.0,53
D,triggered,-124.0,-28.0,49
D,triggered,-124.0,-20.0,47
D,triggered,-124.0,-12.0,48
D,triggered,-124.0,-4.0,54
D,triggered,-124.0,4.0,45
D,triggered,-124.0,12.0,38
D,triggered,-124.0,20.0,37
D,triggered,-124.0,28.0,40
D,triggered,-124.0,36.0,41
D,triggered,-124.0,44.0,38
D,triggered,-124.0,52.0,9
D,triggered,-124.0,60.0,27
D,triggered,-124.0,68.0,67
D,triggered,-124.0,76.0,53
D,triggered,-124.0,84.0,35
D,triggered,-124.0,92.0,37
D,triggered,-124.0,100.0,21
D,triggered,-124.0,108.0,17
D,triggered,-124.0,116.0,11
D,triggered,-124.0,124.0,9
D,triggered,-124.0,132.0,21
D,triggered,-124.0,140.0,11
D,triggered,-124.0,148.0,9
D,triggered,-124.0,156.0,9
D,triggered,-124.0,164.0,11
D,triggered,-124.0,172.0,1
D,triggered,-116.0,-164.0,6
D,triggered,-116.0,-156.0,5
D,triggered,-116.0,-148.0,6
D,triggered,-116.0,-140.0,9
D,triggered,-116.0,-132.0,7
D,triggered,-116.0,-124.0,10
D,triggered,-116.0,-116.0,7
D,triggered,-116.0,-108.0,11
D,triggered,-116.0,-100.0,13
D,triggered,-116.0,-92.0,21
D,triggered,-116.0,-84.0,30
D,triggered,-116.0,-76.0,54
D,triggered,-116.0,-68.0,53
D,triggered,-116.0,-60.0,68
D,triggered,-116.0,-52.0,114
D,triggered,-116.0,-44.0,110
D,triggered,-116.0,-36.0,140
D,triggered,-116.0,-28.0,137
D,triggered,-116.0,-20.0,110
D,triggered,-116.0,-12.0,161
D,triggered,-116.0,-4.0,78
D,triggered,-116.0,4.0,78
D,triggered,-116.0,12.0,97
D,triggered,-116.0,20.0,75
D,triggered,-116.0,28.0,111
D,triggered,-116.0,36.0,99
D,triggered,-116.0,44.0,91
D,triggered,-116.0,52.0,26
D,triggered,-116.0,60.0,42
D,triggered,-116.0,68.0,124
D,triggered,-116.0,76.0,114
D,triggered,-116.0,84.0,91
D,triggered,-116.0,92.0,42
D,triggered,-116.0,100.0,26
D,triggered,-116.0,108.0,34
D,triggered,-116.0,116.0,31
D,triggered,-116.0,124.0,13
D,triggered,-116.0,132.0,9
D,triggered,-116.0,140.0,22
D,triggered,-116.0,148.0,12
D,triggered,-116.0,156.0,7
D,triggered,-116.0,172.0,1
D,triggered,-108.0,-188.0,1
D,triggered,-108.0,-180.0,1
D,triggered,-108.0,-172.0,5
D,triggered,-108.0,-164.0,9
D,triggered,-108.0,-156.0,15
D,triggered,-108.0,-148.0,19
D,triggered,-108.0,-140.0,18
D,triggered,-108.0,-132.0,22
D,triggered,-108.0,-124.0,17
D,triggered,-108.0,-116.0,26
D,triggered,-108.0,-108.0,23
D,triggered,-108.0,-100.0,43
D,triggered,-108.0,-92.0,73
D,triggered,-108.0,-84.0,222
D,triggered,-108.0,-76.0,319
D,triggered,-108.0,-68.0,215
D,triggered,-108.0,-60.0,179
D,triggered,-108.0,-52.0,556
D,triggered,-108.0,-44.0,444
D,triggered,-108.0,-36.0,651
D,triggered,-108.0,-28.0,596
D,triggered,-108.0,-20.0,407
D,triggered,-108.0,-12.0,791
D,triggered,-108.0,-4.0,375
D,triggered,-108.0,4.0,265
D,triggered,-108.0,12.0,258
D,triggered,-108.0,20.0,541
D,triggered,-108.0,28.0,453
D,triggered,-108.0,36.0,249
D,triggered,-108.0,44.0,238
D,triggered,-108.0,52.0,55
D,triggered,-108.0,60.0,145
D,triggered,-108.0,68.0,404
D,triggered,-108.0,76.0,360
D,triggered,-108.0,84.0,162
D,triggered,-108.0,92.0,115
D,triggered,-108.0,100.0,50
D,triggered,-108.0,108.0,42
D,triggered,-108.0,116.0,33
D,triggered,-108.0,124.0,22
D,triggered,-108.0,132.0,89
D,triggered,-108.0,140.0,394
D,triggered,-108.0,148.0,211
D,triggered,-108.0,156.0,7
D,triggered,-108.0,164.0,11
D,triggered,-108.0,172.0,4
D,triggered,-108.0,180.0,3
D,triggered,-108.0,188.0,6
D,triggered,-108.0,196.0,1
D,triggered,-100.0,-188.0,2
D,triggered,-100.0,-180.0,1
D,triggered,-100.0,-172.0,2
D,triggered,-100.0,-164.0,18
D,triggered,-100.0,-156.0,16
D,triggered,-100.0,-148.0,20
D,triggered,-100.0,-140.0,14
D,triggered,-100.0,-132.0,21
D,triggered,-100.0,-124.0,20
D,triggered,-100.0,-116.0,23
D,triggered,-100.0,-108.0,35
D,triggered,-100.0,-100.0,42
D,triggered,-100.0,-92.0,86
D,triggered,-100.0,-84.0,377
D,triggered,-100.0,-76.0,473
D,triggered,-100.0,-68.0,233
D,triggered,-100.0,-60.0,296
D,triggered,-100.0,-52.0,584
D,triggered,-100.0,-44.0,567
D,triggered,-100.0,-36.0,588
D,triggered,-100.0,-28.0,670
D,triggered,-100.0,-20.0,577
D,triggered,-100.0,-12.0,634
D,triggered,-100.0,-4.0,556
D,triggered,-100.0,4.0,509
D,triggered,-100.0,12.0,471
D,triggered,-100.0,20.0,548
D,triggered,-100.0,28.0,604
D,triggered,-100.0,36.0,432
D,triggered,-100.0,44.0,352
D,triggered,-100.0,52.0,82
D,triggered,-100.0,60.0,232
D,triggered,-100.0,68.0,557
D,triggered,-100.0,76.0,540
D,triggered,-100.0,84.0,334
D,triggered,-100.0,92.0,206
D,triggered,-100.0,100.0,80
D,triggered,-100.0,108.0,56
D,triggered,-100.0,116.0,40
D,triggered,-100.0,124.0,20
D,triggered,-100.0,132.0,38
D,triggered,-100.0,140.0,184
D,triggered,-100.0,148.0,160
D,triggered,-100.0,156.0,9
D,triggered,-100.0,164.0,21
D,triggered,-100.0,172.0,8
D,triggered,-100.0,180.0,2
D,triggered,-100.0,188.0,7
D,triggered,-100.0,196.0,1
D,triggered,-92.0,-188.0,2
D,triggered,-92.0,-180.0,2
D,triggered,-92.0,-172.0,11
D,triggered,-92.0,-164.0,12
D,triggered,-92.0,-156.0,8
D,triggered,-92.0,-148.0,17
D,triggered,-92.0,-140.0,26
D,triggered,-92.0,-132.0,27
D,triggered,-92.0,-124.0,28
D,triggered,-92.0,-116.0,15
D,triggered,-92.0,-108.0,18
D,triggered,-92.0,-100.0,28
D,triggered,-92.0,-92.0,98
D,triggered,-92.0,-84.0,501
D,triggered,-92.0,-76.0,409
D,triggered,-92.0,-68.0,285
D,triggered,-92.0,-60.0,408
D,triggered,-92.0,-52.0,619
D,triggered,-92.0,-44.0,652
D,triggered,-92.0,-36.0,690
D,triggered,-92.0,-28.0,715
D,triggered,-92.0,-20.0,697
D,triggered,-92.0,-12.0,684
D,triggered,-92.0,-4.0,670
D,triggered,-92.0,4.0,561
D,triggered,-92.0,12.0,600
D,triggered,-92.0,20.0,560
D,triggered,-92.0,28.0,621
D,triggered,-92.0,36.0,608
D,triggered,-92.0,44.0,513
D,triggered,-92.0,52.0,112
D,triggered,-92.0,60.0,293
D,triggered,-92.0,68.0,672
D,triggered,-92.0,76.0,659
D,triggered,-92.0,84.0,569
D,triggered,-92.0,92.0,339
D,triggered,-92.0,100.0,131
D,triggered,-92.0,108.0,92
D,triggered,-92.0,116.0,32
D,triggered,-92.0,124.0,20
D,triggered,-92.0,132.0,34
D,triggered,-92.0,140.0,65
D,triggered,-92.0,148.0,55
D,triggered,-92.0,156.0,13
D,triggered,-92.0,164.0,11
D,triggered,-92.0,172.0,11
D,triggered,-92.0,180.0,4
D,triggered,-92.0,188.0,15
D,triggered,-92.0,196.0,2
D,triggered,-84.0,-196.0,3
D,triggered,-84.0,-172.0,7
D,triggered,-84.0,-164.0,9
D,triggered,-84.0,-156.0,7
D,triggered,-84.0,-148.0,48
D,triggered,-84.0,-140.0,91
D,triggered,-84.0,-132.0,110
D,triggered,-84.0,-124.0,67
D,triggered,-84.0,-116.0,29
D,triggered,-84.0,-108.0,23
D,triggered,-84.0,-100.0,17
D,triggered,-84.0,-92.0,86
D,triggered,-84.0,-84.0,669
D,triggered,-84.0,-76.0,418
D,triggered,-84.0,-68.0,307
D,triggered,-84.0,-60.0,396
D,triggered,-84.0,-52.0,602
D,triggered,-84.0,-44.0,658
D,triggered,-84.0,-36.0,662
D,triggered,-84.0,-28.0,668
D,triggered,-84.0,-20.0,591
D,triggered,-84.0,-12.0,672
D,triggered,-84.0,-4.0,662
D,triggered,-84.0,4.0,485
D,triggered,-84.0,12.0,539
D,triggered,-84.0,20.0,551
D,triggered,-84.0,28.0,622
D,triggered,-84.0,36.0,628
D,triggered,-84.0,44.0,526
D,triggered,-84.0,52.0,115
D,triggered,-84.0,60.0,325
D,triggered,-84.0,68.0,698
D,triggered,-84.0,76.0,690
D,triggered,-84.0,84.0,533
D,triggered,-84.0,92.0,316
D,triggered,-84.0,100.0,202
D,triggered,-84.0,108.0,125
D,triggered,-84.0,116.0,51
D,triggered,-84.0,124.0,25
D,triggered,-84.0,132.0,35
D,triggered,-84.0,140.0,69
D,triggered,-84.0,148.0,47
D,triggered,-84.0,156.0,18
D,triggered,-84.0,164.0,25
D,triggered,-84.0,172.0,13
D,triggered,-84.0,180.0,18
D,triggered,-84.0,188.0,57
D,triggered,-84.0,196.0,13
D,triggered,-76.0,-180.0,2
D,triggered,-76.0,-172.0,5
D,triggered,-76.0,-164.0,12
D,triggered,-76.0,-156.0,12
D,triggered,-76.0,-148.0,64
D,triggered,-76.0,-140.0,201
D,triggered,-76.0,-132.0,272
D,triggered,-76.0,-124.0,115
D,triggered,-76.0,-116.0,36
D,triggered,-76.0,-108.0,18
D,triggered,-76.0,-100.0,25
D,triggered,-76.0,-92.0,124
D,triggered,-76.0,-84.0,753
D,triggered,-76.0,-76.0,419
D,triggered,-76.0,-68.0,344
D,triggered,-76.0,-60.0,437
D,triggered,-76.0,-52.0,674
D,triggered,-76.0,-44.0,756
D,triggered,-76.0,-36.0,774
D,triggered,-76.0,-28.0,710
D,triggered,-76.0,-20.0,715
D,triggered,-76.0,-12.0,683
D,triggered,-76.0,-4.0,708
D,triggered,-76.0,4.0,455
D,triggered,-76.0,12.0,601
D,triggered,-76.0,20.0,575
D,triggered,-76.0,28.0,677
D,triggered,-76.0,36.0,663
D,triggered,-76.0,44.0,615
D,triggered,-76.0,52.0,124
D,triggered,-76.0,60.0,319
D,triggered,-76.0,68.0,742
D,triggered,-76.0,76.0,657
D,triggered,-76.0,84.0,518
D,triggered,-76.0,92.0,328
D,triggered,-76.0,100.0,198
D,triggered,-76.0,108.0,90
D,triggered,-76.0,116.0,40
D,triggered,-76.0,124.0,20
D,triggered,-76.0,132.0,24
D,triggered,-76.0,140.0,63
D,triggered,-76.0,148.0,47
D,triggered,-76.0,156.0,16
D,triggered,-76.0,164.0,30
D,triggered,-76.0,172.0,21
D,triggered,-76.0,180.0,44
D,triggered,-76.0,188.0,94
D,triggered,-76.0,196.0,26
D,triggered,-68.0,-196.0,4
D,triggered,-68.0,-188.0,6
D,triggered,-68.0,-180.0,1
D,triggered,-68.0,-172.0,13
D,triggered,-68.0,-164.0,19
D,triggered,-68.0,-156.0,18
D,triggered,-68.0,-148.0,142
D,triggered,-68.0,-140.0,740
D,triggered,-68.0,-132.0,980
D,triggered,-68.0,-124.0,425
D,triggered,-68.0,-116.0,50
D,triggered,-68.0,-108.0,50
D,triggered,-68.0,-100.0,34
D,triggered,-68.0,-92.0,335
D,triggered,-68.0,-84.0,1881
D,triggered,-68.0,-76.0,498
D,triggered,-68.0,-68.0,363
D,triggered,-68.0,-60.0,522
D,triggered,-68.0,-52.0,887
D,triggered,-68.0,-44.0,922
D,triggered,-68.0,-36.0,775
D,triggered,-68.0,-28.0,707
D,triggered,-68.0,-20.0,739
D,triggered,-68.0,-12.0,677
D,triggered,-68.0,-4.0,644
D,triggered,-68.0,4.0,515
D,triggered,-68.0,12.0,550
D,triggered,-68.0,20.0,490
D,triggered,-68.0,28.0,632
D,triggered,-68.0,36.0,625
D,triggered,-68.0,44.0,592
D,triggered,-68.0,52.0,123
D,triggered,-68.0,60.0,374
D,triggered,-68.0,68.0,951
D,triggered,-68.0,76.0,888
D,triggered,-68.0,84.0,679
D,triggered,-68.0,92.0,446
D,triggered,-68.0,100.0,296
D,triggered,-68.0,108.0,133
D,triggered,-68.0,116.0,50
D,triggered,-68.0,124.0,25
D,triggered,-68.0,132.0,31
D,triggered,-68.0,140.0,57
D,triggered,-68.0,148.0,42
D,triggered,-68.0,156.0,15
D,triggered,-68.0,164.0,39
D,triggered,-68.0,172.0,23
D,triggered,-68.0,180.0,116
D,triggered,-68.0,188.0,466
D,triggered,-68.0,196.0,101
D,triggered,-60.0,-196.0,8
D,triggered,-60.0,-188.0,8
D,triggered,-60.0,-172.0,10
D,triggered,-60.0,-164.0,28
D,triggered,-60.0,-156.0,17
D,triggered,-60.0,-148.0,328
D,triggered,-60.0,-140.0,1190
D,triggered,-60.0,-132.0,1507
D,triggered,-60.0,-124.0,617
D,triggered,-60.0,-116.0,74
D,triggered,-60.0,-108.0,59
D,triggered,-60.0,-100.0,49
D,triggered,-60.0,-92.0,462
D,triggered,-60.0,-84.0,2649
D,triggered,-60.0,-76.0,892
D,triggered,-60.0,-68.0,599
D,triggered,-60.0,-60.0,851
D,triggered,-60.0,-52.0,1213
D,triggered,-60.0,-44.0,1362
D,triggered,-60.0,-36.0,1458
D,triggered,-60.0,-28.0,1399
D,triggered,-60.0,-20.0,1391
D,triggered,-60.0,-12.0,1330
D,triggered,-60.0,-4.0,1341
D,triggered,-60.0,4.0,963
D,triggered,-60.0,12.0,1009
D,triggered,-60.0,20.0,961
D,triggered,-60.0,28.0,1297
D,triggered,-60.0,36.0,1159
D,triggered,-60.0,44.0,1035
D,triggered,-60.0,52.0,202
D,triggered,-60.0,60.0,655
D,triggered,-60.0,68.0,1526
D,triggered,-60.0,76.0,1347
D,triggered,-60.0,84.0,989
D,triggered,-60.0,92.0,682
D,triggered,-60.0,100.0,455
D,triggered,-60.0,108.0,195
D,triggered,-60.0,116.0,92
D,triggered,-60.0,124.0,48
D,triggered,-60.0,132.0,54
D,triggered,-60.0,140.0,136
D,triggered,-60.0,148.0,74
D,triggered,-60.0,156.0,23
D,triggered,-60.0,164.0,50
D,triggered,-60.0,172.0,50
D,triggered,-60.0,180.0,265
D,triggered,-60.0,188.0,694
D,triggered,-60.0,196.0,154
D,triggered,-52.0,-196.0,1
D,triggered,-52.0,-188.0,3
D,triggered,-52.0,-180.0,1
D,triggered,-52.0,-172.0,1
D,triggered,-52.0,-164.0,22
D,triggered,-52.0,-156.0,20
D,triggered,-52.0,-148.0,115
D,triggered,-52.0,-140.0,307
D,triggered,-52.0,-132.0,373
D,triggered,-52.0,-124.0,199
D,triggered,-52.0,-116.0,57
D,triggered,-52.0,-108.0,45
D,triggered,-52.0,-100.0,53
D,triggered,-52.0,-92.0,238
D,triggered,-52.0,-84.0,1373
D,triggered,-52.0,-76.0,997
D,triggered,-52.0,-68.0,799
D,triggered,-52.0,-60.0,919
D,triggered,-52.0,-52.0,1272
D,triggered,-52.0,-44.0,1359
D,triggered,-52.0,-36.0,1449
D,triggered,-52.0,-28.0,1613
D,triggered,-52.0,-20.0,1506
D,triggered,-52.0,-12.0,1526
D,triggered,-52.0,-4.0,1441
D,triggered,-52.0,4.0,1072
D,triggered,-52.0,12.0,1136
D,triggered,-52.0,20.0,1164
D,triggered,-52.0,28.0,1401
D,triggered,-52.0,36.0,1229
D,triggered,-52.0,44.0,1081
D,triggered,-52.0,52.0,192
D,triggered,-52.0,60.0,728
D,triggered,-52.0,68.0,1608
D,triggered,-52.0,76.0,1480
D,triggered,-52.0,84.0,1144
D,triggered,-52.0,92.0,744
D,triggered,-52.0,100.0,507
D,triggered,-52.0,108.0,273
D,triggered,-52.0,116.0,106
D,triggered,-52.0,124.0,48
D,triggered,-52.0,132.0,60
D,triggered,-52.0,140.0,122
D,triggered,-52.0,148.0,106
D,triggered,-52.0,156.0,24
D,triggered,-52.0,164.0,33
D,triggered,-52.0,172.0,24
D,triggered,-52.0,180.0,93
D,triggered,-52.0,188.0,147
D,triggered,-52.0,196.0,47
D,triggered,-44.0,-196.0,2
D,triggered,-44.0,-188.0,1
D,triggered,-44.0,-180.0,3
D,triggered,-44.0,-172.0,11
D,triggered,-44.0,-164.0,40
D,triggered,-44.0,-156.0,31
D,triggered,-44.0,-148.0,57
D,triggered,-44.0,-140.0,114
D,triggered,-44.0,-132.0,141
D,triggered,-44.0,-124.0,94
D,triggered,-44.0,-116.0,68
D,triggered,-44.0,-108.0,54
D,triggered,-44.0,-100.0,72
D,triggered,-44.0,-92.0,213
D,triggered,-44.0,-84.0,1314
D,triggered,-44.0,-76.0,981
D,triggered,-44.0,-68.0,825
D,triggered,-44.0,-60.0,1015
D,triggered,-44.0,-52.0,1299
D,triggered,-44.0,-44.0,1354
D,triggered,-44.0,-36.0,1569
D,triggered,-44.0,-28.0,1622
D,triggered,-44.0,-20.0,1511
D,triggered,-44.0,-12.0,1326
D,triggered,-44.0,-4.0,1369
D,triggered,-44.0,4.0,1034
D,triggered,-44.0,12.0,1231
D,triggered,-44.0,20.0,1192
D,triggered,-44.0,28.0,1512
D,triggered,-44.0,36.0,1350
D,triggered,-44.0,44.0,1122
D,triggered,-44.0,52.0,269
D,triggered,-44.0,60.0,673
D,triggered,-44.0,68.0,1713
D,triggered,-44.0,76.0,1503
D,triggered,-44.0,84.0,1225
D,triggered,-44.0,92.0,846
D,triggered,-44.0,100.0,607
D,triggered,-44.0,108.0,322
D,triggered,-44.0,116.0,118
D,triggered,-44.0,124.0,49
D,triggered,-44.0,132.0,62
D,triggered,-44.0,140.0,150
D,triggered,-44.0,148.0,93
D,triggered,-44.0,156.0,24
D,triggered,-44.0,164.0,32
D,triggered,-44.0,172.0,21
D,triggered,-44.0,180.0,15
D,triggered,-44.0,188.0,45
D,triggered,-44.0,196.0,24
D,triggered,-36.0,-188.0,1
D,triggered,-36.0,-180.0,1
D,triggered,-36.0,-172.0,14
D,triggered,-36.0,-164.0,55
D,triggered,-36.0,-156.0,36
D,triggered,-36.0,-148.0,98
D,triggered,-36.0,-140.0,185
D,triggered,-36.0,-132.0,290
D,triggered,-36.0,-124.0,166
D,triggered,-36.0,-116.0,77
D,triggered,-36.0,-108.0,51
D,triggered,-36.0,-100.0,71
D,triggered,-36.0,-92.0,296
D,triggered,-36.0,-84.0,1420
D,triggered,-36.0,-76.0,986
D,triggered,-36.0,-68.0,755
D,triggered,-36.0,-60.0,986
D,triggered,-36.0,-52.0,1292
D,triggered,-36.0,-44.0,1223
D,triggered,-36.0,-36.0,1573
D,triggered,-36.0,-28.0,1557
D,triggered,-36.0,-20.0,1454
D,triggered,-36.0,-12.0,1292
D,triggered,-36.0,-4.0,1266
D,triggered,-36.0,4.0,963
D,triggered,-36.0,12.0,1222
D,triggered,-36.0,20.0,1245
D,triggered,-36.0,28.0,1474
D,triggered,-36.0,36.0,1426
D,triggered,-36.0,44.0,1180
D,triggered,-36.0,52.0,235
D,triggered,-36.0,60.0,596
D,triggered,-36.0,68.0,1602
D,triggered,-36.0,76.0,1537
D,triggered,-36.0,84.0,1187
D,triggered,-36.0,92.0,890
D,triggered,-36.0,100.0,630
D,triggered,-36.0,108.0,310
D,triggered,-36.0,116.0,133
D,triggered,-36.0,124.0,44
D,triggered,-36.0,132.0,81
D,triggered,-36.0,140.0,144
D,triggered,-36.0,148.0,101
D,triggered,-36.0,156.0,33
D,triggered,-36.0,164.0,48
D,triggered,-36.0,172.0,28
D,triggered,-36.0,180.0,32
D,triggered,-36.0,188.0,100
D,triggered,-36.0,196.0,31
D,triggered,-28.0,-188.0,5
D,triggered,-28.0,-180.0,5
D,triggered,-28.0,-172.0,18
D,triggered,-28.0,-164.0,159
D,triggered,-28.0,-156.0,73
D,triggered,-28.0,-148.0,133
D,triggered,-28.0,-140.0,260
D,triggered,-28.0,-132.0,284
D,triggered,-28.0,-124.0,172
D,triggered,-28.0,-116.0,74
D,triggered,-28.0,-108.0,62
D,triggered,-28.0,-100.0,90
D,triggered,-28.0,-92.0,285
D,triggered,-28.0,-84.0,1315
D,triggered,-28.0,-76.0,870
D,triggered,-28.0,-68.0,651
D,triggered,-28.0,-60.0,834
D,triggered,-28.0,-52.0,1032
D,triggered,-28.0,-44.0,1028
D,triggered,-28.0,-36.0,1385
D,triggered,-28.0,-28.0,1310
D,triggered,-28.0,-20.0,1057
D,triggered,-28.0,-12.0,1068
D,triggered,-28.0,-4.0,1081
D,triggered,-28.0,4.0,893
D,triggered,-28.0,12.0,1136
D,triggered,-28.0,20.0,1240
D,triggered,-28.0,28.0,1416
D,triggered,-28.0,36.0,1360
D,triggered,-28.0,44.0,1121
D,triggered,-28.0,52.0,220
D,triggered,-28.0,60.0,650
D,triggered,-28.0,68.0,1625
D,triggered,-28.0,76.0,1532
D,triggered,-28.0,84.0,1213
D,triggered,-28.0,92.0,880
D,triggered,-28.0,100.0,613
D,triggered,-28.0,108.0,362
D,triggered,-28.0,116.0,119
D,triggered,-28.0,124.0,58
D,triggered,-28.0,132.0,61
D,triggered,-28.0,140.0,138
D,triggered,-28.0,148.0,117
D,triggered,-28.0,156.0,17
D,triggered,-28.0,164.0,39
D,triggered,-28.0,172.0,33
D,triggered,-28.0,180.0,59
D,triggered,-28.0,188.0,162
D,triggered,-28.0,196.0,41
D,triggered,-20.0,-196.0,10
D,triggered,-20.0,-188.0,9
D,triggered,-20.0,-180.0,15
D,triggered,-20.0,-172.0,14
D,triggered,-20.0,-164.0,20
D,triggered,-20.0,-156.0,17
D,triggered,-20.0,-148.0,337
D,triggered,-20.0,-140.0,650
D,triggered,-20.0,-132.0,619
D,triggered,-20.0,-124.0,359
D,triggered,-20.0,-116.0,71
D,triggered,-20.0,-108.0,52
D,triggered,-20.0,-100.0,48
D,triggered,-20.0,-92.0,261
D,triggered,-20.0,-84.0,1478
D,triggered,-20.0,-76.0,709
D,triggered,-20.0,-68.0,489
D,triggered,-20.0,-60.0,564
D,triggered,-20.0,-52.0,736
D,triggered,-20.0,-44.0,725
D,triggered,-20.0,-36.0,997
D,triggered,-20.0,-28.0,895
D,triggered,-20.0,-20.0,776
D,triggered,-20.0,-12.0,771
D,triggered,-20.0,-4.0,762
D,triggered,-20.0,4.0,713
D,triggered,-20.0,12.0,1035
D,triggered,-20.0,20.0,1069
D,triggered,-20.0,28.0,1319
D,triggered,-20.0,36.0,1201
D,triggered,-20.0,44.0,982
D,triggered,-20.0,52.0,183
D,triggered,-20.0,60.0,566
D,triggered,-20.0,68.0,1384
D,triggered,-20.0,76.0,1345
D,triggered,-20.0,84.0,1035
D,triggered,-20.0,92.0,758
D,triggered,-20.0,100.0,512
D,triggered,-20.0,108.0,283
D,triggered,-20.0,116.0,115
D,triggered,-20.0,124.0,48
D,triggered,-20.0,132.0,65
D,triggered,-20.0,140.0,116
D,triggered,-20.0,148.0,89
D,triggered,-20.0,156.0,20
D,triggered,-20.0,164.0,44
D,triggered,-20.0,172.0,41
D,triggered,-20.0,180.0,262
D,triggered,-20.0,188.0,558
D,triggered,-20.0,196.0,186
D,triggered,-12.0,-196.0,13
D,triggered,-12.0,-188.0,12
D,triggered,-12.0,-180.0,28
D,triggered,-12.0,-172.0,11
D,triggered,-12.0,-164.0,23
D,triggered,-12.0,-156.0,12
D,triggered,-12.0,-148.0,536
D,triggered,-12.0,-140.0,1046
D,triggered,-12.0,-132.0,776
D,triggered,-12.0,-124.0,518
D,triggered,-12.0,-116.0,77
D,triggered,-12.0,-108.0,43
D,triggered,-12.0,-100.0,24
D,triggered,-12.0,-92.0,160
D,triggered,-12.0,-84.0,902
D,triggered,-12.0,-76.0,305
D,triggered,-12.0,-68.0,139
D,triggered,-12.0,-60.0,161
D,triggered,-12.0,-52.0,213
D,triggered,-12.0,-44.0,192
D,triggered,-12.0,-36.0,259
D,triggered,-12.0,-28.0,248
D,triggered,-12.0,-20.0,283
D,triggered,-12.0,-12.0,236
D,triggered,-12.0,-4.0,269
D,triggered,-12.0,4.0,212
D,triggered,-12.0,12.0,357
D,triggered,-12.0,20.0,416
D,triggered,-12.0,28.0,540
D,triggered,-12.0,36.0,499
D,triggered,-12.0,44.0,370
D,triggered,-12.0,52.0,58
D,triggered,-12.0,60.0,186
D,triggered,-12.0,68.0,515
D,triggered,-12.0,76.0,578
D,triggered,-12.0,84.0,466
D,triggered,-12.0,92.0,413
D,triggered,-12.0,100.0,249
D,triggered,-12.0,108.0,159
D,triggered,-12.0,116.0,67
D,triggered,-12.0,124.0,33
D,triggered,-12.0,132.0,29
D,triggered,-12.0,140.0,45
D,triggered,-12.0,148.0,30
D,triggered,-12.0,156.0,8
D,triggered,-12.0,164.0,32
D,triggered,-12.0,172.0,19
D,triggered,-12.0,180.0,564
D,triggered,-12.0,188.0,1170
D,triggered,-12.0,196.0,363
D,triggered,-4.0,-188.0,1
D,triggered,-4.0,-180.0,6
D,triggered,-4.0,-172.0,6
D,triggered,-4.0,-164.0,2
D,triggered,-4.0,-156.0,3
D,triggered,-4.0,-148.0,69
D,triggered,-4.0,-140.0,180
D,triggered,-4.0,-132.0,172
D,triggered,-4.0,-124.0,89
D,triggered,-4.0,-116.0,16
D,triggered,-4.0,-108.0,19
D,triggered,-4.0,-100.0,18
D,triggered,-4.0,-92.0,86
D,triggered,-4.0,-84.0,513
D,triggered,-4.0,-76.0,280
D,triggered,-4.0,-68.0,141
D,triggered,-4.0,-60.0,159
D,triggered,-4.0,-52.0,230
D,triggered,-4.0,-44.0,207
D,triggered,-4.0,-36.0,326
D,triggered,-4.0,-28.0,302
D,triggered,-4.0,-20.0,398
D,triggered,-4.0,-12.0,351
D,triggered,-4.0,-4.0,366
D,triggered,-4.0,4.0,219
D,triggered,-4.0,12.0,285
D,triggered,-4.0,20.0,325
D,triggered,-4.0,28.0,399
D,triggered,-4.0,36.0,415
D,triggered,-4.0,44.0,321
D,triggered,-4.0,52.0,49
D,triggered,-4.0,60.0,228
D,triggered,-4.0,68.0,542
D,triggered,-4.0,76.0,589
D,triggered,-4.0,84.0,460
D,triggered,-4.0,92.0,411
D,triggered,-4.0,100.0,288
D,triggered,-4.0,108.0,156
D,triggered,-4.0,116.0,62
D,triggered,-4.0,124.0,23
D,triggered,-4.0,132.0,26
D,triggered,-4.0,140.0,51
D,triggered,-4.0,148.0,20
D,triggered,-4.0,156.0,7
D,triggered,-4.0,164.0,13
D,triggered,-4.0,172.0,12
D,triggered,-4.0,180.0,115
D,triggered,-4.0,188.0,219
D,triggered,-4.0,196.0,55
D,triggered,4.0,-188.0,1
D,triggered,4.0,-164.0,3
D,triggered,4.0,-148.0,5
D,triggered,4.0,-140.0,3
D,triggered,4.0,-132.0,3
D,triggered,4.0,-124.0,2
D,triggered,4.0,-92.0,2
D,triggered,4.0,-84.0,8
D,triggered,4.0,-76.0,5
D,triggered,4.0,-68.0,2
D,triggered,4.0,-60.0,2
D,triggered,4.0,-52.0,1
D,triggered,4.0,-12.0,2
D,triggered,4.0,4.0,1
D,triggered,4.0,12.0,2
D,triggered,4.0,28.0,1
D,triggered,4.0,36.0,3
D,triggered,4.0,44.0,1
D,triggered,4.0,52.0,1
D,triggered,4.0,60.0,1
D,triggered,4.0,68.0,1
D,triggered,4.0,76.0,5
D,triggered,4.0,92.0,4
D,triggered,4.0,100.0,1
D,triggered,4.0,108.0,1
D,triggered,4.0,116.0,1
D,triggered,4.0,132.0,1
D,triggered,4.0,140.0,3
D,triggered,4.0,148.0,1
D,triggered,4.0,156.0,1
D,triggered,4.0,180.0,1
D,triggered,4.0,188.0,3
D,triggered,4.0,196.0,1
D,triggered,12.0,-132.0,1
D,triggered,12.0,-84.0,3
D,triggered,12.0,-68.0,1
D,triggered,12.0,-52.0,1
D,triggered,12.0,-4.0,1
D,triggered,12.0,28.0,2
D,triggered,12.0,84.0,1
D,triggered,12.0,116.0,1
D,triggered,12.0,148.0,1
D,triggered,12.0,188.0,1
D,triggered,20.0,-172.0,1
D,triggered,20.0,-148.0,6
D,triggered,20.0,-140.0,8
D,triggered,20.0,-132.0,2
D,triggered,20.0,-124.0,2
D,triggered,20.0,-100.0,1
D,triggered,20.0,-92.0,2
D,triggered,20.0,-84.0,9
D,triggered,20.0,-76.0,2
D,triggered,20.0,-68.0,3
D,triggered,20.0,-60.0,5
D,triggered,20.0,-52.0,4
D,triggered,20.0,-44.0,4
D,triggered,20.0,-36.0,2
D,triggered,20.0,-28.0,4
D,triggered,20.0,-20.0,3
D,triggered,20.0,-12.0,6
D,triggered,20.0,-4.0,1
D,triggered,20.0,4.0,1
D,triggered,20.0,12.0,8
D,triggered,20.0,20.0,2
D,triggered,20.0,28.0,3
D,triggered,20.0,36.0,6
D,triggered,20.0,44.0,9
D,triggered,20.0,60.0,5
D,triggered,20.0,68.0,7
D,triggered,20.0,76.0,6
D,triggered,20.0,84.0,4
D,triggered,20.0,92.0,3
D,triggered,20.0,100.0,4
D,triggered,20.0,108.0,1
D,triggered,20.0,116.0,2
D,triggered,20.0,132.0,2
D,triggered,20.0,140.0,1
D,triggered,20.0,148.0,1
D,triggered,20.0,164.0,2
D,triggered,20.0,180.0,1
D,triggered,20.0,188.0,5
D,triggered,28.0,-188.0,1
D,triggered,28.0,-172.0,1
D,triggered,28.0,-148.0,3
D,triggered,28.0,-140.0,3
D,triggered,28.0,-132.0,4
D,triggered,28.0,-124.0,2
D,triggered,28.0,-108.0,1
D,triggered,28.0,-100.0,1
D,triggered,28.0,-92.0,3
D,triggered,28.0,-84.0,14
D,triggered,28.0,-76.0,3
D,triggered,28.0,-52.0,2
D,triggered,28.0,-44.0,5
D,triggered,28.0,-36.0,3
D,triggered,28.0,-28.0,3
D,triggered,28.0,-20.0,5
D,triggered,28.0,-12.0,5
D,triggered,28.0,-4.0,6
D,triggered,28.0,4.0,2
D,triggered,28.0,12.0,3
D,triggered,28.0,20.0,5
D,triggered,28.0,28.0,4
D,triggered,28.0,36.0,7
D,triggered,28.0,52.0,2
D,triggered,28.0,60.0,2
D,triggered,28.0,68.0,2
D,triggered,28.0,76.0,3
D,triggered,28.0,84.0,3
D,triggered,28.0,92.0,2
D,triggered,28.0,100.0,4
D,triggered,28.0,116.0,2
D,triggered,28.0,132.0,1
D,triggered,28.0,140.0,5
D,triggered,28.0,156.0,2
D,triggered,28.0,180.0,1
D,triggered,28.0,188.0,2
D,triggered,36.0,-148.0,3
D,triggered,36.0,-140.0,3
D,triggered,36.0,-132.0,6
D,triggered,36.0,-124.0,2
D,triggered,36.0,-92.0,4
D,triggered,36.0,-84.0,21
D,triggered,36.0,-76.0,7
D,triggered,36.0,-68.0,2
D,triggered,36.0,-52.0,4
D,triggered,36.0,-44.0,4
D,triggered,36.0,-36.0,3
D,triggered,36.0,-28.0,5
D,triggered,36.0,-20.0,4
D,triggered,36.0,-12.0,5
D,triggered,36.0,-4.0,4
D,triggered,36.0,4.0,3
D,triggered,36.0,12.0,6
D,triggered,36.0,20.0,8
D,triggered,36.0,28.0,15
D,triggered,36.0,36.0,11
D,triggered,36.0,44.0,4
D,triggered,36.0,68.0,4
D,triggered,36.0,76.0,5
D,triggered,36.0,84.0,5
D,triggered,36.0,100.0,1
D,triggered,36.0,108.0,2
D,triggered,36.0,132.0,1
D,triggered,36.0,140.0,2
D,triggered,36.0,148.0,2
D,triggered,36.0,156.0,1
D,triggered,36.0,164.0,1
D,triggered,36.0,172.0,1
D,triggered,36.0,180.0,1
D,triggered,36.0,188.0,4
D,triggered,44.0,-148.0,1
D,triggered,44.0,-140.0,5
D,triggered,44.0,-132.0,1
D,triggered,44.0,-124.0,1
D,triggered,44.0,-84.0,7
D,triggered,44.0,-52.0,2
D,triggered,44.0,-44.0,1
D,triggered,44.0,-36.0,3
D,triggered,44.0,-28.0,1
D,triggered,44.0,-20.0,1
D,triggered,44.0,12.0,2
D,triggered,44.0,20.0,6
D,triggered,44.0,28.0,15
D,triggered,44.0,36.0,2
D,triggered,44.0,44.0,1
D,triggered,44.0,60.0,1
D,triggered,44.0,76.0,5
D,triggered,44.0,92.0,1
D,triggered,44.0,108.0,1
D,triggered,44.0,124.0,2
D,triggered,44.0,132.0,1
D,triggered,44.0,148.0,2
D,triggered,44.0,164.0,2
D,triggered,44.0,180.0,2
D,triggered,44.0,188.0,3
D,triggered,52.0,-140.0,1
D,triggered,52.0,-132.0,4
D,triggered,52.0,-124.0,2
D,triggered,52.0,-84.0,11
D,triggered,52.0,-76.0,2
D,triggered,52.0,-68.0,1
D,triggered,52.0,-60.0,1
D,triggered,52.0,-44.0,1
D,triggered,52.0,20.0,2
D,triggered,52.0,28.0,2
D,triggered,52.0,36.0,2
D,triggered,52.0,44.0,1
D,triggered,52.0,52.0,1
D,triggered,52.0,60.0,2
D,triggered,52.0,68.0,3
D,triggered,52.0,84.0,2
D,triggered,52.0,148.0,1
D,triggered,52.0,156.0,1
D,triggered,52.0,164.0,1
D,triggered,52.0,172.0,1
D,triggered,60.0,-196.0,2
D,triggered,60.0,-188.0,3
D,triggered,60.0,-180.0,1
D,triggered,60.0,-172.0,10
D,triggered,60.0,-164.0,11
D,triggered,60.0,-156.0,24
D,triggered,60.0,-148.0,112
D,triggered,60.0,-140.0,327
D,triggered,60.0,-132.0,377
D,triggered,60.0,-124.0,219
D,triggered,60.0,-116.0,25
D,triggered,60.0,-108.0,21
D,triggered,60.0,-100.0,14
D,triggered,60.0,-92.0,192
D,triggered,60.0,-84.0,1104
D,triggered,60.0,-76.0,335
D,triggered,60.0,-68.0,221
D,triggered,60.0,-60.0,295
D,triggered,60.0,-52.0,420
D,triggered,60.0,-44.0,392
D,triggered,60.0,-36.0,566
D,triggered,60.0,-28.0,521
D,triggered,60.0,-20.0,490
D,triggered,60.0,-12.0,468
D,triggered,60.0,-4.0,507
D,triggered,60.0,4.0,422
D,triggered,60.0,12.0,540
D,triggered,60.0,20.0,531
D,triggered,60.0,28.0,566
D,triggered,60.0,36.0,521
D,triggered,60.0,44.0,408
D,triggered,60.0,52.0,65
D,triggered,60.0,60.0,249
D,triggered,60.0,68.0,545
D,triggered,60.0,76.0,526
D,triggered,60.0,84.0,393
D,triggered,60.0,92.0,238
D,triggered,60.0,100.0,185
D,triggered,60.0,108.0,97
D,triggered,60.0,116.0,34
D,triggered,60.0,124.0,25
D,triggered,60.0,132.0,33
D,triggered,60.0,140.0,50
D,triggered,60.0,148.0,33
D,triggered,60.0,156.0,31
D,triggered,60.0,164.0,55
D,triggered,60.0,172.0,26
D,triggered,60.0,180.0,105
D,triggered,60.0,188.0,273
D,triggered,60.0,196.0,61
D,triggered,68.0,-196.0,2
D,triggered,68.0,-188.0,2
D,triggered,68.0,-180.0,1
D,triggered,68.0,-172.0,8
D,triggered,68.0,-164.0,26
D,triggered,68.0,-156.0,29
D,triggered,68.0,-148.0,105
D,triggered,68.0,-140.0,326
D,triggered,68.0,-132.0,401
D,triggered,68.0,-124.0,216
D,triggered,68.0,-116.0,40
D,triggered,68.0,-108.0,40
D,triggered,68.0,-100.0,41
D,triggered,68.0,-92.0,242
D,triggered,68.0,-84.0,1295
D,triggered,68.0,-76.0,566
D,triggered,68.0,-68.0,414
D,triggered,68.0,-60.0,542
D,triggered,68.0,-52.0,787
D,triggered,68.0,-44.0,967
D,triggered,68.0,-36.0,1056
D,triggered,68.0,-28.0,1075
D,triggered,68.0,-20.0,894
D,triggered,68.0,-12.0,853
D,triggered,68.0,-4.0,928
D,triggered,68.0,4.0,861
D,triggered,68.0,12.0,917
D,triggered,68.0,20.0,966
D,triggered,68.0,28.0,1049
D,triggered,68.0,36.0,954
D,triggered,68.0,44.0,723
D,triggered,68.0,52.0,117
D,triggered,68.0,60.0,426
D,triggered,68.0,68.0,1078
D,triggered,68.0,76.0,974
D,triggered,68.0,84.0,676
D,triggered,68.0,92.0,497
D,triggered,68.0,100.0,378
D,triggered,68.0,108.0,195
D,triggered,68.0,116.0,60
D,triggered,68.0,124.0,30
D,triggered,68.0,132.0,44
D,triggered,68.0,140.0,114
D,triggered,68.0,148.0,83
D,triggered,68.0,156.0,38
D,triggered,68.0,164.0,56
D,triggered,68.0,172.0,44
D,triggered,68.0,180.0,101
D,triggered,68.0,188.0,262
D,triggered,68.0,196.0,49
D,triggered,76.0,-196.0,2
D,triggered,76.0,-188.0,1
D,triggered,76.0,-172.0,7
D,triggered,76.0,-164.0,30
D,triggered,76.0,-156.0,35
D,triggered,76.0,-148.0,49
D,triggered,76.0,-140.0,190
D,triggered,76.0,-132.0,263
D,triggered,76.0,-124.0,148
D,triggered,76.0,-116.0,40
D,triggered,76.0,-108.0,43
D,triggered,76.0,-100.0,49
D,triggered,76.0,-92.0,226
D,triggered,76.0,-84.0,1133
D,triggered,76.0,-76.0,438
D,triggered,76.0,-68.0,337
D,triggered,76.0,-60.0,449
D,triggered,76.0,-52.0,581
D,triggered,76.0,-44.0,689
D,triggered,76.0,-36.0,833
D,triggered,76.0,-28.0,759
D,triggered,76.0,-20.0,693
D,triggered,76.0,-12.0,642
D,triggered,76.0,-4.0,693
D,triggered,76.0,4.0,574
D,triggered,76.0,12.0,677
D,triggered,76.0,20.0,555
D,triggered,76.0,28.0,674
D,triggered,76.0,36.0,576
D,triggered,76.0,44.0,431
D,triggered,76.0,52.0,69
D,triggered,76.0,60.0,257
D,triggered,76.0,68.0,692
D,triggered,76.0,76.0,622
D,triggered,76.0,84.0,404
D,triggered,76.0,92.0,314
D,triggered,76.0,100.0,213
D,triggered,76.0,108.0,119
D,triggered,76.0,116.0,52
D,triggered,76.0,124.0,28
D,triggered,76.0,132.0,33
D,triggered,76.0,140.0,95
D,triggered,76.0,148.0,51
D,triggered,76.0,156.0,24
D,triggered,76.0,164.0,65
D,triggered,76.0,172.0,30
D,triggered,76.0,180.0,37
D,triggered,76.0,188.0,130
D,triggered,76.0,196.0,42
D,triggered,84.0,-196.0,1
D,triggered,84.0,-188.0,1
D,triggered,84.0,-180.0,1
D,triggered,84.0,-172.0,15
D,triggered,84.0,-164.0,36
D,triggered,84.0,-156.0,32
D,triggered,84.0,-148.0,40
D,triggered,84.0,-140.0,135
D,triggered,84.0,-132.0,158
D,triggered,84.0,-124.0,94
D,triggered,84.0,-116.0,38
D,triggered,84.0,-108.0,51
D,triggered,84.0,-100.0,38
D,triggered,84.0,-92.0,227
D,triggered,84.0,-84.0,1003
D,triggered,84.0,-76.0,557
D,triggered,84.0,-68.0,453
D,triggered,84.0,-60.0,566
D,triggered,84.0,-52.0,811
D,triggered,84.0,-44.0,995
D,triggered,84.0,-36.0,1098
D,triggered,84.0,-28.0,1205
D,triggered,84.0,-20.0,1017
D,triggered,84.0,-12.0,1043
D,triggered,84.0,-4.0,1016
D,triggered,84.0,4.0,792
D,triggered,84.0,12.0,780
D,triggered,84.0,20.0,757
D,triggered,84.0,28.0,807
D,triggered,84.0,36.0,783
D,triggered,84.0,44.0,547
D,triggered,84.0,52.0,77
D,triggered,84.0,60.0,308
D,triggered,84.0,68.0,830
D,triggered,84.0,76.0,789
D,triggered,84.0,84.0,573
D,triggered,84.0,92.0,374
D,triggered,84.0,100.0,302
D,triggered,84.0,108.0,142
D,triggered,84.0,116.0,56
D,triggered,84.0,124.0,39
D,triggered,84.0,132.0,44
D,triggered,84.0,140.0,91
D,triggered,84.0,148.0,55
D,triggered,84.0,156.0,57
D,triggered,84.0,164.0,38
D,triggered,84.0,172.0,40
D,triggered,84.0,180.0,36
D,triggered,84.0,188.0,110
D,triggered,84.0,196.0,22
D,triggered,92.0,-196.0,2
D,triggered,92.0,-188.0,1
D,triggered,92.0,-180.0,2
D,triggered,92.0,-172.0,15
D,triggered,92.0,-164.0,37
D,triggered,92.0,-156.0,34
D,triggered,92.0,-148.0,55
D,triggered,92.0,-140.0,135
D,triggered,92.0,-132.0,219
D,triggered,92.0,-124.0,134
D,triggered,92.0,-116.0,46
D,triggered,92.0,-108.0,59
D,triggered,92.0,-100.0,51
D,triggered,92.0,-92.0,286
D,triggered,92.0,-84.0,1345
D,triggered,92.0,-76.0,703
D,triggered,92.0,-68.0,573
D,triggered,92.0,-60.0,711
D,triggered,92.0,-52.0,977
D,triggered,92.0,-44.0,1138
D,triggered,92.0,-36.0,1242
D,triggered,92.0,-28.0,1343
D,triggered,92.0,-20.0,1226
D,triggered,92.0,-12.0,1307
D,triggered,92.0,-4.0,1246
D,triggered,92.0,4.0,1001
D,triggered,92.0,12.0,835
D,triggered,92.0,20.0,878
D,triggered,92.0,28.0,867
D,triggered,92.0,36.0,985
D,triggered,92.0,44.0,765
D,triggered,92.0,52.0,117
D,triggered,92.0,60.0,331
D,triggered,92.0,68.0,926
D,triggered,92.0,76.0,877
D,triggered,92.0,84.0,655
D,triggered,92.0,92.0,478
D,triggered,92.0,100.0,349
D,triggered,92.0,108.0,173
D,triggered,92.0,116.0,62
D,triggered,92.0,124.0,32
D,triggered,92.0,132.0,59
D,triggered,92.0,140.0,92
D,triggered,92.0,148.0,84
D,triggered,92.0,156.0,30
D,triggered,92.0,164.0,73
D,triggered,92.0,172.0,38
D,triggered,92.0,180.0,50
D,triggered,92.0,188.0,186
D,triggered,92.0,196.0,42
D,triggered,100.0,-188.0,3
D,triggered,100.0,-180.0,2
D,triggered,100.0,-172.0,16
D,triggered,100.0,-164.0,24
D,triggered,100.0,-156.0,26
D,triggered,100.0,-148.0,27
D,triggered,100.0,-140.0,41
D,triggered,100.0,-132.0,50
D,triggered,100.0,-124.0,53
D,triggered,100.0,-116.0,40
D,triggered,100.0,-108.0,41
D,triggered,100.0,-100.0,66
D,triggered,100.0,-92.0,198
D,triggered,100.0,-84.0,788
D,triggered,100.0,-76.0,694
D,triggered,100.0,-68.0,506
D,triggered,100.0,-60.0,623
D,triggered,100.0,-52.0,998
D,triggered,100.0,-44.0,1129
D,triggered,100.0,-36.0,1194
D,triggered,100.0,-28.0,1253
D,triggered,100.0,-20.0,1145
D,triggered,100.0,-12.0,1286
D,triggered,100.0,-4.0,1171
D,triggered,100.0,4.0,880
D,triggered,100.0,12.0,729
D,triggered,100.0,20.0,897
D,triggered,100.0,28.0,765
D,triggered,100.0,36.0,606
D,triggered,100.0,44.0,596
D,triggered,100.0,52.0,123
D,triggered,100.0,60.0,344
D,triggered,100.0,68.0,879
D,triggered,100.0,76.0,924
D,triggered,100.0,84.0,606
D,triggered,100.0,92.0,464
D,triggered,100.0,100.0,298
D,triggered,100.0,108.0,172
D,triggered,100.0,116.0,62
D,triggered,100.0,124.0,31
D,triggered,100.0,132.0,148
D,triggered,100.0,140.0,512
D,triggered,100.0,148.0,378
D,triggered,100.0,156.0,38
D,triggered,100.0,164.0,40
D,triggered,100.0,172.0,29
D,triggered,100.0,180.0,5
D,triggered,100.0,188.0,41
D,triggered,100.0,196.0,4
D,triggered,108.0,-172.0,5
D,triggered,108.0,-164.0,10
D,triggered,108.0,-156.0,6
D,triggered,108.0,-148.0,19
D,triggered,108.0,-140.0,15
D,triggered,108.0,-132.0,17
D,triggered,108.0,-124.0,18
D,triggered,108.0,-116.0,16
D,triggered,108.0,-108.0,31
D,triggered,108.0,-100.0,31
D,triggered,108.0,-92.0,84
D,triggered,108.0,-84.0,159
D,triggered,108.0,-76.0,288
D,triggered,108.0,-68.0,349
D,triggered,108.0,-60.0,510
D,triggered,108.0,-52.0,720
D,triggered,108.0,-44.0,860
D,triggered,108.0,-36.0,888
D,triggered,108.0,-28.0,962
D,triggered,108.0,-20.0,891
D,triggered,108.0,-12.0,983
D,triggered,108.0,-4.0,833
D,triggered,108.0,4.0,484
D,triggered,108.0,12.0,599
D,triggered,108.0,20.0,502
D,triggered,108.0,28.0,556
D,triggered,108.0,36.0,374
D,triggered,108.0,44.0,442
D,triggered,108.0,52.0,88
D,triggered,108.0,60.0,301
D,triggered,108.0,68.0,735
D,triggered,108.0,76.0,732
D,triggered,108.0,84.0,482
D,triggered,108.0,92.0,357
D,triggered,108.0,100.0,240
D,triggered,108.0,108.0,122
D,triggered,108.0,116.0,38
D,triggered,108.0,124.0,25
D,triggered,108.0,132.0,60
D,triggered,108.0,140.0,232
D,triggered,108.0,148.0,162
D,triggered,108.0,156.0,27
D,triggered,108.0,164.0,18
D,triggered,108.0,172.0,19
D,triggered,108.0,180.0,1
D,triggered,108.0,188.0,2
D,triggered,108.0,196.0,1
D,triggered,116.0,-172.0,2
D,triggered,116.0,-164.0,3
D,triggered,116.0,-148.0,6
D,triggered,116.0,-140.0,10
D,triggered,116.0,-132.0,9
D,triggered,116.0,-124.0,8
D,triggered,116.0,-116.0,9
D,triggered,116.0,-108.0,8
D,triggered,116.0,-100.0,17
D,triggered,116.0,-92.0,27
D,triggered,116.0,-84.0,97
D,triggered,116.0,-76.0,115
D,triggered,116.0,-68.0,141
D,triggered,116.0,-60.0,206
D,triggered,116.0,-52.0,301
D,triggered,116.0,-44.0,361
D,triggered,116.0,-36.0,352
D,triggered,116.0,-28.0,334
D,triggered,116.0,-20.0,395
D,triggered,116.0,-12.0,341
D,triggered,116.0,-4.0,209
D,triggered,116.0,4.0,118
D,triggered,116.0,12.0,168
D,triggered,116.0,20.0,89
D,triggered,116.0,28.0,108
D,triggered,116.0,36.0,110
D,triggered,116.0,44.0,126
D,triggered,116.0,52.0,36
D,triggered,116.0,60.0,142
D,triggered,116.0,68.0,267
D,triggered,116.0,76.0,262
D,triggered,116.0,84.0,233
D,triggered,116.0,92.0,140
D,triggered,116.0,100.0,83
D,triggered,116.0,108.0,36
D,triggered,116.0,116.0,16
D,triggered,116.0,124.0,15
D,triggered,116.0,132.0,11
D,triggered,116.0,140.0,20
D,triggered,116.0,148.0,17
D,triggered,116.0,156.0,6
D,triggered,116.0,164.0,3
D,triggered,116.0,172.0,3
D,triggered,116.0,180.0,5
D,triggered,116.0,188.0,3
D,triggered,116.0,196.0,3
D,triggered,124.0,-196.0,3
D,triggered,124.0,-188.0,7
D,triggered,124.0,-180.0,2
D,triggered,124.0,-172.0,5
D,triggered,124.0,-164.0,4
D,triggered,124.0,-156.0,2
D,triggered,124.0,-148.0,7
D,triggered,124.0,-140.0,18
D,triggered,124.0,-132.0,26
D,triggered,124.0,-124.0,12
D,triggered,124.0,-116.0,6
D,triggered,124.0,-108.0,4
D,triggered,124.0,-100.0,16
D,triggered,124.0,-92.0,51
D,triggered,124.0,-84.0,203
D,triggered,124.0,-76.0,151
D,triggered,124.0,-68.0,120
D,triggered,124.0,-60.0,184
D,triggered,124.0,-52.0,247
D,triggered,124.0,-44.0,251
D,triggered,124.0,-36.0,275
D,triggered,124.0,-28.0,298
D,triggered,124.0,-20.0,307
D,triggered,124.0,-12.0,288
D,triggered,124.0,-4.0,185
D,triggered,124.0,4.0,116
D,triggered,124.0,12.0,209
D,triggered,124.0,20.0,104
D,triggered,124.0,28.0,158
D,triggered,124.0,36.0,123
D,triggered,124.0,44.0,120
D,triggered,124.0,52.0,24
D,triggered,124.0,60.0,84
D,triggered,124.0,68.0,175
D,triggered,124.0,76.0,204
D,triggered,124.0,84.0,98
D,triggered,124.0,92.0,80
D,triggered,124.0,100.0,65
D,triggered,124.0,108.0,20
D,triggered,124.0,116.0,7
D,triggered,124.0,124.0,2
D,triggered,124.0,132.0,14
D,triggered,124.0,140.0,43
D,triggered,124.0,148.0,29
D,triggered,124.0,156.0,3
D,triggered,124.0,164.0,7
D,triggered,124.0,172.0,2
D,triggered,124.0,180.0,10
D,triggered,124.0,188.0,30
D,triggered,124.0,196.0,9
D,triggered,132.0,-196.0,41
D,triggered,132.0,-188.0,189
D,triggered,132.0,-180.0,91
D,triggered,132.0,-172.0,19
D,triggered,132.0,-164.0,9
D,triggered,132.0,-156.0,14
D,triggered,132.0,-148.0,151
D,triggered,132.0,-140.0,328
D,triggered,132.0,-132.0,320
D,triggered,132.0,-124.0,183
D,triggered,132.0,-116.0,42
D,triggered,132.0,-108.0,29
D,triggered,132.0,-100.0,31
D,triggered,132.0,-92.0,278
D,triggered,132.0,-84.0,1683
D,triggered,132.0,-76.0,816
D,triggered,132.0,-68.0,253
D,triggered,132.0,-60.0,119
D,triggered,132.0,-52.0,252
D,triggered,132.0,-44.0,211
D,triggered,132.0,-36.0,235
D,triggered,132.0,-28.0,222
D,triggered,132.0,-20.0,123
D,triggered,132.0,-12.0,212
D,triggered,132.0,-4.0,81
D,triggered,132.0,4.0,46
D,triggered,132.0,12.0,67
D,triggered,132.0,20.0,293
D,triggered,132.0,28.0,208
D,triggered,132.0,36.0,72
D,triggered,132.0,44.0,43
D,triggered,132.0,52.0,8
D,triggered,132.0,60.0,33
D,triggered,132.0,68.0,226
D,triggered,132.0,76.0,223
D,triggered,132.0,84.0,41
D,triggered,132.0,92.0,19
D,triggered,132.0,100.0,15
D,triggered,132.0,108.0,19
D,triggered,132.0,116.0,15
D,triggered,132.0,124.0,9
D,triggered,132.0,132.0,130
D,triggered,132.0,140.0,426
D,triggered,132.0,148.0,338
D,triggered,132.0,156.0,14
D,triggered,132.0,164.0,24
D,triggered,132.0,172.0,26
D,triggered,132.0,180.0,381
D,triggered,132.0,188.0,613
D,triggered,132.0,196.0,160
D,triggered,140.0,-196.0,94
D,triggered,140.0,-188.0,447
D,triggered,140.0,-180.0,168
D,triggered,140.0,-172.0,11
D,triggered,140.0,-164.0,17
D,triggered,140.0,-156.0,15
D,triggered,140.0,-148.0,271
D,triggered,140.0,-140.0,660
D,triggered,140.0,-132.0,663
D,triggered,140.0,-124.0,332
D,triggered,140.0,-116.0,58
D,triggered,140.0,-108.0,36
D,triggered,140.0,-100.0,44
D,triggered,140.0,-92.0,400
D,triggered,140.0,-84.0,2525
D,triggered,140.0,-76.0,1034
D,triggered,140.0,-68.0,407
D,triggered,140.0,-60.0,178
D,triggered,140.0,-52.0,312
D,triggered,140.0,-44.0,249
D,triggered,140.0,-36.0,258
D,triggered,140.0,-28.0,253
D,triggered,140.0,-20.0,97
D,triggered,140.0,-12.0,220
D,triggered,140.0,-4.0,92
D,triggered,140.0,4.0,63
D,triggered,140.0,12.0,62
D,triggered,140.0,20.0,363
D,triggered,140.0,28.0,242
D,triggered,140.0,36.0,74
D,triggered,140.0,44.0,50
D,triggered,140.0,52.0,4
D,triggered,140.0,60.0,50
D,triggered,140.0,68.0,227
D,triggered,140.0,76.0,228
D,triggered,140.0,84.0,46
D,triggered,140.0,92.0,29
D,triggered,140.0,100.0,18
D,triggered,140.0,108.0,9
D,triggered,140.0,116.0,11
D,triggered,140.0,124.0,19
D,triggered,140.0,132.0,109
D,triggered,140.0,140.0,486
D,triggered,140.0,148.0,369
D,triggered,140.0,156.0,21
D,triggered,140.0,164.0,39
D,triggered,140.0,172.0,46
D,triggered,140.0,180.0,775
D,triggered,140.0,188.0,1287
D,triggered,140.0,196.0,208
D,triggered,148.0,-188.0,4
D,triggered,148.0,-180.0,3
D,triggered,148.0,-164.0,4
D,triggered,148.0,-156.0,4
D,triggered,148.0,-148.0,4
D,triggered,148.0,-140.0,13
D,triggered,148.0,-132.0,10
D,triggered,148.0,-124.0,4
D,triggered,148.0,-116.0,4
D,triggered,148.0,-108.0,8
D,triggered,148.0,-100.0,3
D,triggered,148.0,-92.0,10
D,triggered,148.0,-84.0,61
D,triggered,148.0,-76.0,29
D,triggered,148.0,-68.0,4
D,triggered,148.0,-60.0,6
D,triggered,148.0,-52.0,6
D,triggered,148.0,-44.0,6
D,triggered,148.0,-36.0,10
D,triggered,148.0,-28.0,9
D,triggered,148.0,-20.0,6
D,triggered,148.0,-12.0,11
D,triggered,148.0,-4.0,8
D,triggered,148.0,4.0,3
D,triggered,148.0,12.0,4
D,triggered,148.0,20.0,13
D,triggered,148.0,28.0,12
D,triggered,148.0,36.0,3
D,triggered,148.0,44.0,3
D,triggered,148.0,60.0,1
D,triggered,148.0,68.0,5
D,triggered,148.0,76.0,8
D,triggered,148.0,84.0,1
D,triggered,148.0,132.0,7
D,triggered,148.0,140.0,14
D,triggered,148.0,148.0,12
D,triggered,148.0,164.0,3
D,triggered,148.0,172.0,3
D,triggered,148.0,180.0,8
D,triggered,148.0,188.0,16
D,triggered,148.0,196.0,6
D,triggered,156.0,-164.0,2
D,triggered,156.0,-156.0,1
D,triggered,156.0,-140.0,4
D,triggered,156.0,-124.0,1
D,triggered,156.0,-116.0,1
D,triggered,156.0,-100.0,1
D,triggered,156.0,-92.0,2
D,triggered,156.0,-84.0,6
D,triggered,156.0,-76.0,7
D,triggered,156.0,-68.0,5
D,triggered,156.0,-60.0,14
D,triggered,156.0,-52.0,12
D,triggered,156.0,-44.0,18
D,triggered,156.0,-36.0,14
D,triggered,156.0,-28.0,18
D,triggered,156.0,-20.0,9
D,triggered,156.0,-12.0,12
D,triggered,156.0,-4.0,9
D,triggered,156.0,4.0,3
D,triggered,156.0,12.0,9
D,triggered,156.0,20.0,16
D,triggered,156.0,28.0,9
D,triggered,156.0,36.0,15
D,triggered,156.0,44.0,7
D,triggered,156.0,52.0,2
D,triggered,156.0,68.0,1
D,triggered,156.0,100.0,1
D,triggered,156.0,172.0,1
D,triggered,164.0,-172.0,1
D,triggered,164.0,-164.0,4
D,triggered,164.0,-156.0,2
D,triggered,164.0,-148.0,4
D,triggered,164.0,-140.0,5
D,triggered,164.0,-132.0,1
D,triggered,164.0,-124.0,1
D,triggered,164.0,-108.0,1
D,triggered,164.0,-100.0,2
D,triggered,164.0,-92.0,7
D,triggered,164.0,-84.0,2
D,triggered,164.0,-76.0,1
D,triggered,164.0,-68.0,3
D,triggered,164.0,-60.0,8
D,triggered,164.0,-52.0,7
D,triggered,164.0,-44.0,4
D,triggered,164.0,-36.0,6
D,triggered,164.0,-28.0,9
D,triggered,164.0,-20.0,6
D,triggered,164.0,-12.0,7
D,triggered,164.0,-4.0,5
D,triggered,164.0,4.0,9
D,triggered,164.0,12.0,9
D,triggered,164.0,20.0,7
D,triggered,164.0,28.0,9
D,triggered,164.0,36.0,4
D,triggered,164.0,44.0,1
D,triggered,164.0,52.0,1
D,triggered,164.0,60.0,1
D,triggered,164.0,68.0,2
D,triggered,164.0,76.0,1
D,triggered,164.0,108.0,1
D,triggered,164.0,148.0,1
D,triggered,164.0,156.0,1
D,triggered,164.0,164.0,1
D,triggered,164.0,172.0,1
D,triggered,172.0,-172.0,1
D,triggered,172.0,-148.0,1
D,triggered,172.0,-132.0,1
D,triggered,172.0,-116.0,1
D,triggered,172.0,-108.0,2
D,triggered,172.0,-100.0,4
D,triggered,172.0,-92.0,2
D,triggered,172.0,-84.0,5
D,triggered,172.0,-76.0,5
D,triggered,172.0,-68.0,3
D,triggered,172.0,-52.0,4
D,triggered,172.0,-44.0,8
D,triggered,172.0,-28.0,4
D,triggered,172.0,-20.0,9
D,triggered,172.0,-12.0,9
D,triggered,172.0,-4.0,5
D,triggered,172.0,4.0,7
D,triggered,172.0,12.0,11
D,triggered,172.0,20.0,10
D,triggered,172.0,28.0,6
D,triggered,172.0,36.0,5
D,triggered,172.0,44.0,5
D,triggered,172.0,52.0,1
D,triggered,172.0,60.0,1
D,triggered,172.0,108.0,1
D,triggered,172.0,156.0,3
D,triggered,172.0,164.0,2
D,triggered,172.0,172.0,1
D,triggered,180.0,-188.0,3
D,triggered,180.0,-180.0,1
D,triggered,180.0,-172.0,2
D,triggered,180.0,-148.0,6
D,triggered,180.0,-140.0,2
D,triggered,180.0,-124.0,3
D,triggered,180.0,-116.0,6
D,triggered,180.0,-108.0,3
D,triggered,180.0,-100.0,2
D,triggered,180.0,-92.0,6
D,triggered,180.0,-84.0,12
D,triggered,180.0,-76.0,6
D,triggered,180.0,-68.0,1
D,triggered,180.0,-60.0,2
D,triggered,180.0,-52.0,2
D,triggered,180.0,-44.0,12
D,triggered,180.0,-36.0,11
D,triggered,180.0,-28.0,4
D,triggered,180.0,-20.0,6
D,triggered,180.0,-12.0,3
D,triggered,180.0,-4.0,7
D,triggered,180.0,4.0,9
D,triggered,180.0,12.0,11
D,triggered,180.0,20.0,6
D,triggered,180.0,28.0,7
D,triggered,180.0,36.0,12
D,triggered,180.0,44.0,8
D,triggered,180.0,52.0,1
D,triggered,180.0,60.0,1
D,triggered,180.0,76.0,1
D,triggered,180.0,100.0,1
D,triggered,180.0,140.0,2
D,triggered,180.0,148.0,2
D,triggered,180.0,156.0,2
D,triggered,180.0,164.0,1
D,triggered,180.0,180.0,1
D,triggered,180.0,188.0,3
D,triggered,188.0,-188.0,1
D,triggered,188.0,-164.0,1
D,triggered,188.0,-148.0,3
D,triggered,188.0,-116.0,1
D,triggered,188.0,-100.0,4
D,triggered,188.0,-92.0,13
D,triggered,188.0,-84.0,5
D,triggered,188.0,-76.0,1
D,triggered,188.0,-68.0,1
D,triggered,188.0,-52.0,1
D,triggered,188.0,-44.0,1
D,triggered,188.0,-36.0,2
D,triggered,188.0,-20.0,2
D,triggered,188.0,-12.0,1
D,triggered,188.0,-4.0,1
D,triggered,188.0,12.0,3
D,triggered,188.0,20.0,2
D,triggered,188.0,100.0,1
D,triggered,188.0,148.0,1
D,triggered,188.0,172.0,1
D,triggered,196.0,-100.0,1
D,triggered,196.0,-92.0,2
D,triggered,196.0,-84.0,1
D,triggered,196.0,188.0,2
